<?xml version="1.0" encoding="UTF-8"?>
<gpx creator="Garmin Connect" version="1.1"
  xsi:schemaLocation="http://www.topografix.com/GPX/1/1 http://www.topografix.com/GPX/11.xsd"
  xmlns:ns3="http://www.garmin.com/xmlschemas/TrackPointExtension/v1"
  xmlns="http://www.topografix.com/GPX/1/1"
  xmlns:xsi="http://www.w3.org/2001/XMLSchema-instance" xmlns:ns2="http://www.garmin.com/xmlschemas/GpxExtensions/v3">
  <metadata>
    <link href="connect.garmin.com">
      <text>Garmin Connect</text>
    </link>
    <time>2026-07-07T22:27:29.000Z</time>
  </metadata>
  <trk>
    <name>哈尔滨市 - 基础训练</name>
    <type>running</type>
    <trkseg>
      <trkpt lat="45.69919112138450145721435546875" lon="126.596861444413661956787109375">
        <ele>158.399993896484375</ele>
        <time>2026-07-07T22:33:01.000Z</time>
        <extensions>
          <ns3:TrackPointExtension>
            <ns3:hr>154</ns3:hr>
            <ns3:cad>87</ns3:cad>
          </ns3:TrackPointExtension>
        </extensions>
      </trkpt>
      <trkpt lat="45.69918910972774028778076171875" lon="126.59690201282501220703125">
        <ele>158.399993896484375</ele>
        <time>2026-07-07T22:33:02.000Z</time>
        <extensions>
          <ns3:TrackPointExtension>
            <ns3:hr>154</ns3:hr>
            <ns3:cad>87</ns3:cad>
          </ns3:TrackPointExtension>
        </extensions>
      </trkpt>
      <trkpt lat="45.69920537061989307403564453125" lon="126.59690670669078826904296875">
        <ele>158.600006103515625</ele>
        <time>2026-07-07T22:33:03.000Z</time>
        <extensions>
          <ns3:TrackPointExtension>
            <ns3:hr>154</ns3:hr>
            <ns3:cad>87</ns3:cad>
          </ns3:TrackPointExtension>
        </extensions>
      </trkpt>
      <trkpt lat="45.6992443464696407318115234375" lon="126.5969194471836090087890625">
        <ele>158.600006103515625</ele>
        <time>2026-07-07T22:33:04.000Z</time>
        <extensions>
          <ns3:TrackPointExtension>
            <ns3:hr>154</ns3:hr>
            <ns3:cad>87</ns3:cad>
          </ns3:TrackPointExtension>
        </extensions>
      </trkpt>
      <trkpt lat="45.69925901480019092559814453125" lon="126.59692103974521160125732421875">
        <ele>158.600006103515625</ele>
        <time>2026-07-07T22:33:05.000Z</time>
        <extensions>
          <ns3:TrackPointExtension>
            <ns3:hr>154</ns3:hr>
            <ns3:cad>87</ns3:cad>
          </ns3:TrackPointExtension>
        </extensions>
      </trkpt>
      <trkpt lat="45.69928474724292755126953125" lon="126.5969367139041423797607421875">
        <ele>158.8000030517578125</ele>
        <time>2026-07-07T22:33:06.000Z</time>
        <extensions>
          <ns3:TrackPointExtension>
            <ns3:hr>154</ns3:hr>
            <ns3:cad>87</ns3:cad>
          </ns3:TrackPointExtension>
        </extensions>
      </trkpt>
      <trkpt lat="45.699311234056949615478515625" lon="126.5969417430460453033447265625">
        <ele>158.8000030517578125</ele>
        <time>2026-07-07T22:33:07.000Z</time>
        <extensions>
          <ns3:TrackPointExtension>
            <ns3:hr>154</ns3:hr>
            <ns3:cad>87</ns3:cad>
          </ns3:TrackPointExtension>
        </extensions>
      </trkpt>
      <trkpt lat="45.6993375532329082489013671875" lon="126.59694618545472621917724609375">
        <ele>158.8000030517578125</ele>
        <time>2026-07-07T22:33:08.000Z</time>
        <extensions>
          <ns3:TrackPointExtension>
            <ns3:hr>154</ns3:hr>
            <ns3:cad>87</ns3:cad>
          </ns3:TrackPointExtension>
        </extensions>
      </trkpt>
      <trkpt lat="45.6993596814572811126708984375" lon="126.5969518013298511505126953125">
        <ele>159</ele>
        <time>2026-07-07T22:33:09.000Z</time>
        <extensions>
          <ns3:TrackPointExtension>
            <ns3:hr>154</ns3:hr>
            <ns3:cad>87</ns3:cad>
          </ns3:TrackPointExtension>
        </extensions>
      </trkpt>
      <trkpt lat="45.69938340224325656890869140625" lon="126.59695758484303951263427734375">
        <ele>159</ele>
        <time>2026-07-07T22:33:10.000Z</time>
        <extensions>
          <ns3:TrackPointExtension>
            <ns3:hr>154</ns3:hr>
            <ns3:cad>88</ns3:cad>
          </ns3:TrackPointExtension>
        </extensions>
      </trkpt>
      <trkpt lat="45.6994072906672954559326171875" lon="126.59696705639362335205078125">
        <ele>159</ele>
        <time>2026-07-07T22:33:11.000Z</time>
        <extensions>
          <ns3:TrackPointExtension>
            <ns3:hr>154</ns3:hr>
            <ns3:cad>88</ns3:cad>
          </ns3:TrackPointExtension>
        </extensions>
      </trkpt>
      <trkpt lat="45.699431262910366058349609375" lon="126.59696278162300586700439453125">
        <ele>158.8000030517578125</ele>
        <time>2026-07-07T22:33:12.000Z</time>
        <extensions>
          <ns3:TrackPointExtension>
            <ns3:hr>154</ns3:hr>
            <ns3:cad>88</ns3:cad>
          </ns3:TrackPointExtension>
        </extensions>
      </trkpt>
      <trkpt lat="45.6994595937430858612060546875" lon="126.59696931950747966766357421875">
        <ele>159</ele>
        <time>2026-07-07T22:33:13.000Z</time>
        <extensions>
          <ns3:TrackPointExtension>
            <ns3:hr>154</ns3:hr>
            <ns3:cad>88</ns3:cad>
          </ns3:TrackPointExtension>
        </extensions>
      </trkpt>
      <trkpt lat="45.69948599673807621002197265625" lon="126.59696999005973339080810546875">
        <ele>159</ele>
        <time>2026-07-07T22:33:14.000Z</time>
        <extensions>
          <ns3:TrackPointExtension>
            <ns3:hr>153</ns3:hr>
            <ns3:cad>88</ns3:cad>
          </ns3:TrackPointExtension>
        </extensions>
      </trkpt>
      <trkpt lat="45.699515081942081451416015625" lon="126.59698356874287128448486328125">
        <ele>159</ele>
        <time>2026-07-07T22:33:15.000Z</time>
        <extensions>
          <ns3:TrackPointExtension>
            <ns3:hr>154</ns3:hr>
            <ns3:cad>88</ns3:cad>
          </ns3:TrackPointExtension>
        </extensions>
      </trkpt>
      <trkpt lat="45.69953612051904201507568359375" lon="126.59698490984737873077392578125">
        <ele>159</ele>
        <time>2026-07-07T22:33:16.000Z</time>
        <extensions>
          <ns3:TrackPointExtension>
            <ns3:hr>154</ns3:hr>
            <ns3:cad>88</ns3:cad>
          </ns3:TrackPointExtension>
        </extensions>
      </trkpt>
      <trkpt lat="45.69956093095242977142333984375" lon="126.59699396230280399322509765625">
        <ele>159</ele>
        <time>2026-07-07T22:33:17.000Z</time>
        <extensions>
          <ns3:TrackPointExtension>
            <ns3:hr>155</ns3:hr>
            <ns3:cad>88</ns3:cad>
          </ns3:TrackPointExtension>
        </extensions>
      </trkpt>
      <trkpt lat="45.69957987405359745025634765625" lon="126.59699915908277034759521484375">
        <ele>159</ele>
        <time>2026-07-07T22:33:18.000Z</time>
        <extensions>
          <ns3:TrackPointExtension>
            <ns3:hr>155</ns3:hr>
            <ns3:cad>87</ns3:cad>
          </ns3:TrackPointExtension>
        </extensions>
      </trkpt>
      <trkpt lat="45.69960753433406352996826171875" lon="126.59701089374721050262451171875">
        <ele>159</ele>
        <time>2026-07-07T22:33:19.000Z</time>
        <extensions>
          <ns3:TrackPointExtension>
            <ns3:hr>155</ns3:hr>
            <ns3:cad>87</ns3:cad>
          </ns3:TrackPointExtension>
        </extensions>
      </trkpt>
      <trkpt lat="45.69962714798748493194580078125" lon="126.59701810218393802642822265625">
        <ele>159</ele>
        <time>2026-07-07T22:33:20.000Z</time>
        <extensions>
          <ns3:TrackPointExtension>
            <ns3:hr>155</ns3:hr>
            <ns3:cad>87</ns3:cad>
          </ns3:TrackPointExtension>
        </extensions>
      </trkpt>
      <trkpt lat="45.69964106194674968719482421875" lon="126.5970295853912830352783203125">
        <ele>159.1999969482421875</ele>
        <time>2026-07-07T22:33:21.000Z</time>
        <extensions>
          <ns3:TrackPointExtension>
            <ns3:hr>154</ns3:hr>
            <ns3:cad>88</ns3:cad>
          </ns3:TrackPointExtension>
        </extensions>
      </trkpt>
      <trkpt lat="45.6996356137096881866455078125" lon="126.597036458551883697509765625">
        <ele>159.399993896484375</ele>
        <time>2026-07-07T22:33:22.000Z</time>
        <extensions>
          <ns3:TrackPointExtension>
            <ns3:hr>155</ns3:hr>
            <ns3:cad>88</ns3:cad>
          </ns3:TrackPointExtension>
        </extensions>
      </trkpt>
      <trkpt lat="45.69962446577847003936767578125" lon="126.597050540149211883544921875">
        <ele>159.399993896484375</ele>
        <time>2026-07-07T22:33:23.000Z</time>
        <extensions>
          <ns3:TrackPointExtension>
            <ns3:hr>155</ns3:hr>
            <ns3:cad>88</ns3:cad>
          </ns3:TrackPointExtension>
        </extensions>
      </trkpt>
      <trkpt lat="45.6996067799627780914306640625" lon="126.59706839360296726226806640625">
        <ele>159.600006103515625</ele>
        <time>2026-07-07T22:33:24.000Z</time>
        <extensions>
          <ns3:TrackPointExtension>
            <ns3:hr>155</ns3:hr>
            <ns3:cad>88</ns3:cad>
          </ns3:TrackPointExtension>
        </extensions>
      </trkpt>
      <trkpt lat="45.69960267283022403717041015625" lon="126.59709102474153041839599609375">
        <ele>159.600006103515625</ele>
        <time>2026-07-07T22:33:25.000Z</time>
        <extensions>
          <ns3:TrackPointExtension>
            <ns3:hr>155</ns3:hr>
            <ns3:cad>87</ns3:cad>
          </ns3:TrackPointExtension>
        </extensions>
      </trkpt>
      <trkpt lat="45.69959429092705249786376953125" lon="126.59711617045104503631591796875">
        <ele>159.399993896484375</ele>
        <time>2026-07-07T22:33:26.000Z</time>
        <extensions>
          <ns3:TrackPointExtension>
            <ns3:hr>155</ns3:hr>
            <ns3:cad>87</ns3:cad>
          </ns3:TrackPointExtension>
        </extensions>
      </trkpt>
      <trkpt lat="45.69958456791937351226806640625" lon="126.59714349545538425445556640625">
        <ele>159.399993896484375</ele>
        <time>2026-07-07T22:33:27.000Z</time>
        <extensions>
          <ns3:TrackPointExtension>
            <ns3:hr>155</ns3:hr>
            <ns3:cad>87</ns3:cad>
          </ns3:TrackPointExtension>
        </extensions>
      </trkpt>
      <trkpt lat="45.6995831429958343505859375" lon="126.59715590067207813262939453125">
        <ele>159.399993896484375</ele>
        <time>2026-07-07T22:33:28.000Z</time>
        <extensions>
          <ns3:TrackPointExtension>
            <ns3:hr>155</ns3:hr>
            <ns3:cad>87</ns3:cad>
          </ns3:TrackPointExtension>
        </extensions>
      </trkpt>
      <trkpt lat="45.69957920350134372711181640625" lon="126.59718490205705165863037109375">
        <ele>159.399993896484375</ele>
        <time>2026-07-07T22:33:29.000Z</time>
        <extensions>
          <ns3:TrackPointExtension>
            <ns3:hr>155</ns3:hr>
            <ns3:cad>87</ns3:cad>
          </ns3:TrackPointExtension>
        </extensions>
      </trkpt>
      <trkpt lat="45.6995836459100246429443359375" lon="126.59719160757958889007568359375">
        <ele>159.600006103515625</ele>
        <time>2026-07-07T22:33:30.000Z</time>
        <extensions>
          <ns3:TrackPointExtension>
            <ns3:hr>155</ns3:hr>
            <ns3:cad>87</ns3:cad>
          </ns3:TrackPointExtension>
        </extensions>
      </trkpt>
      <trkpt lat="45.699588172137737274169921875" lon="126.5972089581191539764404296875">
        <ele>159.8000030517578125</ele>
        <time>2026-07-07T22:33:31.000Z</time>
        <extensions>
          <ns3:TrackPointExtension>
            <ns3:hr>155</ns3:hr>
            <ns3:cad>42</ns3:cad>
          </ns3:TrackPointExtension>
        </extensions>
      </trkpt>
      <trkpt lat="45.6995920278131961822509765625" lon="126.59722547046840190887451171875">
        <ele>159.8000030517578125</ele>
        <time>2026-07-07T22:33:32.000Z</time>
        <extensions>
          <ns3:TrackPointExtension>
            <ns3:hr>154</ns3:hr>
            <ns3:cad>41</ns3:cad>
          </ns3:TrackPointExtension>
        </extensions>
      </trkpt>
      <trkpt lat="45.6995950452983379364013671875" lon="126.5972401387989521026611328125">
        <ele>160</ele>
        <time>2026-07-07T22:33:33.000Z</time>
        <extensions>
          <ns3:TrackPointExtension>
            <ns3:hr>154</ns3:hr>
            <ns3:cad>41</ns3:cad>
          </ns3:TrackPointExtension>
        </extensions>
      </trkpt>
      <trkpt lat="45.6995933689177036285400390625" lon="126.5972481854259967803955078125">
        <ele>160</ele>
        <time>2026-07-07T22:33:34.000Z</time>
        <extensions>
          <ns3:TrackPointExtension>
            <ns3:hr>154</ns3:hr>
            <ns3:cad>41</ns3:cad>
          </ns3:TrackPointExtension>
        </extensions>
      </trkpt>
      <trkpt lat="45.699590854346752166748046875" lon="126.59725531004369258880615234375">
        <ele>160</ele>
        <time>2026-07-07T22:33:35.000Z</time>
        <extensions>
          <ns3:TrackPointExtension>
            <ns3:hr>154</ns3:hr>
            <ns3:cad>0</ns3:cad>
          </ns3:TrackPointExtension>
        </extensions>
      </trkpt>
      <trkpt lat="45.69958725012838840484619140625" lon="126.59726536832749843597412109375">
        <ele>160.1999969482421875</ele>
        <time>2026-07-07T22:33:36.000Z</time>
        <extensions>
          <ns3:TrackPointExtension>
            <ns3:hr>154</ns3:hr>
            <ns3:cad>0</ns3:cad>
          </ns3:TrackPointExtension>
        </extensions>
      </trkpt>
      <trkpt lat="45.6995846517384052276611328125" lon="126.597272492945194244384765625">
        <ele>160.1999969482421875</ele>
        <time>2026-07-07T22:33:37.000Z</time>
        <extensions>
          <ns3:TrackPointExtension>
            <ns3:hr>153</ns3:hr>
            <ns3:cad>0</ns3:cad>
          </ns3:TrackPointExtension>
        </extensions>
      </trkpt>
      <trkpt lat="45.69958372972905635833740234375" lon="126.5972693078219890594482421875">
        <ele>160.1999969482421875</ele>
        <time>2026-07-07T22:33:38.000Z</time>
        <extensions>
          <ns3:TrackPointExtension>
            <ns3:hr>154</ns3:hr>
            <ns3:cad>0</ns3:cad>
          </ns3:TrackPointExtension>
        </extensions>
      </trkpt>
      <trkpt lat="45.69958087988197803497314453125" lon="126.59726679325103759765625">
        <ele>160.1999969482421875</ele>
        <time>2026-07-07T22:33:39.000Z</time>
        <extensions>
          <ns3:TrackPointExtension>
            <ns3:hr>153</ns3:hr>
            <ns3:cad>0</ns3:cad>
          </ns3:TrackPointExtension>
        </extensions>
      </trkpt>
      <trkpt lat="45.69957853294909000396728515625" lon="126.59725933335721492767333984375">
        <ele>160</ele>
        <time>2026-07-07T22:33:40.000Z</time>
        <extensions>
          <ns3:TrackPointExtension>
            <ns3:hr>153</ns3:hr>
            <ns3:cad>0</ns3:cad>
          </ns3:TrackPointExtension>
        </extensions>
      </trkpt>
      <trkpt lat="45.6995678879320621490478515625" lon="126.59724558703601360321044921875">
        <ele>159.8000030517578125</ele>
        <time>2026-07-07T22:33:41.000Z</time>
        <extensions>
          <ns3:TrackPointExtension>
            <ns3:hr>152</ns3:hr>
            <ns3:cad>0</ns3:cad>
          </ns3:TrackPointExtension>
        </extensions>
      </trkpt>
      <trkpt lat="45.69955992512404918670654296875" lon="126.59722664393484592437744140625">
        <ele>159.8000030517578125</ele>
        <time>2026-07-07T22:33:42.000Z</time>
        <extensions>
          <ns3:TrackPointExtension>
            <ns3:hr>152</ns3:hr>
            <ns3:cad>0</ns3:cad>
          </ns3:TrackPointExtension>
        </extensions>
      </trkpt>
      <trkpt lat="45.699572749435901641845703125" lon="126.5971975587308406829833984375">
        <ele>159.8000030517578125</ele>
        <time>2026-07-07T22:33:43.000Z</time>
        <extensions>
          <ns3:TrackPointExtension>
            <ns3:hr>151</ns3:hr>
            <ns3:cad>0</ns3:cad>
          </ns3:TrackPointExtension>
        </extensions>
      </trkpt>
      <trkpt lat="45.69957350380718708038330078125" lon="126.59717953763902187347412109375">
        <ele>159.8000030517578125</ele>
        <time>2026-07-07T22:33:44.000Z</time>
        <extensions>
          <ns3:TrackPointExtension>
            <ns3:hr>151</ns3:hr>
            <ns3:cad>0</ns3:cad>
          </ns3:TrackPointExtension>
        </extensions>
      </trkpt>
      <trkpt lat="45.69957870058715343475341796875" lon="126.5971486084163188934326171875">
        <ele>159.8000030517578125</ele>
        <time>2026-07-07T22:33:45.000Z</time>
        <extensions>
          <ns3:TrackPointExtension>
            <ns3:hr>150</ns3:hr>
            <ns3:cad>0</ns3:cad>
          </ns3:TrackPointExtension>
        </extensions>
      </trkpt>
      <trkpt lat="45.69958540610969066619873046875" lon="126.59711365588009357452392578125">
        <ele>159.8000030517578125</ele>
        <time>2026-07-07T22:33:46.000Z</time>
        <extensions>
          <ns3:TrackPointExtension>
            <ns3:hr>149</ns3:hr>
            <ns3:cad>0</ns3:cad>
          </ns3:TrackPointExtension>
        </extensions>
      </trkpt>
      <trkpt lat="45.69958875887095928192138671875" lon="126.59708968363702297210693359375">
        <ele>159.600006103515625</ele>
        <time>2026-07-07T22:33:47.000Z</time>
        <extensions>
          <ns3:TrackPointExtension>
            <ns3:hr>149</ns3:hr>
            <ns3:cad>0</ns3:cad>
          </ns3:TrackPointExtension>
        </extensions>
      </trkpt>
      <trkpt lat="45.6996030919253826141357421875" lon="126.59705464728176593780517578125">
        <ele>159.399993896484375</ele>
        <time>2026-07-07T22:33:48.000Z</time>
        <extensions>
          <ns3:TrackPointExtension>
            <ns3:hr>149</ns3:hr>
            <ns3:cad>79</ns3:cad>
          </ns3:TrackPointExtension>
        </extensions>
      </trkpt>
      <trkpt lat="45.69961843080818653106689453125" lon="126.5970428287982940673828125">
        <ele>159.1999969482421875</ele>
        <time>2026-07-07T22:33:49.000Z</time>
        <extensions>
          <ns3:TrackPointExtension>
            <ns3:hr>149</ns3:hr>
            <ns3:cad>79</ns3:cad>
          </ns3:TrackPointExtension>
        </extensions>
      </trkpt>
      <trkpt lat="45.69963603280484676361083984375" lon="126.59702514298260211944580078125">
        <ele>159.1999969482421875</ele>
        <time>2026-07-07T22:33:50.000Z</time>
        <extensions>
          <ns3:TrackPointExtension>
            <ns3:hr>148</ns3:hr>
            <ns3:cad>79</ns3:cad>
          </ns3:TrackPointExtension>
        </extensions>
      </trkpt>
      <trkpt lat="45.69965413771569728851318359375" lon="126.59701692871749401092529296875">
        <ele>159.1999969482421875</ele>
        <time>2026-07-07T22:33:51.000Z</time>
        <extensions>
          <ns3:TrackPointExtension>
            <ns3:hr>148</ns3:hr>
            <ns3:cad>79</ns3:cad>
          </ns3:TrackPointExtension>
        </extensions>
      </trkpt>
      <trkpt lat="45.6996734999120235443115234375" lon="126.5970098040997982025146484375">
        <ele>159.1999969482421875</ele>
        <time>2026-07-07T22:33:52.000Z</time>
        <extensions>
          <ns3:TrackPointExtension>
            <ns3:hr>148</ns3:hr>
            <ns3:cad>79</ns3:cad>
          </ns3:TrackPointExtension>
        </extensions>
      </trkpt>
      <trkpt lat="45.69970493204891681671142578125" lon="126.59704257734119892120361328125">
        <ele>159.1999969482421875</ele>
        <time>2026-07-07T22:33:53.000Z</time>
        <extensions>
          <ns3:TrackPointExtension>
            <ns3:hr>148</ns3:hr>
            <ns3:cad>83</ns3:cad>
          </ns3:TrackPointExtension>
        </extensions>
      </trkpt>
      <trkpt lat="45.69971985183656215667724609375" lon="126.59705079160630702972412109375">
        <ele>159.1999969482421875</ele>
        <time>2026-07-07T22:33:54.000Z</time>
        <extensions>
          <ns3:TrackPointExtension>
            <ns3:hr>148</ns3:hr>
            <ns3:cad>84</ns3:cad>
          </ns3:TrackPointExtension>
        </extensions>
      </trkpt>
      <trkpt lat="45.69974399171769618988037109375" lon="126.59707057289779186248779296875">
        <ele>159.1999969482421875</ele>
        <time>2026-07-07T22:33:55.000Z</time>
        <extensions>
          <ns3:TrackPointExtension>
            <ns3:hr>147</ns3:hr>
            <ns3:cad>84</ns3:cad>
          </ns3:TrackPointExtension>
        </extensions>
      </trkpt>
      <trkpt lat="45.69976083934307098388671875" lon="126.59708314575254917144775390625">
        <ele>159.1999969482421875</ele>
        <time>2026-07-07T22:33:56.000Z</time>
        <extensions>
          <ns3:TrackPointExtension>
            <ns3:hr>147</ns3:hr>
            <ns3:cad>84</ns3:cad>
          </ns3:TrackPointExtension>
        </extensions>
      </trkpt>
      <trkpt lat="45.69977651350200176239013671875" lon="126.59708775579929351806640625">
        <ele>159.1999969482421875</ele>
        <time>2026-07-07T22:33:57.000Z</time>
        <extensions>
          <ns3:TrackPointExtension>
            <ns3:hr>147</ns3:hr>
            <ns3:cad>84</ns3:cad>
          </ns3:TrackPointExtension>
        </extensions>
      </trkpt>
      <trkpt lat="45.699789337813854217529296875" lon="126.59709236584603786468505859375">
        <ele>159.1999969482421875</ele>
        <time>2026-07-07T22:33:58.000Z</time>
        <extensions>
          <ns3:TrackPointExtension>
            <ns3:hr>147</ns3:hr>
            <ns3:cad>84</ns3:cad>
          </ns3:TrackPointExtension>
        </extensions>
      </trkpt>
      <trkpt lat="45.69978556595742702484130859375" lon="126.59709437750279903411865234375">
        <ele>159.1999969482421875</ele>
        <time>2026-07-07T22:33:59.000Z</time>
        <extensions>
          <ns3:TrackPointExtension>
            <ns3:hr>148</ns3:hr>
            <ns3:cad>84</ns3:cad>
          </ns3:TrackPointExtension>
        </extensions>
      </trkpt>
      <trkpt lat="45.69978271611034870147705078125" lon="126.59709890373051166534423828125">
        <ele>159.1999969482421875</ele>
        <time>2026-07-07T22:34:00.000Z</time>
        <extensions>
          <ns3:TrackPointExtension>
            <ns3:hr>147</ns3:hr>
            <ns3:cad>84</ns3:cad>
          </ns3:TrackPointExtension>
        </extensions>
      </trkpt>
      <trkpt lat="45.69978095591068267822265625" lon="126.59710108302533626556396484375">
        <ele>159.1999969482421875</ele>
        <time>2026-07-07T22:34:01.000Z</time>
        <extensions>
          <ns3:TrackPointExtension>
            <ns3:hr>147</ns3:hr>
            <ns3:cad>0</ns3:cad>
          </ns3:TrackPointExtension>
        </extensions>
      </trkpt>
      <trkpt lat="45.69977986626327037811279296875" lon="126.59710074774920940399169921875">
        <ele>159.1999969482421875</ele>
        <time>2026-07-07T22:34:02.000Z</time>
        <extensions>
          <ns3:TrackPointExtension>
            <ns3:hr>148</ns3:hr>
            <ns3:cad>0</ns3:cad>
          </ns3:TrackPointExtension>
        </extensions>
      </trkpt>
      <trkpt lat="45.699781961739063262939453125" lon="126.59710074774920940399169921875">
        <ele>159.1999969482421875</ele>
        <time>2026-07-07T22:34:03.000Z</time>
        <extensions>
          <ns3:TrackPointExtension>
            <ns3:hr>147</ns3:hr>
            <ns3:cad>0</ns3:cad>
          </ns3:TrackPointExtension>
        </extensions>
      </trkpt>
      <trkpt lat="45.6997935287654399871826171875" lon="126.59711080603301525115966796875">
        <ele>159.1999969482421875</ele>
        <time>2026-07-07T22:34:04.000Z</time>
        <extensions>
          <ns3:TrackPointExtension>
            <ns3:hr>147</ns3:hr>
            <ns3:cad>0</ns3:cad>
          </ns3:TrackPointExtension>
        </extensions>
      </trkpt>
      <trkpt lat="45.69980316795408725738525390625" lon="126.59711533226072788238525390625">
        <ele>159.399993896484375</ele>
        <time>2026-07-07T22:34:05.000Z</time>
        <extensions>
          <ns3:TrackPointExtension>
            <ns3:hr>146</ns3:hr>
            <ns3:cad>0</ns3:cad>
          </ns3:TrackPointExtension>
        </extensions>
      </trkpt>
      <trkpt lat="45.69980886764824390411376953125" lon="126.59711658954620361328125">
        <ele>159.399993896484375</ele>
        <time>2026-07-07T22:34:06.000Z</time>
        <extensions>
          <ns3:TrackPointExtension>
            <ns3:hr>145</ns3:hr>
            <ns3:cad>0</ns3:cad>
          </ns3:TrackPointExtension>
        </extensions>
      </trkpt>
      <trkpt lat="45.69981624372303485870361328125" lon="126.5971167571842670440673828125">
        <ele>159.399993896484375</ele>
        <time>2026-07-07T22:34:07.000Z</time>
        <extensions>
          <ns3:TrackPointExtension>
            <ns3:hr>145</ns3:hr>
            <ns3:cad>0</ns3:cad>
          </ns3:TrackPointExtension>
        </extensions>
      </trkpt>
      <trkpt lat="45.6998176686465740203857421875" lon="126.59711658954620361328125">
        <ele>159.600006103515625</ele>
        <time>2026-07-07T22:34:08.000Z</time>
        <extensions>
          <ns3:TrackPointExtension>
            <ns3:hr>144</ns3:hr>
            <ns3:cad>0</ns3:cad>
          </ns3:TrackPointExtension>
        </extensions>
      </trkpt>
      <trkpt lat="45.69983267225325107574462890625" lon="126.5971117280423641204833984375">
        <ele>159.600006103515625</ele>
        <time>2026-07-07T22:34:09.000Z</time>
        <extensions>
          <ns3:TrackPointExtension>
            <ns3:hr>144</ns3:hr>
            <ns3:cad>75</ns3:cad>
          </ns3:TrackPointExtension>
        </extensions>
      </trkpt>
      <trkpt lat="45.699840970337390899658203125" lon="126.59710695035755634307861328125">
        <ele>159.600006103515625</ele>
        <time>2026-07-07T22:34:10.000Z</time>
        <extensions>
          <ns3:TrackPointExtension>
            <ns3:hr>143</ns3:hr>
            <ns3:cad>75</ns3:cad>
          </ns3:TrackPointExtension>
        </extensions>
      </trkpt>
      <trkpt lat="45.69985882379114627838134765625" lon="126.5971046872437000274658203125">
        <ele>159.600006103515625</ele>
        <time>2026-07-07T22:34:11.000Z</time>
        <extensions>
          <ns3:TrackPointExtension>
            <ns3:hr>143</ns3:hr>
            <ns3:cad>75</ns3:cad>
          </ns3:TrackPointExtension>
        </extensions>
      </trkpt>
      <trkpt lat="45.6998760066926479339599609375" lon="126.59710259176790714263916015625">
        <ele>159.600006103515625</ele>
        <time>2026-07-07T22:34:12.000Z</time>
        <extensions>
          <ns3:TrackPointExtension>
            <ns3:hr>142</ns3:hr>
            <ns3:cad>79</ns3:cad>
          </ns3:TrackPointExtension>
        </extensions>
      </trkpt>
      <trkpt lat="45.69989654235541820526123046875" lon="126.59709773026406764984130859375">
        <ele>159.399993896484375</ele>
        <time>2026-07-07T22:34:13.000Z</time>
        <extensions>
          <ns3:TrackPointExtension>
            <ns3:hr>142</ns3:hr>
            <ns3:cad>80</ns3:cad>
          </ns3:TrackPointExtension>
        </extensions>
      </trkpt>
      <trkpt lat="45.69990961812436580657958984375" lon="126.59709848463535308837890625">
        <ele>159.399993896484375</ele>
        <time>2026-07-07T22:34:14.000Z</time>
        <extensions>
          <ns3:TrackPointExtension>
            <ns3:hr>142</ns3:hr>
            <ns3:cad>80</ns3:cad>
          </ns3:TrackPointExtension>
        </extensions>
      </trkpt>
      <trkpt lat="45.6999319978058338165283203125" lon="126.5970956347882747650146484375">
        <ele>159.1999969482421875</ele>
        <time>2026-07-07T22:34:15.000Z</time>
        <extensions>
          <ns3:TrackPointExtension>
            <ns3:hr>141</ns3:hr>
            <ns3:cad>83</ns3:cad>
          </ns3:TrackPointExtension>
        </extensions>
      </trkpt>
      <trkpt lat="45.6999514438211917877197265625" lon="126.59709714353084564208984375">
        <ele>159.1999969482421875</ele>
        <time>2026-07-07T22:34:16.000Z</time>
        <extensions>
          <ns3:TrackPointExtension>
            <ns3:hr>141</ns3:hr>
            <ns3:cad>83</ns3:cad>
          </ns3:TrackPointExtension>
        </extensions>
      </trkpt>
      <trkpt lat="45.6999698840081691741943359375" lon="126.5970979817211627960205078125">
        <ele>159.399993896484375</ele>
        <time>2026-07-07T22:34:17.000Z</time>
        <extensions>
          <ns3:TrackPointExtension>
            <ns3:hr>140</ns3:hr>
            <ns3:cad>84</ns3:cad>
          </ns3:TrackPointExtension>
        </extensions>
      </trkpt>
      <trkpt lat="45.69998974911868572235107421875" lon="126.59709303639829158782958984375">
        <ele>159.399993896484375</ele>
        <time>2026-07-07T22:34:18.000Z</time>
        <extensions>
          <ns3:TrackPointExtension>
            <ns3:hr>139</ns3:hr>
            <ns3:cad>86</ns3:cad>
          </ns3:TrackPointExtension>
        </extensions>
      </trkpt>
      <trkpt lat="45.70000316016376018524169921875" lon="126.597088761627674102783203125">
        <ele>159.399993896484375</ele>
        <time>2026-07-07T22:34:19.000Z</time>
        <extensions>
          <ns3:TrackPointExtension>
            <ns3:hr>138</ns3:hr>
            <ns3:cad>86</ns3:cad>
          </ns3:TrackPointExtension>
        </extensions>
      </trkpt>
      <trkpt lat="45.70002394728362560272216796875" lon="126.59709001891314983367919921875">
        <ele>159.399993896484375</ele>
        <time>2026-07-07T22:34:20.000Z</time>
        <extensions>
          <ns3:TrackPointExtension>
            <ns3:hr>138</ns3:hr>
            <ns3:cad>87</ns3:cad>
          </ns3:TrackPointExtension>
        </extensions>
      </trkpt>
      <trkpt lat="45.70004238747060298919677734375" lon="126.59708901308476924896240234375">
        <ele>159.399993896484375</ele>
        <time>2026-07-07T22:34:21.000Z</time>
        <extensions>
          <ns3:TrackPointExtension>
            <ns3:hr>138</ns3:hr>
            <ns3:cad>87</ns3:cad>
          </ns3:TrackPointExtension>
        </extensions>
      </trkpt>
      <trkpt lat="45.7000594027340412139892578125" lon="126.5970818884670734405517578125">
        <ele>159.399993896484375</ele>
        <time>2026-07-07T22:34:22.000Z</time>
        <extensions>
          <ns3:TrackPointExtension>
            <ns3:hr>139</ns3:hr>
            <ns3:cad>87</ns3:cad>
          </ns3:TrackPointExtension>
        </extensions>
      </trkpt>
      <trkpt lat="45.700083039700984954833984375" lon="126.5970798768103122711181640625">
        <ele>159.399993896484375</ele>
        <time>2026-07-07T22:34:23.000Z</time>
        <extensions>
          <ns3:TrackPointExtension>
            <ns3:hr>139</ns3:hr>
            <ns3:cad>87</ns3:cad>
          </ns3:TrackPointExtension>
        </extensions>
      </trkpt>
      <trkpt lat="45.70010407827794551849365234375" lon="126.59708113409578800201416015625">
        <ele>159.399993896484375</ele>
        <time>2026-07-07T22:34:24.000Z</time>
        <extensions>
          <ns3:TrackPointExtension>
            <ns3:hr>139</ns3:hr>
            <ns3:cad>87</ns3:cad>
          </ns3:TrackPointExtension>
        </extensions>
      </trkpt>
      <trkpt lat="45.70012520067393779754638671875" lon="126.5970782004296779632568359375">
        <ele>159.399993896484375</ele>
        <time>2026-07-07T22:34:25.000Z</time>
        <extensions>
          <ns3:TrackPointExtension>
            <ns3:hr>139</ns3:hr>
            <ns3:cad>86</ns3:cad>
          </ns3:TrackPointExtension>
        </extensions>
      </trkpt>
      <trkpt lat="45.700146742165088653564453125" lon="126.597082056105136871337890625">
        <ele>159.399993896484375</ele>
        <time>2026-07-07T22:34:26.000Z</time>
        <extensions>
          <ns3:TrackPointExtension>
            <ns3:hr>138</ns3:hr>
            <ns3:cad>86</ns3:cad>
          </ns3:TrackPointExtension>
        </extensions>
      </trkpt>
      <trkpt lat="45.70016761310398578643798828125" lon="126.597084067761898040771484375">
        <ele>159.399993896484375</ele>
        <time>2026-07-07T22:34:27.000Z</time>
        <extensions>
          <ns3:TrackPointExtension>
            <ns3:hr>137</ns3:hr>
            <ns3:cad>86</ns3:cad>
          </ns3:TrackPointExtension>
        </extensions>
      </trkpt>
      <trkpt lat="45.70018387399613857269287109375" lon="126.59709136001765727996826171875">
        <ele>159.399993896484375</ele>
        <time>2026-07-07T22:34:28.000Z</time>
        <extensions>
          <ns3:TrackPointExtension>
            <ns3:hr>137</ns3:hr>
            <ns3:cad>86</ns3:cad>
          </ns3:TrackPointExtension>
        </extensions>
      </trkpt>
      <trkpt lat="45.70020281709730625152587890625" lon="126.59709454514086246490478515625">
        <ele>159.399993896484375</ele>
        <time>2026-07-07T22:34:29.000Z</time>
        <extensions>
          <ns3:TrackPointExtension>
            <ns3:hr>137</ns3:hr>
            <ns3:cad>86</ns3:cad>
          </ns3:TrackPointExtension>
        </extensions>
      </trkpt>
      <trkpt lat="45.70022243075072765350341796875" lon="126.59709504805505275726318359375">
        <ele>159.399993896484375</ele>
        <time>2026-07-07T22:34:30.000Z</time>
        <extensions>
          <ns3:TrackPointExtension>
            <ns3:hr>136</ns3:hr>
            <ns3:cad>86</ns3:cad>
          </ns3:TrackPointExtension>
        </extensions>
      </trkpt>
      <trkpt lat="45.700243972241878509521484375" lon="126.597091443836688995361328125">
        <ele>159.399993896484375</ele>
        <time>2026-07-07T22:34:31.000Z</time>
        <extensions>
          <ns3:TrackPointExtension>
            <ns3:hr>136</ns3:hr>
            <ns3:cad>86</ns3:cad>
          </ns3:TrackPointExtension>
        </extensions>
      </trkpt>
      <trkpt lat="45.70026970468461513519287109375" lon="126.597094126045703887939453125">
        <ele>159.399993896484375</ele>
        <time>2026-07-07T22:34:32.000Z</time>
        <extensions>
          <ns3:TrackPointExtension>
            <ns3:hr>136</ns3:hr>
            <ns3:cad>86</ns3:cad>
          </ns3:TrackPointExtension>
        </extensions>
      </trkpt>
      <trkpt lat="45.70029082708060741424560546875" lon="126.59709420986473560333251953125">
        <ele>159.399993896484375</ele>
        <time>2026-07-07T22:34:33.000Z</time>
        <extensions>
          <ns3:TrackPointExtension>
            <ns3:hr>136</ns3:hr>
            <ns3:cad>86</ns3:cad>
          </ns3:TrackPointExtension>
        </extensions>
      </trkpt>
      <trkpt lat="45.7003155536949634552001953125" lon="126.59708775579929351806640625">
        <ele>159.399993896484375</ele>
        <time>2026-07-07T22:34:34.000Z</time>
        <extensions>
          <ns3:TrackPointExtension>
            <ns3:hr>137</ns3:hr>
            <ns3:cad>86</ns3:cad>
          </ns3:TrackPointExtension>
        </extensions>
      </trkpt>
      <trkpt lat="45.70033843629062175750732421875" lon="126.597085408866405487060546875">
        <ele>159.399993896484375</ele>
        <time>2026-07-07T22:34:35.000Z</time>
        <extensions>
          <ns3:TrackPointExtension>
            <ns3:hr>137</ns3:hr>
            <ns3:cad>86</ns3:cad>
          </ns3:TrackPointExtension>
        </extensions>
      </trkpt>
      <trkpt lat="45.7003621570765972137451171875" lon="126.5970842353999614715576171875">
        <ele>159.399993896484375</ele>
        <time>2026-07-07T22:34:36.000Z</time>
        <extensions>
          <ns3:TrackPointExtension>
            <ns3:hr>137</ns3:hr>
            <ns3:cad>86</ns3:cad>
          </ns3:TrackPointExtension>
        </extensions>
      </trkpt>
      <trkpt lat="45.700388811528682708740234375" lon="126.5970946289598941802978515625">
        <ele>159.399993896484375</ele>
        <time>2026-07-07T22:34:37.000Z</time>
        <extensions>
          <ns3:TrackPointExtension>
            <ns3:hr>138</ns3:hr>
            <ns3:cad>86</ns3:cad>
          </ns3:TrackPointExtension>
        </extensions>
      </trkpt>
      <trkpt lat="45.70042208768427371978759765625" lon="126.59709370695054531097412109375">
        <ele>159.399993896484375</ele>
        <time>2026-07-07T22:34:38.000Z</time>
        <extensions>
          <ns3:TrackPointExtension>
            <ns3:hr>138</ns3:hr>
            <ns3:cad>86</ns3:cad>
          </ns3:TrackPointExtension>
        </extensions>
      </trkpt>
      <trkpt lat="45.7004533521831035614013671875" lon="126.5970937907695770263671875">
        <ele>159.399993896484375</ele>
        <time>2026-07-07T22:34:39.000Z</time>
        <extensions>
          <ns3:TrackPointExtension>
            <ns3:hr>139</ns3:hr>
            <ns3:cad>86</ns3:cad>
          </ns3:TrackPointExtension>
        </extensions>
      </trkpt>
      <trkpt lat="45.70047564804553985595703125" lon="126.5970872528851032257080078125">
        <ele>159.399993896484375</ele>
        <time>2026-07-07T22:34:40.000Z</time>
        <extensions>
          <ns3:TrackPointExtension>
            <ns3:hr>139</ns3:hr>
            <ns3:cad>86</ns3:cad>
          </ns3:TrackPointExtension>
        </extensions>
      </trkpt>
      <trkpt lat="45.700506828725337982177734375" lon="126.59708733670413494110107421875">
        <ele>159.399993896484375</ele>
        <time>2026-07-07T22:34:41.000Z</time>
        <extensions>
          <ns3:TrackPointExtension>
            <ns3:hr>140</ns3:hr>
            <ns3:cad>86</ns3:cad>
          </ns3:TrackPointExtension>
        </extensions>
      </trkpt>
      <trkpt lat="45.7005281187593936920166015625" lon="126.5970802120864391326904296875">
        <ele>159.399993896484375</ele>
        <time>2026-07-07T22:34:42.000Z</time>
        <extensions>
          <ns3:TrackPointExtension>
            <ns3:hr>141</ns3:hr>
            <ns3:cad>86</ns3:cad>
          </ns3:TrackPointExtension>
        </extensions>
      </trkpt>
      <trkpt lat="45.70055318064987659454345703125" lon="126.59707778133451938629150390625">
        <ele>159.399993896484375</ele>
        <time>2026-07-07T22:34:43.000Z</time>
        <extensions>
          <ns3:TrackPointExtension>
            <ns3:hr>142</ns3:hr>
            <ns3:cad>86</ns3:cad>
          </ns3:TrackPointExtension>
        </extensions>
      </trkpt>
      <trkpt lat="45.7005713693797588348388671875" lon="126.59708348102867603302001953125">
        <ele>159.399993896484375</ele>
        <time>2026-07-07T22:34:44.000Z</time>
        <extensions>
          <ns3:TrackPointExtension>
            <ns3:hr>143</ns3:hr>
            <ns3:cad>86</ns3:cad>
          </ns3:TrackPointExtension>
        </extensions>
      </trkpt>
      <trkpt lat="45.70059609599411487579345703125" lon="126.5970842353999614715576171875">
        <ele>159.399993896484375</ele>
        <time>2026-07-07T22:34:45.000Z</time>
        <extensions>
          <ns3:TrackPointExtension>
            <ns3:hr>144</ns3:hr>
            <ns3:cad>87</ns3:cad>
          </ns3:TrackPointExtension>
        </extensions>
      </trkpt>
      <trkpt lat="45.7006162963807582855224609375" lon="126.59708566032350063323974609375">
        <ele>159.399993896484375</ele>
        <time>2026-07-07T22:34:46.000Z</time>
        <extensions>
          <ns3:TrackPointExtension>
            <ns3:hr>144</ns3:hr>
            <ns3:cad>87</ns3:cad>
          </ns3:TrackPointExtension>
        </extensions>
      </trkpt>
      <trkpt lat="45.7006426155567169189453125" lon="126.5970885939896106719970703125">
        <ele>159.600006103515625</ele>
        <time>2026-07-07T22:34:47.000Z</time>
        <extensions>
          <ns3:TrackPointExtension>
            <ns3:hr>144</ns3:hr>
            <ns3:cad>87</ns3:cad>
          </ns3:TrackPointExtension>
        </extensions>
      </trkpt>
      <trkpt lat="45.700667090713977813720703125" lon="126.5970936231315135955810546875">
        <ele>159.600006103515625</ele>
        <time>2026-07-07T22:34:48.000Z</time>
        <extensions>
          <ns3:TrackPointExtension>
            <ns3:hr>145</ns3:hr>
            <ns3:cad>87</ns3:cad>
          </ns3:TrackPointExtension>
        </extensions>
      </trkpt>
      <trkpt lat="45.70069483481347560882568359375" lon="126.59709605388343334197998046875">
        <ele>159.600006103515625</ele>
        <time>2026-07-07T22:34:49.000Z</time>
        <extensions>
          <ns3:TrackPointExtension>
            <ns3:hr>145</ns3:hr>
            <ns3:cad>87</ns3:cad>
          </ns3:TrackPointExtension>
        </extensions>
      </trkpt>
      <trkpt lat="45.70072333328425884246826171875" lon="126.5970956347882747650146484375">
        <ele>159.8000030517578125</ele>
        <time>2026-07-07T22:34:50.000Z</time>
        <extensions>
          <ns3:TrackPointExtension>
            <ns3:hr>145</ns3:hr>
            <ns3:cad>87</ns3:cad>
          </ns3:TrackPointExtension>
        </extensions>
      </trkpt>
      <trkpt lat="45.70074613206088542938232421875" lon="126.597092114388942718505859375">
        <ele>159.8000030517578125</ele>
        <time>2026-07-07T22:34:51.000Z</time>
        <extensions>
          <ns3:TrackPointExtension>
            <ns3:hr>145</ns3:hr>
            <ns3:cad>87</ns3:cad>
          </ns3:TrackPointExtension>
        </extensions>
      </trkpt>
      <trkpt lat="45.70077546872198581695556640625" lon="126.5970818884670734405517578125">
        <ele>159.8000030517578125</ele>
        <time>2026-07-07T22:34:52.000Z</time>
        <extensions>
          <ns3:TrackPointExtension>
            <ns3:hr>146</ns3:hr>
            <ns3:cad>87</ns3:cad>
          </ns3:TrackPointExtension>
        </extensions>
      </trkpt>
      <trkpt lat="45.70079348981380462646484375" lon="126.5970721654593944549560546875">
        <ele>159.8000030517578125</ele>
        <time>2026-07-07T22:34:53.000Z</time>
        <extensions>
          <ns3:TrackPointExtension>
            <ns3:hr>146</ns3:hr>
            <ns3:cad>87</ns3:cad>
          </ns3:TrackPointExtension>
        </extensions>
      </trkpt>
      <trkpt lat="45.7007981836795806884765625" lon="126.5970269031822681427001953125">
        <ele>159.8000030517578125</ele>
        <time>2026-07-07T22:34:54.000Z</time>
        <extensions>
          <ns3:TrackPointExtension>
            <ns3:hr>147</ns3:hr>
            <ns3:cad>87</ns3:cad>
          </ns3:TrackPointExtension>
        </extensions>
      </trkpt>
      <trkpt lat="45.70080279372632503509521484375" lon="126.5969970636069774627685546875">
        <ele>159.600006103515625</ele>
        <time>2026-07-07T22:34:55.000Z</time>
        <extensions>
          <ns3:TrackPointExtension>
            <ns3:hr>147</ns3:hr>
            <ns3:cad>87</ns3:cad>
          </ns3:TrackPointExtension>
        </extensions>
      </trkpt>
      <trkpt lat="45.70080061443150043487548828125" lon="126.596966050565242767333984375">
        <ele>159.399993896484375</ele>
        <time>2026-07-07T22:34:56.000Z</time>
        <extensions>
          <ns3:TrackPointExtension>
            <ns3:hr>147</ns3:hr>
            <ns3:cad>87</ns3:cad>
          </ns3:TrackPointExtension>
        </extensions>
      </trkpt>
      <trkpt lat="45.70080094970762729644775390625" lon="126.59692145884037017822265625">
        <ele>159.1999969482421875</ele>
        <time>2026-07-07T22:34:57.000Z</time>
        <extensions>
          <ns3:TrackPointExtension>
            <ns3:hr>147</ns3:hr>
            <ns3:cad>87</ns3:cad>
          </ns3:TrackPointExtension>
        </extensions>
      </trkpt>
      <trkpt lat="45.7008027099072933197021484375" lon="126.596888266503810882568359375">
        <ele>159</ele>
        <time>2026-07-07T22:34:58.000Z</time>
        <extensions>
          <ns3:TrackPointExtension>
            <ns3:hr>147</ns3:hr>
            <ns3:cad>86</ns3:cad>
          </ns3:TrackPointExtension>
        </extensions>
      </trkpt>
      <trkpt lat="45.70080698467791080474853515625" lon="126.596845686435699462890625">
        <ele>158.8000030517578125</ele>
        <time>2026-07-07T22:34:59.000Z</time>
        <extensions>
          <ns3:TrackPointExtension>
            <ns3:hr>148</ns3:hr>
            <ns3:cad>86</ns3:cad>
          </ns3:TrackPointExtension>
        </extensions>
      </trkpt>
      <trkpt lat="45.70080463774502277374267578125" lon="126.5968126617372035980224609375">
        <ele>158.399993896484375</ele>
        <time>2026-07-07T22:35:00.000Z</time>
        <extensions>
          <ns3:TrackPointExtension>
            <ns3:hr>148</ns3:hr>
            <ns3:cad>86</ns3:cad>
          </ns3:TrackPointExtension>
        </extensions>
      </trkpt>
      <trkpt lat="45.70080229081213474273681640625" lon="126.5967650525271892547607421875">
        <ele>158</ele>
        <time>2026-07-07T22:35:01.000Z</time>
        <extensions>
          <ns3:TrackPointExtension>
            <ns3:hr>148</ns3:hr>
            <ns3:cad>86</ns3:cad>
          </ns3:TrackPointExtension>
        </extensions>
      </trkpt>
      <trkpt lat="45.700797848403453826904296875" lon="126.59673429094254970550537109375">
        <ele>157.8000030517578125</ele>
        <time>2026-07-07T22:35:02.000Z</time>
        <extensions>
          <ns3:TrackPointExtension>
            <ns3:hr>148</ns3:hr>
            <ns3:cad>86</ns3:cad>
          </ns3:TrackPointExtension>
        </extensions>
      </trkpt>
      <trkpt lat="45.70079055614769458770751953125" lon="126.59669523127377033233642578125">
        <ele>157.600006103515625</ele>
        <time>2026-07-07T22:35:03.000Z</time>
        <extensions>
          <ns3:TrackPointExtension>
            <ns3:hr>148</ns3:hr>
            <ns3:cad>86</ns3:cad>
          </ns3:TrackPointExtension>
        </extensions>
      </trkpt>
      <trkpt lat="45.70078955031931400299072265625" lon="126.5966591052711009979248046875">
        <ele>157.1999969482421875</ele>
        <time>2026-07-07T22:35:04.000Z</time>
        <extensions>
          <ns3:TrackPointExtension>
            <ns3:hr>148</ns3:hr>
            <ns3:cad>86</ns3:cad>
          </ns3:TrackPointExtension>
        </extensions>
      </trkpt>
      <trkpt lat="45.7007874548435211181640625" lon="126.59662381745874881744384765625">
        <ele>157</ele>
        <time>2026-07-07T22:35:05.000Z</time>
        <extensions>
          <ns3:TrackPointExtension>
            <ns3:hr>149</ns3:hr>
            <ns3:cad>86</ns3:cad>
          </ns3:TrackPointExtension>
        </extensions>
      </trkpt>
      <trkpt lat="45.70078519172966480255126953125" lon="126.59657989628612995147705078125">
        <ele>156.8000030517578125</ele>
        <time>2026-07-07T22:35:06.000Z</time>
        <extensions>
          <ns3:TrackPointExtension>
            <ns3:hr>149</ns3:hr>
            <ns3:cad>86</ns3:cad>
          </ns3:TrackPointExtension>
        </extensions>
      </trkpt>
      <trkpt lat="45.70078544318675994873046875" lon="126.59654921852052211761474609375">
        <ele>156.399993896484375</ele>
        <time>2026-07-07T22:35:07.000Z</time>
        <extensions>
          <ns3:TrackPointExtension>
            <ns3:hr>149</ns3:hr>
            <ns3:cad>86</ns3:cad>
          </ns3:TrackPointExtension>
        </extensions>
      </trkpt>
      <trkpt lat="45.70078150369226932525634765625" lon="126.5965015254914760589599609375">
        <ele>156.1999969482421875</ele>
        <time>2026-07-07T22:35:08.000Z</time>
        <extensions>
          <ns3:TrackPointExtension>
            <ns3:hr>149</ns3:hr>
            <ns3:cad>87</ns3:cad>
          </ns3:TrackPointExtension>
        </extensions>
      </trkpt>
      <trkpt lat="45.70077831856906414031982421875" lon="126.5964700095355510711669921875">
        <ele>156</ele>
        <time>2026-07-07T22:35:09.000Z</time>
        <extensions>
          <ns3:TrackPointExtension>
            <ns3:hr>149</ns3:hr>
            <ns3:cad>87</ns3:cad>
          </ns3:TrackPointExtension>
        </extensions>
      </trkpt>
      <trkpt lat="45.70076725445687770843505859375" lon="126.59642684273421764373779296875">
        <ele>155.8000030517578125</ele>
        <time>2026-07-07T22:35:10.000Z</time>
        <extensions>
          <ns3:TrackPointExtension>
            <ns3:hr>149</ns3:hr>
            <ns3:cad>87</ns3:cad>
          </ns3:TrackPointExtension>
        </extensions>
      </trkpt>
      <trkpt lat="45.70076809264719486236572265625" lon="126.59639281220734119415283203125">
        <ele>155.399993896484375</ele>
        <time>2026-07-07T22:35:11.000Z</time>
        <extensions>
          <ns3:TrackPointExtension>
            <ns3:hr>149</ns3:hr>
            <ns3:cad>87</ns3:cad>
          </ns3:TrackPointExtension>
        </extensions>
      </trkpt>
      <trkpt lat="45.700761973857879638671875" lon="126.5963466279208660125732421875">
        <ele>155.1999969482421875</ele>
        <time>2026-07-07T22:35:12.000Z</time>
        <extensions>
          <ns3:TrackPointExtension>
            <ns3:hr>149</ns3:hr>
            <ns3:cad>87</ns3:cad>
          </ns3:TrackPointExtension>
        </extensions>
      </trkpt>
      <trkpt lat="45.70075954310595989227294921875" lon="126.5963077358901500701904296875">
        <ele>155</ele>
        <time>2026-07-07T22:35:13.000Z</time>
        <extensions>
          <ns3:TrackPointExtension>
            <ns3:hr>149</ns3:hr>
            <ns3:cad>88</ns3:cad>
          </ns3:TrackPointExtension>
        </extensions>
      </trkpt>
      <trkpt lat="45.70075551979243755340576171875" lon="126.596259288489818572998046875">
        <ele>154.8000030517578125</ele>
        <time>2026-07-07T22:35:14.000Z</time>
        <extensions>
          <ns3:TrackPointExtension>
            <ns3:hr>150</ns3:hr>
            <ns3:cad>88</ns3:cad>
          </ns3:TrackPointExtension>
        </extensions>
      </trkpt>
      <trkpt lat="45.70075451396405696868896484375" lon="126.5962249226868152618408203125">
        <ele>154.600006103515625</ele>
        <time>2026-07-07T22:35:15.000Z</time>
        <extensions>
          <ns3:TrackPointExtension>
            <ns3:hr>150</ns3:hr>
            <ns3:cad>88</ns3:cad>
          </ns3:TrackPointExtension>
        </extensions>
      </trkpt>
      <trkpt lat="45.70074713788926601409912109375" lon="126.596183516085147857666015625">
        <ele>154.600006103515625</ele>
        <time>2026-07-07T22:35:16.000Z</time>
        <extensions>
          <ns3:TrackPointExtension>
            <ns3:hr>150</ns3:hr>
            <ns3:cad>88</ns3:cad>
          </ns3:TrackPointExtension>
        </extensions>
      </trkpt>
      <trkpt lat="45.7007443718612194061279296875" lon="126.59614764153957366943359375">
        <ele>154.399993896484375</ele>
        <time>2026-07-07T22:35:17.000Z</time>
        <extensions>
          <ns3:TrackPointExtension>
            <ns3:hr>150</ns3:hr>
            <ns3:cad>88</ns3:cad>
          </ns3:TrackPointExtension>
        </extensions>
      </trkpt>
      <trkpt lat="45.7007312960922718048095703125" lon="126.59610849805176258087158203125">
        <ele>154.399993896484375</ele>
        <time>2026-07-07T22:35:18.000Z</time>
        <extensions>
          <ns3:TrackPointExtension>
            <ns3:hr>150</ns3:hr>
            <ns3:cad>88</ns3:cad>
          </ns3:TrackPointExtension>
        </extensions>
      </trkpt>
      <trkpt lat="45.70071763359010219573974609375" lon="126.59607513807713985443115234375">
        <ele>154.399993896484375</ele>
        <time>2026-07-07T22:35:19.000Z</time>
        <extensions>
          <ns3:TrackPointExtension>
            <ns3:hr>150</ns3:hr>
            <ns3:cad>89</ns3:cad>
          </ns3:TrackPointExtension>
        </extensions>
      </trkpt>
      <trkpt lat="45.70070304907858371734619140625" lon="126.59605384804308414459228515625">
        <ele>154.1999969482421875</ele>
        <time>2026-07-07T22:35:20.000Z</time>
        <extensions>
          <ns3:TrackPointExtension>
            <ns3:hr>150</ns3:hr>
            <ns3:cad>89</ns3:cad>
          </ns3:TrackPointExtension>
        </extensions>
      </trkpt>
      <trkpt lat="45.70068083703517913818359375" lon="126.59603574313223361968994140625">
        <ele>154.1999969482421875</ele>
        <time>2026-07-07T22:35:21.000Z</time>
        <extensions>
          <ns3:TrackPointExtension>
            <ns3:hr>150</ns3:hr>
            <ns3:cad>89</ns3:cad>
          </ns3:TrackPointExtension>
        </extensions>
      </trkpt>
      <trkpt lat="45.70065929554402828216552734375" lon="126.5960276126861572265625">
        <ele>154.1999969482421875</ele>
        <time>2026-07-07T22:35:22.000Z</time>
        <extensions>
          <ns3:TrackPointExtension>
            <ns3:hr>150</ns3:hr>
            <ns3:cad>89</ns3:cad>
          </ns3:TrackPointExtension>
        </extensions>
      </trkpt>
      <trkpt lat="45.70063180290162563323974609375" lon="126.5960153751075267791748046875">
        <ele>154</ele>
        <time>2026-07-07T22:35:23.000Z</time>
        <extensions>
          <ns3:TrackPointExtension>
            <ns3:hr>150</ns3:hr>
            <ns3:cad>89</ns3:cad>
          </ns3:TrackPointExtension>
        </extensions>
      </trkpt>
      <trkpt lat="45.7006082497537136077880859375" lon="126.59600992687046527862548828125">
        <ele>154</ele>
        <time>2026-07-07T22:35:24.000Z</time>
        <extensions>
          <ns3:TrackPointExtension>
            <ns3:hr>150</ns3:hr>
            <ns3:cad>89</ns3:cad>
          </ns3:TrackPointExtension>
        </extensions>
      </trkpt>
      <trkpt lat="45.70057732053101062774658203125" lon="126.5960101783275604248046875">
        <ele>154</ele>
        <time>2026-07-07T22:35:25.000Z</time>
        <extensions>
          <ns3:TrackPointExtension>
            <ns3:hr>151</ns3:hr>
            <ns3:cad>89</ns3:cad>
          </ns3:TrackPointExtension>
        </extensions>
      </trkpt>
      <trkpt lat="45.700556449592113494873046875" lon="126.596012525260448455810546875">
        <ele>154</ele>
        <time>2026-07-07T22:35:26.000Z</time>
        <extensions>
          <ns3:TrackPointExtension>
            <ns3:hr>151</ns3:hr>
            <ns3:cad>88</ns3:cad>
          </ns3:TrackPointExtension>
        </extensions>
      </trkpt>
      <trkpt lat="45.70052820257842540740966796875" lon="126.5960123576223850250244140625">
        <ele>154</ele>
        <time>2026-07-07T22:35:27.000Z</time>
        <extensions>
          <ns3:TrackPointExtension>
            <ns3:hr>153</ns3:hr>
            <ns3:cad>88</ns3:cad>
          </ns3:TrackPointExtension>
        </extensions>
      </trkpt>
      <trkpt lat="45.700504146516323089599609375" lon="126.59601646475493907928466796875">
        <ele>154</ele>
        <time>2026-07-07T22:35:28.000Z</time>
        <extensions>
          <ns3:TrackPointExtension>
            <ns3:hr>153</ns3:hr>
            <ns3:cad>88</ns3:cad>
          </ns3:TrackPointExtension>
        </extensions>
      </trkpt>
      <trkpt lat="45.70047573186457157135009765625" lon="126.59601696766912937164306640625">
        <ele>154</ele>
        <time>2026-07-07T22:35:29.000Z</time>
        <extensions>
          <ns3:TrackPointExtension>
            <ns3:hr>154</ns3:hr>
            <ns3:cad>89</ns3:cad>
          </ns3:TrackPointExtension>
        </extensions>
      </trkpt>
      <trkpt lat="45.700453855097293853759765625" lon="126.596023924648761749267578125">
        <ele>154</ele>
        <time>2026-07-07T22:35:30.000Z</time>
        <extensions>
          <ns3:TrackPointExtension>
            <ns3:hr>154</ns3:hr>
            <ns3:cad>89</ns3:cad>
          </ns3:TrackPointExtension>
        </extensions>
      </trkpt>
      <trkpt lat="45.700420327484607696533203125" lon="126.59601847641170024871826171875">
        <ele>154</ele>
        <time>2026-07-07T22:35:31.000Z</time>
        <extensions>
          <ns3:TrackPointExtension>
            <ns3:hr>154</ns3:hr>
            <ns3:cad>88</ns3:cad>
          </ns3:TrackPointExtension>
        </extensions>
      </trkpt>
      <trkpt lat="45.7004007138311862945556640625" lon="126.59602032043039798736572265625">
        <ele>154</ele>
        <time>2026-07-07T22:35:32.000Z</time>
        <extensions>
          <ns3:TrackPointExtension>
            <ns3:hr>154</ns3:hr>
            <ns3:cad>88</ns3:cad>
          </ns3:TrackPointExtension>
        </extensions>
      </trkpt>
      <trkpt lat="45.70036701858043670654296875" lon="126.5960048139095306396484375">
        <ele>154</ele>
        <time>2026-07-07T22:35:33.000Z</time>
        <extensions>
          <ns3:TrackPointExtension>
            <ns3:hr>154</ns3:hr>
            <ns3:cad>88</ns3:cad>
          </ns3:TrackPointExtension>
        </extensions>
      </trkpt>
      <trkpt lat="45.7003467343747615814208984375" lon="126.59599936567246913909912109375">
        <ele>154</ele>
        <time>2026-07-07T22:35:34.000Z</time>
        <extensions>
          <ns3:TrackPointExtension>
            <ns3:hr>154</ns3:hr>
            <ns3:cad>88</ns3:cad>
          </ns3:TrackPointExtension>
        </extensions>
      </trkpt>
      <trkpt lat="45.70032184012234210968017578125" lon="126.59598478116095066070556640625">
        <ele>154</ele>
        <time>2026-07-07T22:35:35.000Z</time>
        <extensions>
          <ns3:TrackPointExtension>
            <ns3:hr>155</ns3:hr>
            <ns3:cad>88</ns3:cad>
          </ns3:TrackPointExtension>
        </extensions>
      </trkpt>
      <trkpt lat="45.70030256174504756927490234375" lon="126.59597556106746196746826171875">
        <ele>154</ele>
        <time>2026-07-07T22:35:36.000Z</time>
        <extensions>
          <ns3:TrackPointExtension>
            <ns3:hr>155</ns3:hr>
            <ns3:cad>88</ns3:cad>
          </ns3:TrackPointExtension>
        </extensions>
      </trkpt>
      <trkpt lat="45.70027624256908893585205078125" lon="126.59595728851854801177978515625">
        <ele>154</ele>
        <time>2026-07-07T22:35:37.000Z</time>
        <extensions>
          <ns3:TrackPointExtension>
            <ns3:hr>155</ns3:hr>
            <ns3:cad>88</ns3:cad>
          </ns3:TrackPointExtension>
        </extensions>
      </trkpt>
      <trkpt lat="45.70025545544922351837158203125" lon="126.59594756551086902618408203125">
        <ele>154</ele>
        <time>2026-07-07T22:35:38.000Z</time>
        <extensions>
          <ns3:TrackPointExtension>
            <ns3:hr>155</ns3:hr>
            <ns3:cad>88</ns3:cad>
          </ns3:TrackPointExtension>
        </extensions>
      </trkpt>
      <trkpt lat="45.70023156702518463134765625" lon="126.59593583084642887115478515625">
        <ele>153.8000030517578125</ele>
        <time>2026-07-07T22:35:39.000Z</time>
        <extensions>
          <ns3:TrackPointExtension>
            <ns3:hr>156</ns3:hr>
            <ns3:cad>88</ns3:cad>
          </ns3:TrackPointExtension>
        </extensions>
      </trkpt>
      <trkpt lat="45.7002082653343677520751953125" lon="126.59592057578265666961669921875">
        <ele>154</ele>
        <time>2026-07-07T22:35:40.000Z</time>
        <extensions>
          <ns3:TrackPointExtension>
            <ns3:hr>156</ns3:hr>
            <ns3:cad>88</ns3:cad>
          </ns3:TrackPointExtension>
        </extensions>
      </trkpt>
      <trkpt lat="45.70018873549997806549072265625" lon="126.59589677117764949798583984375">
        <ele>154</ele>
        <time>2026-07-07T22:35:41.000Z</time>
        <extensions>
          <ns3:TrackPointExtension>
            <ns3:hr>156</ns3:hr>
            <ns3:cad>88</ns3:cad>
          </ns3:TrackPointExtension>
        </extensions>
      </trkpt>
      <trkpt lat="45.7001727260649204254150390625" lon="126.59587414003908634185791015625">
        <ele>154</ele>
        <time>2026-07-07T22:35:42.000Z</time>
        <extensions>
          <ns3:TrackPointExtension>
            <ns3:hr>156</ns3:hr>
            <ns3:cad>88</ns3:cad>
          </ns3:TrackPointExtension>
        </extensions>
      </trkpt>
      <trkpt lat="45.70015721954405307769775390625" lon="126.5958438813686370849609375">
        <ele>154</ele>
        <time>2026-07-07T22:35:43.000Z</time>
        <extensions>
          <ns3:TrackPointExtension>
            <ns3:hr>156</ns3:hr>
            <ns3:cad>88</ns3:cad>
          </ns3:TrackPointExtension>
        </extensions>
      </trkpt>
      <trkpt lat="45.7001462392508983612060546875" lon="126.5958024747669696807861328125">
        <ele>154</ele>
        <time>2026-07-07T22:35:44.000Z</time>
        <extensions>
          <ns3:TrackPointExtension>
            <ns3:hr>157</ns3:hr>
            <ns3:cad>88</ns3:cad>
          </ns3:TrackPointExtension>
        </extensions>
      </trkpt>
      <trkpt lat="45.7001316547393798828125" lon="126.595766432583332061767578125">
        <ele>153.8000030517578125</ele>
        <time>2026-07-07T22:35:45.000Z</time>
        <extensions>
          <ns3:TrackPointExtension>
            <ns3:hr>157</ns3:hr>
            <ns3:cad>88</ns3:cad>
          </ns3:TrackPointExtension>
        </extensions>
      </trkpt>
      <trkpt lat="45.70012084208428859710693359375" lon="126.5957179851830005645751953125">
        <ele>153.8000030517578125</ele>
        <time>2026-07-07T22:35:46.000Z</time>
        <extensions>
          <ns3:TrackPointExtension>
            <ns3:hr>157</ns3:hr>
            <ns3:cad>88</ns3:cad>
          </ns3:TrackPointExtension>
        </extensions>
      </trkpt>
      <trkpt lat="45.7001066766679286956787109375" lon="126.595687307417392730712890625">
        <ele>153.8000030517578125</ele>
        <time>2026-07-07T22:35:47.000Z</time>
        <extensions>
          <ns3:TrackPointExtension>
            <ns3:hr>157</ns3:hr>
            <ns3:cad>88</ns3:cad>
          </ns3:TrackPointExtension>
        </extensions>
      </trkpt>
      <trkpt lat="45.700101144611835479736328125" lon="126.59563944675028324127197265625">
        <ele>154</ele>
        <time>2026-07-07T22:35:48.000Z</time>
        <extensions>
          <ns3:TrackPointExtension>
            <ns3:hr>157</ns3:hr>
            <ns3:cad>88</ns3:cad>
          </ns3:TrackPointExtension>
        </extensions>
      </trkpt>
      <trkpt lat="45.70009686984121799468994140625" lon="126.595611535012722015380859375">
        <ele>154</ele>
        <time>2026-07-07T22:35:49.000Z</time>
        <extensions>
          <ns3:TrackPointExtension>
            <ns3:hr>157</ns3:hr>
            <ns3:cad>88</ns3:cad>
          </ns3:TrackPointExtension>
        </extensions>
      </trkpt>
      <trkpt lat="45.70009016431868076324462890625" lon="126.5955677814781665802001953125">
        <ele>154</ele>
        <time>2026-07-07T22:35:50.000Z</time>
        <extensions>
          <ns3:TrackPointExtension>
            <ns3:hr>157</ns3:hr>
            <ns3:cad>88</ns3:cad>
          </ns3:TrackPointExtension>
        </extensions>
      </trkpt>
      <trkpt lat="45.70008865557610988616943359375" lon="126.5955389477312564849853515625">
        <ele>154.1999969482421875</ele>
        <time>2026-07-07T22:35:51.000Z</time>
        <extensions>
          <ns3:TrackPointExtension>
            <ns3:hr>157</ns3:hr>
            <ns3:cad>87</ns3:cad>
          </ns3:TrackPointExtension>
        </extensions>
      </trkpt>
      <trkpt lat="45.70007910020649433135986328125" lon="126.59549946896731853485107421875">
        <ele>154.1999969482421875</ele>
        <time>2026-07-07T22:35:52.000Z</time>
        <extensions>
          <ns3:TrackPointExtension>
            <ns3:hr>157</ns3:hr>
            <ns3:cad>87</ns3:cad>
          </ns3:TrackPointExtension>
        </extensions>
      </trkpt>
      <trkpt lat="45.70007021538913249969482421875" lon="126.59547214396297931671142578125">
        <ele>154.399993896484375</ele>
        <time>2026-07-07T22:35:53.000Z</time>
        <extensions>
          <ns3:TrackPointExtension>
            <ns3:hr>157</ns3:hr>
            <ns3:cad>87</ns3:cad>
          </ns3:TrackPointExtension>
        </extensions>
      </trkpt>
      <trkpt lat="45.70006434805691242218017578125" lon="126.5954388678073883056640625">
        <ele>154.399993896484375</ele>
        <time>2026-07-07T22:35:54.000Z</time>
        <extensions>
          <ns3:TrackPointExtension>
            <ns3:hr>157</ns3:hr>
            <ns3:cad>87</ns3:cad>
          </ns3:TrackPointExtension>
        </extensions>
      </trkpt>
      <trkpt lat="45.70005915127694606781005859375" lon="126.59541397355496883392333984375">
        <ele>154.600006103515625</ele>
        <time>2026-07-07T22:35:55.000Z</time>
        <extensions>
          <ns3:TrackPointExtension>
            <ns3:hr>157</ns3:hr>
            <ns3:cad>87</ns3:cad>
          </ns3:TrackPointExtension>
        </extensions>
      </trkpt>
      <trkpt lat="45.70005445741117000579833984375" lon="126.59538321197032928466796875">
        <ele>154.600006103515625</ele>
        <time>2026-07-07T22:35:56.000Z</time>
        <extensions>
          <ns3:TrackPointExtension>
            <ns3:hr>157</ns3:hr>
            <ns3:cad>87</ns3:cad>
          </ns3:TrackPointExtension>
        </extensions>
      </trkpt>
      <trkpt lat="45.7000526972115039825439453125" lon="126.59534675069153308868408203125">
        <ele>154.8000030517578125</ele>
        <time>2026-07-07T22:35:57.000Z</time>
        <extensions>
          <ns3:TrackPointExtension>
            <ns3:hr>158</ns3:hr>
            <ns3:cad>87</ns3:cad>
          </ns3:TrackPointExtension>
        </extensions>
      </trkpt>
      <trkpt lat="45.70005009882152080535888671875" lon="126.59531137906014919281005859375">
        <ele>154.8000030517578125</ele>
        <time>2026-07-07T22:35:58.000Z</time>
        <extensions>
          <ns3:TrackPointExtension>
            <ns3:hr>158</ns3:hr>
            <ns3:cad>87</ns3:cad>
          </ns3:TrackPointExtension>
        </extensions>
      </trkpt>
      <trkpt lat="45.70004724897444248199462890625" lon="126.5952698886394500732421875">
        <ele>154.8000030517578125</ele>
        <time>2026-07-07T22:35:59.000Z</time>
        <extensions>
          <ns3:TrackPointExtension>
            <ns3:hr>158</ns3:hr>
            <ns3:cad>87</ns3:cad>
          </ns3:TrackPointExtension>
        </extensions>
      </trkpt>
      <trkpt lat="45.70003668777644634246826171875" lon="126.5952435694634914398193359375">
        <ele>155</ele>
        <time>2026-07-07T22:36:00.000Z</time>
        <extensions>
          <ns3:TrackPointExtension>
            <ns3:hr>158</ns3:hr>
            <ns3:cad>87</ns3:cad>
          </ns3:TrackPointExtension>
        </extensions>
      </trkpt>
      <trkpt lat="45.700028054416179656982421875" lon="126.5951889194548130035400390625">
        <ele>155</ele>
        <time>2026-07-07T22:36:01.000Z</time>
        <extensions>
          <ns3:TrackPointExtension>
            <ns3:hr>159</ns3:hr>
            <ns3:cad>87</ns3:cad>
          </ns3:TrackPointExtension>
        </extensions>
      </trkpt>
      <trkpt lat="45.70002277381718158721923828125" lon="126.5951570682227611541748046875">
        <ele>154.8000030517578125</ele>
        <time>2026-07-07T22:36:02.000Z</time>
        <extensions>
          <ns3:TrackPointExtension>
            <ns3:hr>159</ns3:hr>
            <ns3:cad>87</ns3:cad>
          </ns3:TrackPointExtension>
        </extensions>
      </trkpt>
      <trkpt lat="45.7000114582479000091552734375" lon="126.59511121921241283416748046875">
        <ele>154.8000030517578125</ele>
        <time>2026-07-07T22:36:03.000Z</time>
        <extensions>
          <ns3:TrackPointExtension>
            <ns3:hr>159</ns3:hr>
            <ns3:cad>87</ns3:cad>
          </ns3:TrackPointExtension>
        </extensions>
      </trkpt>
      <trkpt lat="45.6999950297176837921142578125" lon="126.59508540295064449310302734375">
        <ele>155</ele>
        <time>2026-07-07T22:36:04.000Z</time>
        <extensions>
          <ns3:TrackPointExtension>
            <ns3:hr>159</ns3:hr>
            <ns3:cad>87</ns3:cad>
          </ns3:TrackPointExtension>
        </extensions>
      </trkpt>
      <trkpt lat="45.699994862079620361328125" lon="126.59504869021475315093994140625">
        <ele>155</ele>
        <time>2026-07-07T22:36:05.000Z</time>
        <extensions>
          <ns3:TrackPointExtension>
            <ns3:hr>159</ns3:hr>
            <ns3:cad>87</ns3:cad>
          </ns3:TrackPointExtension>
        </extensions>
      </trkpt>
      <trkpt lat="45.69999662227928638458251953125" lon="126.59501147456467151641845703125">
        <ele>155.1999969482421875</ele>
        <time>2026-07-07T22:36:06.000Z</time>
        <extensions>
          <ns3:TrackPointExtension>
            <ns3:hr>159</ns3:hr>
            <ns3:cad>87</ns3:cad>
          </ns3:TrackPointExtension>
        </extensions>
      </trkpt>
      <trkpt lat="45.69999008439481258392333984375" lon="126.59497979097068309783935546875">
        <ele>155.399993896484375</ele>
        <time>2026-07-07T22:36:07.000Z</time>
        <extensions>
          <ns3:TrackPointExtension>
            <ns3:hr>159</ns3:hr>
            <ns3:cad>87</ns3:cad>
          </ns3:TrackPointExtension>
        </extensions>
      </trkpt>
      <trkpt lat="45.6999814510345458984375" lon="126.5949401445686817169189453125">
        <ele>155.600006103515625</ele>
        <time>2026-07-07T22:36:08.000Z</time>
        <extensions>
          <ns3:TrackPointExtension>
            <ns3:hr>159</ns3:hr>
            <ns3:cad>87</ns3:cad>
          </ns3:TrackPointExtension>
        </extensions>
      </trkpt>
      <trkpt lat="45.69997784681618213653564453125" lon="126.59491625614464282989501953125">
        <ele>155.8000030517578125</ele>
        <time>2026-07-07T22:36:09.000Z</time>
        <extensions>
          <ns3:TrackPointExtension>
            <ns3:hr>159</ns3:hr>
            <ns3:cad>87</ns3:cad>
          </ns3:TrackPointExtension>
        </extensions>
      </trkpt>
      <trkpt lat="45.69997684098780155181884765625" lon="126.5948881767690181732177734375">
        <ele>155.8000030517578125</ele>
        <time>2026-07-07T22:36:10.000Z</time>
        <extensions>
          <ns3:TrackPointExtension>
            <ns3:hr>159</ns3:hr>
            <ns3:cad>86</ns3:cad>
          </ns3:TrackPointExtension>
        </extensions>
      </trkpt>
      <trkpt lat="45.6999715603888034820556640625" lon="126.59486378543078899383544921875">
        <ele>156</ele>
        <time>2026-07-07T22:36:11.000Z</time>
        <extensions>
          <ns3:TrackPointExtension>
            <ns3:hr>159</ns3:hr>
            <ns3:cad>86</ns3:cad>
          </ns3:TrackPointExtension>
        </extensions>
      </trkpt>
      <trkpt lat="45.699967704713344573974609375" lon="126.59484014846384525299072265625">
        <ele>156.1999969482421875</ele>
        <time>2026-07-07T22:36:12.000Z</time>
        <extensions>
          <ns3:TrackPointExtension>
            <ns3:hr>159</ns3:hr>
            <ns3:cad>86</ns3:cad>
          </ns3:TrackPointExtension>
        </extensions>
      </trkpt>
      <trkpt lat="45.699960328638553619384765625" lon="126.59480997361242771148681640625">
        <ele>156.399993896484375</ele>
        <time>2026-07-07T22:36:13.000Z</time>
        <extensions>
          <ns3:TrackPointExtension>
            <ns3:hr>159</ns3:hr>
            <ns3:cad>85</ns3:cad>
          </ns3:TrackPointExtension>
        </extensions>
      </trkpt>
      <trkpt lat="45.69995488040149211883544921875" lon="126.59480343572795391082763671875">
        <ele>156.600006103515625</ele>
        <time>2026-07-07T22:36:14.000Z</time>
        <extensions>
          <ns3:TrackPointExtension>
            <ns3:hr>160</ns3:hr>
            <ns3:cad>85</ns3:cad>
          </ns3:TrackPointExtension>
        </extensions>
      </trkpt>
      <trkpt lat="45.6999454088509082794189453125" lon="126.5947932936251163482666015625">
        <ele>156.600006103515625</ele>
        <time>2026-07-07T22:36:15.000Z</time>
        <extensions>
          <ns3:TrackPointExtension>
            <ns3:hr>160</ns3:hr>
            <ns3:cad>85</ns3:cad>
          </ns3:TrackPointExtension>
        </extensions>
      </trkpt>
      <trkpt lat="45.699942223727703094482421875" lon="126.5947763621807098388671875">
        <ele>156.8000030517578125</ele>
        <time>2026-07-07T22:36:16.000Z</time>
        <extensions>
          <ns3:TrackPointExtension>
            <ns3:hr>160</ns3:hr>
            <ns3:cad>83</ns3:cad>
          </ns3:TrackPointExtension>
        </extensions>
      </trkpt>
      <trkpt lat="45.6999447382986545562744140625" lon="126.59475096501410007476806640625">
        <ele>156.8000030517578125</ele>
        <time>2026-07-07T22:36:17.000Z</time>
        <extensions>
          <ns3:TrackPointExtension>
            <ns3:hr>161</ns3:hr>
            <ns3:cad>83</ns3:cad>
          </ns3:TrackPointExtension>
        </extensions>
      </trkpt>
      <trkpt lat="45.69994390010833740234375" lon="126.594727076590061187744140625">
        <ele>156.8000030517578125</ele>
        <time>2026-07-07T22:36:18.000Z</time>
        <extensions>
          <ns3:TrackPointExtension>
            <ns3:hr>161</ns3:hr>
            <ns3:cad>85</ns3:cad>
          </ns3:TrackPointExtension>
        </extensions>
      </trkpt>
      <trkpt lat="45.699941553175449371337890625" lon="126.5947074629366397857666015625">
        <ele>156.8000030517578125</ele>
        <time>2026-07-07T22:36:19.000Z</time>
        <extensions>
          <ns3:TrackPointExtension>
            <ns3:hr>161</ns3:hr>
            <ns3:cad>85</ns3:cad>
          </ns3:TrackPointExtension>
        </extensions>
      </trkpt>
      <trkpt lat="45.6999398767948150634765625" lon="126.59468340687453746795654296875">
        <ele>156.600006103515625</ele>
        <time>2026-07-07T22:36:20.000Z</time>
        <extensions>
          <ns3:TrackPointExtension>
            <ns3:hr>161</ns3:hr>
            <ns3:cad>85</ns3:cad>
          </ns3:TrackPointExtension>
        </extensions>
      </trkpt>
      <trkpt lat="45.699947588145732879638671875" lon="126.59465809352695941925048828125">
        <ele>156.600006103515625</ele>
        <time>2026-07-07T22:36:21.000Z</time>
        <extensions>
          <ns3:TrackPointExtension>
            <ns3:hr>162</ns3:hr>
            <ns3:cad>85</ns3:cad>
          </ns3:TrackPointExtension>
        </extensions>
      </trkpt>
      <trkpt lat="45.6999571435153484344482421875" lon="126.5946234762668609619140625">
        <ele>156.600006103515625</ele>
        <time>2026-07-07T22:36:22.000Z</time>
        <extensions>
          <ns3:TrackPointExtension>
            <ns3:hr>161</ns3:hr>
            <ns3:cad>85</ns3:cad>
          </ns3:TrackPointExtension>
        </extensions>
      </trkpt>
      <trkpt lat="45.6999608315527439117431640625" lon="126.594599001109600067138671875">
        <ele>156.600006103515625</ele>
        <time>2026-07-07T22:36:23.000Z</time>
        <extensions>
          <ns3:TrackPointExtension>
            <ns3:hr>161</ns3:hr>
            <ns3:cad>86</ns3:cad>
          </ns3:TrackPointExtension>
        </extensions>
      </trkpt>
      <trkpt lat="45.69996326230466365814208984375" lon="126.5945606119930744171142578125">
        <ele>156.600006103515625</ele>
        <time>2026-07-07T22:36:24.000Z</time>
        <extensions>
          <ns3:TrackPointExtension>
            <ns3:hr>161</ns3:hr>
            <ns3:cad>86</ns3:cad>
          </ns3:TrackPointExtension>
        </extensions>
      </trkpt>
      <trkpt lat="45.6999608315527439117431640625" lon="126.59453504718840122222900390625">
        <ele>156.600006103515625</ele>
        <time>2026-07-07T22:36:25.000Z</time>
        <extensions>
          <ns3:TrackPointExtension>
            <ns3:hr>161</ns3:hr>
            <ns3:cad>86</ns3:cad>
          </ns3:TrackPointExtension>
        </extensions>
      </trkpt>
      <trkpt lat="45.69995454512536525726318359375" lon="126.5944935567677021026611328125">
        <ele>156.600006103515625</ele>
        <time>2026-07-07T22:36:26.000Z</time>
        <extensions>
          <ns3:TrackPointExtension>
            <ns3:hr>162</ns3:hr>
            <ns3:cad>86</ns3:cad>
          </ns3:TrackPointExtension>
        </extensions>
      </trkpt>
      <trkpt lat="45.6999440677464008331298828125" lon="126.5944653935730457305908203125">
        <ele>156.600006103515625</ele>
        <time>2026-07-07T22:36:27.000Z</time>
        <extensions>
          <ns3:TrackPointExtension>
            <ns3:hr>161</ns3:hr>
            <ns3:cad>87</ns3:cad>
          </ns3:TrackPointExtension>
        </extensions>
      </trkpt>
      <trkpt lat="45.6999303214251995086669921875" lon="126.5944384038448333740234375">
        <ele>156.600006103515625</ele>
        <time>2026-07-07T22:36:28.000Z</time>
        <extensions>
          <ns3:TrackPointExtension>
            <ns3:hr>161</ns3:hr>
            <ns3:cad>87</ns3:cad>
          </ns3:TrackPointExtension>
        </extensions>
      </trkpt>
      <trkpt lat="45.69991179741919040679931640625" lon="126.59442088566720485687255859375">
        <ele>156.600006103515625</ele>
        <time>2026-07-07T22:36:29.000Z</time>
        <extensions>
          <ns3:TrackPointExtension>
            <ns3:hr>162</ns3:hr>
            <ns3:cad>87</ns3:cad>
          </ns3:TrackPointExtension>
        </extensions>
      </trkpt>
      <trkpt lat="45.69989251904189586639404296875" lon="126.59440596587955951690673828125">
        <ele>156.8000030517578125</ele>
        <time>2026-07-07T22:36:30.000Z</time>
        <extensions>
          <ns3:TrackPointExtension>
            <ns3:hr>161</ns3:hr>
            <ns3:cad>87</ns3:cad>
          </ns3:TrackPointExtension>
        </extensions>
      </trkpt>
      <trkpt lat="45.69985999725759029388427734375" lon="126.5943983383476734161376953125">
        <ele>156.600006103515625</ele>
        <time>2026-07-07T22:36:31.000Z</time>
        <extensions>
          <ns3:TrackPointExtension>
            <ns3:hr>161</ns3:hr>
            <ns3:cad>87</ns3:cad>
          </ns3:TrackPointExtension>
        </extensions>
      </trkpt>
      <trkpt lat="45.69984004832804203033447265625" lon="126.59438970498740673065185546875">
        <ele>156.600006103515625</ele>
        <time>2026-07-07T22:36:32.000Z</time>
        <extensions>
          <ns3:TrackPointExtension>
            <ns3:hr>161</ns3:hr>
            <ns3:cad>86</ns3:cad>
          </ns3:TrackPointExtension>
        </extensions>
      </trkpt>
      <trkpt lat="45.69981406442821025848388671875" lon="126.594387777149677276611328125">
        <ele>156.600006103515625</ele>
        <time>2026-07-07T22:36:33.000Z</time>
        <extensions>
          <ns3:TrackPointExtension>
            <ns3:hr>162</ns3:hr>
            <ns3:cad>86</ns3:cad>
          </ns3:TrackPointExtension>
        </extensions>
      </trkpt>
      <trkpt lat="45.6997928582131862640380859375" lon="126.5943902917206287384033203125">
        <ele>156.600006103515625</ele>
        <time>2026-07-07T22:36:34.000Z</time>
        <extensions>
          <ns3:TrackPointExtension>
            <ns3:hr>161</ns3:hr>
            <ns3:cad>86</ns3:cad>
          </ns3:TrackPointExtension>
        </extensions>
      </trkpt>
      <trkpt lat="45.699767209589481353759765625" lon="126.5943926386535167694091796875">
        <ele>156.600006103515625</ele>
        <time>2026-07-07T22:36:35.000Z</time>
        <extensions>
          <ns3:TrackPointExtension>
            <ns3:hr>161</ns3:hr>
            <ns3:cad>86</ns3:cad>
          </ns3:TrackPointExtension>
        </extensions>
      </trkpt>
      <trkpt lat="45.6997395493090152740478515625" lon="126.59439708106219768524169921875">
        <ele>156.600006103515625</ele>
        <time>2026-07-07T22:36:36.000Z</time>
        <extensions>
          <ns3:TrackPointExtension>
            <ns3:hr>161</ns3:hr>
            <ns3:cad>86</ns3:cad>
          </ns3:TrackPointExtension>
        </extensions>
      </trkpt>
      <trkpt lat="45.69971415214240550994873046875" lon="126.5944010205566883087158203125">
        <ele>156.600006103515625</ele>
        <time>2026-07-07T22:36:37.000Z</time>
        <extensions>
          <ns3:TrackPointExtension>
            <ns3:hr>160</ns3:hr>
            <ns3:cad>87</ns3:cad>
          </ns3:TrackPointExtension>
        </extensions>
      </trkpt>
      <trkpt lat="45.699693448841571807861328125" lon="126.5944035351276397705078125">
        <ele>156.8000030517578125</ele>
        <time>2026-07-07T22:36:38.000Z</time>
        <extensions>
          <ns3:TrackPointExtension>
            <ns3:hr>160</ns3:hr>
            <ns3:cad>87</ns3:cad>
          </ns3:TrackPointExtension>
        </extensions>
      </trkpt>
      <trkpt lat="45.69967324845492839813232421875" lon="126.59441049210727214813232421875">
        <ele>157</ele>
        <time>2026-07-07T22:36:39.000Z</time>
        <extensions>
          <ns3:TrackPointExtension>
            <ns3:hr>160</ns3:hr>
            <ns3:cad>86</ns3:cad>
          </ns3:TrackPointExtension>
        </extensions>
      </trkpt>
      <trkpt lat="45.69965028204023838043212890625" lon="126.59441225230693817138671875">
        <ele>157</ele>
        <time>2026-07-07T22:36:40.000Z</time>
        <extensions>
          <ns3:TrackPointExtension>
            <ns3:hr>160</ns3:hr>
            <ns3:cad>86</ns3:cad>
          </ns3:TrackPointExtension>
        </extensions>
      </trkpt>
      <trkpt lat="45.6996292434632778167724609375" lon="126.594415940344333648681640625">
        <ele>157</ele>
        <time>2026-07-07T22:36:41.000Z</time>
        <extensions>
          <ns3:TrackPointExtension>
            <ns3:hr>159</ns3:hr>
            <ns3:cad>86</ns3:cad>
          </ns3:TrackPointExtension>
        </extensions>
      </trkpt>
      <trkpt lat="45.699607618153095245361328125" lon="126.5944214724004268646240234375">
        <ele>157</ele>
        <time>2026-07-07T22:36:42.000Z</time>
        <extensions>
          <ns3:TrackPointExtension>
            <ns3:hr>159</ns3:hr>
            <ns3:cad>86</ns3:cad>
          </ns3:TrackPointExtension>
        </extensions>
      </trkpt>
      <trkpt lat="45.69959051907062530517578125" lon="126.594427339732646942138671875">
        <ele>157</ele>
        <time>2026-07-07T22:36:43.000Z</time>
        <extensions>
          <ns3:TrackPointExtension>
            <ns3:hr>159</ns3:hr>
            <ns3:cad>86</ns3:cad>
          </ns3:TrackPointExtension>
        </extensions>
      </trkpt>
      <trkpt lat="45.69957082159817218780517578125" lon="126.59442742355167865753173828125">
        <ele>156.8000030517578125</ele>
        <time>2026-07-07T22:36:44.000Z</time>
        <extensions>
          <ns3:TrackPointExtension>
            <ns3:hr>159</ns3:hr>
            <ns3:cad>87</ns3:cad>
          </ns3:TrackPointExtension>
        </extensions>
      </trkpt>
      <trkpt lat="45.69955154322087764739990234375" lon="126.59442608244717121124267578125">
        <ele>156.8000030517578125</ele>
        <time>2026-07-07T22:36:45.000Z</time>
        <extensions>
          <ns3:TrackPointExtension>
            <ns3:hr>158</ns3:hr>
            <ns3:cad>87</ns3:cad>
          </ns3:TrackPointExtension>
        </extensions>
      </trkpt>
      <trkpt lat="45.69953687489032745361328125" lon="126.59442826174199581146240234375">
        <ele>156.8000030517578125</ele>
        <time>2026-07-07T22:36:46.000Z</time>
        <extensions>
          <ns3:TrackPointExtension>
            <ns3:hr>158</ns3:hr>
            <ns3:cad>86</ns3:cad>
          </ns3:TrackPointExtension>
        </extensions>
      </trkpt>
      <trkpt lat="45.69951566867530345916748046875" lon="126.5944332070648670196533203125">
        <ele>156.600006103515625</ele>
        <time>2026-07-07T22:36:47.000Z</time>
        <extensions>
          <ns3:TrackPointExtension>
            <ns3:hr>158</ns3:hr>
            <ns3:cad>85</ns3:cad>
          </ns3:TrackPointExtension>
        </extensions>
      </trkpt>
      <trkpt lat="45.69950024597346782684326171875" lon="126.59444510936737060546875">
        <ele>156.8000030517578125</ele>
        <time>2026-07-07T22:36:48.000Z</time>
        <extensions>
          <ns3:TrackPointExtension>
            <ns3:hr>158</ns3:hr>
            <ns3:cad>85</ns3:cad>
          </ns3:TrackPointExtension>
        </extensions>
      </trkpt>
      <trkpt lat="45.69947912357747554779052734375" lon="126.5944519825279712677001953125">
        <ele>156.8000030517578125</ele>
        <time>2026-07-07T22:36:49.000Z</time>
        <extensions>
          <ns3:TrackPointExtension>
            <ns3:hr>157</ns3:hr>
            <ns3:cad>85</ns3:cad>
          </ns3:TrackPointExtension>
        </extensions>
      </trkpt>
      <trkpt lat="45.69945900700986385345458984375" lon="126.5944529883563518524169921875">
        <ele>156.600006103515625</ele>
        <time>2026-07-07T22:36:50.000Z</time>
        <extensions>
          <ns3:TrackPointExtension>
            <ns3:hr>157</ns3:hr>
            <ns3:cad>84</ns3:cad>
          </ns3:TrackPointExtension>
        </extensions>
      </trkpt>
      <trkpt lat="45.69944207556545734405517578125" lon="126.59445919096469879150390625">
        <ele>156.600006103515625</ele>
        <time>2026-07-07T22:36:51.000Z</time>
        <extensions>
          <ns3:TrackPointExtension>
            <ns3:hr>157</ns3:hr>
            <ns3:cad>84</ns3:cad>
          </ns3:TrackPointExtension>
        </extensions>
      </trkpt>
      <trkpt lat="45.69942497648298740386962890625" lon="126.594466231763362884521484375">
        <ele>156.600006103515625</ele>
        <time>2026-07-07T22:36:52.000Z</time>
        <extensions>
          <ns3:TrackPointExtension>
            <ns3:hr>157</ns3:hr>
            <ns3:cad>83</ns3:cad>
          </ns3:TrackPointExtension>
        </extensions>
      </trkpt>
      <trkpt lat="45.69941617548465728759765625" lon="126.59447905607521533966064453125">
        <ele>156.8000030517578125</ele>
        <time>2026-07-07T22:36:53.000Z</time>
        <extensions>
          <ns3:TrackPointExtension>
            <ns3:hr>157</ns3:hr>
            <ns3:cad>83</ns3:cad>
          </ns3:TrackPointExtension>
        </extensions>
      </trkpt>
      <trkpt lat="45.6994061172008514404296875" lon="126.59448869526386260986328125">
        <ele>156.8000030517578125</ele>
        <time>2026-07-07T22:36:54.000Z</time>
        <extensions>
          <ns3:TrackPointExtension>
            <ns3:hr>157</ns3:hr>
            <ns3:cad>83</ns3:cad>
          </ns3:TrackPointExtension>
        </extensions>
      </trkpt>
      <trkpt lat="45.6993948854506015777587890625" lon="126.594497747719287872314453125">
        <ele>156.8000030517578125</ele>
        <time>2026-07-07T22:36:55.000Z</time>
        <extensions>
          <ns3:TrackPointExtension>
            <ns3:hr>157</ns3:hr>
            <ns3:cad>83</ns3:cad>
          </ns3:TrackPointExtension>
        </extensions>
      </trkpt>
      <trkpt lat="45.69937803782522678375244140625" lon="126.5944959037005901336669921875">
        <ele>157.1999969482421875</ele>
        <time>2026-07-07T22:36:56.000Z</time>
        <extensions>
          <ns3:TrackPointExtension>
            <ns3:hr>156</ns3:hr>
            <ns3:cad>83</ns3:cad>
          </ns3:TrackPointExtension>
        </extensions>
      </trkpt>
      <trkpt lat="45.699361860752105712890625" lon="126.59448358230292797088623046875">
        <ele>157.1999969482421875</ele>
        <time>2026-07-07T22:36:57.000Z</time>
        <extensions>
          <ns3:TrackPointExtension>
            <ns3:hr>156</ns3:hr>
            <ns3:cad>83</ns3:cad>
          </ns3:TrackPointExtension>
        </extensions>
      </trkpt>
      <trkpt lat="45.69934467785060405731201171875" lon="126.59447268582880496978759765625">
        <ele>157.399993896484375</ele>
        <time>2026-07-07T22:36:58.000Z</time>
        <extensions>
          <ns3:TrackPointExtension>
            <ns3:hr>156</ns3:hr>
            <ns3:cad>83</ns3:cad>
          </ns3:TrackPointExtension>
        </extensions>
      </trkpt>
      <trkpt lat="45.69932824932038784027099609375" lon="126.59446447156369686126708984375">
        <ele>157.1999969482421875</ele>
        <time>2026-07-07T22:36:59.000Z</time>
        <extensions>
          <ns3:TrackPointExtension>
            <ns3:hr>156</ns3:hr>
            <ns3:cad>83</ns3:cad>
          </ns3:TrackPointExtension>
        </extensions>
      </trkpt>
      <trkpt lat="45.699307881295680999755859375" lon="126.59446430392563343048095703125">
        <ele>157</ele>
        <time>2026-07-07T22:37:00.000Z</time>
        <extensions>
          <ns3:TrackPointExtension>
            <ns3:hr>155</ns3:hr>
            <ns3:cad>83</ns3:cad>
          </ns3:TrackPointExtension>
        </extensions>
      </trkpt>
      <trkpt lat="45.699284411966800689697265625" lon="126.5944583527743816375732421875">
        <ele>156.600006103515625</ele>
        <time>2026-07-07T22:37:01.000Z</time>
        <extensions>
          <ns3:TrackPointExtension>
            <ns3:hr>155</ns3:hr>
            <ns3:cad>83</ns3:cad>
          </ns3:TrackPointExtension>
        </extensions>
      </trkpt>
      <trkpt lat="45.69926655851304531097412109375" lon="126.59445826895534992218017578125">
        <ele>156.399993896484375</ele>
        <time>2026-07-07T22:37:02.000Z</time>
        <extensions>
          <ns3:TrackPointExtension>
            <ns3:hr>155</ns3:hr>
            <ns3:cad>83</ns3:cad>
          </ns3:TrackPointExtension>
        </extensions>
      </trkpt>
      <trkpt lat="45.69923755712807178497314453125" lon="126.59445491619408130645751953125">
        <ele>156.1999969482421875</ele>
        <time>2026-07-07T22:37:03.000Z</time>
        <extensions>
          <ns3:TrackPointExtension>
            <ns3:hr>155</ns3:hr>
            <ns3:cad>83</ns3:cad>
          </ns3:TrackPointExtension>
        </extensions>
      </trkpt>
      <trkpt lat="45.6992195360362529754638671875" lon="126.59447084181010723114013671875">
        <ele>156.1999969482421875</ele>
        <time>2026-07-07T22:37:04.000Z</time>
        <extensions>
          <ns3:TrackPointExtension>
            <ns3:hr>154</ns3:hr>
            <ns3:cad>83</ns3:cad>
          </ns3:TrackPointExtension>
        </extensions>
      </trkpt>
      <trkpt lat="45.6991900317370891571044921875" lon="126.59447134472429752349853515625">
        <ele>156.1999969482421875</ele>
        <time>2026-07-07T22:37:05.000Z</time>
        <extensions>
          <ns3:TrackPointExtension>
            <ns3:hr>154</ns3:hr>
            <ns3:cad>85</ns3:cad>
          </ns3:TrackPointExtension>
        </extensions>
      </trkpt>
      <trkpt lat="45.6991685740649700164794921875" lon="126.59447930753231048583984375">
        <ele>156.399993896484375</ele>
        <time>2026-07-07T22:37:06.000Z</time>
        <extensions>
          <ns3:TrackPointExtension>
            <ns3:hr>154</ns3:hr>
            <ns3:cad>86</ns3:cad>
          </ns3:TrackPointExtension>
        </extensions>
      </trkpt>
      <trkpt lat="45.69913881830871105194091796875" lon="126.59447838552296161651611328125">
        <ele>156.399993896484375</ele>
        <time>2026-07-07T22:37:07.000Z</time>
        <extensions>
          <ns3:TrackPointExtension>
            <ns3:hr>154</ns3:hr>
            <ns3:cad>87</ns3:cad>
          </ns3:TrackPointExtension>
        </extensions>
      </trkpt>
      <trkpt lat="45.69911836646497249603271484375" lon="126.59448274411261081695556640625">
        <ele>156.399993896484375</ele>
        <time>2026-07-07T22:37:08.000Z</time>
        <extensions>
          <ns3:TrackPointExtension>
            <ns3:hr>154</ns3:hr>
            <ns3:cad>87</ns3:cad>
          </ns3:TrackPointExtension>
        </extensions>
      </trkpt>
      <trkpt lat="45.69908852688968181610107421875" lon="126.5944922156631946563720703125">
        <ele>156.399993896484375</ele>
        <time>2026-07-07T22:37:09.000Z</time>
        <extensions>
          <ns3:TrackPointExtension>
            <ns3:hr>153</ns3:hr>
            <ns3:cad>87</ns3:cad>
          </ns3:TrackPointExtension>
        </extensions>
      </trkpt>
      <trkpt lat="45.6990666501224040985107421875" lon="126.59450638107955455780029296875">
        <ele>156.399993896484375</ele>
        <time>2026-07-07T22:37:10.000Z</time>
        <extensions>
          <ns3:TrackPointExtension>
            <ns3:hr>153</ns3:hr>
            <ns3:cad>87</ns3:cad>
          </ns3:TrackPointExtension>
        </extensions>
      </trkpt>
      <trkpt lat="45.6990431807935237884521484375" lon="126.59453035332262516021728515625">
        <ele>156.399993896484375</ele>
        <time>2026-07-07T22:37:11.000Z</time>
        <extensions>
          <ns3:TrackPointExtension>
            <ns3:hr>153</ns3:hr>
            <ns3:cad>87</ns3:cad>
          </ns3:TrackPointExtension>
        </extensions>
      </trkpt>
      <trkpt lat="45.699022896587848663330078125" lon="126.594545356929302215576171875">
        <ele>156.399993896484375</ele>
        <time>2026-07-07T22:37:12.000Z</time>
        <extensions>
          <ns3:TrackPointExtension>
            <ns3:hr>153</ns3:hr>
            <ns3:cad>87</ns3:cad>
          </ns3:TrackPointExtension>
        </extensions>
      </trkpt>
      <trkpt lat="45.69900571368634700775146484375" lon="126.59456840716302394866943359375">
        <ele>156.399993896484375</ele>
        <time>2026-07-07T22:37:13.000Z</time>
        <extensions>
          <ns3:TrackPointExtension>
            <ns3:hr>153</ns3:hr>
            <ns3:cad>87</ns3:cad>
          </ns3:TrackPointExtension>
        </extensions>
      </trkpt>
      <trkpt lat="45.69898123852908611297607421875" lon="126.59457863308489322662353515625">
        <ele>156.600006103515625</ele>
        <time>2026-07-07T22:37:14.000Z</time>
        <extensions>
          <ns3:TrackPointExtension>
            <ns3:hr>153</ns3:hr>
            <ns3:cad>87</ns3:cad>
          </ns3:TrackPointExtension>
        </extensions>
      </trkpt>
      <trkpt lat="45.698959194123744964599609375" lon="126.59459355287253856658935546875">
        <ele>156.600006103515625</ele>
        <time>2026-07-07T22:37:15.000Z</time>
        <extensions>
          <ns3:TrackPointExtension>
            <ns3:hr>153</ns3:hr>
            <ns3:cad>87</ns3:cad>
          </ns3:TrackPointExtension>
        </extensions>
      </trkpt>
      <trkpt lat="45.698935724794864654541015625" lon="126.5945904515683650970458984375">
        <ele>156.600006103515625</ele>
        <time>2026-07-07T22:37:16.000Z</time>
        <extensions>
          <ns3:TrackPointExtension>
            <ns3:hr>153</ns3:hr>
            <ns3:cad>87</ns3:cad>
          </ns3:TrackPointExtension>
        </extensions>
      </trkpt>
      <trkpt lat="45.69891317747533321380615234375" lon="126.59458466805517673492431640625">
        <ele>156.600006103515625</ele>
        <time>2026-07-07T22:37:17.000Z</time>
        <extensions>
          <ns3:TrackPointExtension>
            <ns3:hr>153</ns3:hr>
            <ns3:cad>87</ns3:cad>
          </ns3:TrackPointExtension>
        </extensions>
      </trkpt>
      <trkpt lat="45.69888752885162830352783203125" lon="126.5945629589259624481201171875">
        <ele>156.8000030517578125</ele>
        <time>2026-07-07T22:37:18.000Z</time>
        <extensions>
          <ns3:TrackPointExtension>
            <ns3:hr>152</ns3:hr>
            <ns3:cad>87</ns3:cad>
          </ns3:TrackPointExtension>
        </extensions>
      </trkpt>
      <trkpt lat="45.69887177087366580963134765625" lon="126.594560779631137847900390625">
        <ele>156.8000030517578125</ele>
        <time>2026-07-07T22:37:19.000Z</time>
        <extensions>
          <ns3:TrackPointExtension>
            <ns3:hr>152</ns3:hr>
            <ns3:cad>87</ns3:cad>
          </ns3:TrackPointExtension>
        </extensions>
      </trkpt>
      <trkpt lat="45.69883991964161396026611328125" lon="126.59455130808055400848388671875">
        <ele>156.8000030517578125</ele>
        <time>2026-07-07T22:37:20.000Z</time>
        <extensions>
          <ns3:TrackPointExtension>
            <ns3:hr>152</ns3:hr>
            <ns3:cad>87</ns3:cad>
          </ns3:TrackPointExtension>
        </extensions>
      </trkpt>
      <trkpt lat="45.69881963543593883514404296875" lon="126.59455281682312488555908203125">
        <ele>156.8000030517578125</ele>
        <time>2026-07-07T22:37:21.000Z</time>
        <extensions>
          <ns3:TrackPointExtension>
            <ns3:hr>152</ns3:hr>
            <ns3:cad>87</ns3:cad>
          </ns3:TrackPointExtension>
        </extensions>
      </trkpt>
      <trkpt lat="45.69878711365163326263427734375" lon="126.59455818124115467071533203125">
        <ele>156.8000030517578125</ele>
        <time>2026-07-07T22:37:22.000Z</time>
        <extensions>
          <ns3:TrackPointExtension>
            <ns3:hr>152</ns3:hr>
            <ns3:cad>87</ns3:cad>
          </ns3:TrackPointExtension>
        </extensions>
      </trkpt>
      <trkpt lat="45.6987645663321018218994140625" lon="126.5945535711944103240966796875">
        <ele>156.600006103515625</ele>
        <time>2026-07-07T22:37:23.000Z</time>
        <extensions>
          <ns3:TrackPointExtension>
            <ns3:hr>152</ns3:hr>
            <ns3:cad>87</ns3:cad>
          </ns3:TrackPointExtension>
        </extensions>
      </trkpt>
      <trkpt lat="45.69873447529971599578857421875" lon="126.59456153400242328643798828125">
        <ele>156.600006103515625</ele>
        <time>2026-07-07T22:37:24.000Z</time>
        <extensions>
          <ns3:TrackPointExtension>
            <ns3:hr>152</ns3:hr>
            <ns3:cad>87</ns3:cad>
          </ns3:TrackPointExtension>
        </extensions>
      </trkpt>
      <trkpt lat="45.698707737028598785400390625" lon="126.594564132392406463623046875">
        <ele>156.600006103515625</ele>
        <time>2026-07-07T22:37:25.000Z</time>
        <extensions>
          <ns3:TrackPointExtension>
            <ns3:hr>152</ns3:hr>
            <ns3:cad>87</ns3:cad>
          </ns3:TrackPointExtension>
        </extensions>
      </trkpt>
      <trkpt lat="45.6986841000616550445556640625" lon="126.5945716761052608489990234375">
        <ele>156.600006103515625</ele>
        <time>2026-07-07T22:37:26.000Z</time>
        <extensions>
          <ns3:TrackPointExtension>
            <ns3:hr>152</ns3:hr>
            <ns3:cad>87</ns3:cad>
          </ns3:TrackPointExtension>
        </extensions>
      </trkpt>
      <trkpt lat="45.698654763400554656982421875" lon="126.59457393921911716461181640625">
        <ele>156.600006103515625</ele>
        <time>2026-07-07T22:37:27.000Z</time>
        <extensions>
          <ns3:TrackPointExtension>
            <ns3:hr>152</ns3:hr>
            <ns3:cad>87</ns3:cad>
          </ns3:TrackPointExtension>
        </extensions>
      </trkpt>
      <trkpt lat="45.69863389246165752410888671875" lon="126.5945854224264621734619140625">
        <ele>156.600006103515625</ele>
        <time>2026-07-07T22:37:28.000Z</time>
        <extensions>
          <ns3:TrackPointExtension>
            <ns3:hr>152</ns3:hr>
            <ns3:cad>87</ns3:cad>
          </ns3:TrackPointExtension>
        </extensions>
      </trkpt>
      <trkpt lat="45.69860338233411312103271484375" lon="126.5945820696651935577392578125">
        <ele>156.600006103515625</ele>
        <time>2026-07-07T22:37:29.000Z</time>
        <extensions>
          <ns3:TrackPointExtension>
            <ns3:hr>152</ns3:hr>
            <ns3:cad>87</ns3:cad>
          </ns3:TrackPointExtension>
        </extensions>
      </trkpt>
      <trkpt lat="45.6985835172235965728759765625" lon="126.5945904515683650970458984375">
        <ele>156.600006103515625</ele>
        <time>2026-07-07T22:37:30.000Z</time>
        <extensions>
          <ns3:TrackPointExtension>
            <ns3:hr>152</ns3:hr>
            <ns3:cad>87</ns3:cad>
          </ns3:TrackPointExtension>
        </extensions>
      </trkpt>
      <trkpt lat="45.6985533423721790313720703125" lon="126.5945870988070964813232421875">
        <ele>156.600006103515625</ele>
        <time>2026-07-07T22:37:31.000Z</time>
        <extensions>
          <ns3:TrackPointExtension>
            <ns3:hr>152</ns3:hr>
            <ns3:cad>87</ns3:cad>
          </ns3:TrackPointExtension>
        </extensions>
      </trkpt>
      <trkpt lat="45.69853548891842365264892578125" lon="126.594596318900585174560546875">
        <ele>156.600006103515625</ele>
        <time>2026-07-07T22:37:32.000Z</time>
        <extensions>
          <ns3:TrackPointExtension>
            <ns3:hr>152</ns3:hr>
            <ns3:cad>87</ns3:cad>
          </ns3:TrackPointExtension>
        </extensions>
      </trkpt>
      <trkpt lat="45.69850464351475238800048828125" lon="126.5946005098521709442138671875">
        <ele>156.600006103515625</ele>
        <time>2026-07-07T22:37:33.000Z</time>
        <extensions>
          <ns3:TrackPointExtension>
            <ns3:hr>152</ns3:hr>
            <ns3:cad>87</ns3:cad>
          </ns3:TrackPointExtension>
        </extensions>
      </trkpt>
      <trkpt lat="45.6984834372997283935546875" lon="126.59460511989891529083251953125">
        <ele>156.600006103515625</ele>
        <time>2026-07-07T22:37:34.000Z</time>
        <extensions>
          <ns3:TrackPointExtension>
            <ns3:hr>152</ns3:hr>
            <ns3:cad>87</ns3:cad>
          </ns3:TrackPointExtension>
        </extensions>
      </trkpt>
      <trkpt lat="45.69845418445765972137451171875" lon="126.594608724117279052734375">
        <ele>156.600006103515625</ele>
        <time>2026-07-07T22:37:35.000Z</time>
        <extensions>
          <ns3:TrackPointExtension>
            <ns3:hr>152</ns3:hr>
            <ns3:cad>87</ns3:cad>
          </ns3:TrackPointExtension>
        </extensions>
      </trkpt>
      <trkpt lat="45.69843272678554058074951171875" lon="126.59461316652595996856689453125">
        <ele>156.600006103515625</ele>
        <time>2026-07-07T22:37:36.000Z</time>
        <extensions>
          <ns3:TrackPointExtension>
            <ns3:hr>152</ns3:hr>
            <ns3:cad>87</ns3:cad>
          </ns3:TrackPointExtension>
        </extensions>
      </trkpt>
      <trkpt lat="45.69840523414313793182373046875" lon="126.59461886622011661529541015625">
        <ele>156.600006103515625</ele>
        <time>2026-07-07T22:37:37.000Z</time>
        <extensions>
          <ns3:TrackPointExtension>
            <ns3:hr>152</ns3:hr>
            <ns3:cad>87</ns3:cad>
          </ns3:TrackPointExtension>
        </extensions>
      </trkpt>
      <trkpt lat="45.69838084280490875244140625" lon="126.5946202911436557769775390625">
        <ele>156.600006103515625</ele>
        <time>2026-07-07T22:37:38.000Z</time>
        <extensions>
          <ns3:TrackPointExtension>
            <ns3:hr>153</ns3:hr>
            <ns3:cad>87</ns3:cad>
          </ns3:TrackPointExtension>
        </extensions>
      </trkpt>
      <trkpt lat="45.6983562000095844268798828125" lon="126.59462548792362213134765625">
        <ele>156.600006103515625</ele>
        <time>2026-07-07T22:37:39.000Z</time>
        <extensions>
          <ns3:TrackPointExtension>
            <ns3:hr>153</ns3:hr>
            <ns3:cad>87</ns3:cad>
          </ns3:TrackPointExtension>
        </extensions>
      </trkpt>
      <trkpt lat="45.6983320601284503936767578125" lon="126.59462490119040012359619140625">
        <ele>156.600006103515625</ele>
        <time>2026-07-07T22:37:40.000Z</time>
        <extensions>
          <ns3:TrackPointExtension>
            <ns3:hr>153</ns3:hr>
            <ns3:cad>87</ns3:cad>
          </ns3:TrackPointExtension>
        </extensions>
      </trkpt>
      <trkpt lat="45.6983117759227752685546875" lon="126.59463177435100078582763671875">
        <ele>156.600006103515625</ele>
        <time>2026-07-07T22:37:41.000Z</time>
        <extensions>
          <ns3:TrackPointExtension>
            <ns3:hr>152</ns3:hr>
            <ns3:cad>87</ns3:cad>
          </ns3:TrackPointExtension>
        </extensions>
      </trkpt>
      <trkpt lat="45.69828436709940433502197265625" lon="126.59463219344615936279296875">
        <ele>156.600006103515625</ele>
        <time>2026-07-07T22:37:42.000Z</time>
        <extensions>
          <ns3:TrackPointExtension>
            <ns3:hr>153</ns3:hr>
            <ns3:cad>88</ns3:cad>
          </ns3:TrackPointExtension>
        </extensions>
      </trkpt>
      <trkpt lat="45.6982619874179363250732421875" lon="126.594639234244823455810546875">
        <ele>156.399993896484375</ele>
        <time>2026-07-07T22:37:43.000Z</time>
        <extensions>
          <ns3:TrackPointExtension>
            <ns3:hr>153</ns3:hr>
            <ns3:cad>88</ns3:cad>
          </ns3:TrackPointExtension>
        </extensions>
      </trkpt>
      <trkpt lat="45.69823273457586765289306640625" lon="126.5946394018828868865966796875">
        <ele>156.399993896484375</ele>
        <time>2026-07-07T22:37:44.000Z</time>
        <extensions>
          <ns3:TrackPointExtension>
            <ns3:hr>153</ns3:hr>
            <ns3:cad>88</ns3:cad>
          </ns3:TrackPointExtension>
        </extensions>
      </trkpt>
      <trkpt lat="45.69820784032344818115234375" lon="126.59464535303413867950439453125">
        <ele>156.399993896484375</ele>
        <time>2026-07-07T22:37:45.000Z</time>
        <extensions>
          <ns3:TrackPointExtension>
            <ns3:hr>154</ns3:hr>
            <ns3:cad>88</ns3:cad>
          </ns3:TrackPointExtension>
        </extensions>
      </trkpt>
      <trkpt lat="45.69817833602428436279296875" lon="126.59464962780475616455078125">
        <ele>156.399993896484375</ele>
        <time>2026-07-07T22:37:46.000Z</time>
        <extensions>
          <ns3:TrackPointExtension>
            <ns3:hr>154</ns3:hr>
            <ns3:cad>89</ns3:cad>
          </ns3:TrackPointExtension>
        </extensions>
      </trkpt>
      <trkpt lat="45.6981546990573406219482421875" lon="126.5946551598608493804931640625">
        <ele>156.399993896484375</ele>
        <time>2026-07-07T22:37:47.000Z</time>
        <extensions>
          <ns3:TrackPointExtension>
            <ns3:hr>155</ns3:hr>
            <ns3:cad>89</ns3:cad>
          </ns3:TrackPointExtension>
        </extensions>
      </trkpt>
      <trkpt lat="45.69812561385333538055419921875" lon="126.594657003879547119140625">
        <ele>156.600006103515625</ele>
        <time>2026-07-07T22:37:48.000Z</time>
        <extensions>
          <ns3:TrackPointExtension>
            <ns3:hr>155</ns3:hr>
            <ns3:cad>89</ns3:cad>
          </ns3:TrackPointExtension>
        </extensions>
      </trkpt>
      <trkpt lat="45.69809996522963047027587890625" lon="126.5946588478982448577880859375">
        <ele>156.600006103515625</ele>
        <time>2026-07-07T22:37:49.000Z</time>
        <extensions>
          <ns3:TrackPointExtension>
            <ns3:hr>155</ns3:hr>
            <ns3:cad>89</ns3:cad>
          </ns3:TrackPointExtension>
        </extensions>
      </trkpt>
      <trkpt lat="45.698072053492069244384765625" lon="126.5946538187563419342041015625">
        <ele>156.600006103515625</ele>
        <time>2026-07-07T22:37:50.000Z</time>
        <extensions>
          <ns3:TrackPointExtension>
            <ns3:hr>156</ns3:hr>
            <ns3:cad>89</ns3:cad>
          </ns3:TrackPointExtension>
        </extensions>
      </trkpt>
      <trkpt lat="45.698050595819950103759765625" lon="126.5946491248905658721923828125">
        <ele>156.600006103515625</ele>
        <time>2026-07-07T22:37:51.000Z</time>
        <extensions>
          <ns3:TrackPointExtension>
            <ns3:hr>156</ns3:hr>
            <ns3:cad>89</ns3:cad>
          </ns3:TrackPointExtension>
        </extensions>
      </trkpt>
      <trkpt lat="45.6980289705097675323486328125" lon="126.594635881483554840087890625">
        <ele>156.600006103515625</ele>
        <time>2026-07-07T22:37:52.000Z</time>
        <extensions>
          <ns3:TrackPointExtension>
            <ns3:hr>157</ns3:hr>
            <ns3:cad>89</ns3:cad>
          </ns3:TrackPointExtension>
        </extensions>
      </trkpt>
      <trkpt lat="45.69801497273147106170654296875" lon="126.59461316652595996856689453125">
        <ele>156.600006103515625</ele>
        <time>2026-07-07T22:37:53.000Z</time>
        <extensions>
          <ns3:TrackPointExtension>
            <ns3:hr>157</ns3:hr>
            <ns3:cad>89</ns3:cad>
          </ns3:TrackPointExtension>
        </extensions>
      </trkpt>
      <trkpt lat="45.69800223223865032196044921875" lon="126.59457997418940067291259765625">
        <ele>156.399993896484375</ele>
        <time>2026-07-07T22:37:54.000Z</time>
        <extensions>
          <ns3:TrackPointExtension>
            <ns3:hr>157</ns3:hr>
            <ns3:cad>88</ns3:cad>
          </ns3:TrackPointExtension>
        </extensions>
      </trkpt>
      <trkpt lat="45.6979924254119396209716796875" lon="126.59454979933798313140869140625">
        <ele>156.399993896484375</ele>
        <time>2026-07-07T22:37:55.000Z</time>
        <extensions>
          <ns3:TrackPointExtension>
            <ns3:hr>157</ns3:hr>
            <ns3:cad>88</ns3:cad>
          </ns3:TrackPointExtension>
        </extensions>
      </trkpt>
      <trkpt lat="45.6979800201952457427978515625" lon="126.594517193734645843505859375">
        <ele>156.399993896484375</ele>
        <time>2026-07-07T22:37:56.000Z</time>
        <extensions>
          <ns3:TrackPointExtension>
            <ns3:hr>157</ns3:hr>
            <ns3:cad>88</ns3:cad>
          </ns3:TrackPointExtension>
        </extensions>
      </trkpt>
      <trkpt lat="45.69796719588339328765869140625" lon="126.59448735415935516357421875">
        <ele>156.600006103515625</ele>
        <time>2026-07-07T22:37:57.000Z</time>
        <extensions>
          <ns3:TrackPointExtension>
            <ns3:hr>157</ns3:hr>
            <ns3:cad>88</ns3:cad>
          </ns3:TrackPointExtension>
        </extensions>
      </trkpt>
      <trkpt lat="45.69795026443898677825927734375" lon="126.59446430392563343048095703125">
        <ele>156.600006103515625</ele>
        <time>2026-07-07T22:37:58.000Z</time>
        <extensions>
          <ns3:TrackPointExtension>
            <ns3:hr>157</ns3:hr>
            <ns3:cad>88</ns3:cad>
          </ns3:TrackPointExtension>
        </extensions>
      </trkpt>
      <trkpt lat="45.69792914204299449920654296875" lon="126.59444100223481655120849609375">
        <ele>156.600006103515625</ele>
        <time>2026-07-07T22:37:59.000Z</time>
        <extensions>
          <ns3:TrackPointExtension>
            <ns3:hr>157</ns3:hr>
            <ns3:cad>88</ns3:cad>
          </ns3:TrackPointExtension>
        </extensions>
      </trkpt>
      <trkpt lat="45.69790399633347988128662109375" lon="126.59442901611328125">
        <ele>156.600006103515625</ele>
        <time>2026-07-07T22:38:00.000Z</time>
        <extensions>
          <ns3:TrackPointExtension>
            <ns3:hr>157</ns3:hr>
            <ns3:cad>88</ns3:cad>
          </ns3:TrackPointExtension>
        </extensions>
      </trkpt>
      <trkpt lat="45.69787834770977497100830078125" lon="126.5944187901914119720458984375">
        <ele>156.600006103515625</ele>
        <time>2026-07-07T22:38:01.000Z</time>
        <extensions>
          <ns3:TrackPointExtension>
            <ns3:hr>158</ns3:hr>
            <ns3:cad>88</ns3:cad>
          </ns3:TrackPointExtension>
        </extensions>
      </trkpt>
      <trkpt lat="45.69785437546670436859130859375" lon="126.5944231487810611724853515625">
        <ele>156.600006103515625</ele>
        <time>2026-07-07T22:38:02.000Z</time>
        <extensions>
          <ns3:TrackPointExtension>
            <ns3:hr>158</ns3:hr>
            <ns3:cad>88</ns3:cad>
          </ns3:TrackPointExtension>
        </extensions>
      </trkpt>
      <trkpt lat="45.69782830774784088134765625" lon="126.59442021511495113372802734375">
        <ele>156.399993896484375</ele>
        <time>2026-07-07T22:38:03.000Z</time>
        <extensions>
          <ns3:TrackPointExtension>
            <ns3:hr>158</ns3:hr>
            <ns3:cad>88</ns3:cad>
          </ns3:TrackPointExtension>
        </extensions>
      </trkpt>
      <trkpt lat="45.6978075206279754638671875" lon="126.59442574717104434967041015625">
        <ele>156.399993896484375</ele>
        <time>2026-07-07T22:38:04.000Z</time>
        <extensions>
          <ns3:TrackPointExtension>
            <ns3:hr>159</ns3:hr>
            <ns3:cad>88</ns3:cad>
          </ns3:TrackPointExtension>
        </extensions>
      </trkpt>
      <trkpt lat="45.697784386575222015380859375" lon="126.59443396143615245819091796875">
        <ele>156.399993896484375</ele>
        <time>2026-07-07T22:38:05.000Z</time>
        <extensions>
          <ns3:TrackPointExtension>
            <ns3:hr>161</ns3:hr>
            <ns3:cad>87</ns3:cad>
          </ns3:TrackPointExtension>
        </extensions>
      </trkpt>
      <trkpt lat="45.6977614201605319976806640625" lon="126.5944372303783893585205078125">
        <ele>156.399993896484375</ele>
        <time>2026-07-07T22:38:06.000Z</time>
        <extensions>
          <ns3:TrackPointExtension>
            <ns3:hr>164</ns3:hr>
            <ns3:cad>87</ns3:cad>
          </ns3:TrackPointExtension>
        </extensions>
      </trkpt>
      <trkpt lat="45.69773853756487369537353515625" lon="126.59444452263414859771728515625">
        <ele>156.399993896484375</ele>
        <time>2026-07-07T22:38:07.000Z</time>
        <extensions>
          <ns3:TrackPointExtension>
            <ns3:hr>165</ns3:hr>
            <ns3:cad>88</ns3:cad>
          </ns3:TrackPointExtension>
        </extensions>
      </trkpt>
      <trkpt lat="45.6977164931595325469970703125" lon="126.5944503061473369598388671875">
        <ele>156.399993896484375</ele>
        <time>2026-07-07T22:38:08.000Z</time>
        <extensions>
          <ns3:TrackPointExtension>
            <ns3:hr>165</ns3:hr>
            <ns3:cad>88</ns3:cad>
          </ns3:TrackPointExtension>
        </extensions>
      </trkpt>
      <trkpt lat="45.69769159890711307525634765625" lon="126.5944563411176204681396484375">
        <ele>156.399993896484375</ele>
        <time>2026-07-07T22:38:09.000Z</time>
        <extensions>
          <ns3:TrackPointExtension>
            <ns3:hr>165</ns3:hr>
            <ns3:cad>88</ns3:cad>
          </ns3:TrackPointExtension>
        </extensions>
      </trkpt>
      <trkpt lat="45.69766846485435962677001953125" lon="126.59446380101144313812255859375">
        <ele>156.1999969482421875</ele>
        <time>2026-07-07T22:38:10.000Z</time>
        <extensions>
          <ns3:TrackPointExtension>
            <ns3:hr>165</ns3:hr>
            <ns3:cad>88</ns3:cad>
          </ns3:TrackPointExtension>
        </extensions>
      </trkpt>
      <trkpt lat="45.69764281623065471649169921875" lon="126.59446514211595058441162109375">
        <ele>156.1999969482421875</ele>
        <time>2026-07-07T22:38:11.000Z</time>
        <extensions>
          <ns3:TrackPointExtension>
            <ns3:hr>165</ns3:hr>
            <ns3:cad>88</ns3:cad>
          </ns3:TrackPointExtension>
        </extensions>
      </trkpt>
      <trkpt lat="45.6976169161498546600341796875" lon="126.59446530975401401519775390625">
        <ele>156.1999969482421875</ele>
        <time>2026-07-07T22:38:12.000Z</time>
        <extensions>
          <ns3:TrackPointExtension>
            <ns3:hr>165</ns3:hr>
            <ns3:cad>88</ns3:cad>
          </ns3:TrackPointExtension>
        </extensions>
      </trkpt>
      <trkpt lat="45.6975937820971012115478515625" lon="126.5944680757820606231689453125">
        <ele>156.1999969482421875</ele>
        <time>2026-07-07T22:38:13.000Z</time>
        <extensions>
          <ns3:TrackPointExtension>
            <ns3:hr>165</ns3:hr>
            <ns3:cad>88</ns3:cad>
          </ns3:TrackPointExtension>
        </extensions>
      </trkpt>
      <trkpt lat="45.69757257588207721710205078125" lon="126.59447436220943927764892578125">
        <ele>156.1999969482421875</ele>
        <time>2026-07-07T22:38:14.000Z</time>
        <extensions>
          <ns3:TrackPointExtension>
            <ns3:hr>165</ns3:hr>
            <ns3:cad>88</ns3:cad>
          </ns3:TrackPointExtension>
        </extensions>
      </trkpt>
      <trkpt lat="45.69754508323967456817626953125" lon="126.5944777987897396087646484375">
        <ele>156.1999969482421875</ele>
        <time>2026-07-07T22:38:15.000Z</time>
        <extensions>
          <ns3:TrackPointExtension>
            <ns3:hr>165</ns3:hr>
            <ns3:cad>88</ns3:cad>
          </ns3:TrackPointExtension>
        </extensions>
      </trkpt>
      <trkpt lat="45.69752194918692111968994140625" lon="126.59447930753231048583984375">
        <ele>156.1999969482421875</ele>
        <time>2026-07-07T22:38:16.000Z</time>
        <extensions>
          <ns3:TrackPointExtension>
            <ns3:hr>165</ns3:hr>
            <ns3:cad>87</ns3:cad>
          </ns3:TrackPointExtension>
        </extensions>
      </trkpt>
      <trkpt lat="45.6974990665912628173828125" lon="126.59448643215000629425048828125">
        <ele>156</ele>
        <time>2026-07-07T22:38:17.000Z</time>
        <extensions>
          <ns3:TrackPointExtension>
            <ns3:hr>165</ns3:hr>
            <ns3:cad>87</ns3:cad>
          </ns3:TrackPointExtension>
        </extensions>
      </trkpt>
      <trkpt lat="45.6974710710346698760986328125" lon="126.594489030539989471435546875">
        <ele>156</ele>
        <time>2026-07-07T22:38:18.000Z</time>
        <extensions>
          <ns3:TrackPointExtension>
            <ns3:hr>164</ns3:hr>
            <ns3:cad>88</ns3:cad>
          </ns3:TrackPointExtension>
        </extensions>
      </trkpt>
      <trkpt lat="45.69744919426739215850830078125" lon="126.59449984319508075714111328125">
        <ele>156</ele>
        <time>2026-07-07T22:38:19.000Z</time>
        <extensions>
          <ns3:TrackPointExtension>
            <ns3:hr>164</ns3:hr>
            <ns3:cad>88</ns3:cad>
          </ns3:TrackPointExtension>
        </extensions>
      </trkpt>
      <trkpt lat="45.697424300014972686767578125" lon="126.5945083089172840118408203125">
        <ele>156</ele>
        <time>2026-07-07T22:38:20.000Z</time>
        <extensions>
          <ns3:TrackPointExtension>
            <ns3:hr>164</ns3:hr>
            <ns3:cad>88</ns3:cad>
          </ns3:TrackPointExtension>
        </extensions>
      </trkpt>
      <trkpt lat="45.6974020041525363922119140625" lon="126.59451593644917011260986328125">
        <ele>156</ele>
        <time>2026-07-07T22:38:21.000Z</time>
        <extensions>
          <ns3:TrackPointExtension>
            <ns3:hr>164</ns3:hr>
            <ns3:cad>88</ns3:cad>
          </ns3:TrackPointExtension>
        </extensions>
      </trkpt>
      <trkpt lat="45.697376020252704620361328125" lon="126.59452565945684909820556640625">
        <ele>156</ele>
        <time>2026-07-07T22:38:22.000Z</time>
        <extensions>
          <ns3:TrackPointExtension>
            <ns3:hr>164</ns3:hr>
            <ns3:cad>88</ns3:cad>
          </ns3:TrackPointExtension>
        </extensions>
      </trkpt>
      <trkpt lat="45.69735028780996799468994140625" lon="126.59453437663614749908447265625">
        <ele>156</ele>
        <time>2026-07-07T22:38:23.000Z</time>
        <extensions>
          <ns3:TrackPointExtension>
            <ns3:hr>164</ns3:hr>
            <ns3:cad>88</ns3:cad>
          </ns3:TrackPointExtension>
        </extensions>
      </trkpt>
      <trkpt lat="45.69732765667140483856201171875" lon="126.59454678185284137725830078125">
        <ele>156</ele>
        <time>2026-07-07T22:38:24.000Z</time>
        <extensions>
          <ns3:TrackPointExtension>
            <ns3:hr>164</ns3:hr>
            <ns3:cad>88</ns3:cad>
          </ns3:TrackPointExtension>
        </extensions>
      </trkpt>
      <trkpt lat="45.6973051093518733978271484375" lon="126.59456287510693073272705078125">
        <ele>155.8000030517578125</ele>
        <time>2026-07-07T22:38:25.000Z</time>
        <extensions>
          <ns3:TrackPointExtension>
            <ns3:hr>164</ns3:hr>
            <ns3:cad>88</ns3:cad>
          </ns3:TrackPointExtension>
        </extensions>
      </trkpt>
      <trkpt lat="45.69728021509945392608642578125" lon="126.59457712434232234954833984375">
        <ele>155.8000030517578125</ele>
        <time>2026-07-07T22:38:26.000Z</time>
        <extensions>
          <ns3:TrackPointExtension>
            <ns3:hr>164</ns3:hr>
            <ns3:cad>88</ns3:cad>
          </ns3:TrackPointExtension>
        </extensions>
      </trkpt>
      <trkpt lat="45.6972581706941127777099609375" lon="126.59459388814866542816162109375">
        <ele>155.8000030517578125</ele>
        <time>2026-07-07T22:38:27.000Z</time>
        <extensions>
          <ns3:TrackPointExtension>
            <ns3:hr>163</ns3:hr>
            <ns3:cad>88</ns3:cad>
          </ns3:TrackPointExtension>
        </extensions>
      </trkpt>
      <trkpt lat="45.69723553955554962158203125" lon="126.5946102328598499298095703125">
        <ele>155.600006103515625</ele>
        <time>2026-07-07T22:38:28.000Z</time>
        <extensions>
          <ns3:TrackPointExtension>
            <ns3:hr>164</ns3:hr>
            <ns3:cad>88</ns3:cad>
          </ns3:TrackPointExtension>
        </extensions>
      </trkpt>
      <trkpt lat="45.697214417159557342529296875" lon="126.59462171606719493865966796875">
        <ele>155.600006103515625</ele>
        <time>2026-07-07T22:38:29.000Z</time>
        <extensions>
          <ns3:TrackPointExtension>
            <ns3:hr>163</ns3:hr>
            <ns3:cad>88</ns3:cad>
          </ns3:TrackPointExtension>
        </extensions>
      </trkpt>
      <trkpt lat="45.69719128310680389404296875" lon="126.59463026560842990875244140625">
        <ele>155.399993896484375</ele>
        <time>2026-07-07T22:38:30.000Z</time>
        <extensions>
          <ns3:TrackPointExtension>
            <ns3:hr>163</ns3:hr>
            <ns3:cad>87</ns3:cad>
          </ns3:TrackPointExtension>
        </extensions>
      </trkpt>
      <trkpt lat="45.697171501815319061279296875" lon="126.59463730640709400177001953125">
        <ele>155.399993896484375</ele>
        <time>2026-07-07T22:38:31.000Z</time>
        <extensions>
          <ns3:TrackPointExtension>
            <ns3:hr>163</ns3:hr>
            <ns3:cad>87</ns3:cad>
          </ns3:TrackPointExtension>
        </extensions>
      </trkpt>
      <trkpt lat="45.69714643992483615875244140625" lon="126.59464652650058269500732421875">
        <ele>155.1999969482421875</ele>
        <time>2026-07-07T22:38:32.000Z</time>
        <extensions>
          <ns3:TrackPointExtension>
            <ns3:hr>163</ns3:hr>
            <ns3:cad>88</ns3:cad>
          </ns3:TrackPointExtension>
        </extensions>
      </trkpt>
      <trkpt lat="45.6971260719001293182373046875" lon="126.59465641714632511138916015625">
        <ele>155.1999969482421875</ele>
        <time>2026-07-07T22:38:33.000Z</time>
        <extensions>
          <ns3:TrackPointExtension>
            <ns3:hr>163</ns3:hr>
            <ns3:cad>88</ns3:cad>
          </ns3:TrackPointExtension>
        </extensions>
      </trkpt>
      <trkpt lat="45.69710419513285160064697265625" lon="126.5946692414581775665283203125">
        <ele>155.1999969482421875</ele>
        <time>2026-07-07T22:38:34.000Z</time>
        <extensions>
          <ns3:TrackPointExtension>
            <ns3:hr>163</ns3:hr>
            <ns3:cad>88</ns3:cad>
          </ns3:TrackPointExtension>
        </extensions>
      </trkpt>
      <trkpt lat="45.69708055816590785980224609375" lon="126.59469329752027988433837890625">
        <ele>155</ele>
        <time>2026-07-07T22:38:35.000Z</time>
        <extensions>
          <ns3:TrackPointExtension>
            <ns3:hr>163</ns3:hr>
            <ns3:cad>89</ns3:cad>
          </ns3:TrackPointExtension>
        </extensions>
      </trkpt>
      <trkpt lat="45.69705692119896411895751953125" lon="126.5947031043469905853271484375">
        <ele>155</ele>
        <time>2026-07-07T22:38:36.000Z</time>
        <extensions>
          <ns3:TrackPointExtension>
            <ns3:hr>163</ns3:hr>
            <ns3:cad>89</ns3:cad>
          </ns3:TrackPointExtension>
        </extensions>
      </trkpt>
      <trkpt lat="45.69703730754554271697998046875" lon="126.5947131626307964324951171875">
        <ele>155</ele>
        <time>2026-07-07T22:38:37.000Z</time>
        <extensions>
          <ns3:TrackPointExtension>
            <ns3:hr>163</ns3:hr>
            <ns3:cad>88</ns3:cad>
          </ns3:TrackPointExtension>
        </extensions>
      </trkpt>
      <trkpt lat="45.69701886735856533050537109375" lon="126.59473302774131298065185546875">
        <ele>155</ele>
        <time>2026-07-07T22:38:38.000Z</time>
        <extensions>
          <ns3:TrackPointExtension>
            <ns3:hr>163</ns3:hr>
            <ns3:cad>88</ns3:cad>
          </ns3:TrackPointExtension>
        </extensions>
      </trkpt>
      <trkpt lat="45.6969986669719219207763671875" lon="126.5947495400905609130859375">
        <ele>155</ele>
        <time>2026-07-07T22:38:39.000Z</time>
        <extensions>
          <ns3:TrackPointExtension>
            <ns3:hr>164</ns3:hr>
            <ns3:cad>87</ns3:cad>
          </ns3:TrackPointExtension>
        </extensions>
      </trkpt>
      <trkpt lat="45.69698248989880084991455078125" lon="126.59477032721042633056640625">
        <ele>155</ele>
        <time>2026-07-07T22:38:40.000Z</time>
        <extensions>
          <ns3:TrackPointExtension>
            <ns3:hr>163</ns3:hr>
            <ns3:cad>87</ns3:cad>
          </ns3:TrackPointExtension>
        </extensions>
      </trkpt>
      <trkpt lat="45.6969624571502208709716796875" lon="126.5947772003710269927978515625">
        <ele>154.8000030517578125</ele>
        <time>2026-07-07T22:38:41.000Z</time>
        <extensions>
          <ns3:TrackPointExtension>
            <ns3:hr>163</ns3:hr>
            <ns3:cad>87</ns3:cad>
          </ns3:TrackPointExtension>
        </extensions>
      </trkpt>
      <trkpt lat="45.69694317877292633056640625" lon="126.5947879292070865631103515625">
        <ele>154.8000030517578125</ele>
        <time>2026-07-07T22:38:42.000Z</time>
        <extensions>
          <ns3:TrackPointExtension>
            <ns3:hr>163</ns3:hr>
            <ns3:cad>87</ns3:cad>
          </ns3:TrackPointExtension>
        </extensions>
      </trkpt>
      <trkpt lat="45.69692163728177547454833984375" lon="126.5947999991476535797119140625">
        <ele>154.8000030517578125</ele>
        <time>2026-07-07T22:38:43.000Z</time>
        <extensions>
          <ns3:TrackPointExtension>
            <ns3:hr>162</ns3:hr>
            <ns3:cad>87</ns3:cad>
          </ns3:TrackPointExtension>
        </extensions>
      </trkpt>
      <trkpt lat="45.69690227508544921875" lon="126.594812907278537750244140625">
        <ele>154.600006103515625</ele>
        <time>2026-07-07T22:38:44.000Z</time>
        <extensions>
          <ns3:TrackPointExtension>
            <ns3:hr>162</ns3:hr>
            <ns3:cad>84</ns3:cad>
          </ns3:TrackPointExtension>
        </extensions>
      </trkpt>
      <trkpt lat="45.6968829967081546783447265625" lon="126.59482531249523162841796875">
        <ele>154.600006103515625</ele>
        <time>2026-07-07T22:38:45.000Z</time>
        <extensions>
          <ns3:TrackPointExtension>
            <ns3:hr>162</ns3:hr>
            <ns3:cad>84</ns3:cad>
          </ns3:TrackPointExtension>
        </extensions>
      </trkpt>
      <trkpt lat="45.69686514325439929962158203125" lon="126.59484500996768474578857421875">
        <ele>154.399993896484375</ele>
        <time>2026-07-07T22:38:46.000Z</time>
        <extensions>
          <ns3:TrackPointExtension>
            <ns3:hr>162</ns3:hr>
            <ns3:cad>84</ns3:cad>
          </ns3:TrackPointExtension>
        </extensions>
      </trkpt>
      <trkpt lat="45.6968461163341999053955078125" lon="126.59487015567719936370849609375">
        <ele>154.399993896484375</ele>
        <time>2026-07-07T22:38:47.000Z</time>
        <extensions>
          <ns3:TrackPointExtension>
            <ns3:hr>162</ns3:hr>
            <ns3:cad>84</ns3:cad>
          </ns3:TrackPointExtension>
        </extensions>
      </trkpt>
      <trkpt lat="45.69683228619396686553955078125" lon="126.594904772937297821044921875">
        <ele>154.399993896484375</ele>
        <time>2026-07-07T22:38:48.000Z</time>
        <extensions>
          <ns3:TrackPointExtension>
            <ns3:hr>162</ns3:hr>
            <ns3:cad>86</ns3:cad>
          </ns3:TrackPointExtension>
        </extensions>
      </trkpt>
      <trkpt lat="45.69681887514889240264892578125" lon="126.59494173713028430938720703125">
        <ele>154.399993896484375</ele>
        <time>2026-07-07T22:38:49.000Z</time>
        <extensions>
          <ns3:TrackPointExtension>
            <ns3:hr>162</ns3:hr>
            <ns3:cad>87</ns3:cad>
          </ns3:TrackPointExtension>
        </extensions>
      </trkpt>
      <trkpt lat="45.6968025304377079010009765625" lon="126.59497928805649280548095703125">
        <ele>154.399993896484375</ele>
        <time>2026-07-07T22:38:50.000Z</time>
        <extensions>
          <ns3:TrackPointExtension>
            <ns3:hr>162</ns3:hr>
            <ns3:cad>87</ns3:cad>
          </ns3:TrackPointExtension>
        </extensions>
      </trkpt>
      <trkpt lat="45.6967941485345363616943359375" lon="126.5950048528611660003662109375">
        <ele>154.399993896484375</ele>
        <time>2026-07-07T22:38:51.000Z</time>
        <extensions>
          <ns3:TrackPointExtension>
            <ns3:hr>162</ns3:hr>
            <ns3:cad>87</ns3:cad>
          </ns3:TrackPointExtension>
        </extensions>
      </trkpt>
      <trkpt lat="45.696781575679779052734375" lon="126.595043577253818511962890625">
        <ele>154.600006103515625</ele>
        <time>2026-07-07T22:38:52.000Z</time>
        <extensions>
          <ns3:TrackPointExtension>
            <ns3:hr>163</ns3:hr>
            <ns3:cad>87</ns3:cad>
          </ns3:TrackPointExtension>
        </extensions>
      </trkpt>
      <trkpt lat="45.6967743672430515289306640625" lon="126.59507065080106258392333984375">
        <ele>154.600006103515625</ele>
        <time>2026-07-07T22:38:53.000Z</time>
        <extensions>
          <ns3:TrackPointExtension>
            <ns3:hr>162</ns3:hr>
            <ns3:cad>87</ns3:cad>
          </ns3:TrackPointExtension>
        </extensions>
      </trkpt>
      <trkpt lat="45.69676212966442108154296875" lon="126.595107614994049072265625">
        <ele>154.600006103515625</ele>
        <time>2026-07-07T22:38:54.000Z</time>
        <extensions>
          <ns3:TrackPointExtension>
            <ns3:hr>162</ns3:hr>
            <ns3:cad>87</ns3:cad>
          </ns3:TrackPointExtension>
        </extensions>
      </trkpt>
      <trkpt lat="45.6967565976083278656005859375" lon="126.59513552673161029815673828125">
        <ele>154.600006103515625</ele>
        <time>2026-07-07T22:38:55.000Z</time>
        <extensions>
          <ns3:TrackPointExtension>
            <ns3:hr>162</ns3:hr>
            <ns3:cad>87</ns3:cad>
          </ns3:TrackPointExtension>
        </extensions>
      </trkpt>
      <trkpt lat="45.6967455334961414337158203125" lon="126.59516997635364532470703125">
        <ele>154.600006103515625</ele>
        <time>2026-07-07T22:38:56.000Z</time>
        <extensions>
          <ns3:TrackPointExtension>
            <ns3:hr>162</ns3:hr>
            <ns3:cad>87</ns3:cad>
          </ns3:TrackPointExtension>
        </extensions>
      </trkpt>
      <trkpt lat="45.69673254154622554779052734375" lon="126.59519939683377742767333984375">
        <ele>154.399993896484375</ele>
        <time>2026-07-07T22:38:57.000Z</time>
        <extensions>
          <ns3:TrackPointExtension>
            <ns3:hr>162</ns3:hr>
            <ns3:cad>87</ns3:cad>
          </ns3:TrackPointExtension>
        </extensions>
      </trkpt>
      <trkpt lat="45.69671946577727794647216796875" lon="126.59523443318903446197509765625">
        <ele>154.399993896484375</ele>
        <time>2026-07-07T22:38:58.000Z</time>
        <extensions>
          <ns3:TrackPointExtension>
            <ns3:hr>162</ns3:hr>
            <ns3:cad>87</ns3:cad>
          </ns3:TrackPointExtension>
        </extensions>
      </trkpt>
      <trkpt lat="45.69670471362769603729248046875" lon="126.5952697210013866424560546875">
        <ele>154.600006103515625</ele>
        <time>2026-07-07T22:38:59.000Z</time>
        <extensions>
          <ns3:TrackPointExtension>
            <ns3:hr>161</ns3:hr>
            <ns3:cad>87</ns3:cad>
          </ns3:TrackPointExtension>
        </extensions>
      </trkpt>
      <trkpt lat="45.69669432006776332855224609375" lon="126.5953015722334384918212890625">
        <ele>154.399993896484375</ele>
        <time>2026-07-07T22:39:00.000Z</time>
        <extensions>
          <ns3:TrackPointExtension>
            <ns3:hr>162</ns3:hr>
            <ns3:cad>88</ns3:cad>
          </ns3:TrackPointExtension>
        </extensions>
      </trkpt>
      <trkpt lat="45.69667722098529338836669921875" lon="126.59534021280705928802490234375">
        <ele>154.399993896484375</ele>
        <time>2026-07-07T22:39:01.000Z</time>
        <extensions>
          <ns3:TrackPointExtension>
            <ns3:hr>162</ns3:hr>
            <ns3:cad>88</ns3:cad>
          </ns3:TrackPointExtension>
        </extensions>
      </trkpt>
      <trkpt lat="45.6966647319495677947998046875" lon="126.595370806753635406494140625">
        <ele>154.399993896484375</ele>
        <time>2026-07-07T22:39:02.000Z</time>
        <extensions>
          <ns3:TrackPointExtension>
            <ns3:hr>162</ns3:hr>
            <ns3:cad>89</ns3:cad>
          </ns3:TrackPointExtension>
        </extensions>
      </trkpt>
      <trkpt lat="45.6966462917625904083251953125" lon="126.59540827386081218719482421875">
        <ele>154.1999969482421875</ele>
        <time>2026-07-07T22:39:03.000Z</time>
        <extensions>
          <ns3:TrackPointExtension>
            <ns3:hr>162</ns3:hr>
            <ns3:cad>89</ns3:cad>
          </ns3:TrackPointExtension>
        </extensions>
      </trkpt>
      <trkpt lat="45.6966318748891353607177734375" lon="126.59543953835964202880859375">
        <ele>154.1999969482421875</ele>
        <time>2026-07-07T22:39:04.000Z</time>
        <extensions>
          <ns3:TrackPointExtension>
            <ns3:hr>162</ns3:hr>
            <ns3:cad>89</ns3:cad>
          </ns3:TrackPointExtension>
        </extensions>
      </trkpt>
      <trkpt lat="45.69661083631217479705810546875" lon="126.595473401248455047607421875">
        <ele>154.1999969482421875</ele>
        <time>2026-07-07T22:39:05.000Z</time>
        <extensions>
          <ns3:TrackPointExtension>
            <ns3:hr>162</ns3:hr>
            <ns3:cad>89</ns3:cad>
          </ns3:TrackPointExtension>
        </extensions>
      </trkpt>
      <trkpt lat="45.69659507833421230316162109375" lon="126.5955017320811748504638671875">
        <ele>154.1999969482421875</ele>
        <time>2026-07-07T22:39:06.000Z</time>
        <extensions>
          <ns3:TrackPointExtension>
            <ns3:hr>162</ns3:hr>
            <ns3:cad>89</ns3:cad>
          </ns3:TrackPointExtension>
        </extensions>
      </trkpt>
      <trkpt lat="45.696574039757251739501953125" lon="126.595533080399036407470703125">
        <ele>154.399993896484375</ele>
        <time>2026-07-07T22:39:07.000Z</time>
        <extensions>
          <ns3:TrackPointExtension>
            <ns3:hr>162</ns3:hr>
            <ns3:cad>89</ns3:cad>
          </ns3:TrackPointExtension>
        </extensions>
      </trkpt>
      <trkpt lat="45.69655618630349636077880859375" lon="126.59555814228951930999755859375">
        <ele>154.399993896484375</ele>
        <time>2026-07-07T22:39:08.000Z</time>
        <extensions>
          <ns3:TrackPointExtension>
            <ns3:hr>162</ns3:hr>
            <ns3:cad>89</ns3:cad>
          </ns3:TrackPointExtension>
        </extensions>
      </trkpt>
      <trkpt lat="45.69654579274356365203857421875" lon="126.59559317864477634429931640625">
        <ele>154.399993896484375</ele>
        <time>2026-07-07T22:39:09.000Z</time>
        <extensions>
          <ns3:TrackPointExtension>
            <ns3:hr>162</ns3:hr>
            <ns3:cad>89</ns3:cad>
          </ns3:TrackPointExtension>
        </extensions>
      </trkpt>
      <trkpt lat="45.6965410150587558746337890625" lon="126.59562016837298870086669921875">
        <ele>154.399993896484375</ele>
        <time>2026-07-07T22:39:10.000Z</time>
        <extensions>
          <ns3:TrackPointExtension>
            <ns3:hr>162</ns3:hr>
            <ns3:cad>89</ns3:cad>
          </ns3:TrackPointExtension>
        </extensions>
      </trkpt>
      <trkpt lat="45.6965369917452335357666015625" lon="126.59565788693726062774658203125">
        <ele>154.600006103515625</ele>
        <time>2026-07-07T22:39:11.000Z</time>
        <extensions>
          <ns3:TrackPointExtension>
            <ns3:hr>162</ns3:hr>
            <ns3:cad>89</ns3:cad>
          </ns3:TrackPointExtension>
        </extensions>
      </trkpt>
      <trkpt lat="45.69654889404773712158203125" lon="126.5956847928464412689208984375">
        <ele>155</ele>
        <time>2026-07-07T22:39:12.000Z</time>
        <extensions>
          <ns3:TrackPointExtension>
            <ns3:hr>162</ns3:hr>
            <ns3:cad>89</ns3:cad>
          </ns3:TrackPointExtension>
        </extensions>
      </trkpt>
      <trkpt lat="45.69656222127377986907958984375" lon="126.59570532850921154022216796875">
        <ele>155.399993896484375</ele>
        <time>2026-07-07T22:39:13.000Z</time>
        <extensions>
          <ns3:TrackPointExtension>
            <ns3:hr>162</ns3:hr>
            <ns3:cad>89</ns3:cad>
          </ns3:TrackPointExtension>
        </extensions>
      </trkpt>
      <trkpt lat="45.6965825892984867095947265625" lon="126.595720164477825164794921875">
        <ele>155.600006103515625</ele>
        <time>2026-07-07T22:39:14.000Z</time>
        <extensions>
          <ns3:TrackPointExtension>
            <ns3:hr>162</ns3:hr>
            <ns3:cad>88</ns3:cad>
          </ns3:TrackPointExtension>
        </extensions>
      </trkpt>
      <trkpt lat="45.696604549884796142578125" lon="126.5957216732203960418701171875">
        <ele>155.8000030517578125</ele>
        <time>2026-07-07T22:39:15.000Z</time>
        <extensions>
          <ns3:TrackPointExtension>
            <ns3:hr>163</ns3:hr>
            <ns3:cad>88</ns3:cad>
          </ns3:TrackPointExtension>
        </extensions>
      </trkpt>
      <trkpt lat="45.6966412626206874847412109375" lon="126.5957272052764892578125">
        <ele>156</ele>
        <time>2026-07-07T22:39:16.000Z</time>
        <extensions>
          <ns3:TrackPointExtension>
            <ns3:hr>163</ns3:hr>
            <ns3:cad>88</ns3:cad>
          </ns3:TrackPointExtension>
        </extensions>
      </trkpt>
      <trkpt lat="45.69666682742536067962646484375" lon="126.5957173146307468414306640625">
        <ele>156</ele>
        <time>2026-07-07T22:39:17.000Z</time>
        <extensions>
          <ns3:TrackPointExtension>
            <ns3:hr>163</ns3:hr>
            <ns3:cad>88</ns3:cad>
          </ns3:TrackPointExtension>
        </extensions>
      </trkpt>
      <trkpt lat="45.69670236669480800628662109375" lon="126.595719158649444580078125">
        <ele>156</ele>
        <time>2026-07-07T22:39:18.000Z</time>
        <extensions>
          <ns3:TrackPointExtension>
            <ns3:hr>163</ns3:hr>
            <ns3:cad>88</ns3:cad>
          </ns3:TrackPointExtension>
        </extensions>
      </trkpt>
      <trkpt lat="45.69672348909080028533935546875" lon="126.59571806900203227996826171875">
        <ele>156</ele>
        <time>2026-07-07T22:39:19.000Z</time>
        <extensions>
          <ns3:TrackPointExtension>
            <ns3:hr>163</ns3:hr>
            <ns3:cad>88</ns3:cad>
          </ns3:TrackPointExtension>
        </extensions>
      </trkpt>
      <trkpt lat="45.6967592798173427581787109375" lon="126.59572385251522064208984375">
        <ele>156</ele>
        <time>2026-07-07T22:39:20.000Z</time>
        <extensions>
          <ns3:TrackPointExtension>
            <ns3:hr>163</ns3:hr>
            <ns3:cad>88</ns3:cad>
          </ns3:TrackPointExtension>
        </extensions>
      </trkpt>
      <trkpt lat="45.69678165949881076812744140625" lon="126.595727540552616119384765625">
        <ele>156.1999969482421875</ele>
        <time>2026-07-07T22:39:21.000Z</time>
        <extensions>
          <ns3:TrackPointExtension>
            <ns3:hr>164</ns3:hr>
            <ns3:cad>88</ns3:cad>
          </ns3:TrackPointExtension>
        </extensions>
      </trkpt>
      <trkpt lat="45.69682021625339984893798828125" lon="126.5957313962280750274658203125">
        <ele>156.1999969482421875</ele>
        <time>2026-07-07T22:39:22.000Z</time>
        <extensions>
          <ns3:TrackPointExtension>
            <ns3:hr>164</ns3:hr>
            <ns3:cad>88</ns3:cad>
          </ns3:TrackPointExtension>
        </extensions>
      </trkpt>
      <trkpt lat="45.69685173220932483673095703125" lon="126.59572997130453586578369140625">
        <ele>156.1999969482421875</ele>
        <time>2026-07-07T22:39:23.000Z</time>
        <extensions>
          <ns3:TrackPointExtension>
            <ns3:hr>164</ns3:hr>
            <ns3:cad>88</ns3:cad>
          </ns3:TrackPointExtension>
        </extensions>
      </trkpt>
      <trkpt lat="45.69688626565039157867431640625" lon="126.59573064185678958892822265625">
        <ele>156.399993896484375</ele>
        <time>2026-07-07T22:39:24.000Z</time>
        <extensions>
          <ns3:TrackPointExtension>
            <ns3:hr>165</ns3:hr>
            <ns3:cad>87</ns3:cad>
          </ns3:TrackPointExtension>
        </extensions>
      </trkpt>
      <trkpt lat="45.69691258482635021209716796875" lon="126.595736257731914520263671875">
        <ele>156.399993896484375</ele>
        <time>2026-07-07T22:39:25.000Z</time>
        <extensions>
          <ns3:TrackPointExtension>
            <ns3:hr>165</ns3:hr>
            <ns3:cad>87</ns3:cad>
          </ns3:TrackPointExtension>
        </extensions>
      </trkpt>
      <trkpt lat="45.69694208912551403045654296875" lon="126.59573785029351711273193359375">
        <ele>156.600006103515625</ele>
        <time>2026-07-07T22:39:26.000Z</time>
        <extensions>
          <ns3:TrackPointExtension>
            <ns3:hr>166</ns3:hr>
            <ns3:cad>87</ns3:cad>
          </ns3:TrackPointExtension>
        </extensions>
      </trkpt>
      <trkpt lat="45.69696907885372638702392578125" lon="126.59574422053992748260498046875">
        <ele>156.600006103515625</ele>
        <time>2026-07-07T22:39:27.000Z</time>
        <extensions>
          <ns3:TrackPointExtension>
            <ns3:hr>166</ns3:hr>
            <ns3:cad>87</ns3:cad>
          </ns3:TrackPointExtension>
        </extensions>
      </trkpt>
      <trkpt lat="45.6969986669719219207763671875" lon="126.59574153833091259002685546875">
        <ele>156.600006103515625</ele>
        <time>2026-07-07T22:39:28.000Z</time>
        <extensions>
          <ns3:TrackPointExtension>
            <ns3:hr>167</ns3:hr>
            <ns3:cad>87</ns3:cad>
          </ns3:TrackPointExtension>
        </extensions>
      </trkpt>
      <trkpt lat="45.6970254890620708465576171875" lon="126.59574891440570354461669921875">
        <ele>156.8000030517578125</ele>
        <time>2026-07-07T22:39:29.000Z</time>
        <extensions>
          <ns3:TrackPointExtension>
            <ns3:hr>168</ns3:hr>
            <ns3:cad>87</ns3:cad>
          </ns3:TrackPointExtension>
        </extensions>
      </trkpt>
      <trkpt lat="45.6970492936670780181884765625" lon="126.5957491658627986907958984375">
        <ele>156.8000030517578125</ele>
        <time>2026-07-07T22:39:30.000Z</time>
        <extensions>
          <ns3:TrackPointExtension>
            <ns3:hr>169</ns3:hr>
            <ns3:cad>87</ns3:cad>
          </ns3:TrackPointExtension>
        </extensions>
      </trkpt>
      <trkpt lat="45.69707888178527355194091796875" lon="126.5957580506801605224609375">
        <ele>156.8000030517578125</ele>
        <time>2026-07-07T22:39:31.000Z</time>
        <extensions>
          <ns3:TrackPointExtension>
            <ns3:hr>169</ns3:hr>
            <ns3:cad>87</ns3:cad>
          </ns3:TrackPointExtension>
        </extensions>
      </trkpt>
      <trkpt lat="45.69710436277091503143310546875" lon="126.5957607328891754150390625">
        <ele>156.8000030517578125</ele>
        <time>2026-07-07T22:39:32.000Z</time>
        <extensions>
          <ns3:TrackPointExtension>
            <ns3:hr>170</ns3:hr>
            <ns3:cad>87</ns3:cad>
          </ns3:TrackPointExtension>
        </extensions>
      </trkpt>
      <trkpt lat="45.6971316039562225341796875" lon="126.59577942453324794769287109375">
        <ele>157</ele>
        <time>2026-07-07T22:39:33.000Z</time>
        <extensions>
          <ns3:TrackPointExtension>
            <ns3:hr>170</ns3:hr>
            <ns3:cad>87</ns3:cad>
          </ns3:TrackPointExtension>
        </extensions>
      </trkpt>
      <trkpt lat="45.69714878685772418975830078125" lon="126.595794595777988433837890625">
        <ele>157</ele>
        <time>2026-07-07T22:39:34.000Z</time>
        <extensions>
          <ns3:TrackPointExtension>
            <ns3:hr>171</ns3:hr>
            <ns3:cad>88</ns3:cad>
          </ns3:TrackPointExtension>
        </extensions>
      </trkpt>
      <trkpt lat="45.697165466845035552978515625" lon="126.595831476151943206787109375">
        <ele>157</ele>
        <time>2026-07-07T22:39:35.000Z</time>
        <extensions>
          <ns3:TrackPointExtension>
            <ns3:hr>171</ns3:hr>
            <ns3:cad>88</ns3:cad>
          </ns3:TrackPointExtension>
        </extensions>
      </trkpt>
      <trkpt lat="45.697178542613983154296875" lon="126.59585720859467983245849609375">
        <ele>157.1999969482421875</ele>
        <time>2026-07-07T22:39:36.000Z</time>
        <extensions>
          <ns3:TrackPointExtension>
            <ns3:hr>171</ns3:hr>
            <ns3:cad>87</ns3:cad>
          </ns3:TrackPointExtension>
        </extensions>
      </trkpt>
      <trkpt lat="45.697190277278423309326171875" lon="126.59590758383274078369140625">
        <ele>157.1999969482421875</ele>
        <time>2026-07-07T22:39:37.000Z</time>
        <extensions>
          <ns3:TrackPointExtension>
            <ns3:hr>171</ns3:hr>
            <ns3:cad>87</ns3:cad>
          </ns3:TrackPointExtension>
        </extensions>
      </trkpt>
      <trkpt lat="45.6971968151628971099853515625" lon="126.59594186581671237945556640625">
        <ele>157.399993896484375</ele>
        <time>2026-07-07T22:39:38.000Z</time>
        <extensions>
          <ns3:TrackPointExtension>
            <ns3:hr>172</ns3:hr>
            <ns3:cad>87</ns3:cad>
          </ns3:TrackPointExtension>
        </extensions>
      </trkpt>
      <trkpt lat="45.69720678962767124176025390625" lon="126.5959929116070270538330078125">
        <ele>157.600006103515625</ele>
        <time>2026-07-07T22:39:39.000Z</time>
        <extensions>
          <ns3:TrackPointExtension>
            <ns3:hr>172</ns3:hr>
            <ns3:cad>87</ns3:cad>
          </ns3:TrackPointExtension>
        </extensions>
      </trkpt>
      <trkpt lat="45.69721005856990814208984375" lon="126.59602434374392032623291015625">
        <ele>157.8000030517578125</ele>
        <time>2026-07-07T22:39:40.000Z</time>
        <extensions>
          <ns3:TrackPointExtension>
            <ns3:hr>173</ns3:hr>
            <ns3:cad>87</ns3:cad>
          </ns3:TrackPointExtension>
        </extensions>
      </trkpt>
      <trkpt lat="45.69721517153084278106689453125" lon="126.596069522202014923095703125">
        <ele>157.8000030517578125</ele>
        <time>2026-07-07T22:39:41.000Z</time>
        <extensions>
          <ns3:TrackPointExtension>
            <ns3:hr>173</ns3:hr>
            <ns3:cad>87</ns3:cad>
          </ns3:TrackPointExtension>
        </extensions>
      </trkpt>
      <trkpt lat="45.697213076055049896240234375" lon="126.59610497765243053436279296875">
        <ele>158</ele>
        <time>2026-07-07T22:39:42.000Z</time>
        <extensions>
          <ns3:TrackPointExtension>
            <ns3:hr>174</ns3:hr>
            <ns3:cad>88</ns3:cad>
          </ns3:TrackPointExtension>
        </extensions>
      </trkpt>
      <trkpt lat="45.69721550680696964263916015625" lon="126.59614336676895618438720703125">
        <ele>158.1999969482421875</ele>
        <time>2026-07-07T22:39:43.000Z</time>
        <extensions>
          <ns3:TrackPointExtension>
            <ns3:hr>174</ns3:hr>
            <ns3:cad>88</ns3:cad>
          </ns3:TrackPointExtension>
        </extensions>
      </trkpt>
      <trkpt lat="45.69721542298793792724609375" lon="126.59618242643773555755615234375">
        <ele>158.1999969482421875</ele>
        <time>2026-07-07T22:39:44.000Z</time>
        <extensions>
          <ns3:TrackPointExtension>
            <ns3:hr>175</ns3:hr>
            <ns3:cad>88</ns3:cad>
          </ns3:TrackPointExtension>
        </extensions>
      </trkpt>
      <trkpt lat="45.697220452129840850830078125" lon="126.59621109254658222198486328125">
        <ele>158.399993896484375</ele>
        <time>2026-07-07T22:39:45.000Z</time>
        <extensions>
          <ns3:TrackPointExtension>
            <ns3:hr>175</ns3:hr>
            <ns3:cad>87</ns3:cad>
          </ns3:TrackPointExtension>
        </extensions>
      </trkpt>
      <trkpt lat="45.69722958840429782867431640625" lon="126.596249230206012725830078125">
        <ele>158.600006103515625</ele>
        <time>2026-07-07T22:39:46.000Z</time>
        <extensions>
          <ns3:TrackPointExtension>
            <ns3:hr>176</ns3:hr>
            <ns3:cad>87</ns3:cad>
          </ns3:TrackPointExtension>
        </extensions>
      </trkpt>
      <trkpt lat="45.6972383894026279449462890625" lon="126.59626825712621212005615234375">
        <ele>158.8000030517578125</ele>
        <time>2026-07-07T22:39:47.000Z</time>
        <extensions>
          <ns3:TrackPointExtension>
            <ns3:hr>176</ns3:hr>
            <ns3:cad>87</ns3:cad>
          </ns3:TrackPointExtension>
        </extensions>
      </trkpt>
      <trkpt lat="45.6972551532089710235595703125" lon="126.59629273228347301483154296875">
        <ele>158.8000030517578125</ele>
        <time>2026-07-07T22:39:48.000Z</time>
        <extensions>
          <ns3:TrackPointExtension>
            <ns3:hr>176</ns3:hr>
            <ns3:cad>87</ns3:cad>
          </ns3:TrackPointExtension>
        </extensions>
      </trkpt>
      <trkpt lat="45.697264038026332855224609375" lon="126.59630983136594295501708984375">
        <ele>159</ele>
        <time>2026-07-07T22:39:49.000Z</time>
        <extensions>
          <ns3:TrackPointExtension>
            <ns3:hr>177</ns3:hr>
            <ns3:cad>87</ns3:cad>
          </ns3:TrackPointExtension>
        </extensions>
      </trkpt>
      <trkpt lat="45.697280466556549072265625" lon="126.5963238291442394256591796875">
        <ele>159</ele>
        <time>2026-07-07T22:39:50.000Z</time>
        <extensions>
          <ns3:TrackPointExtension>
            <ns3:hr>177</ns3:hr>
            <ns3:cad>87</ns3:cad>
          </ns3:TrackPointExtension>
        </extensions>
      </trkpt>
      <trkpt lat="45.697302259504795074462890625" lon="126.59633296541869640350341796875">
        <ele>159</ele>
        <time>2026-07-07T22:39:51.000Z</time>
        <extensions>
          <ns3:TrackPointExtension>
            <ns3:hr>177</ns3:hr>
            <ns3:cad>87</ns3:cad>
          </ns3:TrackPointExtension>
        </extensions>
      </trkpt>
      <trkpt lat="45.6973208673298358917236328125" lon="126.59634235315024852752685546875">
        <ele>159</ele>
        <time>2026-07-07T22:39:52.000Z</time>
        <extensions>
          <ns3:TrackPointExtension>
            <ns3:hr>177</ns3:hr>
            <ns3:cad>87</ns3:cad>
          </ns3:TrackPointExtension>
        </extensions>
      </trkpt>
      <trkpt lat="45.69733939133584499359130859375" lon="126.59634838812053203582763671875">
        <ele>159</ele>
        <time>2026-07-07T22:39:53.000Z</time>
        <extensions>
          <ns3:TrackPointExtension>
            <ns3:hr>178</ns3:hr>
            <ns3:cad>87</ns3:cad>
          </ns3:TrackPointExtension>
        </extensions>
      </trkpt>
      <trkpt lat="45.6973569095134735107421875" lon="126.59635375253856182098388671875">
        <ele>158.8000030517578125</ele>
        <time>2026-07-07T22:39:54.000Z</time>
        <extensions>
          <ns3:TrackPointExtension>
            <ns3:hr>177</ns3:hr>
            <ns3:cad>87</ns3:cad>
          </ns3:TrackPointExtension>
        </extensions>
      </trkpt>
      <trkpt lat="45.6973771937191486358642578125" lon="126.5963617153465747833251953125">
        <ele>158.8000030517578125</ele>
        <time>2026-07-07T22:39:55.000Z</time>
        <extensions>
          <ns3:TrackPointExtension>
            <ns3:hr>177</ns3:hr>
            <ns3:cad>85</ns3:cad>
          </ns3:TrackPointExtension>
        </extensions>
      </trkpt>
      <trkpt lat="45.6973966397345066070556640625" lon="126.59636565484106540679931640625">
        <ele>158.600006103515625</ele>
        <time>2026-07-07T22:39:56.000Z</time>
        <extensions>
          <ns3:TrackPointExtension>
            <ns3:hr>176</ns3:hr>
            <ns3:cad>85</ns3:cad>
          </ns3:TrackPointExtension>
        </extensions>
      </trkpt>
      <trkpt lat="45.69741834886372089385986328125" lon="126.59637168981134891510009765625">
        <ele>158.600006103515625</ele>
        <time>2026-07-07T22:39:57.000Z</time>
        <extensions>
          <ns3:TrackPointExtension>
            <ns3:hr>174</ns3:hr>
            <ns3:cad>85</ns3:cad>
          </ns3:TrackPointExtension>
        </extensions>
      </trkpt>
      <trkpt lat="45.69744064472615718841552734375" lon="126.59637856297194957733154296875">
        <ele>158.600006103515625</ele>
        <time>2026-07-07T22:39:58.000Z</time>
        <extensions>
          <ns3:TrackPointExtension>
            <ns3:hr>173</ns3:hr>
            <ns3:cad>85</ns3:cad>
          </ns3:TrackPointExtension>
        </extensions>
      </trkpt>
      <trkpt lat="45.69746310822665691375732421875" lon="126.596383340656757354736328125">
        <ele>158.600006103515625</ele>
        <time>2026-07-07T22:39:59.000Z</time>
        <extensions>
          <ns3:TrackPointExtension>
            <ns3:hr>173</ns3:hr>
            <ns3:cad>85</ns3:cad>
          </ns3:TrackPointExtension>
        </extensions>
      </trkpt>
      <trkpt lat="45.69748305715620517730712890625" lon="126.59639130346477031707763671875">
        <ele>158.600006103515625</ele>
        <time>2026-07-07T22:40:00.000Z</time>
        <extensions>
          <ns3:TrackPointExtension>
            <ns3:hr>172</ns3:hr>
            <ns3:cad>85</ns3:cad>
          </ns3:TrackPointExtension>
        </extensions>
      </trkpt>
      <trkpt lat="45.69750166498124599456787109375" lon="126.59639365039765834808349609375">
        <ele>158.600006103515625</ele>
        <time>2026-07-07T22:40:01.000Z</time>
        <extensions>
          <ns3:TrackPointExtension>
            <ns3:hr>172</ns3:hr>
            <ns3:cad>86</ns3:cad>
          </ns3:TrackPointExtension>
        </extensions>
      </trkpt>
      <trkpt lat="45.6975240446627140045166015625" lon="126.59640203230082988739013671875">
        <ele>158.600006103515625</ele>
        <time>2026-07-07T22:40:02.000Z</time>
        <extensions>
          <ns3:TrackPointExtension>
            <ns3:hr>171</ns3:hr>
            <ns3:cad>87</ns3:cad>
          </ns3:TrackPointExtension>
        </extensions>
      </trkpt>
      <trkpt lat="45.69754307158291339874267578125" lon="126.59639633260667324066162109375">
        <ele>158.600006103515625</ele>
        <time>2026-07-07T22:40:03.000Z</time>
        <extensions>
          <ns3:TrackPointExtension>
            <ns3:hr>171</ns3:hr>
            <ns3:cad>87</ns3:cad>
          </ns3:TrackPointExtension>
        </extensions>
      </trkpt>
      <trkpt lat="45.69756486453115940093994140625" lon="126.5964017808437347412109375">
        <ele>158.600006103515625</ele>
        <time>2026-07-07T22:40:04.000Z</time>
        <extensions>
          <ns3:TrackPointExtension>
            <ns3:hr>171</ns3:hr>
            <ns3:cad>87</ns3:cad>
          </ns3:TrackPointExtension>
        </extensions>
      </trkpt>
      <trkpt lat="45.69758288562297821044921875" lon="126.596397422254085540771484375">
        <ele>158.600006103515625</ele>
        <time>2026-07-07T22:40:05.000Z</time>
        <extensions>
          <ns3:TrackPointExtension>
            <ns3:hr>171</ns3:hr>
            <ns3:cad>85</ns3:cad>
          </ns3:TrackPointExtension>
        </extensions>
      </trkpt>
      <trkpt lat="45.6976061873137950897216796875" lon="126.59640245139598846435546875">
        <ele>158.399993896484375</ele>
        <time>2026-07-07T22:40:06.000Z</time>
        <extensions>
          <ns3:TrackPointExtension>
            <ns3:hr>173</ns3:hr>
            <ns3:cad>85</ns3:cad>
          </ns3:TrackPointExtension>
        </extensions>
      </trkpt>
      <trkpt lat="45.69762848317623138427734375" lon="126.5964069776237010955810546875">
        <ele>158.399993896484375</ele>
        <time>2026-07-07T22:40:07.000Z</time>
        <extensions>
          <ns3:TrackPointExtension>
            <ns3:hr>173</ns3:hr>
            <ns3:cad>85</ns3:cad>
          </ns3:TrackPointExtension>
        </extensions>
      </trkpt>
      <trkpt lat="45.6976531259715557098388671875" lon="126.59640781581401824951171875">
        <ele>158.399993896484375</ele>
        <time>2026-07-07T22:40:08.000Z</time>
        <extensions>
          <ns3:TrackPointExtension>
            <ns3:hr>173</ns3:hr>
            <ns3:cad>86</ns3:cad>
          </ns3:TrackPointExtension>
        </extensions>
      </trkpt>
      <trkpt lat="45.6976765953004360198974609375" lon="126.596413515508174896240234375">
        <ele>158.399993896484375</ele>
        <time>2026-07-07T22:40:09.000Z</time>
        <extensions>
          <ns3:TrackPointExtension>
            <ns3:hr>172</ns3:hr>
            <ns3:cad>87</ns3:cad>
          </ns3:TrackPointExtension>
        </extensions>
      </trkpt>
      <trkpt lat="45.69769578985869884490966796875" lon="126.5964126773178577423095703125">
        <ele>158.1999969482421875</ele>
        <time>2026-07-07T22:40:10.000Z</time>
        <extensions>
          <ns3:TrackPointExtension>
            <ns3:hr>172</ns3:hr>
            <ns3:cad>87</ns3:cad>
          </ns3:TrackPointExtension>
        </extensions>
      </trkpt>
      <trkpt lat="45.6977174989879131317138671875" lon="126.596410833299160003662109375">
        <ele>158.1999969482421875</ele>
        <time>2026-07-07T22:40:11.000Z</time>
        <extensions>
          <ns3:TrackPointExtension>
            <ns3:hr>172</ns3:hr>
            <ns3:cad>87</ns3:cad>
          </ns3:TrackPointExtension>
        </extensions>
      </trkpt>
      <trkpt lat="45.69773250259459018707275390625" lon="126.59640572033822536468505859375">
        <ele>158.1999969482421875</ele>
        <time>2026-07-07T22:40:12.000Z</time>
        <extensions>
          <ns3:TrackPointExtension>
            <ns3:hr>172</ns3:hr>
            <ns3:cad>86</ns3:cad>
          </ns3:TrackPointExtension>
        </extensions>
      </trkpt>
      <trkpt lat="45.69775060750544071197509765625" lon="126.596409492194652557373046875">
        <ele>158.1999969482421875</ele>
        <time>2026-07-07T22:40:13.000Z</time>
        <extensions>
          <ns3:TrackPointExtension>
            <ns3:hr>172</ns3:hr>
            <ns3:cad>86</ns3:cad>
          </ns3:TrackPointExtension>
        </extensions>
      </trkpt>
      <trkpt lat="45.69776871241629123687744140625" lon="126.59641443751752376556396484375">
        <ele>158.1999969482421875</ele>
        <time>2026-07-07T22:40:14.000Z</time>
        <extensions>
          <ns3:TrackPointExtension>
            <ns3:hr>171</ns3:hr>
            <ns3:cad>86</ns3:cad>
          </ns3:TrackPointExtension>
        </extensions>
      </trkpt>
      <trkpt lat="45.69779209792613983154296875" lon="126.59641996957361698150634765625">
        <ele>158.1999969482421875</ele>
        <time>2026-07-07T22:40:15.000Z</time>
        <extensions>
          <ns3:TrackPointExtension>
            <ns3:hr>171</ns3:hr>
            <ns3:cad>86</ns3:cad>
          </ns3:TrackPointExtension>
        </extensions>
      </trkpt>
      <trkpt lat="45.6978117115795612335205078125" lon="126.59642525017261505126953125">
        <ele>158.1999969482421875</ele>
        <time>2026-07-07T22:40:16.000Z</time>
        <extensions>
          <ns3:TrackPointExtension>
            <ns3:hr>171</ns3:hr>
            <ns3:cad>87</ns3:cad>
          </ns3:TrackPointExtension>
        </extensions>
      </trkpt>
      <trkpt lat="45.69783191196620464324951171875" lon="126.5964294411242008209228515625">
        <ele>158.1999969482421875</ele>
        <time>2026-07-07T22:40:17.000Z</time>
        <extensions>
          <ns3:TrackPointExtension>
            <ns3:hr>170</ns3:hr>
            <ns3:cad>87</ns3:cad>
          </ns3:TrackPointExtension>
        </extensions>
      </trkpt>
      <trkpt lat="45.69785378873348236083984375" lon="126.59643488936126232147216796875">
        <ele>158.1999969482421875</ele>
        <time>2026-07-07T22:40:18.000Z</time>
        <extensions>
          <ns3:TrackPointExtension>
            <ns3:hr>170</ns3:hr>
            <ns3:cad>87</ns3:cad>
          </ns3:TrackPointExtension>
        </extensions>
      </trkpt>
      <trkpt lat="45.6978754140436649322509765625" lon="126.59644142724573612213134765625">
        <ele>158.1999969482421875</ele>
        <time>2026-07-07T22:40:19.000Z</time>
        <extensions>
          <ns3:TrackPointExtension>
            <ns3:hr>170</ns3:hr>
            <ns3:cad>87</ns3:cad>
          </ns3:TrackPointExtension>
        </extensions>
      </trkpt>
      <trkpt lat="45.69789670407772064208984375" lon="126.59645182080566883087158203125">
        <ele>158.1999969482421875</ele>
        <time>2026-07-07T22:40:20.000Z</time>
        <extensions>
          <ns3:TrackPointExtension>
            <ns3:hr>170</ns3:hr>
            <ns3:cad>88</ns3:cad>
          </ns3:TrackPointExtension>
        </extensions>
      </trkpt>
      <trkpt lat="45.6979236938059329986572265625" lon="126.5964554250240325927734375">
        <ele>158.1999969482421875</ele>
        <time>2026-07-07T22:40:21.000Z</time>
        <extensions>
          <ns3:TrackPointExtension>
            <ns3:hr>169</ns3:hr>
            <ns3:cad>87</ns3:cad>
          </ns3:TrackPointExtension>
        </extensions>
      </trkpt>
      <trkpt lat="45.697952695190906524658203125" lon="126.5964663214981555938720703125">
        <ele>158.1999969482421875</ele>
        <time>2026-07-07T22:40:22.000Z</time>
        <extensions>
          <ns3:TrackPointExtension>
            <ns3:hr>169</ns3:hr>
            <ns3:cad>87</ns3:cad>
          </ns3:TrackPointExtension>
        </extensions>
      </trkpt>
      <trkpt lat="45.6979786790907382965087890625" lon="126.59646640531718730926513671875">
        <ele>158.1999969482421875</ele>
        <time>2026-07-07T22:40:23.000Z</time>
        <extensions>
          <ns3:TrackPointExtension>
            <ns3:hr>169</ns3:hr>
            <ns3:cad>87</ns3:cad>
          </ns3:TrackPointExtension>
        </extensions>
      </trkpt>
      <trkpt lat="45.69801094941794872283935546875" lon="126.59647445194423198699951171875">
        <ele>158.1999969482421875</ele>
        <time>2026-07-07T22:40:24.000Z</time>
        <extensions>
          <ns3:TrackPointExtension>
            <ns3:hr>169</ns3:hr>
            <ns3:cad>87</ns3:cad>
          </ns3:TrackPointExtension>
        </extensions>
      </trkpt>
      <trkpt lat="45.69803106598556041717529296875" lon="126.59647378139197826385498046875">
        <ele>158.1999969482421875</ele>
        <time>2026-07-07T22:40:25.000Z</time>
        <extensions>
          <ns3:TrackPointExtension>
            <ns3:hr>168</ns3:hr>
            <ns3:cad>87</ns3:cad>
          </ns3:TrackPointExtension>
        </extensions>
      </trkpt>
      <trkpt lat="45.69806895218789577484130859375" lon="126.59648098982870578765869140625">
        <ele>158.1999969482421875</ele>
        <time>2026-07-07T22:40:26.000Z</time>
        <extensions>
          <ns3:TrackPointExtension>
            <ns3:hr>168</ns3:hr>
            <ns3:cad>87</ns3:cad>
          </ns3:TrackPointExtension>
        </extensions>
      </trkpt>
      <trkpt lat="45.698095858097076416015625" lon="126.59648400731384754180908203125">
        <ele>158.399993896484375</ele>
        <time>2026-07-07T22:40:27.000Z</time>
        <extensions>
          <ns3:TrackPointExtension>
            <ns3:hr>168</ns3:hr>
            <ns3:cad>87</ns3:cad>
          </ns3:TrackPointExtension>
        </extensions>
      </trkpt>
      <trkpt lat="45.698127038776874542236328125" lon="126.59649373032152652740478515625">
        <ele>158.1999969482421875</ele>
        <time>2026-07-07T22:40:28.000Z</time>
        <extensions>
          <ns3:TrackPointExtension>
            <ns3:hr>168</ns3:hr>
            <ns3:cad>87</ns3:cad>
          </ns3:TrackPointExtension>
        </extensions>
      </trkpt>
      <trkpt lat="45.69815210066735744476318359375" lon="126.596504710614681243896484375">
        <ele>158.1999969482421875</ele>
        <time>2026-07-07T22:40:29.000Z</time>
        <extensions>
          <ns3:TrackPointExtension>
            <ns3:hr>168</ns3:hr>
            <ns3:cad>87</ns3:cad>
          </ns3:TrackPointExtension>
        </extensions>
      </trkpt>
      <trkpt lat="45.69818059913814067840576171875" lon="126.59651837311685085296630859375">
        <ele>158.1999969482421875</ele>
        <time>2026-07-07T22:40:30.000Z</time>
        <extensions>
          <ns3:TrackPointExtension>
            <ns3:hr>168</ns3:hr>
            <ns3:cad>87</ns3:cad>
          </ns3:TrackPointExtension>
        </extensions>
      </trkpt>
      <trkpt lat="45.698201470077037811279296875" lon="126.5965310297906398773193359375">
        <ele>158.1999969482421875</ele>
        <time>2026-07-07T22:40:31.000Z</time>
        <extensions>
          <ns3:TrackPointExtension>
            <ns3:hr>168</ns3:hr>
            <ns3:cad>88</ns3:cad>
          </ns3:TrackPointExtension>
        </extensions>
      </trkpt>
      <trkpt lat="45.6982247717678546905517578125" lon="126.5965385735034942626953125">
        <ele>158.1999969482421875</ele>
        <time>2026-07-07T22:40:32.000Z</time>
        <extensions>
          <ns3:TrackPointExtension>
            <ns3:hr>167</ns3:hr>
            <ns3:cad>88</ns3:cad>
          </ns3:TrackPointExtension>
        </extensions>
      </trkpt>
      <trkpt lat="45.6982495822012424468994140625" lon="126.59654838033020496368408203125">
        <ele>158.1999969482421875</ele>
        <time>2026-07-07T22:40:33.000Z</time>
        <extensions>
          <ns3:TrackPointExtension>
            <ns3:hr>167</ns3:hr>
            <ns3:cad>88</ns3:cad>
          </ns3:TrackPointExtension>
        </extensions>
      </trkpt>
      <trkpt lat="45.6982690282166004180908203125" lon="126.596554331481456756591796875">
        <ele>158.1999969482421875</ele>
        <time>2026-07-07T22:40:34.000Z</time>
        <extensions>
          <ns3:TrackPointExtension>
            <ns3:hr>167</ns3:hr>
            <ns3:cad>88</ns3:cad>
          </ns3:TrackPointExtension>
        </extensions>
      </trkpt>
      <trkpt lat="45.698289982974529266357421875" lon="126.5965679101645946502685546875">
        <ele>158.1999969482421875</ele>
        <time>2026-07-07T22:40:35.000Z</time>
        <extensions>
          <ns3:TrackPointExtension>
            <ns3:hr>167</ns3:hr>
            <ns3:cad>88</ns3:cad>
          </ns3:TrackPointExtension>
        </extensions>
      </trkpt>
      <trkpt lat="45.6983112730085849761962890625" lon="126.596574448049068450927734375">
        <ele>158.1999969482421875</ele>
        <time>2026-07-07T22:40:36.000Z</time>
        <extensions>
          <ns3:TrackPointExtension>
            <ns3:hr>167</ns3:hr>
            <ns3:cad>88</ns3:cad>
          </ns3:TrackPointExtension>
        </extensions>
      </trkpt>
      <trkpt lat="45.698338933289051055908203125" lon="126.5965860150754451751708984375">
        <ele>158.399993896484375</ele>
        <time>2026-07-07T22:40:37.000Z</time>
        <extensions>
          <ns3:TrackPointExtension>
            <ns3:hr>167</ns3:hr>
            <ns3:cad>88</ns3:cad>
          </ns3:TrackPointExtension>
        </extensions>
      </trkpt>
      <trkpt lat="45.69835980422794818878173828125" lon="126.5965883620083332061767578125">
        <ele>158.399993896484375</ele>
        <time>2026-07-07T22:40:38.000Z</time>
        <extensions>
          <ns3:TrackPointExtension>
            <ns3:hr>167</ns3:hr>
            <ns3:cad>88</ns3:cad>
          </ns3:TrackPointExtension>
        </extensions>
      </trkpt>
      <trkpt lat="45.6983880512416362762451171875" lon="126.5965975821018218994140625">
        <ele>158.399993896484375</ele>
        <time>2026-07-07T22:40:39.000Z</time>
        <extensions>
          <ns3:TrackPointExtension>
            <ns3:hr>167</ns3:hr>
            <ns3:cad>88</ns3:cad>
          </ns3:TrackPointExtension>
        </extensions>
      </trkpt>
      <trkpt lat="45.69840774871408939361572265625" lon="126.596602611243724822998046875">
        <ele>158.1999969482421875</ele>
        <time>2026-07-07T22:40:40.000Z</time>
        <extensions>
          <ns3:TrackPointExtension>
            <ns3:hr>167</ns3:hr>
            <ns3:cad>88</ns3:cad>
          </ns3:TrackPointExtension>
        </extensions>
      </trkpt>
      <trkpt lat="45.698433481156826019287109375" lon="126.59661208279430866241455078125">
        <ele>158.1999969482421875</ele>
        <time>2026-07-07T22:40:41.000Z</time>
        <extensions>
          <ns3:TrackPointExtension>
            <ns3:hr>166</ns3:hr>
            <ns3:cad>88</ns3:cad>
          </ns3:TrackPointExtension>
        </extensions>
      </trkpt>
      <trkpt lat="45.6984561122953891754150390625" lon="126.59661744721233844757080078125">
        <ele>158.399993896484375</ele>
        <time>2026-07-07T22:40:42.000Z</time>
        <extensions>
          <ns3:TrackPointExtension>
            <ns3:hr>166</ns3:hr>
            <ns3:cad>88</ns3:cad>
          </ns3:TrackPointExtension>
        </extensions>
      </trkpt>
      <trkpt lat="45.6984862871468067169189453125" lon="126.596626751124858856201171875">
        <ele>158.399993896484375</ele>
        <time>2026-07-07T22:40:43.000Z</time>
        <extensions>
          <ns3:TrackPointExtension>
            <ns3:hr>166</ns3:hr>
            <ns3:cad>88</ns3:cad>
          </ns3:TrackPointExtension>
        </extensions>
      </trkpt>
      <trkpt lat="45.6985084153711795806884765625" lon="126.5966262482106685638427734375">
        <ele>158.399993896484375</ele>
        <time>2026-07-07T22:40:44.000Z</time>
        <extensions>
          <ns3:TrackPointExtension>
            <ns3:hr>166</ns3:hr>
            <ns3:cad>88</ns3:cad>
          </ns3:TrackPointExtension>
        </extensions>
      </trkpt>
      <trkpt lat="45.69853548891842365264892578125" lon="126.59663002006709575653076171875">
        <ele>158.399993896484375</ele>
        <time>2026-07-07T22:40:45.000Z</time>
        <extensions>
          <ns3:TrackPointExtension>
            <ns3:hr>166</ns3:hr>
            <ns3:cad>88</ns3:cad>
          </ns3:TrackPointExtension>
        </extensions>
      </trkpt>
      <trkpt lat="45.69855845533311367034912109375" lon="126.59663806669414043426513671875">
        <ele>158.399993896484375</ele>
        <time>2026-07-07T22:40:46.000Z</time>
        <extensions>
          <ns3:TrackPointExtension>
            <ns3:hr>166</ns3:hr>
            <ns3:cad>88</ns3:cad>
          </ns3:TrackPointExtension>
        </extensions>
      </trkpt>
      <trkpt lat="45.69858200848102569580078125" lon="126.59664242528378963470458984375">
        <ele>158.399993896484375</ele>
        <time>2026-07-07T22:40:47.000Z</time>
        <extensions>
          <ns3:TrackPointExtension>
            <ns3:hr>166</ns3:hr>
            <ns3:cad>88</ns3:cad>
          </ns3:TrackPointExtension>
        </extensions>
      </trkpt>
      <trkpt lat="45.6986103393137454986572265625" lon="126.59665013663470745086669921875">
        <ele>158.399993896484375</ele>
        <time>2026-07-07T22:40:48.000Z</time>
        <extensions>
          <ns3:TrackPointExtension>
            <ns3:hr>166</ns3:hr>
            <ns3:cad>88</ns3:cad>
          </ns3:TrackPointExtension>
        </extensions>
      </trkpt>
      <trkpt lat="45.69863020442426204681396484375" lon="126.59665315411984920501708984375">
        <ele>158.399993896484375</ele>
        <time>2026-07-07T22:40:49.000Z</time>
        <extensions>
          <ns3:TrackPointExtension>
            <ns3:hr>166</ns3:hr>
            <ns3:cad>88</ns3:cad>
          </ns3:TrackPointExtension>
        </extensions>
      </trkpt>
      <trkpt lat="45.69865719415247440338134765625" lon="126.5966627933084964752197265625">
        <ele>158.399993896484375</ele>
        <time>2026-07-07T22:40:50.000Z</time>
        <extensions>
          <ns3:TrackPointExtension>
            <ns3:hr>166</ns3:hr>
            <ns3:cad>87</ns3:cad>
          </ns3:TrackPointExtension>
        </extensions>
      </trkpt>
      <trkpt lat="45.6986737065017223358154296875" lon="126.59666338004171848297119140625">
        <ele>158.399993896484375</ele>
        <time>2026-07-07T22:40:51.000Z</time>
        <extensions>
          <ns3:TrackPointExtension>
            <ns3:hr>166</ns3:hr>
            <ns3:cad>87</ns3:cad>
          </ns3:TrackPointExtension>
        </extensions>
      </trkpt>
      <trkpt lat="45.698696672916412353515625" lon="126.5966705046594142913818359375">
        <ele>158.399993896484375</ele>
        <time>2026-07-07T22:40:52.000Z</time>
        <extensions>
          <ns3:TrackPointExtension>
            <ns3:hr>166</ns3:hr>
            <ns3:cad>87</ns3:cad>
          </ns3:TrackPointExtension>
        </extensions>
      </trkpt>
      <trkpt lat="45.69871502928435802459716796875" lon="126.59667335450649261474609375">
        <ele>158.399993896484375</ele>
        <time>2026-07-07T22:40:53.000Z</time>
        <extensions>
          <ns3:TrackPointExtension>
            <ns3:hr>165</ns3:hr>
            <ns3:cad>87</ns3:cad>
          </ns3:TrackPointExtension>
        </extensions>
      </trkpt>
      <trkpt lat="45.6987441144883632659912109375" lon="126.59668282605707645416259765625">
        <ele>158.399993896484375</ele>
        <time>2026-07-07T22:40:54.000Z</time>
        <extensions>
          <ns3:TrackPointExtension>
            <ns3:hr>165</ns3:hr>
            <ns3:cad>87</ns3:cad>
          </ns3:TrackPointExtension>
        </extensions>
      </trkpt>
      <trkpt lat="45.698769427835941314697265625" lon="126.5966922976076602935791015625">
        <ele>158.399993896484375</ele>
        <time>2026-07-07T22:40:55.000Z</time>
        <extensions>
          <ns3:TrackPointExtension>
            <ns3:hr>165</ns3:hr>
            <ns3:cad>87</ns3:cad>
          </ns3:TrackPointExtension>
        </extensions>
      </trkpt>
      <trkpt lat="45.698798261582851409912109375" lon="126.59670311026275157928466796875">
        <ele>158.399993896484375</ele>
        <time>2026-07-07T22:40:56.000Z</time>
        <extensions>
          <ns3:TrackPointExtension>
            <ns3:hr>165</ns3:hr>
            <ns3:cad>87</ns3:cad>
          </ns3:TrackPointExtension>
        </extensions>
      </trkpt>
      <trkpt lat="45.69882399402558803558349609375" lon="126.596706546843051910400390625">
        <ele>158.600006103515625</ele>
        <time>2026-07-07T22:40:57.000Z</time>
        <extensions>
          <ns3:TrackPointExtension>
            <ns3:hr>165</ns3:hr>
            <ns3:cad>87</ns3:cad>
          </ns3:TrackPointExtension>
        </extensions>
      </trkpt>
      <trkpt lat="45.69885115139186382293701171875" lon="126.5967150963842868804931640625">
        <ele>158.600006103515625</ele>
        <time>2026-07-07T22:40:58.000Z</time>
        <extensions>
          <ns3:TrackPointExtension>
            <ns3:hr>165</ns3:hr>
            <ns3:cad>87</ns3:cad>
          </ns3:TrackPointExtension>
        </extensions>
      </trkpt>
      <trkpt lat="45.698872692883014678955078125" lon="126.5967228077352046966552734375">
        <ele>158.600006103515625</ele>
        <time>2026-07-07T22:40:59.000Z</time>
        <extensions>
          <ns3:TrackPointExtension>
            <ns3:hr>165</ns3:hr>
            <ns3:cad>87</ns3:cad>
          </ns3:TrackPointExtension>
        </extensions>
      </trkpt>
      <trkpt lat="45.69889876060187816619873046875" lon="126.59672574140131473541259765625">
        <ele>158.600006103515625</ele>
        <time>2026-07-07T22:41:00.000Z</time>
        <extensions>
          <ns3:TrackPointExtension>
            <ns3:hr>165</ns3:hr>
            <ns3:cad>87</ns3:cad>
          </ns3:TrackPointExtension>
        </extensions>
      </trkpt>
      <trkpt lat="45.69892005063593387603759765625" lon="126.5967358835041522979736328125">
        <ele>158.600006103515625</ele>
        <time>2026-07-07T22:41:01.000Z</time>
        <extensions>
          <ns3:TrackPointExtension>
            <ns3:hr>165</ns3:hr>
            <ns3:cad>87</ns3:cad>
          </ns3:TrackPointExtension>
        </extensions>
      </trkpt>
      <trkpt lat="45.69894670508801937103271484375" lon="126.59674317575991153717041015625">
        <ele>158.600006103515625</ele>
        <time>2026-07-07T22:41:02.000Z</time>
        <extensions>
          <ns3:TrackPointExtension>
            <ns3:hr>165</ns3:hr>
            <ns3:cad>88</ns3:cad>
          </ns3:TrackPointExtension>
        </extensions>
      </trkpt>
      <trkpt lat="45.69897268898785114288330078125" lon="126.59675373695790767669677734375">
        <ele>158.600006103515625</ele>
        <time>2026-07-07T22:41:03.000Z</time>
        <extensions>
          <ns3:TrackPointExtension>
            <ns3:hr>165</ns3:hr>
            <ns3:cad>88</ns3:cad>
          </ns3:TrackPointExtension>
        </extensions>
      </trkpt>
      <trkpt lat="45.6989982537925243377685546875" lon="126.59676178358495235443115234375">
        <ele>158.600006103515625</ele>
        <time>2026-07-07T22:41:04.000Z</time>
        <extensions>
          <ns3:TrackPointExtension>
            <ns3:hr>164</ns3:hr>
            <ns3:cad>88</ns3:cad>
          </ns3:TrackPointExtension>
        </extensions>
      </trkpt>
      <trkpt lat="45.69902817718684673309326171875" lon="126.59677301533520221710205078125">
        <ele>158.600006103515625</ele>
        <time>2026-07-07T22:41:05.000Z</time>
        <extensions>
          <ns3:TrackPointExtension>
            <ns3:hr>164</ns3:hr>
            <ns3:cad>88</ns3:cad>
          </ns3:TrackPointExtension>
        </extensions>
      </trkpt>
      <trkpt lat="45.6990547478199005126953125" lon="126.59677502699196338653564453125">
        <ele>158.600006103515625</ele>
        <time>2026-07-07T22:41:06.000Z</time>
        <extensions>
          <ns3:TrackPointExtension>
            <ns3:hr>164</ns3:hr>
            <ns3:cad>88</ns3:cad>
          </ns3:TrackPointExtension>
        </extensions>
      </trkpt>
      <trkpt lat="45.699083916842937469482421875" lon="126.5967955626547336578369140625">
        <ele>158.600006103515625</ele>
        <time>2026-07-07T22:41:07.000Z</time>
        <extensions>
          <ns3:TrackPointExtension>
            <ns3:hr>164</ns3:hr>
            <ns3:cad>88</ns3:cad>
          </ns3:TrackPointExtension>
        </extensions>
      </trkpt>
      <trkpt lat="45.69910445250570774078369140625" lon="126.5968019329011440277099609375">
        <ele>158.600006103515625</ele>
        <time>2026-07-07T22:41:08.000Z</time>
        <extensions>
          <ns3:TrackPointExtension>
            <ns3:hr>164</ns3:hr>
            <ns3:cad>88</ns3:cad>
          </ns3:TrackPointExtension>
        </extensions>
      </trkpt>
      <trkpt lat="45.699129514396190643310546875" lon="126.596819870173931121826171875">
        <ele>158.600006103515625</ele>
        <time>2026-07-07T22:41:09.000Z</time>
        <extensions>
          <ns3:TrackPointExtension>
            <ns3:hr>164</ns3:hr>
            <ns3:cad>87</ns3:cad>
          </ns3:TrackPointExtension>
        </extensions>
      </trkpt>
      <trkpt lat="45.6991477869451045989990234375" lon="126.59683252684772014617919921875">
        <ele>158.600006103515625</ele>
        <time>2026-07-07T22:41:10.000Z</time>
        <extensions>
          <ns3:TrackPointExtension>
            <ns3:hr>164</ns3:hr>
            <ns3:cad>87</ns3:cad>
          </ns3:TrackPointExtension>
        </extensions>
      </trkpt>
      <trkpt lat="45.69916815496981143951416015625" lon="126.59684635698795318603515625">
        <ele>158.600006103515625</ele>
        <time>2026-07-07T22:41:11.000Z</time>
        <extensions>
          <ns3:TrackPointExtension>
            <ns3:hr>164</ns3:hr>
            <ns3:cad>87</ns3:cad>
          </ns3:TrackPointExtension>
        </extensions>
      </trkpt>
      <trkpt lat="45.69918877445161342620849609375" lon="126.59685834310948848724365234375">
        <ele>158.600006103515625</ele>
        <time>2026-07-07T22:41:12.000Z</time>
        <extensions>
          <ns3:TrackPointExtension>
            <ns3:hr>164</ns3:hr>
            <ns3:cad>87</ns3:cad>
          </ns3:TrackPointExtension>
        </extensions>
      </trkpt>
      <trkpt lat="45.69921232759952545166015625" lon="126.59686982631683349609375">
        <ele>158.8000030517578125</ele>
        <time>2026-07-07T22:41:13.000Z</time>
        <extensions>
          <ns3:TrackPointExtension>
            <ns3:hr>164</ns3:hr>
            <ns3:cad>87</ns3:cad>
          </ns3:TrackPointExtension>
        </extensions>
      </trkpt>
      <trkpt lat="45.69923168979585170745849609375" lon="126.59688466228544712066650390625">
        <ele>158.8000030517578125</ele>
        <time>2026-07-07T22:41:14.000Z</time>
        <extensions>
          <ns3:TrackPointExtension>
            <ns3:hr>163</ns3:hr>
            <ns3:cad>87</ns3:cad>
          </ns3:TrackPointExtension>
        </extensions>
      </trkpt>
      <trkpt lat="45.69925297982990741729736328125" lon="126.5968978218734264373779296875">
        <ele>158.8000030517578125</ele>
        <time>2026-07-07T22:41:15.000Z</time>
        <extensions>
          <ns3:TrackPointExtension>
            <ns3:hr>163</ns3:hr>
            <ns3:cad>87</ns3:cad>
          </ns3:TrackPointExtension>
        </extensions>
      </trkpt>
      <trkpt lat="45.69927259348332881927490234375" lon="126.59690645523369312286376953125">
        <ele>158.8000030517578125</ele>
        <time>2026-07-07T22:41:16.000Z</time>
        <extensions>
          <ns3:TrackPointExtension>
            <ns3:hr>163</ns3:hr>
            <ns3:cad>87</ns3:cad>
          </ns3:TrackPointExtension>
        </extensions>
      </trkpt>
      <trkpt lat="45.69929036311805248260498046875" lon="126.59691483713686466217041015625">
        <ele>158.8000030517578125</ele>
        <time>2026-07-07T22:41:17.000Z</time>
        <extensions>
          <ns3:TrackPointExtension>
            <ns3:hr>163</ns3:hr>
            <ns3:cad>87</ns3:cad>
          </ns3:TrackPointExtension>
        </extensions>
      </trkpt>
      <trkpt lat="45.69931182079017162322998046875" lon="126.59692556597292423248291015625">
        <ele>158.8000030517578125</ele>
        <time>2026-07-07T22:41:18.000Z</time>
        <extensions>
          <ns3:TrackPointExtension>
            <ns3:hr>163</ns3:hr>
            <ns3:cad>87</ns3:cad>
          </ns3:TrackPointExtension>
        </extensions>
      </trkpt>
      <trkpt lat="45.6993372179567813873291015625" lon="126.59692908637225627899169921875">
        <ele>159</ele>
        <time>2026-07-07T22:41:19.000Z</time>
        <extensions>
          <ns3:TrackPointExtension>
            <ns3:hr>162</ns3:hr>
            <ns3:cad>87</ns3:cad>
          </ns3:TrackPointExtension>
        </extensions>
      </trkpt>
      <trkpt lat="45.6993658840656280517578125" lon="126.596937216818332672119140625">
        <ele>159</ele>
        <time>2026-07-07T22:41:20.000Z</time>
        <extensions>
          <ns3:TrackPointExtension>
            <ns3:hr>162</ns3:hr>
            <ns3:cad>87</ns3:cad>
          </ns3:TrackPointExtension>
        </extensions>
      </trkpt>
      <trkpt lat="45.699388682842254638671875" lon="126.59693746827542781829833984375">
        <ele>159</ele>
        <time>2026-07-07T22:41:21.000Z</time>
        <extensions>
          <ns3:TrackPointExtension>
            <ns3:hr>162</ns3:hr>
            <ns3:cad>87</ns3:cad>
          </ns3:TrackPointExtension>
        </extensions>
      </trkpt>
      <trkpt lat="45.699415840208530426025390625" lon="126.596941910684108734130859375">
        <ele>159.1999969482421875</ele>
        <time>2026-07-07T22:41:22.000Z</time>
        <extensions>
          <ns3:TrackPointExtension>
            <ns3:hr>163</ns3:hr>
            <ns3:cad>87</ns3:cad>
          </ns3:TrackPointExtension>
        </extensions>
      </trkpt>
      <trkpt lat="45.69944106973707675933837890625" lon="126.59693897701799869537353515625">
        <ele>159.1999969482421875</ele>
        <time>2026-07-07T22:41:23.000Z</time>
        <extensions>
          <ns3:TrackPointExtension>
            <ns3:hr>162</ns3:hr>
            <ns3:cad>87</ns3:cad>
          </ns3:TrackPointExtension>
        </extensions>
      </trkpt>
      <trkpt lat="45.69946286268532276153564453125" lon="126.59695004113018512725830078125">
        <ele>159.1999969482421875</ele>
        <time>2026-07-07T22:41:24.000Z</time>
        <extensions>
          <ns3:TrackPointExtension>
            <ns3:hr>163</ns3:hr>
            <ns3:cad>87</ns3:cad>
          </ns3:TrackPointExtension>
        </extensions>
      </trkpt>
      <trkpt lat="45.69948180578649044036865234375" lon="126.596953980624675750732421875">
        <ele>159.1999969482421875</ele>
        <time>2026-07-07T22:41:25.000Z</time>
        <extensions>
          <ns3:TrackPointExtension>
            <ns3:hr>163</ns3:hr>
            <ns3:cad>87</ns3:cad>
          </ns3:TrackPointExtension>
        </extensions>
      </trkpt>
      <trkpt lat="45.6995082087814807891845703125" lon="126.59696613438427448272705078125">
        <ele>159.1999969482421875</ele>
        <time>2026-07-07T22:41:26.000Z</time>
        <extensions>
          <ns3:TrackPointExtension>
            <ns3:hr>163</ns3:hr>
            <ns3:cad>87</ns3:cad>
          </ns3:TrackPointExtension>
        </extensions>
      </trkpt>
      <trkpt lat="45.6995296664535999298095703125" lon="126.5969732590019702911376953125">
        <ele>159.1999969482421875</ele>
        <time>2026-07-07T22:41:27.000Z</time>
        <extensions>
          <ns3:TrackPointExtension>
            <ns3:hr>164</ns3:hr>
            <ns3:cad>87</ns3:cad>
          </ns3:TrackPointExtension>
        </extensions>
      </trkpt>
      <trkpt lat="45.6995538063347339630126953125" lon="126.596981473267078399658203125">
        <ele>159.1999969482421875</ele>
        <time>2026-07-07T22:41:28.000Z</time>
        <extensions>
          <ns3:TrackPointExtension>
            <ns3:hr>164</ns3:hr>
            <ns3:cad>87</ns3:cad>
          </ns3:TrackPointExtension>
        </extensions>
      </trkpt>
      <trkpt lat="45.69957576692104339599609375" lon="126.596992202103137969970703125">
        <ele>159.1999969482421875</ele>
        <time>2026-07-07T22:41:29.000Z</time>
        <extensions>
          <ns3:TrackPointExtension>
            <ns3:hr>164</ns3:hr>
            <ns3:cad>87</ns3:cad>
          </ns3:TrackPointExtension>
        </extensions>
      </trkpt>
      <trkpt lat="45.699597895145416259765625" lon="126.5970027633011341094970703125">
        <ele>159.1999969482421875</ele>
        <time>2026-07-07T22:41:30.000Z</time>
        <extensions>
          <ns3:TrackPointExtension>
            <ns3:hr>165</ns3:hr>
            <ns3:cad>87</ns3:cad>
          </ns3:TrackPointExtension>
        </extensions>
      </trkpt>
      <trkpt lat="45.6996205262839794158935546875" lon="126.5970141626894474029541015625">
        <ele>159.1999969482421875</ele>
        <time>2026-07-07T22:41:31.000Z</time>
        <extensions>
          <ns3:TrackPointExtension>
            <ns3:hr>165</ns3:hr>
            <ns3:cad>87</ns3:cad>
          </ns3:TrackPointExtension>
        </extensions>
      </trkpt>
      <trkpt lat="45.69964156486093997955322265625" lon="126.59702338278293609619140625">
        <ele>159.399993896484375</ele>
        <time>2026-07-07T22:41:32.000Z</time>
        <extensions>
          <ns3:TrackPointExtension>
            <ns3:hr>166</ns3:hr>
            <ns3:cad>87</ns3:cad>
          </ns3:TrackPointExtension>
        </extensions>
      </trkpt>
      <trkpt lat="45.69966436363756656646728515625" lon="126.59703453071415424346923828125">
        <ele>159.399993896484375</ele>
        <time>2026-07-07T22:41:33.000Z</time>
        <extensions>
          <ns3:TrackPointExtension>
            <ns3:hr>166</ns3:hr>
            <ns3:cad>87</ns3:cad>
          </ns3:TrackPointExtension>
        </extensions>
      </trkpt>
      <trkpt lat="45.69968816824257373809814453125" lon="126.59703872166574001312255859375">
        <ele>159.399993896484375</ele>
        <time>2026-07-07T22:41:34.000Z</time>
        <extensions>
          <ns3:TrackPointExtension>
            <ns3:hr>166</ns3:hr>
            <ns3:cad>87</ns3:cad>
          </ns3:TrackPointExtension>
        </extensions>
      </trkpt>
      <trkpt lat="45.699715577065944671630859375" lon="126.59704861231148242950439453125">
        <ele>159.600006103515625</ele>
        <time>2026-07-07T22:41:35.000Z</time>
        <extensions>
          <ns3:TrackPointExtension>
            <ns3:hr>165</ns3:hr>
            <ns3:cad>87</ns3:cad>
          </ns3:TrackPointExtension>
        </extensions>
      </trkpt>
      <trkpt lat="45.6997368671000003814697265625" lon="126.597047857940196990966796875">
        <ele>159.600006103515625</ele>
        <time>2026-07-07T22:41:36.000Z</time>
        <extensions>
          <ns3:TrackPointExtension>
            <ns3:hr>166</ns3:hr>
            <ns3:cad>87</ns3:cad>
          </ns3:TrackPointExtension>
        </extensions>
      </trkpt>
      <trkpt lat="45.699764527380466461181640625" lon="126.5970533899962902069091796875">
        <ele>159.600006103515625</ele>
        <time>2026-07-07T22:41:37.000Z</time>
        <extensions>
          <ns3:TrackPointExtension>
            <ns3:hr>166</ns3:hr>
            <ns3:cad>87</ns3:cad>
          </ns3:TrackPointExtension>
        </extensions>
      </trkpt>
      <trkpt lat="45.6997804529964923858642578125" lon="126.59705556929111480712890625">
        <ele>159.600006103515625</ele>
        <time>2026-07-07T22:41:38.000Z</time>
        <extensions>
          <ns3:TrackPointExtension>
            <ns3:hr>165</ns3:hr>
            <ns3:cad>87</ns3:cad>
          </ns3:TrackPointExtension>
        </extensions>
      </trkpt>
      <trkpt lat="45.6998035870492458343505859375" lon="126.5970594249665737152099609375">
        <ele>159.600006103515625</ele>
        <time>2026-07-07T22:41:39.000Z</time>
        <extensions>
          <ns3:TrackPointExtension>
            <ns3:hr>165</ns3:hr>
            <ns3:cad>88</ns3:cad>
          </ns3:TrackPointExtension>
        </extensions>
      </trkpt>
      <trkpt lat="45.6998272240161895751953125" lon="126.59706068225204944610595703125">
        <ele>159.600006103515625</ele>
        <time>2026-07-07T22:41:40.000Z</time>
        <extensions>
          <ns3:TrackPointExtension>
            <ns3:hr>165</ns3:hr>
            <ns3:cad>88</ns3:cad>
          </ns3:TrackPointExtension>
        </extensions>
      </trkpt>
      <trkpt lat="45.6998542137444019317626953125" lon="126.59706939943134784698486328125">
        <ele>159.600006103515625</ele>
        <time>2026-07-07T22:41:41.000Z</time>
        <extensions>
          <ns3:TrackPointExtension>
            <ns3:hr>165</ns3:hr>
            <ns3:cad>88</ns3:cad>
          </ns3:TrackPointExtension>
        </extensions>
      </trkpt>
      <trkpt lat="45.6998776830732822418212890625" lon="126.59706420265138149261474609375">
        <ele>159.600006103515625</ele>
        <time>2026-07-07T22:41:42.000Z</time>
        <extensions>
          <ns3:TrackPointExtension>
            <ns3:hr>165</ns3:hr>
            <ns3:cad>88</ns3:cad>
          </ns3:TrackPointExtension>
        </extensions>
      </trkpt>
      <trkpt lat="45.6999105401337146759033203125" lon="126.597063951194286346435546875">
        <ele>159.600006103515625</ele>
        <time>2026-07-07T22:41:43.000Z</time>
        <extensions>
          <ns3:TrackPointExtension>
            <ns3:hr>164</ns3:hr>
            <ns3:cad>88</ns3:cad>
          </ns3:TrackPointExtension>
        </extensions>
      </trkpt>
      <trkpt lat="45.69993509911000728607177734375" lon="126.59706269390881061553955078125">
        <ele>159.600006103515625</ele>
        <time>2026-07-07T22:41:44.000Z</time>
        <extensions>
          <ns3:TrackPointExtension>
            <ns3:hr>165</ns3:hr>
            <ns3:cad>88</ns3:cad>
          </ns3:TrackPointExtension>
        </extensions>
      </trkpt>
      <trkpt lat="45.69996594451367855072021484375" lon="126.5970669686794281005859375">
        <ele>159.600006103515625</ele>
        <time>2026-07-07T22:41:45.000Z</time>
        <extensions>
          <ns3:TrackPointExtension>
            <ns3:hr>165</ns3:hr>
            <ns3:cad>88</ns3:cad>
          </ns3:TrackPointExtension>
        </extensions>
      </trkpt>
      <trkpt lat="45.69999293424189090728759765625" lon="126.597060598433017730712890625">
        <ele>159.600006103515625</ele>
        <time>2026-07-07T22:41:46.000Z</time>
        <extensions>
          <ns3:TrackPointExtension>
            <ns3:hr>165</ns3:hr>
            <ns3:cad>88</ns3:cad>
          </ns3:TrackPointExtension>
        </extensions>
      </trkpt>
      <trkpt lat="45.700024031102657318115234375" lon="126.59705800004303455352783203125">
        <ele>159.600006103515625</ele>
        <time>2026-07-07T22:41:47.000Z</time>
        <extensions>
          <ns3:TrackPointExtension>
            <ns3:hr>165</ns3:hr>
            <ns3:cad>89</ns3:cad>
          </ns3:TrackPointExtension>
        </extensions>
      </trkpt>
      <trkpt lat="45.700051523745059967041015625" lon="126.5970554016530513763427734375">
        <ele>159.600006103515625</ele>
        <time>2026-07-07T22:41:48.000Z</time>
        <extensions>
          <ns3:TrackPointExtension>
            <ns3:hr>165</ns3:hr>
            <ns3:cad>89</ns3:cad>
          </ns3:TrackPointExtension>
        </extensions>
      </trkpt>
      <trkpt lat="45.70007524453103542327880859375" lon="126.5970523841679096221923828125">
        <ele>159.600006103515625</ele>
        <time>2026-07-07T22:41:49.000Z</time>
        <extensions>
          <ns3:TrackPointExtension>
            <ns3:hr>165</ns3:hr>
            <ns3:cad>89</ns3:cad>
          </ns3:TrackPointExtension>
        </extensions>
      </trkpt>
      <trkpt lat="45.70010282099246978759765625" lon="126.5970557369291782379150390625">
        <ele>159.600006103515625</ele>
        <time>2026-07-07T22:41:50.000Z</time>
        <extensions>
          <ns3:TrackPointExtension>
            <ns3:hr>166</ns3:hr>
            <ns3:cad>88</ns3:cad>
          </ns3:TrackPointExtension>
        </extensions>
      </trkpt>
      <trkpt lat="45.700130648910999298095703125" lon="126.5970621071755886077880859375">
        <ele>159.600006103515625</ele>
        <time>2026-07-07T22:41:51.000Z</time>
        <extensions>
          <ns3:TrackPointExtension>
            <ns3:hr>166</ns3:hr>
            <ns3:cad>87</ns3:cad>
          </ns3:TrackPointExtension>
        </extensions>
      </trkpt>
      <trkpt lat="45.70015101693570613861083984375" lon="126.5970587544143199920654296875">
        <ele>159.600006103515625</ele>
        <time>2026-07-07T22:41:52.000Z</time>
        <extensions>
          <ns3:TrackPointExtension>
            <ns3:hr>166</ns3:hr>
            <ns3:cad>88</ns3:cad>
          </ns3:TrackPointExtension>
        </extensions>
      </trkpt>
      <trkpt lat="45.70017867721617221832275390625" lon="126.59706168808043003082275390625">
        <ele>159.8000030517578125</ele>
        <time>2026-07-07T22:41:53.000Z</time>
        <extensions>
          <ns3:TrackPointExtension>
            <ns3:hr>166</ns3:hr>
            <ns3:cad>88</ns3:cad>
          </ns3:TrackPointExtension>
        </extensions>
      </trkpt>
      <trkpt lat="45.7002052478492259979248046875" lon="126.59706621430814266204833984375">
        <ele>159.8000030517578125</ele>
        <time>2026-07-07T22:41:54.000Z</time>
        <extensions>
          <ns3:TrackPointExtension>
            <ns3:hr>166</ns3:hr>
            <ns3:cad>88</ns3:cad>
          </ns3:TrackPointExtension>
        </extensions>
      </trkpt>
      <trkpt lat="45.7002313993871212005615234375" lon="126.59706386737525463104248046875">
        <ele>159.8000030517578125</ele>
        <time>2026-07-07T22:41:55.000Z</time>
        <extensions>
          <ns3:TrackPointExtension>
            <ns3:hr>166</ns3:hr>
            <ns3:cad>88</ns3:cad>
          </ns3:TrackPointExtension>
        </extensions>
      </trkpt>
      <trkpt lat="45.70025176741182804107666015625" lon="126.597066633403301239013671875">
        <ele>159.8000030517578125</ele>
        <time>2026-07-07T22:41:56.000Z</time>
        <extensions>
          <ns3:TrackPointExtension>
            <ns3:hr>166</ns3:hr>
            <ns3:cad>87</ns3:cad>
          </ns3:TrackPointExtension>
        </extensions>
      </trkpt>
      <trkpt lat="45.7002813555300235748291015625" lon="126.597063951194286346435546875">
        <ele>159.8000030517578125</ele>
        <time>2026-07-07T22:41:57.000Z</time>
        <extensions>
          <ns3:TrackPointExtension>
            <ns3:hr>167</ns3:hr>
            <ns3:cad>87</ns3:cad>
          </ns3:TrackPointExtension>
        </extensions>
      </trkpt>
      <trkpt lat="45.7003071717917919158935546875" lon="126.59707359038293361663818359375">
        <ele>159.8000030517578125</ele>
        <time>2026-07-07T22:41:58.000Z</time>
        <extensions>
          <ns3:TrackPointExtension>
            <ns3:hr>167</ns3:hr>
            <ns3:cad>87</ns3:cad>
          </ns3:TrackPointExtension>
        </extensions>
      </trkpt>
      <trkpt lat="45.7003356702625751495361328125" lon="126.59707392565906047821044921875">
        <ele>159.8000030517578125</ele>
        <time>2026-07-07T22:41:59.000Z</time>
        <extensions>
          <ns3:TrackPointExtension>
            <ns3:hr>167</ns3:hr>
            <ns3:cad>90</ns3:cad>
          </ns3:TrackPointExtension>
        </extensions>
      </trkpt>
      <trkpt lat="45.70036425255239009857177734375" lon="126.59707861952483654022216796875">
        <ele>159.8000030517578125</ele>
        <time>2026-07-07T22:42:00.000Z</time>
        <extensions>
          <ns3:TrackPointExtension>
            <ns3:hr>167</ns3:hr>
            <ns3:cad>90</ns3:cad>
          </ns3:TrackPointExtension>
        </extensions>
      </trkpt>
      <trkpt lat="45.7003936730325222015380859375" lon="126.59706939943134784698486328125">
        <ele>159.8000030517578125</ele>
        <time>2026-07-07T22:42:01.000Z</time>
        <extensions>
          <ns3:TrackPointExtension>
            <ns3:hr>167</ns3:hr>
            <ns3:cad>89</ns3:cad>
          </ns3:TrackPointExtension>
        </extensions>
      </trkpt>
      <trkpt lat="45.7004253566265106201171875" lon="126.5970654599368572235107421875">
        <ele>159.8000030517578125</ele>
        <time>2026-07-07T22:42:02.000Z</time>
        <extensions>
          <ns3:TrackPointExtension>
            <ns3:hr>167</ns3:hr>
            <ns3:cad>89</ns3:cad>
          </ns3:TrackPointExtension>
        </extensions>
      </trkpt>
      <trkpt lat="45.7004494965076446533203125" lon="126.59706185571849346160888671875">
        <ele>159.8000030517578125</ele>
        <time>2026-07-07T22:42:03.000Z</time>
        <extensions>
          <ns3:TrackPointExtension>
            <ns3:hr>168</ns3:hr>
            <ns3:cad>89</ns3:cad>
          </ns3:TrackPointExtension>
        </extensions>
      </trkpt>
      <trkpt lat="45.7004808448255062103271484375" lon="126.5970644541084766387939453125">
        <ele>159.8000030517578125</ele>
        <time>2026-07-07T22:42:04.000Z</time>
        <extensions>
          <ns3:TrackPointExtension>
            <ns3:hr>167</ns3:hr>
            <ns3:cad>89</ns3:cad>
          </ns3:TrackPointExtension>
        </extensions>
      </trkpt>
      <trkpt lat="45.7005046494305133819580078125" lon="126.5970575809478759765625">
        <ele>159.8000030517578125</ele>
        <time>2026-07-07T22:42:05.000Z</time>
        <extensions>
          <ns3:TrackPointExtension>
            <ns3:hr>167</ns3:hr>
            <ns3:cad>89</ns3:cad>
          </ns3:TrackPointExtension>
        </extensions>
      </trkpt>
      <trkpt lat="45.70053792558610439300537109375" lon="126.597055904567241668701171875">
        <ele>159.8000030517578125</ele>
        <time>2026-07-07T22:42:06.000Z</time>
        <extensions>
          <ns3:TrackPointExtension>
            <ns3:hr>168</ns3:hr>
            <ns3:cad>89</ns3:cad>
          </ns3:TrackPointExtension>
        </extensions>
      </trkpt>
      <trkpt lat="45.70056189782917499542236328125" lon="126.59704877994954586029052734375">
        <ele>159.8000030517578125</ele>
        <time>2026-07-07T22:42:07.000Z</time>
        <extensions>
          <ns3:TrackPointExtension>
            <ns3:hr>168</ns3:hr>
            <ns3:cad>89</ns3:cad>
          </ns3:TrackPointExtension>
        </extensions>
      </trkpt>
      <trkpt lat="45.70058452896773815155029296875" lon="126.5970508754253387451171875">
        <ele>159.8000030517578125</ele>
        <time>2026-07-07T22:42:08.000Z</time>
        <extensions>
          <ns3:TrackPointExtension>
            <ns3:hr>168</ns3:hr>
            <ns3:cad>89</ns3:cad>
          </ns3:TrackPointExtension>
        </extensions>
      </trkpt>
      <trkpt lat="45.70061235688626766204833984375" lon="126.59705045633018016815185546875">
        <ele>159.8000030517578125</ele>
        <time>2026-07-07T22:42:09.000Z</time>
        <extensions>
          <ns3:TrackPointExtension>
            <ns3:hr>168</ns3:hr>
            <ns3:cad>89</ns3:cad>
          </ns3:TrackPointExtension>
        </extensions>
      </trkpt>
      <trkpt lat="45.7006414420902729034423828125" lon="126.59705414436757564544677734375">
        <ele>159.8000030517578125</ele>
        <time>2026-07-07T22:42:10.000Z</time>
        <extensions>
          <ns3:TrackPointExtension>
            <ns3:hr>168</ns3:hr>
            <ns3:cad>89</ns3:cad>
          </ns3:TrackPointExtension>
        </extensions>
      </trkpt>
      <trkpt lat="45.70066181011497974395751953125" lon="126.59705422818660736083984375">
        <ele>159.8000030517578125</ele>
        <time>2026-07-07T22:42:11.000Z</time>
        <extensions>
          <ns3:TrackPointExtension>
            <ns3:hr>168</ns3:hr>
            <ns3:cad>89</ns3:cad>
          </ns3:TrackPointExtension>
        </extensions>
      </trkpt>
      <trkpt lat="45.70068980567157268524169921875" lon="126.59705984406173229217529296875">
        <ele>159.8000030517578125</ele>
        <time>2026-07-07T22:42:12.000Z</time>
        <extensions>
          <ns3:TrackPointExtension>
            <ns3:hr>169</ns3:hr>
            <ns3:cad>89</ns3:cad>
          </ns3:TrackPointExtension>
        </extensions>
      </trkpt>
      <trkpt lat="45.7007148675620555877685546875" lon="126.5970688126981258392333984375">
        <ele>159.8000030517578125</ele>
        <time>2026-07-07T22:42:13.000Z</time>
        <extensions>
          <ns3:TrackPointExtension>
            <ns3:hr>168</ns3:hr>
            <ns3:cad>88</ns3:cad>
          </ns3:TrackPointExtension>
        </extensions>
      </trkpt>
      <trkpt lat="45.70074629969894886016845703125" lon="126.597078032791614532470703125">
        <ele>159.8000030517578125</ele>
        <time>2026-07-07T22:42:14.000Z</time>
        <extensions>
          <ns3:TrackPointExtension>
            <ns3:hr>169</ns3:hr>
            <ns3:cad>88</ns3:cad>
          </ns3:TrackPointExtension>
        </extensions>
      </trkpt>
      <trkpt lat="45.7007745467126369476318359375" lon="126.5970776975154876708984375">
        <ele>160</ele>
        <time>2026-07-07T22:42:15.000Z</time>
        <extensions>
          <ns3:TrackPointExtension>
            <ns3:hr>169</ns3:hr>
            <ns3:cad>88</ns3:cad>
          </ns3:TrackPointExtension>
        </extensions>
      </trkpt>
      <trkpt lat="45.70079625584185123443603515625" lon="126.59706571139395236968994140625">
        <ele>160</ele>
        <time>2026-07-07T22:42:16.000Z</time>
        <extensions>
          <ns3:TrackPointExtension>
            <ns3:hr>169</ns3:hr>
            <ns3:cad>88</ns3:cad>
          </ns3:TrackPointExtension>
        </extensions>
      </trkpt>
      <trkpt lat="45.70082073099911212921142578125" lon="126.5970513783395290374755859375">
        <ele>159.8000030517578125</ele>
        <time>2026-07-07T22:42:17.000Z</time>
        <extensions>
          <ns3:TrackPointExtension>
            <ns3:hr>168</ns3:hr>
            <ns3:cad>88</ns3:cad>
          </ns3:TrackPointExtension>
        </extensions>
      </trkpt>
      <trkpt lat="45.7008305378258228302001953125" lon="126.59702916629612445831298828125">
        <ele>159.8000030517578125</ele>
        <time>2026-07-07T22:42:18.000Z</time>
        <extensions>
          <ns3:TrackPointExtension>
            <ns3:hr>169</ns3:hr>
            <ns3:cad>88</ns3:cad>
          </ns3:TrackPointExtension>
        </extensions>
      </trkpt>
      <trkpt lat="45.70083984173834323883056640625" lon="126.59698859788477420806884765625">
        <ele>159.8000030517578125</ele>
        <time>2026-07-07T22:42:19.000Z</time>
        <extensions>
          <ns3:TrackPointExtension>
            <ns3:hr>169</ns3:hr>
            <ns3:cad>88</ns3:cad>
          </ns3:TrackPointExtension>
        </extensions>
      </trkpt>
      <trkpt lat="45.7008402608335018157958984375" lon="126.5969642065465450286865234375">
        <ele>159.600006103515625</ele>
        <time>2026-07-07T22:42:20.000Z</time>
        <extensions>
          <ns3:TrackPointExtension>
            <ns3:hr>169</ns3:hr>
            <ns3:cad>88</ns3:cad>
          </ns3:TrackPointExtension>
        </extensions>
      </trkpt>
      <trkpt lat="45.70083632133901119232177734375" lon="126.5969149209558963775634765625">
        <ele>159.399993896484375</ele>
        <time>2026-07-07T22:42:21.000Z</time>
        <extensions>
          <ns3:TrackPointExtension>
            <ns3:hr>168</ns3:hr>
            <ns3:cad>88</ns3:cad>
          </ns3:TrackPointExtension>
        </extensions>
      </trkpt>
      <trkpt lat="45.7008322142064571380615234375" lon="126.59688617102801799774169921875">
        <ele>159.1999969482421875</ele>
        <time>2026-07-07T22:42:22.000Z</time>
        <extensions>
          <ns3:TrackPointExtension>
            <ns3:hr>169</ns3:hr>
            <ns3:cad>88</ns3:cad>
          </ns3:TrackPointExtension>
        </extensions>
      </trkpt>
      <trkpt lat="45.7008251734077930450439453125" lon="126.59684761427342891693115234375">
        <ele>159</ele>
        <time>2026-07-07T22:42:23.000Z</time>
        <extensions>
          <ns3:TrackPointExtension>
            <ns3:hr>169</ns3:hr>
            <ns3:cad>87</ns3:cad>
          </ns3:TrackPointExtension>
        </extensions>
      </trkpt>
      <trkpt lat="45.70081972517073154449462890625" lon="126.59680754877626895904541015625">
        <ele>158.8000030517578125</ele>
        <time>2026-07-07T22:42:24.000Z</time>
        <extensions>
          <ns3:TrackPointExtension>
            <ns3:hr>169</ns3:hr>
            <ns3:cad>86</ns3:cad>
          </ns3:TrackPointExtension>
        </extensions>
      </trkpt>
      <trkpt lat="45.70081838406622409820556640625" lon="126.5967858396470546722412109375">
        <ele>158.600006103515625</ele>
        <time>2026-07-07T22:42:25.000Z</time>
        <extensions>
          <ns3:TrackPointExtension>
            <ns3:hr>169</ns3:hr>
            <ns3:cad>85</ns3:cad>
          </ns3:TrackPointExtension>
        </extensions>
      </trkpt>
      <trkpt lat="45.7008171267807483673095703125" lon="126.59674535505473613739013671875">
        <ele>158.1999969482421875</ele>
        <time>2026-07-07T22:42:26.000Z</time>
        <extensions>
          <ns3:TrackPointExtension>
            <ns3:hr>169</ns3:hr>
            <ns3:cad>85</ns3:cad>
          </ns3:TrackPointExtension>
        </extensions>
      </trkpt>
      <trkpt lat="45.7008120976388454437255859375" lon="126.59672037698328495025634765625">
        <ele>158</ele>
        <time>2026-07-07T22:42:27.000Z</time>
        <extensions>
          <ns3:TrackPointExtension>
            <ns3:hr>169</ns3:hr>
            <ns3:cad>85</ns3:cad>
          </ns3:TrackPointExtension>
        </extensions>
      </trkpt>
      <trkpt lat="45.70081234909594058990478515625" lon="126.59667930565774440765380859375">
        <ele>157.8000030517578125</ele>
        <time>2026-07-07T22:42:28.000Z</time>
        <extensions>
          <ns3:TrackPointExtension>
            <ns3:hr>169</ns3:hr>
            <ns3:cad>85</ns3:cad>
          </ns3:TrackPointExtension>
        </extensions>
      </trkpt>
      <trkpt lat="45.7008087448775768280029296875" lon="126.59664846025407314300537109375">
        <ele>157.600006103515625</ele>
        <time>2026-07-07T22:42:29.000Z</time>
        <extensions>
          <ns3:TrackPointExtension>
            <ns3:hr>169</ns3:hr>
            <ns3:cad>85</ns3:cad>
          </ns3:TrackPointExtension>
        </extensions>
      </trkpt>
      <trkpt lat="45.70080061443150043487548828125" lon="126.5966182015836238861083984375">
        <ele>157.1999969482421875</ele>
        <time>2026-07-07T22:42:30.000Z</time>
        <extensions>
          <ns3:TrackPointExtension>
            <ns3:hr>169</ns3:hr>
            <ns3:cad>85</ns3:cad>
          </ns3:TrackPointExtension>
        </extensions>
      </trkpt>
      <trkpt lat="45.70079675875604152679443359375" lon="126.5965747833251953125">
        <ele>157</ele>
        <time>2026-07-07T22:42:31.000Z</time>
        <extensions>
          <ns3:TrackPointExtension>
            <ns3:hr>169</ns3:hr>
            <ns3:cad>85</ns3:cad>
          </ns3:TrackPointExtension>
        </extensions>
      </trkpt>
      <trkpt lat="45.7007955014705657958984375" lon="126.5965471230447292327880859375">
        <ele>156.8000030517578125</ele>
        <time>2026-07-07T22:42:32.000Z</time>
        <extensions>
          <ns3:TrackPointExtension>
            <ns3:hr>168</ns3:hr>
            <ns3:cad>85</ns3:cad>
          </ns3:TrackPointExtension>
        </extensions>
      </trkpt>
      <trkpt lat="45.700788795948028564453125" lon="126.59650261513888835906982421875">
        <ele>156.399993896484375</ele>
        <time>2026-07-07T22:42:33.000Z</time>
        <extensions>
          <ns3:TrackPointExtension>
            <ns3:hr>169</ns3:hr>
            <ns3:cad>85</ns3:cad>
          </ns3:TrackPointExtension>
        </extensions>
      </trkpt>
      <trkpt lat="45.70077949203550815582275390625" lon="126.59647679887712001800537109375">
        <ele>156.1999969482421875</ele>
        <time>2026-07-07T22:42:34.000Z</time>
        <extensions>
          <ns3:TrackPointExtension>
            <ns3:hr>169</ns3:hr>
            <ns3:cad>85</ns3:cad>
          </ns3:TrackPointExtension>
        </extensions>
      </trkpt>
      <trkpt lat="45.700769685208797454833984375" lon="126.59643908031284809112548828125">
        <ele>156</ele>
        <time>2026-07-07T22:42:35.000Z</time>
        <extensions>
          <ns3:TrackPointExtension>
            <ns3:hr>168</ns3:hr>
            <ns3:cad>85</ns3:cad>
          </ns3:TrackPointExtension>
        </extensions>
      </trkpt>
      <trkpt lat="45.7007681764662265777587890625" lon="126.5964046306908130645751953125">
        <ele>155.600006103515625</ele>
        <time>2026-07-07T22:42:36.000Z</time>
        <extensions>
          <ns3:TrackPointExtension>
            <ns3:hr>168</ns3:hr>
            <ns3:cad>85</ns3:cad>
          </ns3:TrackPointExtension>
        </extensions>
      </trkpt>
      <trkpt lat="45.70075929164886474609375" lon="126.59637470729649066925048828125">
        <ele>155.600006103515625</ele>
        <time>2026-07-07T22:42:37.000Z</time>
        <extensions>
          <ns3:TrackPointExtension>
            <ns3:hr>168</ns3:hr>
            <ns3:cad>85</ns3:cad>
          </ns3:TrackPointExtension>
        </extensions>
      </trkpt>
      <trkpt lat="45.70076658390462398529052734375" lon="126.59633313305675983428955078125">
        <ele>155.399993896484375</ele>
        <time>2026-07-07T22:42:38.000Z</time>
        <extensions>
          <ns3:TrackPointExtension>
            <ns3:hr>168</ns3:hr>
            <ns3:cad>85</ns3:cad>
          </ns3:TrackPointExtension>
        </extensions>
      </trkpt>
      <trkpt lat="45.70076356641948223114013671875" lon="126.5963047184050083160400390625">
        <ele>155.1999969482421875</ele>
        <time>2026-07-07T22:42:39.000Z</time>
        <extensions>
          <ns3:TrackPointExtension>
            <ns3:hr>168</ns3:hr>
            <ns3:cad>86</ns3:cad>
          </ns3:TrackPointExtension>
        </extensions>
      </trkpt>
      <trkpt lat="45.700762979686260223388671875" lon="126.596260629594326019287109375">
        <ele>155</ele>
        <time>2026-07-07T22:42:40.000Z</time>
        <extensions>
          <ns3:TrackPointExtension>
            <ns3:hr>169</ns3:hr>
            <ns3:cad>86</ns3:cad>
          </ns3:TrackPointExtension>
        </extensions>
      </trkpt>
      <trkpt lat="45.70075887255370616912841796875" lon="126.5962329693138599395751953125">
        <ele>154.8000030517578125</ele>
        <time>2026-07-07T22:42:41.000Z</time>
        <extensions>
          <ns3:TrackPointExtension>
            <ns3:hr>171</ns3:hr>
            <ns3:cad>86</ns3:cad>
          </ns3:TrackPointExtension>
        </extensions>
      </trkpt>
      <trkpt lat="45.7007524184882640838623046875" lon="126.59618695266544818878173828125">
        <ele>154.600006103515625</ele>
        <time>2026-07-07T22:42:42.000Z</time>
        <extensions>
          <ns3:TrackPointExtension>
            <ns3:hr>171</ns3:hr>
            <ns3:cad>86</ns3:cad>
          </ns3:TrackPointExtension>
        </extensions>
      </trkpt>
      <trkpt lat="45.700747556984424591064453125" lon="126.59615761600434780120849609375">
        <ele>154.600006103515625</ele>
        <time>2026-07-07T22:42:43.000Z</time>
        <extensions>
          <ns3:TrackPointExtension>
            <ns3:hr>172</ns3:hr>
            <ns3:cad>86</ns3:cad>
          </ns3:TrackPointExtension>
        </extensions>
      </trkpt>
      <trkpt lat="45.7007440365850925445556640625" lon="126.5961196459829807281494140625">
        <ele>154.399993896484375</ele>
        <time>2026-07-07T22:42:44.000Z</time>
        <extensions>
          <ns3:TrackPointExtension>
            <ns3:hr>172</ns3:hr>
            <ns3:cad>87</ns3:cad>
          </ns3:TrackPointExtension>
        </extensions>
      </trkpt>
      <trkpt lat="45.70073674432933330535888671875" lon="126.59609139896929264068603515625">
        <ele>154.1999969482421875</ele>
        <time>2026-07-07T22:42:45.000Z</time>
        <extensions>
          <ns3:TrackPointExtension>
            <ns3:hr>172</ns3:hr>
            <ns3:cad>87</ns3:cad>
          </ns3:TrackPointExtension>
        </extensions>
      </trkpt>
      <trkpt lat="45.70071746595203876495361328125" lon="126.59606189467012882232666015625">
        <ele>154.1999969482421875</ele>
        <time>2026-07-07T22:42:46.000Z</time>
        <extensions>
          <ns3:TrackPointExtension>
            <ns3:hr>172</ns3:hr>
            <ns3:cad>87</ns3:cad>
          </ns3:TrackPointExtension>
        </extensions>
      </trkpt>
      <trkpt lat="45.70069969631731510162353515625" lon="126.5960411913692951202392578125">
        <ele>154.399993896484375</ele>
        <time>2026-07-07T22:42:47.000Z</time>
        <extensions>
          <ns3:TrackPointExtension>
            <ns3:hr>172</ns3:hr>
            <ns3:cad>87</ns3:cad>
          </ns3:TrackPointExtension>
        </extensions>
      </trkpt>
      <trkpt lat="45.70068125613033771514892578125" lon="126.5960316359996795654296875">
        <ele>154.399993896484375</ele>
        <time>2026-07-07T22:42:48.000Z</time>
        <extensions>
          <ns3:TrackPointExtension>
            <ns3:hr>172</ns3:hr>
            <ns3:cad>87</ns3:cad>
          </ns3:TrackPointExtension>
        </extensions>
      </trkpt>
      <trkpt lat="45.7006560266017913818359375" lon="126.5960234217345714569091796875">
        <ele>154.399993896484375</ele>
        <time>2026-07-07T22:42:49.000Z</time>
        <extensions>
          <ns3:TrackPointExtension>
            <ns3:hr>172</ns3:hr>
            <ns3:cad>87</ns3:cad>
          </ns3:TrackPointExtension>
        </extensions>
      </trkpt>
      <trkpt lat="45.70063230581581592559814453125" lon="126.59601998515427112579345703125">
        <ele>154.399993896484375</ele>
        <time>2026-07-07T22:42:50.000Z</time>
        <extensions>
          <ns3:TrackPointExtension>
            <ns3:hr>172</ns3:hr>
            <ns3:cad>87</ns3:cad>
          </ns3:TrackPointExtension>
        </extensions>
      </trkpt>
      <trkpt lat="45.70060682483017444610595703125" lon="126.59601151943206787109375">
        <ele>154.399993896484375</ele>
        <time>2026-07-07T22:42:51.000Z</time>
        <extensions>
          <ns3:TrackPointExtension>
            <ns3:hr>172</ns3:hr>
            <ns3:cad>87</ns3:cad>
          </ns3:TrackPointExtension>
        </extensions>
      </trkpt>
      <trkpt lat="45.7005854509770870208740234375" lon="126.59601478837430477142333984375">
        <ele>154.399993896484375</ele>
        <time>2026-07-07T22:42:52.000Z</time>
        <extensions>
          <ns3:TrackPointExtension>
            <ns3:hr>172</ns3:hr>
            <ns3:cad>87</ns3:cad>
          </ns3:TrackPointExtension>
        </extensions>
      </trkpt>
      <trkpt lat="45.70056022144854068756103515625" lon="126.59601151943206787109375">
        <ele>154.399993896484375</ele>
        <time>2026-07-07T22:42:53.000Z</time>
        <extensions>
          <ns3:TrackPointExtension>
            <ns3:hr>173</ns3:hr>
            <ns3:cad>87</ns3:cad>
          </ns3:TrackPointExtension>
        </extensions>
      </trkpt>
      <trkpt lat="45.70053759030997753143310546875" lon="126.596014536917209625244140625">
        <ele>154.399993896484375</ele>
        <time>2026-07-07T22:42:54.000Z</time>
        <extensions>
          <ns3:TrackPointExtension>
            <ns3:hr>174</ns3:hr>
            <ns3:cad>87</ns3:cad>
          </ns3:TrackPointExtension>
        </extensions>
      </trkpt>
      <trkpt lat="45.70050925947725772857666015625" lon="126.5960143692791461944580078125">
        <ele>154.399993896484375</ele>
        <time>2026-07-07T22:42:55.000Z</time>
        <extensions>
          <ns3:TrackPointExtension>
            <ns3:hr>176</ns3:hr>
            <ns3:cad>87</ns3:cad>
          </ns3:TrackPointExtension>
        </extensions>
      </trkpt>
      <trkpt lat="45.7004875503480434417724609375" lon="126.59601763822138309478759765625">
        <ele>154.399993896484375</ele>
        <time>2026-07-07T22:42:56.000Z</time>
        <extensions>
          <ns3:TrackPointExtension>
            <ns3:hr>177</ns3:hr>
            <ns3:cad>87</ns3:cad>
          </ns3:TrackPointExtension>
        </extensions>
      </trkpt>
      <trkpt lat="45.70045578293502330780029296875" lon="126.59601646475493907928466796875">
        <ele>154.1999969482421875</ele>
        <time>2026-07-07T22:42:57.000Z</time>
        <extensions>
          <ns3:TrackPointExtension>
            <ns3:hr>177</ns3:hr>
            <ns3:cad>87</ns3:cad>
          </ns3:TrackPointExtension>
        </extensions>
      </trkpt>
      <trkpt lat="45.70043466053903102874755859375" lon="126.5960133634507656097412109375">
        <ele>154.1999969482421875</ele>
        <time>2026-07-07T22:42:58.000Z</time>
        <extensions>
          <ns3:TrackPointExtension>
            <ns3:hr>176</ns3:hr>
            <ns3:cad>87</ns3:cad>
          </ns3:TrackPointExtension>
        </extensions>
      </trkpt>
      <trkpt lat="45.7004094310104846954345703125" lon="126.5960140340030193328857421875">
        <ele>154.1999969482421875</ele>
        <time>2026-07-07T22:42:59.000Z</time>
        <extensions>
          <ns3:TrackPointExtension>
            <ns3:hr>176</ns3:hr>
            <ns3:cad>87</ns3:cad>
          </ns3:TrackPointExtension>
        </extensions>
      </trkpt>
      <trkpt lat="45.70038487203419208526611328125" lon="126.59600389190018177032470703125">
        <ele>154.1999969482421875</ele>
        <time>2026-07-07T22:43:00.000Z</time>
        <extensions>
          <ns3:TrackPointExtension>
            <ns3:hr>176</ns3:hr>
            <ns3:cad>87</ns3:cad>
          </ns3:TrackPointExtension>
        </extensions>
      </trkpt>
      <trkpt lat="45.70036274380981922149658203125" lon="126.59600506536662578582763671875">
        <ele>154.1999969482421875</ele>
        <time>2026-07-07T22:43:01.000Z</time>
        <extensions>
          <ns3:TrackPointExtension>
            <ns3:hr>176</ns3:hr>
            <ns3:cad>87</ns3:cad>
          </ns3:TrackPointExtension>
        </extensions>
      </trkpt>
      <trkpt lat="45.70033776573836803436279296875" lon="126.5959952585399150848388671875">
        <ele>154.1999969482421875</ele>
        <time>2026-07-07T22:43:02.000Z</time>
        <extensions>
          <ns3:TrackPointExtension>
            <ns3:hr>176</ns3:hr>
            <ns3:cad>86</ns3:cad>
          </ns3:TrackPointExtension>
        </extensions>
      </trkpt>
      <trkpt lat="45.7003189064562320709228515625" lon="126.59598897211253643035888671875">
        <ele>154</ele>
        <time>2026-07-07T22:43:03.000Z</time>
        <extensions>
          <ns3:TrackPointExtension>
            <ns3:hr>176</ns3:hr>
            <ns3:cad>86</ns3:cad>
          </ns3:TrackPointExtension>
        </extensions>
      </trkpt>
      <trkpt lat="45.70029350928962230682373046875" lon="126.59597656689584255218505859375">
        <ele>154</ele>
        <time>2026-07-07T22:43:04.000Z</time>
        <extensions>
          <ns3:TrackPointExtension>
            <ns3:hr>175</ns3:hr>
            <ns3:cad>87</ns3:cad>
          </ns3:TrackPointExtension>
        </extensions>
      </trkpt>
      <trkpt lat="45.70027288980782032012939453125" lon="126.5959650836884975433349609375">
        <ele>154</ele>
        <time>2026-07-07T22:43:05.000Z</time>
        <extensions>
          <ns3:TrackPointExtension>
            <ns3:hr>175</ns3:hr>
            <ns3:cad>87</ns3:cad>
          </ns3:TrackPointExtension>
        </extensions>
      </trkpt>
      <trkpt lat="45.70024774409830570220947265625" lon="126.595950834453105926513671875">
        <ele>154</ele>
        <time>2026-07-07T22:43:06.000Z</time>
        <extensions>
          <ns3:TrackPointExtension>
            <ns3:hr>174</ns3:hr>
            <ns3:cad>87</ns3:cad>
          </ns3:TrackPointExtension>
        </extensions>
      </trkpt>
      <trkpt lat="45.700228214263916015625" lon="126.5959349088370800018310546875">
        <ele>154</ele>
        <time>2026-07-07T22:43:07.000Z</time>
        <extensions>
          <ns3:TrackPointExtension>
            <ns3:hr>174</ns3:hr>
            <ns3:cad>87</ns3:cad>
          </ns3:TrackPointExtension>
        </extensions>
      </trkpt>
      <trkpt lat="45.7002065889537334442138671875" lon="126.59590951167047023773193359375">
        <ele>154</ele>
        <time>2026-07-07T22:43:08.000Z</time>
        <extensions>
          <ns3:TrackPointExtension>
            <ns3:hr>174</ns3:hr>
            <ns3:cad>87</ns3:cad>
          </ns3:TrackPointExtension>
        </extensions>
      </trkpt>
      <trkpt lat="45.7001904956996440887451171875" lon="126.59588587470352649688720703125">
        <ele>154</ele>
        <time>2026-07-07T22:43:09.000Z</time>
        <extensions>
          <ns3:TrackPointExtension>
            <ns3:hr>174</ns3:hr>
            <ns3:cad>87</ns3:cad>
          </ns3:TrackPointExtension>
        </extensions>
      </trkpt>
      <trkpt lat="45.7001760788261890411376953125" lon="126.5958557836711406707763671875">
        <ele>154</ele>
        <time>2026-07-07T22:43:10.000Z</time>
        <extensions>
          <ns3:TrackPointExtension>
            <ns3:hr>174</ns3:hr>
            <ns3:cad>87</ns3:cad>
          </ns3:TrackPointExtension>
        </extensions>
      </trkpt>
      <trkpt lat="45.7001700438559055328369140625" lon="126.59581848420202732086181640625">
        <ele>154</ele>
        <time>2026-07-07T22:43:11.000Z</time>
        <extensions>
          <ns3:TrackPointExtension>
            <ns3:hr>174</ns3:hr>
            <ns3:cad>87</ns3:cad>
          </ns3:TrackPointExtension>
        </extensions>
      </trkpt>
      <trkpt lat="45.70016392506659030914306640625" lon="126.5957783348858356475830078125">
        <ele>154</ele>
        <time>2026-07-07T22:43:12.000Z</time>
        <extensions>
          <ns3:TrackPointExtension>
            <ns3:hr>173</ns3:hr>
            <ns3:cad>87</ns3:cad>
          </ns3:TrackPointExtension>
        </extensions>
      </trkpt>
      <trkpt lat="45.7001552917063236236572265625" lon="126.5957421250641345977783203125">
        <ele>154.1999969482421875</ele>
        <time>2026-07-07T22:43:13.000Z</time>
        <extensions>
          <ns3:TrackPointExtension>
            <ns3:hr>174</ns3:hr>
            <ns3:cad>87</ns3:cad>
          </ns3:TrackPointExtension>
        </extensions>
      </trkpt>
      <trkpt lat="45.7001418806612491607666015625" lon="126.59570868127048015594482421875">
        <ele>154.399993896484375</ele>
        <time>2026-07-07T22:43:14.000Z</time>
        <extensions>
          <ns3:TrackPointExtension>
            <ns3:hr>174</ns3:hr>
            <ns3:cad>87</ns3:cad>
          </ns3:TrackPointExtension>
        </extensions>
      </trkpt>
      <trkpt lat="45.7001356780529022216796875" lon="126.59567113034427165985107421875">
        <ele>154.399993896484375</ele>
        <time>2026-07-07T22:43:15.000Z</time>
        <extensions>
          <ns3:TrackPointExtension>
            <ns3:hr>173</ns3:hr>
            <ns3:cad>87</ns3:cad>
          </ns3:TrackPointExtension>
        </extensions>
      </trkpt>
      <trkpt lat="45.70012553595006465911865234375" lon="126.595643050968647003173828125">
        <ele>154.600006103515625</ele>
        <time>2026-07-07T22:43:16.000Z</time>
        <extensions>
          <ns3:TrackPointExtension>
            <ns3:hr>173</ns3:hr>
            <ns3:cad>87</ns3:cad>
          </ns3:TrackPointExtension>
        </extensions>
      </trkpt>
      <trkpt lat="45.70011413656175136566162109375" lon="126.595612205564975738525390625">
        <ele>154.600006103515625</ele>
        <time>2026-07-07T22:43:17.000Z</time>
        <extensions>
          <ns3:TrackPointExtension>
            <ns3:hr>173</ns3:hr>
            <ns3:cad>87</ns3:cad>
          </ns3:TrackPointExtension>
        </extensions>
      </trkpt>
      <trkpt lat="45.700102485716342926025390625" lon="126.595590747892856597900390625">
        <ele>154.600006103515625</ele>
        <time>2026-07-07T22:43:18.000Z</time>
        <extensions>
          <ns3:TrackPointExtension>
            <ns3:hr>174</ns3:hr>
            <ns3:cad>87</ns3:cad>
          </ns3:TrackPointExtension>
        </extensions>
      </trkpt>
      <trkpt lat="45.7000942714512348175048828125" lon="126.5955516882240772247314453125">
        <ele>154.600006103515625</ele>
        <time>2026-07-07T22:43:19.000Z</time>
        <extensions>
          <ns3:TrackPointExtension>
            <ns3:hr>173</ns3:hr>
            <ns3:cad>87</ns3:cad>
          </ns3:TrackPointExtension>
        </extensions>
      </trkpt>
      <trkpt lat="45.7000868953764438629150390625" lon="126.5955235250294208526611328125">
        <ele>154.600006103515625</ele>
        <time>2026-07-07T22:43:20.000Z</time>
        <extensions>
          <ns3:TrackPointExtension>
            <ns3:hr>173</ns3:hr>
            <ns3:cad>87</ns3:cad>
          </ns3:TrackPointExtension>
        </extensions>
      </trkpt>
      <trkpt lat="45.70008060894906520843505859375" lon="126.59548337571322917938232421875">
        <ele>154.600006103515625</ele>
        <time>2026-07-07T22:43:21.000Z</time>
        <extensions>
          <ns3:TrackPointExtension>
            <ns3:hr>174</ns3:hr>
            <ns3:cad>87</ns3:cad>
          </ns3:TrackPointExtension>
        </extensions>
      </trkpt>
      <trkpt lat="45.70008404552936553955078125" lon="126.595450602471828460693359375">
        <ele>154.600006103515625</ele>
        <time>2026-07-07T22:43:22.000Z</time>
        <extensions>
          <ns3:TrackPointExtension>
            <ns3:hr>173</ns3:hr>
            <ns3:cad>87</ns3:cad>
          </ns3:TrackPointExtension>
        </extensions>
      </trkpt>
      <trkpt lat="45.7000842131674289703369140625" lon="126.59541665576398372650146484375">
        <ele>154.8000030517578125</ele>
        <time>2026-07-07T22:43:23.000Z</time>
        <extensions>
          <ns3:TrackPointExtension>
            <ns3:hr>173</ns3:hr>
            <ns3:cad>87</ns3:cad>
          </ns3:TrackPointExtension>
        </extensions>
      </trkpt>
      <trkpt lat="45.7000847160816192626953125" lon="126.59538161940872669219970703125">
        <ele>154.8000030517578125</ele>
        <time>2026-07-07T22:43:24.000Z</time>
        <extensions>
          <ns3:TrackPointExtension>
            <ns3:hr>173</ns3:hr>
            <ns3:cad>87</ns3:cad>
          </ns3:TrackPointExtension>
        </extensions>
      </trkpt>
      <trkpt lat="45.70008496753871440887451171875" lon="126.5953568927943706512451171875">
        <ele>155</ele>
        <time>2026-07-07T22:43:25.000Z</time>
        <extensions>
          <ns3:TrackPointExtension>
            <ns3:hr>172</ns3:hr>
            <ns3:cad>87</ns3:cad>
          </ns3:TrackPointExtension>
        </extensions>
      </trkpt>
      <trkpt lat="45.7000805251300334930419921875" lon="126.59532747231423854827880859375">
        <ele>155</ele>
        <time>2026-07-07T22:43:26.000Z</time>
        <extensions>
          <ns3:TrackPointExtension>
            <ns3:hr>171</ns3:hr>
            <ns3:cad>87</ns3:cad>
          </ns3:TrackPointExtension>
        </extensions>
      </trkpt>
      <trkpt lat="45.7000739872455596923828125" lon="126.59529780037701129913330078125">
        <ele>155</ele>
        <time>2026-07-07T22:43:27.000Z</time>
        <extensions>
          <ns3:TrackPointExtension>
            <ns3:hr>170</ns3:hr>
            <ns3:cad>87</ns3:cad>
          </ns3:TrackPointExtension>
        </extensions>
      </trkpt>
      <trkpt lat="45.70005931891500949859619140625" lon="126.595257818698883056640625">
        <ele>155</ele>
        <time>2026-07-07T22:43:28.000Z</time>
        <extensions>
          <ns3:TrackPointExtension>
            <ns3:hr>170</ns3:hr>
            <ns3:cad>87</ns3:cad>
          </ns3:TrackPointExtension>
        </extensions>
      </trkpt>
      <trkpt lat="45.7000449858605861663818359375" lon="126.5952241234481334686279296875">
        <ele>155</ele>
        <time>2026-07-07T22:43:29.000Z</time>
        <extensions>
          <ns3:TrackPointExtension>
            <ns3:hr>169</ns3:hr>
            <ns3:cad>86</ns3:cad>
          </ns3:TrackPointExtension>
        </extensions>
      </trkpt>
      <trkpt lat="45.700035430490970611572265625" lon="126.59518875181674957275390625">
        <ele>155</ele>
        <time>2026-07-07T22:43:30.000Z</time>
        <extensions>
          <ns3:TrackPointExtension>
            <ns3:hr>169</ns3:hr>
            <ns3:cad>86</ns3:cad>
          </ns3:TrackPointExtension>
        </extensions>
      </trkpt>
      <trkpt lat="45.70002847351133823394775390625" lon="126.59514985978603363037109375">
        <ele>155</ele>
        <time>2026-07-07T22:43:31.000Z</time>
        <extensions>
          <ns3:TrackPointExtension>
            <ns3:hr>168</ns3:hr>
            <ns3:cad>86</ns3:cad>
          </ns3:TrackPointExtension>
        </extensions>
      </trkpt>
      <trkpt lat="45.700013637542724609375" lon="126.5951242111623287200927734375">
        <ele>155</ele>
        <time>2026-07-07T22:43:32.000Z</time>
        <extensions>
          <ns3:TrackPointExtension>
            <ns3:hr>168</ns3:hr>
            <ns3:cad>86</ns3:cad>
          </ns3:TrackPointExtension>
        </extensions>
      </trkpt>
      <trkpt lat="45.7000054232776165008544921875" lon="126.59509043209254741668701171875">
        <ele>155</ele>
        <time>2026-07-07T22:43:33.000Z</time>
        <extensions>
          <ns3:TrackPointExtension>
            <ns3:hr>167</ns3:hr>
            <ns3:cad>86</ns3:cad>
          </ns3:TrackPointExtension>
        </extensions>
      </trkpt>
      <trkpt lat="45.7000010646879673004150390625" lon="126.5950618498027324676513671875">
        <ele>155.1999969482421875</ele>
        <time>2026-07-07T22:43:34.000Z</time>
        <extensions>
          <ns3:TrackPointExtension>
            <ns3:hr>167</ns3:hr>
            <ns3:cad>86</ns3:cad>
          </ns3:TrackPointExtension>
        </extensions>
      </trkpt>
      <trkpt lat="45.69999595172703266143798828125" lon="126.59502740018069744110107421875">
        <ele>155.399993896484375</ele>
        <time>2026-07-07T22:43:35.000Z</time>
        <extensions>
          <ns3:TrackPointExtension>
            <ns3:hr>167</ns3:hr>
            <ns3:cad>87</ns3:cad>
          </ns3:TrackPointExtension>
        </extensions>
      </trkpt>
      <trkpt lat="45.6999957002699375152587890625" lon="126.595000326633453369140625">
        <ele>155.600006103515625</ele>
        <time>2026-07-07T22:43:36.000Z</time>
        <extensions>
          <ns3:TrackPointExtension>
            <ns3:hr>167</ns3:hr>
            <ns3:cad>87</ns3:cad>
          </ns3:TrackPointExtension>
        </extensions>
      </trkpt>
      <trkpt lat="45.69998824037611484527587890625" lon="126.59495732747018337249755859375">
        <ele>155.8000030517578125</ele>
        <time>2026-07-07T22:43:37.000Z</time>
        <extensions>
          <ns3:TrackPointExtension>
            <ns3:hr>167</ns3:hr>
            <ns3:cad>86</ns3:cad>
          </ns3:TrackPointExtension>
        </extensions>
      </trkpt>
      <trkpt lat="45.6999806128442287445068359375" lon="126.5949277393519878387451171875">
        <ele>156</ele>
        <time>2026-07-07T22:43:38.000Z</time>
        <extensions>
          <ns3:TrackPointExtension>
            <ns3:hr>168</ns3:hr>
            <ns3:cad>86</ns3:cad>
          </ns3:TrackPointExtension>
        </extensions>
      </trkpt>
      <trkpt lat="45.69996963255107402801513671875" lon="126.594893038272857666015625">
        <ele>156.1999969482421875</ele>
        <time>2026-07-07T22:43:39.000Z</time>
        <extensions>
          <ns3:TrackPointExtension>
            <ns3:hr>167</ns3:hr>
            <ns3:cad>86</ns3:cad>
          </ns3:TrackPointExtension>
        </extensions>
      </trkpt>
      <trkpt lat="45.69996066391468048095703125" lon="126.59485749900341033935546875">
        <ele>156.1999969482421875</ele>
        <time>2026-07-07T22:43:40.000Z</time>
        <extensions>
          <ns3:TrackPointExtension>
            <ns3:hr>168</ns3:hr>
            <ns3:cad>87</ns3:cad>
          </ns3:TrackPointExtension>
        </extensions>
      </trkpt>
      <trkpt lat="45.699950940907001495361328125" lon="126.59482522867619991302490234375">
        <ele>156.399993896484375</ele>
        <time>2026-07-07T22:43:41.000Z</time>
        <extensions>
          <ns3:TrackPointExtension>
            <ns3:hr>168</ns3:hr>
            <ns3:cad>87</ns3:cad>
          </ns3:TrackPointExtension>
        </extensions>
      </trkpt>
      <trkpt lat="45.699946917593479156494140625" lon="126.5947906114161014556884765625">
        <ele>156.399993896484375</ele>
        <time>2026-07-07T22:43:42.000Z</time>
        <extensions>
          <ns3:TrackPointExtension>
            <ns3:hr>168</ns3:hr>
            <ns3:cad>87</ns3:cad>
          </ns3:TrackPointExtension>
        </extensions>
      </trkpt>
      <trkpt lat="45.69994348101317882537841796875" lon="126.59475699998438358306884765625">
        <ele>156.600006103515625</ele>
        <time>2026-07-07T22:43:43.000Z</time>
        <extensions>
          <ns3:TrackPointExtension>
            <ns3:hr>169</ns3:hr>
            <ns3:cad>87</ns3:cad>
          </ns3:TrackPointExtension>
        </extensions>
      </trkpt>
      <trkpt lat="45.6999370269477367401123046875" lon="126.5947200357913970947265625">
        <ele>156.600006103515625</ele>
        <time>2026-07-07T22:43:44.000Z</time>
        <extensions>
          <ns3:TrackPointExtension>
            <ns3:hr>169</ns3:hr>
            <ns3:cad>87</ns3:cad>
          </ns3:TrackPointExtension>
        </extensions>
      </trkpt>
      <trkpt lat="45.69994029588997364044189453125" lon="126.59469095058739185333251953125">
        <ele>156.600006103515625</ele>
        <time>2026-07-07T22:43:45.000Z</time>
        <extensions>
          <ns3:TrackPointExtension>
            <ns3:hr>169</ns3:hr>
            <ns3:cad>87</ns3:cad>
          </ns3:TrackPointExtension>
        </extensions>
      </trkpt>
      <trkpt lat="45.69997130893170833587646484375" lon="126.59466966055333614349365234375">
        <ele>156.8000030517578125</ele>
        <time>2026-07-07T22:43:46.000Z</time>
        <extensions>
          <ns3:TrackPointExtension>
            <ns3:hr>169</ns3:hr>
            <ns3:cad>86</ns3:cad>
          </ns3:TrackPointExtension>
        </extensions>
      </trkpt>
      <trkpt lat="45.69999326951801776885986328125" lon="126.59466647543013095855712890625">
        <ele>157</ele>
        <time>2026-07-07T22:43:47.000Z</time>
        <extensions>
          <ns3:TrackPointExtension>
            <ns3:hr>169</ns3:hr>
            <ns3:cad>86</ns3:cad>
          </ns3:TrackPointExtension>
        </extensions>
      </trkpt>
      <trkpt lat="45.70001757703721523284912109375" lon="126.5946635417640209197998046875">
        <ele>157</ele>
        <time>2026-07-07T22:43:48.000Z</time>
        <extensions>
          <ns3:TrackPointExtension>
            <ns3:hr>170</ns3:hr>
            <ns3:cad>86</ns3:cad>
          </ns3:TrackPointExtension>
        </extensions>
      </trkpt>
      <trkpt lat="45.7000453211367130279541015625" lon="126.5946709178388118743896484375">
        <ele>157</ele>
        <time>2026-07-07T22:43:49.000Z</time>
        <extensions>
          <ns3:TrackPointExtension>
            <ns3:hr>170</ns3:hr>
            <ns3:cad>86</ns3:cad>
          </ns3:TrackPointExtension>
        </extensions>
      </trkpt>
      <trkpt lat="45.70006661117076873779296875" lon="126.59466848708689212799072265625">
        <ele>157</ele>
        <time>2026-07-07T22:43:50.000Z</time>
        <extensions>
          <ns3:TrackPointExtension>
            <ns3:hr>170</ns3:hr>
            <ns3:cad>86</ns3:cad>
          </ns3:TrackPointExtension>
        </extensions>
      </trkpt>
      <trkpt lat="45.70008530281484127044677734375" lon="126.5946715883910655975341796875">
        <ele>157</ele>
        <time>2026-07-07T22:43:51.000Z</time>
        <extensions>
          <ns3:TrackPointExtension>
            <ns3:hr>170</ns3:hr>
            <ns3:cad>86</ns3:cad>
          </ns3:TrackPointExtension>
        </extensions>
      </trkpt>
      <trkpt lat="45.70010189898312091827392578125" lon="126.5946744382381439208984375">
        <ele>156.8000030517578125</ele>
        <time>2026-07-07T22:43:52.000Z</time>
        <extensions>
          <ns3:TrackPointExtension>
            <ns3:hr>170</ns3:hr>
            <ns3:cad>86</ns3:cad>
          </ns3:TrackPointExtension>
        </extensions>
      </trkpt>
      <trkpt lat="45.700120590627193450927734375" lon="126.59467686899006366729736328125">
        <ele>156.8000030517578125</ele>
        <time>2026-07-07T22:43:53.000Z</time>
        <extensions>
          <ns3:TrackPointExtension>
            <ns3:hr>170</ns3:hr>
            <ns3:cad>86</ns3:cad>
          </ns3:TrackPointExtension>
        </extensions>
      </trkpt>
      <trkpt lat="45.70013911463320255279541015625" lon="126.594676114618778228759765625">
        <ele>156.600006103515625</ele>
        <time>2026-07-07T22:43:54.000Z</time>
        <extensions>
          <ns3:TrackPointExtension>
            <ns3:hr>170</ns3:hr>
            <ns3:cad>86</ns3:cad>
          </ns3:TrackPointExtension>
        </extensions>
      </trkpt>
      <trkpt lat="45.70015939883887767791748046875" lon="126.59467468969523906707763671875">
        <ele>156.399993896484375</ele>
        <time>2026-07-07T22:43:55.000Z</time>
        <extensions>
          <ns3:TrackPointExtension>
            <ns3:hr>168</ns3:hr>
            <ns3:cad>86</ns3:cad>
          </ns3:TrackPointExtension>
        </extensions>
      </trkpt>
      <trkpt lat="45.7001790963113307952880859375" lon="126.5946665592491626739501953125">
        <ele>156.399993896484375</ele>
        <time>2026-07-07T22:43:56.000Z</time>
        <extensions>
          <ns3:TrackPointExtension>
            <ns3:hr>167</ns3:hr>
            <ns3:cad>86</ns3:cad>
          </ns3:TrackPointExtension>
        </extensions>
      </trkpt>
      <trkpt lat="45.700198709964752197265625" lon="126.59466228447854518890380859375">
        <ele>156.399993896484375</ele>
        <time>2026-07-07T22:43:57.000Z</time>
        <extensions>
          <ns3:TrackPointExtension>
            <ns3:hr>167</ns3:hr>
            <ns3:cad>86</ns3:cad>
          </ns3:TrackPointExtension>
        </extensions>
      </trkpt>
      <trkpt lat="45.70022092200815677642822265625" lon="126.59465608187019824981689453125">
        <ele>156.399993896484375</ele>
        <time>2026-07-07T22:43:58.000Z</time>
        <extensions>
          <ns3:TrackPointExtension>
            <ns3:hr>167</ns3:hr>
            <ns3:cad>86</ns3:cad>
          </ns3:TrackPointExtension>
        </extensions>
      </trkpt>
      <trkpt lat="45.700240619480609893798828125" lon="126.59465323202311992645263671875">
        <ele>156.399993896484375</ele>
        <time>2026-07-07T22:43:59.000Z</time>
        <extensions>
          <ns3:TrackPointExtension>
            <ns3:hr>167</ns3:hr>
            <ns3:cad>86</ns3:cad>
          </ns3:TrackPointExtension>
        </extensions>
      </trkpt>
      <trkpt lat="45.70026316680014133453369140625" lon="126.59464719705283641815185546875">
        <ele>156.399993896484375</ele>
        <time>2026-07-07T22:44:00.000Z</time>
        <extensions>
          <ns3:TrackPointExtension>
            <ns3:hr>167</ns3:hr>
            <ns3:cad>86</ns3:cad>
          </ns3:TrackPointExtension>
        </extensions>
      </trkpt>
      <trkpt lat="45.7002857141196727752685546875" lon="126.59463998861610889434814453125">
        <ele>156.399993896484375</ele>
        <time>2026-07-07T22:44:01.000Z</time>
        <extensions>
          <ns3:TrackPointExtension>
            <ns3:hr>166</ns3:hr>
            <ns3:cad>87</ns3:cad>
          </ns3:TrackPointExtension>
        </extensions>
      </trkpt>
      <trkpt lat="45.7003105245530605316162109375" lon="126.59462817013263702392578125">
        <ele>156.1999969482421875</ele>
        <time>2026-07-07T22:44:02.000Z</time>
        <extensions>
          <ns3:TrackPointExtension>
            <ns3:hr>167</ns3:hr>
            <ns3:cad>87</ns3:cad>
          </ns3:TrackPointExtension>
        </extensions>
      </trkpt>
      <trkpt lat="45.70033625699579715728759765625" lon="126.5946199558675289154052734375">
        <ele>156.1999969482421875</ele>
        <time>2026-07-07T22:44:03.000Z</time>
        <extensions>
          <ns3:TrackPointExtension>
            <ns3:hr>166</ns3:hr>
            <ns3:cad>88</ns3:cad>
          </ns3:TrackPointExtension>
        </extensions>
      </trkpt>
      <trkpt lat="45.7003608159720897674560546875" lon="126.59460595808923244476318359375">
        <ele>156.1999969482421875</ele>
        <time>2026-07-07T22:44:04.000Z</time>
        <extensions>
          <ns3:TrackPointExtension>
            <ns3:hr>166</ns3:hr>
            <ns3:cad>88</ns3:cad>
          </ns3:TrackPointExtension>
        </extensions>
      </trkpt>
      <trkpt lat="45.7003799267113208770751953125" lon="126.59459874965250492095947265625">
        <ele>156.1999969482421875</ele>
        <time>2026-07-07T22:44:05.000Z</time>
        <extensions>
          <ns3:TrackPointExtension>
            <ns3:hr>166</ns3:hr>
            <ns3:cad>88</ns3:cad>
          </ns3:TrackPointExtension>
        </extensions>
      </trkpt>
      <trkpt lat="45.70040482096374034881591796875" lon="126.59458936192095279693603515625">
        <ele>156.1999969482421875</ele>
        <time>2026-07-07T22:44:06.000Z</time>
        <extensions>
          <ns3:TrackPointExtension>
            <ns3:hr>166</ns3:hr>
            <ns3:cad>88</ns3:cad>
          </ns3:TrackPointExtension>
        </extensions>
      </trkpt>
      <trkpt lat="45.70042862556874752044677734375" lon="126.59457318484783172607421875">
        <ele>156.1999969482421875</ele>
        <time>2026-07-07T22:44:07.000Z</time>
        <extensions>
          <ns3:TrackPointExtension>
            <ns3:hr>166</ns3:hr>
            <ns3:cad>88</ns3:cad>
          </ns3:TrackPointExtension>
        </extensions>
      </trkpt>
      <trkpt lat="45.70045477710664272308349609375" lon="126.59455851651728153228759765625">
        <ele>156.1999969482421875</ele>
        <time>2026-07-07T22:44:08.000Z</time>
        <extensions>
          <ns3:TrackPointExtension>
            <ns3:hr>165</ns3:hr>
            <ns3:cad>88</ns3:cad>
          </ns3:TrackPointExtension>
        </extensions>
      </trkpt>
      <trkpt lat="45.7004791684448719024658203125" lon="126.59455114044249057769775390625">
        <ele>156.1999969482421875</ele>
        <time>2026-07-07T22:44:09.000Z</time>
        <extensions>
          <ns3:TrackPointExtension>
            <ns3:hr>166</ns3:hr>
            <ns3:cad>88</ns3:cad>
          </ns3:TrackPointExtension>
        </extensions>
      </trkpt>
      <trkpt lat="45.700504817068576812744140625" lon="126.59454166889190673828125">
        <ele>156.1999969482421875</ele>
        <time>2026-07-07T22:44:10.000Z</time>
        <extensions>
          <ns3:TrackPointExtension>
            <ns3:hr>166</ns3:hr>
            <ns3:cad>88</ns3:cad>
          </ns3:TrackPointExtension>
        </extensions>
      </trkpt>
      <trkpt lat="45.7005287893116474151611328125" lon="126.5945337899029254913330078125">
        <ele>156.1999969482421875</ele>
        <time>2026-07-07T22:44:11.000Z</time>
        <extensions>
          <ns3:TrackPointExtension>
            <ns3:hr>165</ns3:hr>
            <ns3:cad>88</ns3:cad>
          </ns3:TrackPointExtension>
        </extensions>
      </trkpt>
      <trkpt lat="45.7005522586405277252197265625" lon="126.59452582709491252899169921875">
        <ele>156.1999969482421875</ele>
        <time>2026-07-07T22:44:12.000Z</time>
        <extensions>
          <ns3:TrackPointExtension>
            <ns3:hr>166</ns3:hr>
            <ns3:cad>88</ns3:cad>
          </ns3:TrackPointExtension>
        </extensions>
      </trkpt>
      <trkpt lat="45.70057581178843975067138671875" lon="126.59452364780008792877197265625">
        <ele>156.1999969482421875</ele>
        <time>2026-07-07T22:44:13.000Z</time>
        <extensions>
          <ns3:TrackPointExtension>
            <ns3:hr>166</ns3:hr>
            <ns3:cad>88</ns3:cad>
          </ns3:TrackPointExtension>
        </extensions>
      </trkpt>
      <trkpt lat="45.7005898095667362213134765625" lon="126.59452834166586399078369140625">
        <ele>156.1999969482421875</ele>
        <time>2026-07-07T22:44:14.000Z</time>
        <extensions>
          <ns3:TrackPointExtension>
            <ns3:hr>165</ns3:hr>
            <ns3:cad>88</ns3:cad>
          </ns3:TrackPointExtension>
        </extensions>
      </trkpt>
      <trkpt lat="45.70061235688626766204833984375" lon="126.5945274196565151214599609375">
        <ele>156.1999969482421875</ele>
        <time>2026-07-07T22:44:15.000Z</time>
        <extensions>
          <ns3:TrackPointExtension>
            <ns3:hr>165</ns3:hr>
            <ns3:cad>88</ns3:cad>
          </ns3:TrackPointExtension>
        </extensions>
      </trkpt>
      <trkpt lat="45.70063817314803600311279296875" lon="126.59452096559107303619384765625">
        <ele>156.1999969482421875</ele>
        <time>2026-07-07T22:44:16.000Z</time>
        <extensions>
          <ns3:TrackPointExtension>
            <ns3:hr>165</ns3:hr>
            <ns3:cad>88</ns3:cad>
          </ns3:TrackPointExtension>
        </extensions>
      </trkpt>
      <trkpt lat="45.70065242238342761993408203125" lon="126.594505794346332550048828125">
        <ele>156.1999969482421875</ele>
        <time>2026-07-07T22:44:17.000Z</time>
        <extensions>
          <ns3:TrackPointExtension>
            <ns3:hr>166</ns3:hr>
            <ns3:cad>88</ns3:cad>
          </ns3:TrackPointExtension>
        </extensions>
      </trkpt>
      <trkpt lat="45.70066868327558040618896484375" lon="126.59448911435902118682861328125">
        <ele>156.1999969482421875</ele>
        <time>2026-07-07T22:44:18.000Z</time>
        <extensions>
          <ns3:TrackPointExtension>
            <ns3:hr>165</ns3:hr>
            <ns3:cad>83</ns3:cad>
          </ns3:TrackPointExtension>
        </extensions>
      </trkpt>
      <trkpt lat="45.7006954215466976165771484375" lon="126.594491712749004364013671875">
        <ele>156.399993896484375</ele>
        <time>2026-07-07T22:44:19.000Z</time>
        <extensions>
          <ns3:TrackPointExtension>
            <ns3:hr>165</ns3:hr>
            <ns3:cad>83</ns3:cad>
          </ns3:TrackPointExtension>
        </extensions>
      </trkpt>
      <trkpt lat="45.70072249509394168853759765625" lon="126.5944858454167842864990234375">
        <ele>156.1999969482421875</ele>
        <time>2026-07-07T22:44:20.000Z</time>
        <extensions>
          <ns3:TrackPointExtension>
            <ns3:hr>166</ns3:hr>
            <ns3:cad>83</ns3:cad>
          </ns3:TrackPointExtension>
        </extensions>
      </trkpt>
      <trkpt lat="45.70075183175504207611083984375" lon="126.5944791398942470550537109375">
        <ele>156.1999969482421875</ele>
        <time>2026-07-07T22:44:21.000Z</time>
        <extensions>
          <ns3:TrackPointExtension>
            <ns3:hr>165</ns3:hr>
            <ns3:cad>83</ns3:cad>
          </ns3:TrackPointExtension>
        </extensions>
      </trkpt>
      <trkpt lat="45.7007728703320026397705078125" lon="126.59446564503014087677001953125">
        <ele>156.1999969482421875</ele>
        <time>2026-07-07T22:44:22.000Z</time>
        <extensions>
          <ns3:TrackPointExtension>
            <ns3:hr>167</ns3:hr>
            <ns3:cad>83</ns3:cad>
          </ns3:TrackPointExtension>
        </extensions>
      </trkpt>
      <trkpt lat="45.70081092417240142822265625" lon="126.59446044825017452239990234375">
        <ele>156.1999969482421875</ele>
        <time>2026-07-07T22:44:23.000Z</time>
        <extensions>
          <ns3:TrackPointExtension>
            <ns3:hr>171</ns3:hr>
            <ns3:cad>83</ns3:cad>
          </ns3:TrackPointExtension>
        </extensions>
      </trkpt>
      <trkpt lat="45.70083313621580600738525390625" lon="126.5944526530802249908447265625">
        <ele>156.1999969482421875</ele>
        <time>2026-07-07T22:44:24.000Z</time>
        <extensions>
          <ns3:TrackPointExtension>
            <ns3:hr>173</ns3:hr>
            <ns3:cad>83</ns3:cad>
          </ns3:TrackPointExtension>
        </extensions>
      </trkpt>
      <trkpt lat="45.7008657418191432952880859375" lon="126.59444888122379779815673828125">
        <ele>156.399993896484375</ele>
        <time>2026-07-07T22:44:25.000Z</time>
        <extensions>
          <ns3:TrackPointExtension>
            <ns3:hr>174</ns3:hr>
            <ns3:cad>83</ns3:cad>
          </ns3:TrackPointExtension>
        </extensions>
      </trkpt>
      <trkpt lat="45.7008871994912624359130859375" lon="126.59444737248122692108154296875">
        <ele>156.399993896484375</ele>
        <time>2026-07-07T22:44:26.000Z</time>
        <extensions>
          <ns3:TrackPointExtension>
            <ns3:hr>175</ns3:hr>
            <ns3:cad>85</ns3:cad>
          </ns3:TrackPointExtension>
        </extensions>
      </trkpt>
      <trkpt lat="45.70091796107590198516845703125" lon="126.59443966113030910491943359375">
        <ele>156.399993896484375</ele>
        <time>2026-07-07T22:44:27.000Z</time>
        <extensions>
          <ns3:TrackPointExtension>
            <ns3:hr>176</ns3:hr>
            <ns3:cad>86</ns3:cad>
          </ns3:TrackPointExtension>
        </extensions>
      </trkpt>
      <trkpt lat="45.7009435258805751800537109375" lon="126.5944368951022624969482421875">
        <ele>156.399993896484375</ele>
        <time>2026-07-07T22:44:28.000Z</time>
        <extensions>
          <ns3:TrackPointExtension>
            <ns3:hr>176</ns3:hr>
            <ns3:cad>86</ns3:cad>
          </ns3:TrackPointExtension>
        </extensions>
      </trkpt>
      <trkpt lat="45.7009401731193065643310546875" lon="126.5944345481693744659423828125">
        <ele>156.399993896484375</ele>
        <time>2026-07-07T22:44:29.000Z</time>
        <extensions>
          <ns3:TrackPointExtension>
            <ns3:hr>176</ns3:hr>
            <ns3:cad>86</ns3:cad>
          </ns3:TrackPointExtension>
        </extensions>
      </trkpt>
      <trkpt lat="45.700945369899272918701171875" lon="126.59441602416336536407470703125">
        <ele>156.600006103515625</ele>
        <time>2026-07-07T22:44:30.000Z</time>
        <extensions>
          <ns3:TrackPointExtension>
            <ns3:hr>176</ns3:hr>
            <ns3:cad>86</ns3:cad>
          </ns3:TrackPointExtension>
        </extensions>
      </trkpt>
      <trkpt lat="45.70094880647957324981689453125" lon="126.59439347684383392333984375">
        <ele>156.600006103515625</ele>
        <time>2026-07-07T22:44:31.000Z</time>
        <extensions>
          <ns3:TrackPointExtension>
            <ns3:hr>175</ns3:hr>
            <ns3:cad>86</ns3:cad>
          </ns3:TrackPointExtension>
        </extensions>
      </trkpt>
      <trkpt lat="45.70094905793666839599609375" lon="126.59437797032296657562255859375">
        <ele>156.600006103515625</ele>
        <time>2026-07-07T22:44:32.000Z</time>
        <extensions>
          <ns3:TrackPointExtension>
            <ns3:hr>176</ns3:hr>
            <ns3:cad>86</ns3:cad>
          </ns3:TrackPointExtension>
        </extensions>
      </trkpt>
      <trkpt lat="45.7009529136121273040771484375" lon="126.59434410743415355682373046875">
        <ele>156.600006103515625</ele>
        <time>2026-07-07T22:44:33.000Z</time>
        <extensions>
          <ns3:TrackPointExtension>
            <ns3:hr>176</ns3:hr>
            <ns3:cad>86</ns3:cad>
          </ns3:TrackPointExtension>
        </extensions>
      </trkpt>
      <trkpt lat="45.700950734317302703857421875" lon="126.594321727752685546875">
        <ele>156.600006103515625</ele>
        <time>2026-07-07T22:44:34.000Z</time>
        <extensions>
          <ns3:TrackPointExtension>
            <ns3:hr>176</ns3:hr>
            <ns3:cad>86</ns3:cad>
          </ns3:TrackPointExtension>
        </extensions>
      </trkpt>
      <trkpt lat="45.7009478844702243804931640625" lon="126.59427990205585956573486328125">
        <ele>156.600006103515625</ele>
        <time>2026-07-07T22:44:35.000Z</time>
        <extensions>
          <ns3:TrackPointExtension>
            <ns3:hr>175</ns3:hr>
            <ns3:cad>88</ns3:cad>
          </ns3:TrackPointExtension>
        </extensions>
      </trkpt>
      <trkpt lat="45.7009441964328289031982421875" lon="126.5942511521279811859130859375">
        <ele>156.600006103515625</ele>
        <time>2026-07-07T22:44:36.000Z</time>
        <extensions>
          <ns3:TrackPointExtension>
            <ns3:hr>176</ns3:hr>
            <ns3:cad>88</ns3:cad>
          </ns3:TrackPointExtension>
        </extensions>
      </trkpt>
      <trkpt lat="45.7009384967386722564697265625" lon="126.594211757183074951171875">
        <ele>156.8000030517578125</ele>
        <time>2026-07-07T22:44:37.000Z</time>
        <extensions>
          <ns3:TrackPointExtension>
            <ns3:hr>175</ns3:hr>
            <ns3:cad>85</ns3:cad>
          </ns3:TrackPointExtension>
        </extensions>
      </trkpt>
      <trkpt lat="45.7009368203580379486083984375" lon="126.59417663700878620147705078125">
        <ele>156.8000030517578125</ele>
        <time>2026-07-07T22:44:38.000Z</time>
        <extensions>
          <ns3:TrackPointExtension>
            <ns3:hr>175</ns3:hr>
            <ns3:cad>85</ns3:cad>
          </ns3:TrackPointExtension>
        </extensions>
      </trkpt>
      <trkpt lat="45.7009307853877544403076171875" lon="126.59414671361446380615234375">
        <ele>157</ele>
        <time>2026-07-07T22:44:39.000Z</time>
        <extensions>
          <ns3:TrackPointExtension>
            <ns3:hr>175</ns3:hr>
            <ns3:cad>85</ns3:cad>
          </ns3:TrackPointExtension>
        </extensions>
      </trkpt>
      <trkpt lat="45.70093028247356414794921875" lon="126.59410622902214527130126953125">
        <ele>157.1999969482421875</ele>
        <time>2026-07-07T22:44:40.000Z</time>
        <extensions>
          <ns3:TrackPointExtension>
            <ns3:hr>175</ns3:hr>
            <ns3:cad>85</ns3:cad>
          </ns3:TrackPointExtension>
        </extensions>
      </trkpt>
      <trkpt lat="45.7009242475032806396484375" lon="126.59408024512231349945068359375">
        <ele>157.1999969482421875</ele>
        <time>2026-07-07T22:44:41.000Z</time>
        <extensions>
          <ns3:TrackPointExtension>
            <ns3:hr>175</ns3:hr>
            <ns3:cad>85</ns3:cad>
          </ns3:TrackPointExtension>
        </extensions>
      </trkpt>
      <trkpt lat="45.70091963745653629302978515625" lon="126.594034396111965179443359375">
        <ele>157.399993896484375</ele>
        <time>2026-07-07T22:44:42.000Z</time>
        <extensions>
          <ns3:TrackPointExtension>
            <ns3:hr>174</ns3:hr>
            <ns3:cad>86</ns3:cad>
          </ns3:TrackPointExtension>
        </extensions>
      </trkpt>
      <trkpt lat="45.700914524495601654052734375" lon="126.5940127708017826080322265625">
        <ele>157.399993896484375</ele>
        <time>2026-07-07T22:44:43.000Z</time>
        <extensions>
          <ns3:TrackPointExtension>
            <ns3:hr>174</ns3:hr>
            <ns3:cad>87</ns3:cad>
          </ns3:TrackPointExtension>
        </extensions>
      </trkpt>
      <trkpt lat="45.70091175846755504608154296875" lon="126.59397144801914691925048828125">
        <ele>157.600006103515625</ele>
        <time>2026-07-07T22:44:44.000Z</time>
        <extensions>
          <ns3:TrackPointExtension>
            <ns3:hr>174</ns3:hr>
            <ns3:cad>87</ns3:cad>
          </ns3:TrackPointExtension>
        </extensions>
      </trkpt>
      <trkpt lat="45.7009116746485233306884765625" lon="126.593948900699615478515625">
        <ele>157.600006103515625</ele>
        <time>2026-07-07T22:44:45.000Z</time>
        <extensions>
          <ns3:TrackPointExtension>
            <ns3:hr>174</ns3:hr>
            <ns3:cad>87</ns3:cad>
          </ns3:TrackPointExtension>
        </extensions>
      </trkpt>
      <trkpt lat="45.7009012810885906219482421875" lon="126.593904308974742889404296875">
        <ele>157.600006103515625</ele>
        <time>2026-07-07T22:44:46.000Z</time>
        <extensions>
          <ns3:TrackPointExtension>
            <ns3:hr>174</ns3:hr>
            <ns3:cad>87</ns3:cad>
          </ns3:TrackPointExtension>
        </extensions>
      </trkpt>
      <trkpt lat="45.7008947432041168212890625" lon="126.5938756428658962249755859375">
        <ele>157.8000030517578125</ele>
        <time>2026-07-07T22:44:47.000Z</time>
        <extensions>
          <ns3:TrackPointExtension>
            <ns3:hr>173</ns3:hr>
            <ns3:cad>87</ns3:cad>
          </ns3:TrackPointExtension>
        </extensions>
      </trkpt>
      <trkpt lat="45.7008865289390087127685546875" lon="126.593829877674579620361328125">
        <ele>157.8000030517578125</ele>
        <time>2026-07-07T22:44:48.000Z</time>
        <extensions>
          <ns3:TrackPointExtension>
            <ns3:hr>173</ns3:hr>
            <ns3:cad>87</ns3:cad>
          </ns3:TrackPointExtension>
        </extensions>
      </trkpt>
      <trkpt lat="45.700885355472564697265625" lon="126.59379174001514911651611328125">
        <ele>158</ele>
        <time>2026-07-07T22:44:49.000Z</time>
        <extensions>
          <ns3:TrackPointExtension>
            <ns3:hr>173</ns3:hr>
            <ns3:cad>88</ns3:cad>
          </ns3:TrackPointExtension>
        </extensions>
      </trkpt>
      <trkpt lat="45.7008831761777400970458984375" lon="126.59375620074570178985595703125">
        <ele>158.1999969482421875</ele>
        <time>2026-07-07T22:44:50.000Z</time>
        <extensions>
          <ns3:TrackPointExtension>
            <ns3:hr>173</ns3:hr>
            <ns3:cad>88</ns3:cad>
          </ns3:TrackPointExtension>
        </extensions>
      </trkpt>
      <trkpt lat="45.7008786499500274658203125" lon="126.5937195718288421630859375">
        <ele>158.1999969482421875</ele>
        <time>2026-07-07T22:44:51.000Z</time>
        <extensions>
          <ns3:TrackPointExtension>
            <ns3:hr>173</ns3:hr>
            <ns3:cad>88</ns3:cad>
          </ns3:TrackPointExtension>
        </extensions>
      </trkpt>
      <trkpt lat="45.70087320171296596527099609375" lon="126.5936915762722492218017578125">
        <ele>158.399993896484375</ele>
        <time>2026-07-07T22:44:52.000Z</time>
        <extensions>
          <ns3:TrackPointExtension>
            <ns3:hr>173</ns3:hr>
            <ns3:cad>88</ns3:cad>
          </ns3:TrackPointExtension>
        </extensions>
      </trkpt>
      <trkpt lat="45.7008711062371730804443359375" lon="126.5936453081667423248291015625">
        <ele>158.600006103515625</ele>
        <time>2026-07-07T22:44:53.000Z</time>
        <extensions>
          <ns3:TrackPointExtension>
            <ns3:hr>173</ns3:hr>
            <ns3:cad>88</ns3:cad>
          </ns3:TrackPointExtension>
        </extensions>
      </trkpt>
      <trkpt lat="45.700864233076572418212890625" lon="126.59362058155238628387451171875">
        <ele>158.600006103515625</ele>
        <time>2026-07-07T22:44:54.000Z</time>
        <extensions>
          <ns3:TrackPointExtension>
            <ns3:hr>173</ns3:hr>
            <ns3:cad>88</ns3:cad>
          </ns3:TrackPointExtension>
        </extensions>
      </trkpt>
      <trkpt lat="45.7008644007146358489990234375" lon="126.59357582218945026397705078125">
        <ele>158.600006103515625</ele>
        <time>2026-07-07T22:44:55.000Z</time>
        <extensions>
          <ns3:TrackPointExtension>
            <ns3:hr>173</ns3:hr>
            <ns3:cad>88</ns3:cad>
          </ns3:TrackPointExtension>
        </extensions>
      </trkpt>
      <trkpt lat="45.70086188614368438720703125" lon="126.59354883246123790740966796875">
        <ele>158.8000030517578125</ele>
        <time>2026-07-07T22:44:56.000Z</time>
        <extensions>
          <ns3:TrackPointExtension>
            <ns3:hr>173</ns3:hr>
            <ns3:cad>88</ns3:cad>
          </ns3:TrackPointExtension>
        </extensions>
      </trkpt>
      <trkpt lat="45.700859539210796356201171875" lon="126.59350776113569736480712890625">
        <ele>159</ele>
        <time>2026-07-07T22:44:57.000Z</time>
        <extensions>
          <ns3:TrackPointExtension>
            <ns3:hr>173</ns3:hr>
            <ns3:cad>88</ns3:cad>
          </ns3:TrackPointExtension>
        </extensions>
      </trkpt>
      <trkpt lat="45.70085593499243259429931640625" lon="126.5934702940285205841064453125">
        <ele>159</ele>
        <time>2026-07-07T22:44:58.000Z</time>
        <extensions>
          <ns3:TrackPointExtension>
            <ns3:hr>172</ns3:hr>
            <ns3:cad>86</ns3:cad>
          </ns3:TrackPointExtension>
        </extensions>
      </trkpt>
      <trkpt lat="45.70084570907056331634521484375" lon="126.59344204701483249664306640625">
        <ele>159.1999969482421875</ele>
        <time>2026-07-07T22:44:59.000Z</time>
        <extensions>
          <ns3:TrackPointExtension>
            <ns3:hr>172</ns3:hr>
            <ns3:cad>86</ns3:cad>
          </ns3:TrackPointExtension>
        </extensions>
      </trkpt>
      <trkpt lat="45.70084176957607269287109375" lon="126.59340214915573596954345703125">
        <ele>159.1999969482421875</ele>
        <time>2026-07-07T22:45:00.000Z</time>
        <extensions>
          <ns3:TrackPointExtension>
            <ns3:hr>172</ns3:hr>
            <ns3:cad>86</ns3:cad>
          </ns3:TrackPointExtension>
        </extensions>
      </trkpt>
      <trkpt lat="45.700836740434169769287109375" lon="126.59337800927460193634033203125">
        <ele>159.1999969482421875</ele>
        <time>2026-07-07T22:45:01.000Z</time>
        <extensions>
          <ns3:TrackPointExtension>
            <ns3:hr>173</ns3:hr>
            <ns3:cad>86</ns3:cad>
          </ns3:TrackPointExtension>
        </extensions>
      </trkpt>
      <trkpt lat="45.7008303701877593994140625" lon="126.59333023242652416229248046875">
        <ele>159.399993896484375</ele>
        <time>2026-07-07T22:45:02.000Z</time>
        <extensions>
          <ns3:TrackPointExtension>
            <ns3:hr>173</ns3:hr>
            <ns3:cad>85</ns3:cad>
          </ns3:TrackPointExtension>
        </extensions>
      </trkpt>
      <trkpt lat="45.70082643069326877593994140625" lon="126.5932962857186794281005859375">
        <ele>159.600006103515625</ele>
        <time>2026-07-07T22:45:03.000Z</time>
        <extensions>
          <ns3:TrackPointExtension>
            <ns3:hr>173</ns3:hr>
            <ns3:cad>85</ns3:cad>
          </ns3:TrackPointExtension>
        </extensions>
      </trkpt>
      <trkpt lat="45.7008204795420169830322265625" lon="126.5932647697627544403076171875">
        <ele>159.600006103515625</ele>
        <time>2026-07-07T22:45:04.000Z</time>
        <extensions>
          <ns3:TrackPointExtension>
            <ns3:hr>174</ns3:hr>
            <ns3:cad>85</ns3:cad>
          </ns3:TrackPointExtension>
        </extensions>
      </trkpt>
      <trkpt lat="45.70081570185720920562744140625" lon="126.59322864376008510589599609375">
        <ele>159.8000030517578125</ele>
        <time>2026-07-07T22:45:05.000Z</time>
        <extensions>
          <ns3:TrackPointExtension>
            <ns3:hr>174</ns3:hr>
            <ns3:cad>85</ns3:cad>
          </ns3:TrackPointExtension>
        </extensions>
      </trkpt>
      <trkpt lat="45.70081553421914577484130859375" lon="126.5932067669928073883056640625">
        <ele>160</ele>
        <time>2026-07-07T22:45:06.000Z</time>
        <extensions>
          <ns3:TrackPointExtension>
            <ns3:hr>174</ns3:hr>
            <ns3:cad>85</ns3:cad>
          </ns3:TrackPointExtension>
        </extensions>
      </trkpt>
      <trkpt lat="45.70081385783851146697998046875" lon="126.59318447113037109375">
        <ele>160.1999969482421875</ele>
        <time>2026-07-07T22:45:07.000Z</time>
        <extensions>
          <ns3:TrackPointExtension>
            <ns3:hr>175</ns3:hr>
            <ns3:cad>85</ns3:cad>
          </ns3:TrackPointExtension>
        </extensions>
      </trkpt>
      <trkpt lat="45.7008107565343379974365234375" lon="126.59316879697144031524658203125">
        <ele>160.399993896484375</ele>
        <time>2026-07-07T22:45:08.000Z</time>
        <extensions>
          <ns3:TrackPointExtension>
            <ns3:hr>175</ns3:hr>
            <ns3:cad>85</ns3:cad>
          </ns3:TrackPointExtension>
        </extensions>
      </trkpt>
      <trkpt lat="45.70080664940178394317626953125" lon="126.5931428968906402587890625">
        <ele>160.399993896484375</ele>
        <time>2026-07-07T22:45:09.000Z</time>
        <extensions>
          <ns3:TrackPointExtension>
            <ns3:hr>176</ns3:hr>
            <ns3:cad>85</ns3:cad>
          </ns3:TrackPointExtension>
        </extensions>
      </trkpt>
      <trkpt lat="45.7007981836795806884765625" lon="126.59313107840716838836669921875">
        <ele>160.399993896484375</ele>
        <time>2026-07-07T22:45:10.000Z</time>
        <extensions>
          <ns3:TrackPointExtension>
            <ns3:hr>176</ns3:hr>
            <ns3:cad>85</ns3:cad>
          </ns3:TrackPointExtension>
        </extensions>
      </trkpt>
      <trkpt lat="45.700791813433170318603515625" lon="126.59312403760850429534912109375">
        <ele>160.399993896484375</ele>
        <time>2026-07-07T22:45:11.000Z</time>
        <extensions>
          <ns3:TrackPointExtension>
            <ns3:hr>176</ns3:hr>
            <ns3:cad>85</ns3:cad>
          </ns3:TrackPointExtension>
        </extensions>
      </trkpt>
      <trkpt lat="45.700785778462886810302734375" lon="126.59312537871301174163818359375">
        <ele>160.399993896484375</ele>
        <time>2026-07-07T22:45:12.000Z</time>
        <extensions>
          <ns3:TrackPointExtension>
            <ns3:hr>177</ns3:hr>
            <ns3:cad>85</ns3:cad>
          </ns3:TrackPointExtension>
        </extensions>
      </trkpt>
      <trkpt lat="45.70078250952064990997314453125" lon="126.5931330062448978424072265625">
        <ele>160.399993896484375</ele>
        <time>2026-07-07T22:45:13.000Z</time>
        <extensions>
          <ns3:TrackPointExtension>
            <ns3:hr>177</ns3:hr>
            <ns3:cad>85</ns3:cad>
          </ns3:TrackPointExtension>
        </extensions>
      </trkpt>
      <trkpt lat="45.7007849402725696563720703125" lon="126.5931437350809574127197265625">
        <ele>160.399993896484375</ele>
        <time>2026-07-07T22:45:14.000Z</time>
        <extensions>
          <ns3:TrackPointExtension>
            <ns3:hr>177</ns3:hr>
            <ns3:cad>85</ns3:cad>
          </ns3:TrackPointExtension>
        </extensions>
      </trkpt>
      <trkpt lat="45.70079089142382144927978515625" lon="126.593163013458251953125">
        <ele>160.399993896484375</ele>
        <time>2026-07-07T22:45:15.000Z</time>
        <extensions>
          <ns3:TrackPointExtension>
            <ns3:hr>177</ns3:hr>
            <ns3:cad>85</ns3:cad>
          </ns3:TrackPointExtension>
        </extensions>
      </trkpt>
      <trkpt lat="45.70079290308058261871337890625" lon="126.59318690188229084014892578125">
        <ele>160.399993896484375</ele>
        <time>2026-07-07T22:45:16.000Z</time>
        <extensions>
          <ns3:TrackPointExtension>
            <ns3:hr>177</ns3:hr>
            <ns3:cad>85</ns3:cad>
          </ns3:TrackPointExtension>
        </extensions>
      </trkpt>
      <trkpt lat="45.7007973454892635345458984375" lon="126.59320014528930187225341796875">
        <ele>160.399993896484375</ele>
        <time>2026-07-07T22:45:17.000Z</time>
        <extensions>
          <ns3:TrackPointExtension>
            <ns3:hr>177</ns3:hr>
            <ns3:cad>51</ns3:cad>
          </ns3:TrackPointExtension>
        </extensions>
      </trkpt>
      <trkpt lat="45.70079441182315349578857421875" lon="126.59321623854339122772216796875">
        <ele>160.600006103515625</ele>
        <time>2026-07-07T22:45:18.000Z</time>
        <extensions>
          <ns3:TrackPointExtension>
            <ns3:hr>177</ns3:hr>
            <ns3:cad>51</ns3:cad>
          </ns3:TrackPointExtension>
        </extensions>
      </trkpt>
      <trkpt lat="45.70079751312732696533203125" lon="126.59323484636843204498291015625">
        <ele>160.600006103515625</ele>
        <time>2026-07-07T22:45:19.000Z</time>
        <extensions>
          <ns3:TrackPointExtension>
            <ns3:hr>178</ns3:hr>
            <ns3:cad>51</ns3:cad>
          </ns3:TrackPointExtension>
        </extensions>
      </trkpt>
    </trkseg>
  </trk>
</gpx>
