<?xml version="1.0" encoding="UTF-8"?>
<gpx creator="Garmin Connect" version="1.1"
  xsi:schemaLocation="http://www.topografix.com/GPX/1/1 http://www.topografix.com/GPX/11.xsd"
  xmlns:ns3="http://www.garmin.com/xmlschemas/TrackPointExtension/v1"
  xmlns="http://www.topografix.com/GPX/1/1"
  xmlns:xsi="http://www.w3.org/2001/XMLSchema-instance" xmlns:ns2="http://www.garmin.com/xmlschemas/GpxExtensions/v3">
  <metadata>
    <link href="connect.garmin.com">
      <text>Garmin Connect</text>
    </link>
    <time>2026-07-11T01:48:12.000Z</time>
  </metadata>
  <trk>
    <name>哈尔滨市 骑行</name>
    <type>cycling</type>
    <trkseg>
      <trkpt lat="45.69877906702458858489990234375" lon="126.593157984316349029541015625">
        <ele>159.1999969482421875</ele>
        <time>2026-07-11T01:48:32.000Z</time>
        <extensions>
          <ns3:TrackPointExtension>
            <ns3:hr>115</ns3:hr>
          </ns3:TrackPointExtension>
        </extensions>
      </trkpt>
      <trkpt lat="45.69851185195147991180419921875" lon="126.59319712780416011810302734375">
        <ele>159.399993896484375</ele>
        <time>2026-07-11T01:48:40.000Z</time>
        <extensions>
          <ns3:TrackPointExtension>
            <ns3:hr>113</ns3:hr>
          </ns3:TrackPointExtension>
        </extensions>
      </trkpt>
      <trkpt lat="45.6982515938580036163330078125" lon="126.5932555496692657470703125">
        <ele>159.399993896484375</ele>
        <time>2026-07-11T01:48:48.000Z</time>
        <extensions>
          <ns3:TrackPointExtension>
            <ns3:hr>110</ns3:hr>
          </ns3:TrackPointExtension>
        </extensions>
      </trkpt>
      <trkpt lat="45.69821412675082683563232421875" lon="126.5932640992105007171630859375">
        <ele>159.399993896484375</ele>
        <time>2026-07-11T01:48:49.000Z</time>
        <extensions>
          <ns3:TrackPointExtension>
            <ns3:hr>110</ns3:hr>
          </ns3:TrackPointExtension>
        </extensions>
      </trkpt>
      <trkpt lat="45.6980779208242893218994140625" lon="126.5932899154722690582275390625">
        <ele>159.399993896484375</ele>
        <time>2026-07-11T01:48:53.000Z</time>
        <extensions>
          <ns3:TrackPointExtension>
            <ns3:hr>111</ns3:hr>
          </ns3:TrackPointExtension>
        </extensions>
      </trkpt>
      <trkpt lat="45.69775362499058246612548828125" lon="126.59336350858211517333984375">
        <ele>159.399993896484375</ele>
        <time>2026-07-11T01:49:02.000Z</time>
        <extensions>
          <ns3:TrackPointExtension>
            <ns3:hr>110</ns3:hr>
          </ns3:TrackPointExtension>
        </extensions>
      </trkpt>
      <trkpt lat="45.69752580486238002777099609375" lon="126.59342612139880657196044921875">
        <ele>159.1999969482421875</ele>
        <time>2026-07-11T01:49:09.000Z</time>
        <extensions>
          <ns3:TrackPointExtension>
            <ns3:hr>110</ns3:hr>
          </ns3:TrackPointExtension>
        </extensions>
      </trkpt>
      <trkpt lat="45.69724895060062408447265625" lon="126.5934813581407070159912109375">
        <ele>158.1999969482421875</ele>
        <time>2026-07-11T01:49:16.000Z</time>
        <extensions>
          <ns3:TrackPointExtension>
            <ns3:hr>110</ns3:hr>
          </ns3:TrackPointExtension>
        </extensions>
      </trkpt>
      <trkpt lat="45.69715465418994426727294921875" lon="126.59350088797509670257568359375">
        <ele>158</ele>
        <time>2026-07-11T01:49:18.000Z</time>
        <extensions>
          <ns3:TrackPointExtension>
            <ns3:hr>107</ns3:hr>
          </ns3:TrackPointExtension>
        </extensions>
      </trkpt>
      <trkpt lat="45.69710402749478816986083984375" lon="126.5935125388205051422119140625">
        <ele>158</ele>
        <time>2026-07-11T01:49:19.000Z</time>
        <extensions>
          <ns3:TrackPointExtension>
            <ns3:hr>104</ns3:hr>
          </ns3:TrackPointExtension>
        </extensions>
      </trkpt>
      <trkpt lat="45.6970077194273471832275390625" lon="126.59353860653936862945556640625">
        <ele>157.600006103515625</ele>
        <time>2026-07-11T01:49:21.000Z</time>
        <extensions>
          <ns3:TrackPointExtension>
            <ns3:hr>100</ns3:hr>
          </ns3:TrackPointExtension>
        </extensions>
      </trkpt>
      <trkpt lat="45.6968863494694232940673828125" lon="126.5935678593814373016357421875">
        <ele>157.1999969482421875</ele>
        <time>2026-07-11T01:49:24.000Z</time>
        <extensions>
          <ns3:TrackPointExtension>
            <ns3:hr>99</ns3:hr>
          </ns3:TrackPointExtension>
        </extensions>
      </trkpt>
      <trkpt lat="45.69660966284573078155517578125" lon="126.5936261974275112152099609375">
        <ele>156.1999969482421875</ele>
        <time>2026-07-11T01:49:31.000Z</time>
        <extensions>
          <ns3:TrackPointExtension>
            <ns3:hr>99</ns3:hr>
          </ns3:TrackPointExtension>
        </extensions>
      </trkpt>
      <trkpt lat="45.69656490348279476165771484375" lon="126.59363566897809505462646484375">
        <ele>156</ele>
        <time>2026-07-11T01:49:32.000Z</time>
        <extensions>
          <ns3:TrackPointExtension>
            <ns3:hr>99</ns3:hr>
          </ns3:TrackPointExtension>
        </extensions>
      </trkpt>
      <trkpt lat="45.69622702896595001220703125" lon="126.59370624460279941558837890625">
        <ele>155.399993896484375</ele>
        <time>2026-07-11T01:49:39.000Z</time>
        <extensions>
          <ns3:TrackPointExtension>
            <ns3:hr>96</ns3:hr>
          </ns3:TrackPointExtension>
        </extensions>
      </trkpt>
      <trkpt lat="45.69617279805243015289306640625" lon="126.593719907104969024658203125">
        <ele>155.1999969482421875</ele>
        <time>2026-07-11T01:49:40.000Z</time>
        <extensions>
          <ns3:TrackPointExtension>
            <ns3:hr>95</ns3:hr>
          </ns3:TrackPointExtension>
        </extensions>
      </trkpt>
      <trkpt lat="45.6959941796958446502685546875" lon="126.593764834105968475341796875">
        <ele>155</ele>
        <time>2026-07-11T01:49:44.000Z</time>
        <extensions>
          <ns3:TrackPointExtension>
            <ns3:hr>92</ns3:hr>
          </ns3:TrackPointExtension>
        </extensions>
      </trkpt>
      <trkpt lat="45.69575336761772632598876953125" lon="126.59382191486656665802001953125">
        <ele>154.600006103515625</ele>
        <time>2026-07-11T01:49:49.000Z</time>
        <extensions>
          <ns3:TrackPointExtension>
            <ns3:hr>91</ns3:hr>
          </ns3:TrackPointExtension>
        </extensions>
      </trkpt>
      <trkpt lat="45.695434100925922393798828125" lon="126.59388964064419269561767578125">
        <ele>154.399993896484375</ele>
        <time>2026-07-11T01:49:56.000Z</time>
        <extensions>
          <ns3:TrackPointExtension>
            <ns3:hr>94</ns3:hr>
          </ns3:TrackPointExtension>
        </extensions>
      </trkpt>
      <trkpt lat="45.69533360190689563751220703125" lon="126.59389986656606197357177734375">
        <ele>154.1999969482421875</ele>
        <time>2026-07-11T01:50:01.000Z</time>
        <extensions>
          <ns3:TrackPointExtension>
            <ns3:hr>93</ns3:hr>
          </ns3:TrackPointExtension>
        </extensions>
      </trkpt>
      <trkpt lat="45.6952766887843608856201171875" lon="126.593910343945026397705078125">
        <ele>154</ele>
        <time>2026-07-11T01:50:03.000Z</time>
        <extensions>
          <ns3:TrackPointExtension>
            <ns3:hr>93</ns3:hr>
          </ns3:TrackPointExtension>
        </extensions>
      </trkpt>
      <trkpt lat="45.69516764022409915924072265625" lon="126.5939400158822536468505859375">
        <ele>153.600006103515625</ele>
        <time>2026-07-11T01:50:06.000Z</time>
        <extensions>
          <ns3:TrackPointExtension>
            <ns3:hr>93</ns3:hr>
          </ns3:TrackPointExtension>
        </extensions>
      </trkpt>
      <trkpt lat="45.6949591822922229766845703125" lon="126.59399257041513919830322265625">
        <ele>153.399993896484375</ele>
        <time>2026-07-11T01:50:11.000Z</time>
        <extensions>
          <ns3:TrackPointExtension>
            <ns3:hr>90</ns3:hr>
          </ns3:TrackPointExtension>
        </extensions>
      </trkpt>
      <trkpt lat="45.69478626362979412078857421875" lon="126.5940251760184764862060546875">
        <ele>153</ele>
        <time>2026-07-11T01:50:15.000Z</time>
        <extensions>
          <ns3:TrackPointExtension>
            <ns3:hr>89</ns3:hr>
          </ns3:TrackPointExtension>
        </extensions>
      </trkpt>
      <trkpt lat="45.69456062279641628265380859375" lon="126.594070605933666229248046875">
        <ele>153</ele>
        <time>2026-07-11T01:50:21.000Z</time>
        <extensions>
          <ns3:TrackPointExtension>
            <ns3:hr>87</ns3:hr>
          </ns3:TrackPointExtension>
        </extensions>
      </trkpt>
      <trkpt lat="45.69448183290660381317138671875" lon="126.59409063868224620819091796875">
        <ele>153</ele>
        <time>2026-07-11T01:50:26.000Z</time>
        <extensions>
          <ns3:TrackPointExtension>
            <ns3:hr>87</ns3:hr>
          </ns3:TrackPointExtension>
        </extensions>
      </trkpt>
      <trkpt lat="45.69435526616871356964111328125" lon="126.5941217355430126190185546875">
        <ele>153</ele>
        <time>2026-07-11T01:50:30.000Z</time>
        <extensions>
          <ns3:TrackPointExtension>
            <ns3:hr>87</ns3:hr>
          </ns3:TrackPointExtension>
        </extensions>
      </trkpt>
      <trkpt lat="45.694318972527980804443359375" lon="126.59413087181746959686279296875">
        <ele>152.8000030517578125</ele>
        <time>2026-07-11T01:50:31.000Z</time>
        <extensions>
          <ns3:TrackPointExtension>
            <ns3:hr>88</ns3:hr>
          </ns3:TrackPointExtension>
        </extensions>
      </trkpt>
      <trkpt lat="45.6941042281687259674072265625" lon="126.59411586821079254150390625">
        <ele>152</ele>
        <time>2026-07-11T01:50:37.000Z</time>
        <extensions>
          <ns3:TrackPointExtension>
            <ns3:hr>89</ns3:hr>
          </ns3:TrackPointExtension>
        </extensions>
      </trkpt>
      <trkpt lat="45.69407816044986248016357421875" lon="126.59405476413667201995849609375">
        <ele>152</ele>
        <time>2026-07-11T01:50:39.000Z</time>
        <extensions>
          <ns3:TrackPointExtension>
            <ns3:hr>90</ns3:hr>
          </ns3:TrackPointExtension>
        </extensions>
      </trkpt>
      <trkpt lat="45.6940707005560398101806640625" lon="126.5939926542341709136962890625">
        <ele>152.1999969482421875</ele>
        <time>2026-07-11T01:50:41.000Z</time>
        <extensions>
          <ns3:TrackPointExtension>
            <ns3:hr>90</ns3:hr>
          </ns3:TrackPointExtension>
        </extensions>
      </trkpt>
      <trkpt lat="45.6940596364438533782958984375" lon="126.59378201700747013092041015625">
        <ele>152.399993896484375</ele>
        <time>2026-07-11T01:50:46.000Z</time>
        <extensions>
          <ns3:TrackPointExtension>
            <ns3:hr>91</ns3:hr>
          </ns3:TrackPointExtension>
        </extensions>
      </trkpt>
      <trkpt lat="45.6940287910401821136474609375" lon="126.5934454835951328277587890625">
        <ele>152.399993896484375</ele>
        <time>2026-07-11T01:50:53.000Z</time>
        <extensions>
          <ns3:TrackPointExtension>
            <ns3:hr>94</ns3:hr>
          </ns3:TrackPointExtension>
        </extensions>
      </trkpt>
      <trkpt lat="45.69402351044118404388427734375" lon="126.593395359814167022705078125">
        <ele>152.399993896484375</ele>
        <time>2026-07-11T01:50:54.000Z</time>
        <extensions>
          <ns3:TrackPointExtension>
            <ns3:hr>94</ns3:hr>
          </ns3:TrackPointExtension>
        </extensions>
      </trkpt>
      <trkpt lat="45.69397975690662860870361328125" lon="126.593010462820529937744140625">
        <ele>153</ele>
        <time>2026-07-11T01:51:02.000Z</time>
        <extensions>
          <ns3:TrackPointExtension>
            <ns3:hr>97</ns3:hr>
          </ns3:TrackPointExtension>
        </extensions>
      </trkpt>
      <trkpt lat="45.69397506304085254669189453125" lon="126.59296494908630847930908203125">
        <ele>153</ele>
        <time>2026-07-11T01:51:03.000Z</time>
        <extensions>
          <ns3:TrackPointExtension>
            <ns3:hr>98</ns3:hr>
          </ns3:TrackPointExtension>
        </extensions>
      </trkpt>
      <trkpt lat="45.69396316073834896087646484375" lon="126.5928746759891510009765625">
        <ele>153.399993896484375</ele>
        <time>2026-07-11T01:51:05.000Z</time>
        <extensions>
          <ns3:TrackPointExtension>
            <ns3:hr>103</ns3:hr>
          </ns3:TrackPointExtension>
        </extensions>
      </trkpt>
      <trkpt lat="45.69395343773066997528076171875" lon="126.5927880071103572845458984375">
        <ele>153.8000030517578125</ele>
        <time>2026-07-11T01:51:07.000Z</time>
        <extensions>
          <ns3:TrackPointExtension>
            <ns3:hr>107</ns3:hr>
          </ns3:TrackPointExtension>
        </extensions>
      </trkpt>
      <trkpt lat="45.6939489953219890594482421875" lon="126.5927484445273876190185546875">
        <ele>154</ele>
        <time>2026-07-11T01:51:08.000Z</time>
        <extensions>
          <ns3:TrackPointExtension>
            <ns3:hr>109</ns3:hr>
          </ns3:TrackPointExtension>
        </extensions>
      </trkpt>
      <trkpt lat="45.69392845965921878814697265625" lon="126.59265096299350261688232421875">
        <ele>154.399993896484375</ele>
        <time>2026-07-11T01:51:11.000Z</time>
        <extensions>
          <ns3:TrackPointExtension>
            <ns3:hr>112</ns3:hr>
          </ns3:TrackPointExtension>
        </extensions>
      </trkpt>
      <trkpt lat="45.6939111091196537017822265625" lon="126.5925861708819866180419921875">
        <ele>155</ele>
        <time>2026-07-11T01:51:15.000Z</time>
        <extensions>
          <ns3:TrackPointExtension>
            <ns3:hr>113</ns3:hr>
          </ns3:TrackPointExtension>
        </extensions>
      </trkpt>
      <trkpt lat="45.69391370750963687896728515625" lon="126.59255591221153736114501953125">
        <ele>155</ele>
        <time>2026-07-11T01:51:17.000Z</time>
        <extensions>
          <ns3:TrackPointExtension>
            <ns3:hr>114</ns3:hr>
          </ns3:TrackPointExtension>
        </extensions>
      </trkpt>
      <trkpt lat="45.6939251907169818878173828125" lon="126.5925204567611217498779296875">
        <ele>155.399993896484375</ele>
        <time>2026-07-11T01:51:22.000Z</time>
        <extensions>
          <ns3:TrackPointExtension>
            <ns3:hr>116</ns3:hr>
          </ns3:TrackPointExtension>
        </extensions>
      </trkpt>
      <trkpt lat="45.6939134560525417327880859375" lon="126.5925140865147113800048828125">
        <ele>155.1999969482421875</ele>
        <time>2026-07-11T01:51:28.000Z</time>
        <extensions>
          <ns3:TrackPointExtension>
            <ns3:hr>113</ns3:hr>
          </ns3:TrackPointExtension>
        </extensions>
      </trkpt>
      <trkpt lat="45.69391429424285888671875" lon="126.59250930882990360260009765625">
        <ele>155.399993896484375</ele>
        <time>2026-07-11T01:51:36.000Z</time>
        <extensions>
          <ns3:TrackPointExtension>
            <ns3:hr>111</ns3:hr>
          </ns3:TrackPointExtension>
        </extensions>
      </trkpt>
      <trkpt lat="45.69393700920045375823974609375" lon="126.592482067644596099853515625">
        <ele>155.399993896484375</ele>
        <time>2026-07-11T01:51:41.000Z</time>
        <extensions>
          <ns3:TrackPointExtension>
            <ns3:hr>111</ns3:hr>
          </ns3:TrackPointExtension>
        </extensions>
      </trkpt>
      <trkpt lat="45.69395377300679683685302734375" lon="126.5923984162509441375732421875">
        <ele>155.399993896484375</ele>
        <time>2026-07-11T01:51:46.000Z</time>
        <extensions>
          <ns3:TrackPointExtension>
            <ns3:hr>111</ns3:hr>
          </ns3:TrackPointExtension>
        </extensions>
      </trkpt>
      <trkpt lat="45.6939540244638919830322265625" lon="126.5922921337187290191650390625">
        <ele>155.600006103515625</ele>
        <time>2026-07-11T01:51:50.000Z</time>
        <extensions>
          <ns3:TrackPointExtension>
            <ns3:hr>114</ns3:hr>
          </ns3:TrackPointExtension>
        </extensions>
      </trkpt>
      <trkpt lat="45.69394321180880069732666015625" lon="126.59219138324260711669921875">
        <ele>155.600006103515625</ele>
        <time>2026-07-11T01:51:53.000Z</time>
        <extensions>
          <ns3:TrackPointExtension>
            <ns3:hr>116</ns3:hr>
          </ns3:TrackPointExtension>
        </extensions>
      </trkpt>
      <trkpt lat="45.693934746086597442626953125" lon="126.59207403659820556640625">
        <ele>156</ele>
        <time>2026-07-11T01:51:56.000Z</time>
        <extensions>
          <ns3:TrackPointExtension>
            <ns3:hr>117</ns3:hr>
          </ns3:TrackPointExtension>
        </extensions>
      </trkpt>
      <trkpt lat="45.69392032921314239501953125" lon="126.59198946319520473480224609375">
        <ele>156.399993896484375</ele>
        <time>2026-07-11T01:51:59.000Z</time>
        <extensions>
          <ns3:TrackPointExtension>
            <ns3:hr>119</ns3:hr>
          </ns3:TrackPointExtension>
        </extensions>
      </trkpt>
      <trkpt lat="45.69390566088259220123291015625" lon="126.591926179826259613037109375">
        <ele>156.600006103515625</ele>
        <time>2026-07-11T01:52:02.000Z</time>
        <extensions>
          <ns3:TrackPointExtension>
            <ns3:hr>122</ns3:hr>
          </ns3:TrackPointExtension>
        </extensions>
      </trkpt>
      <trkpt lat="45.69390281103551387786865234375" lon="126.59189173020422458648681640625">
        <ele>156.600006103515625</ele>
        <time>2026-07-11T01:52:04.000Z</time>
        <extensions>
          <ns3:TrackPointExtension>
            <ns3:hr>123</ns3:hr>
          </ns3:TrackPointExtension>
        </extensions>
      </trkpt>
      <trkpt lat="45.69389484822750091552734375" lon="126.59185300581157207489013671875">
        <ele>157</ele>
        <time>2026-07-11T01:52:07.000Z</time>
        <extensions>
          <ns3:TrackPointExtension>
            <ns3:hr>125</ns3:hr>
          </ns3:TrackPointExtension>
        </extensions>
      </trkpt>
      <trkpt lat="45.6938960216939449310302734375" lon="126.5918317995965480804443359375">
        <ele>157.1999969482421875</ele>
        <time>2026-07-11T01:52:09.000Z</time>
        <extensions>
          <ns3:TrackPointExtension>
            <ns3:hr>127</ns3:hr>
          </ns3:TrackPointExtension>
        </extensions>
      </trkpt>
      <trkpt lat="45.693891830742359161376953125" lon="126.59177438355982303619384765625">
        <ele>157.1999969482421875</ele>
        <time>2026-07-11T01:52:15.000Z</time>
        <extensions>
          <ns3:TrackPointExtension>
            <ns3:hr>128</ns3:hr>
          </ns3:TrackPointExtension>
        </extensions>
      </trkpt>
      <trkpt lat="45.693868696689605712890625" lon="126.591730378568172454833984375">
        <ele>157.600006103515625</ele>
        <time>2026-07-11T01:52:20.000Z</time>
        <extensions>
          <ns3:TrackPointExtension>
            <ns3:hr>128</ns3:hr>
          </ns3:TrackPointExtension>
        </extensions>
      </trkpt>
      <trkpt lat="45.69386802613735198974609375" lon="126.59159350208938121795654296875">
        <ele>157.600006103515625</ele>
        <time>2026-07-11T01:52:24.000Z</time>
        <extensions>
          <ns3:TrackPointExtension>
            <ns3:hr>128</ns3:hr>
          </ns3:TrackPointExtension>
        </extensions>
      </trkpt>
      <trkpt lat="45.69383273832499980926513671875" lon="126.591411530971527099609375">
        <ele>158</ele>
        <time>2026-07-11T01:52:29.000Z</time>
        <extensions>
          <ns3:TrackPointExtension>
            <ns3:hr>129</ns3:hr>
          </ns3:TrackPointExtension>
        </extensions>
      </trkpt>
      <trkpt lat="45.69382888264954090118408203125" lon="126.59137607552111148834228515625">
        <ele>158.1999969482421875</ele>
        <time>2026-07-11T01:52:30.000Z</time>
        <extensions>
          <ns3:TrackPointExtension>
            <ns3:hr>129</ns3:hr>
          </ns3:TrackPointExtension>
        </extensions>
      </trkpt>
      <trkpt lat="45.69381664507091045379638671875" lon="126.5911984629929065704345703125">
        <ele>159</ele>
        <time>2026-07-11T01:52:35.000Z</time>
        <extensions>
          <ns3:TrackPointExtension>
            <ns3:hr>130</ns3:hr>
          </ns3:TrackPointExtension>
        </extensions>
      </trkpt>
      <trkpt lat="45.69380725733935832977294921875" lon="126.59115244634449481964111328125">
        <ele>159.1999969482421875</ele>
        <time>2026-07-11T01:52:38.000Z</time>
        <extensions>
          <ns3:TrackPointExtension>
            <ns3:hr>131</ns3:hr>
          </ns3:TrackPointExtension>
        </extensions>
      </trkpt>
      <trkpt lat="45.6937907449901103973388671875" lon="126.5911411307752132415771484375">
        <ele>159.1999969482421875</ele>
        <time>2026-07-11T01:52:40.000Z</time>
        <extensions>
          <ns3:TrackPointExtension>
            <ns3:hr>130</ns3:hr>
          </ns3:TrackPointExtension>
        </extensions>
      </trkpt>
      <trkpt lat="45.693788230419158935546875" lon="126.5911428071558475494384765625">
        <ele>159</ele>
        <time>2026-07-11T01:52:46.000Z</time>
        <extensions>
          <ns3:TrackPointExtension>
            <ns3:hr>129</ns3:hr>
          </ns3:TrackPointExtension>
        </extensions>
      </trkpt>
      <trkpt lat="45.693793594837188720703125" lon="126.591073237359523773193359375">
        <ele>159.1999969482421875</ele>
        <time>2026-07-11T01:52:53.000Z</time>
        <extensions>
          <ns3:TrackPointExtension>
            <ns3:hr>128</ns3:hr>
          </ns3:TrackPointExtension>
        </extensions>
      </trkpt>
      <trkpt lat="45.6938244402408599853515625" lon="126.59098916687071323394775390625">
        <ele>159.600006103515625</ele>
        <time>2026-07-11T01:52:59.000Z</time>
        <extensions>
          <ns3:TrackPointExtension>
            <ns3:hr>126</ns3:hr>
          </ns3:TrackPointExtension>
        </extensions>
      </trkpt>
      <trkpt lat="45.69383810274302959442138671875" lon="126.590963266789913177490234375">
        <ele>159.600006103515625</ele>
        <time>2026-07-11T01:53:01.000Z</time>
        <extensions>
          <ns3:TrackPointExtension>
            <ns3:hr>129</ns3:hr>
          </ns3:TrackPointExtension>
        </extensions>
      </trkpt>
      <trkpt lat="45.69384832866489887237548828125" lon="126.59093837253749370574951171875">
        <ele>159.8000030517578125</ele>
        <time>2026-07-11T01:53:03.000Z</time>
        <extensions>
          <ns3:TrackPointExtension>
            <ns3:hr>132</ns3:hr>
          </ns3:TrackPointExtension>
        </extensions>
      </trkpt>
      <trkpt lat="45.69384514354169368743896484375" lon="126.5909332595765590667724609375">
        <ele>159.8000030517578125</ele>
        <time>2026-07-11T01:53:04.000Z</time>
        <extensions>
          <ns3:TrackPointExtension>
            <ns3:hr>135</ns3:hr>
          </ns3:TrackPointExtension>
        </extensions>
      </trkpt>
      <trkpt lat="45.69384195841848850250244140625" lon="126.590927727520465850830078125">
        <ele>160</ele>
        <time>2026-07-11T01:53:05.000Z</time>
        <extensions>
          <ns3:TrackPointExtension>
            <ns3:hr>138</ns3:hr>
          </ns3:TrackPointExtension>
        </extensions>
      </trkpt>
      <trkpt lat="45.69384061731398105621337890625" lon="126.5909315831959247589111328125">
        <ele>160</ele>
        <time>2026-07-11T01:53:06.000Z</time>
        <extensions>
          <ns3:TrackPointExtension>
            <ns3:hr>144</ns3:hr>
          </ns3:TrackPointExtension>
        </extensions>
      </trkpt>
      <trkpt lat="45.693828798830509185791015625" lon="126.59090735949575901031494140625">
        <ele>160</ele>
        <time>2026-07-11T01:53:08.000Z</time>
        <extensions>
          <ns3:TrackPointExtension>
            <ns3:hr>148</ns3:hr>
          </ns3:TrackPointExtension>
        </extensions>
      </trkpt>
      <trkpt lat="45.6938028149306774139404296875" lon="126.5908772684633731842041015625">
        <ele>160.1999969482421875</ele>
        <time>2026-07-11T01:53:10.000Z</time>
        <extensions>
          <ns3:TrackPointExtension>
            <ns3:hr>151</ns3:hr>
          </ns3:TrackPointExtension>
        </extensions>
      </trkpt>
      <trkpt lat="45.69376450963318347930908203125" lon="126.59079671837389469146728515625">
        <ele>160.399993896484375</ele>
        <time>2026-07-11T01:53:16.000Z</time>
        <extensions>
          <ns3:TrackPointExtension>
            <ns3:hr>151</ns3:hr>
          </ns3:TrackPointExtension>
        </extensions>
      </trkpt>
      <trkpt lat="45.69376450963318347930908203125" lon="126.59079671837389469146728515625">
        <ele>160.1999969482421875</ele>
        <time>2026-07-11T01:53:26.000Z</time>
        <extensions>
          <ns3:TrackPointExtension>
            <ns3:hr>149</ns3:hr>
          </ns3:TrackPointExtension>
        </extensions>
      </trkpt>
      <trkpt lat="45.69376450963318347930908203125" lon="126.59079671837389469146728515625">
        <ele>160.1999969482421875</ele>
        <time>2026-07-11T01:53:30.000Z</time>
        <extensions>
          <ns3:TrackPointExtension>
            <ns3:hr>144</ns3:hr>
          </ns3:TrackPointExtension>
        </extensions>
      </trkpt>
      <trkpt lat="45.69376450963318347930908203125" lon="126.59079671837389469146728515625">
        <ele>160.399993896484375</ele>
        <time>2026-07-11T01:53:31.000Z</time>
        <extensions>
          <ns3:TrackPointExtension>
            <ns3:hr>139</ns3:hr>
          </ns3:TrackPointExtension>
        </extensions>
      </trkpt>
      <trkpt lat="45.69376450963318347930908203125" lon="126.59079671837389469146728515625">
        <ele>160.399993896484375</ele>
        <time>2026-07-11T01:53:32.000Z</time>
        <extensions>
          <ns3:TrackPointExtension>
            <ns3:hr>136</ns3:hr>
          </ns3:TrackPointExtension>
        </extensions>
      </trkpt>
      <trkpt lat="45.69376450963318347930908203125" lon="126.59079671837389469146728515625">
        <ele>160.399993896484375</ele>
        <time>2026-07-11T01:53:39.000Z</time>
        <extensions>
          <ns3:TrackPointExtension>
            <ns3:hr>134</ns3:hr>
          </ns3:TrackPointExtension>
        </extensions>
      </trkpt>
      <trkpt lat="45.69376450963318347930908203125" lon="126.59079671837389469146728515625">
        <ele>160.1999969482421875</ele>
        <time>2026-07-11T01:53:42.000Z</time>
        <extensions>
          <ns3:TrackPointExtension>
            <ns3:hr>129</ns3:hr>
          </ns3:TrackPointExtension>
        </extensions>
      </trkpt>
      <trkpt lat="45.69376450963318347930908203125" lon="126.59079671837389469146728515625">
        <ele>160.1999969482421875</ele>
        <time>2026-07-11T01:53:50.000Z</time>
        <extensions>
          <ns3:TrackPointExtension>
            <ns3:hr>129</ns3:hr>
          </ns3:TrackPointExtension>
        </extensions>
      </trkpt>
      <trkpt lat="45.69376450963318347930908203125" lon="126.59079671837389469146728515625">
        <ele>160.1999969482421875</ele>
        <time>2026-07-11T01:53:55.000Z</time>
        <extensions>
          <ns3:TrackPointExtension>
            <ns3:hr>126</ns3:hr>
          </ns3:TrackPointExtension>
        </extensions>
      </trkpt>
      <trkpt lat="45.69376450963318347930908203125" lon="126.59079671837389469146728515625">
        <ele>160</ele>
        <time>2026-07-11T01:54:02.000Z</time>
        <extensions>
          <ns3:TrackPointExtension>
            <ns3:hr>125</ns3:hr>
          </ns3:TrackPointExtension>
        </extensions>
      </trkpt>
      <trkpt lat="45.69376450963318347930908203125" lon="126.59079671837389469146728515625">
        <ele>160</ele>
        <time>2026-07-11T01:54:12.000Z</time>
        <extensions>
          <ns3:TrackPointExtension>
            <ns3:hr>127</ns3:hr>
          </ns3:TrackPointExtension>
        </extensions>
      </trkpt>
      <trkpt lat="45.69376434199512004852294921875" lon="126.59073452465236186981201171875">
        <ele>160</ele>
        <time>2026-07-11T01:54:17.000Z</time>
        <extensions>
          <ns3:TrackPointExtension>
            <ns3:hr>127</ns3:hr>
          </ns3:TrackPointExtension>
        </extensions>
      </trkpt>
      <trkpt lat="45.6937401182949542999267578125" lon="126.5905634500086307525634765625">
        <ele>160.399993896484375</ele>
        <time>2026-07-11T01:54:26.000Z</time>
        <extensions>
          <ns3:TrackPointExtension>
            <ns3:hr>125</ns3:hr>
          </ns3:TrackPointExtension>
        </extensions>
      </trkpt>
      <trkpt lat="45.6937099434435367584228515625" lon="126.59042187966406345367431640625">
        <ele>160.600006103515625</ele>
        <time>2026-07-11T01:54:33.000Z</time>
        <extensions>
          <ns3:TrackPointExtension>
            <ns3:hr>124</ns3:hr>
          </ns3:TrackPointExtension>
        </extensions>
      </trkpt>
      <trkpt lat="45.693702064454555511474609375" lon="126.59030520357191562652587890625">
        <ele>161</ele>
        <time>2026-07-11T01:54:39.000Z</time>
        <extensions>
          <ns3:TrackPointExtension>
            <ns3:hr>125</ns3:hr>
          </ns3:TrackPointExtension>
        </extensions>
      </trkpt>
      <trkpt lat="45.69370298646390438079833984375" lon="126.590281985700130462646484375">
        <ele>161</ele>
        <time>2026-07-11T01:54:40.000Z</time>
        <extensions>
          <ns3:TrackPointExtension>
            <ns3:hr>125</ns3:hr>
          </ns3:TrackPointExtension>
        </extensions>
      </trkpt>
      <trkpt lat="45.69370751269161701202392578125" lon="126.59019623883068561553955078125">
        <ele>160.8000030517578125</ele>
        <time>2026-07-11T01:54:44.000Z</time>
        <extensions>
          <ns3:TrackPointExtension>
            <ns3:hr>124</ns3:hr>
          </ns3:TrackPointExtension>
        </extensions>
      </trkpt>
      <trkpt lat="45.69372075609862804412841796875" lon="126.5901584364473819732666015625">
        <ele>160.8000030517578125</ele>
        <time>2026-07-11T01:54:46.000Z</time>
        <extensions>
          <ns3:TrackPointExtension>
            <ns3:hr>124</ns3:hr>
          </ns3:TrackPointExtension>
        </extensions>
      </trkpt>
      <trkpt lat="45.69371916353702545166015625" lon="126.5900890342891216278076171875">
        <ele>161</ele>
        <time>2026-07-11T01:54:51.000Z</time>
        <extensions>
          <ns3:TrackPointExtension>
            <ns3:hr>124</ns3:hr>
          </ns3:TrackPointExtension>
        </extensions>
      </trkpt>
      <trkpt lat="45.69370768032968044281005859375" lon="126.5900561772286891937255859375">
        <ele>160.8000030517578125</ele>
        <time>2026-07-11T01:54:59.000Z</time>
        <extensions>
          <ns3:TrackPointExtension>
            <ns3:hr>124</ns3:hr>
          </ns3:TrackPointExtension>
        </extensions>
      </trkpt>
      <trkpt lat="45.693698041141033172607421875" lon="126.59004637040197849273681640625">
        <ele>160.8000030517578125</ele>
        <time>2026-07-11T01:55:01.000Z</time>
        <extensions>
          <ns3:TrackPointExtension>
            <ns3:hr>124</ns3:hr>
          </ns3:TrackPointExtension>
        </extensions>
      </trkpt>
      <trkpt lat="45.69365604780614376068115234375" lon="126.59000270068645477294921875">
        <ele>160.8000030517578125</ele>
        <time>2026-07-11T01:55:04.000Z</time>
        <extensions>
          <ns3:TrackPointExtension>
            <ns3:hr>124</ns3:hr>
          </ns3:TrackPointExtension>
        </extensions>
      </trkpt>
      <trkpt lat="45.693620927631855010986328125" lon="126.58986180089414119720458984375">
        <ele>161</ele>
        <time>2026-07-11T01:55:09.000Z</time>
        <extensions>
          <ns3:TrackPointExtension>
            <ns3:hr>124</ns3:hr>
          </ns3:TrackPointExtension>
        </extensions>
      </trkpt>
      <trkpt lat="45.69362604059278964996337890625" lon="126.58984403125941753387451171875">
        <ele>161.1999969482421875</ele>
        <time>2026-07-11T01:55:10.000Z</time>
        <extensions>
          <ns3:TrackPointExtension>
            <ns3:hr>124</ns3:hr>
          </ns3:TrackPointExtension>
        </extensions>
      </trkpt>
      <trkpt lat="45.6936232745647430419921875" lon="126.589843444526195526123046875">
        <ele>161.1999969482421875</ele>
        <time>2026-07-11T01:55:12.000Z</time>
        <extensions>
          <ns3:TrackPointExtension>
            <ns3:hr>124</ns3:hr>
          </ns3:TrackPointExtension>
        </extensions>
      </trkpt>
      <trkpt lat="45.6936232745647430419921875" lon="126.589843444526195526123046875">
        <ele>161.1999969482421875</ele>
        <time>2026-07-11T01:55:13.000Z</time>
        <extensions>
          <ns3:TrackPointExtension>
            <ns3:hr>124</ns3:hr>
          </ns3:TrackPointExtension>
        </extensions>
      </trkpt>
      <trkpt lat="45.6936232745647430419921875" lon="126.589843444526195526123046875">
        <ele>161.1999969482421875</ele>
        <time>2026-07-11T01:55:15.000Z</time>
        <extensions>
          <ns3:TrackPointExtension>
            <ns3:hr>128</ns3:hr>
          </ns3:TrackPointExtension>
        </extensions>
      </trkpt>
      <trkpt lat="45.6936232745647430419921875" lon="126.589843444526195526123046875">
        <ele>161.1999969482421875</ele>
        <time>2026-07-11T01:55:20.000Z</time>
        <extensions>
          <ns3:TrackPointExtension>
            <ns3:hr>124</ns3:hr>
          </ns3:TrackPointExtension>
        </extensions>
      </trkpt>
      <trkpt lat="45.69362402893602848052978515625" lon="126.58984118141233921051025390625">
        <ele>161.1999969482421875</ele>
        <time>2026-07-11T01:55:25.000Z</time>
        <extensions>
          <ns3:TrackPointExtension>
            <ns3:hr>123</ns3:hr>
          </ns3:TrackPointExtension>
        </extensions>
      </trkpt>
      <trkpt lat="45.69359301589429378509521484375" lon="126.589699946343898773193359375">
        <ele>161.399993896484375</ele>
        <time>2026-07-11T01:55:30.000Z</time>
        <extensions>
          <ns3:TrackPointExtension>
            <ns3:hr>125</ns3:hr>
          </ns3:TrackPointExtension>
        </extensions>
      </trkpt>
      <trkpt lat="45.6935828737914562225341796875" lon="126.5895827673375606536865234375">
        <ele>161.600006103515625</ele>
        <time>2026-07-11T01:55:35.000Z</time>
        <extensions>
          <ns3:TrackPointExtension>
            <ns3:hr>128</ns3:hr>
          </ns3:TrackPointExtension>
        </extensions>
      </trkpt>
      <trkpt lat="45.6935845501720905303955078125" lon="126.5895646624267101287841796875">
        <ele>161.600006103515625</ele>
        <time>2026-07-11T01:55:40.000Z</time>
        <extensions>
          <ns3:TrackPointExtension>
            <ns3:hr>130</ns3:hr>
          </ns3:TrackPointExtension>
        </extensions>
      </trkpt>
      <trkpt lat="45.69358496926724910736083984375" lon="126.58955737017095088958740234375">
        <ele>161.600006103515625</ele>
        <time>2026-07-11T01:55:47.000Z</time>
        <extensions>
          <ns3:TrackPointExtension>
            <ns3:hr>129</ns3:hr>
          </ns3:TrackPointExtension>
        </extensions>
      </trkpt>
      <trkpt lat="45.69358077831566333770751953125" lon="126.58946064300835132598876953125">
        <ele>161.8000030517578125</ele>
        <time>2026-07-11T01:55:52.000Z</time>
        <extensions>
          <ns3:TrackPointExtension>
            <ns3:hr>130</ns3:hr>
          </ns3:TrackPointExtension>
        </extensions>
      </trkpt>
      <trkpt lat="45.6935801915824413299560546875" lon="126.58945821225643157958984375">
        <ele>161.8000030517578125</ele>
        <time>2026-07-11T01:55:58.000Z</time>
        <extensions>
          <ns3:TrackPointExtension>
            <ns3:hr>129</ns3:hr>
          </ns3:TrackPointExtension>
        </extensions>
      </trkpt>
      <trkpt lat="45.69359117187559604644775390625" lon="126.58945242874324321746826171875">
        <ele>162</ele>
        <time>2026-07-11T01:56:04.000Z</time>
        <extensions>
          <ns3:TrackPointExtension>
            <ns3:hr>131</ns3:hr>
          </ns3:TrackPointExtension>
        </extensions>
      </trkpt>
      <trkpt lat="45.693598128855228424072265625" lon="126.58946516923606395721435546875">
        <ele>162</ele>
        <time>2026-07-11T01:56:05.000Z</time>
        <extensions>
          <ns3:TrackPointExtension>
            <ns3:hr>130</ns3:hr>
          </ns3:TrackPointExtension>
        </extensions>
      </trkpt>
      <trkpt lat="45.69359687156975269317626953125" lon="126.58946466632187366485595703125">
        <ele>162.1999969482421875</ele>
        <time>2026-07-11T01:56:07.000Z</time>
        <extensions>
          <ns3:TrackPointExtension>
            <ns3:hr>130</ns3:hr>
          </ns3:TrackPointExtension>
        </extensions>
      </trkpt>
      <trkpt lat="45.69359687156975269317626953125" lon="126.58946466632187366485595703125">
        <ele>162.1999969482421875</ele>
        <time>2026-07-11T01:56:08.000Z</time>
        <extensions>
          <ns3:TrackPointExtension>
            <ns3:hr>129</ns3:hr>
          </ns3:TrackPointExtension>
        </extensions>
      </trkpt>
      <trkpt lat="45.69359687156975269317626953125" lon="126.58946466632187366485595703125">
        <ele>162.1999969482421875</ele>
        <time>2026-07-11T01:56:15.000Z</time>
        <extensions>
          <ns3:TrackPointExtension>
            <ns3:hr>127</ns3:hr>
          </ns3:TrackPointExtension>
        </extensions>
      </trkpt>
      <trkpt lat="45.69359687156975269317626953125" lon="126.58946466632187366485595703125">
        <ele>162.399993896484375</ele>
        <time>2026-07-11T01:56:19.000Z</time>
        <extensions>
          <ns3:TrackPointExtension>
            <ns3:hr>125</ns3:hr>
          </ns3:TrackPointExtension>
        </extensions>
      </trkpt>
      <trkpt lat="45.69359787739813327789306640625" lon="126.58946533687412738800048828125">
        <ele>161.8000030517578125</ele>
        <time>2026-07-11T01:56:26.000Z</time>
        <extensions>
          <ns3:TrackPointExtension>
            <ns3:hr>123</ns3:hr>
          </ns3:TrackPointExtension>
        </extensions>
      </trkpt>
      <trkpt lat="45.69360089488327503204345703125" lon="126.58947338350117206573486328125">
        <ele>161.8000030517578125</ele>
        <time>2026-07-11T01:56:29.000Z</time>
        <extensions>
          <ns3:TrackPointExtension>
            <ns3:hr>119</ns3:hr>
          </ns3:TrackPointExtension>
        </extensions>
      </trkpt>
      <trkpt lat="45.69359972141683101654052734375" lon="126.589469611644744873046875">
        <ele>161.8000030517578125</ele>
        <time>2026-07-11T01:56:30.000Z</time>
        <extensions>
          <ns3:TrackPointExtension>
            <ns3:hr>116</ns3:hr>
          </ns3:TrackPointExtension>
        </extensions>
      </trkpt>
      <trkpt lat="45.6935986317694187164306640625" lon="126.5894667617976665496826171875">
        <ele>161.8000030517578125</ele>
        <time>2026-07-11T01:56:32.000Z</time>
        <extensions>
          <ns3:TrackPointExtension>
            <ns3:hr>114</ns3:hr>
          </ns3:TrackPointExtension>
        </extensions>
      </trkpt>
      <trkpt lat="45.69358714856207370758056640625" lon="126.589485369622707366943359375">
        <ele>161.1999969482421875</ele>
        <time>2026-07-11T01:56:36.000Z</time>
        <extensions>
          <ns3:TrackPointExtension>
            <ns3:hr>114</ns3:hr>
          </ns3:TrackPointExtension>
        </extensions>
      </trkpt>
      <trkpt lat="45.69358714856207370758056640625" lon="126.58948528580367565155029296875">
        <ele>161</ele>
        <time>2026-07-11T01:56:37.000Z</time>
        <extensions>
          <ns3:TrackPointExtension>
            <ns3:hr>114</ns3:hr>
          </ns3:TrackPointExtension>
        </extensions>
      </trkpt>
      <trkpt lat="45.69358714856207370758056640625" lon="126.58948528580367565155029296875">
        <ele>161.399993896484375</ele>
        <time>2026-07-11T01:56:44.000Z</time>
        <extensions>
          <ns3:TrackPointExtension>
            <ns3:hr>113</ns3:hr>
          </ns3:TrackPointExtension>
        </extensions>
      </trkpt>
      <trkpt lat="45.69358714856207370758056640625" lon="126.58948528580367565155029296875">
        <ele>161.399993896484375</ele>
        <time>2026-07-11T01:56:48.000Z</time>
        <extensions>
          <ns3:TrackPointExtension>
            <ns3:hr>116</ns3:hr>
          </ns3:TrackPointExtension>
        </extensions>
      </trkpt>
      <trkpt lat="45.69358714856207370758056640625" lon="126.58948528580367565155029296875">
        <ele>161.399993896484375</ele>
        <time>2026-07-11T01:56:49.000Z</time>
        <extensions>
          <ns3:TrackPointExtension>
            <ns3:hr>116</ns3:hr>
          </ns3:TrackPointExtension>
        </extensions>
      </trkpt>
      <trkpt lat="45.69358714856207370758056640625" lon="126.58948528580367565155029296875">
        <ele>161.1999969482421875</ele>
        <time>2026-07-11T01:56:53.000Z</time>
        <extensions>
          <ns3:TrackPointExtension>
            <ns3:hr>119</ns3:hr>
          </ns3:TrackPointExtension>
        </extensions>
      </trkpt>
      <trkpt lat="45.69358765147626399993896484375" lon="126.5894841961562633514404296875">
        <ele>161.1999969482421875</ele>
        <time>2026-07-11T01:56:57.000Z</time>
        <extensions>
          <ns3:TrackPointExtension>
            <ns3:hr>122</ns3:hr>
          </ns3:TrackPointExtension>
        </extensions>
      </trkpt>
      <trkpt lat="45.69360726512968540191650390625" lon="126.58947564661502838134765625">
        <ele>161.1999969482421875</ele>
        <time>2026-07-11T01:57:01.000Z</time>
        <extensions>
          <ns3:TrackPointExtension>
            <ns3:hr>122</ns3:hr>
          </ns3:TrackPointExtension>
        </extensions>
      </trkpt>
      <trkpt lat="45.69360542111098766326904296875" lon="126.58947288058698177337646484375">
        <ele>161.399993896484375</ele>
        <time>2026-07-11T01:57:09.000Z</time>
        <extensions>
          <ns3:TrackPointExtension>
            <ns3:hr>123</ns3:hr>
          </ns3:TrackPointExtension>
        </extensions>
      </trkpt>
      <trkpt lat="45.69360542111098766326904296875" lon="126.58947288058698177337646484375">
        <ele>161.399993896484375</ele>
        <time>2026-07-11T01:57:16.000Z</time>
        <extensions>
          <ns3:TrackPointExtension>
            <ns3:hr>121</ns3:hr>
          </ns3:TrackPointExtension>
        </extensions>
      </trkpt>
      <trkpt lat="45.69360542111098766326904296875" lon="126.58947288058698177337646484375">
        <ele>161.1999969482421875</ele>
        <time>2026-07-11T01:57:24.000Z</time>
        <extensions>
          <ns3:TrackPointExtension>
            <ns3:hr>125</ns3:hr>
          </ns3:TrackPointExtension>
        </extensions>
      </trkpt>
      <trkpt lat="45.69360542111098766326904296875" lon="126.58947288058698177337646484375">
        <ele>161</ele>
        <time>2026-07-11T01:57:25.000Z</time>
        <extensions>
          <ns3:TrackPointExtension>
            <ns3:hr>129</ns3:hr>
          </ns3:TrackPointExtension>
        </extensions>
      </trkpt>
      <trkpt lat="45.693599469959735870361328125" lon="126.5894774906337261199951171875">
        <ele>161</ele>
        <time>2026-07-11T01:57:27.000Z</time>
        <extensions>
          <ns3:TrackPointExtension>
            <ns3:hr>133</ns3:hr>
          </ns3:TrackPointExtension>
        </extensions>
      </trkpt>
      <trkpt lat="45.69360542111098766326904296875" lon="126.58947288058698177337646484375">
        <ele>160.8000030517578125</ele>
        <time>2026-07-11T01:57:30.000Z</time>
        <extensions>
          <ns3:TrackPointExtension>
            <ns3:hr>135</ns3:hr>
          </ns3:TrackPointExtension>
        </extensions>
      </trkpt>
      <trkpt lat="45.69359687156975269317626953125" lon="126.58947522751986980438232421875">
        <ele>160.8000030517578125</ele>
        <time>2026-07-11T01:57:37.000Z</time>
        <extensions>
          <ns3:TrackPointExtension>
            <ns3:hr>135</ns3:hr>
          </ns3:TrackPointExtension>
        </extensions>
      </trkpt>
      <trkpt lat="45.69359083659946918487548828125" lon="126.58947438932955265045166015625">
        <ele>160.8000030517578125</ele>
        <time>2026-07-11T01:57:42.000Z</time>
        <extensions>
          <ns3:TrackPointExtension>
            <ns3:hr>134</ns3:hr>
          </ns3:TrackPointExtension>
        </extensions>
      </trkpt>
      <trkpt lat="45.69359854795038700103759765625" lon="126.589466594159603118896484375">
        <ele>160.8000030517578125</ele>
        <time>2026-07-11T01:57:47.000Z</time>
        <extensions>
          <ns3:TrackPointExtension>
            <ns3:hr>133</ns3:hr>
          </ns3:TrackPointExtension>
        </extensions>
      </trkpt>
      <trkpt lat="45.69359586574137210845947265625" lon="126.58947288058698177337646484375">
        <ele>160.8000030517578125</ele>
        <time>2026-07-11T01:57:48.000Z</time>
        <extensions>
          <ns3:TrackPointExtension>
            <ns3:hr>133</ns3:hr>
          </ns3:TrackPointExtension>
        </extensions>
      </trkpt>
      <trkpt lat="45.69358815439045429229736328125" lon="126.589468605816364288330078125">
        <ele>160.8000030517578125</ele>
        <time>2026-07-11T01:57:52.000Z</time>
        <extensions>
          <ns3:TrackPointExtension>
            <ns3:hr>132</ns3:hr>
          </ns3:TrackPointExtension>
        </extensions>
      </trkpt>
      <trkpt lat="45.69358966313302516937255859375" lon="126.5894764848053455352783203125">
        <ele>161</ele>
        <time>2026-07-11T01:57:57.000Z</time>
        <extensions>
          <ns3:TrackPointExtension>
            <ns3:hr>130</ns3:hr>
          </ns3:TrackPointExtension>
        </extensions>
      </trkpt>
      <trkpt lat="45.69358916021883487701416015625" lon="126.58947858028113842010498046875">
        <ele>161</ele>
        <time>2026-07-11T01:57:59.000Z</time>
        <extensions>
          <ns3:TrackPointExtension>
            <ns3:hr>131</ns3:hr>
          </ns3:TrackPointExtension>
        </extensions>
      </trkpt>
      <trkpt lat="45.6935882382094860076904296875" lon="126.5894784964621067047119140625">
        <ele>161</ele>
        <time>2026-07-11T01:58:02.000Z</time>
        <extensions>
          <ns3:TrackPointExtension>
            <ns3:hr>132</ns3:hr>
          </ns3:TrackPointExtension>
        </extensions>
      </trkpt>
      <trkpt lat="45.6935771740972995758056640625" lon="126.58943139016628265380859375">
        <ele>161</ele>
        <time>2026-07-11T01:58:08.000Z</time>
        <extensions>
          <ns3:TrackPointExtension>
            <ns3:hr>132</ns3:hr>
          </ns3:TrackPointExtension>
        </extensions>
      </trkpt>
      <trkpt lat="45.69356686435639858245849609375" lon="126.58940230496227741241455078125">
        <ele>161</ele>
        <time>2026-07-11T01:58:12.000Z</time>
        <extensions>
          <ns3:TrackPointExtension>
            <ns3:hr>135</ns3:hr>
          </ns3:TrackPointExtension>
        </extensions>
      </trkpt>
      <trkpt lat="45.69356703199446201324462890625" lon="126.58939694054424762725830078125">
        <ele>161</ele>
        <time>2026-07-11T01:58:16.000Z</time>
        <extensions>
          <ns3:TrackPointExtension>
            <ns3:hr>132</ns3:hr>
          </ns3:TrackPointExtension>
        </extensions>
      </trkpt>
      <trkpt lat="45.69356669671833515167236328125" lon="126.58939576707780361175537109375">
        <ele>161</ele>
        <time>2026-07-11T01:58:17.000Z</time>
        <extensions>
          <ns3:TrackPointExtension>
            <ns3:hr>126</ns3:hr>
          </ns3:TrackPointExtension>
        </extensions>
      </trkpt>
      <trkpt lat="45.6935543753206729888916015625" lon="126.589339189231395721435546875">
        <ele>160.8000030517578125</ele>
        <time>2026-07-11T01:58:19.000Z</time>
        <extensions>
          <ns3:TrackPointExtension>
            <ns3:hr>124</ns3:hr>
          </ns3:TrackPointExtension>
        </extensions>
      </trkpt>
      <trkpt lat="45.69354725070297718048095703125" lon="126.58931060694158077239990234375">
        <ele>160.8000030517578125</ele>
        <time>2026-07-11T01:58:20.000Z</time>
        <extensions>
          <ns3:TrackPointExtension>
            <ns3:hr>124</ns3:hr>
          </ns3:TrackPointExtension>
        </extensions>
      </trkpt>
      <trkpt lat="45.693495534360408782958984375" lon="126.58912025392055511474609375">
        <ele>161.1999969482421875</ele>
        <time>2026-07-11T01:58:26.000Z</time>
        <extensions>
          <ns3:TrackPointExtension>
            <ns3:hr>123</ns3:hr>
          </ns3:TrackPointExtension>
        </extensions>
      </trkpt>
      <trkpt lat="45.693455636501312255859375" lon="126.58891632221639156341552734375">
        <ele>161.600006103515625</ele>
        <time>2026-07-11T01:58:32.000Z</time>
        <extensions>
          <ns3:TrackPointExtension>
            <ns3:hr>124</ns3:hr>
          </ns3:TrackPointExtension>
        </extensions>
      </trkpt>
      <trkpt lat="45.69343426264822483062744140625" lon="126.5887801162898540496826171875">
        <ele>162</ele>
        <time>2026-07-11T01:58:37.000Z</time>
        <extensions>
          <ns3:TrackPointExtension>
            <ns3:hr>126</ns3:hr>
          </ns3:TrackPointExtension>
        </extensions>
      </trkpt>
      <trkpt lat="45.69338698871433734893798828125" lon="126.58862446434795856475830078125">
        <ele>162.1999969482421875</ele>
        <time>2026-07-11T01:58:42.000Z</time>
        <extensions>
          <ns3:TrackPointExtension>
            <ns3:hr>126</ns3:hr>
          </ns3:TrackPointExtension>
        </extensions>
      </trkpt>
      <trkpt lat="45.69335731677711009979248046875" lon="126.5885294973850250244140625">
        <ele>162.600006103515625</ele>
        <time>2026-07-11T01:58:45.000Z</time>
        <extensions>
          <ns3:TrackPointExtension>
            <ns3:hr>126</ns3:hr>
          </ns3:TrackPointExtension>
        </extensions>
      </trkpt>
      <trkpt lat="45.69329763762652873992919921875" lon="126.5883144177496433258056640625">
        <ele>162.8000030517578125</ele>
        <time>2026-07-11T01:58:51.000Z</time>
        <extensions>
          <ns3:TrackPointExtension>
            <ns3:hr>126</ns3:hr>
          </ns3:TrackPointExtension>
        </extensions>
      </trkpt>
      <trkpt lat="45.69320283830165863037109375" lon="126.58802163787186145782470703125">
        <ele>163.1999969482421875</ele>
        <time>2026-07-11T01:58:58.000Z</time>
        <extensions>
          <ns3:TrackPointExtension>
            <ns3:hr>127</ns3:hr>
          </ns3:TrackPointExtension>
        </extensions>
      </trkpt>
      <trkpt lat="45.69314458407461643218994140625" lon="126.58786154352128505706787109375">
        <ele>163.600006103515625</ele>
        <time>2026-07-11T01:59:02.000Z</time>
        <extensions>
          <ns3:TrackPointExtension>
            <ns3:hr>128</ns3:hr>
          </ns3:TrackPointExtension>
        </extensions>
      </trkpt>
      <trkpt lat="45.69306872785091400146484375" lon="126.587720476090908050537109375">
        <ele>163.399993896484375</ele>
        <time>2026-07-11T01:59:07.000Z</time>
        <extensions>
          <ns3:TrackPointExtension>
            <ns3:hr>129</ns3:hr>
          </ns3:TrackPointExtension>
        </extensions>
      </trkpt>
      <trkpt lat="45.69300142116844654083251953125" lon="126.58759315498173236846923828125">
        <ele>163.600006103515625</ele>
        <time>2026-07-11T01:59:13.000Z</time>
        <extensions>
          <ns3:TrackPointExtension>
            <ns3:hr>128</ns3:hr>
          </ns3:TrackPointExtension>
        </extensions>
      </trkpt>
      <trkpt lat="45.6929136626422405242919921875" lon="126.5874557755887508392333984375">
        <ele>163.8000030517578125</ele>
        <time>2026-07-11T01:59:19.000Z</time>
        <extensions>
          <ns3:TrackPointExtension>
            <ns3:hr>128</ns3:hr>
          </ns3:TrackPointExtension>
        </extensions>
      </trkpt>
      <trkpt lat="45.69290645420551300048828125" lon="126.58743306063115596771240234375">
        <ele>163.8000030517578125</ele>
        <time>2026-07-11T01:59:20.000Z</time>
        <extensions>
          <ns3:TrackPointExtension>
            <ns3:hr>125</ns3:hr>
          </ns3:TrackPointExtension>
        </extensions>
      </trkpt>
      <trkpt lat="45.6928972341120243072509765625" lon="126.58740942366421222686767578125">
        <ele>163.8000030517578125</ele>
        <time>2026-07-11T01:59:21.000Z</time>
        <extensions>
          <ns3:TrackPointExtension>
            <ns3:hr>122</ns3:hr>
          </ns3:TrackPointExtension>
        </extensions>
      </trkpt>
      <trkpt lat="45.6928650476038455963134765625" lon="126.5873129479587078094482421875">
        <ele>164</ele>
        <time>2026-07-11T01:59:25.000Z</time>
        <extensions>
          <ns3:TrackPointExtension>
            <ns3:hr>120</ns3:hr>
          </ns3:TrackPointExtension>
        </extensions>
      </trkpt>
      <trkpt lat="45.69284266792237758636474609375" lon="126.5871446393430233001708984375">
        <ele>164</ele>
        <time>2026-07-11T01:59:30.000Z</time>
        <extensions>
          <ns3:TrackPointExtension>
            <ns3:hr>119</ns3:hr>
          </ns3:TrackPointExtension>
        </extensions>
      </trkpt>
      <trkpt lat="45.6927631236612796783447265625" lon="126.586908437311649322509765625">
        <ele>163.8000030517578125</ele>
        <time>2026-07-11T01:59:37.000Z</time>
        <extensions>
          <ns3:TrackPointExtension>
            <ns3:hr>117</ns3:hr>
          </ns3:TrackPointExtension>
        </extensions>
      </trkpt>
      <trkpt lat="45.69265960715711116790771484375" lon="126.58672244288027286529541015625">
        <ele>163.1999969482421875</ele>
        <time>2026-07-11T01:59:42.000Z</time>
        <extensions>
          <ns3:TrackPointExtension>
            <ns3:hr>116</ns3:hr>
          </ns3:TrackPointExtension>
        </extensions>
      </trkpt>
      <trkpt lat="45.69259640760719776153564453125" lon="126.58657592721283435821533203125">
        <ele>163</ele>
        <time>2026-07-11T01:59:45.000Z</time>
        <extensions>
          <ns3:TrackPointExtension>
            <ns3:hr>116</ns3:hr>
          </ns3:TrackPointExtension>
        </extensions>
      </trkpt>
      <trkpt lat="45.692553408443927764892578125" lon="126.58648640848696231842041015625">
        <ele>163</ele>
        <time>2026-07-11T01:59:47.000Z</time>
        <extensions>
          <ns3:TrackPointExtension>
            <ns3:hr>115</ns3:hr>
          </ns3:TrackPointExtension>
        </extensions>
      </trkpt>
      <trkpt lat="45.69245492108166217803955078125" lon="126.5862595103681087493896484375">
        <ele>163.399993896484375</ele>
        <time>2026-07-11T01:59:52.000Z</time>
        <extensions>
          <ns3:TrackPointExtension>
            <ns3:hr>115</ns3:hr>
          </ns3:TrackPointExtension>
        </extensions>
      </trkpt>
      <trkpt lat="45.69233925081789493560791015625" lon="126.58605725504457950592041015625">
        <ele>163.399993896484375</ele>
        <time>2026-07-11T01:59:58.000Z</time>
        <extensions>
          <ns3:TrackPointExtension>
            <ns3:hr>115</ns3:hr>
          </ns3:TrackPointExtension>
        </extensions>
      </trkpt>
      <trkpt lat="45.6922367401421070098876953125" lon="126.58587201498448848724365234375">
        <ele>163.399993896484375</ele>
        <time>2026-07-11T02:00:04.000Z</time>
        <extensions>
          <ns3:TrackPointExtension>
            <ns3:hr>115</ns3:hr>
          </ns3:TrackPointExtension>
        </extensions>
      </trkpt>
      <trkpt lat="45.6921442039310932159423828125" lon="126.58574293367564678192138671875">
        <ele>163.600006103515625</ele>
        <time>2026-07-11T02:00:09.000Z</time>
        <extensions>
          <ns3:TrackPointExtension>
            <ns3:hr>116</ns3:hr>
          </ns3:TrackPointExtension>
        </extensions>
      </trkpt>
      <trkpt lat="45.692077986896038055419921875" lon="126.5856523253023624420166015625">
        <ele>163.8000030517578125</ele>
        <time>2026-07-11T02:00:13.000Z</time>
        <extensions>
          <ns3:TrackPointExtension>
            <ns3:hr>116</ns3:hr>
          </ns3:TrackPointExtension>
        </extensions>
      </trkpt>
      <trkpt lat="45.69204772822558879852294921875" lon="126.58560647629201412200927734375">
        <ele>163.600006103515625</ele>
        <time>2026-07-11T02:00:15.000Z</time>
        <extensions>
          <ns3:TrackPointExtension>
            <ns3:hr>116</ns3:hr>
          </ns3:TrackPointExtension>
        </extensions>
      </trkpt>
      <trkpt lat="45.6920365802943706512451171875" lon="126.585568003356456756591796875">
        <ele>163.600006103515625</ele>
        <time>2026-07-11T02:00:17.000Z</time>
        <extensions>
          <ns3:TrackPointExtension>
            <ns3:hr>115</ns3:hr>
          </ns3:TrackPointExtension>
        </extensions>
      </trkpt>
      <trkpt lat="45.69201353006064891815185546875" lon="126.5855202265083789825439453125">
        <ele>163.600006103515625</ele>
        <time>2026-07-11T02:00:19.000Z</time>
        <extensions>
          <ns3:TrackPointExtension>
            <ns3:hr>115</ns3:hr>
          </ns3:TrackPointExtension>
        </extensions>
      </trkpt>
      <trkpt lat="45.69193038158118724822998046875" lon="126.58539064228534698486328125">
        <ele>163.600006103515625</ele>
        <time>2026-07-11T02:00:24.000Z</time>
        <extensions>
          <ns3:TrackPointExtension>
            <ns3:hr>120</ns3:hr>
          </ns3:TrackPointExtension>
        </extensions>
      </trkpt>
      <trkpt lat="45.6919145397841930389404296875" lon="126.585361473262310028076171875">
        <ele>163.8000030517578125</ele>
        <time>2026-07-11T02:00:25.000Z</time>
        <extensions>
          <ns3:TrackPointExtension>
            <ns3:hr>121</ns3:hr>
          </ns3:TrackPointExtension>
        </extensions>
      </trkpt>
      <trkpt lat="45.69179291836917400360107421875" lon="126.58514681272208690643310546875">
        <ele>163.399993896484375</ele>
        <time>2026-07-11T02:00:32.000Z</time>
        <extensions>
          <ns3:TrackPointExtension>
            <ns3:hr>117</ns3:hr>
          </ns3:TrackPointExtension>
        </extensions>
      </trkpt>
      <trkpt lat="45.6917733885347843170166015625" lon="126.58511328510940074920654296875">
        <ele>163.1999969482421875</ele>
        <time>2026-07-11T02:00:33.000Z</time>
        <extensions>
          <ns3:TrackPointExtension>
            <ns3:hr>116</ns3:hr>
          </ns3:TrackPointExtension>
        </extensions>
      </trkpt>
      <trkpt lat="45.69164690561592578887939453125" lon="126.58488504588603973388671875">
        <ele>163.600006103515625</ele>
        <time>2026-07-11T02:00:40.000Z</time>
        <extensions>
          <ns3:TrackPointExtension>
            <ns3:hr>115</ns3:hr>
          </ns3:TrackPointExtension>
        </extensions>
      </trkpt>
      <trkpt lat="45.69151111878454685211181640625" lon="126.584650017321109771728515625">
        <ele>163.399993896484375</ele>
        <time>2026-07-11T02:00:47.000Z</time>
        <extensions>
          <ns3:TrackPointExtension>
            <ns3:hr>114</ns3:hr>
          </ns3:TrackPointExtension>
        </extensions>
      </trkpt>
      <trkpt lat="45.691412128508090972900390625" lon="126.58447341062128543853759765625">
        <ele>163.600006103515625</ele>
        <time>2026-07-11T02:00:52.000Z</time>
        <extensions>
          <ns3:TrackPointExtension>
            <ns3:hr>114</ns3:hr>
          </ns3:TrackPointExtension>
        </extensions>
      </trkpt>
      <trkpt lat="45.69136141799390316009521484375" lon="126.5843953751027584075927734375">
        <ele>163.600006103515625</ele>
        <time>2026-07-11T02:00:54.000Z</time>
        <extensions>
          <ns3:TrackPointExtension>
            <ns3:hr>114</ns3:hr>
          </ns3:TrackPointExtension>
        </extensions>
      </trkpt>
      <trkpt lat="45.69130257703363895416259765625" lon="126.58431180752813816070556640625">
        <ele>163.600006103515625</ele>
        <time>2026-07-11T02:00:56.000Z</time>
        <extensions>
          <ns3:TrackPointExtension>
            <ns3:hr>113</ns3:hr>
          </ns3:TrackPointExtension>
        </extensions>
      </trkpt>
      <trkpt lat="45.6912771798670291900634765625" lon="126.5842703171074390411376953125">
        <ele>163.8000030517578125</ele>
        <time>2026-07-11T02:00:57.000Z</time>
        <extensions>
          <ns3:TrackPointExtension>
            <ns3:hr>113</ns3:hr>
          </ns3:TrackPointExtension>
        </extensions>
      </trkpt>
      <trkpt lat="45.69111180491745471954345703125" lon="126.58399245701730251312255859375">
        <ele>163.600006103515625</ele>
        <time>2026-07-11T02:01:04.000Z</time>
        <extensions>
          <ns3:TrackPointExtension>
            <ns3:hr>113</ns3:hr>
          </ns3:TrackPointExtension>
        </extensions>
      </trkpt>
      <trkpt lat="45.691074840724468231201171875" lon="126.583931185305118560791015625">
        <ele>163.600006103515625</ele>
        <time>2026-07-11T02:01:06.000Z</time>
        <extensions>
          <ns3:TrackPointExtension>
            <ns3:hr>116</ns3:hr>
          </ns3:TrackPointExtension>
        </extensions>
      </trkpt>
      <trkpt lat="45.6910565681755542755126953125" lon="126.58390360884368419647216796875">
        <ele>163.600006103515625</ele>
        <time>2026-07-11T02:01:07.000Z</time>
        <extensions>
          <ns3:TrackPointExtension>
            <ns3:hr>119</ns3:hr>
          </ns3:TrackPointExtension>
        </extensions>
      </trkpt>
      <trkpt lat="45.69102999754250049591064453125" lon="126.58384996466338634490966796875">
        <ele>163.399993896484375</ele>
        <time>2026-07-11T02:01:10.000Z</time>
        <extensions>
          <ns3:TrackPointExtension>
            <ns3:hr>120</ns3:hr>
          </ns3:TrackPointExtension>
        </extensions>
      </trkpt>
      <trkpt lat="45.6910295784473419189453125" lon="126.583853401243686676025390625">
        <ele>163.399993896484375</ele>
        <time>2026-07-11T02:01:15.000Z</time>
        <extensions>
          <ns3:TrackPointExtension>
            <ns3:hr>120</ns3:hr>
          </ns3:TrackPointExtension>
        </extensions>
      </trkpt>
      <trkpt lat="45.6910295784473419189453125" lon="126.583853401243686676025390625">
        <ele>163.399993896484375</ele>
        <time>2026-07-11T02:01:20.000Z</time>
        <extensions>
          <ns3:TrackPointExtension>
            <ns3:hr>123</ns3:hr>
          </ns3:TrackPointExtension>
        </extensions>
      </trkpt>
      <trkpt lat="45.6910295784473419189453125" lon="126.583853401243686676025390625">
        <ele>163.399993896484375</ele>
        <time>2026-07-11T02:01:24.000Z</time>
        <extensions>
          <ns3:TrackPointExtension>
            <ns3:hr>126</ns3:hr>
          </ns3:TrackPointExtension>
        </extensions>
      </trkpt>
      <trkpt lat="45.6910295784473419189453125" lon="126.583853401243686676025390625">
        <ele>163.399993896484375</ele>
        <time>2026-07-11T02:01:31.000Z</time>
        <extensions>
          <ns3:TrackPointExtension>
            <ns3:hr>124</ns3:hr>
          </ns3:TrackPointExtension>
        </extensions>
      </trkpt>
      <trkpt lat="45.69098339416086673736572265625" lon="126.58381811343133449554443359375">
        <ele>163.399993896484375</ele>
        <time>2026-07-11T02:01:39.000Z</time>
        <extensions>
          <ns3:TrackPointExtension>
            <ns3:hr>123</ns3:hr>
          </ns3:TrackPointExtension>
        </extensions>
      </trkpt>
      <trkpt lat="45.69092589430510997772216796875" lon="126.58373437821865081787109375">
        <ele>163.399993896484375</ele>
        <time>2026-07-11T02:01:45.000Z</time>
        <extensions>
          <ns3:TrackPointExtension>
            <ns3:hr>122</ns3:hr>
          </ns3:TrackPointExtension>
        </extensions>
      </trkpt>
      <trkpt lat="45.69080452434718608856201171875" lon="126.58349306322634220123291015625">
        <ele>163.8000030517578125</ele>
        <time>2026-07-11T02:01:53.000Z</time>
        <extensions>
          <ns3:TrackPointExtension>
            <ns3:hr>123</ns3:hr>
          </ns3:TrackPointExtension>
        </extensions>
      </trkpt>
      <trkpt lat="45.69074752740561962127685546875" lon="126.5834227390587329864501953125">
        <ele>163.600006103515625</ele>
        <time>2026-07-11T02:01:56.000Z</time>
        <extensions>
          <ns3:TrackPointExtension>
            <ns3:hr>120</ns3:hr>
          </ns3:TrackPointExtension>
        </extensions>
      </trkpt>
      <trkpt lat="45.69073093123733997344970703125" lon="126.583402790129184722900390625">
        <ele>163.600006103515625</ele>
        <time>2026-07-11T02:01:57.000Z</time>
        <extensions>
          <ns3:TrackPointExtension>
            <ns3:hr>117</ns3:hr>
          </ns3:TrackPointExtension>
        </extensions>
      </trkpt>
      <trkpt lat="45.6907172687351703643798828125" lon="126.583377979695796966552734375">
        <ele>163.600006103515625</ele>
        <time>2026-07-11T02:01:58.000Z</time>
        <extensions>
          <ns3:TrackPointExtension>
            <ns3:hr>114</ns3:hr>
          </ns3:TrackPointExtension>
        </extensions>
      </trkpt>
      <trkpt lat="45.6906951405107975006103515625" lon="126.5833456255495548248291015625">
        <ele>163.600006103515625</ele>
        <time>2026-07-11T02:02:00.000Z</time>
        <extensions>
          <ns3:TrackPointExtension>
            <ns3:hr>111</ns3:hr>
          </ns3:TrackPointExtension>
        </extensions>
      </trkpt>
      <trkpt lat="45.69068952463567256927490234375" lon="126.5833312086760997772216796875">
        <ele>163.600006103515625</ele>
        <time>2026-07-11T02:02:03.000Z</time>
        <extensions>
          <ns3:TrackPointExtension>
            <ns3:hr>109</ns3:hr>
          </ns3:TrackPointExtension>
        </extensions>
      </trkpt>
      <trkpt lat="45.69067410193383693695068359375" lon="126.5833053924143314361572265625">
        <ele>163.600006103515625</ele>
        <time>2026-07-11T02:02:06.000Z</time>
        <extensions>
          <ns3:TrackPointExtension>
            <ns3:hr>106</ns3:hr>
          </ns3:TrackPointExtension>
        </extensions>
      </trkpt>
      <trkpt lat="45.690648369491100311279296875" lon="126.58326339907944202423095703125">
        <ele>163.600006103515625</ele>
        <time>2026-07-11T02:02:08.000Z</time>
        <extensions>
          <ns3:TrackPointExtension>
            <ns3:hr>105</ns3:hr>
          </ns3:TrackPointExtension>
        </extensions>
      </trkpt>
      <trkpt lat="45.69051300175487995147705078125" lon="126.583091653883457183837890625">
        <ele>163.600006103515625</ele>
        <time>2026-07-11T02:02:14.000Z</time>
        <extensions>
          <ns3:TrackPointExtension>
            <ns3:hr>103</ns3:hr>
          </ns3:TrackPointExtension>
        </extensions>
      </trkpt>
      <trkpt lat="45.69034033454954624176025390625" lon="126.58278026618063449859619140625">
        <ele>163.399993896484375</ele>
        <time>2026-07-11T02:02:23.000Z</time>
        <extensions>
          <ns3:TrackPointExtension>
            <ns3:hr>104</ns3:hr>
          </ns3:TrackPointExtension>
        </extensions>
      </trkpt>
      <trkpt lat="45.6901724450290203094482421875" lon="126.582538448274135589599609375">
        <ele>163.1999969482421875</ele>
        <time>2026-07-11T02:02:31.000Z</time>
        <extensions>
          <ns3:TrackPointExtension>
            <ns3:hr>104</ns3:hr>
          </ns3:TrackPointExtension>
        </extensions>
      </trkpt>
      <trkpt lat="45.6901268474757671356201171875" lon="126.58246862702071666717529296875">
        <ele>163</ele>
        <time>2026-07-11T02:02:33.000Z</time>
        <extensions>
          <ns3:TrackPointExtension>
            <ns3:hr>108</ns3:hr>
          </ns3:TrackPointExtension>
        </extensions>
      </trkpt>
      <trkpt lat="45.69004193879663944244384765625" lon="126.5823169983923435211181640625">
        <ele>163</ele>
        <time>2026-07-11T02:02:37.000Z</time>
        <extensions>
          <ns3:TrackPointExtension>
            <ns3:hr>111</ns3:hr>
          </ns3:TrackPointExtension>
        </extensions>
      </trkpt>
      <trkpt lat="45.69000254385173320770263671875" lon="126.5822445787489414215087890625">
        <ele>163</ele>
        <time>2026-07-11T02:02:39.000Z</time>
        <extensions>
          <ns3:TrackPointExtension>
            <ns3:hr>111</ns3:hr>
          </ns3:TrackPointExtension>
        </extensions>
      </trkpt>
      <trkpt lat="45.68982996046543121337890625" lon="126.58195012249052524566650390625">
        <ele>162.8000030517578125</ele>
        <time>2026-07-11T02:02:48.000Z</time>
        <extensions>
          <ns3:TrackPointExtension>
            <ns3:hr>108</ns3:hr>
          </ns3:TrackPointExtension>
        </extensions>
      </trkpt>
      <trkpt lat="45.68977070041000843048095703125" lon="126.5818533115088939666748046875">
        <ele>162.600006103515625</ele>
        <time>2026-07-11T02:02:51.000Z</time>
        <extensions>
          <ns3:TrackPointExtension>
            <ns3:hr>107</ns3:hr>
          </ns3:TrackPointExtension>
        </extensions>
      </trkpt>
      <trkpt lat="45.68967481143772602081298828125" lon="126.581721045076847076416015625">
        <ele>162.399993896484375</ele>
        <time>2026-07-11T02:02:56.000Z</time>
        <extensions>
          <ns3:TrackPointExtension>
            <ns3:hr>104</ns3:hr>
          </ns3:TrackPointExtension>
        </extensions>
      </trkpt>
      <trkpt lat="45.6896386854350566864013671875" lon="126.58166178502142429351806640625">
        <ele>162.399993896484375</ele>
        <time>2026-07-11T02:02:58.000Z</time>
        <extensions>
          <ns3:TrackPointExtension>
            <ns3:hr>101</ns3:hr>
          </ns3:TrackPointExtension>
        </extensions>
      </trkpt>
      <trkpt lat="45.68960390053689479827880859375" lon="126.5815173648297786712646484375">
        <ele>162.1999969482421875</ele>
        <time>2026-07-11T02:03:03.000Z</time>
        <extensions>
          <ns3:TrackPointExtension>
            <ns3:hr>100</ns3:hr>
          </ns3:TrackPointExtension>
        </extensions>
      </trkpt>
      <trkpt lat="45.68960742093622684478759765625" lon="126.5815002657473087310791015625">
        <ele>162.1999969482421875</ele>
        <time>2026-07-11T02:03:07.000Z</time>
        <extensions>
          <ns3:TrackPointExtension>
            <ns3:hr>99</ns3:hr>
          </ns3:TrackPointExtension>
        </extensions>
      </trkpt>
      <trkpt lat="45.68961513228714466094970703125" lon="126.5815109945833683013916015625">
        <ele>162.1999969482421875</ele>
        <time>2026-07-11T02:03:13.000Z</time>
        <extensions>
          <ns3:TrackPointExtension>
            <ns3:hr>100</ns3:hr>
          </ns3:TrackPointExtension>
        </extensions>
      </trkpt>
      <trkpt lat="45.68969693966209888458251953125" lon="126.5815012715756893157958984375">
        <ele>162.1999969482421875</ele>
        <time>2026-07-11T02:03:18.000Z</time>
        <extensions>
          <ns3:TrackPointExtension>
            <ns3:hr>99</ns3:hr>
          </ns3:TrackPointExtension>
        </extensions>
      </trkpt>
      <trkpt lat="45.68971169181168079376220703125" lon="126.58148610033094882965087890625">
        <ele>162.1999969482421875</ele>
        <time>2026-07-11T02:03:19.000Z</time>
        <extensions>
          <ns3:TrackPointExtension>
            <ns3:hr>99</ns3:hr>
          </ns3:TrackPointExtension>
        </extensions>
      </trkpt>
      <trkpt lat="45.689730383455753326416015625" lon="126.5814328752458095550537109375">
        <ele>162.399993896484375</ele>
        <time>2026-07-11T02:03:22.000Z</time>
        <extensions>
          <ns3:TrackPointExtension>
            <ns3:hr>100</ns3:hr>
          </ns3:TrackPointExtension>
        </extensions>
      </trkpt>
      <trkpt lat="45.6897245161235332489013671875" lon="126.581419296562671661376953125">
        <ele>162.1999969482421875</ele>
        <time>2026-07-11T02:03:23.000Z</time>
        <extensions>
          <ns3:TrackPointExtension>
            <ns3:hr>101</ns3:hr>
          </ns3:TrackPointExtension>
        </extensions>
      </trkpt>
      <trkpt lat="45.68971169181168079376220703125" lon="126.5814040414988994598388671875">
        <ele>162.1999969482421875</ele>
        <time>2026-07-11T02:03:24.000Z</time>
        <extensions>
          <ns3:TrackPointExtension>
            <ns3:hr>102</ns3:hr>
          </ns3:TrackPointExtension>
        </extensions>
      </trkpt>
      <trkpt lat="45.6896482408046722412109375" lon="126.58130320720374584197998046875">
        <ele>162.399993896484375</ele>
        <time>2026-07-11T02:03:28.000Z</time>
        <extensions>
          <ns3:TrackPointExtension>
            <ns3:hr>102</ns3:hr>
          </ns3:TrackPointExtension>
        </extensions>
      </trkpt>
      <trkpt lat="45.68955712951719760894775390625" lon="126.581156440079212188720703125">
        <ele>162.1999969482421875</ele>
        <time>2026-07-11T02:03:34.000Z</time>
        <extensions>
          <ns3:TrackPointExtension>
            <ns3:hr>105</ns3:hr>
          </ns3:TrackPointExtension>
        </extensions>
      </trkpt>
      <trkpt lat="45.68954539485275745391845703125" lon="126.58113556914031505584716796875">
        <ele>162.1999969482421875</ele>
        <time>2026-07-11T02:03:35.000Z</time>
        <extensions>
          <ns3:TrackPointExtension>
            <ns3:hr>105</ns3:hr>
          </ns3:TrackPointExtension>
        </extensions>
      </trkpt>
      <trkpt lat="45.68947515450417995452880859375" lon="126.58102668821811676025390625">
        <ele>162.1999969482421875</ele>
        <time>2026-07-11T02:03:41.000Z</time>
        <extensions>
          <ns3:TrackPointExtension>
            <ns3:hr>106</ns3:hr>
          </ns3:TrackPointExtension>
        </extensions>
      </trkpt>
      <trkpt lat="45.6894512660801410675048828125" lon="126.58101260662078857421875">
        <ele>162.1999969482421875</ele>
        <time>2026-07-11T02:03:43.000Z</time>
        <extensions>
          <ns3:TrackPointExtension>
            <ns3:hr>106</ns3:hr>
          </ns3:TrackPointExtension>
        </extensions>
      </trkpt>
      <trkpt lat="45.68940818309783935546875" lon="126.58102861605584621429443359375">
        <ele>162.1999969482421875</ele>
        <time>2026-07-11T02:03:45.000Z</time>
        <extensions>
          <ns3:TrackPointExtension>
            <ns3:hr>106</ns3:hr>
          </ns3:TrackPointExtension>
        </extensions>
      </trkpt>
      <trkpt lat="45.68936116062104701995849609375" lon="126.5810167975723743438720703125">
        <ele>162</ele>
        <time>2026-07-11T02:03:47.000Z</time>
        <extensions>
          <ns3:TrackPointExtension>
            <ns3:hr>107</ns3:hr>
          </ns3:TrackPointExtension>
        </extensions>
      </trkpt>
      <trkpt lat="45.6893292255699634552001953125" lon="126.58095954917371273040771484375">
        <ele>161.8000030517578125</ele>
        <time>2026-07-11T02:03:49.000Z</time>
        <extensions>
          <ns3:TrackPointExtension>
            <ns3:hr>107</ns3:hr>
          </ns3:TrackPointExtension>
        </extensions>
      </trkpt>
      <trkpt lat="45.68926141597330570220947265625" lon="126.5807894803583621978759765625">
        <ele>161.8000030517578125</ele>
        <time>2026-07-11T02:03:54.000Z</time>
        <extensions>
          <ns3:TrackPointExtension>
            <ns3:hr>109</ns3:hr>
          </ns3:TrackPointExtension>
        </extensions>
      </trkpt>
      <trkpt lat="45.6891713105142116546630859375" lon="126.58061287365853786468505859375">
        <ele>161.8000030517578125</ele>
        <time>2026-07-11T02:04:00.000Z</time>
        <extensions>
          <ns3:TrackPointExtension>
            <ns3:hr>109</ns3:hr>
          </ns3:TrackPointExtension>
        </extensions>
      </trkpt>
      <trkpt lat="45.68914842791855335235595703125" lon="126.58055537380278110504150390625">
        <ele>161.600006103515625</ele>
        <time>2026-07-11T02:04:04.000Z</time>
        <extensions>
          <ns3:TrackPointExtension>
            <ns3:hr>109</ns3:hr>
          </ns3:TrackPointExtension>
        </extensions>
      </trkpt>
      <trkpt lat="45.68913199938833713531494140625" lon="126.58052318729460239410400390625">
        <ele>161.600006103515625</ele>
        <time>2026-07-11T02:04:06.000Z</time>
        <extensions>
          <ns3:TrackPointExtension>
            <ns3:hr>107</ns3:hr>
          </ns3:TrackPointExtension>
        </extensions>
      </trkpt>
      <trkpt lat="45.689024627208709716796875" lon="126.58035068772733211517333984375">
        <ele>161</ele>
        <time>2026-07-11T02:04:12.000Z</time>
        <extensions>
          <ns3:TrackPointExtension>
            <ns3:hr>106</ns3:hr>
          </ns3:TrackPointExtension>
        </extensions>
      </trkpt>
      <trkpt lat="45.6889574043452739715576171875" lon="126.58022026531398296356201171875">
        <ele>160.399993896484375</ele>
        <time>2026-07-11T02:04:16.000Z</time>
        <extensions>
          <ns3:TrackPointExtension>
            <ns3:hr>105</ns3:hr>
          </ns3:TrackPointExtension>
        </extensions>
      </trkpt>
      <trkpt lat="45.6888757646083831787109375" lon="126.58011632971465587615966796875">
        <ele>159.600006103515625</ele>
        <time>2026-07-11T02:04:21.000Z</time>
        <extensions>
          <ns3:TrackPointExtension>
            <ns3:hr>104</ns3:hr>
          </ns3:TrackPointExtension>
        </extensions>
      </trkpt>
      <trkpt lat="45.6888598389923572540283203125" lon="126.5800840593874454498291015625">
        <ele>159.399993896484375</ele>
        <time>2026-07-11T02:04:22.000Z</time>
        <extensions>
          <ns3:TrackPointExtension>
            <ns3:hr>104</ns3:hr>
          </ns3:TrackPointExtension>
        </extensions>
      </trkpt>
      <trkpt lat="45.68879521451890468597412109375" lon="126.579869650304317474365234375">
        <ele>159.399993896484375</ele>
        <time>2026-07-11T02:04:27.000Z</time>
        <extensions>
          <ns3:TrackPointExtension>
            <ns3:hr>104</ns3:hr>
          </ns3:TrackPointExtension>
        </extensions>
      </trkpt>
      <trkpt lat="45.68869002163410186767578125" lon="126.57972975634038448333740234375">
        <ele>159.399993896484375</ele>
        <time>2026-07-11T02:04:32.000Z</time>
        <extensions>
          <ns3:TrackPointExtension>
            <ns3:hr>104</ns3:hr>
          </ns3:TrackPointExtension>
        </extensions>
      </trkpt>
      <trkpt lat="45.68857627920806407928466796875" lon="126.5796487033367156982421875">
        <ele>159.399993896484375</ele>
        <time>2026-07-11T02:04:37.000Z</time>
        <extensions>
          <ns3:TrackPointExtension>
            <ns3:hr>104</ns3:hr>
          </ns3:TrackPointExtension>
        </extensions>
      </trkpt>
      <trkpt lat="45.688530094921588897705078125" lon="126.57959933392703533172607421875">
        <ele>159.8000030517578125</ele>
        <time>2026-07-11T02:04:42.000Z</time>
        <extensions>
          <ns3:TrackPointExtension>
            <ns3:hr>103</ns3:hr>
          </ns3:TrackPointExtension>
        </extensions>
      </trkpt>
      <trkpt lat="45.688530094921588897705078125" lon="126.57959933392703533172607421875">
        <ele>159.8000030517578125</ele>
        <time>2026-07-11T02:04:57.000Z</time>
        <extensions>
          <ns3:TrackPointExtension>
            <ns3:hr>102</ns3:hr>
          </ns3:TrackPointExtension>
        </extensions>
      </trkpt>
      <trkpt lat="45.688530094921588897705078125" lon="126.57959933392703533172607421875">
        <ele>159.8000030517578125</ele>
        <time>2026-07-11T02:05:00.000Z</time>
        <extensions>
          <ns3:TrackPointExtension>
            <ns3:hr>105</ns3:hr>
          </ns3:TrackPointExtension>
        </extensions>
      </trkpt>
      <trkpt lat="45.68853420205414295196533203125" lon="126.57954803667962551116943359375">
        <ele>159.600006103515625</ele>
        <time>2026-07-11T02:05:09.000Z</time>
        <extensions>
          <ns3:TrackPointExtension>
            <ns3:hr>106</ns3:hr>
          </ns3:TrackPointExtension>
        </extensions>
      </trkpt>
      <trkpt lat="45.6885218806564807891845703125" lon="126.579474024474620819091796875">
        <ele>159.600006103515625</ele>
        <time>2026-07-11T02:05:15.000Z</time>
        <extensions>
          <ns3:TrackPointExtension>
            <ns3:hr>107</ns3:hr>
          </ns3:TrackPointExtension>
        </extensions>
      </trkpt>
      <trkpt lat="45.68849681876599788665771484375" lon="126.57941493205726146697998046875">
        <ele>159.600006103515625</ele>
        <time>2026-07-11T02:05:21.000Z</time>
        <extensions>
          <ns3:TrackPointExtension>
            <ns3:hr>107</ns3:hr>
          </ns3:TrackPointExtension>
        </extensions>
      </trkpt>
      <trkpt lat="45.68847569637000560760498046875" lon="126.57938727177679538726806640625">
        <ele>160</ele>
        <time>2026-07-11T02:05:25.000Z</time>
        <extensions>
          <ns3:TrackPointExtension>
            <ns3:hr>108</ns3:hr>
          </ns3:TrackPointExtension>
        </extensions>
      </trkpt>
      <trkpt lat="45.688466392457485198974609375" lon="126.5793778002262115478515625">
        <ele>160</ele>
        <time>2026-07-11T02:05:26.000Z</time>
        <extensions>
          <ns3:TrackPointExtension>
            <ns3:hr>108</ns3:hr>
          </ns3:TrackPointExtension>
        </extensions>
      </trkpt>
      <trkpt lat="45.6884273327887058258056640625" lon="126.579329185187816619873046875">
        <ele>160</ele>
        <time>2026-07-11T02:05:30.000Z</time>
        <extensions>
          <ns3:TrackPointExtension>
            <ns3:hr>107</ns3:hr>
          </ns3:TrackPointExtension>
        </extensions>
      </trkpt>
      <trkpt lat="45.68841735832393169403076171875" lon="126.57930630259215831756591796875">
        <ele>160.1999969482421875</ele>
        <time>2026-07-11T02:05:31.000Z</time>
        <extensions>
          <ns3:TrackPointExtension>
            <ns3:hr>106</ns3:hr>
          </ns3:TrackPointExtension>
        </extensions>
      </trkpt>
      <trkpt lat="45.6883683241903781890869140625" lon="126.5792177058756351470947265625">
        <ele>160</ele>
        <time>2026-07-11T02:05:34.000Z</time>
        <extensions>
          <ns3:TrackPointExtension>
            <ns3:hr>103</ns3:hr>
          </ns3:TrackPointExtension>
        </extensions>
      </trkpt>
      <trkpt lat="45.68833035416901111602783203125" lon="126.57915794290602207183837890625">
        <ele>160</ele>
        <time>2026-07-11T02:05:36.000Z</time>
        <extensions>
          <ns3:TrackPointExtension>
            <ns3:hr>103</ns3:hr>
          </ns3:TrackPointExtension>
        </extensions>
      </trkpt>
      <trkpt lat="45.6881708465516567230224609375" lon="126.57897890545427799224853515625">
        <ele>160.399993896484375</ele>
        <time>2026-07-11T02:05:43.000Z</time>
        <extensions>
          <ns3:TrackPointExtension>
            <ns3:hr>104</ns3:hr>
          </ns3:TrackPointExtension>
        </extensions>
      </trkpt>
      <trkpt lat="45.68815232254564762115478515625" lon="126.5789605490863323211669921875">
        <ele>160.600006103515625</ele>
        <time>2026-07-11T02:05:45.000Z</time>
        <extensions>
          <ns3:TrackPointExtension>
            <ns3:hr>105</ns3:hr>
          </ns3:TrackPointExtension>
        </extensions>
      </trkpt>
      <trkpt lat="45.68811292760074138641357421875" lon="126.57889642752707004547119140625">
        <ele>160.8000030517578125</ele>
        <time>2026-07-11T02:05:47.000Z</time>
        <extensions>
          <ns3:TrackPointExtension>
            <ns3:hr>104</ns3:hr>
          </ns3:TrackPointExtension>
        </extensions>
      </trkpt>
      <trkpt lat="45.6879837624728679656982421875" lon="126.57867363654077053070068359375">
        <ele>161.1999969482421875</ele>
        <time>2026-07-11T02:05:53.000Z</time>
        <extensions>
          <ns3:TrackPointExtension>
            <ns3:hr>107</ns3:hr>
          </ns3:TrackPointExtension>
        </extensions>
      </trkpt>
      <trkpt lat="45.68796574138104915618896484375" lon="126.5786356665194034576416015625">
        <ele>161.399993896484375</ele>
        <time>2026-07-11T02:05:54.000Z</time>
        <extensions>
          <ns3:TrackPointExtension>
            <ns3:hr>107</ns3:hr>
          </ns3:TrackPointExtension>
        </extensions>
      </trkpt>
      <trkpt lat="45.687945373356342315673828125" lon="126.57860557548701763153076171875">
        <ele>161.8000030517578125</ele>
        <time>2026-07-11T02:05:55.000Z</time>
        <extensions>
          <ns3:TrackPointExtension>
            <ns3:hr>107</ns3:hr>
          </ns3:TrackPointExtension>
        </extensions>
      </trkpt>
      <trkpt lat="45.687906481325626373291015625" lon="126.5784884802997112274169921875">
        <ele>161.8000030517578125</ele>
        <time>2026-07-11T02:05:59.000Z</time>
        <extensions>
          <ns3:TrackPointExtension>
            <ns3:hr>110</ns3:hr>
          </ns3:TrackPointExtension>
        </extensions>
      </trkpt>
      <trkpt lat="45.68791880272328853607177734375" lon="126.57844950444996356964111328125">
        <ele>161.8000030517578125</ele>
        <time>2026-07-11T02:06:00.000Z</time>
        <extensions>
          <ns3:TrackPointExtension>
            <ns3:hr>110</ns3:hr>
          </ns3:TrackPointExtension>
        </extensions>
      </trkpt>
      <trkpt lat="45.68792584352195262908935546875" lon="126.578354202210903167724609375">
        <ele>161.8000030517578125</ele>
        <time>2026-07-11T02:06:02.000Z</time>
        <extensions>
          <ns3:TrackPointExtension>
            <ns3:hr>111</ns3:hr>
          </ns3:TrackPointExtension>
        </extensions>
      </trkpt>
      <trkpt lat="45.68788343109190464019775390625" lon="126.57825596630573272705078125">
        <ele>161.8000030517578125</ele>
        <time>2026-07-11T02:06:04.000Z</time>
        <extensions>
          <ns3:TrackPointExtension>
            <ns3:hr>111</ns3:hr>
          </ns3:TrackPointExtension>
        </extensions>
      </trkpt>
      <trkpt lat="45.6877661682665348052978515625" lon="126.57805035822093486785888671875">
        <ele>162.1999969482421875</ele>
        <time>2026-07-11T02:06:09.000Z</time>
        <extensions>
          <ns3:TrackPointExtension>
            <ns3:hr>114</ns3:hr>
          </ns3:TrackPointExtension>
        </extensions>
      </trkpt>
      <trkpt lat="45.687720738351345062255859375" lon="126.57797290943562984466552734375">
        <ele>162.399993896484375</ele>
        <time>2026-07-11T02:06:11.000Z</time>
        <extensions>
          <ns3:TrackPointExtension>
            <ns3:hr>117</ns3:hr>
          </ns3:TrackPointExtension>
        </extensions>
      </trkpt>
      <trkpt lat="45.6876955926418304443359375" lon="126.57792865298688411712646484375">
        <ele>162.399993896484375</ele>
        <time>2026-07-11T02:06:12.000Z</time>
        <extensions>
          <ns3:TrackPointExtension>
            <ns3:hr>123</ns3:hr>
          </ns3:TrackPointExtension>
        </extensions>
      </trkpt>
      <trkpt lat="45.68765334784984588623046875" lon="126.5778296627104282379150390625">
        <ele>162.600006103515625</ele>
        <time>2026-07-11T02:06:14.000Z</time>
        <extensions>
          <ns3:TrackPointExtension>
            <ns3:hr>126</ns3:hr>
          </ns3:TrackPointExtension>
        </extensions>
      </trkpt>
      <trkpt lat="45.687603056430816650390625" lon="126.57775280065834522247314453125">
        <ele>162.399993896484375</ele>
        <time>2026-07-11T02:06:16.000Z</time>
        <extensions>
          <ns3:TrackPointExtension>
            <ns3:hr>128</ns3:hr>
          </ns3:TrackPointExtension>
        </extensions>
      </trkpt>
      <trkpt lat="45.68747607059776782989501953125" lon="126.577552221715450286865234375">
        <ele>162.8000030517578125</ele>
        <time>2026-07-11T02:06:21.000Z</time>
        <extensions>
          <ns3:TrackPointExtension>
            <ns3:hr>130</ns3:hr>
          </ns3:TrackPointExtension>
        </extensions>
      </trkpt>
      <trkpt lat="45.68744170479476451873779296875" lon="126.57750897109508514404296875">
        <ele>162.8000030517578125</ele>
        <time>2026-07-11T02:06:23.000Z</time>
        <extensions>
          <ns3:TrackPointExtension>
            <ns3:hr>131</ns3:hr>
          </ns3:TrackPointExtension>
        </extensions>
      </trkpt>
      <trkpt lat="45.687480010092258453369140625" lon="126.5775617770850658416748046875">
        <ele>162.600006103515625</ele>
        <time>2026-07-11T02:06:27.000Z</time>
        <extensions>
          <ns3:TrackPointExtension>
            <ns3:hr>131</ns3:hr>
          </ns3:TrackPointExtension>
        </extensions>
      </trkpt>
      <trkpt lat="45.6875002942979335784912109375" lon="126.57762338407337665557861328125">
        <ele>162.8000030517578125</ele>
        <time>2026-07-11T02:06:29.000Z</time>
        <extensions>
          <ns3:TrackPointExtension>
            <ns3:hr>130</ns3:hr>
          </ns3:TrackPointExtension>
        </extensions>
      </trkpt>
      <trkpt lat="45.68747020326554775238037109375" lon="126.577697061002254486083984375">
        <ele>162.8000030517578125</ele>
        <time>2026-07-11T02:06:31.000Z</time>
        <extensions>
          <ns3:TrackPointExtension>
            <ns3:hr>130</ns3:hr>
          </ns3:TrackPointExtension>
        </extensions>
      </trkpt>
      <trkpt lat="45.68741169758141040802001953125" lon="126.57771692611277103424072265625">
        <ele>162.8000030517578125</ele>
        <time>2026-07-11T02:06:33.000Z</time>
        <extensions>
          <ns3:TrackPointExtension>
            <ns3:hr>129</ns3:hr>
          </ns3:TrackPointExtension>
        </extensions>
      </trkpt>
      <trkpt lat="45.68739325739443302154541015625" lon="126.57768867909908294677734375">
        <ele>162.8000030517578125</ele>
        <time>2026-07-11T02:06:34.000Z</time>
        <extensions>
          <ns3:TrackPointExtension>
            <ns3:hr>129</ns3:hr>
          </ns3:TrackPointExtension>
        </extensions>
      </trkpt>
      <trkpt lat="45.68730910308659076690673828125" lon="126.5775530599057674407958984375">
        <ele>163</ele>
        <time>2026-07-11T02:06:39.000Z</time>
        <extensions>
          <ns3:TrackPointExtension>
            <ns3:hr>129</ns3:hr>
          </ns3:TrackPointExtension>
        </extensions>
      </trkpt>
      <trkpt lat="45.68724623881280422210693359375" lon="126.57742909155786037445068359375">
        <ele>163.1999969482421875</ele>
        <time>2026-07-11T02:06:45.000Z</time>
        <extensions>
          <ns3:TrackPointExtension>
            <ns3:hr>130</ns3:hr>
          </ns3:TrackPointExtension>
        </extensions>
      </trkpt>
      <trkpt lat="45.6872530281543731689453125" lon="126.57744702883064746856689453125">
        <ele>163.1999969482421875</ele>
        <time>2026-07-11T02:06:50.000Z</time>
        <extensions>
          <ns3:TrackPointExtension>
            <ns3:hr>132</ns3:hr>
          </ns3:TrackPointExtension>
        </extensions>
      </trkpt>
      <trkpt lat="45.68724640645086765289306640625" lon="126.577438227832317352294921875">
        <ele>163.1999969482421875</ele>
        <time>2026-07-11T02:06:53.000Z</time>
        <extensions>
          <ns3:TrackPointExtension>
            <ns3:hr>131</ns3:hr>
          </ns3:TrackPointExtension>
        </extensions>
      </trkpt>
      <trkpt lat="45.68722042255103588104248046875" lon="126.5773746930062770843505859375">
        <ele>163.1999969482421875</ele>
        <time>2026-07-11T02:06:56.000Z</time>
        <extensions>
          <ns3:TrackPointExtension>
            <ns3:hr>132</ns3:hr>
          </ns3:TrackPointExtension>
        </extensions>
      </trkpt>
      <trkpt lat="45.68712587468326091766357421875" lon="126.5772539936006069183349609375">
        <ele>163.399993896484375</ele>
        <time>2026-07-11T02:07:01.000Z</time>
        <extensions>
          <ns3:TrackPointExtension>
            <ns3:hr>131</ns3:hr>
          </ns3:TrackPointExtension>
        </extensions>
      </trkpt>
      <trkpt lat="45.6870949454605579376220703125" lon="126.57724720425903797149658203125">
        <ele>163.8000030517578125</ele>
        <time>2026-07-11T02:07:03.000Z</time>
        <extensions>
          <ns3:TrackPointExtension>
            <ns3:hr>132</ns3:hr>
          </ns3:TrackPointExtension>
        </extensions>
      </trkpt>
      <trkpt lat="45.68708647973835468292236328125" lon="126.57724737189710140228271484375">
        <ele>163.8000030517578125</ele>
        <time>2026-07-11T02:07:04.000Z</time>
        <extensions>
          <ns3:TrackPointExtension>
            <ns3:hr>132</ns3:hr>
          </ns3:TrackPointExtension>
        </extensions>
      </trkpt>
      <trkpt lat="45.68707021884620189666748046875" lon="126.577239744365215301513671875">
        <ele>163.8000030517578125</ele>
        <time>2026-07-11T02:07:05.000Z</time>
        <extensions>
          <ns3:TrackPointExtension>
            <ns3:hr>132</ns3:hr>
          </ns3:TrackPointExtension>
        </extensions>
      </trkpt>
      <trkpt lat="45.68705655634403228759765625" lon="126.57720579765737056732177734375">
        <ele>163.8000030517578125</ele>
        <time>2026-07-11T02:07:07.000Z</time>
        <extensions>
          <ns3:TrackPointExtension>
            <ns3:hr>132</ns3:hr>
          </ns3:TrackPointExtension>
        </extensions>
      </trkpt>
      <trkpt lat="45.68705747835338115692138671875" lon="126.577188111841678619384765625">
        <ele>163.8000030517578125</ele>
        <time>2026-07-11T02:07:08.000Z</time>
        <extensions>
          <ns3:TrackPointExtension>
            <ns3:hr>132</ns3:hr>
          </ns3:TrackPointExtension>
        </extensions>
      </trkpt>
      <trkpt lat="45.68703920580446720123291015625" lon="126.577113680541515350341796875">
        <ele>163.600006103515625</ele>
        <time>2026-07-11T02:07:15.000Z</time>
        <extensions>
          <ns3:TrackPointExtension>
            <ns3:hr>131</ns3:hr>
          </ns3:TrackPointExtension>
        </extensions>
      </trkpt>
      <trkpt lat="45.687017999589443206787109375" lon="126.57703547738492488861083984375">
        <ele>163.600006103515625</ele>
        <time>2026-07-11T02:07:21.000Z</time>
        <extensions>
          <ns3:TrackPointExtension>
            <ns3:hr>131</ns3:hr>
          </ns3:TrackPointExtension>
        </extensions>
      </trkpt>
      <trkpt lat="45.68698807619512081146240234375" lon="126.57696842215955257415771484375">
        <ele>163.600006103515625</ele>
        <time>2026-07-11T02:07:24.000Z</time>
        <extensions>
          <ns3:TrackPointExtension>
            <ns3:hr>131</ns3:hr>
          </ns3:TrackPointExtension>
        </extensions>
      </trkpt>
      <trkpt lat="45.68696008063852787017822265625" lon="126.576943695545196533203125">
        <ele>163.8000030517578125</ele>
        <time>2026-07-11T02:07:26.000Z</time>
        <extensions>
          <ns3:TrackPointExtension>
            <ns3:hr>131</ns3:hr>
          </ns3:TrackPointExtension>
        </extensions>
      </trkpt>
      <trkpt lat="45.68690341897308826446533203125" lon="126.576847471296787261962890625">
        <ele>164.1999969482421875</ele>
        <time>2026-07-11T02:07:30.000Z</time>
        <extensions>
          <ns3:TrackPointExtension>
            <ns3:hr>134</ns3:hr>
          </ns3:TrackPointExtension>
        </extensions>
      </trkpt>
      <trkpt lat="45.686883889138698577880859375" lon="126.57681788317859172821044921875">
        <ele>164.1999969482421875</ele>
        <time>2026-07-11T02:07:31.000Z</time>
        <extensions>
          <ns3:TrackPointExtension>
            <ns3:hr>135</ns3:hr>
          </ns3:TrackPointExtension>
        </extensions>
      </trkpt>
      <trkpt lat="45.68676763214170932769775390625" lon="126.57661604695022106170654296875">
        <ele>164</ele>
        <time>2026-07-11T02:07:37.000Z</time>
        <extensions>
          <ns3:TrackPointExtension>
            <ns3:hr>138</ns3:hr>
          </ns3:TrackPointExtension>
        </extensions>
      </trkpt>
      <trkpt lat="45.68663553334772586822509765625" lon="126.576392836868762969970703125">
        <ele>164.600006103515625</ele>
        <time>2026-07-11T02:07:43.000Z</time>
        <extensions>
          <ns3:TrackPointExtension>
            <ns3:hr>138</ns3:hr>
          </ns3:TrackPointExtension>
        </extensions>
      </trkpt>
      <trkpt lat="45.68654266186058521270751953125" lon="126.57622930593788623809814453125">
        <ele>164.8000030517578125</ele>
        <time>2026-07-11T02:07:48.000Z</time>
        <extensions>
          <ns3:TrackPointExtension>
            <ns3:hr>137</ns3:hr>
          </ns3:TrackPointExtension>
        </extensions>
      </trkpt>
      <trkpt lat="45.6865202821791172027587890625" lon="126.576174236834049224853515625">
        <ele>165</ele>
        <time>2026-07-11T02:07:50.000Z</time>
        <extensions>
          <ns3:TrackPointExtension>
            <ns3:hr>137</ns3:hr>
          </ns3:TrackPointExtension>
        </extensions>
      </trkpt>
      <trkpt lat="45.68650142289698123931884765625" lon="126.57614096067845821380615234375">
        <ele>164.8000030517578125</ele>
        <time>2026-07-11T02:07:54.000Z</time>
        <extensions>
          <ns3:TrackPointExtension>
            <ns3:hr>140</ns3:hr>
          </ns3:TrackPointExtension>
        </extensions>
      </trkpt>
      <trkpt lat="45.68648365326225757598876953125" lon="126.57610894180834293365478515625">
        <ele>164.8000030517578125</ele>
        <time>2026-07-11T02:07:56.000Z</time>
        <extensions>
          <ns3:TrackPointExtension>
            <ns3:hr>141</ns3:hr>
          </ns3:TrackPointExtension>
        </extensions>
      </trkpt>
      <trkpt lat="45.6864629499614238739013671875" lon="126.57606921158730983734130859375">
        <ele>164.8000030517578125</ele>
        <time>2026-07-11T02:07:58.000Z</time>
        <extensions>
          <ns3:TrackPointExtension>
            <ns3:hr>141</ns3:hr>
          </ns3:TrackPointExtension>
        </extensions>
      </trkpt>
      <trkpt lat="45.6863878481090068817138671875" lon="126.5759343467652797698974609375">
        <ele>165.399993896484375</ele>
        <time>2026-07-11T02:08:03.000Z</time>
        <extensions>
          <ns3:TrackPointExtension>
            <ns3:hr>140</ns3:hr>
          </ns3:TrackPointExtension>
        </extensions>
      </trkpt>
      <trkpt lat="45.68629573099315166473388671875" lon="126.5757318399846553802490234375">
        <ele>165.399993896484375</ele>
        <time>2026-07-11T02:08:09.000Z</time>
        <extensions>
          <ns3:TrackPointExtension>
            <ns3:hr>140</ns3:hr>
          </ns3:TrackPointExtension>
        </extensions>
      </trkpt>
      <trkpt lat="45.68615608848631381988525390625" lon="126.57552120275795459747314453125">
        <ele>165.600006103515625</ele>
        <time>2026-07-11T02:08:14.000Z</time>
        <extensions>
          <ns3:TrackPointExtension>
            <ns3:hr>139</ns3:hr>
          </ns3:TrackPointExtension>
        </extensions>
      </trkpt>
      <trkpt lat="45.686071179807186126708984375" lon="126.57538021914660930633544921875">
        <ele>165.600006103515625</ele>
        <time>2026-07-11T02:08:17.000Z</time>
        <extensions>
          <ns3:TrackPointExtension>
            <ns3:hr>138</ns3:hr>
          </ns3:TrackPointExtension>
        </extensions>
      </trkpt>
      <trkpt lat="45.68595324642956256866455078125" lon="126.57517821528017520904541015625">
        <ele>165.600006103515625</ele>
        <time>2026-07-11T02:08:21.000Z</time>
        <extensions>
          <ns3:TrackPointExtension>
            <ns3:hr>137</ns3:hr>
          </ns3:TrackPointExtension>
        </extensions>
      </trkpt>
      <trkpt lat="45.6858048029243946075439453125" lon="126.5749137662351131439208984375">
        <ele>165.8000030517578125</ele>
        <time>2026-07-11T02:08:26.000Z</time>
        <extensions>
          <ns3:TrackPointExtension>
            <ns3:hr>140</ns3:hr>
          </ns3:TrackPointExtension>
        </extensions>
      </trkpt>
      <trkpt lat="45.685775466263294219970703125" lon="126.574856936931610107421875">
        <ele>166.1999969482421875</ele>
        <time>2026-07-11T02:08:27.000Z</time>
        <extensions>
          <ns3:TrackPointExtension>
            <ns3:hr>143</ns3:hr>
          </ns3:TrackPointExtension>
        </extensions>
      </trkpt>
      <trkpt lat="45.6857456266880035400390625" lon="126.57479993999004364013671875">
        <ele>166.1999969482421875</ele>
        <time>2026-07-11T02:08:28.000Z</time>
        <extensions>
          <ns3:TrackPointExtension>
            <ns3:hr>146</ns3:hr>
          </ns3:TrackPointExtension>
        </extensions>
      </trkpt>
      <trkpt lat="45.68571235053241252899169921875" lon="126.57473732717335224151611328125">
        <ele>166.399993896484375</ele>
        <time>2026-07-11T02:08:29.000Z</time>
        <extensions>
          <ns3:TrackPointExtension>
            <ns3:hr>150</ns3:hr>
          </ns3:TrackPointExtension>
        </extensions>
      </trkpt>
      <trkpt lat="45.6856773979961872100830078125" lon="126.57468435354530811309814453125">
        <ele>166.600006103515625</ele>
        <time>2026-07-11T02:08:30.000Z</time>
        <extensions>
          <ns3:TrackPointExtension>
            <ns3:hr>150</ns3:hr>
          </ns3:TrackPointExtension>
        </extensions>
      </trkpt>
      <trkpt lat="45.68550984375178813934326171875" lon="126.5744411945343017578125">
        <ele>166.399993896484375</ele>
        <time>2026-07-11T02:08:35.000Z</time>
        <extensions>
          <ns3:TrackPointExtension>
            <ns3:hr>150</ns3:hr>
          </ns3:TrackPointExtension>
        </extensions>
      </trkpt>
      <trkpt lat="45.68533784709870815277099609375" lon="126.574141792953014373779296875">
        <ele>166.600006103515625</ele>
        <time>2026-07-11T02:08:41.000Z</time>
        <extensions>
          <ns3:TrackPointExtension>
            <ns3:hr>149</ns3:hr>
          </ns3:TrackPointExtension>
        </extensions>
      </trkpt>
      <trkpt lat="45.68516769446432590484619140625" lon="126.57382495701313018798828125">
        <ele>165.8000030517578125</ele>
        <time>2026-07-11T02:08:47.000Z</time>
        <extensions>
          <ns3:TrackPointExtension>
            <ns3:hr>149</ns3:hr>
          </ns3:TrackPointExtension>
        </extensions>
      </trkpt>
      <trkpt lat="45.6850122101604938507080078125" lon="126.5735807083547115325927734375">
        <ele>166.8000030517578125</ele>
        <time>2026-07-11T02:08:53.000Z</time>
        <extensions>
          <ns3:TrackPointExtension>
            <ns3:hr>146</ns3:hr>
          </ns3:TrackPointExtension>
        </extensions>
      </trkpt>
      <trkpt lat="45.6849870644509792327880859375" lon="126.5735424868762493133544921875">
        <ele>166.8000030517578125</ele>
        <time>2026-07-11T02:08:54.000Z</time>
        <extensions>
          <ns3:TrackPointExtension>
            <ns3:hr>146</ns3:hr>
          </ns3:TrackPointExtension>
        </extensions>
      </trkpt>
      <trkpt lat="45.6849045865237712860107421875" lon="126.57341592013835906982421875">
        <ele>166.600006103515625</ele>
        <time>2026-07-11T02:08:59.000Z</time>
        <extensions>
          <ns3:TrackPointExtension>
            <ns3:hr>147</ns3:hr>
          </ns3:TrackPointExtension>
        </extensions>
      </trkpt>
      <trkpt lat="45.684877596795558929443359375" lon="126.5733802132308483123779296875">
        <ele>166.8000030517578125</ele>
        <time>2026-07-11T02:09:04.000Z</time>
        <extensions>
          <ns3:TrackPointExtension>
            <ns3:hr>147</ns3:hr>
          </ns3:TrackPointExtension>
        </extensions>
      </trkpt>
      <trkpt lat="45.68487483076751232147216796875" lon="126.5733765251934528350830078125">
        <ele>166.8000030517578125</ele>
        <time>2026-07-11T02:09:13.000Z</time>
        <extensions>
          <ns3:TrackPointExtension>
            <ns3:hr>144</ns3:hr>
          </ns3:TrackPointExtension>
        </extensions>
      </trkpt>
      <trkpt lat="45.6848737411201000213623046875" lon="126.57337543554604053497314453125">
        <ele>166.8000030517578125</ele>
        <time>2026-07-11T02:09:14.000Z</time>
        <extensions>
          <ns3:TrackPointExtension>
            <ns3:hr>140</ns3:hr>
          </ns3:TrackPointExtension>
        </extensions>
      </trkpt>
      <trkpt lat="45.68486041389405727386474609375" lon="126.57336085103452205657958984375">
        <ele>166.600006103515625</ele>
        <time>2026-07-11T02:09:15.000Z</time>
        <extensions>
          <ns3:TrackPointExtension>
            <ns3:hr>140</ns3:hr>
          </ns3:TrackPointExtension>
        </extensions>
      </trkpt>
      <trkpt lat="45.6847966276109218597412109375" lon="126.5732816420495510101318359375">
        <ele>166.8000030517578125</ele>
        <time>2026-07-11T02:09:20.000Z</time>
        <extensions>
          <ns3:TrackPointExtension>
            <ns3:hr>140</ns3:hr>
          </ns3:TrackPointExtension>
        </extensions>
      </trkpt>
      <trkpt lat="45.684789083898067474365234375" lon="126.57328273169696331024169921875">
        <ele>166.8000030517578125</ele>
        <time>2026-07-11T02:09:24.000Z</time>
        <extensions>
          <ns3:TrackPointExtension>
            <ns3:hr>139</ns3:hr>
          </ns3:TrackPointExtension>
        </extensions>
      </trkpt>
      <trkpt lat="45.68480190820991992950439453125" lon="126.57328826375305652618408203125">
        <ele>166.600006103515625</ele>
        <time>2026-07-11T02:09:25.000Z</time>
        <extensions>
          <ns3:TrackPointExtension>
            <ns3:hr>140</ns3:hr>
          </ns3:TrackPointExtension>
        </extensions>
      </trkpt>
      <trkpt lat="45.68483459763228893280029296875" lon="126.57328340224921703338623046875">
        <ele>166.399993896484375</ele>
        <time>2026-07-11T02:09:28.000Z</time>
        <extensions>
          <ns3:TrackPointExtension>
            <ns3:hr>139</ns3:hr>
          </ns3:TrackPointExtension>
        </extensions>
      </trkpt>
      <trkpt lat="45.68488673307001590728759765625" lon="126.5732689015567302703857421875">
        <ele>166.399993896484375</ele>
        <time>2026-07-11T02:09:32.000Z</time>
        <extensions>
          <ns3:TrackPointExtension>
            <ns3:hr>140</ns3:hr>
          </ns3:TrackPointExtension>
        </extensions>
      </trkpt>
      <trkpt lat="45.6848935224115848541259765625" lon="126.57327082939445972442626953125">
        <ele>166.399993896484375</ele>
        <time>2026-07-11T02:09:33.000Z</time>
        <extensions>
          <ns3:TrackPointExtension>
            <ns3:hr>140</ns3:hr>
          </ns3:TrackPointExtension>
        </extensions>
      </trkpt>
      <trkpt lat="45.68491037003695964813232421875" lon="126.57325909473001956939697265625">
        <ele>166.399993896484375</ele>
        <time>2026-07-11T02:09:35.000Z</time>
        <extensions>
          <ns3:TrackPointExtension>
            <ns3:hr>141</ns3:hr>
          </ns3:TrackPointExtension>
        </extensions>
      </trkpt>
      <trkpt lat="45.68493903614580631256103515625" lon="126.57323797233402729034423828125">
        <ele>165.8000030517578125</ele>
        <time>2026-07-11T02:09:38.000Z</time>
        <extensions>
          <ns3:TrackPointExtension>
            <ns3:hr>142</ns3:hr>
          </ns3:TrackPointExtension>
        </extensions>
      </trkpt>
      <trkpt lat="45.6849411316215991973876953125" lon="126.5732424147427082061767578125">
        <ele>165.399993896484375</ele>
        <time>2026-07-11T02:09:40.000Z</time>
        <extensions>
          <ns3:TrackPointExtension>
            <ns3:hr>147</ns3:hr>
          </ns3:TrackPointExtension>
        </extensions>
      </trkpt>
      <trkpt lat="45.6849461607635021209716796875" lon="126.57325406558811664581298828125">
        <ele>165.399993896484375</ele>
        <time>2026-07-11T02:09:41.000Z</time>
        <extensions>
          <ns3:TrackPointExtension>
            <ns3:hr>150</ns3:hr>
          </ns3:TrackPointExtension>
        </extensions>
      </trkpt>
      <trkpt lat="45.6849461607635021209716796875" lon="126.57325406558811664581298828125">
        <ele>165.399993896484375</ele>
        <time>2026-07-11T02:09:42.000Z</time>
        <extensions>
          <ns3:TrackPointExtension>
            <ns3:hr>151</ns3:hr>
          </ns3:TrackPointExtension>
        </extensions>
      </trkpt>
      <trkpt lat="45.68494590930640697479248046875" lon="126.5732548199594020843505859375">
        <ele>165.600006103515625</ele>
        <time>2026-07-11T02:09:44.000Z</time>
        <extensions>
          <ns3:TrackPointExtension>
            <ns3:hr>151</ns3:hr>
          </ns3:TrackPointExtension>
        </extensions>
      </trkpt>
      <trkpt lat="45.684931911528110504150390625" lon="126.5732779540121555328369140625">
        <ele>166.1999969482421875</ele>
        <time>2026-07-11T02:09:47.000Z</time>
        <extensions>
          <ns3:TrackPointExtension>
            <ns3:hr>151</ns3:hr>
          </ns3:TrackPointExtension>
        </extensions>
      </trkpt>
      <trkpt lat="45.68489427678287029266357421875" lon="126.57332547940313816070556640625">
        <ele>166.399993896484375</ele>
        <time>2026-07-11T02:09:52.000Z</time>
        <extensions>
          <ns3:TrackPointExtension>
            <ns3:hr>151</ns3:hr>
          </ns3:TrackPointExtension>
        </extensions>
      </trkpt>
      <trkpt lat="45.68486443720757961273193359375" lon="126.5733455121517181396484375">
        <ele>166.399993896484375</ele>
        <time>2026-07-11T02:09:54.000Z</time>
        <extensions>
          <ns3:TrackPointExtension>
            <ns3:hr>150</ns3:hr>
          </ns3:TrackPointExtension>
        </extensions>
      </trkpt>
      <trkpt lat="45.68484264425933361053466796875" lon="126.5733175165951251983642578125">
        <ele>166.600006103515625</ele>
        <time>2026-07-11T02:09:57.000Z</time>
        <extensions>
          <ns3:TrackPointExtension>
            <ns3:hr>146</ns3:hr>
          </ns3:TrackPointExtension>
        </extensions>
      </trkpt>
      <trkpt lat="45.68483526818454265594482421875" lon="126.57330435700714588165283203125">
        <ele>166.600006103515625</ele>
        <time>2026-07-11T02:09:58.000Z</time>
        <extensions>
          <ns3:TrackPointExtension>
            <ns3:hr>142</ns3:hr>
          </ns3:TrackPointExtension>
        </extensions>
      </trkpt>
      <trkpt lat="45.68482236005365848541259765625" lon="126.57328180968761444091796875">
        <ele>166.600006103515625</ele>
        <time>2026-07-11T02:10:00.000Z</time>
        <extensions>
          <ns3:TrackPointExtension>
            <ns3:hr>139</ns3:hr>
          </ns3:TrackPointExtension>
        </extensions>
      </trkpt>
      <trkpt lat="45.68480961956083774566650390625" lon="126.57326647080481052398681640625">
        <ele>166.600006103515625</ele>
        <time>2026-07-11T02:10:02.000Z</time>
        <extensions>
          <ns3:TrackPointExtension>
            <ns3:hr>136</ns3:hr>
          </ns3:TrackPointExtension>
        </extensions>
      </trkpt>
      <trkpt lat="45.68480995483696460723876953125" lon="126.57326110638678073883056640625">
        <ele>166.399993896484375</ele>
        <time>2026-07-11T02:10:03.000Z</time>
        <extensions>
          <ns3:TrackPointExtension>
            <ns3:hr>136</ns3:hr>
          </ns3:TrackPointExtension>
        </extensions>
      </trkpt>
      <trkpt lat="45.68481020629405975341796875" lon="126.573260687291622161865234375">
        <ele>166.399993896484375</ele>
        <time>2026-07-11T02:10:04.000Z</time>
        <extensions>
          <ns3:TrackPointExtension>
            <ns3:hr>136</ns3:hr>
          </ns3:TrackPointExtension>
        </extensions>
      </trkpt>
      <trkpt lat="45.68479939363896846771240234375" lon="126.57324333675205707550048828125">
        <ele>166.600006103515625</ele>
        <time>2026-07-11T02:10:07.000Z</time>
        <extensions>
          <ns3:TrackPointExtension>
            <ns3:hr>136</ns3:hr>
          </ns3:TrackPointExtension>
        </extensions>
      </trkpt>
      <trkpt lat="45.68474985659122467041015625" lon="126.57314459793269634246826171875">
        <ele>166.399993896484375</ele>
        <time>2026-07-11T02:10:12.000Z</time>
        <extensions>
          <ns3:TrackPointExtension>
            <ns3:hr>137</ns3:hr>
          </ns3:TrackPointExtension>
        </extensions>
      </trkpt>
      <trkpt lat="45.68467550911009311676025390625" lon="126.5730053745210170745849609375">
        <ele>166.399993896484375</ele>
        <time>2026-07-11T02:10:18.000Z</time>
        <extensions>
          <ns3:TrackPointExtension>
            <ns3:hr>136</ns3:hr>
          </ns3:TrackPointExtension>
        </extensions>
      </trkpt>
      <trkpt lat="45.684611387550830841064453125" lon="126.57291946001350879669189453125">
        <ele>166.399993896484375</ele>
        <time>2026-07-11T02:10:21.000Z</time>
        <extensions>
          <ns3:TrackPointExtension>
            <ns3:hr>133</ns3:hr>
          </ns3:TrackPointExtension>
        </extensions>
      </trkpt>
      <trkpt lat="45.684572160243988037109375" lon="126.5728612057864665985107421875">
        <ele>166.399993896484375</ele>
        <time>2026-07-11T02:10:23.000Z</time>
        <extensions>
          <ns3:TrackPointExtension>
            <ns3:hr>129</ns3:hr>
          </ns3:TrackPointExtension>
        </extensions>
      </trkpt>
      <trkpt lat="45.68453905172646045684814453125" lon="126.5727983415126800537109375">
        <ele>166.399993896484375</ele>
        <time>2026-07-11T02:10:25.000Z</time>
        <extensions>
          <ns3:TrackPointExtension>
            <ns3:hr>127</ns3:hr>
          </ns3:TrackPointExtension>
        </extensions>
      </trkpt>
      <trkpt lat="45.68444198928773403167724609375" lon="126.5726588666439056396484375">
        <ele>166.600006103515625</ele>
        <time>2026-07-11T02:10:30.000Z</time>
        <extensions>
          <ns3:TrackPointExtension>
            <ns3:hr>124</ns3:hr>
          </ns3:TrackPointExtension>
        </extensions>
      </trkpt>
      <trkpt lat="45.68435959517955780029296875" lon="126.57250707037746906280517578125">
        <ele>166.399993896484375</ele>
        <time>2026-07-11T02:10:36.000Z</time>
        <extensions>
          <ns3:TrackPointExtension>
            <ns3:hr>122</ns3:hr>
          </ns3:TrackPointExtension>
        </extensions>
      </trkpt>
      <trkpt lat="45.68429480306804180145263671875" lon="126.5723364986479282379150390625">
        <ele>166.600006103515625</ele>
        <time>2026-07-11T02:10:41.000Z</time>
        <extensions>
          <ns3:TrackPointExtension>
            <ns3:hr>122</ns3:hr>
          </ns3:TrackPointExtension>
        </extensions>
      </trkpt>
      <trkpt lat="45.68427200429141521453857421875" lon="126.57229475677013397216796875">
        <ele>166.600006103515625</ele>
        <time>2026-07-11T02:10:42.000Z</time>
        <extensions>
          <ns3:TrackPointExtension>
            <ns3:hr>126</ns3:hr>
          </ns3:TrackPointExtension>
        </extensions>
      </trkpt>
      <trkpt lat="45.68419061601161956787109375" lon="126.5721313096582889556884765625">
        <ele>166.399993896484375</ele>
        <time>2026-07-11T02:10:46.000Z</time>
        <extensions>
          <ns3:TrackPointExtension>
            <ns3:hr>128</ns3:hr>
          </ns3:TrackPointExtension>
        </extensions>
      </trkpt>
      <trkpt lat="45.68411677144467830657958984375" lon="126.5719737298786640167236328125">
        <ele>166.1999969482421875</ele>
        <time>2026-07-11T02:10:50.000Z</time>
        <extensions>
          <ns3:TrackPointExtension>
            <ns3:hr>131</ns3:hr>
          </ns3:TrackPointExtension>
        </extensions>
      </trkpt>
      <trkpt lat="45.6840791366994380950927734375" lon="126.57189510762691497802734375">
        <ele>165.600006103515625</ele>
        <time>2026-07-11T02:10:52.000Z</time>
        <extensions>
          <ns3:TrackPointExtension>
            <ns3:hr>133</ns3:hr>
          </ns3:TrackPointExtension>
        </extensions>
      </trkpt>
      <trkpt lat="45.68396539427340030670166015625" lon="126.57171732746064662933349609375">
        <ele>165.1999969482421875</ele>
        <time>2026-07-11T02:10:58.000Z</time>
        <extensions>
          <ns3:TrackPointExtension>
            <ns3:hr>135</ns3:hr>
          </ns3:TrackPointExtension>
        </extensions>
      </trkpt>
      <trkpt lat="45.68387419916689395904541015625" lon="126.571560166776180267333984375">
        <ele>164.8000030517578125</ele>
        <time>2026-07-11T02:11:03.000Z</time>
        <extensions>
          <ns3:TrackPointExtension>
            <ns3:hr>134</ns3:hr>
          </ns3:TrackPointExtension>
        </extensions>
      </trkpt>
      <trkpt lat="45.68385693244636058807373046875" lon="126.5715207718312740325927734375">
        <ele>164.8000030517578125</ele>
        <time>2026-07-11T02:11:04.000Z</time>
        <extensions>
          <ns3:TrackPointExtension>
            <ns3:hr>133</ns3:hr>
          </ns3:TrackPointExtension>
        </extensions>
      </trkpt>
      <trkpt lat="45.68382038734853267669677734375" lon="126.5714322589337825775146484375">
        <ele>164.600006103515625</ele>
        <time>2026-07-11T02:11:06.000Z</time>
        <extensions>
          <ns3:TrackPointExtension>
            <ns3:hr>130</ns3:hr>
          </ns3:TrackPointExtension>
        </extensions>
      </trkpt>
      <trkpt lat="45.6837415136396884918212890625" lon="126.571209132671356201171875">
        <ele>163.600006103515625</ele>
        <time>2026-07-11T02:11:11.000Z</time>
        <extensions>
          <ns3:TrackPointExtension>
            <ns3:hr>128</ns3:hr>
          </ns3:TrackPointExtension>
        </extensions>
      </trkpt>
      <trkpt lat="45.68372466601431369781494140625" lon="126.5711648762226104736328125">
        <ele>163.600006103515625</ele>
        <time>2026-07-11T02:11:12.000Z</time>
        <extensions>
          <ns3:TrackPointExtension>
            <ns3:hr>128</ns3:hr>
          </ns3:TrackPointExtension>
        </extensions>
      </trkpt>
      <trkpt lat="45.683631040155887603759765625" lon="126.5708510577678680419921875">
        <ele>163</ele>
        <time>2026-07-11T02:11:18.000Z</time>
        <extensions>
          <ns3:TrackPointExtension>
            <ns3:hr>128</ns3:hr>
          </ns3:TrackPointExtension>
        </extensions>
      </trkpt>
      <trkpt lat="45.6836211495101451873779296875" lon="126.570800431072711944580078125">
        <ele>162.8000030517578125</ele>
        <time>2026-07-11T02:11:19.000Z</time>
        <extensions>
          <ns3:TrackPointExtension>
            <ns3:hr>128</ns3:hr>
          </ns3:TrackPointExtension>
        </extensions>
      </trkpt>
      <trkpt lat="45.6836030445992946624755859375" lon="126.57074787653982639312744140625">
        <ele>162.600006103515625</ele>
        <time>2026-07-11T02:11:20.000Z</time>
        <extensions>
          <ns3:TrackPointExtension>
            <ns3:hr>128</ns3:hr>
          </ns3:TrackPointExtension>
        </extensions>
      </trkpt>
      <trkpt lat="45.68353842012584209442138671875" lon="126.570567749440670013427734375">
        <ele>162.1999969482421875</ele>
        <time>2026-07-11T02:11:24.000Z</time>
        <extensions>
          <ns3:TrackPointExtension>
            <ns3:hr>129</ns3:hr>
          </ns3:TrackPointExtension>
        </extensions>
      </trkpt>
      <trkpt lat="45.68345409817993640899658203125" lon="126.5704341419041156768798828125">
        <ele>161.600006103515625</ele>
        <time>2026-07-11T02:11:29.000Z</time>
        <extensions>
          <ns3:TrackPointExtension>
            <ns3:hr>128</ns3:hr>
          </ns3:TrackPointExtension>
        </extensions>
      </trkpt>
      <trkpt lat="45.6834116019308567047119140625" lon="126.5702996961772441864013671875">
        <ele>161</ele>
        <time>2026-07-11T02:11:34.000Z</time>
        <extensions>
          <ns3:TrackPointExtension>
            <ns3:hr>128</ns3:hr>
          </ns3:TrackPointExtension>
        </extensions>
      </trkpt>
      <trkpt lat="45.68337983451783657073974609375" lon="126.57019735313951969146728515625">
        <ele>160.399993896484375</ele>
        <time>2026-07-11T02:11:37.000Z</time>
        <extensions>
          <ns3:TrackPointExtension>
            <ns3:hr>127</ns3:hr>
          </ns3:TrackPointExtension>
        </extensions>
      </trkpt>
      <trkpt lat="45.68334127776324748992919921875" lon="126.5700777433812618255615234375">
        <ele>160.399993896484375</ele>
        <time>2026-07-11T02:11:40.000Z</time>
        <extensions>
          <ns3:TrackPointExtension>
            <ns3:hr>127</ns3:hr>
          </ns3:TrackPointExtension>
        </extensions>
      </trkpt>
      <trkpt lat="45.68329249508678913116455078125" lon="126.56990868039429187774658203125">
        <ele>160.1999969482421875</ele>
        <time>2026-07-11T02:11:45.000Z</time>
        <extensions>
          <ns3:TrackPointExtension>
            <ns3:hr>126</ns3:hr>
          </ns3:TrackPointExtension>
        </extensions>
      </trkpt>
      <trkpt lat="45.6832174770534038543701171875" lon="126.56967935152351856231689453125">
        <ele>159.600006103515625</ele>
        <time>2026-07-11T02:11:50.000Z</time>
        <extensions>
          <ns3:TrackPointExtension>
            <ns3:hr>125</ns3:hr>
          </ns3:TrackPointExtension>
        </extensions>
      </trkpt>
      <trkpt lat="45.68319912068545818328857421875" lon="126.56962503679096698760986328125">
        <ele>159.600006103515625</ele>
        <time>2026-07-11T02:11:51.000Z</time>
        <extensions>
          <ns3:TrackPointExtension>
            <ns3:hr>122</ns3:hr>
          </ns3:TrackPointExtension>
        </extensions>
      </trkpt>
      <trkpt lat="45.68317933939397335052490234375" lon="126.56957575120031833648681640625">
        <ele>159.399993896484375</ele>
        <time>2026-07-11T02:11:52.000Z</time>
        <extensions>
          <ns3:TrackPointExtension>
            <ns3:hr>119</ns3:hr>
          </ns3:TrackPointExtension>
        </extensions>
      </trkpt>
      <trkpt lat="45.68311915732920169830322265625" lon="126.569398306310176849365234375">
        <ele>159</ele>
        <time>2026-07-11T02:11:55.000Z</time>
        <extensions>
          <ns3:TrackPointExtension>
            <ns3:hr>116</ns3:hr>
          </ns3:TrackPointExtension>
        </extensions>
      </trkpt>
      <trkpt lat="45.68310071714222431182861328125" lon="126.56933736987411975860595703125">
        <ele>158.8000030517578125</ele>
        <time>2026-07-11T02:11:56.000Z</time>
        <extensions>
          <ns3:TrackPointExtension>
            <ns3:hr>116</ns3:hr>
          </ns3:TrackPointExtension>
        </extensions>
      </trkpt>
      <trkpt lat="45.68304640240967273712158203125" lon="126.56917828135192394256591796875">
        <ele>158.1999969482421875</ele>
        <time>2026-07-11T02:11:59.000Z</time>
        <extensions>
          <ns3:TrackPointExtension>
            <ns3:hr>116</ns3:hr>
          </ns3:TrackPointExtension>
        </extensions>
      </trkpt>
      <trkpt lat="45.68297465331852436065673828125" lon="126.568961776793003082275390625">
        <ele>157.399993896484375</ele>
        <time>2026-07-11T02:12:03.000Z</time>
        <extensions>
          <ns3:TrackPointExtension>
            <ns3:hr>114</ns3:hr>
          </ns3:TrackPointExtension>
        </extensions>
      </trkpt>
      <trkpt lat="45.68294095806777477264404296875" lon="126.56886144541203975677490234375">
        <ele>157.1999969482421875</ele>
        <time>2026-07-11T02:12:05.000Z</time>
        <extensions>
          <ns3:TrackPointExtension>
            <ns3:hr>114</ns3:hr>
          </ns3:TrackPointExtension>
        </extensions>
      </trkpt>
      <trkpt lat="45.6828909181058406829833984375" lon="126.5686990879476070404052734375">
        <ele>156.8000030517578125</ele>
        <time>2026-07-11T02:12:09.000Z</time>
        <extensions>
          <ns3:TrackPointExtension>
            <ns3:hr>112</ns3:hr>
          </ns3:TrackPointExtension>
        </extensions>
      </trkpt>
      <trkpt lat="45.6828540377318859100341796875" lon="126.5685897879302501678466796875">
        <ele>156.1999969482421875</ele>
        <time>2026-07-11T02:12:14.000Z</time>
        <extensions>
          <ns3:TrackPointExtension>
            <ns3:hr>112</ns3:hr>
          </ns3:TrackPointExtension>
        </extensions>
      </trkpt>
      <trkpt lat="45.68279745988547801971435546875" lon="126.5684550069272518157958984375">
        <ele>155.600006103515625</ele>
        <time>2026-07-11T02:12:20.000Z</time>
        <extensions>
          <ns3:TrackPointExtension>
            <ns3:hr>113</ns3:hr>
          </ns3:TrackPointExtension>
        </extensions>
      </trkpt>
      <trkpt lat="45.68277977406978607177734375" lon="126.568369008600711822509765625">
        <ele>155.8000030517578125</ele>
        <time>2026-07-11T02:12:25.000Z</time>
        <extensions>
          <ns3:TrackPointExtension>
            <ns3:hr>116</ns3:hr>
          </ns3:TrackPointExtension>
        </extensions>
      </trkpt>
      <trkpt lat="45.68277231417596340179443359375" lon="126.5683443658053874969482421875">
        <ele>155.600006103515625</ele>
        <time>2026-07-11T02:12:26.000Z</time>
        <extensions>
          <ns3:TrackPointExtension>
            <ns3:hr>116</ns3:hr>
          </ns3:TrackPointExtension>
        </extensions>
      </trkpt>
      <trkpt lat="45.68271816708147525787353515625" lon="126.56817379407584667205810546875">
        <ele>155.1999969482421875</ele>
        <time>2026-07-11T02:12:31.000Z</time>
        <extensions>
          <ns3:TrackPointExtension>
            <ns3:hr>116</ns3:hr>
          </ns3:TrackPointExtension>
        </extensions>
      </trkpt>
      <trkpt lat="45.682705007493495941162109375" lon="126.568143367767333984375">
        <ele>155</ele>
        <time>2026-07-11T02:12:32.000Z</time>
        <extensions>
          <ns3:TrackPointExtension>
            <ns3:hr>117</ns3:hr>
          </ns3:TrackPointExtension>
        </extensions>
      </trkpt>
      <trkpt lat="45.6826713122427463531494140625" lon="126.56809567473828792572021484375">
        <ele>154.600006103515625</ele>
        <time>2026-07-11T02:12:36.000Z</time>
        <extensions>
          <ns3:TrackPointExtension>
            <ns3:hr>116</ns3:hr>
          </ns3:TrackPointExtension>
        </extensions>
      </trkpt>
      <trkpt lat="45.68265547044575214385986328125" lon="126.5680615603923797607421875">
        <ele>154.600006103515625</ele>
        <time>2026-07-11T02:12:42.000Z</time>
        <extensions>
          <ns3:TrackPointExtension>
            <ns3:hr>114</ns3:hr>
          </ns3:TrackPointExtension>
        </extensions>
      </trkpt>
      <trkpt lat="45.682647339999675750732421875" lon="126.5680543519556522369384765625">
        <ele>154.399993896484375</ele>
        <time>2026-07-11T02:12:48.000Z</time>
        <extensions>
          <ns3:TrackPointExtension>
            <ns3:hr>117</ns3:hr>
          </ns3:TrackPointExtension>
        </extensions>
      </trkpt>
      <trkpt lat="45.6826424784958362579345703125" lon="126.568022668361663818359375">
        <ele>154.399993896484375</ele>
        <time>2026-07-11T02:12:50.000Z</time>
        <extensions>
          <ns3:TrackPointExtension>
            <ns3:hr>122</ns3:hr>
          </ns3:TrackPointExtension>
        </extensions>
      </trkpt>
      <trkpt lat="45.6826387904584407806396484375" lon="126.56799743883311748504638671875">
        <ele>154.399993896484375</ele>
        <time>2026-07-11T02:12:51.000Z</time>
        <extensions>
          <ns3:TrackPointExtension>
            <ns3:hr>122</ns3:hr>
          </ns3:TrackPointExtension>
        </extensions>
      </trkpt>
      <trkpt lat="45.6826230324804782867431640625" lon="126.567940525710582733154296875">
        <ele>154</ele>
        <time>2026-07-11T02:12:54.000Z</time>
        <extensions>
          <ns3:TrackPointExtension>
            <ns3:hr>121</ns3:hr>
          </ns3:TrackPointExtension>
        </extensions>
      </trkpt>
      <trkpt lat="45.68260316736996173858642578125" lon="126.5678857080638408660888671875">
        <ele>153.8000030517578125</ele>
        <time>2026-07-11T02:12:57.000Z</time>
        <extensions>
          <ns3:TrackPointExtension>
            <ns3:hr>120</ns3:hr>
          </ns3:TrackPointExtension>
        </extensions>
      </trkpt>
      <trkpt lat="45.6825801171362400054931640625" lon="126.567829214036464691162109375">
        <ele>153.8000030517578125</ele>
        <time>2026-07-11T02:13:03.000Z</time>
        <extensions>
          <ns3:TrackPointExtension>
            <ns3:hr>120</ns3:hr>
          </ns3:TrackPointExtension>
        </extensions>
      </trkpt>
      <trkpt lat="45.68257785402238368988037109375" lon="126.56782812438905239105224609375">
        <ele>154</ele>
        <time>2026-07-11T02:13:07.000Z</time>
        <extensions>
          <ns3:TrackPointExtension>
            <ns3:hr>124</ns3:hr>
          </ns3:TrackPointExtension>
        </extensions>
      </trkpt>
      <trkpt lat="45.68257785402238368988037109375" lon="126.56782812438905239105224609375">
        <ele>154</ele>
        <time>2026-07-11T02:13:08.000Z</time>
        <extensions>
          <ns3:TrackPointExtension>
            <ns3:hr>127</ns3:hr>
          </ns3:TrackPointExtension>
        </extensions>
      </trkpt>
      <trkpt lat="45.68257785402238368988037109375" lon="126.56782812438905239105224609375">
        <ele>154</ele>
        <time>2026-07-11T02:13:09.000Z</time>
        <extensions>
          <ns3:TrackPointExtension>
            <ns3:hr>127</ns3:hr>
          </ns3:TrackPointExtension>
        </extensions>
      </trkpt>
      <trkpt lat="45.68257785402238368988037109375" lon="126.56782812438905239105224609375">
        <ele>154</ele>
        <time>2026-07-11T02:13:11.000Z</time>
        <extensions>
          <ns3:TrackPointExtension>
            <ns3:hr>129</ns3:hr>
          </ns3:TrackPointExtension>
        </extensions>
      </trkpt>
      <trkpt lat="45.68255790509283542633056640625" lon="126.567854024469852447509765625">
        <ele>153.600006103515625</ele>
        <time>2026-07-11T02:13:17.000Z</time>
        <extensions>
          <ns3:TrackPointExtension>
            <ns3:hr>131</ns3:hr>
          </ns3:TrackPointExtension>
        </extensions>
      </trkpt>
      <trkpt lat="45.6825214438140392303466796875" lon="126.5678790025413036346435546875">
        <ele>153.399993896484375</ele>
        <time>2026-07-11T02:13:20.000Z</time>
        <extensions>
          <ns3:TrackPointExtension>
            <ns3:hr>128</ns3:hr>
          </ns3:TrackPointExtension>
        </extensions>
      </trkpt>
      <trkpt lat="45.68249152041971683502197265625" lon="126.5678857080638408660888671875">
        <ele>153.399993896484375</ele>
        <time>2026-07-11T02:13:22.000Z</time>
        <extensions>
          <ns3:TrackPointExtension>
            <ns3:hr>125</ns3:hr>
          </ns3:TrackPointExtension>
        </extensions>
      </trkpt>
      <trkpt lat="45.6824614293873310089111328125" lon="126.56789886765182018280029296875">
        <ele>153.600006103515625</ele>
        <time>2026-07-11T02:13:24.000Z</time>
        <extensions>
          <ns3:TrackPointExtension>
            <ns3:hr>122</ns3:hr>
          </ns3:TrackPointExtension>
        </extensions>
      </trkpt>
      <trkpt lat="45.68237769417464733123779296875" lon="126.5679408609867095947265625">
        <ele>154</ele>
        <time>2026-07-11T02:13:30.000Z</time>
        <extensions>
          <ns3:TrackPointExtension>
            <ns3:hr>124</ns3:hr>
          </ns3:TrackPointExtension>
        </extensions>
      </trkpt>
      <trkpt lat="45.68236805498600006103515625" lon="126.567945890128612518310546875">
        <ele>153.600006103515625</ele>
        <time>2026-07-11T02:13:35.000Z</time>
        <extensions>
          <ns3:TrackPointExtension>
            <ns3:hr>125</ns3:hr>
          </ns3:TrackPointExtension>
        </extensions>
      </trkpt>
      <trkpt lat="45.68236512131989002227783203125" lon="126.567952930927276611328125">
        <ele>153.8000030517578125</ele>
        <time>2026-07-11T02:13:44.000Z</time>
        <extensions>
          <ns3:TrackPointExtension>
            <ns3:hr>124</ns3:hr>
          </ns3:TrackPointExtension>
        </extensions>
      </trkpt>
      <trkpt lat="45.68237316794693470001220703125" lon="126.56794446520507335662841796875">
        <ele>154</ele>
        <time>2026-07-11T02:13:52.000Z</time>
        <extensions>
          <ns3:TrackPointExtension>
            <ns3:hr>127</ns3:hr>
          </ns3:TrackPointExtension>
        </extensions>
      </trkpt>
      <trkpt lat="45.68237668834626674652099609375" lon="126.5679373405873775482177734375">
        <ele>154</ele>
        <time>2026-07-11T02:13:55.000Z</time>
        <extensions>
          <ns3:TrackPointExtension>
            <ns3:hr>128</ns3:hr>
          </ns3:TrackPointExtension>
        </extensions>
      </trkpt>
      <trkpt lat="45.68237668834626674652099609375" lon="126.5679373405873775482177734375">
        <ele>154.399993896484375</ele>
        <time>2026-07-11T02:14:03.000Z</time>
        <extensions>
          <ns3:TrackPointExtension>
            <ns3:hr>127</ns3:hr>
          </ns3:TrackPointExtension>
        </extensions>
      </trkpt>
      <trkpt lat="45.68237668834626674652099609375" lon="126.5679373405873775482177734375">
        <ele>154</ele>
        <time>2026-07-11T02:14:09.000Z</time>
        <extensions>
          <ns3:TrackPointExtension>
            <ns3:hr>128</ns3:hr>
          </ns3:TrackPointExtension>
        </extensions>
      </trkpt>
      <trkpt lat="45.68237668834626674652099609375" lon="126.5679373405873775482177734375">
        <ele>154.1999969482421875</ele>
        <time>2026-07-11T02:14:16.000Z</time>
        <extensions>
          <ns3:TrackPointExtension>
            <ns3:hr>129</ns3:hr>
          </ns3:TrackPointExtension>
        </extensions>
      </trkpt>
      <trkpt lat="45.68237668834626674652099609375" lon="126.5679373405873775482177734375">
        <ele>153.8000030517578125</ele>
        <time>2026-07-11T02:14:22.000Z</time>
        <extensions>
          <ns3:TrackPointExtension>
            <ns3:hr>132</ns3:hr>
          </ns3:TrackPointExtension>
        </extensions>
      </trkpt>
      <trkpt lat="45.68237668834626674652099609375" lon="126.5679373405873775482177734375">
        <ele>154</ele>
        <time>2026-07-11T02:14:30.000Z</time>
        <extensions>
          <ns3:TrackPointExtension>
            <ns3:hr>134</ns3:hr>
          </ns3:TrackPointExtension>
        </extensions>
      </trkpt>
      <trkpt lat="45.68237668834626674652099609375" lon="126.5679373405873775482177734375">
        <ele>154</ele>
        <time>2026-07-11T02:14:43.000Z</time>
        <extensions>
          <ns3:TrackPointExtension>
            <ns3:hr>134</ns3:hr>
          </ns3:TrackPointExtension>
        </extensions>
      </trkpt>
      <trkpt lat="45.68235673941671848297119140625" lon="126.567943207919597625732421875">
        <ele>154</ele>
        <time>2026-07-11T02:14:50.000Z</time>
        <extensions>
          <ns3:TrackPointExtension>
            <ns3:hr>133</ns3:hr>
          </ns3:TrackPointExtension>
        </extensions>
      </trkpt>
      <trkpt lat="45.6822522170841693878173828125" lon="126.567980088293552398681640625">
        <ele>154.399993896484375</ele>
        <time>2026-07-11T02:14:57.000Z</time>
        <extensions>
          <ns3:TrackPointExtension>
            <ns3:hr>133</ns3:hr>
          </ns3:TrackPointExtension>
        </extensions>
      </trkpt>
      <trkpt lat="45.68219429813325405120849609375" lon="126.56796634197235107421875">
        <ele>154.399993896484375</ele>
        <time>2026-07-11T02:15:03.000Z</time>
        <extensions>
          <ns3:TrackPointExtension>
            <ns3:hr>132</ns3:hr>
          </ns3:TrackPointExtension>
        </extensions>
      </trkpt>
      <trkpt lat="45.68215548992156982421875" lon="126.567923091351985931396484375">
        <ele>154.399993896484375</ele>
        <time>2026-07-11T02:15:07.000Z</time>
        <extensions>
          <ns3:TrackPointExtension>
            <ns3:hr>132</ns3:hr>
          </ns3:TrackPointExtension>
        </extensions>
      </trkpt>
      <trkpt lat="45.68215875886380672454833984375" lon="126.56789350323379039764404296875">
        <ele>154.399993896484375</ele>
        <time>2026-07-11T02:15:08.000Z</time>
        <extensions>
          <ns3:TrackPointExtension>
            <ns3:hr>132</ns3:hr>
          </ns3:TrackPointExtension>
        </extensions>
      </trkpt>
      <trkpt lat="45.682123638689517974853515625" lon="126.56771396286785602569580078125">
        <ele>154</ele>
        <time>2026-07-11T02:15:14.000Z</time>
        <extensions>
          <ns3:TrackPointExtension>
            <ns3:hr>130</ns3:hr>
          </ns3:TrackPointExtension>
        </extensions>
      </trkpt>
      <trkpt lat="45.68206303752958774566650390625" lon="126.56754632480442523956298828125">
        <ele>153.600006103515625</ele>
        <time>2026-07-11T02:15:19.000Z</time>
        <extensions>
          <ns3:TrackPointExtension>
            <ns3:hr>129</ns3:hr>
          </ns3:TrackPointExtension>
        </extensions>
      </trkpt>
      <trkpt lat="45.6820584274828433990478515625" lon="126.567501984536647796630859375">
        <ele>153.600006103515625</ele>
        <time>2026-07-11T02:15:20.000Z</time>
        <extensions>
          <ns3:TrackPointExtension>
            <ns3:hr>129</ns3:hr>
          </ns3:TrackPointExtension>
        </extensions>
      </trkpt>
      <trkpt lat="45.682000257074832916259765625" lon="126.56730961985886096954345703125">
        <ele>153</ele>
        <time>2026-07-11T02:15:25.000Z</time>
        <extensions>
          <ns3:TrackPointExtension>
            <ns3:hr>129</ns3:hr>
          </ns3:TrackPointExtension>
        </extensions>
      </trkpt>
      <trkpt lat="45.6819893606007099151611328125" lon="126.5672657825052738189697265625">
        <ele>153</ele>
        <time>2026-07-11T02:15:26.000Z</time>
        <extensions>
          <ns3:TrackPointExtension>
            <ns3:hr>129</ns3:hr>
          </ns3:TrackPointExtension>
        </extensions>
      </trkpt>
      <trkpt lat="45.681916438043117523193359375" lon="126.567022539675235748291015625">
        <ele>152.399993896484375</ele>
        <time>2026-07-11T02:15:31.000Z</time>
        <extensions>
          <ns3:TrackPointExtension>
            <ns3:hr>127</ns3:hr>
          </ns3:TrackPointExtension>
        </extensions>
      </trkpt>
      <trkpt lat="45.68187997676432132720947265625" lon="126.5669100545346736907958984375">
        <ele>152</ele>
        <time>2026-07-11T02:15:33.000Z</time>
        <extensions>
          <ns3:TrackPointExtension>
            <ns3:hr>128</ns3:hr>
          </ns3:TrackPointExtension>
        </extensions>
      </trkpt>
      <trkpt lat="45.681784339249134063720703125" lon="126.5665855072438716888427734375">
        <ele>151.1999969482421875</ele>
        <time>2026-07-11T02:15:39.000Z</time>
        <extensions>
          <ns3:TrackPointExtension>
            <ns3:hr>128</ns3:hr>
          </ns3:TrackPointExtension>
        </extensions>
      </trkpt>
      <trkpt lat="45.68177168257534503936767578125" lon="126.56653068959712982177734375">
        <ele>150.8000030517578125</ele>
        <time>2026-07-11T02:15:43.000Z</time>
        <extensions>
          <ns3:TrackPointExtension>
            <ns3:hr>127</ns3:hr>
          </ns3:TrackPointExtension>
        </extensions>
      </trkpt>
      <trkpt lat="45.6817523203790187835693359375" lon="126.5664611198008060455322265625">
        <ele>150</ele>
        <time>2026-07-11T02:15:50.000Z</time>
        <extensions>
          <ns3:TrackPointExtension>
            <ns3:hr>125</ns3:hr>
          </ns3:TrackPointExtension>
        </extensions>
      </trkpt>
      <trkpt lat="45.68175341002643108367919921875" lon="126.566461622714996337890625">
        <ele>150</ele>
        <time>2026-07-11T02:15:54.000Z</time>
        <extensions>
          <ns3:TrackPointExtension>
            <ns3:hr>122</ns3:hr>
          </ns3:TrackPointExtension>
        </extensions>
      </trkpt>
      <trkpt lat="45.68175341002643108367919921875" lon="126.566461622714996337890625">
        <ele>150</ele>
        <time>2026-07-11T02:15:55.000Z</time>
        <extensions>
          <ns3:TrackPointExtension>
            <ns3:hr>121</ns3:hr>
          </ns3:TrackPointExtension>
        </extensions>
      </trkpt>
      <trkpt lat="45.68175341002643108367919921875" lon="126.566461622714996337890625">
        <ele>150</ele>
        <time>2026-07-11T02:15:59.000Z</time>
        <extensions>
          <ns3:TrackPointExtension>
            <ns3:hr>118</ns3:hr>
          </ns3:TrackPointExtension>
        </extensions>
      </trkpt>
      <trkpt lat="45.68175341002643108367919921875" lon="126.566461622714996337890625">
        <ele>150</ele>
        <time>2026-07-11T02:16:01.000Z</time>
        <extensions>
          <ns3:TrackPointExtension>
            <ns3:hr>115</ns3:hr>
          </ns3:TrackPointExtension>
        </extensions>
      </trkpt>
      <trkpt lat="45.68175022490322589874267578125" lon="126.56645768322050571441650390625">
        <ele>150.1999969482421875</ele>
        <time>2026-07-11T02:16:03.000Z</time>
        <extensions>
          <ns3:TrackPointExtension>
            <ns3:hr>115</ns3:hr>
          </ns3:TrackPointExtension>
        </extensions>
      </trkpt>
      <trkpt lat="45.68175391294062137603759765625" lon="126.56646505929529666900634765625">
        <ele>150.1999969482421875</ele>
        <time>2026-07-11T02:16:05.000Z</time>
        <extensions>
          <ns3:TrackPointExtension>
            <ns3:hr>108</ns3:hr>
          </ns3:TrackPointExtension>
        </extensions>
      </trkpt>
      <trkpt lat="45.68175341002643108367919921875" lon="126.566461622714996337890625">
        <ele>150</ele>
        <time>2026-07-11T02:16:08.000Z</time>
        <extensions>
          <ns3:TrackPointExtension>
            <ns3:hr>106</ns3:hr>
          </ns3:TrackPointExtension>
        </extensions>
      </trkpt>
      <trkpt lat="45.68175341002643108367919921875" lon="126.566461622714996337890625">
        <ele>150</ele>
        <time>2026-07-11T02:16:17.000Z</time>
        <extensions>
          <ns3:TrackPointExtension>
            <ns3:hr>106</ns3:hr>
          </ns3:TrackPointExtension>
        </extensions>
      </trkpt>
      <trkpt lat="45.68175341002643108367919921875" lon="126.566461622714996337890625">
        <ele>150.1999969482421875</ele>
        <time>2026-07-11T02:16:21.000Z</time>
        <extensions>
          <ns3:TrackPointExtension>
            <ns3:hr>109</ns3:hr>
          </ns3:TrackPointExtension>
        </extensions>
      </trkpt>
      <trkpt lat="45.68175341002643108367919921875" lon="126.566461622714996337890625">
        <ele>150</ele>
        <time>2026-07-11T02:16:26.000Z</time>
        <extensions>
          <ns3:TrackPointExtension>
            <ns3:hr>109</ns3:hr>
          </ns3:TrackPointExtension>
        </extensions>
      </trkpt>
      <trkpt lat="45.68174821324646472930908203125" lon="126.5664705075323581695556640625">
        <ele>150</ele>
        <time>2026-07-11T02:16:32.000Z</time>
        <extensions>
          <ns3:TrackPointExtension>
            <ns3:hr>110</ns3:hr>
          </ns3:TrackPointExtension>
        </extensions>
      </trkpt>
      <trkpt lat="45.68170194514095783233642578125" lon="126.566493809223175048828125">
        <ele>149.8000030517578125</ele>
        <time>2026-07-11T02:16:37.000Z</time>
        <extensions>
          <ns3:TrackPointExtension>
            <ns3:hr>112</ns3:hr>
          </ns3:TrackPointExtension>
        </extensions>
      </trkpt>
      <trkpt lat="45.68157705478370189666748046875" lon="126.566573940217494964599609375">
        <ele>148.399993896484375</ele>
        <time>2026-07-11T02:16:41.000Z</time>
        <extensions>
          <ns3:TrackPointExtension>
            <ns3:hr>113</ns3:hr>
          </ns3:TrackPointExtension>
        </extensions>
      </trkpt>
      <trkpt lat="45.68141008727252483367919921875" lon="126.5667258203029632568359375">
        <ele>147.1999969482421875</ele>
        <time>2026-07-11T02:16:45.000Z</time>
        <extensions>
          <ns3:TrackPointExtension>
            <ns3:hr>113</ns3:hr>
          </ns3:TrackPointExtension>
        </extensions>
      </trkpt>
      <trkpt lat="45.681322328746318817138671875" lon="126.5668077953159809112548828125">
        <ele>147</ele>
        <time>2026-07-11T02:16:47.000Z</time>
        <extensions>
          <ns3:TrackPointExtension>
            <ns3:hr>112</ns3:hr>
          </ns3:TrackPointExtension>
        </extensions>
      </trkpt>
      <trkpt lat="45.68109341897070407867431640625" lon="126.56703033484518527984619140625">
        <ele>146.1999969482421875</ele>
        <time>2026-07-11T02:16:52.000Z</time>
        <extensions>
          <ns3:TrackPointExtension>
            <ns3:hr>112</ns3:hr>
          </ns3:TrackPointExtension>
        </extensions>
      </trkpt>
      <trkpt lat="45.6810489110648632049560546875" lon="126.56706872396171092987060546875">
        <ele>146</ele>
        <time>2026-07-11T02:16:53.000Z</time>
        <extensions>
          <ns3:TrackPointExtension>
            <ns3:hr>112</ns3:hr>
          </ns3:TrackPointExtension>
        </extensions>
      </trkpt>
      <trkpt lat="45.68083123303949832916259765625" lon="126.5672292374074459075927734375">
        <ele>146.1999969482421875</ele>
        <time>2026-07-11T02:16:58.000Z</time>
        <extensions>
          <ns3:TrackPointExtension>
            <ns3:hr>110</ns3:hr>
          </ns3:TrackPointExtension>
        </extensions>
      </trkpt>
      <trkpt lat="45.6805641017854213714599609375" lon="126.56738220714032649993896484375">
        <ele>146.1999969482421875</ele>
        <time>2026-07-11T02:17:04.000Z</time>
        <extensions>
          <ns3:TrackPointExtension>
            <ns3:hr>109</ns3:hr>
          </ns3:TrackPointExtension>
        </extensions>
      </trkpt>
      <trkpt lat="45.68029512651264667510986328125" lon="126.567537523806095123291015625">
        <ele>146</ele>
        <time>2026-07-11T02:17:11.000Z</time>
        <extensions>
          <ns3:TrackPointExtension>
            <ns3:hr>110</ns3:hr>
          </ns3:TrackPointExtension>
        </extensions>
      </trkpt>
      <trkpt lat="45.67998600192368030548095703125" lon="126.56771865673363208770751953125">
        <ele>145.600006103515625</ele>
        <time>2026-07-11T02:17:19.000Z</time>
        <extensions>
          <ns3:TrackPointExtension>
            <ns3:hr>110</ns3:hr>
          </ns3:TrackPointExtension>
        </extensions>
      </trkpt>
      <trkpt lat="45.67979254759848117828369140625" lon="126.56781546771526336669921875">
        <ele>145.1999969482421875</ele>
        <time>2026-07-11T02:17:24.000Z</time>
        <extensions>
          <ns3:TrackPointExtension>
            <ns3:hr>109</ns3:hr>
          </ns3:TrackPointExtension>
        </extensions>
      </trkpt>
      <trkpt lat="45.6796903721988201141357421875" lon="126.567876152694225311279296875">
        <ele>144.8000030517578125</ele>
        <time>2026-07-11T02:17:27.000Z</time>
        <extensions>
          <ns3:TrackPointExtension>
            <ns3:hr>110</ns3:hr>
          </ns3:TrackPointExtension>
        </extensions>
      </trkpt>
      <trkpt lat="45.67943380214273929595947265625" lon="126.5680476464331150054931640625">
        <ele>144.600006103515625</ele>
        <time>2026-07-11T02:17:34.000Z</time>
        <extensions>
          <ns3:TrackPointExtension>
            <ns3:hr>111</ns3:hr>
          </ns3:TrackPointExtension>
        </extensions>
      </trkpt>
      <trkpt lat="45.67936289124190807342529296875" lon="126.56809114851057529449462890625">
        <ele>144.1999969482421875</ele>
        <time>2026-07-11T02:17:36.000Z</time>
        <extensions>
          <ns3:TrackPointExtension>
            <ns3:hr>115</ns3:hr>
          </ns3:TrackPointExtension>
        </extensions>
      </trkpt>
      <trkpt lat="45.67929424345493316650390625" lon="126.56813523732125759124755859375">
        <ele>144.1999969482421875</ele>
        <time>2026-07-11T02:17:38.000Z</time>
        <extensions>
          <ns3:TrackPointExtension>
            <ns3:hr>118</ns3:hr>
          </ns3:TrackPointExtension>
        </extensions>
      </trkpt>
      <trkpt lat="45.67917362786829471588134765625" lon="126.568179242312908172607421875">
        <ele>144.1999969482421875</ele>
        <time>2026-07-11T02:17:41.000Z</time>
        <extensions>
          <ns3:TrackPointExtension>
            <ns3:hr>121</ns3:hr>
          </ns3:TrackPointExtension>
        </extensions>
      </trkpt>
      <trkpt lat="45.6789195723831653594970703125" lon="126.5682793222367763519287109375">
        <ele>145.399993896484375</ele>
        <time>2026-07-11T02:17:48.000Z</time>
        <extensions>
          <ns3:TrackPointExtension>
            <ns3:hr>122</ns3:hr>
          </ns3:TrackPointExtension>
        </extensions>
      </trkpt>
      <trkpt lat="45.678771547973155975341796875" lon="126.5682769753038883209228515625">
        <ele>145.1999969482421875</ele>
        <time>2026-07-11T02:17:53.000Z</time>
        <extensions>
          <ns3:TrackPointExtension>
            <ns3:hr>122</ns3:hr>
          </ns3:TrackPointExtension>
        </extensions>
      </trkpt>
      <trkpt lat="45.6786188296973705291748046875" lon="126.5682565234601497650146484375">
        <ele>145.1999969482421875</ele>
        <time>2026-07-11T02:17:58.000Z</time>
        <extensions>
          <ns3:TrackPointExtension>
            <ns3:hr>122</ns3:hr>
          </ns3:TrackPointExtension>
        </extensions>
      </trkpt>
      <trkpt lat="45.678349770605564117431640625" lon="126.56826348043978214263916015625">
        <ele>145</ele>
        <time>2026-07-11T02:18:05.000Z</time>
        <extensions>
          <ns3:TrackPointExtension>
            <ns3:hr>123</ns3:hr>
          </ns3:TrackPointExtension>
        </extensions>
      </trkpt>
      <trkpt lat="45.678114406764507293701171875" lon="126.5682359039783477783203125">
        <ele>145.600006103515625</ele>
        <time>2026-07-11T02:18:11.000Z</time>
        <extensions>
          <ns3:TrackPointExtension>
            <ns3:hr>124</ns3:hr>
          </ns3:TrackPointExtension>
        </extensions>
      </trkpt>
      <trkpt lat="45.6780736707150936126708984375" lon="126.56823389232158660888671875">
        <ele>145.600006103515625</ele>
        <time>2026-07-11T02:18:12.000Z</time>
        <extensions>
          <ns3:TrackPointExtension>
            <ns3:hr>124</ns3:hr>
          </ns3:TrackPointExtension>
        </extensions>
      </trkpt>
      <trkpt lat="45.6779466010630130767822265625" lon="126.56823950819671154022216796875">
        <ele>145.600006103515625</ele>
        <time>2026-07-11T02:18:15.000Z</time>
        <extensions>
          <ns3:TrackPointExtension>
            <ns3:hr>121</ns3:hr>
          </ns3:TrackPointExtension>
        </extensions>
      </trkpt>
      <trkpt lat="45.67786554805934429168701171875" lon="126.5682360716164112091064453125">
        <ele>145.600006103515625</ele>
        <time>2026-07-11T02:18:17.000Z</time>
        <extensions>
          <ns3:TrackPointExtension>
            <ns3:hr>119</ns3:hr>
          </ns3:TrackPointExtension>
        </extensions>
      </trkpt>
      <trkpt lat="45.6777836568653583526611328125" lon="126.568226851522922515869140625">
        <ele>145.399993896484375</ele>
        <time>2026-07-11T02:18:19.000Z</time>
        <extensions>
          <ns3:TrackPointExtension>
            <ns3:hr>116</ns3:hr>
          </ns3:TrackPointExtension>
        </extensions>
      </trkpt>
      <trkpt lat="45.677621550858020782470703125" lon="126.568204723298549652099609375">
        <ele>145.600006103515625</ele>
        <time>2026-07-11T02:18:23.000Z</time>
        <extensions>
          <ns3:TrackPointExtension>
            <ns3:hr>115</ns3:hr>
          </ns3:TrackPointExtension>
        </extensions>
      </trkpt>
      <trkpt lat="45.67758500576019287109375" lon="126.5681830979883670806884765625">
        <ele>145.600006103515625</ele>
        <time>2026-07-11T02:18:24.000Z</time>
        <extensions>
          <ns3:TrackPointExtension>
            <ns3:hr>116</ns3:hr>
          </ns3:TrackPointExtension>
        </extensions>
      </trkpt>
      <trkpt lat="45.67750093527138233184814453125" lon="126.56806625425815582275390625">
        <ele>145.600006103515625</ele>
        <time>2026-07-11T02:18:27.000Z</time>
        <extensions>
          <ns3:TrackPointExtension>
            <ns3:hr>116</ns3:hr>
          </ns3:TrackPointExtension>
        </extensions>
      </trkpt>
      <trkpt lat="45.67736648954451084136962890625" lon="126.56783918850123882293701171875">
        <ele>145.8000030517578125</ele>
        <time>2026-07-11T02:18:32.000Z</time>
        <extensions>
          <ns3:TrackPointExtension>
            <ns3:hr>117</ns3:hr>
          </ns3:TrackPointExtension>
        </extensions>
      </trkpt>
      <trkpt lat="45.67725442349910736083984375" lon="126.56760466285049915313720703125">
        <ele>145.8000030517578125</ele>
        <time>2026-07-11T02:18:37.000Z</time>
        <extensions>
          <ns3:TrackPointExtension>
            <ns3:hr>116</ns3:hr>
          </ns3:TrackPointExtension>
        </extensions>
      </trkpt>
      <trkpt lat="45.67714118398725986480712890625" lon="126.56731515191495418548583984375">
        <ele>146</ele>
        <time>2026-07-11T02:18:43.000Z</time>
        <extensions>
          <ns3:TrackPointExtension>
            <ns3:hr>117</ns3:hr>
          </ns3:TrackPointExtension>
        </extensions>
      </trkpt>
      <trkpt lat="45.67707027308642864227294921875" lon="126.5671725757420063018798828125">
        <ele>146.399993896484375</ele>
        <time>2026-07-11T02:18:46.000Z</time>
        <extensions>
          <ns3:TrackPointExtension>
            <ns3:hr>118</ns3:hr>
          </ns3:TrackPointExtension>
        </extensions>
      </trkpt>
      <trkpt lat="45.67695074714720249176025390625" lon="126.56700334511697292327880859375">
        <ele>146.399993896484375</ele>
        <time>2026-07-11T02:18:50.000Z</time>
        <extensions>
          <ns3:TrackPointExtension>
            <ns3:hr>118</ns3:hr>
          </ns3:TrackPointExtension>
        </extensions>
      </trkpt>
      <trkpt lat="45.67675561644136905670166015625" lon="126.56682330183684825897216796875">
        <ele>146</ele>
        <time>2026-07-11T02:18:56.000Z</time>
        <extensions>
          <ns3:TrackPointExtension>
            <ns3:hr>116</ns3:hr>
          </ns3:TrackPointExtension>
        </extensions>
      </trkpt>
      <trkpt lat="45.67668420262634754180908203125" lon="126.566766388714313507080078125">
        <ele>146</ele>
        <time>2026-07-11T02:18:58.000Z</time>
        <extensions>
          <ns3:TrackPointExtension>
            <ns3:hr>115</ns3:hr>
          </ns3:TrackPointExtension>
        </extensions>
      </trkpt>
      <trkpt lat="45.67658579908311367034912109375" lon="126.56668491661548614501953125">
        <ele>146.1999969482421875</ele>
        <time>2026-07-11T02:19:01.000Z</time>
        <extensions>
          <ns3:TrackPointExtension>
            <ns3:hr>116</ns3:hr>
          </ns3:TrackPointExtension>
        </extensions>
      </trkpt>
      <trkpt lat="45.67645302973687648773193359375" lon="126.56656279228627681732177734375">
        <ele>146.1999969482421875</ele>
        <time>2026-07-11T02:19:05.000Z</time>
        <extensions>
          <ns3:TrackPointExtension>
            <ns3:hr>119</ns3:hr>
          </ns3:TrackPointExtension>
        </extensions>
      </trkpt>
      <trkpt lat="45.676339454948902130126953125" lon="126.56645013950765132904052734375">
        <ele>145.8000030517578125</ele>
        <time>2026-07-11T02:19:09.000Z</time>
        <extensions>
          <ns3:TrackPointExtension>
            <ns3:hr>121</ns3:hr>
          </ns3:TrackPointExtension>
        </extensions>
      </trkpt>
      <trkpt lat="45.676283799111843109130859375" lon="126.5664101578295230865478515625">
        <ele>145.8000030517578125</ele>
        <time>2026-07-11T02:19:12.000Z</time>
        <extensions>
          <ns3:TrackPointExtension>
            <ns3:hr>118</ns3:hr>
          </ns3:TrackPointExtension>
        </extensions>
      </trkpt>
      <trkpt lat="45.67623778246343135833740234375" lon="126.5664007700979709625244140625">
        <ele>145.600006103515625</ele>
        <time>2026-07-11T02:19:15.000Z</time>
        <extensions>
          <ns3:TrackPointExtension>
            <ns3:hr>116</ns3:hr>
          </ns3:TrackPointExtension>
        </extensions>
      </trkpt>
      <trkpt lat="45.67611054517328739166259765625" lon="126.56640202738344669342041015625">
        <ele>146</ele>
        <time>2026-07-11T02:19:20.000Z</time>
        <extensions>
          <ns3:TrackPointExtension>
            <ns3:hr>116</ns3:hr>
          </ns3:TrackPointExtension>
        </extensions>
      </trkpt>
      <trkpt lat="45.67604751326143741607666015625" lon="126.5664118342101573944091796875">
        <ele>145.399993896484375</ele>
        <time>2026-07-11T02:19:22.000Z</time>
        <extensions>
          <ns3:TrackPointExtension>
            <ns3:hr>116</ns3:hr>
          </ns3:TrackPointExtension>
        </extensions>
      </trkpt>
      <trkpt lat="45.67589378915727138519287109375" lon="126.56642206013202667236328125">
        <ele>144.8000030517578125</ele>
        <time>2026-07-11T02:19:26.000Z</time>
        <extensions>
          <ns3:TrackPointExtension>
            <ns3:hr>115</ns3:hr>
          </ns3:TrackPointExtension>
        </extensions>
      </trkpt>
      <trkpt lat="45.6755356304347515106201171875" lon="126.56646070070564746856689453125">
        <ele>144.600006103515625</ele>
        <time>2026-07-11T02:19:35.000Z</time>
        <extensions>
          <ns3:TrackPointExtension>
            <ns3:hr>117</ns3:hr>
          </ns3:TrackPointExtension>
        </extensions>
      </trkpt>
      <trkpt lat="45.67530236206948757171630859375" lon="126.566438488662242889404296875">
        <ele>144.399993896484375</ele>
        <time>2026-07-11T02:19:41.000Z</time>
        <extensions>
          <ns3:TrackPointExtension>
            <ns3:hr>117</ns3:hr>
          </ns3:TrackPointExtension>
        </extensions>
      </trkpt>
      <trkpt lat="45.67517227493226528167724609375" lon="126.56642599962651729583740234375">
        <ele>144.399993896484375</ele>
        <time>2026-07-11T02:19:44.000Z</time>
        <extensions>
          <ns3:TrackPointExtension>
            <ns3:hr>118</ns3:hr>
          </ns3:TrackPointExtension>
        </extensions>
      </trkpt>
      <trkpt lat="45.67504017613828182220458984375" lon="126.56641040928661823272705078125">
        <ele>144.399993896484375</ele>
        <time>2026-07-11T02:19:47.000Z</time>
        <extensions>
          <ns3:TrackPointExtension>
            <ns3:hr>118</ns3:hr>
          </ns3:TrackPointExtension>
        </extensions>
      </trkpt>
      <trkpt lat="45.67499575205147266387939453125" lon="126.56640722416341304779052734375">
        <ele>144.1999969482421875</ele>
        <time>2026-07-11T02:19:48.000Z</time>
        <extensions>
          <ns3:TrackPointExtension>
            <ns3:hr>119</ns3:hr>
          </ns3:TrackPointExtension>
        </extensions>
      </trkpt>
      <trkpt lat="45.6749029643833637237548828125" lon="126.566406302154064178466796875">
        <ele>144.1999969482421875</ele>
        <time>2026-07-11T02:19:50.000Z</time>
        <extensions>
          <ns3:TrackPointExtension>
            <ns3:hr>119</ns3:hr>
          </ns3:TrackPointExtension>
        </extensions>
      </trkpt>
      <trkpt lat="45.6748060695827007293701171875" lon="126.56643337570130825042724609375">
        <ele>144.600006103515625</ele>
        <time>2026-07-11T02:19:52.000Z</time>
        <extensions>
          <ns3:TrackPointExtension>
            <ns3:hr>120</ns3:hr>
          </ns3:TrackPointExtension>
        </extensions>
      </trkpt>
      <trkpt lat="45.67471730522811412811279296875" lon="126.56645634211599826812744140625">
        <ele>145.399993896484375</ele>
        <time>2026-07-11T02:19:54.000Z</time>
        <extensions>
          <ns3:TrackPointExtension>
            <ns3:hr>121</ns3:hr>
          </ns3:TrackPointExtension>
        </extensions>
      </trkpt>
      <trkpt lat="45.674460567533969879150390625" lon="126.56656631268560886383056640625">
        <ele>145.399993896484375</ele>
        <time>2026-07-11T02:20:00.000Z</time>
        <extensions>
          <ns3:TrackPointExtension>
            <ns3:hr>121</ns3:hr>
          </ns3:TrackPointExtension>
        </extensions>
      </trkpt>
      <trkpt lat="45.674170888960361480712890625" lon="126.56674082390964031219482421875">
        <ele>145</ele>
        <time>2026-07-11T02:20:07.000Z</time>
        <extensions>
          <ns3:TrackPointExtension>
            <ns3:hr>122</ns3:hr>
          </ns3:TrackPointExtension>
        </extensions>
      </trkpt>
      <trkpt lat="45.6738446652889251708984375" lon="126.566897816956043243408203125">
        <ele>145.600006103515625</ele>
        <time>2026-07-11T02:20:15.000Z</time>
        <extensions>
          <ns3:TrackPointExtension>
            <ns3:hr>123</ns3:hr>
          </ns3:TrackPointExtension>
        </extensions>
      </trkpt>
      <trkpt lat="45.67372329533100128173828125" lon="126.5669392235577106475830078125">
        <ele>145.399993896484375</ele>
        <time>2026-07-11T02:20:19.000Z</time>
        <extensions>
          <ns3:TrackPointExtension>
            <ns3:hr>126</ns3:hr>
          </ns3:TrackPointExtension>
        </extensions>
      </trkpt>
      <trkpt lat="45.673677027225494384765625" lon="126.56695925630629062652587890625">
        <ele>145.399993896484375</ele>
        <time>2026-07-11T02:20:21.000Z</time>
        <extensions>
          <ns3:TrackPointExtension>
            <ns3:hr>126</ns3:hr>
          </ns3:TrackPointExtension>
        </extensions>
      </trkpt>
      <trkpt lat="45.67354132421314716339111328125" lon="126.56699714250862598419189453125">
        <ele>145.1999969482421875</ele>
        <time>2026-07-11T02:20:26.000Z</time>
        <extensions>
          <ns3:TrackPointExtension>
            <ns3:hr>124</ns3:hr>
          </ns3:TrackPointExtension>
        </extensions>
      </trkpt>
      <trkpt lat="45.6734482012689113616943359375" lon="126.56703368760645389556884765625">
        <ele>145.1999969482421875</ele>
        <time>2026-07-11T02:20:30.000Z</time>
        <extensions>
          <ns3:TrackPointExtension>
            <ns3:hr>121</ns3:hr>
          </ns3:TrackPointExtension>
        </extensions>
      </trkpt>
      <trkpt lat="45.67339715547859668731689453125" lon="126.5670471824705600738525390625">
        <ele>145.1999969482421875</ele>
        <time>2026-07-11T02:20:32.000Z</time>
        <extensions>
          <ns3:TrackPointExtension>
            <ns3:hr>121</ns3:hr>
          </ns3:TrackPointExtension>
        </extensions>
      </trkpt>
      <trkpt lat="45.673224739730358123779296875" lon="126.5670917741954326629638671875">
        <ele>145.1999969482421875</ele>
        <time>2026-07-11T02:20:38.000Z</time>
        <extensions>
          <ns3:TrackPointExtension>
            <ns3:hr>120</ns3:hr>
          </ns3:TrackPointExtension>
        </extensions>
      </trkpt>
      <trkpt lat="45.67306187935173511505126953125" lon="126.5671415627002716064453125">
        <ele>145.1999969482421875</ele>
        <time>2026-07-11T02:20:43.000Z</time>
        <extensions>
          <ns3:TrackPointExtension>
            <ns3:hr>117</ns3:hr>
          </ns3:TrackPointExtension>
        </extensions>
      </trkpt>
      <trkpt lat="45.67299348302185535430908203125" lon="126.567152626812458038330078125">
        <ele>145.1999969482421875</ele>
        <time>2026-07-11T02:20:45.000Z</time>
        <extensions>
          <ns3:TrackPointExtension>
            <ns3:hr>117</ns3:hr>
          </ns3:TrackPointExtension>
        </extensions>
      </trkpt>
      <trkpt lat="45.67283070646226406097412109375" lon="126.567196547985076904296875">
        <ele>145.1999969482421875</ele>
        <time>2026-07-11T02:20:50.000Z</time>
        <extensions>
          <ns3:TrackPointExtension>
            <ns3:hr>118</ns3:hr>
          </ns3:TrackPointExtension>
        </extensions>
      </trkpt>
      <trkpt lat="45.67260288633406162261962890625" lon="126.5672476775944232940673828125">
        <ele>145.399993896484375</ele>
        <time>2026-07-11T02:20:57.000Z</time>
        <extensions>
          <ns3:TrackPointExtension>
            <ns3:hr>119</ns3:hr>
          </ns3:TrackPointExtension>
        </extensions>
      </trkpt>
      <trkpt lat="45.6725235097110271453857421875" lon="126.56727257184684276580810546875">
        <ele>145.399993896484375</ele>
        <time>2026-07-11T02:21:02.000Z</time>
        <extensions>
          <ns3:TrackPointExtension>
            <ns3:hr>119</ns3:hr>
          </ns3:TrackPointExtension>
        </extensions>
      </trkpt>
      <trkpt lat="45.672522000968456268310546875" lon="126.5672703087329864501953125">
        <ele>145.399993896484375</ele>
        <time>2026-07-11T02:21:13.000Z</time>
        <extensions>
          <ns3:TrackPointExtension>
            <ns3:hr>117</ns3:hr>
          </ns3:TrackPointExtension>
        </extensions>
      </trkpt>
      <trkpt lat="45.672522000968456268310546875" lon="126.5672703087329864501953125">
        <ele>145.1999969482421875</ele>
        <time>2026-07-11T02:21:20.000Z</time>
        <extensions>
          <ns3:TrackPointExtension>
            <ns3:hr>117</ns3:hr>
          </ns3:TrackPointExtension>
        </extensions>
      </trkpt>
      <trkpt lat="45.67250833846628665924072265625" lon="126.567276678979396820068359375">
        <ele>145.1999969482421875</ele>
        <time>2026-07-11T02:21:29.000Z</time>
        <extensions>
          <ns3:TrackPointExtension>
            <ns3:hr>115</ns3:hr>
          </ns3:TrackPointExtension>
        </extensions>
      </trkpt>
      <trkpt lat="45.67248302511870861053466796875" lon="126.56731850467622280120849609375">
        <ele>145.1999969482421875</ele>
        <time>2026-07-11T02:21:34.000Z</time>
        <extensions>
          <ns3:TrackPointExtension>
            <ns3:hr>117</ns3:hr>
          </ns3:TrackPointExtension>
        </extensions>
      </trkpt>
      <trkpt lat="45.6724745593965053558349609375" lon="126.56732470728456974029541015625">
        <ele>145.399993896484375</ele>
        <time>2026-07-11T02:21:35.000Z</time>
        <extensions>
          <ns3:TrackPointExtension>
            <ns3:hr>118</ns3:hr>
          </ns3:TrackPointExtension>
        </extensions>
      </trkpt>
      <trkpt lat="45.6724096834659576416015625" lon="126.56732604838907718658447265625">
        <ele>145.1999969482421875</ele>
        <time>2026-07-11T02:21:39.000Z</time>
        <extensions>
          <ns3:TrackPointExtension>
            <ns3:hr>118</ns3:hr>
          </ns3:TrackPointExtension>
        </extensions>
      </trkpt>
      <trkpt lat="45.67232930101454257965087890625" lon="126.56732437200844287872314453125">
        <ele>145</ele>
        <time>2026-07-11T02:21:43.000Z</time>
        <extensions>
          <ns3:TrackPointExtension>
            <ns3:hr>121</ns3:hr>
          </ns3:TrackPointExtension>
        </extensions>
      </trkpt>
      <trkpt lat="45.67227599211037158966064453125" lon="126.5673190914094448089599609375">
        <ele>145</ele>
        <time>2026-07-11T02:21:45.000Z</time>
        <extensions>
          <ns3:TrackPointExtension>
            <ns3:hr>124</ns3:hr>
          </ns3:TrackPointExtension>
        </extensions>
      </trkpt>
      <trkpt lat="45.67221597768366336822509765625" lon="126.5673140622675418853759765625">
        <ele>145</ele>
        <time>2026-07-11T02:21:47.000Z</time>
        <extensions>
          <ns3:TrackPointExtension>
            <ns3:hr>123</ns3:hr>
          </ns3:TrackPointExtension>
        </extensions>
      </trkpt>
      <trkpt lat="45.6720806099474430084228515625" lon="126.5673140622675418853759765625">
        <ele>145.399993896484375</ele>
        <time>2026-07-11T02:21:52.000Z</time>
        <extensions>
          <ns3:TrackPointExtension>
            <ns3:hr>121</ns3:hr>
          </ns3:TrackPointExtension>
        </extensions>
      </trkpt>
      <trkpt lat="45.6718812882900238037109375" lon="126.56731196679174900054931640625">
        <ele>145.1999969482421875</ele>
        <time>2026-07-11T02:21:58.000Z</time>
        <extensions>
          <ns3:TrackPointExtension>
            <ns3:hr>120</ns3:hr>
          </ns3:TrackPointExtension>
        </extensions>
      </trkpt>
      <trkpt lat="45.67173670046031475067138671875" lon="126.56729377806186676025390625">
        <ele>145.1999969482421875</ele>
        <time>2026-07-11T02:22:02.000Z</time>
        <extensions>
          <ns3:TrackPointExtension>
            <ns3:hr>124</ns3:hr>
          </ns3:TrackPointExtension>
        </extensions>
      </trkpt>
      <trkpt lat="45.671705938875675201416015625" lon="126.5672818757593631744384765625">
        <ele>145.399993896484375</ele>
        <time>2026-07-11T02:22:03.000Z</time>
        <extensions>
          <ns3:TrackPointExtension>
            <ns3:hr>124</ns3:hr>
          </ns3:TrackPointExtension>
        </extensions>
      </trkpt>
      <trkpt lat="45.67153084091842174530029296875" lon="126.56725999899208545684814453125">
        <ele>145.600006103515625</ele>
        <time>2026-07-11T02:22:08.000Z</time>
        <extensions>
          <ns3:TrackPointExtension>
            <ns3:hr>125</ns3:hr>
          </ns3:TrackPointExtension>
        </extensions>
      </trkpt>
      <trkpt lat="45.67133755423128604888916015625" lon="126.5672332607209682464599609375">
        <ele>145.8000030517578125</ele>
        <time>2026-07-11T02:22:14.000Z</time>
        <extensions>
          <ns3:TrackPointExtension>
            <ns3:hr>124</ns3:hr>
          </ns3:TrackPointExtension>
        </extensions>
      </trkpt>
      <trkpt lat="45.67114963196218013763427734375" lon="126.56719612888991832733154296875">
        <ele>146</ele>
        <time>2026-07-11T02:22:20.000Z</time>
        <extensions>
          <ns3:TrackPointExtension>
            <ns3:hr>124</ns3:hr>
          </ns3:TrackPointExtension>
        </extensions>
      </trkpt>
      <trkpt lat="45.67106145434081554412841796875" lon="126.5671792812645435333251953125">
        <ele>146</ele>
        <time>2026-07-11T02:22:24.000Z</time>
        <extensions>
          <ns3:TrackPointExtension>
            <ns3:hr>121</ns3:hr>
          </ns3:TrackPointExtension>
        </extensions>
      </trkpt>
      <trkpt lat="45.6710432656109333038330078125" lon="126.5671710669994354248046875">
        <ele>146.1999969482421875</ele>
        <time>2026-07-11T02:22:25.000Z</time>
        <extensions>
          <ns3:TrackPointExtension>
            <ns3:hr>114</ns3:hr>
          </ns3:TrackPointExtension>
        </extensions>
      </trkpt>
      <trkpt lat="45.67101032473146915435791015625" lon="126.567155979573726654052734375">
        <ele>146.399993896484375</ele>
        <time>2026-07-11T02:22:27.000Z</time>
        <extensions>
          <ns3:TrackPointExtension>
            <ns3:hr>111</ns3:hr>
          </ns3:TrackPointExtension>
        </extensions>
      </trkpt>
      <trkpt lat="45.6709440238773822784423828125" lon="126.5671336837112903594970703125">
        <ele>146.399993896484375</ele>
        <time>2026-07-11T02:22:31.000Z</time>
        <extensions>
          <ns3:TrackPointExtension>
            <ns3:hr>110</ns3:hr>
          </ns3:TrackPointExtension>
        </extensions>
      </trkpt>
      <trkpt lat="45.67077730782330036163330078125" lon="126.567071489989757537841796875">
        <ele>146.1999969482421875</ele>
        <time>2026-07-11T02:22:38.000Z</time>
        <extensions>
          <ns3:TrackPointExtension>
            <ns3:hr>111</ns3:hr>
          </ns3:TrackPointExtension>
        </extensions>
      </trkpt>
      <trkpt lat="45.67059625871479511260986328125" lon="126.56702664680778980255126953125">
        <ele>146.1999969482421875</ele>
        <time>2026-07-11T02:22:45.000Z</time>
        <extensions>
          <ns3:TrackPointExtension>
            <ns3:hr>113</ns3:hr>
          </ns3:TrackPointExtension>
        </extensions>
      </trkpt>
      <trkpt lat="45.670413784682750701904296875" lon="126.56705531291663646697998046875">
        <ele>146</ele>
        <time>2026-07-11T02:22:51.000Z</time>
        <extensions>
          <ns3:TrackPointExtension>
            <ns3:hr>114</ns3:hr>
          </ns3:TrackPointExtension>
        </extensions>
      </trkpt>
      <trkpt lat="45.6703080050647258758544921875" lon="126.56706319190561771392822265625">
        <ele>146.1999969482421875</ele>
        <time>2026-07-11T02:22:56.000Z</time>
        <extensions>
          <ns3:TrackPointExtension>
            <ns3:hr>114</ns3:hr>
          </ns3:TrackPointExtension>
        </extensions>
      </trkpt>
      <trkpt lat="45.67029652185738086700439453125" lon="126.5670770220458507537841796875">
        <ele>146.399993896484375</ele>
        <time>2026-07-11T02:22:57.000Z</time>
        <extensions>
          <ns3:TrackPointExtension>
            <ns3:hr>113</ns3:hr>
          </ns3:TrackPointExtension>
        </extensions>
      </trkpt>
      <trkpt lat="45.67019828595221042633056640625" lon="126.5671554766595363616943359375">
        <ele>146.399993896484375</ele>
        <time>2026-07-11T02:23:01.000Z</time>
        <extensions>
          <ns3:TrackPointExtension>
            <ns3:hr>110</ns3:hr>
          </ns3:TrackPointExtension>
        </extensions>
      </trkpt>
      <trkpt lat="45.67016936838626861572265625" lon="126.56721808947622776031494140625">
        <ele>146.8000030517578125</ele>
        <time>2026-07-11T02:23:03.000Z</time>
        <extensions>
          <ns3:TrackPointExtension>
            <ns3:hr>109</ns3:hr>
          </ns3:TrackPointExtension>
        </extensions>
      </trkpt>
      <trkpt lat="45.67012988962233066558837890625" lon="126.5672788582742214202880859375">
        <ele>147</ele>
        <time>2026-07-11T02:23:05.000Z</time>
        <extensions>
          <ns3:TrackPointExtension>
            <ns3:hr>108</ns3:hr>
          </ns3:TrackPointExtension>
        </extensions>
      </trkpt>
      <trkpt lat="45.670077838003635406494140625" lon="126.5673412196338176727294921875">
        <ele>147.399993896484375</ele>
        <time>2026-07-11T02:23:08.000Z</time>
        <extensions>
          <ns3:TrackPointExtension>
            <ns3:hr>108</ns3:hr>
          </ns3:TrackPointExtension>
        </extensions>
      </trkpt>
      <trkpt lat="45.670061074197292327880859375" lon="126.56734163872897624969482421875">
        <ele>147.399993896484375</ele>
        <time>2026-07-11T02:23:09.000Z</time>
        <extensions>
          <ns3:TrackPointExtension>
            <ns3:hr>108</ns3:hr>
          </ns3:TrackPointExtension>
        </extensions>
      </trkpt>
      <trkpt lat="45.669981949031352996826171875" lon="126.56735957600176334381103515625">
        <ele>147.399993896484375</ele>
        <time>2026-07-11T02:23:14.000Z</time>
        <extensions>
          <ns3:TrackPointExtension>
            <ns3:hr>109</ns3:hr>
          </ns3:TrackPointExtension>
        </extensions>
      </trkpt>
      <trkpt lat="45.66983719356358051300048828125" lon="126.5673747472465038299560546875">
        <ele>146.8000030517578125</ele>
        <time>2026-07-11T02:23:19.000Z</time>
        <extensions>
          <ns3:TrackPointExtension>
            <ns3:hr>110</ns3:hr>
          </ns3:TrackPointExtension>
        </extensions>
      </trkpt>
      <trkpt lat="45.6698106229305267333984375" lon="126.56739980913698673248291015625">
        <ele>146.8000030517578125</ele>
        <time>2026-07-11T02:23:21.000Z</time>
        <extensions>
          <ns3:TrackPointExtension>
            <ns3:hr>111</ns3:hr>
          </ns3:TrackPointExtension>
        </extensions>
      </trkpt>
      <trkpt lat="45.66981037147343158721923828125" lon="126.56740668229758739471435546875">
        <ele>146.8000030517578125</ele>
        <time>2026-07-11T02:23:23.000Z</time>
        <extensions>
          <ns3:TrackPointExtension>
            <ns3:hr>111</ns3:hr>
          </ns3:TrackPointExtension>
        </extensions>
      </trkpt>
      <trkpt lat="45.669809281826019287109375" lon="126.567402742803096771240234375">
        <ele>146.600006103515625</ele>
        <time>2026-07-11T02:23:27.000Z</time>
        <extensions>
          <ns3:TrackPointExtension>
            <ns3:hr>111</ns3:hr>
          </ns3:TrackPointExtension>
        </extensions>
      </trkpt>
      <trkpt lat="45.66982629708945751190185546875" lon="126.56740316189825534820556640625">
        <ele>146.8000030517578125</ele>
        <time>2026-07-11T02:23:34.000Z</time>
        <extensions>
          <ns3:TrackPointExtension>
            <ns3:hr>112</ns3:hr>
          </ns3:TrackPointExtension>
        </extensions>
      </trkpt>
      <trkpt lat="45.669842474162578582763671875" lon="126.56740047968924045562744140625">
        <ele>146.8000030517578125</ele>
        <time>2026-07-11T02:23:35.000Z</time>
        <extensions>
          <ns3:TrackPointExtension>
            <ns3:hr>115</ns3:hr>
          </ns3:TrackPointExtension>
        </extensions>
      </trkpt>
      <trkpt lat="45.66985311917960643768310546875" lon="126.56739729456603527069091796875">
        <ele>146.8000030517578125</ele>
        <time>2026-07-11T02:23:36.000Z</time>
        <extensions>
          <ns3:TrackPointExtension>
            <ns3:hr>120</ns3:hr>
          </ns3:TrackPointExtension>
        </extensions>
      </trkpt>
      <trkpt lat="45.66986032761633396148681640625" lon="126.56739109195768833160400390625">
        <ele>147</ele>
        <time>2026-07-11T02:23:37.000Z</time>
        <extensions>
          <ns3:TrackPointExtension>
            <ns3:hr>126</ns3:hr>
          </ns3:TrackPointExtension>
        </extensions>
      </trkpt>
      <trkpt lat="45.66986233927309513092041015625" lon="126.567395366728305816650390625">
        <ele>147</ele>
        <time>2026-07-11T02:23:38.000Z</time>
        <extensions>
          <ns3:TrackPointExtension>
            <ns3:hr>129</ns3:hr>
          </ns3:TrackPointExtension>
        </extensions>
      </trkpt>
      <trkpt lat="45.6698617525398731231689453125" lon="126.5673982165753841400146484375">
        <ele>147</ele>
        <time>2026-07-11T02:23:39.000Z</time>
        <extensions>
          <ns3:TrackPointExtension>
            <ns3:hr>130</ns3:hr>
          </ns3:TrackPointExtension>
        </extensions>
      </trkpt>
      <trkpt lat="45.66986166872084140777587890625" lon="126.567398048937320709228515625">
        <ele>147</ele>
        <time>2026-07-11T02:23:41.000Z</time>
        <extensions>
          <ns3:TrackPointExtension>
            <ns3:hr>130</ns3:hr>
          </ns3:TrackPointExtension>
        </extensions>
      </trkpt>
      <trkpt lat="45.669857896864414215087890625" lon="126.5674072690308094024658203125">
        <ele>146.8000030517578125</ele>
        <time>2026-07-11T02:23:44.000Z</time>
        <extensions>
          <ns3:TrackPointExtension>
            <ns3:hr>130</ns3:hr>
          </ns3:TrackPointExtension>
        </extensions>
      </trkpt>
      <trkpt lat="45.66987038590013980865478515625" lon="126.5674330852925777435302734375">
        <ele>146.1999969482421875</ele>
        <time>2026-07-11T02:23:49.000Z</time>
        <extensions>
          <ns3:TrackPointExtension>
            <ns3:hr>130</ns3:hr>
          </ns3:TrackPointExtension>
        </extensions>
      </trkpt>
      <trkpt lat="45.6698624230921268463134765625" lon="126.5674247033894062042236328125">
        <ele>146.1999969482421875</ele>
        <time>2026-07-11T02:23:50.000Z</time>
        <extensions>
          <ns3:TrackPointExtension>
            <ns3:hr>129</ns3:hr>
          </ns3:TrackPointExtension>
        </extensions>
      </trkpt>
      <trkpt lat="45.66986904479563236236572265625" lon="126.567429564893245697021484375">
        <ele>146.399993896484375</ele>
        <time>2026-07-11T02:23:55.000Z</time>
        <extensions>
          <ns3:TrackPointExtension>
            <ns3:hr>125</ns3:hr>
          </ns3:TrackPointExtension>
        </extensions>
      </trkpt>
      <trkpt lat="45.6698687933385372161865234375" lon="126.5674293972551822662353515625">
        <ele>146.399993896484375</ele>
        <time>2026-07-11T02:23:57.000Z</time>
        <extensions>
          <ns3:TrackPointExtension>
            <ns3:hr>123</ns3:hr>
          </ns3:TrackPointExtension>
        </extensions>
      </trkpt>
      <trkpt lat="45.66986921243369579315185546875" lon="126.56742797233164310455322265625">
        <ele>146.399993896484375</ele>
        <time>2026-07-11T02:24:07.000Z</time>
        <extensions>
          <ns3:TrackPointExtension>
            <ns3:hr>120</ns3:hr>
          </ns3:TrackPointExtension>
        </extensions>
      </trkpt>
      <trkpt lat="45.669873990118503570556640625" lon="126.567416489124298095703125">
        <ele>146.399993896484375</ele>
        <time>2026-07-11T02:24:12.000Z</time>
        <extensions>
          <ns3:TrackPointExtension>
            <ns3:hr>118</ns3:hr>
          </ns3:TrackPointExtension>
        </extensions>
      </trkpt>
      <trkpt lat="45.66988212056457996368408203125" lon="126.567422188818454742431640625">
        <ele>146.399993896484375</ele>
        <time>2026-07-11T02:24:22.000Z</time>
        <extensions>
          <ns3:TrackPointExtension>
            <ns3:hr>119</ns3:hr>
          </ns3:TrackPointExtension>
        </extensions>
      </trkpt>
      <trkpt lat="45.6698905862867832183837890625" lon="126.5674102865159511566162109375">
        <ele>146.399993896484375</ele>
        <time>2026-07-11T02:24:28.000Z</time>
        <extensions>
          <ns3:TrackPointExtension>
            <ns3:hr>119</ns3:hr>
          </ns3:TrackPointExtension>
        </extensions>
      </trkpt>
      <trkpt lat="45.669896788895130157470703125" lon="126.5674059279263019561767578125">
        <ele>146.399993896484375</ele>
        <time>2026-07-11T02:24:29.000Z</time>
        <extensions>
          <ns3:TrackPointExtension>
            <ns3:hr>119</ns3:hr>
          </ns3:TrackPointExtension>
        </extensions>
      </trkpt>
      <trkpt lat="45.6699207611382007598876953125" lon="126.567390002310276031494140625">
        <ele>146.600006103515625</ele>
        <time>2026-07-11T02:24:32.000Z</time>
        <extensions>
          <ns3:TrackPointExtension>
            <ns3:hr>120</ns3:hr>
          </ns3:TrackPointExtension>
        </extensions>
      </trkpt>
      <trkpt lat="45.6699455715715885162353515625" lon="126.56738153658807277679443359375">
        <ele>146.600006103515625</ele>
        <time>2026-07-11T02:24:34.000Z</time>
        <extensions>
          <ns3:TrackPointExtension>
            <ns3:hr>120</ns3:hr>
          </ns3:TrackPointExtension>
        </extensions>
      </trkpt>
      <trkpt lat="45.66996208392083644866943359375" lon="126.56738757155835628509521484375">
        <ele>146.8000030517578125</ele>
        <time>2026-07-11T02:24:38.000Z</time>
        <extensions>
          <ns3:TrackPointExtension>
            <ns3:hr>120</ns3:hr>
          </ns3:TrackPointExtension>
        </extensions>
      </trkpt>
      <trkpt lat="45.6699603237211704254150390625" lon="126.56738170422613620758056640625">
        <ele>146.8000030517578125</ele>
        <time>2026-07-11T02:24:44.000Z</time>
        <extensions>
          <ns3:TrackPointExtension>
            <ns3:hr>117</ns3:hr>
          </ns3:TrackPointExtension>
        </extensions>
      </trkpt>
      <trkpt lat="45.66996191628277301788330078125" lon="126.56738757155835628509521484375">
        <ele>146.600006103515625</ele>
        <time>2026-07-11T02:24:45.000Z</time>
        <extensions>
          <ns3:TrackPointExtension>
            <ns3:hr>115</ns3:hr>
          </ns3:TrackPointExtension>
        </extensions>
      </trkpt>
      <trkpt lat="45.6699653528630733489990234375" lon="126.56737516634166240692138671875">
        <ele>147</ele>
        <time>2026-07-11T02:24:51.000Z</time>
        <extensions>
          <ns3:TrackPointExtension>
            <ns3:hr>113</ns3:hr>
          </ns3:TrackPointExtension>
        </extensions>
      </trkpt>
      <trkpt lat="45.66996191628277301788330078125" lon="126.56738757155835628509521484375">
        <ele>146.8000030517578125</ele>
        <time>2026-07-11T02:24:58.000Z</time>
        <extensions>
          <ns3:TrackPointExtension>
            <ns3:hr>114</ns3:hr>
          </ns3:TrackPointExtension>
        </extensions>
      </trkpt>
      <trkpt lat="45.66996191628277301788330078125" lon="126.56738757155835628509521484375">
        <ele>146.8000030517578125</ele>
        <time>2026-07-11T02:25:02.000Z</time>
        <extensions>
          <ns3:TrackPointExtension>
            <ns3:hr>117</ns3:hr>
          </ns3:TrackPointExtension>
        </extensions>
      </trkpt>
      <trkpt lat="45.66996191628277301788330078125" lon="126.56738757155835628509521484375">
        <ele>146.8000030517578125</ele>
        <time>2026-07-11T02:25:09.000Z</time>
        <extensions>
          <ns3:TrackPointExtension>
            <ns3:hr>119</ns3:hr>
          </ns3:TrackPointExtension>
        </extensions>
      </trkpt>
      <trkpt lat="45.669963844120502471923828125" lon="126.5673804469406604766845703125">
        <ele>146.8000030517578125</ele>
        <time>2026-07-11T02:25:15.000Z</time>
        <extensions>
          <ns3:TrackPointExtension>
            <ns3:hr>119</ns3:hr>
          </ns3:TrackPointExtension>
        </extensions>
      </trkpt>
      <trkpt lat="45.66994816996157169342041015625" lon="126.56738354824483394622802734375">
        <ele>146.600006103515625</ele>
        <time>2026-07-11T02:25:17.000Z</time>
        <extensions>
          <ns3:TrackPointExtension>
            <ns3:hr>118</ns3:hr>
          </ns3:TrackPointExtension>
        </extensions>
      </trkpt>
      <trkpt lat="45.66992453299462795257568359375" lon="126.56738790683448314666748046875">
        <ele>146.1999969482421875</ele>
        <time>2026-07-11T02:25:19.000Z</time>
        <extensions>
          <ns3:TrackPointExtension>
            <ns3:hr>121</ns3:hr>
          </ns3:TrackPointExtension>
        </extensions>
      </trkpt>
      <trkpt lat="45.6698749959468841552734375" lon="126.56739863567054271697998046875">
        <ele>146.1999969482421875</ele>
        <time>2026-07-11T02:25:23.000Z</time>
        <extensions>
          <ns3:TrackPointExtension>
            <ns3:hr>121</ns3:hr>
          </ns3:TrackPointExtension>
        </extensions>
      </trkpt>
      <trkpt lat="45.6698741577565670013427734375" lon="126.567399390041828155517578125">
        <ele>146.1999969482421875</ele>
        <time>2026-07-11T02:25:28.000Z</time>
        <extensions>
          <ns3:TrackPointExtension>
            <ns3:hr>124</ns3:hr>
          </ns3:TrackPointExtension>
        </extensions>
      </trkpt>
      <trkpt lat="45.66987658850848674774169921875" lon="126.5673811174929141998291015625">
        <ele>146.399993896484375</ele>
        <time>2026-07-11T02:25:33.000Z</time>
        <extensions>
          <ns3:TrackPointExtension>
            <ns3:hr>126</ns3:hr>
          </ns3:TrackPointExtension>
        </extensions>
      </trkpt>
      <trkpt lat="45.6698615849018096923828125" lon="126.56738656572997570037841796875">
        <ele>146.399993896484375</ele>
        <time>2026-07-11T02:25:40.000Z</time>
        <extensions>
          <ns3:TrackPointExtension>
            <ns3:hr>125</ns3:hr>
          </ns3:TrackPointExtension>
        </extensions>
      </trkpt>
      <trkpt lat="45.66984239034354686737060546875" lon="126.56738338060677051544189453125">
        <ele>146.600006103515625</ele>
        <time>2026-07-11T02:25:44.000Z</time>
        <extensions>
          <ns3:TrackPointExtension>
            <ns3:hr>123</ns3:hr>
          </ns3:TrackPointExtension>
        </extensions>
      </trkpt>
      <trkpt lat="45.66983350552618503570556640625" lon="126.56738203950226306915283203125">
        <ele>146.399993896484375</ele>
        <time>2026-07-11T02:25:45.000Z</time>
        <extensions>
          <ns3:TrackPointExtension>
            <ns3:hr>123</ns3:hr>
          </ns3:TrackPointExtension>
        </extensions>
      </trkpt>
      <trkpt lat="45.66979251801967620849609375" lon="126.567390002310276031494140625">
        <ele>146.399993896484375</ele>
        <time>2026-07-11T02:25:47.000Z</time>
        <extensions>
          <ns3:TrackPointExtension>
            <ns3:hr>126</ns3:hr>
          </ns3:TrackPointExtension>
        </extensions>
      </trkpt>
      <trkpt lat="45.669767372310161590576171875" lon="126.56739813275635242462158203125">
        <ele>146.399993896484375</ele>
        <time>2026-07-11T02:25:48.000Z</time>
        <extensions>
          <ns3:TrackPointExtension>
            <ns3:hr>129</ns3:hr>
          </ns3:TrackPointExtension>
        </extensions>
      </trkpt>
      <trkpt lat="45.6697417236864566802978515625" lon="126.56740986742079257965087890625">
        <ele>146.399993896484375</ele>
        <time>2026-07-11T02:25:49.000Z</time>
        <extensions>
          <ns3:TrackPointExtension>
            <ns3:hr>132</ns3:hr>
          </ns3:TrackPointExtension>
        </extensions>
      </trkpt>
      <trkpt lat="45.6697167456150054931640625" lon="126.5674166567623615264892578125">
        <ele>146.399993896484375</ele>
        <time>2026-07-11T02:25:50.000Z</time>
        <extensions>
          <ns3:TrackPointExtension>
            <ns3:hr>132</ns3:hr>
          </ns3:TrackPointExtension>
        </extensions>
      </trkpt>
      <trkpt lat="45.6696800328791141510009765625" lon="126.56744842417538166046142578125">
        <ele>146.1999969482421875</ele>
        <time>2026-07-11T02:25:51.000Z</time>
        <extensions>
          <ns3:TrackPointExtension>
            <ns3:hr>132</ns3:hr>
          </ns3:TrackPointExtension>
        </extensions>
      </trkpt>
      <trkpt lat="45.66962244920432567596435546875" lon="126.5675063431262969970703125">
        <ele>146.1999969482421875</ele>
        <time>2026-07-11T02:25:53.000Z</time>
        <extensions>
          <ns3:TrackPointExtension>
            <ns3:hr>132</ns3:hr>
          </ns3:TrackPointExtension>
        </extensions>
      </trkpt>
      <trkpt lat="45.66942882724106311798095703125" lon="126.56770457513630390167236328125">
        <ele>145.600006103515625</ele>
        <time>2026-07-11T02:26:00.000Z</time>
        <extensions>
          <ns3:TrackPointExtension>
            <ns3:hr>131</ns3:hr>
          </ns3:TrackPointExtension>
        </extensions>
      </trkpt>
      <trkpt lat="45.6693333573639392852783203125" lon="126.5678739733994007110595703125">
        <ele>145.1999969482421875</ele>
        <time>2026-07-11T02:26:04.000Z</time>
        <extensions>
          <ns3:TrackPointExtension>
            <ns3:hr>129</ns3:hr>
          </ns3:TrackPointExtension>
        </extensions>
      </trkpt>
      <trkpt lat="45.66931114532053470611572265625" lon="126.5679309703409671783447265625">
        <ele>145</ele>
        <time>2026-07-11T02:26:05.000Z</time>
        <extensions>
          <ns3:TrackPointExtension>
            <ns3:hr>129</ns3:hr>
          </ns3:TrackPointExtension>
        </extensions>
      </trkpt>
      <trkpt lat="45.6692133285105228424072265625" lon="126.56825845129787921905517578125">
        <ele>144.399993896484375</ele>
        <time>2026-07-11T02:26:10.000Z</time>
        <extensions>
          <ns3:TrackPointExtension>
            <ns3:hr>130</ns3:hr>
          </ns3:TrackPointExtension>
        </extensions>
      </trkpt>
      <trkpt lat="45.669201426208019256591796875" lon="126.568319387733936309814453125">
        <ele>144.600006103515625</ele>
        <time>2026-07-11T02:26:11.000Z</time>
        <extensions>
          <ns3:TrackPointExtension>
            <ns3:hr>130</ns3:hr>
          </ns3:TrackPointExtension>
        </extensions>
      </trkpt>
      <trkpt lat="45.6690953113138675689697265625" lon="126.5686498023569583892822265625">
        <ele>144.600006103515625</ele>
        <time>2026-07-11T02:26:18.000Z</time>
        <extensions>
          <ns3:TrackPointExtension>
            <ns3:hr>128</ns3:hr>
          </ns3:TrackPointExtension>
        </extensions>
      </trkpt>
      <trkpt lat="45.66896027885377407073974609375" lon="126.568835712969303131103515625">
        <ele>144.399993896484375</ele>
        <time>2026-07-11T02:26:24.000Z</time>
        <extensions>
          <ns3:TrackPointExtension>
            <ns3:hr>127</ns3:hr>
          </ns3:TrackPointExtension>
        </extensions>
      </trkpt>
      <trkpt lat="45.6689135916531085968017578125" lon="126.5688769519329071044921875">
        <ele>144.399993896484375</ele>
        <time>2026-07-11T02:26:26.000Z</time>
        <extensions>
          <ns3:TrackPointExtension>
            <ns3:hr>126</ns3:hr>
          </ns3:TrackPointExtension>
        </extensions>
      </trkpt>
      <trkpt lat="45.668791718780994415283203125" lon="126.56893528997898101806640625">
        <ele>144.8000030517578125</ele>
        <time>2026-07-11T02:26:31.000Z</time>
        <extensions>
          <ns3:TrackPointExtension>
            <ns3:hr>124</ns3:hr>
          </ns3:TrackPointExtension>
        </extensions>
      </trkpt>
      <trkpt lat="45.66856674849987030029296875" lon="126.56899555586278438568115234375">
        <ele>144.8000030517578125</ele>
        <time>2026-07-11T02:26:38.000Z</time>
        <extensions>
          <ns3:TrackPointExtension>
            <ns3:hr>123</ns3:hr>
          </ns3:TrackPointExtension>
        </extensions>
      </trkpt>
      <trkpt lat="45.66840439103543758392333984375" lon="126.56900678761303424835205078125">
        <ele>144.399993896484375</ele>
        <time>2026-07-11T02:26:44.000Z</time>
        <extensions>
          <ns3:TrackPointExtension>
            <ns3:hr>119</ns3:hr>
          </ns3:TrackPointExtension>
        </extensions>
      </trkpt>
      <trkpt lat="45.6683778204023838043212890625" lon="126.569005362689495086669921875">
        <ele>144.399993896484375</ele>
        <time>2026-07-11T02:26:45.000Z</time>
        <extensions>
          <ns3:TrackPointExtension>
            <ns3:hr>118</ns3:hr>
          </ns3:TrackPointExtension>
        </extensions>
      </trkpt>
      <trkpt lat="45.6682453863322734832763671875" lon="126.5689857490360736846923828125">
        <ele>144.8000030517578125</ele>
        <time>2026-07-11T02:26:49.000Z</time>
        <extensions>
          <ns3:TrackPointExtension>
            <ns3:hr>114</ns3:hr>
          </ns3:TrackPointExtension>
        </extensions>
      </trkpt>
      <trkpt lat="45.66821261309087276458740234375" lon="126.56898088753223419189453125">
        <ele>144.8000030517578125</ele>
        <time>2026-07-11T02:26:50.000Z</time>
        <extensions>
          <ns3:TrackPointExtension>
            <ns3:hr>109</ns3:hr>
          </ns3:TrackPointExtension>
        </extensions>
      </trkpt>
      <trkpt lat="45.6681038998067378997802734375" lon="126.56897443346679210662841796875">
        <ele>144.600006103515625</ele>
        <time>2026-07-11T02:26:53.000Z</time>
        <extensions>
          <ns3:TrackPointExtension>
            <ns3:hr>107</ns3:hr>
          </ns3:TrackPointExtension>
        </extensions>
      </trkpt>
      <trkpt lat="45.6678685359656810760498046875" lon="126.56897376291453838348388671875">
        <ele>144.8000030517578125</ele>
        <time>2026-07-11T02:26:59.000Z</time>
        <extensions>
          <ns3:TrackPointExtension>
            <ns3:hr>107</ns3:hr>
          </ns3:TrackPointExtension>
        </extensions>
      </trkpt>
      <trkpt lat="45.667673908174037933349609375" lon="126.5689927898347377777099609375">
        <ele>145.1999969482421875</ele>
        <time>2026-07-11T02:27:04.000Z</time>
        <extensions>
          <ns3:TrackPointExtension>
            <ns3:hr>107</ns3:hr>
          </ns3:TrackPointExtension>
        </extensions>
      </trkpt>
      <trkpt lat="45.667459666728973388671875" lon="126.5690400637686252593994140625">
        <ele>145.1999969482421875</ele>
        <time>2026-07-11T02:27:10.000Z</time>
        <extensions>
          <ns3:TrackPointExtension>
            <ns3:hr>107</ns3:hr>
          </ns3:TrackPointExtension>
        </extensions>
      </trkpt>
      <trkpt lat="45.667207203805446624755859375" lon="126.56916973181068897247314453125">
        <ele>145.399993896484375</ele>
        <time>2026-07-11T02:27:17.000Z</time>
        <extensions>
          <ns3:TrackPointExtension>
            <ns3:hr>108</ns3:hr>
          </ns3:TrackPointExtension>
        </extensions>
      </trkpt>
      <trkpt lat="45.66698600538074970245361328125" lon="126.5693686343729496002197265625">
        <ele>145.1999969482421875</ele>
        <time>2026-07-11T02:27:24.000Z</time>
        <extensions>
          <ns3:TrackPointExtension>
            <ns3:hr>108</ns3:hr>
          </ns3:TrackPointExtension>
        </extensions>
      </trkpt>
      <trkpt lat="45.6669260747730731964111328125" lon="126.56943845562636852264404296875">
        <ele>145.1999969482421875</ele>
        <time>2026-07-11T02:27:26.000Z</time>
        <extensions>
          <ns3:TrackPointExtension>
            <ns3:hr>111</ns3:hr>
          </ns3:TrackPointExtension>
        </extensions>
      </trkpt>
      <trkpt lat="45.66686346195638179779052734375" lon="126.56950215809047222137451171875">
        <ele>145.1999969482421875</ele>
        <time>2026-07-11T02:27:28.000Z</time>
        <extensions>
          <ns3:TrackPointExtension>
            <ns3:hr>115</ns3:hr>
          </ns3:TrackPointExtension>
        </extensions>
      </trkpt>
      <trkpt lat="45.666774697601795196533203125" lon="126.5696003101766109466552734375">
        <ele>145</ele>
        <time>2026-07-11T02:27:31.000Z</time>
        <extensions>
          <ns3:TrackPointExtension>
            <ns3:hr>116</ns3:hr>
          </ns3:TrackPointExtension>
        </extensions>
      </trkpt>
      <trkpt lat="45.66664687357842922210693359375" lon="126.56972587108612060546875">
        <ele>145.1999969482421875</ele>
        <time>2026-07-11T02:27:35.000Z</time>
        <extensions>
          <ns3:TrackPointExtension>
            <ns3:hr>120</ns3:hr>
          </ns3:TrackPointExtension>
        </extensions>
      </trkpt>
      <trkpt lat="45.66660060547292232513427734375" lon="126.56979233957827091217041015625">
        <ele>145.1999969482421875</ele>
        <time>2026-07-11T02:27:37.000Z</time>
        <extensions>
          <ns3:TrackPointExtension>
            <ns3:hr>123</ns3:hr>
          </ns3:TrackPointExtension>
        </extensions>
      </trkpt>
      <trkpt lat="45.6664137728512287139892578125" lon="126.56998948194086551666259765625">
        <ele>144.8000030517578125</ele>
        <time>2026-07-11T02:27:43.000Z</time>
        <extensions>
          <ns3:TrackPointExtension>
            <ns3:hr>123</ns3:hr>
          </ns3:TrackPointExtension>
        </extensions>
      </trkpt>
      <trkpt lat="45.666282512247562408447265625" lon="126.57014689408242702484130859375">
        <ele>145</ele>
        <time>2026-07-11T02:27:48.000Z</time>
        <extensions>
          <ns3:TrackPointExtension>
            <ns3:hr>123</ns3:hr>
          </ns3:TrackPointExtension>
        </extensions>
      </trkpt>
      <trkpt lat="45.66611948423087596893310546875" lon="126.5703144483268260955810546875">
        <ele>145.1999969482421875</ele>
        <time>2026-07-11T02:27:53.000Z</time>
        <extensions>
          <ns3:TrackPointExtension>
            <ns3:hr>124</ns3:hr>
          </ns3:TrackPointExtension>
        </extensions>
      </trkpt>
      <trkpt lat="45.66595721058547496795654296875" lon="126.57037940807640552520751953125">
        <ele>145.1999969482421875</ele>
        <time>2026-07-11T02:27:58.000Z</time>
        <extensions>
          <ns3:TrackPointExtension>
            <ns3:hr>122</ns3:hr>
          </ns3:TrackPointExtension>
        </extensions>
      </trkpt>
      <trkpt lat="45.66583357751369476318359375" lon="126.57031218521296977996826171875">
        <ele>145.1999969482421875</ele>
        <time>2026-07-11T02:28:02.000Z</time>
        <extensions>
          <ns3:TrackPointExtension>
            <ns3:hr>123</ns3:hr>
          </ns3:TrackPointExtension>
        </extensions>
      </trkpt>
      <trkpt lat="45.66573978401720523834228515625" lon="126.57026189379394054412841796875">
        <ele>145.1999969482421875</ele>
        <time>2026-07-11T02:28:05.000Z</time>
        <extensions>
          <ns3:TrackPointExtension>
            <ns3:hr>118</ns3:hr>
          </ns3:TrackPointExtension>
        </extensions>
      </trkpt>
      <trkpt lat="45.66571153700351715087890625" lon="126.570243872702121734619140625">
        <ele>145</ele>
        <time>2026-07-11T02:28:06.000Z</time>
        <extensions>
          <ns3:TrackPointExtension>
            <ns3:hr>115</ns3:hr>
          </ns3:TrackPointExtension>
        </extensions>
      </trkpt>
      <trkpt lat="45.66564775072038173675537109375" lon="126.5702051483094692230224609375">
        <ele>145.1999969482421875</ele>
        <time>2026-07-11T02:28:08.000Z</time>
        <extensions>
          <ns3:TrackPointExtension>
            <ns3:hr>112</ns3:hr>
          </ns3:TrackPointExtension>
        </extensions>
      </trkpt>
      <trkpt lat="45.66546871326863765716552734375" lon="126.57018679194152355194091796875">
        <ele>145</ele>
        <time>2026-07-11T02:28:13.000Z</time>
        <extensions>
          <ns3:TrackPointExtension>
            <ns3:hr>110</ns3:hr>
          </ns3:TrackPointExtension>
        </extensions>
      </trkpt>
      <trkpt lat="45.66531951539218425750732421875" lon="126.57031528651714324951171875">
        <ele>145.399993896484375</ele>
        <time>2026-07-11T02:28:18.000Z</time>
        <extensions>
          <ns3:TrackPointExtension>
            <ns3:hr>114</ns3:hr>
          </ns3:TrackPointExtension>
        </extensions>
      </trkpt>
      <trkpt lat="45.66525153815746307373046875" lon="126.57038309611380100250244140625">
        <ele>145.600006103515625</ele>
        <time>2026-07-11T02:28:20.000Z</time>
        <extensions>
          <ns3:TrackPointExtension>
            <ns3:hr>115</ns3:hr>
          </ns3:TrackPointExtension>
        </extensions>
      </trkpt>
      <trkpt lat="45.66516227088868618011474609375" lon="126.57047764398157596588134765625">
        <ele>145.8000030517578125</ele>
        <time>2026-07-11T02:28:23.000Z</time>
        <extensions>
          <ns3:TrackPointExtension>
            <ns3:hr>115</ns3:hr>
          </ns3:TrackPointExtension>
        </extensions>
      </trkpt>
      <trkpt lat="45.66497183404862880706787109375" lon="126.57074083574116230010986328125">
        <ele>145.600006103515625</ele>
        <time>2026-07-11T02:28:30.000Z</time>
        <extensions>
          <ns3:TrackPointExtension>
            <ns3:hr>116</ns3:hr>
          </ns3:TrackPointExtension>
        </extensions>
      </trkpt>
      <trkpt lat="45.66494685597717761993408203125" lon="126.5707969106733798980712890625">
        <ele>145.600006103515625</ele>
        <time>2026-07-11T02:28:31.000Z</time>
        <extensions>
          <ns3:TrackPointExtension>
            <ns3:hr>116</ns3:hr>
          </ns3:TrackPointExtension>
        </extensions>
      </trkpt>
      <trkpt lat="45.664880387485027313232421875" lon="126.57090210355818271636962890625">
        <ele>145.600006103515625</ele>
        <time>2026-07-11T02:28:33.000Z</time>
        <extensions>
          <ns3:TrackPointExtension>
            <ns3:hr>118</ns3:hr>
          </ns3:TrackPointExtension>
        </extensions>
      </trkpt>
      <trkpt lat="45.664849542081356048583984375" lon="126.57095088623464107513427734375">
        <ele>145.600006103515625</ele>
        <time>2026-07-11T02:28:34.000Z</time>
        <extensions>
          <ns3:TrackPointExtension>
            <ns3:hr>119</ns3:hr>
          </ns3:TrackPointExtension>
        </extensions>
      </trkpt>
      <trkpt lat="45.6646860949695110321044921875" lon="126.57120837830007076263427734375">
        <ele>146</ele>
        <time>2026-07-11T02:28:39.000Z</time>
        <extensions>
          <ns3:TrackPointExtension>
            <ns3:hr>126</ns3:hr>
          </ns3:TrackPointExtension>
        </extensions>
      </trkpt>
      <trkpt lat="45.6646575964987277984619140625" lon="126.57126503996551036834716796875">
        <ele>146</ele>
        <time>2026-07-11T02:28:40.000Z</time>
        <extensions>
          <ns3:TrackPointExtension>
            <ns3:hr>131</ns3:hr>
          </ns3:TrackPointExtension>
        </extensions>
      </trkpt>
      <trkpt lat="45.6646290980279445648193359375" lon="126.57131415791809558868408203125">
        <ele>146</ele>
        <time>2026-07-11T02:28:41.000Z</time>
        <extensions>
          <ns3:TrackPointExtension>
            <ns3:hr>131</ns3:hr>
          </ns3:TrackPointExtension>
        </extensions>
      </trkpt>
      <trkpt lat="45.66460168920457363128662109375" lon="126.57136629335582256317138671875">
        <ele>146</ele>
        <time>2026-07-11T02:28:42.000Z</time>
        <extensions>
          <ns3:TrackPointExtension>
            <ns3:hr>131</ns3:hr>
          </ns3:TrackPointExtension>
        </extensions>
      </trkpt>
      <trkpt lat="45.6644658185541629791259765625" lon="126.5716290660202503204345703125">
        <ele>146</ele>
        <time>2026-07-11T02:28:47.000Z</time>
        <extensions>
          <ns3:TrackPointExtension>
            <ns3:hr>134</ns3:hr>
          </ns3:TrackPointExtension>
        </extensions>
      </trkpt>
      <trkpt lat="45.6643979251384735107421875" lon="126.5717806108295917510986328125">
        <ele>146.1999969482421875</ele>
        <time>2026-07-11T02:28:50.000Z</time>
        <extensions>
          <ns3:TrackPointExtension>
            <ns3:hr>135</ns3:hr>
          </ns3:TrackPointExtension>
        </extensions>
      </trkpt>
      <trkpt lat="45.66433749161660671234130859375" lon="126.57191924750804901123046875">
        <ele>146.1999969482421875</ele>
        <time>2026-07-11T02:28:53.000Z</time>
        <extensions>
          <ns3:TrackPointExtension>
            <ns3:hr>136</ns3:hr>
          </ns3:TrackPointExtension>
        </extensions>
      </trkpt>
      <trkpt lat="45.6642998568713665008544921875" lon="126.57204262912273406982421875">
        <ele>146.1999969482421875</ele>
        <time>2026-07-11T02:28:56.000Z</time>
        <extensions>
          <ns3:TrackPointExtension>
            <ns3:hr>136</ns3:hr>
          </ns3:TrackPointExtension>
        </extensions>
      </trkpt>
      <trkpt lat="45.66422617994248867034912109375" lon="126.57227992080152034759521484375">
        <ele>146.600006103515625</ele>
        <time>2026-07-11T02:29:02.000Z</time>
        <extensions>
          <ns3:TrackPointExtension>
            <ns3:hr>134</ns3:hr>
          </ns3:TrackPointExtension>
        </extensions>
      </trkpt>
      <trkpt lat="45.6641463004052639007568359375" lon="126.572577059268951416015625">
        <ele>146.600006103515625</ele>
        <time>2026-07-11T02:29:09.000Z</time>
        <extensions>
          <ns3:TrackPointExtension>
            <ns3:hr>133</ns3:hr>
          </ns3:TrackPointExtension>
        </extensions>
      </trkpt>
      <trkpt lat="45.6640386767685413360595703125" lon="126.57281200401484966278076171875">
        <ele>146.600006103515625</ele>
        <time>2026-07-11T02:29:14.000Z</time>
        <extensions>
          <ns3:TrackPointExtension>
            <ns3:hr>133</ns3:hr>
          </ns3:TrackPointExtension>
        </extensions>
      </trkpt>
      <trkpt lat="45.66401093266904354095458984375" lon="126.572871766984462738037109375">
        <ele>146.600006103515625</ele>
        <time>2026-07-11T02:29:15.000Z</time>
        <extensions>
          <ns3:TrackPointExtension>
            <ns3:hr>133</ns3:hr>
          </ns3:TrackPointExtension>
        </extensions>
      </trkpt>
      <trkpt lat="45.66397690214216709136962890625" lon="126.57292415387928485870361328125">
        <ele>146.600006103515625</ele>
        <time>2026-07-11T02:29:16.000Z</time>
        <extensions>
          <ns3:TrackPointExtension>
            <ns3:hr>133</ns3:hr>
          </ns3:TrackPointExtension>
        </extensions>
      </trkpt>
      <trkpt lat="45.6638566218316555023193359375" lon="126.57311425544321537017822265625">
        <ele>147</ele>
        <time>2026-07-11T02:29:20.000Z</time>
        <extensions>
          <ns3:TrackPointExtension>
            <ns3:hr>133</ns3:hr>
          </ns3:TrackPointExtension>
        </extensions>
      </trkpt>
      <trkpt lat="45.66366911865770816802978515625" lon="126.573334448039531707763671875">
        <ele>147.1999969482421875</ele>
        <time>2026-07-11T02:29:26.000Z</time>
        <extensions>
          <ns3:TrackPointExtension>
            <ns3:hr>133</ns3:hr>
          </ns3:TrackPointExtension>
        </extensions>
      </trkpt>
      <trkpt lat="45.6636128760874271392822265625" lon="126.5734100528061389923095703125">
        <ele>147.399993896484375</ele>
        <time>2026-07-11T02:29:28.000Z</time>
        <extensions>
          <ns3:TrackPointExtension>
            <ns3:hr>133</ns3:hr>
          </ns3:TrackPointExtension>
        </extensions>
      </trkpt>
      <trkpt lat="45.66347667016088962554931640625" lon="126.57358867116272449493408203125">
        <ele>147.399993896484375</ele>
        <time>2026-07-11T02:29:33.000Z</time>
        <extensions>
          <ns3:TrackPointExtension>
            <ns3:hr>135</ns3:hr>
          </ns3:TrackPointExtension>
        </extensions>
      </trkpt>
      <trkpt lat="45.66344632767140865325927734375" lon="126.57361918129026889801025390625">
        <ele>147.399993896484375</ele>
        <time>2026-07-11T02:29:34.000Z</time>
        <extensions>
          <ns3:TrackPointExtension>
            <ns3:hr>151</ns3:hr>
          </ns3:TrackPointExtension>
        </extensions>
      </trkpt>
      <trkpt lat="45.66341497935354709625244140625" lon="126.57365354709327220916748046875">
        <ele>147.399993896484375</ele>
        <time>2026-07-11T02:29:35.000Z</time>
        <extensions>
          <ns3:TrackPointExtension>
            <ns3:hr>155</ns3:hr>
          </ns3:TrackPointExtension>
        </extensions>
      </trkpt>
      <trkpt lat="45.6633835472166538238525390625" lon="126.57368171028792858123779296875">
        <ele>147.399993896484375</ele>
        <time>2026-07-11T02:29:36.000Z</time>
        <extensions>
          <ns3:TrackPointExtension>
            <ns3:hr>155</ns3:hr>
          </ns3:TrackPointExtension>
        </extensions>
      </trkpt>
      <trkpt lat="45.66331054084002971649169921875" lon="126.5737768448889255523681640625">
        <ele>147.399993896484375</ele>
        <time>2026-07-11T02:29:38.000Z</time>
        <extensions>
          <ns3:TrackPointExtension>
            <ns3:hr>156</ns3:hr>
          </ns3:TrackPointExtension>
        </extensions>
      </trkpt>
      <trkpt lat="45.6632739119231700897216796875" lon="126.57381900586187839508056640625">
        <ele>147.1999969482421875</ele>
        <time>2026-07-11T02:29:39.000Z</time>
        <extensions>
          <ns3:TrackPointExtension>
            <ns3:hr>156</ns3:hr>
          </ns3:TrackPointExtension>
        </extensions>
      </trkpt>
      <trkpt lat="45.6630566529929637908935546875" lon="126.5740884840488433837890625">
        <ele>146.8000030517578125</ele>
        <time>2026-07-11T02:29:45.000Z</time>
        <extensions>
          <ns3:TrackPointExtension>
            <ns3:hr>157</ns3:hr>
          </ns3:TrackPointExtension>
        </extensions>
      </trkpt>
      <trkpt lat="45.66277393139898777008056640625" lon="126.57435737550258636474609375">
        <ele>146.8000030517578125</ele>
        <time>2026-07-11T02:29:52.000Z</time>
        <extensions>
          <ns3:TrackPointExtension>
            <ns3:hr>156</ns3:hr>
          </ns3:TrackPointExtension>
        </extensions>
      </trkpt>
      <trkpt lat="45.66269229166209697723388671875" lon="126.574412696063518524169921875">
        <ele>146.8000030517578125</ele>
        <time>2026-07-11T02:29:54.000Z</time>
        <extensions>
          <ns3:TrackPointExtension>
            <ns3:hr>152</ns3:hr>
          </ns3:TrackPointExtension>
        </extensions>
      </trkpt>
      <trkpt lat="45.66243731416761875152587890625" lon="126.57457731664180755615234375">
        <ele>147</ele>
        <time>2026-07-11T02:30:00.000Z</time>
        <extensions>
          <ns3:TrackPointExtension>
            <ns3:hr>149</ns3:hr>
          </ns3:TrackPointExtension>
        </extensions>
      </trkpt>
      <trkpt lat="45.66217236220836639404296875" lon="126.57480572350323200225830078125">
        <ele>146.600006103515625</ele>
        <time>2026-07-11T02:30:06.000Z</time>
        <extensions>
          <ns3:TrackPointExtension>
            <ns3:hr>146</ns3:hr>
          </ns3:TrackPointExtension>
        </extensions>
      </trkpt>
      <trkpt lat="45.66186885349452495574951171875" lon="126.5751615352928638458251953125">
        <ele>146.600006103515625</ele>
        <time>2026-07-11T02:30:14.000Z</time>
        <extensions>
          <ns3:TrackPointExtension>
            <ns3:hr>144</ns3:hr>
          </ns3:TrackPointExtension>
        </extensions>
      </trkpt>
      <trkpt lat="45.66162225790321826934814453125" lon="126.57550829462707042694091796875">
        <ele>146.600006103515625</ele>
        <time>2026-07-11T02:30:21.000Z</time>
        <extensions>
          <ns3:TrackPointExtension>
            <ns3:hr>141</ns3:hr>
          </ns3:TrackPointExtension>
        </extensions>
      </trkpt>
      <trkpt lat="45.66158898174762725830078125" lon="126.57555707730352878570556640625">
        <ele>146.600006103515625</ele>
        <time>2026-07-11T02:30:22.000Z</time>
        <extensions>
          <ns3:TrackPointExtension>
            <ns3:hr>141</ns3:hr>
          </ns3:TrackPointExtension>
        </extensions>
      </trkpt>
      <trkpt lat="45.661414973437786102294921875" lon="126.57578489743173122406005859375">
        <ele>146.600006103515625</ele>
        <time>2026-07-11T02:30:27.000Z</time>
        <extensions>
          <ns3:TrackPointExtension>
            <ns3:hr>140</ns3:hr>
          </ns3:TrackPointExtension>
        </extensions>
      </trkpt>
      <trkpt lat="45.66138085909187793731689453125" lon="126.57581758685410022735595703125">
        <ele>146.8000030517578125</ele>
        <time>2026-07-11T02:30:28.000Z</time>
        <extensions>
          <ns3:TrackPointExtension>
            <ns3:hr>140</ns3:hr>
          </ns3:TrackPointExtension>
        </extensions>
      </trkpt>
      <trkpt lat="45.6613132171332836151123046875" lon="126.5758827142417430877685546875">
        <ele>146.8000030517578125</ele>
        <time>2026-07-11T02:30:31.000Z</time>
        <extensions>
          <ns3:TrackPointExtension>
            <ns3:hr>139</ns3:hr>
          </ns3:TrackPointExtension>
        </extensions>
      </trkpt>
      <trkpt lat="45.66121137700974941253662109375" lon="126.5759900026023387908935546875">
        <ele>147</ele>
        <time>2026-07-11T02:30:38.000Z</time>
        <extensions>
          <ns3:TrackPointExtension>
            <ns3:hr>139</ns3:hr>
          </ns3:TrackPointExtension>
        </extensions>
      </trkpt>
      <trkpt lat="45.661113224923610687255859375" lon="126.57610776834189891815185546875">
        <ele>147</ele>
        <time>2026-07-11T02:30:44.000Z</time>
        <extensions>
          <ns3:TrackPointExtension>
            <ns3:hr>137</ns3:hr>
          </ns3:TrackPointExtension>
        </extensions>
      </trkpt>
      <trkpt lat="45.66102278418838977813720703125" lon="126.5762826986610889434814453125">
        <ele>147</ele>
        <time>2026-07-11T02:30:49.000Z</time>
        <extensions>
          <ns3:TrackPointExtension>
            <ns3:hr>137</ns3:hr>
          </ns3:TrackPointExtension>
        </extensions>
      </trkpt>
      <trkpt lat="45.66089026629924774169921875" lon="126.57659978605806827545166015625">
        <ele>147</ele>
        <time>2026-07-11T02:30:56.000Z</time>
        <extensions>
          <ns3:TrackPointExtension>
            <ns3:hr>139</ns3:hr>
          </ns3:TrackPointExtension>
        </extensions>
      </trkpt>
      <trkpt lat="45.66076688468456268310546875" lon="126.57690270803868770599365234375">
        <ele>147</ele>
        <time>2026-07-11T02:31:02.000Z</time>
        <extensions>
          <ns3:TrackPointExtension>
            <ns3:hr>139</ns3:hr>
          </ns3:TrackPointExtension>
        </extensions>
      </trkpt>
      <trkpt lat="45.6607221253216266632080078125" lon="126.5770146064460277557373046875">
        <ele>146.600006103515625</ele>
        <time>2026-07-11T02:31:04.000Z</time>
        <extensions>
          <ns3:TrackPointExtension>
            <ns3:hr>137</ns3:hr>
          </ns3:TrackPointExtension>
        </extensions>
      </trkpt>
      <trkpt lat="45.660673677921295166015625" lon="126.57712005078792572021484375">
        <ele>146.1999969482421875</ele>
        <time>2026-07-11T02:31:06.000Z</time>
        <extensions>
          <ns3:TrackPointExtension>
            <ns3:hr>135</ns3:hr>
          </ns3:TrackPointExtension>
        </extensions>
      </trkpt>
      <trkpt lat="45.6606500409543514251708984375" lon="126.57716522924602031707763671875">
        <ele>146.1999969482421875</ele>
        <time>2026-07-11T02:31:07.000Z</time>
        <extensions>
          <ns3:TrackPointExtension>
            <ns3:hr>134</ns3:hr>
          </ns3:TrackPointExtension>
        </extensions>
      </trkpt>
      <trkpt lat="45.66050645895302295684814453125" lon="126.577422134578227996826171875">
        <ele>147</ele>
        <time>2026-07-11T02:31:13.000Z</time>
        <extensions>
          <ns3:TrackPointExtension>
            <ns3:hr>133</ns3:hr>
          </ns3:TrackPointExtension>
        </extensions>
      </trkpt>
      <trkpt lat="45.66048131324350833892822265625" lon="126.57745666801929473876953125">
        <ele>147</ele>
        <time>2026-07-11T02:31:14.000Z</time>
        <extensions>
          <ns3:TrackPointExtension>
            <ns3:hr>129</ns3:hr>
          </ns3:TrackPointExtension>
        </extensions>
      </trkpt>
      <trkpt lat="45.660431273281574249267578125" lon="126.57752783037722110748291015625">
        <ele>147</ele>
        <time>2026-07-11T02:31:16.000Z</time>
        <extensions>
          <ns3:TrackPointExtension>
            <ns3:hr>126</ns3:hr>
          </ns3:TrackPointExtension>
        </extensions>
      </trkpt>
      <trkpt lat="45.66032909788191318511962890625" lon="126.577669568359851837158203125">
        <ele>147.1999969482421875</ele>
        <time>2026-07-11T02:31:20.000Z</time>
        <extensions>
          <ns3:TrackPointExtension>
            <ns3:hr>124</ns3:hr>
          </ns3:TrackPointExtension>
        </extensions>
      </trkpt>
      <trkpt lat="45.66030822694301605224609375" lon="126.5777099691331386566162109375">
        <ele>147.399993896484375</ele>
        <time>2026-07-11T02:31:21.000Z</time>
        <extensions>
          <ns3:TrackPointExtension>
            <ns3:hr>124</ns3:hr>
          </ns3:TrackPointExtension>
        </extensions>
      </trkpt>
      <trkpt lat="45.66018744371831417083740234375" lon="126.57791272737085819244384765625">
        <ele>147.399993896484375</ele>
        <time>2026-07-11T02:31:26.000Z</time>
        <extensions>
          <ns3:TrackPointExtension>
            <ns3:hr>126</ns3:hr>
          </ns3:TrackPointExtension>
        </extensions>
      </trkpt>
      <trkpt lat="45.659996084868907928466796875" lon="126.578214056789875030517578125">
        <ele>147.399993896484375</ele>
        <time>2026-07-11T02:31:33.000Z</time>
        <extensions>
          <ns3:TrackPointExtension>
            <ns3:hr>126</ns3:hr>
          </ns3:TrackPointExtension>
        </extensions>
      </trkpt>
      <trkpt lat="45.65979952923953533172607421875" lon="126.57849065959453582763671875">
        <ele>147.8000030517578125</ele>
        <time>2026-07-11T02:31:40.000Z</time>
        <extensions>
          <ns3:TrackPointExtension>
            <ns3:hr>128</ns3:hr>
          </ns3:TrackPointExtension>
        </extensions>
      </trkpt>
      <trkpt lat="45.65960506908595561981201171875" lon="126.578733734786510467529296875">
        <ele>147.600006103515625</ele>
        <time>2026-07-11T02:31:46.000Z</time>
        <extensions>
          <ns3:TrackPointExtension>
            <ns3:hr>129</ns3:hr>
          </ns3:TrackPointExtension>
        </extensions>
      </trkpt>
      <trkpt lat="45.6595650874078273773193359375" lon="126.5787674300372600555419921875">
        <ele>147.600006103515625</ele>
        <time>2026-07-11T02:31:47.000Z</time>
        <extensions>
          <ns3:TrackPointExtension>
            <ns3:hr>130</ns3:hr>
          </ns3:TrackPointExtension>
        </extensions>
      </trkpt>
      <trkpt lat="45.659440197050571441650390625" lon="126.57884764485061168670654296875">
        <ele>147.399993896484375</ele>
        <time>2026-07-11T02:31:50.000Z</time>
        <extensions>
          <ns3:TrackPointExtension>
            <ns3:hr>129</ns3:hr>
          </ns3:TrackPointExtension>
        </extensions>
      </trkpt>
      <trkpt lat="45.65936014987528324127197265625" lon="126.5788789093494415283203125">
        <ele>147.399993896484375</ele>
        <time>2026-07-11T02:31:52.000Z</time>
        <extensions>
          <ns3:TrackPointExtension>
            <ns3:hr>129</ns3:hr>
          </ns3:TrackPointExtension>
        </extensions>
      </trkpt>
      <trkpt lat="45.659139789640903472900390625" lon="126.57901771366596221923828125">
        <ele>147.399993896484375</ele>
        <time>2026-07-11T02:31:58.000Z</time>
        <extensions>
          <ns3:TrackPointExtension>
            <ns3:hr>131</ns3:hr>
          </ns3:TrackPointExtension>
        </extensions>
      </trkpt>
      <trkpt lat="45.65895178355276584625244140625" lon="126.57920286990702152252197265625">
        <ele>147</ele>
        <time>2026-07-11T02:32:04.000Z</time>
        <extensions>
          <ns3:TrackPointExtension>
            <ns3:hr>127</ns3:hr>
          </ns3:TrackPointExtension>
        </extensions>
      </trkpt>
      <trkpt lat="45.65892127342522144317626953125" lon="126.57922684215009212493896484375">
        <ele>146.600006103515625</ele>
        <time>2026-07-11T02:32:05.000Z</time>
        <extensions>
          <ns3:TrackPointExtension>
            <ns3:hr>125</ns3:hr>
          </ns3:TrackPointExtension>
        </extensions>
      </trkpt>
      <trkpt lat="45.65870502032339572906494140625" lon="126.57936103641986846923828125">
        <ele>147.399993896484375</ele>
        <time>2026-07-11T02:32:11.000Z</time>
        <extensions>
          <ns3:TrackPointExtension>
            <ns3:hr>125</ns3:hr>
          </ns3:TrackPointExtension>
        </extensions>
      </trkpt>
      <trkpt lat="45.6585032679140567779541015625" lon="126.579469330608844757080078125">
        <ele>147.8000030517578125</ele>
        <time>2026-07-11T02:32:16.000Z</time>
        <extensions>
          <ns3:TrackPointExtension>
            <ns3:hr>126</ns3:hr>
          </ns3:TrackPointExtension>
        </extensions>
      </trkpt>
      <trkpt lat="45.658229850232601165771484375" lon="126.5796599350869655609130859375">
        <ele>147.1999969482421875</ele>
        <time>2026-07-11T02:32:23.000Z</time>
        <extensions>
          <ns3:TrackPointExtension>
            <ns3:hr>124</ns3:hr>
          </ns3:TrackPointExtension>
        </extensions>
      </trkpt>
      <trkpt lat="45.65800689160823822021484375" lon="126.57980452291667461395263671875">
        <ele>147.399993896484375</ele>
        <time>2026-07-11T02:32:29.000Z</time>
        <extensions>
          <ns3:TrackPointExtension>
            <ns3:hr>124</ns3:hr>
          </ns3:TrackPointExtension>
        </extensions>
      </trkpt>
      <trkpt lat="45.65786783583462238311767578125" lon="126.579896472394466400146484375">
        <ele>147.1999969482421875</ele>
        <time>2026-07-11T02:32:33.000Z</time>
        <extensions>
          <ns3:TrackPointExtension>
            <ns3:hr>127</ns3:hr>
          </ns3:TrackPointExtension>
        </extensions>
      </trkpt>
      <trkpt lat="45.65777328796684741973876953125" lon="126.579950787127017974853515625">
        <ele>147.1999969482421875</ele>
        <time>2026-07-11T02:32:36.000Z</time>
        <extensions>
          <ns3:TrackPointExtension>
            <ns3:hr>128</ns3:hr>
          </ns3:TrackPointExtension>
        </extensions>
      </trkpt>
      <trkpt lat="45.6574810110032558441162109375" lon="126.5801447443664073944091796875">
        <ele>147.1999969482421875</ele>
        <time>2026-07-11T02:32:44.000Z</time>
        <extensions>
          <ns3:TrackPointExtension>
            <ns3:hr>127</ns3:hr>
          </ns3:TrackPointExtension>
        </extensions>
      </trkpt>
      <trkpt lat="45.65736492164433002471923828125" lon="126.5802198462188243865966796875">
        <ele>147.1999969482421875</ele>
        <time>2026-07-11T02:32:47.000Z</time>
        <extensions>
          <ns3:TrackPointExtension>
            <ns3:hr>124</ns3:hr>
          </ns3:TrackPointExtension>
        </extensions>
      </trkpt>
      <trkpt lat="45.6572037376463413238525390625" lon="126.58032671548426151275634765625">
        <ele>147</ele>
        <time>2026-07-11T02:32:51.000Z</time>
        <extensions>
          <ns3:TrackPointExtension>
            <ns3:hr>123</ns3:hr>
          </ns3:TrackPointExtension>
        </extensions>
      </trkpt>
      <trkpt lat="45.65716459415853023529052734375" lon="126.58036158420145511627197265625">
        <ele>147</ele>
        <time>2026-07-11T02:32:52.000Z</time>
        <extensions>
          <ns3:TrackPointExtension>
            <ns3:hr>123</ns3:hr>
          </ns3:TrackPointExtension>
        </extensions>
      </trkpt>
      <trkpt lat="45.6570084393024444580078125" lon="126.58046015538275241851806640625">
        <ele>147.600006103515625</ele>
        <time>2026-07-11T02:32:56.000Z</time>
        <extensions>
          <ns3:TrackPointExtension>
            <ns3:hr>124</ns3:hr>
          </ns3:TrackPointExtension>
        </extensions>
      </trkpt>
      <trkpt lat="45.65677584148943424224853515625" lon="126.5805769152939319610595703125">
        <ele>147.600006103515625</ele>
        <time>2026-07-11T02:33:02.000Z</time>
        <extensions>
          <ns3:TrackPointExtension>
            <ns3:hr>124</ns3:hr>
          </ns3:TrackPointExtension>
        </extensions>
      </trkpt>
      <trkpt lat="45.65660275518894195556640625" lon="126.58062729053199291229248046875">
        <ele>147</ele>
        <time>2026-07-11T02:33:06.000Z</time>
        <extensions>
          <ns3:TrackPointExtension>
            <ns3:hr>124</ns3:hr>
          </ns3:TrackPointExtension>
        </extensions>
      </trkpt>
      <trkpt lat="45.6565251387655735015869140625" lon="126.580669619143009185791015625">
        <ele>146.8000030517578125</ele>
        <time>2026-07-11T02:33:08.000Z</time>
        <extensions>
          <ns3:TrackPointExtension>
            <ns3:hr>123</ns3:hr>
          </ns3:TrackPointExtension>
        </extensions>
      </trkpt>
      <trkpt lat="45.6563155911862850189208984375" lon="126.58078906126320362091064453125">
        <ele>147.399993896484375</ele>
        <time>2026-07-11T02:33:14.000Z</time>
        <extensions>
          <ns3:TrackPointExtension>
            <ns3:hr>122</ns3:hr>
          </ns3:TrackPointExtension>
        </extensions>
      </trkpt>
      <trkpt lat="45.6561519764363765716552734375" lon="126.58092803321778774261474609375">
        <ele>147.8000030517578125</ele>
        <time>2026-07-11T02:33:19.000Z</time>
        <extensions>
          <ns3:TrackPointExtension>
            <ns3:hr>123</ns3:hr>
          </ns3:TrackPointExtension>
        </extensions>
      </trkpt>
      <trkpt lat="45.65606229007244110107421875" lon="126.58102576620876789093017578125">
        <ele>148.399993896484375</ele>
        <time>2026-07-11T02:33:22.000Z</time>
        <extensions>
          <ns3:TrackPointExtension>
            <ns3:hr>123</ns3:hr>
          </ns3:TrackPointExtension>
        </extensions>
      </trkpt>
      <trkpt lat="45.656023062765598297119140625" lon="126.581108830869197845458984375">
        <ele>148.8000030517578125</ele>
        <time>2026-07-11T02:33:24.000Z</time>
        <extensions>
          <ns3:TrackPointExtension>
            <ns3:hr>125</ns3:hr>
          </ns3:TrackPointExtension>
        </extensions>
      </trkpt>
      <trkpt lat="45.65598743967711925506591796875" lon="126.58119306899607181549072265625">
        <ele>149</ele>
        <time>2026-07-11T02:33:26.000Z</time>
        <extensions>
          <ns3:TrackPointExtension>
            <ns3:hr>129</ns3:hr>
          </ns3:TrackPointExtension>
        </extensions>
      </trkpt>
      <trkpt lat="45.65592415630817413330078125" lon="126.58144553191959857940673828125">
        <ele>149.1999969482421875</ele>
        <time>2026-07-11T02:33:31.000Z</time>
        <extensions>
          <ns3:TrackPointExtension>
            <ns3:hr>131</ns3:hr>
          </ns3:TrackPointExtension>
        </extensions>
      </trkpt>
      <trkpt lat="45.6559005193412303924560546875" lon="126.581595651805400848388671875">
        <ele>149.399993896484375</ele>
        <time>2026-07-11T02:33:34.000Z</time>
        <extensions>
          <ns3:TrackPointExtension>
            <ns3:hr>133</ns3:hr>
          </ns3:TrackPointExtension>
        </extensions>
      </trkpt>
      <trkpt lat="45.65586506389081478118896484375" lon="126.58173386938869953155517578125">
        <ele>149.600006103515625</ele>
        <time>2026-07-11T02:33:37.000Z</time>
        <extensions>
          <ns3:TrackPointExtension>
            <ns3:hr>134</ns3:hr>
          </ns3:TrackPointExtension>
        </extensions>
      </trkpt>
      <trkpt lat="45.65578610636293888092041015625" lon="126.581873595714569091796875">
        <ele>149.399993896484375</ele>
        <time>2026-07-11T02:33:41.000Z</time>
        <extensions>
          <ns3:TrackPointExtension>
            <ns3:hr>137</ns3:hr>
          </ns3:TrackPointExtension>
        </extensions>
      </trkpt>
      <trkpt lat="45.6557449512183666229248046875" lon="126.5819468535482883453369140625">
        <ele>149.399993896484375</ele>
        <time>2026-07-11T02:33:43.000Z</time>
        <extensions>
          <ns3:TrackPointExtension>
            <ns3:hr>137</ns3:hr>
          </ns3:TrackPointExtension>
        </extensions>
      </trkpt>
      <trkpt lat="45.6555974297225475311279296875" lon="126.58211675472557544708251953125">
        <ele>149.399993896484375</ele>
        <time>2026-07-11T02:33:48.000Z</time>
        <extensions>
          <ns3:TrackPointExtension>
            <ns3:hr>139</ns3:hr>
          </ns3:TrackPointExtension>
        </extensions>
      </trkpt>
      <trkpt lat="45.65553263761103153228759765625" lon="126.58221079967916011810302734375">
        <ele>149.399993896484375</ele>
        <time>2026-07-11T02:33:50.000Z</time>
        <extensions>
          <ns3:TrackPointExtension>
            <ns3:hr>141</ns3:hr>
          </ns3:TrackPointExtension>
        </extensions>
      </trkpt>
      <trkpt lat="45.6554187275469303131103515625" lon="126.5823335945606231689453125">
        <ele>149.1999969482421875</ele>
        <time>2026-07-11T02:33:53.000Z</time>
        <extensions>
          <ns3:TrackPointExtension>
            <ns3:hr>140</ns3:hr>
          </ns3:TrackPointExtension>
        </extensions>
      </trkpt>
      <trkpt lat="45.65532862208783626556396484375" lon="126.58244649879634380340576171875">
        <ele>148.8000030517578125</ele>
        <time>2026-07-11T02:33:55.000Z</time>
        <extensions>
          <ns3:TrackPointExtension>
            <ns3:hr>140</ns3:hr>
          </ns3:TrackPointExtension>
        </extensions>
      </trkpt>
      <trkpt lat="45.65527296625077724456787109375" lon="126.5826103650033473968505859375">
        <ele>148.600006103515625</ele>
        <time>2026-07-11T02:33:57.000Z</time>
        <extensions>
          <ns3:TrackPointExtension>
            <ns3:hr>140</ns3:hr>
          </ns3:TrackPointExtension>
        </extensions>
      </trkpt>
      <trkpt lat="45.65520725212991237640380859375" lon="126.58301018178462982177734375">
        <ele>149.399993896484375</ele>
        <time>2026-07-11T02:34:02.000Z</time>
        <extensions>
          <ns3:TrackPointExtension>
            <ns3:hr>141</ns3:hr>
          </ns3:TrackPointExtension>
        </extensions>
      </trkpt>
      <trkpt lat="45.6551840342581272125244140625" lon="126.5834944881498813629150390625">
        <ele>148.600006103515625</ele>
        <time>2026-07-11T02:34:09.000Z</time>
        <extensions>
          <ns3:TrackPointExtension>
            <ns3:hr>136</ns3:hr>
          </ns3:TrackPointExtension>
        </extensions>
      </trkpt>
      <trkpt lat="45.6552282907068729400634765625" lon="126.58354922197759151458740234375">
        <ele>148.399993896484375</ele>
        <time>2026-07-11T02:34:11.000Z</time>
        <extensions>
          <ns3:TrackPointExtension>
            <ns3:hr>132</ns3:hr>
          </ns3:TrackPointExtension>
        </extensions>
      </trkpt>
      <trkpt lat="45.6552430428564548492431640625" lon="126.58354972489178180694580078125">
        <ele>148.399993896484375</ele>
        <time>2026-07-11T02:34:12.000Z</time>
        <extensions>
          <ns3:TrackPointExtension>
            <ns3:hr>124</ns3:hr>
          </ns3:TrackPointExtension>
        </extensions>
      </trkpt>
      <trkpt lat="45.65524287521839141845703125" lon="126.58354301936924457550048828125">
        <ele>148.1999969482421875</ele>
        <time>2026-07-11T02:34:13.000Z</time>
        <extensions>
          <ns3:TrackPointExtension>
            <ns3:hr>120</ns3:hr>
          </ns3:TrackPointExtension>
        </extensions>
      </trkpt>
      <trkpt lat="45.6552423723042011260986328125" lon="126.5835471265017986297607421875">
        <ele>148.1999969482421875</ele>
        <time>2026-07-11T02:34:14.000Z</time>
        <extensions>
          <ns3:TrackPointExtension>
            <ns3:hr>120</ns3:hr>
          </ns3:TrackPointExtension>
        </extensions>
      </trkpt>
      <trkpt lat="45.65524010919034481048583984375" lon="126.58354737795889377593994140625">
        <ele>148.1999969482421875</ele>
        <time>2026-07-11T02:34:16.000Z</time>
        <extensions>
          <ns3:TrackPointExtension>
            <ns3:hr>119</ns3:hr>
          </ns3:TrackPointExtension>
        </extensions>
      </trkpt>
      <trkpt lat="45.65524413250386714935302734375" lon="126.58353983424603939056396484375">
        <ele>148.1999969482421875</ele>
        <time>2026-07-11T02:34:18.000Z</time>
        <extensions>
          <ns3:TrackPointExtension>
            <ns3:hr>119</ns3:hr>
          </ns3:TrackPointExtension>
        </extensions>
      </trkpt>
      <trkpt lat="45.6552604772150516510009765625" lon="126.58353078179061412811279296875">
        <ele>148.1999969482421875</ele>
        <time>2026-07-11T02:34:20.000Z</time>
        <extensions>
          <ns3:TrackPointExtension>
            <ns3:hr>118</ns3:hr>
          </ns3:TrackPointExtension>
        </extensions>
      </trkpt>
      <trkpt lat="45.65526709891855716705322265625" lon="126.58348484896123409271240234375">
        <ele>148</ele>
        <time>2026-07-11T02:34:25.000Z</time>
        <extensions>
          <ns3:TrackPointExtension>
            <ns3:hr>116</ns3:hr>
          </ns3:TrackPointExtension>
        </extensions>
      </trkpt>
      <trkpt lat="45.6552792526781558990478515625" lon="126.58340672962367534637451171875">
        <ele>147.8000030517578125</ele>
        <time>2026-07-11T02:34:29.000Z</time>
        <extensions>
          <ns3:TrackPointExtension>
            <ns3:hr>116</ns3:hr>
          </ns3:TrackPointExtension>
        </extensions>
      </trkpt>
      <trkpt lat="45.65530314110219478607177734375" lon="126.58336599357426166534423828125">
        <ele>147.8000030517578125</ele>
        <time>2026-07-11T02:34:34.000Z</time>
        <extensions>
          <ns3:TrackPointExtension>
            <ns3:hr>115</ns3:hr>
          </ns3:TrackPointExtension>
        </extensions>
      </trkpt>
      <trkpt lat="45.6553147919476032257080078125" lon="126.5833630599081516265869140625">
        <ele>148</ele>
        <time>2026-07-11T02:34:38.000Z</time>
        <extensions>
          <ns3:TrackPointExtension>
            <ns3:hr>116</ns3:hr>
          </ns3:TrackPointExtension>
        </extensions>
      </trkpt>
      <trkpt lat="45.65532476641237735748291015625" lon="126.5833399258553981781005859375">
        <ele>148.399993896484375</ele>
        <time>2026-07-11T02:34:42.000Z</time>
        <extensions>
          <ns3:TrackPointExtension>
            <ns3:hr>116</ns3:hr>
          </ns3:TrackPointExtension>
        </extensions>
      </trkpt>
      <trkpt lat="45.65533348359167575836181640625" lon="126.5833288617432117462158203125">
        <ele>148.399993896484375</ele>
        <time>2026-07-11T02:34:44.000Z</time>
        <extensions>
          <ns3:TrackPointExtension>
            <ns3:hr>119</ns3:hr>
          </ns3:TrackPointExtension>
        </extensions>
      </trkpt>
      <trkpt lat="45.655348487198352813720703125" lon="126.5833087451756000518798828125">
        <ele>148.399993896484375</ele>
        <time>2026-07-11T02:34:46.000Z</time>
        <extensions>
          <ns3:TrackPointExtension>
            <ns3:hr>123</ns3:hr>
          </ns3:TrackPointExtension>
        </extensions>
      </trkpt>
      <trkpt lat="45.655363909900188446044921875" lon="126.58325451426208019256591796875">
        <ele>148.1999969482421875</ele>
        <time>2026-07-11T02:34:49.000Z</time>
        <extensions>
          <ns3:TrackPointExtension>
            <ns3:hr>124</ns3:hr>
          </ns3:TrackPointExtension>
        </extensions>
      </trkpt>
      <trkpt lat="45.6553727947175502777099609375" lon="126.5832423605024814605712890625">
        <ele>148.600006103515625</ele>
        <time>2026-07-11T02:34:54.000Z</time>
        <extensions>
          <ns3:TrackPointExtension>
            <ns3:hr>125</ns3:hr>
          </ns3:TrackPointExtension>
        </extensions>
      </trkpt>
      <trkpt lat="45.6553727947175502777099609375" lon="126.5832423605024814605712890625">
        <ele>148.399993896484375</ele>
        <time>2026-07-11T02:34:57.000Z</time>
        <extensions>
          <ns3:TrackPointExtension>
            <ns3:hr>130</ns3:hr>
          </ns3:TrackPointExtension>
        </extensions>
      </trkpt>
      <trkpt lat="45.6553727947175502777099609375" lon="126.5832423605024814605712890625">
        <ele>148.399993896484375</ele>
        <time>2026-07-11T02:34:59.000Z</time>
        <extensions>
          <ns3:TrackPointExtension>
            <ns3:hr>133</ns3:hr>
          </ns3:TrackPointExtension>
        </extensions>
      </trkpt>
      <trkpt lat="45.6553727947175502777099609375" lon="126.5832423605024814605712890625">
        <ele>148.399993896484375</ele>
        <time>2026-07-11T02:35:00.000Z</time>
        <extensions>
          <ns3:TrackPointExtension>
            <ns3:hr>133</ns3:hr>
          </ns3:TrackPointExtension>
        </extensions>
      </trkpt>
      <trkpt lat="45.6553734652698040008544921875" lon="126.58324881456792354583740234375">
        <ele>148.8000030517578125</ele>
        <time>2026-07-11T02:35:09.000Z</time>
        <extensions>
          <ns3:TrackPointExtension>
            <ns3:hr>132</ns3:hr>
          </ns3:TrackPointExtension>
        </extensions>
      </trkpt>
      <trkpt lat="45.6553776562213897705078125" lon="126.58326105214655399322509765625">
        <ele>149</ele>
        <time>2026-07-11T02:35:15.000Z</time>
        <extensions>
          <ns3:TrackPointExtension>
            <ns3:hr>130</ns3:hr>
          </ns3:TrackPointExtension>
        </extensions>
      </trkpt>
      <trkpt lat="45.6553570367395877838134765625" lon="126.58327094279229640960693359375">
        <ele>148.8000030517578125</ele>
        <time>2026-07-11T02:35:20.000Z</time>
        <extensions>
          <ns3:TrackPointExtension>
            <ns3:hr>128</ns3:hr>
          </ns3:TrackPointExtension>
        </extensions>
      </trkpt>
      <trkpt lat="45.65535158850252628326416015625" lon="126.58327731303870677947998046875">
        <ele>148.600006103515625</ele>
        <time>2026-07-11T02:35:21.000Z</time>
        <extensions>
          <ns3:TrackPointExtension>
            <ns3:hr>129</ns3:hr>
          </ns3:TrackPointExtension>
        </extensions>
      </trkpt>
      <trkpt lat="45.655335076153278350830078125" lon="126.5832946635782718658447265625">
        <ele>148.1999969482421875</ele>
        <time>2026-07-11T02:35:25.000Z</time>
        <extensions>
          <ns3:TrackPointExtension>
            <ns3:hr>132</ns3:hr>
          </ns3:TrackPointExtension>
        </extensions>
      </trkpt>
      <trkpt lat="45.655335076153278350830078125" lon="126.58329449594020843505859375">
        <ele>148.1999969482421875</ele>
        <time>2026-07-11T02:35:26.000Z</time>
        <extensions>
          <ns3:TrackPointExtension>
            <ns3:hr>132</ns3:hr>
          </ns3:TrackPointExtension>
        </extensions>
      </trkpt>
      <trkpt lat="45.65533541142940521240234375" lon="126.58330413512885570526123046875">
        <ele>148.1999969482421875</ele>
        <time>2026-07-11T02:35:28.000Z</time>
        <extensions>
          <ns3:TrackPointExtension>
            <ns3:hr>131</ns3:hr>
          </ns3:TrackPointExtension>
        </extensions>
      </trkpt>
      <trkpt lat="45.65533549524843692779541015625" lon="126.5833281911909580230712890625">
        <ele>148.1999969482421875</ele>
        <time>2026-07-11T02:35:31.000Z</time>
        <extensions>
          <ns3:TrackPointExtension>
            <ns3:hr>129</ns3:hr>
          </ns3:TrackPointExtension>
        </extensions>
      </trkpt>
      <trkpt lat="45.65530431456863880157470703125" lon="126.5833984315395355224609375">
        <ele>148</ele>
        <time>2026-07-11T02:35:36.000Z</time>
        <extensions>
          <ns3:TrackPointExtension>
            <ns3:hr>128</ns3:hr>
          </ns3:TrackPointExtension>
        </extensions>
      </trkpt>
      <trkpt lat="45.6552990339696407318115234375" lon="126.58342215232551097869873046875">
        <ele>147.8000030517578125</ele>
        <time>2026-07-11T02:35:39.000Z</time>
        <extensions>
          <ns3:TrackPointExtension>
            <ns3:hr>129</ns3:hr>
          </ns3:TrackPointExtension>
        </extensions>
      </trkpt>
      <trkpt lat="45.65527665428817272186279296875" lon="126.58346205018460750579833984375">
        <ele>147.8000030517578125</ele>
        <time>2026-07-11T02:35:41.000Z</time>
        <extensions>
          <ns3:TrackPointExtension>
            <ns3:hr>128</ns3:hr>
          </ns3:TrackPointExtension>
        </extensions>
      </trkpt>
      <trkpt lat="45.65526206977665424346923828125" lon="126.58351846039295196533203125">
        <ele>148.1999969482421875</ele>
        <time>2026-07-11T02:35:45.000Z</time>
        <extensions>
          <ns3:TrackPointExtension>
            <ns3:hr>128</ns3:hr>
          </ns3:TrackPointExtension>
        </extensions>
      </trkpt>
      <trkpt lat="45.65525896847248077392578125" lon="126.58351636491715908050537109375">
        <ele>147.8000030517578125</ele>
        <time>2026-07-11T02:35:52.000Z</time>
        <extensions>
          <ns3:TrackPointExtension>
            <ns3:hr>127</ns3:hr>
          </ns3:TrackPointExtension>
        </extensions>
      </trkpt>
      <trkpt lat="45.65524597652256488800048828125" lon="126.5835325419902801513671875">
        <ele>147.8000030517578125</ele>
        <time>2026-07-11T02:35:58.000Z</time>
        <extensions>
          <ns3:TrackPointExtension>
            <ns3:hr>125</ns3:hr>
          </ns3:TrackPointExtension>
        </extensions>
      </trkpt>
      <trkpt lat="45.65523625351488590240478515625" lon="126.5835431031882762908935546875">
        <ele>147.600006103515625</ele>
        <time>2026-07-11T02:36:03.000Z</time>
        <extensions>
          <ns3:TrackPointExtension>
            <ns3:hr>127</ns3:hr>
          </ns3:TrackPointExtension>
        </extensions>
      </trkpt>
      <trkpt lat="45.6552354991436004638671875" lon="126.58354260027408599853515625">
        <ele>147.399993896484375</ele>
        <time>2026-07-11T02:36:05.000Z</time>
        <extensions>
          <ns3:TrackPointExtension>
            <ns3:hr>127</ns3:hr>
          </ns3:TrackPointExtension>
        </extensions>
      </trkpt>
      <trkpt lat="45.65524346195161342620849609375" lon="126.583540923893451690673828125">
        <ele>147.399993896484375</ele>
        <time>2026-07-11T02:36:06.000Z</time>
        <extensions>
          <ns3:TrackPointExtension>
            <ns3:hr>127</ns3:hr>
          </ns3:TrackPointExtension>
        </extensions>
      </trkpt>
      <trkpt lat="45.65524480305612087249755859375" lon="126.5835481323301792144775390625">
        <ele>147.399993896484375</ele>
        <time>2026-07-11T02:36:07.000Z</time>
        <extensions>
          <ns3:TrackPointExtension>
            <ns3:hr>127</ns3:hr>
          </ns3:TrackPointExtension>
        </extensions>
      </trkpt>
      <trkpt lat="45.655245222151279449462890625" lon="126.58355207182466983795166015625">
        <ele>147.8000030517578125</ele>
        <time>2026-07-11T02:36:12.000Z</time>
        <extensions>
          <ns3:TrackPointExtension>
            <ns3:hr>128</ns3:hr>
          </ns3:TrackPointExtension>
        </extensions>
      </trkpt>
      <trkpt lat="45.65523625351488590240478515625" lon="126.5835431031882762908935546875">
        <ele>147.600006103515625</ele>
        <time>2026-07-11T02:36:19.000Z</time>
        <extensions>
          <ns3:TrackPointExtension>
            <ns3:hr>129</ns3:hr>
          </ns3:TrackPointExtension>
        </extensions>
      </trkpt>
      <trkpt lat="45.65522770397365093231201171875" lon="126.58355073072016239166259765625">
        <ele>147.600006103515625</ele>
        <time>2026-07-11T02:36:20.000Z</time>
        <extensions>
          <ns3:TrackPointExtension>
            <ns3:hr>129</ns3:hr>
          </ns3:TrackPointExtension>
        </extensions>
      </trkpt>
      <trkpt lat="45.6551706232130527496337890625" lon="126.58356296829879283905029296875">
        <ele>148</ele>
        <time>2026-07-11T02:36:25.000Z</time>
        <extensions>
          <ns3:TrackPointExtension>
            <ns3:hr>128</ns3:hr>
          </ns3:TrackPointExtension>
        </extensions>
      </trkpt>
      <trkpt lat="45.65516383387148380279541015625" lon="126.58357805572450160980224609375">
        <ele>147.600006103515625</ele>
        <time>2026-07-11T02:36:31.000Z</time>
        <extensions>
          <ns3:TrackPointExtension>
            <ns3:hr>128</ns3:hr>
          </ns3:TrackPointExtension>
        </extensions>
      </trkpt>
      <trkpt lat="45.6551578827202320098876953125" lon="126.58357386477291584014892578125">
        <ele>148.399993896484375</ele>
        <time>2026-07-11T02:36:36.000Z</time>
        <extensions>
          <ns3:TrackPointExtension>
            <ns3:hr>130</ns3:hr>
          </ns3:TrackPointExtension>
        </extensions>
      </trkpt>
      <trkpt lat="45.65514891408383846282958984375" lon="126.583591885864734649658203125">
        <ele>148</ele>
        <time>2026-07-11T02:36:41.000Z</time>
        <extensions>
          <ns3:TrackPointExtension>
            <ns3:hr>133</ns3:hr>
          </ns3:TrackPointExtension>
        </extensions>
      </trkpt>
      <trkpt lat="45.65513164736330509185791015625" lon="126.58360605128109455108642578125">
        <ele>148</ele>
        <time>2026-07-11T02:36:43.000Z</time>
        <extensions>
          <ns3:TrackPointExtension>
            <ns3:hr>130</ns3:hr>
          </ns3:TrackPointExtension>
        </extensions>
      </trkpt>
      <trkpt lat="45.65512888133525848388671875" lon="126.58363639377057552337646484375">
        <ele>147.8000030517578125</ele>
        <time>2026-07-11T02:36:45.000Z</time>
        <extensions>
          <ns3:TrackPointExtension>
            <ns3:hr>131</ns3:hr>
          </ns3:TrackPointExtension>
        </extensions>
      </trkpt>
      <trkpt lat="45.65511773340404033660888671875" lon="126.58378399908542633056640625">
        <ele>147.8000030517578125</ele>
        <time>2026-07-11T02:36:51.000Z</time>
        <extensions>
          <ns3:TrackPointExtension>
            <ns3:hr>132</ns3:hr>
          </ns3:TrackPointExtension>
        </extensions>
      </trkpt>
      <trkpt lat="45.65508387051522731781005859375" lon="126.583955995738506317138671875">
        <ele>147.8000030517578125</ele>
        <time>2026-07-11T02:36:57.000Z</time>
        <extensions>
          <ns3:TrackPointExtension>
            <ns3:hr>133</ns3:hr>
          </ns3:TrackPointExtension>
        </extensions>
      </trkpt>
      <trkpt lat="45.65505268983542919158935546875" lon="126.58416688442230224609375">
        <ele>147.600006103515625</ele>
        <time>2026-07-11T02:37:03.000Z</time>
        <extensions>
          <ns3:TrackPointExtension>
            <ns3:hr>132</ns3:hr>
          </ns3:TrackPointExtension>
        </extensions>
      </trkpt>
      <trkpt lat="45.655032657086849212646484375" lon="126.58441524021327495574951171875">
        <ele>147.8000030517578125</ele>
        <time>2026-07-11T02:37:09.000Z</time>
        <extensions>
          <ns3:TrackPointExtension>
            <ns3:hr>130</ns3:hr>
          </ns3:TrackPointExtension>
        </extensions>
      </trkpt>
      <trkpt lat="45.654993094503879547119140625" lon="126.58469385467469692230224609375">
        <ele>148</ele>
        <time>2026-07-11T02:37:15.000Z</time>
        <extensions>
          <ns3:TrackPointExtension>
            <ns3:hr>130</ns3:hr>
          </ns3:TrackPointExtension>
        </extensions>
      </trkpt>
      <trkpt lat="45.65496065653860569000244140625" lon="126.58490843139588832855224609375">
        <ele>148</ele>
        <time>2026-07-11T02:37:20.000Z</time>
        <extensions>
          <ns3:TrackPointExtension>
            <ns3:hr>125</ns3:hr>
          </ns3:TrackPointExtension>
        </extensions>
      </trkpt>
      <trkpt lat="45.65494976006448268890380859375" lon="126.584991998970508575439453125">
        <ele>147.8000030517578125</ele>
        <time>2026-07-11T02:37:22.000Z</time>
        <extensions>
          <ns3:TrackPointExtension>
            <ns3:hr>121</ns3:hr>
          </ns3:TrackPointExtension>
        </extensions>
      </trkpt>
      <trkpt lat="45.654936097562313079833984375" lon="126.58507841639220714569091796875">
        <ele>147.8000030517578125</ele>
        <time>2026-07-11T02:37:24.000Z</time>
        <extensions>
          <ns3:TrackPointExtension>
            <ns3:hr>118</ns3:hr>
          </ns3:TrackPointExtension>
        </extensions>
      </trkpt>
      <trkpt lat="45.65489913336932659149169921875" lon="126.58534127287566661834716796875">
        <ele>148</ele>
        <time>2026-07-11T02:37:30.000Z</time>
        <extensions>
          <ns3:TrackPointExtension>
            <ns3:hr>115</ns3:hr>
          </ns3:TrackPointExtension>
        </extensions>
      </trkpt>
      <trkpt lat="45.65489527769386768341064453125" lon="126.58538200892508029937744140625">
        <ele>148</ele>
        <time>2026-07-11T02:37:31.000Z</time>
        <extensions>
          <ns3:TrackPointExtension>
            <ns3:hr>115</ns3:hr>
          </ns3:TrackPointExtension>
        </extensions>
      </trkpt>
      <trkpt lat="45.65485085360705852508544921875" lon="126.58568493090569972991943359375">
        <ele>148</ele>
        <time>2026-07-11T02:37:39.000Z</time>
        <extensions>
          <ns3:TrackPointExtension>
            <ns3:hr>114</ns3:hr>
          </ns3:TrackPointExtension>
        </extensions>
      </trkpt>
      <trkpt lat="45.654841549694538116455078125" lon="126.58568560145795345306396484375">
        <ele>148</ele>
        <time>2026-07-11T02:37:43.000Z</time>
        <extensions>
          <ns3:TrackPointExtension>
            <ns3:hr>114</ns3:hr>
          </ns3:TrackPointExtension>
        </extensions>
      </trkpt>
      <trkpt lat="45.65484322607517242431640625" lon="126.5856871940195560455322265625">
        <ele>148.1999969482421875</ele>
        <time>2026-07-11T02:37:51.000Z</time>
        <extensions>
          <ns3:TrackPointExtension>
            <ns3:hr>114</ns3:hr>
          </ns3:TrackPointExtension>
        </extensions>
      </trkpt>
      <trkpt lat="45.6548541225492954254150390625" lon="126.5857123397290706634521484375">
        <ele>148.1999969482421875</ele>
        <time>2026-07-11T02:37:52.000Z</time>
        <extensions>
          <ns3:TrackPointExtension>
            <ns3:hr>114</ns3:hr>
          </ns3:TrackPointExtension>
        </extensions>
      </trkpt>
      <trkpt lat="45.65484213642776012420654296875" lon="126.58584971912205219268798828125">
        <ele>148</ele>
        <time>2026-07-11T02:37:56.000Z</time>
        <extensions>
          <ns3:TrackPointExtension>
            <ns3:hr>113</ns3:hr>
          </ns3:TrackPointExtension>
        </extensions>
      </trkpt>
      <trkpt lat="45.654816739261150360107421875" lon="126.586224138736724853515625">
        <ele>148</ele>
        <time>2026-07-11T02:38:04.000Z</time>
        <extensions>
          <ns3:TrackPointExtension>
            <ns3:hr>112</ns3:hr>
          </ns3:TrackPointExtension>
        </extensions>
      </trkpt>
      <trkpt lat="45.654807351529598236083984375" lon="126.5862799622118473052978515625">
        <ele>148</ele>
        <time>2026-07-11T02:38:05.000Z</time>
        <extensions>
          <ns3:TrackPointExtension>
            <ns3:hr>113</ns3:hr>
          </ns3:TrackPointExtension>
        </extensions>
      </trkpt>
      <trkpt lat="45.65478798933327198028564453125" lon="126.586507447063922882080078125">
        <ele>147.8000030517578125</ele>
        <time>2026-07-11T02:38:09.000Z</time>
        <extensions>
          <ns3:TrackPointExtension>
            <ns3:hr>113</ns3:hr>
          </ns3:TrackPointExtension>
        </extensions>
      </trkpt>
      <trkpt lat="45.65474691800773143768310546875" lon="126.58686040900647640228271484375">
        <ele>148.399993896484375</ele>
        <time>2026-07-11T02:38:15.000Z</time>
        <extensions>
          <ns3:TrackPointExtension>
            <ns3:hr>115</ns3:hr>
          </ns3:TrackPointExtension>
        </extensions>
      </trkpt>
      <trkpt lat="45.6547300703823566436767578125" lon="126.5869796834886074066162109375">
        <ele>148.399993896484375</ele>
        <time>2026-07-11T02:38:17.000Z</time>
        <extensions>
          <ns3:TrackPointExtension>
            <ns3:hr>115</ns3:hr>
          </ns3:TrackPointExtension>
        </extensions>
      </trkpt>
      <trkpt lat="45.6547163240611553192138671875" lon="126.58716567791998386383056640625">
        <ele>148.399993896484375</ele>
        <time>2026-07-11T02:38:20.000Z</time>
        <extensions>
          <ns3:TrackPointExtension>
            <ns3:hr>116</ns3:hr>
          </ns3:TrackPointExtension>
        </extensions>
      </trkpt>
      <trkpt lat="45.65471942536532878875732421875" lon="126.58723206259310245513916015625">
        <ele>148.399993896484375</ele>
        <time>2026-07-11T02:38:21.000Z</time>
        <extensions>
          <ns3:TrackPointExtension>
            <ns3:hr>116</ns3:hr>
          </ns3:TrackPointExtension>
        </extensions>
      </trkpt>
      <trkpt lat="45.6547196768224239349365234375" lon="126.58736206591129302978515625">
        <ele>148.399993896484375</ele>
        <time>2026-07-11T02:38:23.000Z</time>
        <extensions>
          <ns3:TrackPointExtension>
            <ns3:hr>122</ns3:hr>
          </ns3:TrackPointExtension>
        </extensions>
      </trkpt>
      <trkpt lat="45.654694028198719024658203125" lon="126.5875446237623691558837890625">
        <ele>148.399993896484375</ele>
        <time>2026-07-11T02:38:26.000Z</time>
        <extensions>
          <ns3:TrackPointExtension>
            <ns3:hr>125</ns3:hr>
          </ns3:TrackPointExtension>
        </extensions>
      </trkpt>
      <trkpt lat="45.65468841232359409332275390625" lon="126.587602458894252777099609375">
        <ele>148.600006103515625</ele>
        <time>2026-07-11T02:38:27.000Z</time>
        <extensions>
          <ns3:TrackPointExtension>
            <ns3:hr>124</ns3:hr>
          </ns3:TrackPointExtension>
        </extensions>
      </trkpt>
      <trkpt lat="45.6546294875442981719970703125" lon="126.58792507834732532501220703125">
        <ele>149</ele>
        <time>2026-07-11T02:38:33.000Z</time>
        <extensions>
          <ns3:TrackPointExtension>
            <ns3:hr>127</ns3:hr>
          </ns3:TrackPointExtension>
        </extensions>
      </trkpt>
      <trkpt lat="45.6545386277139186859130859375" lon="126.58819849602878093719482421875">
        <ele>149.1999969482421875</ele>
        <time>2026-07-11T02:38:39.000Z</time>
        <extensions>
          <ns3:TrackPointExtension>
            <ns3:hr>127</ns3:hr>
          </ns3:TrackPointExtension>
        </extensions>
      </trkpt>
      <trkpt lat="45.6545164994895458221435546875" lon="126.5882624499499797821044921875">
        <ele>149.600006103515625</ele>
        <time>2026-07-11T02:38:42.000Z</time>
        <extensions>
          <ns3:TrackPointExtension>
            <ns3:hr>127</ns3:hr>
          </ns3:TrackPointExtension>
        </extensions>
      </trkpt>
      <trkpt lat="45.6545118056237697601318359375" lon="126.58827996812760829925537109375">
        <ele>149.8000030517578125</ele>
        <time>2026-07-11T02:38:45.000Z</time>
        <extensions>
          <ns3:TrackPointExtension>
            <ns3:hr>126</ns3:hr>
          </ns3:TrackPointExtension>
        </extensions>
      </trkpt>
      <trkpt lat="45.6545118056237697601318359375" lon="126.58827996812760829925537109375">
        <ele>149.8000030517578125</ele>
        <time>2026-07-11T02:38:52.000Z</time>
        <extensions>
          <ns3:TrackPointExtension>
            <ns3:hr>123</ns3:hr>
          </ns3:TrackPointExtension>
        </extensions>
      </trkpt>
      <trkpt lat="45.6545118056237697601318359375" lon="126.58827996812760829925537109375">
        <ele>149.600006103515625</ele>
        <time>2026-07-11T02:38:55.000Z</time>
        <extensions>
          <ns3:TrackPointExtension>
            <ns3:hr>120</ns3:hr>
          </ns3:TrackPointExtension>
        </extensions>
      </trkpt>
      <trkpt lat="45.6545118056237697601318359375" lon="126.58827996812760829925537109375">
        <ele>149.600006103515625</ele>
        <time>2026-07-11T02:38:59.000Z</time>
        <extensions>
          <ns3:TrackPointExtension>
            <ns3:hr>118</ns3:hr>
          </ns3:TrackPointExtension>
        </extensions>
      </trkpt>
      <trkpt lat="45.6545118056237697601318359375" lon="126.58827996812760829925537109375">
        <ele>149.600006103515625</ele>
        <time>2026-07-11T02:39:03.000Z</time>
        <extensions>
          <ns3:TrackPointExtension>
            <ns3:hr>115</ns3:hr>
          </ns3:TrackPointExtension>
        </extensions>
      </trkpt>
      <trkpt lat="45.6545118056237697601318359375" lon="126.58827996812760829925537109375">
        <ele>149.600006103515625</ele>
        <time>2026-07-11T02:39:05.000Z</time>
        <extensions>
          <ns3:TrackPointExtension>
            <ns3:hr>112</ns3:hr>
          </ns3:TrackPointExtension>
        </extensions>
      </trkpt>
      <trkpt lat="45.6545118056237697601318359375" lon="126.58827996812760829925537109375">
        <ele>149.600006103515625</ele>
        <time>2026-07-11T02:39:08.000Z</time>
        <extensions>
          <ns3:TrackPointExtension>
            <ns3:hr>109</ns3:hr>
          </ns3:TrackPointExtension>
        </extensions>
      </trkpt>
      <trkpt lat="45.6545118056237697601318359375" lon="126.58827996812760829925537109375">
        <ele>149.600006103515625</ele>
        <time>2026-07-11T02:39:10.000Z</time>
        <extensions>
          <ns3:TrackPointExtension>
            <ns3:hr>108</ns3:hr>
          </ns3:TrackPointExtension>
        </extensions>
      </trkpt>
      <trkpt lat="45.65451390109956264495849609375" lon="126.5882907807826995849609375">
        <ele>149.8000030517578125</ele>
        <time>2026-07-11T02:39:21.000Z</time>
        <extensions>
          <ns3:TrackPointExtension>
            <ns3:hr>110</ns3:hr>
          </ns3:TrackPointExtension>
        </extensions>
      </trkpt>
      <trkpt lat="45.6545118056237697601318359375" lon="126.58827996812760829925537109375">
        <ele>149.8000030517578125</ele>
        <time>2026-07-11T02:39:33.000Z</time>
        <extensions>
          <ns3:TrackPointExtension>
            <ns3:hr>111</ns3:hr>
          </ns3:TrackPointExtension>
        </extensions>
      </trkpt>
      <trkpt lat="45.65451624803245067596435546875" lon="126.58829639665782451629638671875">
        <ele>149.399993896484375</ele>
        <time>2026-07-11T02:39:38.000Z</time>
        <extensions>
          <ns3:TrackPointExtension>
            <ns3:hr>108</ns3:hr>
          </ns3:TrackPointExtension>
        </extensions>
      </trkpt>
      <trkpt lat="45.6545113027095794677734375" lon="126.588305197656154632568359375">
        <ele>149.600006103515625</ele>
        <time>2026-07-11T02:39:39.000Z</time>
        <extensions>
          <ns3:TrackPointExtension>
            <ns3:hr>108</ns3:hr>
          </ns3:TrackPointExtension>
        </extensions>
      </trkpt>
      <trkpt lat="45.65449629910290241241455078125" lon="126.58830310218036174774169921875">
        <ele>149.600006103515625</ele>
        <time>2026-07-11T02:39:40.000Z</time>
        <extensions>
          <ns3:TrackPointExtension>
            <ns3:hr>108</ns3:hr>
          </ns3:TrackPointExtension>
        </extensions>
      </trkpt>
      <trkpt lat="45.65444014035165309906005859375" lon="126.588342078030109405517578125">
        <ele>149.600006103515625</ele>
        <time>2026-07-11T02:39:44.000Z</time>
        <extensions>
          <ns3:TrackPointExtension>
            <ns3:hr>108</ns3:hr>
          </ns3:TrackPointExtension>
        </extensions>
      </trkpt>
      <trkpt lat="45.65433201380074024200439453125" lon="126.58851834945380687713623046875">
        <ele>149.8000030517578125</ele>
        <time>2026-07-11T02:39:51.000Z</time>
        <extensions>
          <ns3:TrackPointExtension>
            <ns3:hr>108</ns3:hr>
          </ns3:TrackPointExtension>
        </extensions>
      </trkpt>
      <trkpt lat="45.65416906960308551788330078125" lon="126.58875589258968830108642578125">
        <ele>150</ele>
        <time>2026-07-11T02:39:59.000Z</time>
        <extensions>
          <ns3:TrackPointExtension>
            <ns3:hr>107</ns3:hr>
          </ns3:TrackPointExtension>
        </extensions>
      </trkpt>
      <trkpt lat="45.654048621654510498046875" lon="126.58893476240336894989013671875">
        <ele>149.8000030517578125</ele>
        <time>2026-07-11T02:40:05.000Z</time>
        <extensions>
          <ns3:TrackPointExtension>
            <ns3:hr>108</ns3:hr>
          </ns3:TrackPointExtension>
        </extensions>
      </trkpt>
      <trkpt lat="45.6539106555283069610595703125" lon="126.58917632885277271270751953125">
        <ele>149.600006103515625</ele>
        <time>2026-07-11T02:40:12.000Z</time>
        <extensions>
          <ns3:TrackPointExtension>
            <ns3:hr>109</ns3:hr>
          </ns3:TrackPointExtension>
        </extensions>
      </trkpt>
      <trkpt lat="45.65377679653465747833251953125" lon="126.589433066546916961669921875">
        <ele>150</ele>
        <time>2026-07-11T02:40:19.000Z</time>
        <extensions>
          <ns3:TrackPointExtension>
            <ns3:hr>108</ns3:hr>
          </ns3:TrackPointExtension>
        </extensions>
      </trkpt>
      <trkpt lat="45.6536717712879180908203125" lon="126.58964236266911029815673828125">
        <ele>150.1999969482421875</ele>
        <time>2026-07-11T02:40:24.000Z</time>
        <extensions>
          <ns3:TrackPointExtension>
            <ns3:hr>108</ns3:hr>
          </ns3:TrackPointExtension>
        </extensions>
      </trkpt>
      <trkpt lat="45.65357831306755542755126953125" lon="126.5898077376186847686767578125">
        <ele>149.8000030517578125</ele>
        <time>2026-07-11T02:40:29.000Z</time>
        <extensions>
          <ns3:TrackPointExtension>
            <ns3:hr>105</ns3:hr>
          </ns3:TrackPointExtension>
        </extensions>
      </trkpt>
      <trkpt lat="45.65353120677173137664794921875" lon="126.589874960482120513916015625">
        <ele>149.399993896484375</ele>
        <time>2026-07-11T02:40:31.000Z</time>
        <extensions>
          <ns3:TrackPointExtension>
            <ns3:hr>104</ns3:hr>
          </ns3:TrackPointExtension>
        </extensions>
      </trkpt>
      <trkpt lat="45.6533901393413543701171875" lon="126.59007034264504909515380859375">
        <ele>149</ele>
        <time>2026-07-11T02:40:36.000Z</time>
        <extensions>
          <ns3:TrackPointExtension>
            <ns3:hr>103</ns3:hr>
          </ns3:TrackPointExtension>
        </extensions>
      </trkpt>
      <trkpt lat="45.65324127674102783203125" lon="126.59027905203402042388916015625">
        <ele>149.1999969482421875</ele>
        <time>2026-07-11T02:40:41.000Z</time>
        <extensions>
          <ns3:TrackPointExtension>
            <ns3:hr>103</ns3:hr>
          </ns3:TrackPointExtension>
        </extensions>
      </trkpt>
      <trkpt lat="45.65305494703352451324462890625" lon="126.59052061848342418670654296875">
        <ele>149.1999969482421875</ele>
        <time>2026-07-11T02:40:47.000Z</time>
        <extensions>
          <ns3:TrackPointExtension>
            <ns3:hr>102</ns3:hr>
          </ns3:TrackPointExtension>
        </extensions>
      </trkpt>
      <trkpt lat="45.65285160206258296966552734375" lon="126.5907810442149639129638671875">
        <ele>149.1999969482421875</ele>
        <time>2026-07-11T02:40:53.000Z</time>
        <extensions>
          <ns3:TrackPointExtension>
            <ns3:hr>106</ns3:hr>
          </ns3:TrackPointExtension>
        </extensions>
      </trkpt>
      <trkpt lat="45.6527824513614177703857421875" lon="126.590859331190586090087890625">
        <ele>149.1999969482421875</ele>
        <time>2026-07-11T02:40:55.000Z</time>
        <extensions>
          <ns3:TrackPointExtension>
            <ns3:hr>110</ns3:hr>
          </ns3:TrackPointExtension>
        </extensions>
      </trkpt>
      <trkpt lat="45.65274548716843128204345703125" lon="126.59089587628841400146484375">
        <ele>149.1999969482421875</ele>
        <time>2026-07-11T02:40:56.000Z</time>
        <extensions>
          <ns3:TrackPointExtension>
            <ns3:hr>113</ns3:hr>
          </ns3:TrackPointExtension>
        </extensions>
      </trkpt>
      <trkpt lat="45.652675665915012359619140625" lon="126.59095756709575653076171875">
        <ele>149.1999969482421875</ele>
        <time>2026-07-11T02:40:58.000Z</time>
        <extensions>
          <ns3:TrackPointExtension>
            <ns3:hr>116</ns3:hr>
          </ns3:TrackPointExtension>
        </extensions>
      </trkpt>
      <trkpt lat="45.65263736061751842498779296875" lon="126.59099453128874301910400390625">
        <ele>149.1999969482421875</ele>
        <time>2026-07-11T02:40:59.000Z</time>
        <extensions>
          <ns3:TrackPointExtension>
            <ns3:hr>117</ns3:hr>
          </ns3:TrackPointExtension>
        </extensions>
      </trkpt>
      <trkpt lat="45.65250123851001262664794921875" lon="126.59110634587705135345458984375">
        <ele>149.1999969482421875</ele>
        <time>2026-07-11T02:41:03.000Z</time>
        <extensions>
          <ns3:TrackPointExtension>
            <ns3:hr>120</ns3:hr>
          </ns3:TrackPointExtension>
        </extensions>
      </trkpt>
      <trkpt lat="45.65245061181485652923583984375" lon="126.5911656059324741363525390625">
        <ele>149.1999969482421875</ele>
        <time>2026-07-11T02:41:05.000Z</time>
        <extensions>
          <ns3:TrackPointExtension>
            <ns3:hr>121</ns3:hr>
          </ns3:TrackPointExtension>
        </extensions>
      </trkpt>
      <trkpt lat="45.65229252912104129791259765625" lon="126.59131698310375213623046875">
        <ele>148.600006103515625</ele>
        <time>2026-07-11T02:41:10.000Z</time>
        <extensions>
          <ns3:TrackPointExtension>
            <ns3:hr>121</ns3:hr>
          </ns3:TrackPointExtension>
        </extensions>
      </trkpt>
      <trkpt lat="45.65208323299884796142578125" lon="126.5915266983211040496826171875">
        <ele>149</ele>
        <time>2026-07-11T02:41:16.000Z</time>
        <extensions>
          <ns3:TrackPointExtension>
            <ns3:hr>122</ns3:hr>
          </ns3:TrackPointExtension>
        </extensions>
      </trkpt>
      <trkpt lat="45.65201341174542903900146484375" lon="126.59159517847001552581787109375">
        <ele>148.600006103515625</ele>
        <time>2026-07-11T02:41:18.000Z</time>
        <extensions>
          <ns3:TrackPointExtension>
            <ns3:hr>123</ns3:hr>
          </ns3:TrackPointExtension>
        </extensions>
      </trkpt>
      <trkpt lat="45.65191081725060939788818359375" lon="126.59169157035648822784423828125">
        <ele>148.399993896484375</ele>
        <time>2026-07-11T02:41:21.000Z</time>
        <extensions>
          <ns3:TrackPointExtension>
            <ns3:hr>120</ns3:hr>
          </ns3:TrackPointExtension>
        </extensions>
      </trkpt>
      <trkpt lat="45.65184317529201507568359375" lon="126.59175829030573368072509765625">
        <ele>148.399993896484375</ele>
        <time>2026-07-11T02:41:23.000Z</time>
        <extensions>
          <ns3:TrackPointExtension>
            <ns3:hr>116</ns3:hr>
          </ns3:TrackPointExtension>
        </extensions>
      </trkpt>
      <trkpt lat="45.65180906094610691070556640625" lon="126.59179131500422954559326171875">
        <ele>148.600006103515625</ele>
        <time>2026-07-11T02:41:24.000Z</time>
        <extensions>
          <ns3:TrackPointExtension>
            <ns3:hr>111</ns3:hr>
          </ns3:TrackPointExtension>
        </extensions>
      </trkpt>
      <trkpt lat="45.651607476174831390380859375" lon="126.591988541185855865478515625">
        <ele>148.8000030517578125</ele>
        <time>2026-07-11T02:41:30.000Z</time>
        <extensions>
          <ns3:TrackPointExtension>
            <ns3:hr>109</ns3:hr>
          </ns3:TrackPointExtension>
        </extensions>
      </trkpt>
      <trkpt lat="45.65157252363860607147216796875" lon="126.59201729111373424530029296875">
        <ele>148.8000030517578125</ele>
        <time>2026-07-11T02:41:31.000Z</time>
        <extensions>
          <ns3:TrackPointExtension>
            <ns3:hr>110</ns3:hr>
          </ns3:TrackPointExtension>
        </extensions>
      </trkpt>
      <trkpt lat="45.6513203121721744537353515625" lon="126.59218710847198963165283203125">
        <ele>148.8000030517578125</ele>
        <time>2026-07-11T02:41:38.000Z</time>
        <extensions>
          <ns3:TrackPointExtension>
            <ns3:hr>109</ns3:hr>
          </ns3:TrackPointExtension>
        </extensions>
      </trkpt>
      <trkpt lat="45.65107715316116809844970703125" lon="126.59230479039251804351806640625">
        <ele>148.600006103515625</ele>
        <time>2026-07-11T02:41:45.000Z</time>
        <extensions>
          <ns3:TrackPointExtension>
            <ns3:hr>108</ns3:hr>
          </ns3:TrackPointExtension>
        </extensions>
      </trkpt>
      <trkpt lat="45.65100121311843395233154296875" lon="126.5923410840332508087158203125">
        <ele>148.399993896484375</ele>
        <time>2026-07-11T02:41:47.000Z</time>
        <extensions>
          <ns3:TrackPointExtension>
            <ns3:hr>113</ns3:hr>
          </ns3:TrackPointExtension>
        </extensions>
      </trkpt>
      <trkpt lat="45.650962404906749725341796875" lon="126.592359356582164764404296875">
        <ele>148.399993896484375</ele>
        <time>2026-07-11T02:41:48.000Z</time>
        <extensions>
          <ns3:TrackPointExtension>
            <ns3:hr>118</ns3:hr>
          </ns3:TrackPointExtension>
        </extensions>
      </trkpt>
      <trkpt lat="45.65092460252344608306884765625" lon="126.59237804822623729705810546875">
        <ele>148.399993896484375</ele>
        <time>2026-07-11T02:41:49.000Z</time>
        <extensions>
          <ns3:TrackPointExtension>
            <ns3:hr>111</ns3:hr>
          </ns3:TrackPointExtension>
        </extensions>
      </trkpt>
      <trkpt lat="45.65085201524198055267333984375" lon="126.59241258166730403900146484375">
        <ele>148.399993896484375</ele>
        <time>2026-07-11T02:41:51.000Z</time>
        <extensions>
          <ns3:TrackPointExtension>
            <ns3:hr>107</ns3:hr>
          </ns3:TrackPointExtension>
        </extensions>
      </trkpt>
      <trkpt lat="45.6507811881601810455322265625" lon="126.59244862385094165802001953125">
        <ele>148.399993896484375</ele>
        <time>2026-07-11T02:41:53.000Z</time>
        <extensions>
          <ns3:TrackPointExtension>
            <ns3:hr>104</ns3:hr>
          </ns3:TrackPointExtension>
        </extensions>
      </trkpt>
      <trkpt lat="45.65074573270976543426513671875" lon="126.59246706403791904449462890625">
        <ele>148.399993896484375</ele>
        <time>2026-07-11T02:41:54.000Z</time>
        <extensions>
          <ns3:TrackPointExtension>
            <ns3:hr>108</ns3:hr>
          </ns3:TrackPointExtension>
        </extensions>
      </trkpt>
      <trkpt lat="45.6507106125354766845703125" lon="126.5924852527678012847900390625">
        <ele>148.399993896484375</ele>
        <time>2026-07-11T02:41:55.000Z</time>
        <extensions>
          <ns3:TrackPointExtension>
            <ns3:hr>115</ns3:hr>
          </ns3:TrackPointExtension>
        </extensions>
      </trkpt>
      <trkpt lat="45.650672726333141326904296875" lon="126.5925013460218906402587890625">
        <ele>148.399993896484375</ele>
        <time>2026-07-11T02:41:56.000Z</time>
        <extensions>
          <ns3:TrackPointExtension>
            <ns3:hr>119</ns3:hr>
          </ns3:TrackPointExtension>
        </extensions>
      </trkpt>
      <trkpt lat="45.65063676796853542327880859375" lon="126.59251861274242401123046875">
        <ele>148.399993896484375</ele>
        <time>2026-07-11T02:41:57.000Z</time>
        <extensions>
          <ns3:TrackPointExtension>
            <ns3:hr>123</ns3:hr>
          </ns3:TrackPointExtension>
        </extensions>
      </trkpt>
      <trkpt lat="45.65059938468039035797119140625" lon="126.59253411926329135894775390625">
        <ele>148.600006103515625</ele>
        <time>2026-07-11T02:41:58.000Z</time>
        <extensions>
          <ns3:TrackPointExtension>
            <ns3:hr>123</ns3:hr>
          </ns3:TrackPointExtension>
        </extensions>
      </trkpt>
      <trkpt lat="45.65044666640460491180419921875" lon="126.59260117448866367340087890625">
        <ele>149</ele>
        <time>2026-07-11T02:42:02.000Z</time>
        <extensions>
          <ns3:TrackPointExtension>
            <ns3:hr>123</ns3:hr>
          </ns3:TrackPointExtension>
        </extensions>
      </trkpt>
      <trkpt lat="45.65009110607206821441650390625" lon="126.59276805818080902099609375">
        <ele>149</ele>
        <time>2026-07-11T02:42:11.000Z</time>
        <extensions>
          <ns3:TrackPointExtension>
            <ns3:hr>123</ns3:hr>
          </ns3:TrackPointExtension>
        </extensions>
      </trkpt>
      <trkpt lat="45.64987787045538425445556640625" lon="126.5928892605006694793701171875">
        <ele>149.399993896484375</ele>
        <time>2026-07-11T02:42:17.000Z</time>
        <extensions>
          <ns3:TrackPointExtension>
            <ns3:hr>126</ns3:hr>
          </ns3:TrackPointExtension>
        </extensions>
      </trkpt>
      <trkpt lat="45.64984501339495182037353515625" lon="126.592913568019866943359375">
        <ele>149.399993896484375</ele>
        <time>2026-07-11T02:42:18.000Z</time>
        <extensions>
          <ns3:TrackPointExtension>
            <ns3:hr>127</ns3:hr>
          </ns3:TrackPointExtension>
        </extensions>
      </trkpt>
      <trkpt lat="45.64980746246874332427978515625" lon="126.59294080920517444610595703125">
        <ele>149.600006103515625</ele>
        <time>2026-07-11T02:42:19.000Z</time>
        <extensions>
          <ns3:TrackPointExtension>
            <ns3:hr>127</ns3:hr>
          </ns3:TrackPointExtension>
        </extensions>
      </trkpt>
      <trkpt lat="45.64962741918861865997314453125" lon="126.59304273314774036407470703125">
        <ele>149.600006103515625</ele>
        <time>2026-07-11T02:42:24.000Z</time>
        <extensions>
          <ns3:TrackPointExtension>
            <ns3:hr>126</ns3:hr>
          </ns3:TrackPointExtension>
        </extensions>
      </trkpt>
      <trkpt lat="45.6493659876286983489990234375" lon="126.59322076477110385894775390625">
        <ele>150</ele>
        <time>2026-07-11T02:42:31.000Z</time>
        <extensions>
          <ns3:TrackPointExtension>
            <ns3:hr>128</ns3:hr>
          </ns3:TrackPointExtension>
        </extensions>
      </trkpt>
      <trkpt lat="45.6491175480186939239501953125" lon="126.59332537092268466949462890625">
        <ele>150.399993896484375</ele>
        <time>2026-07-11T02:42:38.000Z</time>
        <extensions>
          <ns3:TrackPointExtension>
            <ns3:hr>128</ns3:hr>
          </ns3:TrackPointExtension>
        </extensions>
      </trkpt>
      <trkpt lat="45.64885712228715419769287109375" lon="126.59345361404120922088623046875">
        <ele>149.8000030517578125</ele>
        <time>2026-07-11T02:42:45.000Z</time>
        <extensions>
          <ns3:TrackPointExtension>
            <ns3:hr>128</ns3:hr>
          </ns3:TrackPointExtension>
        </extensions>
      </trkpt>
      <trkpt lat="45.64861957915127277374267578125" lon="126.59355754964053630828857421875">
        <ele>150</ele>
        <time>2026-07-11T02:42:51.000Z</time>
        <extensions>
          <ns3:TrackPointExtension>
            <ns3:hr>129</ns3:hr>
          </ns3:TrackPointExtension>
        </extensions>
      </trkpt>
      <trkpt lat="45.64840299077332019805908203125" lon="126.59363701008260250091552734375">
        <ele>150</ele>
        <time>2026-07-11T02:42:58.000Z</time>
        <extensions>
          <ns3:TrackPointExtension>
            <ns3:hr>129</ns3:hr>
          </ns3:TrackPointExtension>
        </extensions>
      </trkpt>
      <trkpt lat="45.64822244457900524139404296875" lon="126.59370456822216510772705078125">
        <ele>150</ele>
        <time>2026-07-11T02:43:03.000Z</time>
        <extensions>
          <ns3:TrackPointExtension>
            <ns3:hr>128</ns3:hr>
          </ns3:TrackPointExtension>
        </extensions>
      </trkpt>
      <trkpt lat="45.64794533886015415191650390625" lon="126.593837253749370574951171875">
        <ele>150</ele>
        <time>2026-07-11T02:43:10.000Z</time>
        <extensions>
          <ns3:TrackPointExtension>
            <ns3:hr>127</ns3:hr>
          </ns3:TrackPointExtension>
        </extensions>
      </trkpt>
      <trkpt lat="45.6478257291018962860107421875" lon="126.593957953155040740966796875">
        <ele>150</ele>
        <time>2026-07-11T02:43:14.000Z</time>
        <extensions>
          <ns3:TrackPointExtension>
            <ns3:hr>124</ns3:hr>
          </ns3:TrackPointExtension>
        </extensions>
      </trkpt>
      <trkpt lat="45.6477801315486431121826171875" lon="126.59403179772198200225830078125">
        <ele>150</ele>
        <time>2026-07-11T02:43:16.000Z</time>
        <extensions>
          <ns3:TrackPointExtension>
            <ns3:hr>124</ns3:hr>
          </ns3:TrackPointExtension>
        </extensions>
      </trkpt>
      <trkpt lat="45.64766605384647846221923828125" lon="126.5941502340137958526611328125">
        <ele>150.1999969482421875</ele>
        <time>2026-07-11T02:43:20.000Z</time>
        <extensions>
          <ns3:TrackPointExtension>
            <ns3:hr>124</ns3:hr>
          </ns3:TrackPointExtension>
        </extensions>
      </trkpt>
      <trkpt lat="45.6475481204688549041748046875" lon="126.59430823288857936859130859375">
        <ele>150</ele>
        <time>2026-07-11T02:43:26.000Z</time>
        <extensions>
          <ns3:TrackPointExtension>
            <ns3:hr>123</ns3:hr>
          </ns3:TrackPointExtension>
        </extensions>
      </trkpt>
      <trkpt lat="45.6474679894745349884033203125" lon="126.59439322538673877716064453125">
        <ele>150.1999969482421875</ele>
        <time>2026-07-11T02:43:31.000Z</time>
        <extensions>
          <ns3:TrackPointExtension>
            <ns3:hr>120</ns3:hr>
          </ns3:TrackPointExtension>
        </extensions>
      </trkpt>
      <trkpt lat="45.64745030365884304046630859375" lon="126.59441384486854076385498046875">
        <ele>150</ele>
        <time>2026-07-11T02:43:32.000Z</time>
        <extensions>
          <ns3:TrackPointExtension>
            <ns3:hr>120</ns3:hr>
          </ns3:TrackPointExtension>
        </extensions>
      </trkpt>
      <trkpt lat="45.6473305262625217437744140625" lon="126.594528593122959136962890625">
        <ele>150</ele>
        <time>2026-07-11T02:43:38.000Z</time>
        <extensions>
          <ns3:TrackPointExtension>
            <ns3:hr>117</ns3:hr>
          </ns3:TrackPointExtension>
        </extensions>
      </trkpt>
      <trkpt lat="45.64728786237537860870361328125" lon="126.59457092173397541046142578125">
        <ele>149.8000030517578125</ele>
        <time>2026-07-11T02:43:40.000Z</time>
        <extensions>
          <ns3:TrackPointExtension>
            <ns3:hr>115</ns3:hr>
          </ns3:TrackPointExtension>
        </extensions>
      </trkpt>
      <trkpt lat="45.6470767222344875335693359375" lon="126.59475465305149555206298828125">
        <ele>149.1999969482421875</ele>
        <time>2026-07-11T02:43:48.000Z</time>
        <extensions>
          <ns3:TrackPointExtension>
            <ns3:hr>112</ns3:hr>
          </ns3:TrackPointExtension>
        </extensions>
      </trkpt>
      <trkpt lat="45.6469157896935939788818359375" lon="126.59491089172661304473876953125">
        <ele>149.600006103515625</ele>
        <time>2026-07-11T02:43:54.000Z</time>
        <extensions>
          <ns3:TrackPointExtension>
            <ns3:hr>113</ns3:hr>
          </ns3:TrackPointExtension>
        </extensions>
      </trkpt>
      <trkpt lat="45.64680774696171283721923828125" lon="126.59499236382544040679931640625">
        <ele>150</ele>
        <time>2026-07-11T02:43:58.000Z</time>
        <extensions>
          <ns3:TrackPointExtension>
            <ns3:hr>116</ns3:hr>
          </ns3:TrackPointExtension>
        </extensions>
      </trkpt>
      <trkpt lat="45.6466938368976116180419921875" lon="126.595087833702564239501953125">
        <ele>150.399993896484375</ele>
        <time>2026-07-11T02:44:02.000Z</time>
        <extensions>
          <ns3:TrackPointExtension>
            <ns3:hr>116</ns3:hr>
          </ns3:TrackPointExtension>
        </extensions>
      </trkpt>
      <trkpt lat="45.64651270397007465362548828125" lon="126.59522219561040401458740234375">
        <ele>150.1999969482421875</ele>
        <time>2026-07-11T02:44:08.000Z</time>
        <extensions>
          <ns3:TrackPointExtension>
            <ns3:hr>114</ns3:hr>
          </ns3:TrackPointExtension>
        </extensions>
      </trkpt>
      <trkpt lat="45.6462184153497219085693359375" lon="126.59541673958301544189453125">
        <ele>150.399993896484375</ele>
        <time>2026-07-11T02:44:17.000Z</time>
        <extensions>
          <ns3:TrackPointExtension>
            <ns3:hr>114</ns3:hr>
          </ns3:TrackPointExtension>
        </extensions>
      </trkpt>
      <trkpt lat="45.64598430879414081573486328125" lon="126.59556283615529537200927734375">
        <ele>150.399993896484375</ele>
        <time>2026-07-11T02:44:23.000Z</time>
        <extensions>
          <ns3:TrackPointExtension>
            <ns3:hr>114</ns3:hr>
          </ns3:TrackPointExtension>
        </extensions>
      </trkpt>
      <trkpt lat="45.6457064487040042877197265625" lon="126.59573013894259929656982421875">
        <ele>150.399993896484375</ele>
        <time>2026-07-11T02:44:30.000Z</time>
        <extensions>
          <ns3:TrackPointExtension>
            <ns3:hr>116</ns3:hr>
          </ns3:TrackPointExtension>
        </extensions>
      </trkpt>
      <trkpt lat="45.6455642916262149810791015625" lon="126.59582921303808689117431640625">
        <ele>150.600006103515625</ele>
        <time>2026-07-11T02:44:34.000Z</time>
        <extensions>
          <ns3:TrackPointExtension>
            <ns3:hr>118</ns3:hr>
          </ns3:TrackPointExtension>
        </extensions>
      </trkpt>
      <trkpt lat="45.64548726193606853485107421875" lon="126.5958772413432598114013671875">
        <ele>150.600006103515625</ele>
        <time>2026-07-11T02:44:36.000Z</time>
        <extensions>
          <ns3:TrackPointExtension>
            <ns3:hr>118</ns3:hr>
          </ns3:TrackPointExtension>
        </extensions>
      </trkpt>
      <trkpt lat="45.64530973322689533233642578125" lon="126.5959862060844898223876953125">
        <ele>150.399993896484375</ele>
        <time>2026-07-11T02:44:41.000Z</time>
        <extensions>
          <ns3:TrackPointExtension>
            <ns3:hr>117</ns3:hr>
          </ns3:TrackPointExtension>
        </extensions>
      </trkpt>
      <trkpt lat="45.64516472630202770233154296875" lon="126.5960666723549365997314453125">
        <ele>149.600006103515625</ele>
        <time>2026-07-11T02:44:45.000Z</time>
        <extensions>
          <ns3:TrackPointExtension>
            <ns3:hr>118</ns3:hr>
          </ns3:TrackPointExtension>
        </extensions>
      </trkpt>
      <trkpt lat="45.645095407962799072265625" lon="126.59612425602972507476806640625">
        <ele>149.8000030517578125</ele>
        <time>2026-07-11T02:44:47.000Z</time>
        <extensions>
          <ns3:TrackPointExtension>
            <ns3:hr>118</ns3:hr>
          </ns3:TrackPointExtension>
        </extensions>
      </trkpt>
      <trkpt lat="45.64487370662391185760498046875" lon="126.59624026156961917877197265625">
        <ele>150</ele>
        <time>2026-07-11T02:44:52.000Z</time>
        <extensions>
          <ns3:TrackPointExtension>
            <ns3:hr>121</ns3:hr>
          </ns3:TrackPointExtension>
        </extensions>
      </trkpt>
      <trkpt lat="45.6447931565344333648681640625" lon="126.5962879545986652374267578125">
        <ele>150</ele>
        <time>2026-07-11T02:44:54.000Z</time>
        <extensions>
          <ns3:TrackPointExtension>
            <ns3:hr>125</ns3:hr>
          </ns3:TrackPointExtension>
        </extensions>
      </trkpt>
      <trkpt lat="45.64466960728168487548828125" lon="126.59635894931852817535400390625">
        <ele>150</ele>
        <time>2026-07-11T02:44:57.000Z</time>
        <extensions>
          <ns3:TrackPointExtension>
            <ns3:hr>126</ns3:hr>
          </ns3:TrackPointExtension>
        </extensions>
      </trkpt>
      <trkpt lat="45.64445846714079380035400390625" lon="126.59648031927645206451416015625">
        <ele>150.600006103515625</ele>
        <time>2026-07-11T02:45:02.000Z</time>
        <extensions>
          <ns3:TrackPointExtension>
            <ns3:hr>126</ns3:hr>
          </ns3:TrackPointExtension>
        </extensions>
      </trkpt>
      <trkpt lat="45.64428336918354034423828125" lon="126.59657503478229045867919921875">
        <ele>151.399993896484375</ele>
        <time>2026-07-11T02:45:06.000Z</time>
        <extensions>
          <ns3:TrackPointExtension>
            <ns3:hr>127</ns3:hr>
          </ns3:TrackPointExtension>
        </extensions>
      </trkpt>
      <trkpt lat="45.64415336586534976959228515625" lon="126.59662934951484203338623046875">
        <ele>151.600006103515625</ele>
        <time>2026-07-11T02:45:09.000Z</time>
        <extensions>
          <ns3:TrackPointExtension>
            <ns3:hr>126</ns3:hr>
          </ns3:TrackPointExtension>
        </extensions>
      </trkpt>
      <trkpt lat="45.64403752796351909637451171875" lon="126.59668542444705963134765625">
        <ele>151.600006103515625</ele>
        <time>2026-07-11T02:45:12.000Z</time>
        <extensions>
          <ns3:TrackPointExtension>
            <ns3:hr>126</ns3:hr>
          </ns3:TrackPointExtension>
        </extensions>
      </trkpt>
      <trkpt lat="45.64380601979792118072509765625" lon="126.596829257905483245849609375">
        <ele>151.8000030517578125</ele>
        <time>2026-07-11T02:45:18.000Z</time>
        <extensions>
          <ns3:TrackPointExtension>
            <ns3:hr>127</ns3:hr>
          </ns3:TrackPointExtension>
        </extensions>
      </trkpt>
      <trkpt lat="45.643576942384243011474609375" lon="126.59695322625339031219482421875">
        <ele>151.600006103515625</ele>
        <time>2026-07-11T02:45:24.000Z</time>
        <extensions>
          <ns3:TrackPointExtension>
            <ns3:hr>128</ns3:hr>
          </ns3:TrackPointExtension>
        </extensions>
      </trkpt>
      <trkpt lat="45.64341642893850803375244140625" lon="126.59704358316957950592041015625">
        <ele>151.600006103515625</ele>
        <time>2026-07-11T02:45:28.000Z</time>
        <extensions>
          <ns3:TrackPointExtension>
            <ns3:hr>125</ns3:hr>
          </ns3:TrackPointExtension>
        </extensions>
      </trkpt>
      <trkpt lat="45.64329254440963268280029296875" lon="126.59710661508142948150634765625">
        <ele>151.600006103515625</ele>
        <time>2026-07-11T02:45:31.000Z</time>
        <extensions>
          <ns3:TrackPointExtension>
            <ns3:hr>120</ns3:hr>
          </ns3:TrackPointExtension>
        </extensions>
      </trkpt>
      <trkpt lat="45.643253736197948455810546875" lon="126.59713125787675380706787109375">
        <ele>151.600006103515625</ele>
        <time>2026-07-11T02:45:32.000Z</time>
        <extensions>
          <ns3:TrackPointExtension>
            <ns3:hr>117</ns3:hr>
          </ns3:TrackPointExtension>
        </extensions>
      </trkpt>
      <trkpt lat="45.6432156823575496673583984375" lon="126.59716009162366390228271484375">
        <ele>151.8000030517578125</ele>
        <time>2026-07-11T02:45:33.000Z</time>
        <extensions>
          <ns3:TrackPointExtension>
            <ns3:hr>117</ns3:hr>
          </ns3:TrackPointExtension>
        </extensions>
      </trkpt>
      <trkpt lat="45.64313831739127635955810546875" lon="126.59719747491180896759033203125">
        <ele>152</ele>
        <time>2026-07-11T02:45:35.000Z</time>
        <extensions>
          <ns3:TrackPointExtension>
            <ns3:hr>122</ns3:hr>
          </ns3:TrackPointExtension>
        </extensions>
      </trkpt>
      <trkpt lat="45.643063969910144805908203125" lon="126.5972418151795864105224609375">
        <ele>152</ele>
        <time>2026-07-11T02:45:37.000Z</time>
        <extensions>
          <ns3:TrackPointExtension>
            <ns3:hr>124</ns3:hr>
          </ns3:TrackPointExtension>
        </extensions>
      </trkpt>
      <trkpt lat="45.64302717335522174835205078125" lon="126.59726754762232303619384765625">
        <ele>152</ele>
        <time>2026-07-11T02:45:38.000Z</time>
        <extensions>
          <ns3:TrackPointExtension>
            <ns3:hr>127</ns3:hr>
          </ns3:TrackPointExtension>
        </extensions>
      </trkpt>
      <trkpt lat="45.64279046840965747833251953125" lon="126.597405932843685150146484375">
        <ele>152</ele>
        <time>2026-07-11T02:45:44.000Z</time>
        <extensions>
          <ns3:TrackPointExtension>
            <ns3:hr>129</ns3:hr>
          </ns3:TrackPointExtension>
        </extensions>
      </trkpt>
      <trkpt lat="45.64255870878696441650390625" lon="126.597564853727817535400390625">
        <ele>152.1999969482421875</ele>
        <time>2026-07-11T02:45:50.000Z</time>
        <extensions>
          <ns3:TrackPointExtension>
            <ns3:hr>132</ns3:hr>
          </ns3:TrackPointExtension>
        </extensions>
      </trkpt>
      <trkpt lat="45.64248821698129177093505859375" lon="126.59762822091579437255859375">
        <ele>152.399993896484375</ele>
        <time>2026-07-11T02:45:52.000Z</time>
        <extensions>
          <ns3:TrackPointExtension>
            <ns3:hr>132</ns3:hr>
          </ns3:TrackPointExtension>
        </extensions>
      </trkpt>
      <trkpt lat="45.64230364747345447540283203125" lon="126.59779611043632030487060546875">
        <ele>152.399993896484375</ele>
        <time>2026-07-11T02:45:58.000Z</time>
        <extensions>
          <ns3:TrackPointExtension>
            <ns3:hr>134</ns3:hr>
          </ns3:TrackPointExtension>
        </extensions>
      </trkpt>
      <trkpt lat="45.64223776571452617645263671875" lon="126.597855873405933380126953125">
        <ele>152.1999969482421875</ele>
        <time>2026-07-11T02:46:00.000Z</time>
        <extensions>
          <ns3:TrackPointExtension>
            <ns3:hr>131</ns3:hr>
          </ns3:TrackPointExtension>
        </extensions>
      </trkpt>
      <trkpt lat="45.6420837901532649993896484375" lon="126.59792192280292510986328125">
        <ele>152.1999969482421875</ele>
        <time>2026-07-11T02:46:04.000Z</time>
        <extensions>
          <ns3:TrackPointExtension>
            <ns3:hr>132</ns3:hr>
          </ns3:TrackPointExtension>
        </extensions>
      </trkpt>
      <trkpt lat="45.64182755537331104278564453125" lon="126.59797598607838153839111328125">
        <ele>152.600006103515625</ele>
        <time>2026-07-11T02:46:11.000Z</time>
        <extensions>
          <ns3:TrackPointExtension>
            <ns3:hr>133</ns3:hr>
          </ns3:TrackPointExtension>
        </extensions>
      </trkpt>
      <trkpt lat="45.6417203508317470550537109375" lon="126.5980379283428192138671875">
        <ele>152.399993896484375</ele>
        <time>2026-07-11T02:46:14.000Z</time>
        <extensions>
          <ns3:TrackPointExtension>
            <ns3:hr>130</ns3:hr>
          </ns3:TrackPointExtension>
        </extensions>
      </trkpt>
      <trkpt lat="45.64167534001171588897705078125" lon="126.598055027425289154052734375">
        <ele>152.399993896484375</ele>
        <time>2026-07-11T02:46:15.000Z</time>
        <extensions>
          <ns3:TrackPointExtension>
            <ns3:hr>129</ns3:hr>
          </ns3:TrackPointExtension>
        </extensions>
      </trkpt>
      <trkpt lat="45.641635023057460784912109375" lon="126.5980773232877254486083984375">
        <ele>152.399993896484375</ele>
        <time>2026-07-11T02:46:16.000Z</time>
        <extensions>
          <ns3:TrackPointExtension>
            <ns3:hr>128</ns3:hr>
          </ns3:TrackPointExtension>
        </extensions>
      </trkpt>
      <trkpt lat="45.64142455346882343292236328125" lon="126.59810506738722324371337890625">
        <ele>152.399993896484375</ele>
        <time>2026-07-11T02:46:21.000Z</time>
        <extensions>
          <ns3:TrackPointExtension>
            <ns3:hr>126</ns3:hr>
          </ns3:TrackPointExtension>
        </extensions>
      </trkpt>
      <trkpt lat="45.6411725096404552459716796875" lon="126.598071120679378509521484375">
        <ele>152.399993896484375</ele>
        <time>2026-07-11T02:46:27.000Z</time>
        <extensions>
          <ns3:TrackPointExtension>
            <ns3:hr>127</ns3:hr>
          </ns3:TrackPointExtension>
        </extensions>
      </trkpt>
      <trkpt lat="45.64107008278369903564453125" lon="126.598066426813602447509765625">
        <ele>152.600006103515625</ele>
        <time>2026-07-11T02:46:30.000Z</time>
        <extensions>
          <ns3:TrackPointExtension>
            <ns3:hr>130</ns3:hr>
          </ns3:TrackPointExtension>
        </extensions>
      </trkpt>
      <trkpt lat="45.6409991718828678131103515625" lon="126.59811361692845821380615234375">
        <ele>152.600006103515625</ele>
        <time>2026-07-11T02:46:32.000Z</time>
        <extensions>
          <ns3:TrackPointExtension>
            <ns3:hr>132</ns3:hr>
          </ns3:TrackPointExtension>
        </extensions>
      </trkpt>
      <trkpt lat="45.64078903757035732269287109375" lon="126.59815393388271331787109375">
        <ele>152.399993896484375</ele>
        <time>2026-07-11T02:46:37.000Z</time>
        <extensions>
          <ns3:TrackPointExtension>
            <ns3:hr>132</ns3:hr>
          </ns3:TrackPointExtension>
        </extensions>
      </trkpt>
      <trkpt lat="45.64071527682244777679443359375" lon="126.59815452061593532562255859375">
        <ele>152.8000030517578125</ele>
        <time>2026-07-11T02:46:39.000Z</time>
        <extensions>
          <ns3:TrackPointExtension>
            <ns3:hr>132</ns3:hr>
          </ns3:TrackPointExtension>
        </extensions>
      </trkpt>
      <trkpt lat="45.6405599601566791534423828125" lon="126.598176397383213043212890625">
        <ele>152.8000030517578125</ele>
        <time>2026-07-11T02:46:43.000Z</time>
        <extensions>
          <ns3:TrackPointExtension>
            <ns3:hr>132</ns3:hr>
          </ns3:TrackPointExtension>
        </extensions>
      </trkpt>
      <trkpt lat="45.6403410248458385467529296875" lon="126.59826365299522876739501953125">
        <ele>152.399993896484375</ele>
        <time>2026-07-11T02:46:50.000Z</time>
        <extensions>
          <ns3:TrackPointExtension>
            <ns3:hr>131</ns3:hr>
          </ns3:TrackPointExtension>
        </extensions>
      </trkpt>
      <trkpt lat="45.64025443978607654571533203125" lon="126.59834076650440692901611328125">
        <ele>152.399993896484375</ele>
        <time>2026-07-11T02:46:54.000Z</time>
        <extensions>
          <ns3:TrackPointExtension>
            <ns3:hr>130</ns3:hr>
          </ns3:TrackPointExtension>
        </extensions>
      </trkpt>
      <trkpt lat="45.64023918472230434417724609375" lon="126.5983830951154232025146484375">
        <ele>152.399993896484375</ele>
        <time>2026-07-11T02:46:55.000Z</time>
        <extensions>
          <ns3:TrackPointExtension>
            <ns3:hr>130</ns3:hr>
          </ns3:TrackPointExtension>
        </extensions>
      </trkpt>
      <trkpt lat="45.6401666812598705291748046875" lon="126.59844520501792430877685546875">
        <ele>152.399993896484375</ele>
        <time>2026-07-11T02:46:58.000Z</time>
        <extensions>
          <ns3:TrackPointExtension>
            <ns3:hr>130</ns3:hr>
          </ns3:TrackPointExtension>
        </extensions>
      </trkpt>
      <trkpt lat="45.64004941843450069427490234375" lon="126.5984907187521457672119140625">
        <ele>152.600006103515625</ele>
        <time>2026-07-11T02:47:03.000Z</time>
        <extensions>
          <ns3:TrackPointExtension>
            <ns3:hr>128</ns3:hr>
          </ns3:TrackPointExtension>
        </extensions>
      </trkpt>
      <trkpt lat="45.6400111131370067596435546875" lon="126.59851226024329662322998046875">
        <ele>152.600006103515625</ele>
        <time>2026-07-11T02:47:05.000Z</time>
        <extensions>
          <ns3:TrackPointExtension>
            <ns3:hr>123</ns3:hr>
          </ns3:TrackPointExtension>
        </extensions>
      </trkpt>
      <trkpt lat="45.63996660523116588592529296875" lon="126.5985366515815258026123046875">
        <ele>152.600006103515625</ele>
        <time>2026-07-11T02:47:07.000Z</time>
        <extensions>
          <ns3:TrackPointExtension>
            <ns3:hr>120</ns3:hr>
          </ns3:TrackPointExtension>
        </extensions>
      </trkpt>
      <trkpt lat="45.6398932635784149169921875" lon="126.5985663235187530517578125">
        <ele>152.8000030517578125</ele>
        <time>2026-07-11T02:47:10.000Z</time>
        <extensions>
          <ns3:TrackPointExtension>
            <ns3:hr>120</ns3:hr>
          </ns3:TrackPointExtension>
        </extensions>
      </trkpt>
      <trkpt lat="45.63966016285121440887451171875" lon="126.598669923841953277587890625">
        <ele>153</ele>
        <time>2026-07-11T02:47:18.000Z</time>
        <extensions>
          <ns3:TrackPointExtension>
            <ns3:hr>123</ns3:hr>
          </ns3:TrackPointExtension>
        </extensions>
      </trkpt>
      <trkpt lat="45.63948799856007099151611328125" lon="126.59873303957283496856689453125">
        <ele>152.600006103515625</ele>
        <time>2026-07-11T02:47:24.000Z</time>
        <extensions>
          <ns3:TrackPointExtension>
            <ns3:hr>121</ns3:hr>
          </ns3:TrackPointExtension>
        </extensions>
      </trkpt>
      <trkpt lat="45.63931860029697418212890625" lon="126.5988130867481231689453125">
        <ele>152.399993896484375</ele>
        <time>2026-07-11T02:47:32.000Z</time>
        <extensions>
          <ns3:TrackPointExtension>
            <ns3:hr>119</ns3:hr>
          </ns3:TrackPointExtension>
        </extensions>
      </trkpt>
      <trkpt lat="45.639204271137714385986328125" lon="126.59886698238551616668701171875">
        <ele>152.600006103515625</ele>
        <time>2026-07-11T02:47:37.000Z</time>
        <extensions>
          <ns3:TrackPointExtension>
            <ns3:hr>120</ns3:hr>
          </ns3:TrackPointExtension>
        </extensions>
      </trkpt>
      <trkpt lat="45.63902632333338260650634765625" lon="126.59894526936113834381103515625">
        <ele>152.8000030517578125</ele>
        <time>2026-07-11T02:47:43.000Z</time>
        <extensions>
          <ns3:TrackPointExtension>
            <ns3:hr>119</ns3:hr>
          </ns3:TrackPointExtension>
        </extensions>
      </trkpt>
      <trkpt lat="45.63885415904223918914794921875" lon="126.59901534207165241241455078125">
        <ele>152.600006103515625</ele>
        <time>2026-07-11T02:47:49.000Z</time>
        <extensions>
          <ns3:TrackPointExtension>
            <ns3:hr>121</ns3:hr>
          </ns3:TrackPointExtension>
        </extensions>
      </trkpt>
      <trkpt lat="45.63869037665426731109619140625" lon="126.5990764461457729339599609375">
        <ele>152.600006103515625</ele>
        <time>2026-07-11T02:47:55.000Z</time>
        <extensions>
          <ns3:TrackPointExtension>
            <ns3:hr>119</ns3:hr>
          </ns3:TrackPointExtension>
        </extensions>
      </trkpt>
      <trkpt lat="45.6385191343724727630615234375" lon="126.59915766678750514984130859375">
        <ele>152.8000030517578125</ele>
        <time>2026-07-11T02:48:01.000Z</time>
        <extensions>
          <ns3:TrackPointExtension>
            <ns3:hr>119</ns3:hr>
          </ns3:TrackPointExtension>
        </extensions>
      </trkpt>
      <trkpt lat="45.63834705390036106109619140625" lon="126.59922975115478038787841796875">
        <ele>152.8000030517578125</ele>
        <time>2026-07-11T02:48:07.000Z</time>
        <extensions>
          <ns3:TrackPointExtension>
            <ns3:hr>118</ns3:hr>
          </ns3:TrackPointExtension>
        </extensions>
      </trkpt>
      <trkpt lat="45.6381590478122234344482421875" lon="126.5993044339120388031005859375">
        <ele>153.1999969482421875</ele>
        <time>2026-07-11T02:48:13.000Z</time>
        <extensions>
          <ns3:TrackPointExtension>
            <ns3:hr>121</ns3:hr>
          </ns3:TrackPointExtension>
        </extensions>
      </trkpt>
      <trkpt lat="45.63813130371272563934326171875" lon="126.599319688975811004638671875">
        <ele>153.1999969482421875</ele>
        <time>2026-07-11T02:48:14.000Z</time>
        <extensions>
          <ns3:TrackPointExtension>
            <ns3:hr>120</ns3:hr>
          </ns3:TrackPointExtension>
        </extensions>
      </trkpt>
      <trkpt lat="45.63798076473176479339599609375" lon="126.5993564017117023468017578125">
        <ele>153.399993896484375</ele>
        <time>2026-07-11T02:48:20.000Z</time>
        <extensions>
          <ns3:TrackPointExtension>
            <ns3:hr>121</ns3:hr>
          </ns3:TrackPointExtension>
        </extensions>
      </trkpt>
      <trkpt lat="45.63786291517317295074462890625" lon="126.599378697574138641357421875">
        <ele>153.1999969482421875</ele>
        <time>2026-07-11T02:48:24.000Z</time>
        <extensions>
          <ns3:TrackPointExtension>
            <ns3:hr>118</ns3:hr>
          </ns3:TrackPointExtension>
        </extensions>
      </trkpt>
      <trkpt lat="45.6377657689154148101806640625" lon="126.599412225186824798583984375">
        <ele>152.8000030517578125</ele>
        <time>2026-07-11T02:48:27.000Z</time>
        <extensions>
          <ns3:TrackPointExtension>
            <ns3:hr>118</ns3:hr>
          </ns3:TrackPointExtension>
        </extensions>
      </trkpt>
      <trkpt lat="45.6374958716332912445068359375" lon="126.5994905121624469757080078125">
        <ele>152.600006103515625</ele>
        <time>2026-07-11T02:48:35.000Z</time>
        <extensions>
          <ns3:TrackPointExtension>
            <ns3:hr>118</ns3:hr>
          </ns3:TrackPointExtension>
        </extensions>
      </trkpt>
      <trkpt lat="45.63726210035383701324462890625" lon="126.59956854768097400665283203125">
        <ele>152.600006103515625</ele>
        <time>2026-07-11T02:48:42.000Z</time>
        <extensions>
          <ns3:TrackPointExtension>
            <ns3:hr>117</ns3:hr>
          </ns3:TrackPointExtension>
        </extensions>
      </trkpt>
      <trkpt lat="45.6370476074516773223876953125" lon="126.59961012192070484161376953125">
        <ele>152.600006103515625</ele>
        <time>2026-07-11T02:48:49.000Z</time>
        <extensions>
          <ns3:TrackPointExtension>
            <ns3:hr>117</ns3:hr>
          </ns3:TrackPointExtension>
        </extensions>
      </trkpt>
      <trkpt lat="45.63684836961328983306884765625" lon="126.59967608749866485595703125">
        <ele>152.600006103515625</ele>
        <time>2026-07-11T02:48:55.000Z</time>
        <extensions>
          <ns3:TrackPointExtension>
            <ns3:hr>117</ns3:hr>
          </ns3:TrackPointExtension>
        </extensions>
      </trkpt>
      <trkpt lat="45.6367331184446811676025390625" lon="126.59971766173839569091796875">
        <ele>152.600006103515625</ele>
        <time>2026-07-11T02:48:59.000Z</time>
        <extensions>
          <ns3:TrackPointExtension>
            <ns3:hr>114</ns3:hr>
          </ns3:TrackPointExtension>
        </extensions>
      </trkpt>
      <trkpt lat="45.6366352178156375885009765625" lon="126.59973509609699249267578125">
        <ele>152.600006103515625</ele>
        <time>2026-07-11T02:49:02.000Z</time>
        <extensions>
          <ns3:TrackPointExtension>
            <ns3:hr>112</ns3:hr>
          </ns3:TrackPointExtension>
        </extensions>
      </trkpt>
      <trkpt lat="45.63639323227107524871826171875" lon="126.5998036600649356842041015625">
        <ele>152.600006103515625</ele>
        <time>2026-07-11T02:49:10.000Z</time>
        <extensions>
          <ns3:TrackPointExtension>
            <ns3:hr>114</ns3:hr>
          </ns3:TrackPointExtension>
        </extensions>
      </trkpt>
      <trkpt lat="45.636154599487781524658203125" lon="126.599868871271610260009765625">
        <ele>152.600006103515625</ele>
        <time>2026-07-11T02:49:18.000Z</time>
        <extensions>
          <ns3:TrackPointExtension>
            <ns3:hr>114</ns3:hr>
          </ns3:TrackPointExtension>
        </extensions>
      </trkpt>
      <trkpt lat="45.63603884540498256683349609375" lon="126.5998827852308750152587890625">
        <ele>152.600006103515625</ele>
        <time>2026-07-11T02:49:22.000Z</time>
        <extensions>
          <ns3:TrackPointExtension>
            <ns3:hr>111</ns3:hr>
          </ns3:TrackPointExtension>
        </extensions>
      </trkpt>
      <trkpt lat="45.63596944324672222137451171875" lon="126.5998851321637630462646484375">
        <ele>152.600006103515625</ele>
        <time>2026-07-11T02:49:25.000Z</time>
        <extensions>
          <ns3:TrackPointExtension>
            <ns3:hr>110</ns3:hr>
          </ns3:TrackPointExtension>
        </extensions>
      </trkpt>
      <trkpt lat="45.63595720566809177398681640625" lon="126.59990818239748477935791015625">
        <ele>152.600006103515625</ele>
        <time>2026-07-11T02:49:27.000Z</time>
        <extensions>
          <ns3:TrackPointExtension>
            <ns3:hr>109</ns3:hr>
          </ns3:TrackPointExtension>
        </extensions>
      </trkpt>
      <trkpt lat="45.63595619983971118927001953125" lon="126.599930226802825927734375">
        <ele>152.600006103515625</ele>
        <time>2026-07-11T02:49:29.000Z</time>
        <extensions>
          <ns3:TrackPointExtension>
            <ns3:hr>109</ns3:hr>
          </ns3:TrackPointExtension>
        </extensions>
      </trkpt>
      <trkpt lat="45.63595888204872608184814453125" lon="126.599935255944728851318359375">
        <ele>152.399993896484375</ele>
        <time>2026-07-11T02:49:34.000Z</time>
        <extensions>
          <ns3:TrackPointExtension>
            <ns3:hr>112</ns3:hr>
          </ns3:TrackPointExtension>
        </extensions>
      </trkpt>
      <trkpt lat="45.63597430475056171417236328125" lon="126.59992947243154048919677734375">
        <ele>152.399993896484375</ele>
        <time>2026-07-11T02:49:37.000Z</time>
        <extensions>
          <ns3:TrackPointExtension>
            <ns3:hr>115</ns3:hr>
          </ns3:TrackPointExtension>
        </extensions>
      </trkpt>
      <trkpt lat="45.6359707005321979522705078125" lon="126.5999337472021579742431640625">
        <ele>152.399993896484375</ele>
        <time>2026-07-11T02:49:39.000Z</time>
        <extensions>
          <ns3:TrackPointExtension>
            <ns3:hr>118</ns3:hr>
          </ns3:TrackPointExtension>
        </extensions>
      </trkpt>
      <trkpt lat="45.6359794177114963531494140625" lon="126.59990080632269382476806640625">
        <ele>152.600006103515625</ele>
        <time>2026-07-11T02:49:45.000Z</time>
        <extensions>
          <ns3:TrackPointExtension>
            <ns3:hr>119</ns3:hr>
          </ns3:TrackPointExtension>
        </extensions>
      </trkpt>
      <trkpt lat="45.63598335720598697662353515625" lon="126.59989644773304462432861328125">
        <ele>152.1999969482421875</ele>
        <time>2026-07-11T02:49:50.000Z</time>
        <extensions>
          <ns3:TrackPointExtension>
            <ns3:hr>118</ns3:hr>
          </ns3:TrackPointExtension>
        </extensions>
      </trkpt>
      <trkpt lat="45.63593633472919464111328125" lon="126.59990265034139156341552734375">
        <ele>152.600006103515625</ele>
        <time>2026-07-11T02:49:56.000Z</time>
        <extensions>
          <ns3:TrackPointExtension>
            <ns3:hr>118</ns3:hr>
          </ns3:TrackPointExtension>
        </extensions>
      </trkpt>
      <trkpt lat="45.63592250458896160125732421875" lon="126.59991840831935405731201171875">
        <ele>152.600006103515625</ele>
        <time>2026-07-11T02:50:04.000Z</time>
        <extensions>
          <ns3:TrackPointExtension>
            <ns3:hr>117</ns3:hr>
          </ns3:TrackPointExtension>
        </extensions>
      </trkpt>
      <trkpt lat="45.63592250458896160125732421875" lon="126.59991840831935405731201171875">
        <ele>152.8000030517578125</ele>
        <time>2026-07-11T02:50:11.000Z</time>
        <extensions>
          <ns3:TrackPointExtension>
            <ns3:hr>114</ns3:hr>
          </ns3:TrackPointExtension>
        </extensions>
      </trkpt>
      <trkpt lat="45.63592250458896160125732421875" lon="126.59991840831935405731201171875">
        <ele>152.8000030517578125</ele>
        <time>2026-07-11T02:50:12.000Z</time>
        <extensions>
          <ns3:TrackPointExtension>
            <ns3:hr>115</ns3:hr>
          </ns3:TrackPointExtension>
        </extensions>
      </trkpt>
      <trkpt lat="45.63592250458896160125732421875" lon="126.59991840831935405731201171875">
        <ele>152.399993896484375</ele>
        <time>2026-07-11T02:50:25.000Z</time>
        <extensions>
          <ns3:TrackPointExtension>
            <ns3:hr>117</ns3:hr>
          </ns3:TrackPointExtension>
        </extensions>
      </trkpt>
      <trkpt lat="45.63592250458896160125732421875" lon="126.59991840831935405731201171875">
        <ele>152.8000030517578125</ele>
        <time>2026-07-11T02:50:34.000Z</time>
        <extensions>
          <ns3:TrackPointExtension>
            <ns3:hr>117</ns3:hr>
          </ns3:TrackPointExtension>
        </extensions>
      </trkpt>
      <trkpt lat="45.63592250458896160125732421875" lon="126.59991840831935405731201171875">
        <ele>152.8000030517578125</ele>
        <time>2026-07-11T02:50:41.000Z</time>
        <extensions>
          <ns3:TrackPointExtension>
            <ns3:hr>117</ns3:hr>
          </ns3:TrackPointExtension>
        </extensions>
      </trkpt>
      <trkpt lat="45.63592250458896160125732421875" lon="126.59991840831935405731201171875">
        <ele>152.8000030517578125</ele>
        <time>2026-07-11T02:50:53.000Z</time>
        <extensions>
          <ns3:TrackPointExtension>
            <ns3:hr>114</ns3:hr>
          </ns3:TrackPointExtension>
        </extensions>
      </trkpt>
      <trkpt lat="45.63592250458896160125732421875" lon="126.59991840831935405731201171875">
        <ele>152.8000030517578125</ele>
        <time>2026-07-11T02:50:55.000Z</time>
        <extensions>
          <ns3:TrackPointExtension>
            <ns3:hr>111</ns3:hr>
          </ns3:TrackPointExtension>
        </extensions>
      </trkpt>
      <trkpt lat="45.63592250458896160125732421875" lon="126.59991840831935405731201171875">
        <ele>152.8000030517578125</ele>
        <time>2026-07-11T02:51:01.000Z</time>
        <extensions>
          <ns3:TrackPointExtension>
            <ns3:hr>110</ns3:hr>
          </ns3:TrackPointExtension>
        </extensions>
      </trkpt>
      <trkpt lat="45.63592250458896160125732421875" lon="126.59991840831935405731201171875">
        <ele>152.8000030517578125</ele>
        <time>2026-07-11T02:51:15.000Z</time>
        <extensions>
          <ns3:TrackPointExtension>
            <ns3:hr>107</ns3:hr>
          </ns3:TrackPointExtension>
        </extensions>
      </trkpt>
      <trkpt lat="45.63594304025173187255859375" lon="126.599919497966766357421875">
        <ele>152.8000030517578125</ele>
        <time>2026-07-11T02:51:24.000Z</time>
        <extensions>
          <ns3:TrackPointExtension>
            <ns3:hr>110</ns3:hr>
          </ns3:TrackPointExtension>
        </extensions>
      </trkpt>
      <trkpt lat="45.63595469109714031219482421875" lon="126.59996132366359233856201171875">
        <ele>152.8000030517578125</ele>
        <time>2026-07-11T02:51:29.000Z</time>
        <extensions>
          <ns3:TrackPointExtension>
            <ns3:hr>109</ns3:hr>
          </ns3:TrackPointExtension>
        </extensions>
      </trkpt>
      <trkpt lat="45.6359539367258548736572265625" lon="126.5999736450612545013427734375">
        <ele>153</ele>
        <time>2026-07-11T02:51:31.000Z</time>
        <extensions>
          <ns3:TrackPointExtension>
            <ns3:hr>106</ns3:hr>
          </ns3:TrackPointExtension>
        </extensions>
      </trkpt>
      <trkpt lat="45.6359562836587429046630859375" lon="126.59997104667127132415771484375">
        <ele>153.1999969482421875</ele>
        <time>2026-07-11T02:51:33.000Z</time>
        <extensions>
          <ns3:TrackPointExtension>
            <ns3:hr>105</ns3:hr>
          </ns3:TrackPointExtension>
        </extensions>
      </trkpt>
      <trkpt lat="45.6359552778303623199462890625" lon="126.59994891844689846038818359375">
        <ele>153.1999969482421875</ele>
        <time>2026-07-11T02:51:39.000Z</time>
        <extensions>
          <ns3:TrackPointExtension>
            <ns3:hr>103</ns3:hr>
          </ns3:TrackPointExtension>
        </extensions>
      </trkpt>
      <trkpt lat="45.6359405256807804107666015625" lon="126.59994774498045444488525390625">
        <ele>153.399993896484375</ele>
        <time>2026-07-11T02:51:42.000Z</time>
        <extensions>
          <ns3:TrackPointExtension>
            <ns3:hr>106</ns3:hr>
          </ns3:TrackPointExtension>
        </extensions>
      </trkpt>
      <trkpt lat="45.6359264440834522247314453125" lon="126.59994573332369327545166015625">
        <ele>153.399993896484375</ele>
        <time>2026-07-11T02:51:47.000Z</time>
        <extensions>
          <ns3:TrackPointExtension>
            <ns3:hr>108</ns3:hr>
          </ns3:TrackPointExtension>
        </extensions>
      </trkpt>
      <trkpt lat="45.63592024147510528564453125" lon="126.5999396145343780517578125">
        <ele>153.1999969482421875</ele>
        <time>2026-07-11T02:51:53.000Z</time>
        <extensions>
          <ns3:TrackPointExtension>
            <ns3:hr>107</ns3:hr>
          </ns3:TrackPointExtension>
        </extensions>
      </trkpt>
      <trkpt lat="45.635929964482784271240234375" lon="126.5999652631580829620361328125">
        <ele>153.1999969482421875</ele>
        <time>2026-07-11T02:52:04.000Z</time>
        <extensions>
          <ns3:TrackPointExtension>
            <ns3:hr>106</ns3:hr>
          </ns3:TrackPointExtension>
        </extensions>
      </trkpt>
      <trkpt lat="45.6359505839645862579345703125" lon="126.59999786876142024993896484375">
        <ele>153</ele>
        <time>2026-07-11T02:52:10.000Z</time>
        <extensions>
          <ns3:TrackPointExtension>
            <ns3:hr>108</ns3:hr>
          </ns3:TrackPointExtension>
        </extensions>
      </trkpt>
      <trkpt lat="45.635966174304485321044921875" lon="126.5999947674572467803955078125">
        <ele>152.8000030517578125</ele>
        <time>2026-07-11T02:52:15.000Z</time>
        <extensions>
          <ns3:TrackPointExtension>
            <ns3:hr>109</ns3:hr>
          </ns3:TrackPointExtension>
        </extensions>
      </trkpt>
      <trkpt lat="45.63597447238862514495849609375" lon="126.6000038199126720428466796875">
        <ele>152.8000030517578125</ele>
        <time>2026-07-11T02:52:16.000Z</time>
        <extensions>
          <ns3:TrackPointExtension>
            <ns3:hr>109</ns3:hr>
          </ns3:TrackPointExtension>
        </extensions>
      </trkpt>
      <trkpt lat="45.636007748544216156005859375" lon="126.6000531055033206939697265625">
        <ele>152.8000030517578125</ele>
        <time>2026-07-11T02:52:22.000Z</time>
        <extensions>
          <ns3:TrackPointExtension>
            <ns3:hr>109</ns3:hr>
          </ns3:TrackPointExtension>
        </extensions>
      </trkpt>
      <trkpt lat="45.63599643297493457794189453125" lon="126.60003508441150188446044921875">
        <ele>152.8000030517578125</ele>
        <time>2026-07-11T02:52:25.000Z</time>
        <extensions>
          <ns3:TrackPointExtension>
            <ns3:hr>108</ns3:hr>
          </ns3:TrackPointExtension>
        </extensions>
      </trkpt>
      <trkpt lat="45.63598821870982646942138671875" lon="126.6000215895473957061767578125">
        <ele>152.8000030517578125</ele>
        <time>2026-07-11T02:52:27.000Z</time>
        <extensions>
          <ns3:TrackPointExtension>
            <ns3:hr>109</ns3:hr>
          </ns3:TrackPointExtension>
        </extensions>
      </trkpt>
      <trkpt lat="45.6359589658677577972412109375" lon="126.5999689511954784393310546875">
        <ele>152.600006103515625</ele>
        <time>2026-07-11T02:52:32.000Z</time>
        <extensions>
          <ns3:TrackPointExtension>
            <ns3:hr>109</ns3:hr>
          </ns3:TrackPointExtension>
        </extensions>
      </trkpt>
      <trkpt lat="45.6359314732253551483154296875" lon="126.5999501757323741912841796875">
        <ele>152.600006103515625</ele>
        <time>2026-07-11T02:52:37.000Z</time>
        <extensions>
          <ns3:TrackPointExtension>
            <ns3:hr>108</ns3:hr>
          </ns3:TrackPointExtension>
        </extensions>
      </trkpt>
      <trkpt lat="45.63594345934689044952392578125" lon="126.59994824789464473724365234375">
        <ele>152.600006103515625</ele>
        <time>2026-07-11T02:52:38.000Z</time>
        <extensions>
          <ns3:TrackPointExtension>
            <ns3:hr>107</ns3:hr>
          </ns3:TrackPointExtension>
        </extensions>
      </trkpt>
      <trkpt lat="45.6359385140240192413330078125" lon="126.59993735142052173614501953125">
        <ele>152.600006103515625</ele>
        <time>2026-07-11T02:52:40.000Z</time>
        <extensions>
          <ns3:TrackPointExtension>
            <ns3:hr>107</ns3:hr>
          </ns3:TrackPointExtension>
        </extensions>
      </trkpt>
      <trkpt lat="45.63593767583370208740234375" lon="126.59994053654372692108154296875">
        <ele>152.600006103515625</ele>
        <time>2026-07-11T02:52:41.000Z</time>
        <extensions>
          <ns3:TrackPointExtension>
            <ns3:hr>107</ns3:hr>
          </ns3:TrackPointExtension>
        </extensions>
      </trkpt>
      <trkpt lat="45.6359113566577434539794921875" lon="126.59993450157344341278076171875">
        <ele>152.8000030517578125</ele>
        <time>2026-07-11T02:52:45.000Z</time>
        <extensions>
          <ns3:TrackPointExtension>
            <ns3:hr>107</ns3:hr>
          </ns3:TrackPointExtension>
        </extensions>
      </trkpt>
      <trkpt lat="45.63590557314455509185791015625" lon="126.59993081353604793548583984375">
        <ele>152.8000030517578125</ele>
        <time>2026-07-11T02:52:48.000Z</time>
        <extensions>
          <ns3:TrackPointExtension>
            <ns3:hr>111</ns3:hr>
          </ns3:TrackPointExtension>
        </extensions>
      </trkpt>
      <trkpt lat="45.6359053216874599456787109375" lon="126.599930562078952789306640625">
        <ele>152.8000030517578125</ele>
        <time>2026-07-11T02:52:51.000Z</time>
        <extensions>
          <ns3:TrackPointExtension>
            <ns3:hr>112</ns3:hr>
          </ns3:TrackPointExtension>
        </extensions>
      </trkpt>
      <trkpt lat="45.6358852051198482513427734375" lon="126.5999283827841281890869140625">
        <ele>152.8000030517578125</ele>
        <time>2026-07-11T02:52:53.000Z</time>
        <extensions>
          <ns3:TrackPointExtension>
            <ns3:hr>111</ns3:hr>
          </ns3:TrackPointExtension>
        </extensions>
      </trkpt>
      <trkpt lat="45.63587305136024951934814453125" lon="126.59992394037544727325439453125">
        <ele>153</ele>
        <time>2026-07-11T02:52:54.000Z</time>
        <extensions>
          <ns3:TrackPointExtension>
            <ns3:hr>108</ns3:hr>
          </ns3:TrackPointExtension>
        </extensions>
      </trkpt>
      <trkpt lat="45.6358645856380462646484375" lon="126.599917151033878326416015625">
        <ele>153</ele>
        <time>2026-07-11T02:52:55.000Z</time>
        <extensions>
          <ns3:TrackPointExtension>
            <ns3:hr>103</ns3:hr>
          </ns3:TrackPointExtension>
        </extensions>
      </trkpt>
      <trkpt lat="45.63585679046809673309326171875" lon="126.59991907887160778045654296875">
        <ele>153</ele>
        <time>2026-07-11T02:52:56.000Z</time>
        <extensions>
          <ns3:TrackPointExtension>
            <ns3:hr>102</ns3:hr>
          </ns3:TrackPointExtension>
        </extensions>
      </trkpt>
      <trkpt lat="45.6358362548053264617919921875" lon="126.59992016851902008056640625">
        <ele>153</ele>
        <time>2026-07-11T02:52:59.000Z</time>
        <extensions>
          <ns3:TrackPointExtension>
            <ns3:hr>105</ns3:hr>
          </ns3:TrackPointExtension>
        </extensions>
      </trkpt>
      <trkpt lat="45.635836087167263031005859375" lon="126.5999203361570835113525390625">
        <ele>152.8000030517578125</ele>
        <time>2026-07-11T02:53:02.000Z</time>
        <extensions>
          <ns3:TrackPointExtension>
            <ns3:hr>106</ns3:hr>
          </ns3:TrackPointExtension>
        </extensions>
      </trkpt>
      <trkpt lat="45.6358261965215206146240234375" lon="126.5999404527246952056884765625">
        <ele>153</ele>
        <time>2026-07-11T02:53:07.000Z</time>
        <extensions>
          <ns3:TrackPointExtension>
            <ns3:hr>108</ns3:hr>
          </ns3:TrackPointExtension>
        </extensions>
      </trkpt>
      <trkpt lat="45.63581756316125392913818359375" lon="126.599950678646564483642578125">
        <ele>152.8000030517578125</ele>
        <time>2026-07-11T02:53:16.000Z</time>
        <extensions>
          <ns3:TrackPointExtension>
            <ns3:hr>106</ns3:hr>
          </ns3:TrackPointExtension>
        </extensions>
      </trkpt>
      <trkpt lat="45.63581722788512706756591796875" lon="126.5999592281877994537353515625">
        <ele>152.600006103515625</ele>
        <time>2026-07-11T02:53:22.000Z</time>
        <extensions>
          <ns3:TrackPointExtension>
            <ns3:hr>103</ns3:hr>
          </ns3:TrackPointExtension>
        </extensions>
      </trkpt>
      <trkpt lat="45.63582074828445911407470703125" lon="126.599963419139385223388671875">
        <ele>152.399993896484375</ele>
        <time>2026-07-11T02:53:24.000Z</time>
        <extensions>
          <ns3:TrackPointExtension>
            <ns3:hr>104</ns3:hr>
          </ns3:TrackPointExtension>
        </extensions>
      </trkpt>
      <trkpt lat="45.63582074828445911407470703125" lon="126.599963419139385223388671875">
        <ele>152.600006103515625</ele>
        <time>2026-07-11T02:53:31.000Z</time>
        <extensions>
          <ns3:TrackPointExtension>
            <ns3:hr>104</ns3:hr>
          </ns3:TrackPointExtension>
        </extensions>
      </trkpt>
      <trkpt lat="45.63582074828445911407470703125" lon="126.599963419139385223388671875">
        <ele>152.600006103515625</ele>
        <time>2026-07-11T02:53:41.000Z</time>
        <extensions>
          <ns3:TrackPointExtension>
            <ns3:hr>106</ns3:hr>
          </ns3:TrackPointExtension>
        </extensions>
      </trkpt>
      <trkpt lat="45.63582074828445911407470703125" lon="126.599963419139385223388671875">
        <ele>152.600006103515625</ele>
        <time>2026-07-11T02:53:46.000Z</time>
        <extensions>
          <ns3:TrackPointExtension>
            <ns3:hr>107</ns3:hr>
          </ns3:TrackPointExtension>
        </extensions>
      </trkpt>
      <trkpt lat="45.63582074828445911407470703125" lon="126.599963419139385223388671875">
        <ele>152.600006103515625</ele>
        <time>2026-07-11T02:53:50.000Z</time>
        <extensions>
          <ns3:TrackPointExtension>
            <ns3:hr>110</ns3:hr>
          </ns3:TrackPointExtension>
        </extensions>
      </trkpt>
      <trkpt lat="45.63582074828445911407470703125" lon="126.599963419139385223388671875">
        <ele>152.600006103515625</ele>
        <time>2026-07-11T02:53:54.000Z</time>
        <extensions>
          <ns3:TrackPointExtension>
            <ns3:hr>109</ns3:hr>
          </ns3:TrackPointExtension>
        </extensions>
      </trkpt>
      <trkpt lat="45.63582074828445911407470703125" lon="126.599963419139385223388671875">
        <ele>152.600006103515625</ele>
        <time>2026-07-11T02:53:59.000Z</time>
        <extensions>
          <ns3:TrackPointExtension>
            <ns3:hr>106</ns3:hr>
          </ns3:TrackPointExtension>
        </extensions>
      </trkpt>
      <trkpt lat="45.63582074828445911407470703125" lon="126.599963419139385223388671875">
        <ele>152.600006103515625</ele>
        <time>2026-07-11T02:54:03.000Z</time>
        <extensions>
          <ns3:TrackPointExtension>
            <ns3:hr>103</ns3:hr>
          </ns3:TrackPointExtension>
        </extensions>
      </trkpt>
      <trkpt lat="45.63582074828445911407470703125" lon="126.599963419139385223388671875">
        <ele>152.600006103515625</ele>
        <time>2026-07-11T02:54:06.000Z</time>
        <extensions>
          <ns3:TrackPointExtension>
            <ns3:hr>100</ns3:hr>
          </ns3:TrackPointExtension>
        </extensions>
      </trkpt>
      <trkpt lat="45.63582074828445911407470703125" lon="126.599963419139385223388671875">
        <ele>152.600006103515625</ele>
        <time>2026-07-11T02:54:08.000Z</time>
        <extensions>
          <ns3:TrackPointExtension>
            <ns3:hr>105</ns3:hr>
          </ns3:TrackPointExtension>
        </extensions>
      </trkpt>
      <trkpt lat="45.63582074828445911407470703125" lon="126.599963419139385223388671875">
        <ele>152.600006103515625</ele>
        <time>2026-07-11T02:54:09.000Z</time>
        <extensions>
          <ns3:TrackPointExtension>
            <ns3:hr>108</ns3:hr>
          </ns3:TrackPointExtension>
        </extensions>
      </trkpt>
      <trkpt lat="45.63582074828445911407470703125" lon="126.599963419139385223388671875">
        <ele>152.600006103515625</ele>
        <time>2026-07-11T02:54:10.000Z</time>
        <extensions>
          <ns3:TrackPointExtension>
            <ns3:hr>108</ns3:hr>
          </ns3:TrackPointExtension>
        </extensions>
      </trkpt>
      <trkpt lat="45.63582074828445911407470703125" lon="126.599963419139385223388671875">
        <ele>152.600006103515625</ele>
        <time>2026-07-11T02:54:11.000Z</time>
        <extensions>
          <ns3:TrackPointExtension>
            <ns3:hr>107</ns3:hr>
          </ns3:TrackPointExtension>
        </extensions>
      </trkpt>
      <trkpt lat="45.63582074828445911407470703125" lon="126.599963419139385223388671875">
        <ele>152.600006103515625</ele>
        <time>2026-07-11T02:54:16.000Z</time>
        <extensions>
          <ns3:TrackPointExtension>
            <ns3:hr>111</ns3:hr>
          </ns3:TrackPointExtension>
        </extensions>
      </trkpt>
      <trkpt lat="45.63582074828445911407470703125" lon="126.599963419139385223388671875">
        <ele>152.600006103515625</ele>
        <time>2026-07-11T02:54:21.000Z</time>
        <extensions>
          <ns3:TrackPointExtension>
            <ns3:hr>105</ns3:hr>
          </ns3:TrackPointExtension>
        </extensions>
      </trkpt>
      <trkpt lat="45.63582074828445911407470703125" lon="126.599963419139385223388671875">
        <ele>152.600006103515625</ele>
        <time>2026-07-11T02:54:22.000Z</time>
        <extensions>
          <ns3:TrackPointExtension>
            <ns3:hr>96</ns3:hr>
          </ns3:TrackPointExtension>
        </extensions>
      </trkpt>
      <trkpt lat="45.63582074828445911407470703125" lon="126.599963419139385223388671875">
        <ele>152.600006103515625</ele>
        <time>2026-07-11T02:54:25.000Z</time>
        <extensions>
          <ns3:TrackPointExtension>
            <ns3:hr>93</ns3:hr>
          </ns3:TrackPointExtension>
        </extensions>
      </trkpt>
      <trkpt lat="45.63582074828445911407470703125" lon="126.599963419139385223388671875">
        <ele>152.600006103515625</ele>
        <time>2026-07-11T02:54:29.000Z</time>
        <extensions>
          <ns3:TrackPointExtension>
            <ns3:hr>93</ns3:hr>
          </ns3:TrackPointExtension>
        </extensions>
      </trkpt>
      <trkpt lat="45.63582074828445911407470703125" lon="126.599963419139385223388671875">
        <ele>152.600006103515625</ele>
        <time>2026-07-11T02:54:43.000Z</time>
        <extensions>
          <ns3:TrackPointExtension>
            <ns3:hr>93</ns3:hr>
          </ns3:TrackPointExtension>
        </extensions>
      </trkpt>
      <trkpt lat="45.63582074828445911407470703125" lon="126.599963419139385223388671875">
        <ele>152.600006103515625</ele>
        <time>2026-07-11T02:54:49.000Z</time>
        <extensions>
          <ns3:TrackPointExtension>
            <ns3:hr>90</ns3:hr>
          </ns3:TrackPointExtension>
        </extensions>
      </trkpt>
      <trkpt lat="45.63582074828445911407470703125" lon="126.599963419139385223388671875">
        <ele>152.600006103515625</ele>
        <time>2026-07-11T02:54:55.000Z</time>
        <extensions>
          <ns3:TrackPointExtension>
            <ns3:hr>88</ns3:hr>
          </ns3:TrackPointExtension>
        </extensions>
      </trkpt>
      <trkpt lat="45.63582074828445911407470703125" lon="126.599963419139385223388671875">
        <ele>152.600006103515625</ele>
        <time>2026-07-11T02:55:03.000Z</time>
        <extensions>
          <ns3:TrackPointExtension>
            <ns3:hr>87</ns3:hr>
          </ns3:TrackPointExtension>
        </extensions>
      </trkpt>
      <trkpt lat="45.63582074828445911407470703125" lon="126.599963419139385223388671875">
        <ele>152.600006103515625</ele>
        <time>2026-07-11T02:55:12.000Z</time>
        <extensions>
          <ns3:TrackPointExtension>
            <ns3:hr>88</ns3:hr>
          </ns3:TrackPointExtension>
        </extensions>
      </trkpt>
      <trkpt lat="45.63582074828445911407470703125" lon="126.599963419139385223388671875">
        <ele>152.600006103515625</ele>
        <time>2026-07-11T02:55:15.000Z</time>
        <extensions>
          <ns3:TrackPointExtension>
            <ns3:hr>91</ns3:hr>
          </ns3:TrackPointExtension>
        </extensions>
      </trkpt>
      <trkpt lat="45.63582074828445911407470703125" lon="126.599963419139385223388671875">
        <ele>152.600006103515625</ele>
        <time>2026-07-11T02:55:20.000Z</time>
        <extensions>
          <ns3:TrackPointExtension>
            <ns3:hr>90</ns3:hr>
          </ns3:TrackPointExtension>
        </extensions>
      </trkpt>
      <trkpt lat="45.63582074828445911407470703125" lon="126.599963419139385223388671875">
        <ele>152.600006103515625</ele>
        <time>2026-07-11T02:55:31.000Z</time>
        <extensions>
          <ns3:TrackPointExtension>
            <ns3:hr>91</ns3:hr>
          </ns3:TrackPointExtension>
        </extensions>
      </trkpt>
      <trkpt lat="45.63582074828445911407470703125" lon="126.599963419139385223388671875">
        <ele>152.600006103515625</ele>
        <time>2026-07-11T02:55:42.000Z</time>
        <extensions>
          <ns3:TrackPointExtension>
            <ns3:hr>91</ns3:hr>
          </ns3:TrackPointExtension>
        </extensions>
      </trkpt>
      <trkpt lat="45.63582074828445911407470703125" lon="126.599963419139385223388671875">
        <ele>152.600006103515625</ele>
        <time>2026-07-11T02:55:54.000Z</time>
        <extensions>
          <ns3:TrackPointExtension>
            <ns3:hr>90</ns3:hr>
          </ns3:TrackPointExtension>
        </extensions>
      </trkpt>
      <trkpt lat="45.63582074828445911407470703125" lon="126.599963419139385223388671875">
        <ele>152.600006103515625</ele>
        <time>2026-07-11T02:56:00.000Z</time>
        <extensions>
          <ns3:TrackPointExtension>
            <ns3:hr>93</ns3:hr>
          </ns3:TrackPointExtension>
        </extensions>
      </trkpt>
      <trkpt lat="45.63582074828445911407470703125" lon="126.599963419139385223388671875">
        <ele>152.600006103515625</ele>
        <time>2026-07-11T02:56:07.000Z</time>
        <extensions>
          <ns3:TrackPointExtension>
            <ns3:hr>94</ns3:hr>
          </ns3:TrackPointExtension>
        </extensions>
      </trkpt>
      <trkpt lat="45.63582074828445911407470703125" lon="126.599963419139385223388671875">
        <ele>152.600006103515625</ele>
        <time>2026-07-11T02:56:18.000Z</time>
        <extensions>
          <ns3:TrackPointExtension>
            <ns3:hr>94</ns3:hr>
          </ns3:TrackPointExtension>
        </extensions>
      </trkpt>
      <trkpt lat="45.63582074828445911407470703125" lon="126.599963419139385223388671875">
        <ele>152.600006103515625</ele>
        <time>2026-07-11T02:56:29.000Z</time>
        <extensions>
          <ns3:TrackPointExtension>
            <ns3:hr>96</ns3:hr>
          </ns3:TrackPointExtension>
        </extensions>
      </trkpt>
      <trkpt lat="45.63582074828445911407470703125" lon="126.599963419139385223388671875">
        <ele>152.600006103515625</ele>
        <time>2026-07-11T02:56:32.000Z</time>
        <extensions>
          <ns3:TrackPointExtension>
            <ns3:hr>101</ns3:hr>
          </ns3:TrackPointExtension>
        </extensions>
      </trkpt>
      <trkpt lat="45.63582074828445911407470703125" lon="126.599963419139385223388671875">
        <ele>152.600006103515625</ele>
        <time>2026-07-11T02:56:36.000Z</time>
        <extensions>
          <ns3:TrackPointExtension>
            <ns3:hr>99</ns3:hr>
          </ns3:TrackPointExtension>
        </extensions>
      </trkpt>
      <trkpt lat="45.63582074828445911407470703125" lon="126.599963419139385223388671875">
        <ele>152.600006103515625</ele>
        <time>2026-07-11T02:56:44.000Z</time>
        <extensions>
          <ns3:TrackPointExtension>
            <ns3:hr>99</ns3:hr>
          </ns3:TrackPointExtension>
        </extensions>
      </trkpt>
      <trkpt lat="45.63582074828445911407470703125" lon="126.599963419139385223388671875">
        <ele>152.600006103515625</ele>
        <time>2026-07-11T02:56:50.000Z</time>
        <extensions>
          <ns3:TrackPointExtension>
            <ns3:hr>93</ns3:hr>
          </ns3:TrackPointExtension>
        </extensions>
      </trkpt>
      <trkpt lat="45.63582326285541057586669921875" lon="126.59996165893971920013427734375">
        <ele>152.600006103515625</ele>
        <time>2026-07-11T02:56:55.000Z</time>
        <extensions>
          <ns3:TrackPointExtension>
            <ns3:hr>91</ns3:hr>
          </ns3:TrackPointExtension>
        </extensions>
      </trkpt>
      <trkpt lat="45.6357987038791179656982421875" lon="126.59996836446225643157958984375">
        <ele>152.600006103515625</ele>
        <time>2026-07-11T02:57:02.000Z</time>
        <extensions>
          <ns3:TrackPointExtension>
            <ns3:hr>91</ns3:hr>
          </ns3:TrackPointExtension>
        </extensions>
      </trkpt>
      <trkpt lat="45.63574145548045635223388671875" lon="126.59997439943253993988037109375">
        <ele>153</ele>
        <time>2026-07-11T02:57:08.000Z</time>
        <extensions>
          <ns3:TrackPointExtension>
            <ns3:hr>92</ns3:hr>
          </ns3:TrackPointExtension>
        </extensions>
      </trkpt>
      <trkpt lat="45.6357336603105068206787109375" lon="126.59997909329831600189208984375">
        <ele>153</ele>
        <time>2026-07-11T02:57:09.000Z</time>
        <extensions>
          <ns3:TrackPointExtension>
            <ns3:hr>93</ns3:hr>
          </ns3:TrackPointExtension>
        </extensions>
      </trkpt>
      <trkpt lat="45.63569803722202777862548828125" lon="126.599988229572772979736328125">
        <ele>153</ele>
        <time>2026-07-11T02:57:11.000Z</time>
        <extensions>
          <ns3:TrackPointExtension>
            <ns3:hr>96</ns3:hr>
          </ns3:TrackPointExtension>
        </extensions>
      </trkpt>
      <trkpt lat="45.63567456789314746856689453125" lon="126.59999719820916652679443359375">
        <ele>152.8000030517578125</ele>
        <time>2026-07-11T02:57:13.000Z</time>
        <extensions>
          <ns3:TrackPointExtension>
            <ns3:hr>97</ns3:hr>
          </ns3:TrackPointExtension>
        </extensions>
      </trkpt>
      <trkpt lat="45.63558571971952915191650390625" lon="126.59998278133571147918701171875">
        <ele>152.8000030517578125</ele>
        <time>2026-07-11T02:57:18.000Z</time>
        <extensions>
          <ns3:TrackPointExtension>
            <ns3:hr>97</ns3:hr>
          </ns3:TrackPointExtension>
        </extensions>
      </trkpt>
      <trkpt lat="45.63545194454491138458251953125" lon="126.6000054962933063507080078125">
        <ele>152.8000030517578125</ele>
        <time>2026-07-11T02:57:24.000Z</time>
        <extensions>
          <ns3:TrackPointExtension>
            <ns3:hr>96</ns3:hr>
          </ns3:TrackPointExtension>
        </extensions>
      </trkpt>
      <trkpt lat="45.63529905863106250762939453125" lon="126.60011488012969493865966796875">
        <ele>152.8000030517578125</ele>
        <time>2026-07-11T02:57:30.000Z</time>
        <extensions>
          <ns3:TrackPointExtension>
            <ns3:hr>96</ns3:hr>
          </ns3:TrackPointExtension>
        </extensions>
      </trkpt>
      <trkpt lat="45.63520752824842929840087890625" lon="126.60016290843486785888671875">
        <ele>153</ele>
        <time>2026-07-11T02:57:35.000Z</time>
        <extensions>
          <ns3:TrackPointExtension>
            <ns3:hr>97</ns3:hr>
          </ns3:TrackPointExtension>
        </extensions>
      </trkpt>
      <trkpt lat="45.63523225486278533935546875" lon="126.60009928978979587554931640625">
        <ele>153.1999969482421875</ele>
        <time>2026-07-11T02:57:39.000Z</time>
        <extensions>
          <ns3:TrackPointExtension>
            <ns3:hr>98</ns3:hr>
          </ns3:TrackPointExtension>
        </extensions>
      </trkpt>
      <trkpt lat="45.6352476775646209716796875" lon="126.60011462867259979248046875">
        <ele>153.1999969482421875</ele>
        <time>2026-07-11T02:57:40.000Z</time>
        <extensions>
          <ns3:TrackPointExtension>
            <ns3:hr>97</ns3:hr>
          </ns3:TrackPointExtension>
        </extensions>
      </trkpt>
      <trkpt lat="45.6352615915238857269287109375" lon="126.6001084260642528533935546875">
        <ele>153.1999969482421875</ele>
        <time>2026-07-11T02:57:41.000Z</time>
        <extensions>
          <ns3:TrackPointExtension>
            <ns3:hr>97</ns3:hr>
          </ns3:TrackPointExtension>
        </extensions>
      </trkpt>
      <trkpt lat="45.635264106094837188720703125" lon="126.6001027263700962066650390625">
        <ele>153.1999969482421875</ele>
        <time>2026-07-11T02:57:42.000Z</time>
        <extensions>
          <ns3:TrackPointExtension>
            <ns3:hr>97</ns3:hr>
          </ns3:TrackPointExtension>
        </extensions>
      </trkpt>
      <trkpt lat="45.635262094438076019287109375" lon="126.6000970266759395599365234375">
        <ele>153.1999969482421875</ele>
        <time>2026-07-11T02:57:44.000Z</time>
        <extensions>
          <ns3:TrackPointExtension>
            <ns3:hr>96</ns3:hr>
          </ns3:TrackPointExtension>
        </extensions>
      </trkpt>
      <trkpt lat="45.6352632679045200347900390625" lon="126.60009627230465412139892578125">
        <ele>153.1999969482421875</ele>
        <time>2026-07-11T02:57:47.000Z</time>
        <extensions>
          <ns3:TrackPointExtension>
            <ns3:hr>97</ns3:hr>
          </ns3:TrackPointExtension>
        </extensions>
      </trkpt>
      <trkpt lat="45.6352632679045200347900390625" lon="126.60009627230465412139892578125">
        <ele>153</ele>
        <time>2026-07-11T02:57:52.000Z</time>
        <extensions>
          <ns3:TrackPointExtension>
            <ns3:hr>100</ns3:hr>
          </ns3:TrackPointExtension>
        </extensions>
      </trkpt>
      <trkpt lat="45.635262094438076019287109375" lon="126.60009694285690784454345703125">
        <ele>153</ele>
        <time>2026-07-11T02:57:58.000Z</time>
        <extensions>
          <ns3:TrackPointExtension>
            <ns3:hr>101</ns3:hr>
          </ns3:TrackPointExtension>
        </extensions>
      </trkpt>
      <trkpt lat="45.6352632679045200347900390625" lon="126.60009627230465412139892578125">
        <ele>153</ele>
        <time>2026-07-11T02:58:00.000Z</time>
        <extensions>
          <ns3:TrackPointExtension>
            <ns3:hr>104</ns3:hr>
          </ns3:TrackPointExtension>
        </extensions>
      </trkpt>
      <trkpt lat="45.6352632679045200347900390625" lon="126.60009627230465412139892578125">
        <ele>152.8000030517578125</ele>
        <time>2026-07-11T02:58:06.000Z</time>
        <extensions>
          <ns3:TrackPointExtension>
            <ns3:hr>102</ns3:hr>
          </ns3:TrackPointExtension>
        </extensions>
      </trkpt>
      <trkpt lat="45.63525882549583911895751953125" lon="126.60009979270398616790771484375">
        <ele>153</ele>
        <time>2026-07-11T02:58:08.000Z</time>
        <extensions>
          <ns3:TrackPointExtension>
            <ns3:hr>101</ns3:hr>
          </ns3:TrackPointExtension>
        </extensions>
      </trkpt>
      <trkpt lat="45.63521825708448886871337890625" lon="126.6001359187066555023193359375">
        <ele>152.8000030517578125</ele>
        <time>2026-07-11T02:58:11.000Z</time>
        <extensions>
          <ns3:TrackPointExtension>
            <ns3:hr>101</ns3:hr>
          </ns3:TrackPointExtension>
        </extensions>
      </trkpt>
      <trkpt lat="45.63514080829918384552001953125" lon="126.60025284625589847564697265625">
        <ele>153</ele>
        <time>2026-07-11T02:58:16.000Z</time>
        <extensions>
          <ns3:TrackPointExtension>
            <ns3:hr>101</ns3:hr>
          </ns3:TrackPointExtension>
        </extensions>
      </trkpt>
      <trkpt lat="45.63500015996396541595458984375" lon="126.60038360394537448883056640625">
        <ele>153</ele>
        <time>2026-07-11T02:58:23.000Z</time>
        <extensions>
          <ns3:TrackPointExtension>
            <ns3:hr>100</ns3:hr>
          </ns3:TrackPointExtension>
        </extensions>
      </trkpt>
      <trkpt lat="45.634950958192348480224609375" lon="126.6004036366939544677734375">
        <ele>153.1999969482421875</ele>
        <time>2026-07-11T02:58:25.000Z</time>
        <extensions>
          <ns3:TrackPointExtension>
            <ns3:hr>96</ns3:hr>
          </ns3:TrackPointExtension>
        </extensions>
      </trkpt>
      <trkpt lat="45.63488180749118328094482421875" lon="126.600463651120662689208984375">
        <ele>153.399993896484375</ele>
        <time>2026-07-11T02:58:28.000Z</time>
        <extensions>
          <ns3:TrackPointExtension>
            <ns3:hr>96</ns3:hr>
          </ns3:TrackPointExtension>
        </extensions>
      </trkpt>
      <trkpt lat="45.634813494980335235595703125" lon="126.6005030460655689239501953125">
        <ele>153.399993896484375</ele>
        <time>2026-07-11T02:58:31.000Z</time>
        <extensions>
          <ns3:TrackPointExtension>
            <ns3:hr>97</ns3:hr>
          </ns3:TrackPointExtension>
        </extensions>
      </trkpt>
      <trkpt lat="45.6347271613776683807373046875" lon="126.6005580313503742218017578125">
        <ele>153.600006103515625</ele>
        <time>2026-07-11T02:58:35.000Z</time>
        <extensions>
          <ns3:TrackPointExtension>
            <ns3:hr>98</ns3:hr>
          </ns3:TrackPointExtension>
        </extensions>
      </trkpt>
      <trkpt lat="45.63467510975897312164306640625" lon="126.60058493725955486297607421875">
        <ele>153.600006103515625</ele>
        <time>2026-07-11T02:58:37.000Z</time>
        <extensions>
          <ns3:TrackPointExtension>
            <ns3:hr>101</ns3:hr>
          </ns3:TrackPointExtension>
        </extensions>
      </trkpt>
      <trkpt lat="45.63465096987783908843994140625" lon="126.6005980968475341796875">
        <ele>153.8000030517578125</ele>
        <time>2026-07-11T02:58:38.000Z</time>
        <extensions>
          <ns3:TrackPointExtension>
            <ns3:hr>103</ns3:hr>
          </ns3:TrackPointExtension>
        </extensions>
      </trkpt>
      <trkpt lat="45.63460587523877620697021484375" lon="126.60063640214502811431884765625">
        <ele>153.8000030517578125</ele>
        <time>2026-07-11T02:58:40.000Z</time>
        <extensions>
          <ns3:TrackPointExtension>
            <ns3:hr>106</ns3:hr>
          </ns3:TrackPointExtension>
        </extensions>
      </trkpt>
      <trkpt lat="45.6345575116574764251708984375" lon="126.60067118704319000244140625">
        <ele>153.8000030517578125</ele>
        <time>2026-07-11T02:58:42.000Z</time>
        <extensions>
          <ns3:TrackPointExtension>
            <ns3:hr>107</ns3:hr>
          </ns3:TrackPointExtension>
        </extensions>
      </trkpt>
      <trkpt lat="45.634401775896549224853515625" lon="126.60079129971563816070556640625">
        <ele>153.600006103515625</ele>
        <time>2026-07-11T02:58:48.000Z</time>
        <extensions>
          <ns3:TrackPointExtension>
            <ns3:hr>106</ns3:hr>
          </ns3:TrackPointExtension>
        </extensions>
      </trkpt>
      <trkpt lat="45.63420337624847888946533203125" lon="126.60095072351396083831787109375">
        <ele>153.600006103515625</ele>
        <time>2026-07-11T02:58:55.000Z</time>
        <extensions>
          <ns3:TrackPointExtension>
            <ns3:hr>106</ns3:hr>
          </ns3:TrackPointExtension>
        </extensions>
      </trkpt>
      <trkpt lat="45.63402232713997364044189453125" lon="126.6010810621082782745361328125">
        <ele>153.1999969482421875</ele>
        <time>2026-07-11T02:59:01.000Z</time>
        <extensions>
          <ns3:TrackPointExtension>
            <ns3:hr>106</ns3:hr>
          </ns3:TrackPointExtension>
        </extensions>
      </trkpt>
      <trkpt lat="45.63384111039340496063232421875" lon="126.60121927969157695770263671875">
        <ele>153.600006103515625</ele>
        <time>2026-07-11T02:59:07.000Z</time>
        <extensions>
          <ns3:TrackPointExtension>
            <ns3:hr>106</ns3:hr>
          </ns3:TrackPointExtension>
        </extensions>
      </trkpt>
      <trkpt lat="45.633637346327304840087890625" lon="126.6013187728822231292724609375">
        <ele>154</ele>
        <time>2026-07-11T02:59:13.000Z</time>
        <extensions>
          <ns3:TrackPointExtension>
            <ns3:hr>105</ns3:hr>
          </ns3:TrackPointExtension>
        </extensions>
      </trkpt>
      <trkpt lat="45.63345252536237239837646484375" lon="126.6013861633837223052978515625">
        <ele>153.600006103515625</ele>
        <time>2026-07-11T02:59:19.000Z</time>
        <extensions>
          <ns3:TrackPointExtension>
            <ns3:hr>104</ns3:hr>
          </ns3:TrackPointExtension>
        </extensions>
      </trkpt>
      <trkpt lat="45.63326024450361728668212890625" lon="126.60146386362612247467041015625">
        <ele>154.1999969482421875</ele>
        <time>2026-07-11T02:59:26.000Z</time>
        <extensions>
          <ns3:TrackPointExtension>
            <ns3:hr>102</ns3:hr>
          </ns3:TrackPointExtension>
        </extensions>
      </trkpt>
      <trkpt lat="45.6331047601997852325439453125" lon="126.6015326790511608123779296875">
        <ele>154</ele>
        <time>2026-07-11T02:59:31.000Z</time>
        <extensions>
          <ns3:TrackPointExtension>
            <ns3:hr>105</ns3:hr>
          </ns3:TrackPointExtension>
        </extensions>
      </trkpt>
      <trkpt lat="45.63297157175838947296142578125" lon="126.6015883348882198333740234375">
        <ele>153.8000030517578125</ele>
        <time>2026-07-11T02:59:36.000Z</time>
        <extensions>
          <ns3:TrackPointExtension>
            <ns3:hr>108</ns3:hr>
          </ns3:TrackPointExtension>
        </extensions>
      </trkpt>
      <trkpt lat="45.632918514311313629150390625" lon="126.60161658190190792083740234375">
        <ele>153.8000030517578125</ele>
        <time>2026-07-11T02:59:38.000Z</time>
        <extensions>
          <ns3:TrackPointExtension>
            <ns3:hr>110</ns3:hr>
          </ns3:TrackPointExtension>
        </extensions>
      </trkpt>
      <trkpt lat="45.63275900669395923614501953125" lon="126.60171330906450748443603515625">
        <ele>154</ele>
        <time>2026-07-11T02:59:44.000Z</time>
        <extensions>
          <ns3:TrackPointExtension>
            <ns3:hr>113</ns3:hr>
          </ns3:TrackPointExtension>
        </extensions>
      </trkpt>
      <trkpt lat="45.63273034058511257171630859375" lon="126.60173007287085056304931640625">
        <ele>154</ele>
        <time>2026-07-11T02:59:45.000Z</time>
        <extensions>
          <ns3:TrackPointExtension>
            <ns3:hr>113</ns3:hr>
          </ns3:TrackPointExtension>
        </extensions>
      </trkpt>
      <trkpt lat="45.63254895620048046112060546875" lon="126.60182646475732326507568359375">
        <ele>154</ele>
        <time>2026-07-11T02:59:52.000Z</time>
        <extensions>
          <ns3:TrackPointExtension>
            <ns3:hr>114</ns3:hr>
          </ns3:TrackPointExtension>
        </extensions>
      </trkpt>
      <trkpt lat="45.63238685019314289093017578125" lon="126.601904332637786865234375">
        <ele>154</ele>
        <time>2026-07-11T02:59:59.000Z</time>
        <extensions>
          <ns3:TrackPointExtension>
            <ns3:hr>113</ns3:hr>
          </ns3:TrackPointExtension>
        </extensions>
      </trkpt>
      <trkpt lat="45.6322444416582584381103515625" lon="126.60198823548853397369384765625">
        <ele>154.399993896484375</ele>
        <time>2026-07-11T03:00:04.000Z</time>
        <extensions>
          <ns3:TrackPointExtension>
            <ns3:hr>113</ns3:hr>
          </ns3:TrackPointExtension>
        </extensions>
      </trkpt>
      <trkpt lat="45.63205861486494541168212890625" lon="126.60208228044211864471435546875">
        <ele>155</ele>
        <time>2026-07-11T03:00:10.000Z</time>
        <extensions>
          <ns3:TrackPointExtension>
            <ns3:hr>112</ns3:hr>
          </ns3:TrackPointExtension>
        </extensions>
      </trkpt>
      <trkpt lat="45.63196473754942417144775390625" lon="126.60212418995797634124755859375">
        <ele>155.600006103515625</ele>
        <time>2026-07-11T03:00:13.000Z</time>
        <extensions>
          <ns3:TrackPointExtension>
            <ns3:hr>115</ns3:hr>
          </ns3:TrackPointExtension>
        </extensions>
      </trkpt>
      <trkpt lat="45.63189986161887645721435546875" lon="126.60215587355196475982666015625">
        <ele>155</ele>
        <time>2026-07-11T03:00:15.000Z</time>
        <extensions>
          <ns3:TrackPointExtension>
            <ns3:hr>115</ns3:hr>
          </ns3:TrackPointExtension>
        </extensions>
      </trkpt>
      <trkpt lat="45.63173691742122173309326171875" lon="126.6021911613643169403076171875">
        <ele>154.1999969482421875</ele>
        <time>2026-07-11T03:00:20.000Z</time>
        <extensions>
          <ns3:TrackPointExtension>
            <ns3:hr>114</ns3:hr>
          </ns3:TrackPointExtension>
        </extensions>
      </trkpt>
      <trkpt lat="45.63168478198349475860595703125" lon="126.60224564373493194580078125">
        <ele>154.600006103515625</ele>
        <time>2026-07-11T03:00:24.000Z</time>
        <extensions>
          <ns3:TrackPointExtension>
            <ns3:hr>114</ns3:hr>
          </ns3:TrackPointExtension>
        </extensions>
      </trkpt>
      <trkpt lat="45.6316803395748138427734375" lon="126.6022642515599727630615234375">
        <ele>154.600006103515625</ele>
        <time>2026-07-11T03:00:25.000Z</time>
        <extensions>
          <ns3:TrackPointExtension>
            <ns3:hr>113</ns3:hr>
          </ns3:TrackPointExtension>
        </extensions>
      </trkpt>
      <trkpt lat="45.63168293796479701995849609375" lon="126.60228512249886989593505859375">
        <ele>154.600006103515625</ele>
        <time>2026-07-11T03:00:26.000Z</time>
        <extensions>
          <ns3:TrackPointExtension>
            <ns3:hr>113</ns3:hr>
          </ns3:TrackPointExtension>
        </extensions>
      </trkpt>
      <trkpt lat="45.63168193213641643524169921875" lon="126.602318398654460906982421875">
        <ele>154.600006103515625</ele>
        <time>2026-07-11T03:00:30.000Z</time>
        <extensions>
          <ns3:TrackPointExtension>
            <ns3:hr>113</ns3:hr>
          </ns3:TrackPointExtension>
        </extensions>
      </trkpt>
      <trkpt lat="45.63167874701321125030517578125" lon="126.60230943001806735992431640625">
        <ele>154.600006103515625</ele>
        <time>2026-07-11T03:00:32.000Z</time>
        <extensions>
          <ns3:TrackPointExtension>
            <ns3:hr>112</ns3:hr>
          </ns3:TrackPointExtension>
        </extensions>
      </trkpt>
      <trkpt lat="45.63134665600955486297607421875" lon="126.6022847034037113189697265625">
        <ele>154.1999969482421875</ele>
        <time>2026-07-11T03:04:51.000Z</time>
        <extensions>
          <ns3:TrackPointExtension>
            <ns3:hr>120</ns3:hr>
          </ns3:TrackPointExtension>
        </extensions>
      </trkpt>
      <trkpt lat="45.63131446950137615203857421875" lon="126.6022950969636440277099609375">
        <ele>154</ele>
        <time>2026-07-11T03:04:52.000Z</time>
        <extensions>
          <ns3:TrackPointExtension>
            <ns3:hr>121</ns3:hr>
          </ns3:TrackPointExtension>
        </extensions>
      </trkpt>
      <trkpt lat="45.63112755306065082550048828125" lon="126.602344214916229248046875">
        <ele>154.8000030517578125</ele>
        <time>2026-07-11T03:04:57.000Z</time>
        <extensions>
          <ns3:TrackPointExtension>
            <ns3:hr>120</ns3:hr>
          </ns3:TrackPointExtension>
        </extensions>
      </trkpt>
      <trkpt lat="45.631092600524425506591796875" lon="126.6023618169128894805908203125">
        <ele>155</ele>
        <time>2026-07-11T03:04:58.000Z</time>
        <extensions>
          <ns3:TrackPointExtension>
            <ns3:hr>120</ns3:hr>
          </ns3:TrackPointExtension>
        </extensions>
      </trkpt>
      <trkpt lat="45.63092253170907497406005859375" lon="126.60240515135228633880615234375">
        <ele>155.399993896484375</ele>
        <time>2026-07-11T03:05:03.000Z</time>
        <extensions>
          <ns3:TrackPointExtension>
            <ns3:hr>120</ns3:hr>
          </ns3:TrackPointExtension>
        </extensions>
      </trkpt>
      <trkpt lat="45.63082613982260227203369140625" lon="126.60242442972958087921142578125">
        <ele>155.600006103515625</ele>
        <time>2026-07-11T03:05:06.000Z</time>
        <extensions>
          <ns3:TrackPointExtension>
            <ns3:hr>123</ns3:hr>
          </ns3:TrackPointExtension>
        </extensions>
      </trkpt>
      <trkpt lat="45.6307021714746952056884765625" lon="126.60244136117398738861083984375">
        <ele>154.8000030517578125</ele>
        <time>2026-07-11T03:05:10.000Z</time>
        <extensions>
          <ns3:TrackPointExtension>
            <ns3:hr>123</ns3:hr>
          </ns3:TrackPointExtension>
        </extensions>
      </trkpt>
      <trkpt lat="45.63047611154615879058837890625" lon="126.6025395132601261138916015625">
        <ele>154.600006103515625</ele>
        <time>2026-07-11T03:05:17.000Z</time>
        <extensions>
          <ns3:TrackPointExtension>
            <ns3:hr>123</ns3:hr>
          </ns3:TrackPointExtension>
        </extensions>
      </trkpt>
      <trkpt lat="45.63038458116352558135986328125" lon="126.60265442915260791778564453125">
        <ele>155.1999969482421875</ele>
        <time>2026-07-11T03:05:22.000Z</time>
        <extensions>
          <ns3:TrackPointExtension>
            <ns3:hr>123</ns3:hr>
          </ns3:TrackPointExtension>
        </extensions>
      </trkpt>
      <trkpt lat="45.6303534843027591705322265625" lon="126.6026915609836578369140625">
        <ele>155.600006103515625</ele>
        <time>2026-07-11T03:05:26.000Z</time>
        <extensions>
          <ns3:TrackPointExtension>
            <ns3:hr>124</ns3:hr>
          </ns3:TrackPointExtension>
        </extensions>
      </trkpt>
      <trkpt lat="45.63035591505467891693115234375" lon="126.6027182154357433319091796875">
        <ele>155.600006103515625</ele>
        <time>2026-07-11T03:05:27.000Z</time>
        <extensions>
          <ns3:TrackPointExtension>
            <ns3:hr>124</ns3:hr>
          </ns3:TrackPointExtension>
        </extensions>
      </trkpt>
      <trkpt lat="45.630435459315776824951171875" lon="126.60288040526211261749267578125">
        <ele>155.8000030517578125</ele>
        <time>2026-07-11T03:05:31.000Z</time>
        <extensions>
          <ns3:TrackPointExtension>
            <ns3:hr>123</ns3:hr>
          </ns3:TrackPointExtension>
        </extensions>
      </trkpt>
      <trkpt lat="45.6305043585598468780517578125" lon="126.6029985062777996063232421875">
        <ele>156.1999969482421875</ele>
        <time>2026-07-11T03:05:34.000Z</time>
        <extensions>
          <ns3:TrackPointExtension>
            <ns3:hr>125</ns3:hr>
          </ns3:TrackPointExtension>
        </extensions>
      </trkpt>
      <trkpt lat="45.630544759333133697509765625" lon="126.60306639969348907470703125">
        <ele>156.1999969482421875</ele>
        <time>2026-07-11T03:05:36.000Z</time>
        <extensions>
          <ns3:TrackPointExtension>
            <ns3:hr>126</ns3:hr>
          </ns3:TrackPointExtension>
        </extensions>
      </trkpt>
      <trkpt lat="45.63060267828404903411865234375" lon="126.60321568138897418975830078125">
        <ele>156.1999969482421875</ele>
        <time>2026-07-11T03:05:41.000Z</time>
        <extensions>
          <ns3:TrackPointExtension>
            <ns3:hr>126</ns3:hr>
          </ns3:TrackPointExtension>
        </extensions>
      </trkpt>
      <trkpt lat="45.63059111125767230987548828125" lon="126.6032328642904758453369140625">
        <ele>156.1999969482421875</ele>
        <time>2026-07-11T03:05:42.000Z</time>
        <extensions>
          <ns3:TrackPointExtension>
            <ns3:hr>126</ns3:hr>
          </ns3:TrackPointExtension>
        </extensions>
      </trkpt>
      <trkpt lat="45.63049036078155040740966796875" lon="126.6033103130757808685302734375">
        <ele>155.600006103515625</ele>
        <time>2026-07-11T03:05:47.000Z</time>
        <extensions>
          <ns3:TrackPointExtension>
            <ns3:hr>126</ns3:hr>
          </ns3:TrackPointExtension>
        </extensions>
      </trkpt>
      <trkpt lat="45.63032649457454681396484375" lon="126.603381894528865814208984375">
        <ele>155</ele>
        <time>2026-07-11T03:05:52.000Z</time>
        <extensions>
          <ns3:TrackPointExtension>
            <ns3:hr>126</ns3:hr>
          </ns3:TrackPointExtension>
        </extensions>
      </trkpt>
      <trkpt lat="45.63028953038156032562255859375" lon="126.60340075381100177764892578125">
        <ele>155</ele>
        <time>2026-07-11T03:05:53.000Z</time>
        <extensions>
          <ns3:TrackPointExtension>
            <ns3:hr>125</ns3:hr>
          </ns3:TrackPointExtension>
        </extensions>
      </trkpt>
      <trkpt lat="45.63021308742463588714599609375" lon="126.60343411378562450408935546875">
        <ele>154.600006103515625</ele>
        <time>2026-07-11T03:05:55.000Z</time>
        <extensions>
          <ns3:TrackPointExtension>
            <ns3:hr>122</ns3:hr>
          </ns3:TrackPointExtension>
        </extensions>
      </trkpt>
      <trkpt lat="45.63016447238624095916748046875" lon="126.60345205105841159820556640625">
        <ele>154.600006103515625</ele>
        <time>2026-07-11T03:05:57.000Z</time>
        <extensions>
          <ns3:TrackPointExtension>
            <ns3:hr>119</ns3:hr>
          </ns3:TrackPointExtension>
        </extensions>
      </trkpt>
      <trkpt lat="45.63014821149408817291259765625" lon="126.6034598462283611297607421875">
        <ele>154.399993896484375</ele>
        <time>2026-07-11T03:05:58.000Z</time>
        <extensions>
          <ns3:TrackPointExtension>
            <ns3:hr>119</ns3:hr>
          </ns3:TrackPointExtension>
        </extensions>
      </trkpt>
      <trkpt lat="45.6301174499094486236572265625" lon="126.6034839861094951629638671875">
        <ele>154.1999969482421875</ele>
        <time>2026-07-11T03:06:01.000Z</time>
        <extensions>
          <ns3:TrackPointExtension>
            <ns3:hr>119</ns3:hr>
          </ns3:TrackPointExtension>
        </extensions>
      </trkpt>
      <trkpt lat="45.63006925396621227264404296875" lon="126.6035178489983081817626953125">
        <ele>154.1999969482421875</ele>
        <time>2026-07-11T03:06:04.000Z</time>
        <extensions>
          <ns3:TrackPointExtension>
            <ns3:hr>119</ns3:hr>
          </ns3:TrackPointExtension>
        </extensions>
      </trkpt>
      <trkpt lat="45.6299585290253162384033203125" lon="126.60364399664103984832763671875">
        <ele>154.399993896484375</ele>
        <time>2026-07-11T03:06:09.000Z</time>
        <extensions>
          <ns3:TrackPointExtension>
            <ns3:hr>119</ns3:hr>
          </ns3:TrackPointExtension>
        </extensions>
      </trkpt>
      <trkpt lat="45.629817210137844085693359375" lon="126.6038011573255062103271484375">
        <ele>154.399993896484375</ele>
        <time>2026-07-11T03:06:14.000Z</time>
        <extensions>
          <ns3:TrackPointExtension>
            <ns3:hr>120</ns3:hr>
          </ns3:TrackPointExtension>
        </extensions>
      </trkpt>
      <trkpt lat="45.62969961203634738922119140625" lon="126.60393283702433109283447265625">
        <ele>154.399993896484375</ele>
        <time>2026-07-11T03:06:18.000Z</time>
        <extensions>
          <ns3:TrackPointExtension>
            <ns3:hr>124</ns3:hr>
          </ns3:TrackPointExtension>
        </extensions>
      </trkpt>
      <trkpt lat="45.62966792844235897064208984375" lon="126.6039644367992877960205078125">
        <ele>154.399993896484375</ele>
        <time>2026-07-11T03:06:19.000Z</time>
        <extensions>
          <ns3:TrackPointExtension>
            <ns3:hr>126</ns3:hr>
          </ns3:TrackPointExtension>
        </extensions>
      </trkpt>
      <trkpt lat="45.62947799451649188995361328125" lon="126.6041920892894268035888671875">
        <ele>154</ele>
        <time>2026-07-11T03:06:25.000Z</time>
        <extensions>
          <ns3:TrackPointExtension>
            <ns3:hr>125</ns3:hr>
          </ns3:TrackPointExtension>
        </extensions>
      </trkpt>
      <trkpt lat="45.6294415332376956939697265625" lon="126.60422737710177898406982421875">
        <ele>154</ele>
        <time>2026-07-11T03:06:26.000Z</time>
        <extensions>
          <ns3:TrackPointExtension>
            <ns3:hr>124</ns3:hr>
          </ns3:TrackPointExtension>
        </extensions>
      </trkpt>
      <trkpt lat="45.62940322794020175933837890625" lon="126.60427649505436420440673828125">
        <ele>154</ele>
        <time>2026-07-11T03:06:27.000Z</time>
        <extensions>
          <ns3:TrackPointExtension>
            <ns3:hr>123</ns3:hr>
          </ns3:TrackPointExtension>
        </extensions>
      </trkpt>
      <trkpt lat="45.6292718835175037384033203125" lon="126.60441798157989978790283203125">
        <ele>154</ele>
        <time>2026-07-11T03:06:30.000Z</time>
        <extensions>
          <ns3:TrackPointExtension>
            <ns3:hr>120</ns3:hr>
          </ns3:TrackPointExtension>
        </extensions>
      </trkpt>
      <trkpt lat="45.62902101315557956695556640625" lon="126.6046790778636932373046875">
        <ele>154.1999969482421875</ele>
        <time>2026-07-11T03:06:37.000Z</time>
        <extensions>
          <ns3:TrackPointExtension>
            <ns3:hr>121</ns3:hr>
          </ns3:TrackPointExtension>
        </extensions>
      </trkpt>
      <trkpt lat="45.62883225269615650177001953125" lon="126.60487730987370014190673828125">
        <ele>154.600006103515625</ele>
        <time>2026-07-11T03:06:43.000Z</time>
        <extensions>
          <ns3:TrackPointExtension>
            <ns3:hr>121</ns3:hr>
          </ns3:TrackPointExtension>
        </extensions>
      </trkpt>
      <trkpt lat="45.628649778664112091064453125" lon="126.60510613583028316497802734375">
        <ele>154.600006103515625</ele>
        <time>2026-07-11T03:06:49.000Z</time>
        <extensions>
          <ns3:TrackPointExtension>
            <ns3:hr>123</ns3:hr>
          </ns3:TrackPointExtension>
        </extensions>
      </trkpt>
      <trkpt lat="45.6285788677632808685302734375" lon="126.60524837672710418701171875">
        <ele>155.1999969482421875</ele>
        <time>2026-07-11T03:06:52.000Z</time>
        <extensions>
          <ns3:TrackPointExtension>
            <ns3:hr>124</ns3:hr>
          </ns3:TrackPointExtension>
        </extensions>
      </trkpt>
      <trkpt lat="45.62853301875293254852294921875" lon="126.60534652881324291229248046875">
        <ele>155.1999969482421875</ele>
        <time>2026-07-11T03:06:54.000Z</time>
        <extensions>
          <ns3:TrackPointExtension>
            <ns3:hr>124</ns3:hr>
          </ns3:TrackPointExtension>
        </extensions>
      </trkpt>
      <trkpt lat="45.62844668515026569366455078125" lon="126.60556881688535213470458984375">
        <ele>155</ele>
        <time>2026-07-11T03:06:59.000Z</time>
        <extensions>
          <ns3:TrackPointExtension>
            <ns3:hr>128</ns3:hr>
          </ns3:TrackPointExtension>
        </extensions>
      </trkpt>
      <trkpt lat="45.62843981198966503143310546875" lon="126.60561491735279560089111328125">
        <ele>155</ele>
        <time>2026-07-11T03:07:00.000Z</time>
        <extensions>
          <ns3:TrackPointExtension>
            <ns3:hr>135</ns3:hr>
          </ns3:TrackPointExtension>
        </extensions>
      </trkpt>
      <trkpt lat="45.62842908315360546112060546875" lon="126.6056602634489536285400390625">
        <ele>155</ele>
        <time>2026-07-11T03:07:01.000Z</time>
        <extensions>
          <ns3:TrackPointExtension>
            <ns3:hr>143</ns3:hr>
          </ns3:TrackPointExtension>
        </extensions>
      </trkpt>
      <trkpt lat="45.62842388637363910675048828125" lon="126.60570879466831684112548828125">
        <ele>155</ele>
        <time>2026-07-11T03:07:02.000Z</time>
        <extensions>
          <ns3:TrackPointExtension>
            <ns3:hr>147</ns3:hr>
          </ns3:TrackPointExtension>
        </extensions>
      </trkpt>
      <trkpt lat="45.62841148115694522857666015625" lon="126.60575657151639461517333984375">
        <ele>155.1999969482421875</ele>
        <time>2026-07-11T03:07:03.000Z</time>
        <extensions>
          <ns3:TrackPointExtension>
            <ns3:hr>150</ns3:hr>
          </ns3:TrackPointExtension>
        </extensions>
      </trkpt>
      <trkpt lat="45.6284011714160442352294921875" lon="126.605802588164806365966796875">
        <ele>155.1999969482421875</ele>
        <time>2026-07-11T03:07:04.000Z</time>
        <extensions>
          <ns3:TrackPointExtension>
            <ns3:hr>153</ns3:hr>
          </ns3:TrackPointExtension>
        </extensions>
      </trkpt>
      <trkpt lat="45.62837929464876651763916015625" lon="126.60588917322456836700439453125">
        <ele>155.399993896484375</ele>
        <time>2026-07-11T03:07:06.000Z</time>
        <extensions>
          <ns3:TrackPointExtension>
            <ns3:hr>155</ns3:hr>
          </ns3:TrackPointExtension>
        </extensions>
      </trkpt>
      <trkpt lat="45.6283129937946796417236328125" lon="126.60615990869700908660888671875">
        <ele>155.1999969482421875</ele>
        <time>2026-07-11T03:07:13.000Z</time>
        <extensions>
          <ns3:TrackPointExtension>
            <ns3:hr>157</ns3:hr>
          </ns3:TrackPointExtension>
        </extensions>
      </trkpt>
      <trkpt lat="45.6283005885779857635498046875" lon="126.60627675242722034454345703125">
        <ele>155.1999969482421875</ele>
        <time>2026-07-11T03:07:17.000Z</time>
        <extensions>
          <ns3:TrackPointExtension>
            <ns3:hr>156</ns3:hr>
          </ns3:TrackPointExtension>
        </extensions>
      </trkpt>
      <trkpt lat="45.62829497270286083221435546875" lon="126.60628932528197765350341796875">
        <ele>155.1999969482421875</ele>
        <time>2026-07-11T03:07:19.000Z</time>
        <extensions>
          <ns3:TrackPointExtension>
            <ns3:hr>155</ns3:hr>
          </ns3:TrackPointExtension>
        </extensions>
      </trkpt>
      <trkpt lat="45.628280304372310638427734375" lon="126.60632570274174213409423828125">
        <ele>155.1999969482421875</ele>
        <time>2026-07-11T03:07:21.000Z</time>
        <extensions>
          <ns3:TrackPointExtension>
            <ns3:hr>154</ns3:hr>
          </ns3:TrackPointExtension>
        </extensions>
      </trkpt>
      <trkpt lat="45.6281948089599609375" lon="126.60648495890200138092041015625">
        <ele>154.8000030517578125</ele>
        <time>2026-07-11T03:07:25.000Z</time>
        <extensions>
          <ns3:TrackPointExtension>
            <ns3:hr>153</ns3:hr>
          </ns3:TrackPointExtension>
        </extensions>
      </trkpt>
      <trkpt lat="45.62804971821606159210205078125" lon="126.60667656920850276947021484375">
        <ele>155.399993896484375</ele>
        <time>2026-07-11T03:07:30.000Z</time>
        <extensions>
          <ns3:TrackPointExtension>
            <ns3:hr>154</ns3:hr>
          </ns3:TrackPointExtension>
        </extensions>
      </trkpt>
      <trkpt lat="45.6278637237846851348876953125" lon="126.6067703627049922943115234375">
        <ele>155.8000030517578125</ele>
        <time>2026-07-11T03:07:35.000Z</time>
        <extensions>
          <ns3:TrackPointExtension>
            <ns3:hr>153</ns3:hr>
          </ns3:TrackPointExtension>
        </extensions>
      </trkpt>
      <trkpt lat="45.6276354007422924041748046875" lon="126.606878824532032012939453125">
        <ele>155</ele>
        <time>2026-07-11T03:07:41.000Z</time>
        <extensions>
          <ns3:TrackPointExtension>
            <ns3:hr>154</ns3:hr>
          </ns3:TrackPointExtension>
        </extensions>
      </trkpt>
      <trkpt lat="45.62745812349021434783935546875" lon="126.60694328136742115020751953125">
        <ele>155.1999969482421875</ele>
        <time>2026-07-11T03:07:45.000Z</time>
        <extensions>
          <ns3:TrackPointExtension>
            <ns3:hr>153</ns3:hr>
          </ns3:TrackPointExtension>
        </extensions>
      </trkpt>
      <trkpt lat="45.6274141184985637664794921875" lon="126.60696499049663543701171875">
        <ele>155.399993896484375</ele>
        <time>2026-07-11T03:07:46.000Z</time>
        <extensions>
          <ns3:TrackPointExtension>
            <ns3:hr>152</ns3:hr>
          </ns3:TrackPointExtension>
        </extensions>
      </trkpt>
      <trkpt lat="45.627293251454830169677734375" lon="126.6070206463336944580078125">
        <ele>155</ele>
        <time>2026-07-11T03:07:49.000Z</time>
        <extensions>
          <ns3:TrackPointExtension>
            <ns3:hr>149</ns3:hr>
          </ns3:TrackPointExtension>
        </extensions>
      </trkpt>
      <trkpt lat="45.62722527422010898590087890625" lon="126.6070493124425411224365234375">
        <ele>154.8000030517578125</ele>
        <time>2026-07-11T03:07:51.000Z</time>
        <extensions>
          <ns3:TrackPointExtension>
            <ns3:hr>146</ns3:hr>
          </ns3:TrackPointExtension>
        </extensions>
      </trkpt>
      <trkpt lat="45.62719677574932575225830078125" lon="126.60706733353435993194580078125">
        <ele>154.8000030517578125</ele>
        <time>2026-07-11T03:07:52.000Z</time>
        <extensions>
          <ns3:TrackPointExtension>
            <ns3:hr>138</ns3:hr>
          </ns3:TrackPointExtension>
        </extensions>
      </trkpt>
      <trkpt lat="45.62717297114431858062744140625" lon="126.60708745010197162628173828125">
        <ele>154.8000030517578125</ele>
        <time>2026-07-11T03:07:53.000Z</time>
        <extensions>
          <ns3:TrackPointExtension>
            <ns3:hr>128</ns3:hr>
          </ns3:TrackPointExtension>
        </extensions>
      </trkpt>
      <trkpt lat="45.627151094377040863037109375" lon="126.60711796022951602935791015625">
        <ele>155.1999969482421875</ele>
        <time>2026-07-11T03:07:54.000Z</time>
        <extensions>
          <ns3:TrackPointExtension>
            <ns3:hr>120</ns3:hr>
          </ns3:TrackPointExtension>
        </extensions>
      </trkpt>
      <trkpt lat="45.62714179046452045440673828125" lon="126.6071555949747562408447265625">
        <ele>155.399993896484375</ele>
        <time>2026-07-11T03:07:55.000Z</time>
        <extensions>
          <ns3:TrackPointExtension>
            <ns3:hr>116</ns3:hr>
          </ns3:TrackPointExtension>
        </extensions>
      </trkpt>
      <trkpt lat="45.62713189981877803802490234375" lon="126.60719708539545536041259765625">
        <ele>155.600006103515625</ele>
        <time>2026-07-11T03:07:56.000Z</time>
        <extensions>
          <ns3:TrackPointExtension>
            <ns3:hr>116</ns3:hr>
          </ns3:TrackPointExtension>
        </extensions>
      </trkpt>
      <trkpt lat="45.6271103583276271820068359375" lon="126.60726296715438365936279296875">
        <ele>156.1999969482421875</ele>
        <time>2026-07-11T03:07:58.000Z</time>
        <extensions>
          <ns3:TrackPointExtension>
            <ns3:hr>115</ns3:hr>
          </ns3:TrackPointExtension>
        </extensions>
      </trkpt>
      <trkpt lat="45.627082698047161102294921875" lon="126.607395149767398834228515625">
        <ele>156.600006103515625</ele>
        <time>2026-07-11T03:08:02.000Z</time>
        <extensions>
          <ns3:TrackPointExtension>
            <ns3:hr>115</ns3:hr>
          </ns3:TrackPointExtension>
        </extensions>
      </trkpt>
      <trkpt lat="45.62703265808522701263427734375" lon="126.6075914539396762847900390625">
        <ele>156.1999969482421875</ele>
        <time>2026-07-11T03:08:06.000Z</time>
        <extensions>
          <ns3:TrackPointExtension>
            <ns3:hr>116</ns3:hr>
          </ns3:TrackPointExtension>
        </extensions>
      </trkpt>
      <trkpt lat="45.62700298614799976348876953125" lon="126.607703268527984619140625">
        <ele>156</ele>
        <time>2026-07-11T03:08:08.000Z</time>
        <extensions>
          <ns3:TrackPointExtension>
            <ns3:hr>116</ns3:hr>
          </ns3:TrackPointExtension>
        </extensions>
      </trkpt>
      <trkpt lat="45.6269839592278003692626953125" lon="126.60776160657405853271484375">
        <ele>156</ele>
        <time>2026-07-11T03:08:09.000Z</time>
        <extensions>
          <ns3:TrackPointExtension>
            <ns3:hr>116</ns3:hr>
          </ns3:TrackPointExtension>
        </extensions>
      </trkpt>
      <trkpt lat="45.62691749073565006256103515625" lon="126.6078507900238037109375">
        <ele>155.8000030517578125</ele>
        <time>2026-07-11T03:08:11.000Z</time>
        <extensions>
          <ns3:TrackPointExtension>
            <ns3:hr>116</ns3:hr>
          </ns3:TrackPointExtension>
        </extensions>
      </trkpt>
      <trkpt lat="45.6268736533820629119873046875" lon="126.607875935733318328857421875">
        <ele>156</ele>
        <time>2026-07-11T03:08:12.000Z</time>
        <extensions>
          <ns3:TrackPointExtension>
            <ns3:hr>116</ns3:hr>
          </ns3:TrackPointExtension>
        </extensions>
      </trkpt>
      <trkpt lat="45.62682495452463626861572265625" lon="126.60788943059742450714111328125">
        <ele>155.8000030517578125</ele>
        <time>2026-07-11T03:08:13.000Z</time>
        <extensions>
          <ns3:TrackPointExtension>
            <ns3:hr>115</ns3:hr>
          </ns3:TrackPointExtension>
        </extensions>
      </trkpt>
      <trkpt lat="45.62662831507623195648193359375" lon="126.60792664624750614166259765625">
        <ele>155.399993896484375</ele>
        <time>2026-07-11T03:08:17.000Z</time>
        <extensions>
          <ns3:TrackPointExtension>
            <ns3:hr>113</ns3:hr>
          </ns3:TrackPointExtension>
        </extensions>
      </trkpt>
      <trkpt lat="45.6265407241880893707275390625" lon="126.6079324297606945037841796875">
        <ele>155.399993896484375</ele>
        <time>2026-07-11T03:08:19.000Z</time>
        <extensions>
          <ns3:TrackPointExtension>
            <ns3:hr>113</ns3:hr>
          </ns3:TrackPointExtension>
        </extensions>
      </trkpt>
      <trkpt lat="45.62641893513500690460205078125" lon="126.607915498316287994384765625">
        <ele>155.600006103515625</ele>
        <time>2026-07-11T03:08:22.000Z</time>
        <extensions>
          <ns3:TrackPointExtension>
            <ns3:hr>114</ns3:hr>
          </ns3:TrackPointExtension>
        </extensions>
      </trkpt>
      <trkpt lat="45.6262061186134815216064453125" lon="126.60791424103081226348876953125">
        <ele>155.399993896484375</ele>
        <time>2026-07-11T03:08:28.000Z</time>
        <extensions>
          <ns3:TrackPointExtension>
            <ns3:hr>115</ns3:hr>
          </ns3:TrackPointExtension>
        </extensions>
      </trkpt>
      <trkpt lat="45.6261678971350193023681640625" lon="126.60791105590760707855224609375">
        <ele>155.399993896484375</ele>
        <time>2026-07-11T03:08:29.000Z</time>
        <extensions>
          <ns3:TrackPointExtension>
            <ns3:hr>112</ns3:hr>
          </ns3:TrackPointExtension>
        </extensions>
      </trkpt>
      <trkpt lat="45.6261303462088108062744140625" lon="126.6079092957079410552978515625">
        <ele>155.399993896484375</ele>
        <time>2026-07-11T03:08:30.000Z</time>
        <extensions>
          <ns3:TrackPointExtension>
            <ns3:hr>108</ns3:hr>
          </ns3:TrackPointExtension>
        </extensions>
      </trkpt>
      <trkpt lat="45.62609304673969745635986328125" lon="126.60791021771728992462158203125">
        <ele>155.600006103515625</ele>
        <time>2026-07-11T03:08:31.000Z</time>
        <extensions>
          <ns3:TrackPointExtension>
            <ns3:hr>104</ns3:hr>
          </ns3:TrackPointExtension>
        </extensions>
      </trkpt>
      <trkpt lat="45.626054070889949798583984375" lon="126.60791608504951000213623046875">
        <ele>155.600006103515625</ele>
        <time>2026-07-11T03:08:32.000Z</time>
        <extensions>
          <ns3:TrackPointExtension>
            <ns3:hr>104</ns3:hr>
          </ns3:TrackPointExtension>
        </extensions>
      </trkpt>
      <trkpt lat="45.6259291805326938629150390625" lon="126.6079374589025974273681640625">
        <ele>155</ele>
        <time>2026-07-11T03:08:35.000Z</time>
        <extensions>
          <ns3:TrackPointExtension>
            <ns3:hr>104</ns3:hr>
          </ns3:TrackPointExtension>
        </extensions>
      </trkpt>
      <trkpt lat="45.62552559189498424530029296875" lon="126.607997976243495941162109375">
        <ele>154.8000030517578125</ele>
        <time>2026-07-11T03:08:44.000Z</time>
        <extensions>
          <ns3:TrackPointExtension>
            <ns3:hr>108</ns3:hr>
          </ns3:TrackPointExtension>
        </extensions>
      </trkpt>
      <trkpt lat="45.6253930740058422088623046875" lon="126.60801851190626621246337890625">
        <ele>155</ele>
        <time>2026-07-11T03:08:47.000Z</time>
        <extensions>
          <ns3:TrackPointExtension>
            <ns3:hr>112</ns3:hr>
          </ns3:TrackPointExtension>
        </extensions>
      </trkpt>
      <trkpt lat="45.6253089196979999542236328125" lon="126.6080266423523426055908203125">
        <ele>155.1999969482421875</ele>
        <time>2026-07-11T03:08:49.000Z</time>
        <extensions>
          <ns3:TrackPointExtension>
            <ns3:hr>121</ns3:hr>
          </ns3:TrackPointExtension>
        </extensions>
      </trkpt>
      <trkpt lat="45.625266842544078826904296875" lon="126.608035527169704437255859375">
        <ele>155.399993896484375</ele>
        <time>2026-07-11T03:08:50.000Z</time>
        <extensions>
          <ns3:TrackPointExtension>
            <ns3:hr>137</ns3:hr>
          </ns3:TrackPointExtension>
        </extensions>
      </trkpt>
      <trkpt lat="45.62522468157112598419189453125" lon="126.6080452501773834228515625">
        <ele>155.399993896484375</ele>
        <time>2026-07-11T03:08:51.000Z</time>
        <extensions>
          <ns3:TrackPointExtension>
            <ns3:hr>147</ns3:hr>
          </ns3:TrackPointExtension>
        </extensions>
      </trkpt>
      <trkpt lat="45.62518243677914142608642578125" lon="126.60805388353765010833740234375">
        <ele>155.399993896484375</ele>
        <time>2026-07-11T03:08:52.000Z</time>
        <extensions>
          <ns3:TrackPointExtension>
            <ns3:hr>153</ns3:hr>
          </ns3:TrackPointExtension>
        </extensions>
      </trkpt>
      <trkpt lat="45.62505855225026607513427734375" lon="126.60807810723781585693359375">
        <ele>155.399993896484375</ele>
        <time>2026-07-11T03:08:55.000Z</time>
        <extensions>
          <ns3:TrackPointExtension>
            <ns3:hr>156</ns3:hr>
          </ns3:TrackPointExtension>
        </extensions>
      </trkpt>
      <trkpt lat="45.6248931773006916046142578125" lon="126.60810627043247222900390625">
        <ele>155.399993896484375</ele>
        <time>2026-07-11T03:08:59.000Z</time>
        <extensions>
          <ns3:TrackPointExtension>
            <ns3:hr>157</ns3:hr>
          </ns3:TrackPointExtension>
        </extensions>
      </trkpt>
      <trkpt lat="45.6245870701968669891357421875" lon="126.60816838033497333526611328125">
        <ele>155.8000030517578125</ele>
        <time>2026-07-11T03:09:07.000Z</time>
        <extensions>
          <ns3:TrackPointExtension>
            <ns3:hr>158</ns3:hr>
          </ns3:TrackPointExtension>
        </extensions>
      </trkpt>
      <trkpt lat="45.62451909296214580535888671875" lon="126.60818648524582386016845703125">
        <ele>156.1999969482421875</ele>
        <time>2026-07-11T03:09:09.000Z</time>
        <extensions>
          <ns3:TrackPointExtension>
            <ns3:hr>158</ns3:hr>
          </ns3:TrackPointExtension>
        </extensions>
      </trkpt>
      <trkpt lat="45.62438271939754486083984375" lon="126.60818011499941349029541015625">
        <ele>156.8000030517578125</ele>
        <time>2026-07-11T03:09:14.000Z</time>
        <extensions>
          <ns3:TrackPointExtension>
            <ns3:hr>158</ns3:hr>
          </ns3:TrackPointExtension>
        </extensions>
      </trkpt>
      <trkpt lat="45.62422337941825389862060546875" lon="126.60819721408188343048095703125">
        <ele>156.399993896484375</ele>
        <time>2026-07-11T03:09:20.000Z</time>
        <extensions>
          <ns3:TrackPointExtension>
            <ns3:hr>157</ns3:hr>
          </ns3:TrackPointExtension>
        </extensions>
      </trkpt>
      <trkpt lat="45.62418289482593536376953125" lon="126.60823635756969451904296875">
        <ele>156.1999969482421875</ele>
        <time>2026-07-11T03:09:24.000Z</time>
        <extensions>
          <ns3:TrackPointExtension>
            <ns3:hr>154</ns3:hr>
          </ns3:TrackPointExtension>
        </extensions>
      </trkpt>
      <trkpt lat="45.62415783293545246124267578125" lon="126.6082583181560039520263671875">
        <ele>156</ele>
        <time>2026-07-11T03:09:30.000Z</time>
        <extensions>
          <ns3:TrackPointExtension>
            <ns3:hr>151</ns3:hr>
          </ns3:TrackPointExtension>
        </extensions>
      </trkpt>
      <trkpt lat="45.62408507801592350006103515625" lon="126.60834708251059055328369140625">
        <ele>155.8000030517578125</ele>
        <time>2026-07-11T03:09:35.000Z</time>
        <extensions>
          <ns3:TrackPointExtension>
            <ns3:hr>148</ns3:hr>
          </ns3:TrackPointExtension>
        </extensions>
      </trkpt>
      <trkpt lat="45.62397309578955173492431640625" lon="126.60838362760841846466064453125">
        <ele>155.8000030517578125</ele>
        <time>2026-07-11T03:09:38.000Z</time>
        <extensions>
          <ns3:TrackPointExtension>
            <ns3:hr>146</ns3:hr>
          </ns3:TrackPointExtension>
        </extensions>
      </trkpt>
      <trkpt lat="45.6239473633468151092529296875" lon="126.6083966195583343505859375">
        <ele>155.8000030517578125</ele>
        <time>2026-07-11T03:09:39.000Z</time>
        <extensions>
          <ns3:TrackPointExtension>
            <ns3:hr>146</ns3:hr>
          </ns3:TrackPointExtension>
        </extensions>
      </trkpt>
      <trkpt lat="45.6238088943064212799072265625" lon="126.608562581241130828857421875">
        <ele>156</ele>
        <time>2026-07-11T03:09:44.000Z</time>
        <extensions>
          <ns3:TrackPointExtension>
            <ns3:hr>148</ns3:hr>
          </ns3:TrackPointExtension>
        </extensions>
      </trkpt>
      <trkpt lat="45.62363010831177234649658203125" lon="126.60882703028619289398193359375">
        <ele>156.1999969482421875</ele>
        <time>2026-07-11T03:09:51.000Z</time>
        <extensions>
          <ns3:TrackPointExtension>
            <ns3:hr>147</ns3:hr>
          </ns3:TrackPointExtension>
        </extensions>
      </trkpt>
      <trkpt lat="45.62358920462429523468017578125" lon="126.60900439135730266571044921875">
        <ele>156</ele>
        <time>2026-07-11T03:09:55.000Z</time>
        <extensions>
          <ns3:TrackPointExtension>
            <ns3:hr>146</ns3:hr>
          </ns3:TrackPointExtension>
        </extensions>
      </trkpt>
      <trkpt lat="45.6236067228019237518310546875" lon="126.60901411436498165130615234375">
        <ele>156</ele>
        <time>2026-07-11T03:09:56.000Z</time>
        <extensions>
          <ns3:TrackPointExtension>
            <ns3:hr>145</ns3:hr>
          </ns3:TrackPointExtension>
        </extensions>
      </trkpt>
      <trkpt lat="45.62361418269574642181396484375" lon="126.60898226313292980194091796875">
        <ele>156</ele>
        <time>2026-07-11T03:09:58.000Z</time>
        <extensions>
          <ns3:TrackPointExtension>
            <ns3:hr>144</ns3:hr>
          </ns3:TrackPointExtension>
        </extensions>
      </trkpt>
      <trkpt lat="45.62362524680793285369873046875" lon="126.6088326461613178253173828125">
        <ele>156</ele>
        <time>2026-07-11T03:10:02.000Z</time>
        <extensions>
          <ns3:TrackPointExtension>
            <ns3:hr>143</ns3:hr>
          </ns3:TrackPointExtension>
        </extensions>
      </trkpt>
      <trkpt lat="45.62364838086068630218505859375" lon="126.6088162176311016082763671875">
        <ele>156</ele>
        <time>2026-07-11T03:10:03.000Z</time>
        <extensions>
          <ns3:TrackPointExtension>
            <ns3:hr>142</ns3:hr>
          </ns3:TrackPointExtension>
        </extensions>
      </trkpt>
      <trkpt lat="45.62364955432713031768798828125" lon="126.60881102085113525390625">
        <ele>155.8000030517578125</ele>
        <time>2026-07-11T03:10:05.000Z</time>
        <extensions>
          <ns3:TrackPointExtension>
            <ns3:hr>141</ns3:hr>
          </ns3:TrackPointExtension>
        </extensions>
      </trkpt>
      <trkpt lat="45.623641423881053924560546875" lon="126.60879937000572681427001953125">
        <ele>155.8000030517578125</ele>
        <time>2026-07-11T03:10:09.000Z</time>
        <extensions>
          <ns3:TrackPointExtension>
            <ns3:hr>139</ns3:hr>
          </ns3:TrackPointExtension>
        </extensions>
      </trkpt>
      <trkpt lat="45.6236358918249607086181640625" lon="126.6087981127202510833740234375">
        <ele>155.8000030517578125</ele>
        <time>2026-07-11T03:10:10.000Z</time>
        <extensions>
          <ns3:TrackPointExtension>
            <ns3:hr>139</ns3:hr>
          </ns3:TrackPointExtension>
        </extensions>
      </trkpt>
      <trkpt lat="45.62363572418689727783203125" lon="126.60880221985280513763427734375">
        <ele>155.600006103515625</ele>
        <time>2026-07-11T03:10:15.000Z</time>
        <extensions>
          <ns3:TrackPointExtension>
            <ns3:hr>136</ns3:hr>
          </ns3:TrackPointExtension>
        </extensions>
      </trkpt>
      <trkpt lat="45.62362910248339176177978515625" lon="126.6088024713099002838134765625">
        <ele>155.8000030517578125</ele>
        <time>2026-07-11T03:10:16.000Z</time>
        <extensions>
          <ns3:TrackPointExtension>
            <ns3:hr>136</ns3:hr>
          </ns3:TrackPointExtension>
        </extensions>
      </trkpt>
      <trkpt lat="45.6236265040934085845947265625" lon="126.6088068298995494842529296875">
        <ele>156</ele>
        <time>2026-07-11T03:10:25.000Z</time>
        <extensions>
          <ns3:TrackPointExtension>
            <ns3:hr>136</ns3:hr>
          </ns3:TrackPointExtension>
        </extensions>
      </trkpt>
      <trkpt lat="45.6236120872199535369873046875" lon="126.60880859009921550750732421875">
        <ele>156</ele>
        <time>2026-07-11T03:10:31.000Z</time>
        <extensions>
          <ns3:TrackPointExtension>
            <ns3:hr>138</ns3:hr>
          </ns3:TrackPointExtension>
        </extensions>
      </trkpt>
      <trkpt lat="45.6236120872199535369873046875" lon="126.6088085062801837921142578125">
        <ele>156</ele>
        <time>2026-07-11T03:10:39.000Z</time>
        <extensions>
          <ns3:TrackPointExtension>
            <ns3:hr>139</ns3:hr>
          </ns3:TrackPointExtension>
        </extensions>
      </trkpt>
      <trkpt lat="45.6236120872199535369873046875" lon="126.6088085062801837921142578125">
        <ele>156</ele>
        <time>2026-07-11T03:10:43.000Z</time>
        <extensions>
          <ns3:TrackPointExtension>
            <ns3:hr>136</ns3:hr>
          </ns3:TrackPointExtension>
        </extensions>
      </trkpt>
      <trkpt lat="45.6236120872199535369873046875" lon="126.6088085062801837921142578125">
        <ele>156</ele>
        <time>2026-07-11T03:10:44.000Z</time>
        <extensions>
          <ns3:TrackPointExtension>
            <ns3:hr>132</ns3:hr>
          </ns3:TrackPointExtension>
        </extensions>
      </trkpt>
      <trkpt lat="45.6236120872199535369873046875" lon="126.6088085062801837921142578125">
        <ele>156</ele>
        <time>2026-07-11T03:10:46.000Z</time>
        <extensions>
          <ns3:TrackPointExtension>
            <ns3:hr>129</ns3:hr>
          </ns3:TrackPointExtension>
        </extensions>
      </trkpt>
      <trkpt lat="45.6236120872199535369873046875" lon="126.6088085062801837921142578125">
        <ele>156</ele>
        <time>2026-07-11T03:10:50.000Z</time>
        <extensions>
          <ns3:TrackPointExtension>
            <ns3:hr>127</ns3:hr>
          </ns3:TrackPointExtension>
        </extensions>
      </trkpt>
      <trkpt lat="45.62363815493881702423095703125" lon="126.60880825482308864593505859375">
        <ele>156</ele>
        <time>2026-07-11T03:11:00.000Z</time>
        <extensions>
          <ns3:TrackPointExtension>
            <ns3:hr>125</ns3:hr>
          </ns3:TrackPointExtension>
        </extensions>
      </trkpt>
      <trkpt lat="45.62364553101360797882080078125" lon="126.60879769362509250640869140625">
        <ele>156</ele>
        <time>2026-07-11T03:11:08.000Z</time>
        <extensions>
          <ns3:TrackPointExtension>
            <ns3:hr>130</ns3:hr>
          </ns3:TrackPointExtension>
        </extensions>
      </trkpt>
      <trkpt lat="45.6236419267952442169189453125" lon="126.6087897308170795440673828125">
        <ele>156</ele>
        <time>2026-07-11T03:11:09.000Z</time>
        <extensions>
          <ns3:TrackPointExtension>
            <ns3:hr>129</ns3:hr>
          </ns3:TrackPointExtension>
        </extensions>
      </trkpt>
      <trkpt lat="45.6236466206610202789306640625" lon="126.6087897308170795440673828125">
        <ele>156</ele>
        <time>2026-07-11T03:11:15.000Z</time>
        <extensions>
          <ns3:TrackPointExtension>
            <ns3:hr>128</ns3:hr>
          </ns3:TrackPointExtension>
        </extensions>
      </trkpt>
      <trkpt lat="45.623660869896411895751953125" lon="126.608796603977680206298828125">
        <ele>156</ele>
        <time>2026-07-11T03:11:21.000Z</time>
        <extensions>
          <ns3:TrackPointExtension>
            <ns3:hr>127</ns3:hr>
          </ns3:TrackPointExtension>
        </extensions>
      </trkpt>
      <trkpt lat="45.6236607022583484649658203125" lon="126.60879685543477535247802734375">
        <ele>156</ele>
        <time>2026-07-11T03:11:27.000Z</time>
        <extensions>
          <ns3:TrackPointExtension>
            <ns3:hr>126</ns3:hr>
          </ns3:TrackPointExtension>
        </extensions>
      </trkpt>
      <trkpt lat="45.623653493821620941162109375" lon="126.60880791954696178436279296875">
        <ele>156</ele>
        <time>2026-07-11T03:11:29.000Z</time>
        <extensions>
          <ns3:TrackPointExtension>
            <ns3:hr>126</ns3:hr>
          </ns3:TrackPointExtension>
        </extensions>
      </trkpt>
      <trkpt lat="45.62364242970943450927734375" lon="126.60880590789020061492919921875">
        <ele>156</ele>
        <time>2026-07-11T03:11:35.000Z</time>
        <extensions>
          <ns3:TrackPointExtension>
            <ns3:hr>125</ns3:hr>
          </ns3:TrackPointExtension>
        </extensions>
      </trkpt>
      <trkpt lat="45.6236399151384830474853515625" lon="126.60881060175597667694091796875">
        <ele>156</ele>
        <time>2026-07-11T03:11:43.000Z</time>
        <extensions>
          <ns3:TrackPointExtension>
            <ns3:hr>124</ns3:hr>
          </ns3:TrackPointExtension>
        </extensions>
      </trkpt>
      <trkpt lat="45.62364268116652965545654296875" lon="126.60882837139070034027099609375">
        <ele>156</ele>
        <time>2026-07-11T03:11:49.000Z</time>
        <extensions>
          <ns3:TrackPointExtension>
            <ns3:hr>124</ns3:hr>
          </ns3:TrackPointExtension>
        </extensions>
      </trkpt>
      <trkpt lat="45.62365642748773097991943359375" lon="126.6088105179369449615478515625">
        <ele>156</ele>
        <time>2026-07-11T03:11:54.000Z</time>
        <extensions>
          <ns3:TrackPointExtension>
            <ns3:hr>127</ns3:hr>
          </ns3:TrackPointExtension>
        </extensions>
      </trkpt>
      <trkpt lat="45.62365441583096981048583984375" lon="126.60880364477634429931640625">
        <ele>156</ele>
        <time>2026-07-11T03:11:59.000Z</time>
        <extensions>
          <ns3:TrackPointExtension>
            <ns3:hr>128</ns3:hr>
          </ns3:TrackPointExtension>
        </extensions>
      </trkpt>
      <trkpt lat="45.62365441583096981048583984375" lon="126.60880364477634429931640625">
        <ele>156</ele>
        <time>2026-07-11T03:12:06.000Z</time>
        <extensions>
          <ns3:TrackPointExtension>
            <ns3:hr>125</ns3:hr>
          </ns3:TrackPointExtension>
        </extensions>
      </trkpt>
      <trkpt lat="45.6236533261835575103759765625" lon="126.60880289040505886077880859375">
        <ele>156</ele>
        <time>2026-07-11T03:12:07.000Z</time>
        <extensions>
          <ns3:TrackPointExtension>
            <ns3:hr>123</ns3:hr>
          </ns3:TrackPointExtension>
        </extensions>
      </trkpt>
      <trkpt lat="45.623634718358516693115234375" lon="126.6087910719215869903564453125">
        <ele>156</ele>
        <time>2026-07-11T03:12:09.000Z</time>
        <extensions>
          <ns3:TrackPointExtension>
            <ns3:hr>120</ns3:hr>
          </ns3:TrackPointExtension>
        </extensions>
      </trkpt>
      <trkpt lat="45.62363564036786556243896484375" lon="126.60879165865480899810791015625">
        <ele>156</ele>
        <time>2026-07-11T03:12:11.000Z</time>
        <extensions>
          <ns3:TrackPointExtension>
            <ns3:hr>116</ns3:hr>
          </ns3:TrackPointExtension>
        </extensions>
      </trkpt>
      <trkpt lat="45.62363765202462673187255859375" lon="126.6087935864925384521484375">
        <ele>156</ele>
        <time>2026-07-11T03:12:12.000Z</time>
        <extensions>
          <ns3:TrackPointExtension>
            <ns3:hr>115</ns3:hr>
          </ns3:TrackPointExtension>
        </extensions>
      </trkpt>
      <trkpt lat="45.6236363947391510009765625" lon="126.6088410280644893646240234375">
        <ele>156.1999969482421875</ele>
        <time>2026-07-11T03:12:20.000Z</time>
        <extensions>
          <ns3:TrackPointExtension>
            <ns3:hr>113</ns3:hr>
          </ns3:TrackPointExtension>
        </extensions>
      </trkpt>
      <trkpt lat="45.6235993467271327972412109375" lon="126.6089989431202411651611328125">
        <ele>155.600006103515625</ele>
        <time>2026-07-11T03:12:25.000Z</time>
        <extensions>
          <ns3:TrackPointExtension>
            <ns3:hr>112</ns3:hr>
          </ns3:TrackPointExtension>
        </extensions>
      </trkpt>
      <trkpt lat="45.6235671602189540863037109375" lon="126.60922869108617305755615234375">
        <ele>155.8000030517578125</ele>
        <time>2026-07-11T03:12:31.000Z</time>
        <extensions>
          <ns3:TrackPointExtension>
            <ns3:hr>114</ns3:hr>
          </ns3:TrackPointExtension>
        </extensions>
      </trkpt>
      <trkpt lat="45.62345358543097972869873046875" lon="126.6092862747609615325927734375">
        <ele>155.600006103515625</ele>
        <time>2026-07-11T03:12:35.000Z</time>
        <extensions>
          <ns3:TrackPointExtension>
            <ns3:hr>112</ns3:hr>
          </ns3:TrackPointExtension>
        </extensions>
      </trkpt>
      <trkpt lat="45.623267590999603271484375" lon="126.60932173021137714385986328125">
        <ele>156</ele>
        <time>2026-07-11T03:12:42.000Z</time>
        <extensions>
          <ns3:TrackPointExtension>
            <ns3:hr>112</ns3:hr>
          </ns3:TrackPointExtension>
        </extensions>
      </trkpt>
      <trkpt lat="45.62313222326338291168212890625" lon="126.6093483008444309234619140625">
        <ele>156.1999969482421875</ele>
        <time>2026-07-11T03:12:46.000Z</time>
        <extensions>
          <ns3:TrackPointExtension>
            <ns3:hr>113</ns3:hr>
          </ns3:TrackPointExtension>
        </extensions>
      </trkpt>
      <trkpt lat="45.62307137064635753631591796875" lon="126.609363555908203125">
        <ele>156.1999969482421875</ele>
        <time>2026-07-11T03:12:48.000Z</time>
        <extensions>
          <ns3:TrackPointExtension>
            <ns3:hr>118</ns3:hr>
          </ns3:TrackPointExtension>
        </extensions>
      </trkpt>
      <trkpt lat="45.623041950166225433349609375" lon="126.60937093198299407958984375">
        <ele>156</ele>
        <time>2026-07-11T03:12:49.000Z</time>
        <extensions>
          <ns3:TrackPointExtension>
            <ns3:hr>126</ns3:hr>
          </ns3:TrackPointExtension>
        </extensions>
      </trkpt>
      <trkpt lat="45.62301588244736194610595703125" lon="126.60937537439167499542236328125">
        <ele>156</ele>
        <time>2026-07-11T03:12:50.000Z</time>
        <extensions>
          <ns3:TrackPointExtension>
            <ns3:hr>133</ns3:hr>
          </ns3:TrackPointExtension>
        </extensions>
      </trkpt>
      <trkpt lat="45.6229857914149761199951171875" lon="126.60938174463808536529541015625">
        <ele>156</ele>
        <time>2026-07-11T03:12:51.000Z</time>
        <extensions>
          <ns3:TrackPointExtension>
            <ns3:hr>133</ns3:hr>
          </ns3:TrackPointExtension>
        </extensions>
      </trkpt>
      <trkpt lat="45.62293558381497859954833984375" lon="126.60939314402639865875244140625">
        <ele>156</ele>
        <time>2026-07-11T03:12:53.000Z</time>
        <extensions>
          <ns3:TrackPointExtension>
            <ns3:hr>132</ns3:hr>
          </ns3:TrackPointExtension>
        </extensions>
      </trkpt>
      <trkpt lat="45.62279359437525272369384765625" lon="126.60936011932790279388427734375">
        <ele>155.8000030517578125</ele>
        <time>2026-07-11T03:12:59.000Z</time>
        <extensions>
          <ns3:TrackPointExtension>
            <ns3:hr>130</ns3:hr>
          </ns3:TrackPointExtension>
        </extensions>
      </trkpt>
      <trkpt lat="45.62267909757792949676513671875" lon="126.60931301303207874298095703125">
        <ele>155.8000030517578125</ele>
        <time>2026-07-11T03:13:04.000Z</time>
        <extensions>
          <ns3:TrackPointExtension>
            <ns3:hr>127</ns3:hr>
          </ns3:TrackPointExtension>
        </extensions>
      </trkpt>
      <trkpt lat="45.6226401217281818389892578125" lon="126.60929658450186252593994140625">
        <ele>155.8000030517578125</ele>
        <time>2026-07-11T03:13:06.000Z</time>
        <extensions>
          <ns3:TrackPointExtension>
            <ns3:hr>123</ns3:hr>
          </ns3:TrackPointExtension>
        </extensions>
      </trkpt>
      <trkpt lat="45.6225975416600704193115234375" lon="126.60928183235228061676025390625">
        <ele>155.8000030517578125</ele>
        <time>2026-07-11T03:13:08.000Z</time>
        <extensions>
          <ns3:TrackPointExtension>
            <ns3:hr>121</ns3:hr>
          </ns3:TrackPointExtension>
        </extensions>
      </trkpt>
      <trkpt lat="45.62245798297226428985595703125" lon="126.60921947099268436431884765625">
        <ele>156</ele>
        <time>2026-07-11T03:13:14.000Z</time>
        <extensions>
          <ns3:TrackPointExtension>
            <ns3:hr>118</ns3:hr>
          </ns3:TrackPointExtension>
        </extensions>
      </trkpt>
      <trkpt lat="45.62243317253887653350830078125" lon="126.6092093288898468017578125">
        <ele>156</ele>
        <time>2026-07-11T03:13:15.000Z</time>
        <extensions>
          <ns3:TrackPointExtension>
            <ns3:hr>117</ns3:hr>
          </ns3:TrackPointExtension>
        </extensions>
      </trkpt>
      <trkpt lat="45.6222783587872982025146484375" lon="126.60914520733058452606201171875">
        <ele>156.1999969482421875</ele>
        <time>2026-07-11T03:13:22.000Z</time>
        <extensions>
          <ns3:TrackPointExtension>
            <ns3:hr>116</ns3:hr>
          </ns3:TrackPointExtension>
        </extensions>
      </trkpt>
      <trkpt lat="45.62215757556259632110595703125" lon="126.6091095842421054840087890625">
        <ele>156.1999969482421875</ele>
        <time>2026-07-11T03:13:27.000Z</time>
        <extensions>
          <ns3:TrackPointExtension>
            <ns3:hr>117</ns3:hr>
          </ns3:TrackPointExtension>
        </extensions>
      </trkpt>
      <trkpt lat="45.6220108084380626678466796875" lon="126.609097681939601898193359375">
        <ele>156.399993896484375</ele>
        <time>2026-07-11T03:13:33.000Z</time>
        <extensions>
          <ns3:TrackPointExtension>
            <ns3:hr>118</ns3:hr>
          </ns3:TrackPointExtension>
        </extensions>
      </trkpt>
      <trkpt lat="45.62182850204408168792724609375" lon="126.60904697142541408538818359375">
        <ele>156.1999969482421875</ele>
        <time>2026-07-11T03:13:40.000Z</time>
        <extensions>
          <ns3:TrackPointExtension>
            <ns3:hr>119</ns3:hr>
          </ns3:TrackPointExtension>
        </extensions>
      </trkpt>
      <trkpt lat="45.6216477043926715850830078125" lon="126.60896860063076019287109375">
        <ele>156</ele>
        <time>2026-07-11T03:13:46.000Z</time>
        <extensions>
          <ns3:TrackPointExtension>
            <ns3:hr>119</ns3:hr>
          </ns3:TrackPointExtension>
        </extensions>
      </trkpt>
      <trkpt lat="45.62151283957064151763916015625" lon="126.6089221648871898651123046875">
        <ele>156</ele>
        <time>2026-07-11T03:13:50.000Z</time>
        <extensions>
          <ns3:TrackPointExtension>
            <ns3:hr>115</ns3:hr>
          </ns3:TrackPointExtension>
        </extensions>
      </trkpt>
      <trkpt lat="45.62147646211087703704833984375" lon="126.60891151987016201019287109375">
        <ele>156</ele>
        <time>2026-07-11T03:13:51.000Z</time>
        <extensions>
          <ns3:TrackPointExtension>
            <ns3:hr>114</ns3:hr>
          </ns3:TrackPointExtension>
        </extensions>
      </trkpt>
      <trkpt lat="45.62130865640938282012939453125" lon="126.60884278826415538787841796875">
        <ele>155.8000030517578125</ele>
        <time>2026-07-11T03:13:56.000Z</time>
        <extensions>
          <ns3:TrackPointExtension>
            <ns3:hr>111</ns3:hr>
          </ns3:TrackPointExtension>
        </extensions>
      </trkpt>
      <trkpt lat="45.621202290058135986328125" lon="126.60880741663277149200439453125">
        <ele>156</ele>
        <time>2026-07-11T03:13:59.000Z</time>
        <extensions>
          <ns3:TrackPointExtension>
            <ns3:hr>111</ns3:hr>
          </ns3:TrackPointExtension>
        </extensions>
      </trkpt>
      <trkpt lat="45.62095410190522670745849609375" lon="126.608717478811740875244140625">
        <ele>156.600006103515625</ele>
        <time>2026-07-11T03:14:06.000Z</time>
        <extensions>
          <ns3:TrackPointExtension>
            <ns3:hr>114</ns3:hr>
          </ns3:TrackPointExtension>
        </extensions>
      </trkpt>
      <trkpt lat="45.62088218517601490020751953125" lon="126.60869208164513111114501953125">
        <ele>156.600006103515625</ele>
        <time>2026-07-11T03:14:08.000Z</time>
        <extensions>
          <ns3:TrackPointExtension>
            <ns3:hr>115</ns3:hr>
          </ns3:TrackPointExtension>
        </extensions>
      </trkpt>
      <trkpt lat="45.62069660983979701995849609375" lon="126.6086194105446338653564453125">
        <ele>156.399993896484375</ele>
        <time>2026-07-11T03:14:14.000Z</time>
        <extensions>
          <ns3:TrackPointExtension>
            <ns3:hr>118</ns3:hr>
          </ns3:TrackPointExtension>
        </extensions>
      </trkpt>
      <trkpt lat="45.62063835561275482177734375" lon="126.6085942648351192474365234375">
        <ele>156.600006103515625</ele>
        <time>2026-07-11T03:14:16.000Z</time>
        <extensions>
          <ns3:TrackPointExtension>
            <ns3:hr>122</ns3:hr>
          </ns3:TrackPointExtension>
        </extensions>
      </trkpt>
      <trkpt lat="45.62049217522144317626953125" lon="126.60851438529789447784423828125">
        <ele>156.399993896484375</ele>
        <time>2026-07-11T03:14:21.000Z</time>
        <extensions>
          <ns3:TrackPointExtension>
            <ns3:hr>123</ns3:hr>
          </ns3:TrackPointExtension>
        </extensions>
      </trkpt>
      <trkpt lat="45.62026779167354106903076171875" lon="126.60840340889990329742431640625">
        <ele>156.600006103515625</ele>
        <time>2026-07-11T03:14:29.000Z</time>
        <extensions>
          <ns3:TrackPointExtension>
            <ns3:hr>124</ns3:hr>
          </ns3:TrackPointExtension>
        </extensions>
      </trkpt>
      <trkpt lat="45.6200296618044376373291015625" lon="126.6082006506621837615966796875">
        <ele>156.399993896484375</ele>
        <time>2026-07-11T03:14:38.000Z</time>
        <extensions>
          <ns3:TrackPointExtension>
            <ns3:hr>124</ns3:hr>
          </ns3:TrackPointExtension>
        </extensions>
      </trkpt>
      <trkpt lat="45.619897060096263885498046875" lon="126.60806930623948574066162109375">
        <ele>156.600006103515625</ele>
        <time>2026-07-11T03:14:43.000Z</time>
        <extensions>
          <ns3:TrackPointExtension>
            <ns3:hr>121</ns3:hr>
          </ns3:TrackPointExtension>
        </extensions>
      </trkpt>
      <trkpt lat="45.619872249662876129150390625" lon="126.60803762264549732208251953125">
        <ele>156.600006103515625</ele>
        <time>2026-07-11T03:14:44.000Z</time>
        <extensions>
          <ns3:TrackPointExtension>
            <ns3:hr>111</ns3:hr>
          </ns3:TrackPointExtension>
        </extensions>
      </trkpt>
      <trkpt lat="45.619843415915966033935546875" lon="126.60800945945084095001220703125">
        <ele>156.399993896484375</ele>
        <time>2026-07-11T03:14:45.000Z</time>
        <extensions>
          <ns3:TrackPointExtension>
            <ns3:hr>101</ns3:hr>
          </ns3:TrackPointExtension>
        </extensions>
      </trkpt>
      <trkpt lat="45.61981382779777050018310546875" lon="126.60798246972262859344482421875">
        <ele>156.399993896484375</ele>
        <time>2026-07-11T03:14:46.000Z</time>
        <extensions>
          <ns3:TrackPointExtension>
            <ns3:hr>92</ns3:hr>
          </ns3:TrackPointExtension>
        </extensions>
      </trkpt>
      <trkpt lat="45.6197855807840824127197265625" lon="126.60794910974800586700439453125">
        <ele>156.399993896484375</ele>
        <time>2026-07-11T03:14:47.000Z</time>
        <extensions>
          <ns3:TrackPointExtension>
            <ns3:hr>89</ns3:hr>
          </ns3:TrackPointExtension>
        </extensions>
      </trkpt>
      <trkpt lat="45.61960511840879917144775390625" lon="126.60776118747889995574951171875">
        <ele>156.1999969482421875</ele>
        <time>2026-07-11T03:14:53.000Z</time>
        <extensions>
          <ns3:TrackPointExtension>
            <ns3:hr>87</ns3:hr>
          </ns3:TrackPointExtension>
        </extensions>
      </trkpt>
      <trkpt lat="45.61932264827191829681396484375" lon="126.60748810507357120513916015625">
        <ele>156.600006103515625</ele>
        <time>2026-07-11T03:15:02.000Z</time>
        <extensions>
          <ns3:TrackPointExtension>
            <ns3:hr>90</ns3:hr>
          </ns3:TrackPointExtension>
        </extensions>
      </trkpt>
      <trkpt lat="45.61928895302116870880126953125" lon="126.60746849142014980316162109375">
        <ele>156.600006103515625</ele>
        <time>2026-07-11T03:15:03.000Z</time>
        <extensions>
          <ns3:TrackPointExtension>
            <ns3:hr>90</ns3:hr>
          </ns3:TrackPointExtension>
        </extensions>
      </trkpt>
      <trkpt lat="45.61922223307192325592041015625" lon="126.60743814893066883087158203125">
        <ele>156.8000030517578125</ele>
        <time>2026-07-11T03:15:05.000Z</time>
        <extensions>
          <ns3:TrackPointExtension>
            <ns3:hr>114</ns3:hr>
          </ns3:TrackPointExtension>
        </extensions>
      </trkpt>
      <trkpt lat="45.619188286364078521728515625" lon="126.60742641426622867584228515625">
        <ele>156.8000030517578125</ele>
        <time>2026-07-11T03:15:06.000Z</time>
        <extensions>
          <ns3:TrackPointExtension>
            <ns3:hr>117</ns3:hr>
          </ns3:TrackPointExtension>
        </extensions>
      </trkpt>
      <trkpt lat="45.61915098689496517181396484375" lon="126.6074176132678985595703125">
        <ele>156.8000030517578125</ele>
        <time>2026-07-11T03:15:07.000Z</time>
        <extensions>
          <ns3:TrackPointExtension>
            <ns3:hr>117</ns3:hr>
          </ns3:TrackPointExtension>
        </extensions>
      </trkpt>
      <trkpt lat="45.6190764717757701873779296875" lon="126.60742054693400859832763671875">
        <ele>156.8000030517578125</ele>
        <time>2026-07-11T03:15:09.000Z</time>
        <extensions>
          <ns3:TrackPointExtension>
            <ns3:hr>117</ns3:hr>
          </ns3:TrackPointExtension>
        </extensions>
      </trkpt>
      <trkpt lat="45.61879240907728672027587890625" lon="126.607444100081920623779296875">
        <ele>156.600006103515625</ele>
        <time>2026-07-11T03:15:16.000Z</time>
        <extensions>
          <ns3:TrackPointExtension>
            <ns3:hr>114</ns3:hr>
          </ns3:TrackPointExtension>
        </extensions>
      </trkpt>
      <trkpt lat="45.61842327006161212921142578125" lon="126.60743261687457561492919921875">
        <ele>156.8000030517578125</ele>
        <time>2026-07-11T03:15:25.000Z</time>
        <extensions>
          <ns3:TrackPointExtension>
            <ns3:hr>115</ns3:hr>
          </ns3:TrackPointExtension>
        </extensions>
      </trkpt>
      <trkpt lat="45.61809821985661983489990234375" lon="126.607445776462554931640625">
        <ele>156.8000030517578125</ele>
        <time>2026-07-11T03:15:33.000Z</time>
        <extensions>
          <ns3:TrackPointExtension>
            <ns3:hr>115</ns3:hr>
          </ns3:TrackPointExtension>
        </extensions>
      </trkpt>
      <trkpt lat="45.6178319267928600311279296875" lon="126.607517190277576446533203125">
        <ele>156.1999969482421875</ele>
        <time>2026-07-11T03:15:40.000Z</time>
        <extensions>
          <ns3:TrackPointExtension>
            <ns3:hr>115</ns3:hr>
          </ns3:TrackPointExtension>
        </extensions>
      </trkpt>
      <trkpt lat="45.617644004523754119873046875" lon="126.60753504373133182525634765625">
        <ele>157.399993896484375</ele>
        <time>2026-07-11T03:15:45.000Z</time>
        <extensions>
          <ns3:TrackPointExtension>
            <ns3:hr>117</ns3:hr>
          </ns3:TrackPointExtension>
        </extensions>
      </trkpt>
      <trkpt lat="45.61752967536449432373046875" lon="126.60752330906689167022705078125">
        <ele>157.1999969482421875</ele>
        <time>2026-07-11T03:15:48.000Z</time>
        <extensions>
          <ns3:TrackPointExtension>
            <ns3:hr>116</ns3:hr>
          </ns3:TrackPointExtension>
        </extensions>
      </trkpt>
      <trkpt lat="45.617291964590549468994140625" lon="126.6074761189520359039306640625">
        <ele>156.8000030517578125</ele>
        <time>2026-07-11T03:15:54.000Z</time>
        <extensions>
          <ns3:TrackPointExtension>
            <ns3:hr>115</ns3:hr>
          </ns3:TrackPointExtension>
        </extensions>
      </trkpt>
      <trkpt lat="45.61695962212979793548583984375" lon="126.60731795243918895721435546875">
        <ele>156.600006103515625</ele>
        <time>2026-07-11T03:16:02.000Z</time>
        <extensions>
          <ns3:TrackPointExtension>
            <ns3:hr>115</ns3:hr>
          </ns3:TrackPointExtension>
        </extensions>
      </trkpt>
      <trkpt lat="45.616789720952510833740234375" lon="126.60716339014470577239990234375">
        <ele>157.1999969482421875</ele>
        <time>2026-07-11T03:16:07.000Z</time>
        <extensions>
          <ns3:TrackPointExtension>
            <ns3:hr>116</ns3:hr>
          </ns3:TrackPointExtension>
        </extensions>
      </trkpt>
      <trkpt lat="45.61660624109208583831787109375" lon="126.60697731189429759979248046875">
        <ele>157</ele>
        <time>2026-07-11T03:16:13.000Z</time>
        <extensions>
          <ns3:TrackPointExtension>
            <ns3:hr>115</ns3:hr>
          </ns3:TrackPointExtension>
        </extensions>
      </trkpt>
      <trkpt lat="45.6164720468223094940185546875" lon="126.60695535130798816680908203125">
        <ele>157.1999969482421875</ele>
        <time>2026-07-11T03:16:17.000Z</time>
        <extensions>
          <ns3:TrackPointExtension>
            <ns3:hr>114</ns3:hr>
          </ns3:TrackPointExtension>
        </extensions>
      </trkpt>
      <trkpt lat="45.61627306044101715087890625" lon="126.6070650704205036163330078125">
        <ele>157.1999969482421875</ele>
        <time>2026-07-11T03:16:23.000Z</time>
        <extensions>
          <ns3:TrackPointExtension>
            <ns3:hr>115</ns3:hr>
          </ns3:TrackPointExtension>
        </extensions>
      </trkpt>
      <trkpt lat="45.61616451479494571685791015625" lon="126.60714779980480670928955078125">
        <ele>157.1999969482421875</ele>
        <time>2026-07-11T03:16:26.000Z</time>
        <extensions>
          <ns3:TrackPointExtension>
            <ns3:hr>116</ns3:hr>
          </ns3:TrackPointExtension>
        </extensions>
      </trkpt>
      <trkpt lat="45.61604666523635387420654296875" lon="126.60724955610930919647216796875">
        <ele>157.399993896484375</ele>
        <time>2026-07-11T03:16:29.000Z</time>
        <extensions>
          <ns3:TrackPointExtension>
            <ns3:hr>116</ns3:hr>
          </ns3:TrackPointExtension>
        </extensions>
      </trkpt>
      <trkpt lat="45.61588321812450885772705078125" lon="126.60743731074035167694091796875">
        <ele>158.1999969482421875</ele>
        <time>2026-07-11T03:16:34.000Z</time>
        <extensions>
          <ns3:TrackPointExtension>
            <ns3:hr>119</ns3:hr>
          </ns3:TrackPointExtension>
        </extensions>
      </trkpt>
      <trkpt lat="45.61585455201566219329833984375" lon="126.60747117362916469573974609375">
        <ele>158.399993896484375</ele>
        <time>2026-07-11T03:16:35.000Z</time>
        <extensions>
          <ns3:TrackPointExtension>
            <ns3:hr>120</ns3:hr>
          </ns3:TrackPointExtension>
        </extensions>
      </trkpt>
      <trkpt lat="45.6157632730901241302490234375" lon="126.60759774036705493927001953125">
        <ele>158.8000030517578125</ele>
        <time>2026-07-11T03:16:38.000Z</time>
        <extensions>
          <ns3:TrackPointExtension>
            <ns3:hr>121</ns3:hr>
          </ns3:TrackPointExtension>
        </extensions>
      </trkpt>
      <trkpt lat="45.61563176102936267852783203125" lon="126.60776537843048572540283203125">
        <ele>159.399993896484375</ele>
        <time>2026-07-11T03:16:43.000Z</time>
        <extensions>
          <ns3:TrackPointExtension>
            <ns3:hr>122</ns3:hr>
          </ns3:TrackPointExtension>
        </extensions>
      </trkpt>
      <trkpt lat="45.61558197252452373504638671875" lon="126.6077651269733905792236328125">
        <ele>159.600006103515625</ele>
        <time>2026-07-11T03:16:46.000Z</time>
        <extensions>
          <ns3:TrackPointExtension>
            <ns3:hr>122</ns3:hr>
          </ns3:TrackPointExtension>
        </extensions>
      </trkpt>
      <trkpt lat="45.61553855426609516143798828125" lon="126.6077269054949283599853515625">
        <ele>159.399993896484375</ele>
        <time>2026-07-11T03:16:48.000Z</time>
        <extensions>
          <ns3:TrackPointExtension>
            <ns3:hr>123</ns3:hr>
          </ns3:TrackPointExtension>
        </extensions>
      </trkpt>
      <trkpt lat="45.61544434167444705963134765625" lon="126.60768675617873668670654296875">
        <ele>159.1999969482421875</ele>
        <time>2026-07-11T03:16:51.000Z</time>
        <extensions>
          <ns3:TrackPointExtension>
            <ns3:hr>126</ns3:hr>
          </ns3:TrackPointExtension>
        </extensions>
      </trkpt>
      <trkpt lat="45.6153361313045024871826171875" lon="126.60762405954301357269287109375">
        <ele>159.1999969482421875</ele>
        <time>2026-07-11T03:16:54.000Z</time>
        <extensions>
          <ns3:TrackPointExtension>
            <ns3:hr>127</ns3:hr>
          </ns3:TrackPointExtension>
        </extensions>
      </trkpt>
      <trkpt lat="45.61504670418798923492431640625" lon="126.60749950446188449859619140625">
        <ele>159</ele>
        <time>2026-07-11T03:17:02.000Z</time>
        <extensions>
          <ns3:TrackPointExtension>
            <ns3:hr>130</ns3:hr>
          </ns3:TrackPointExtension>
        </extensions>
      </trkpt>
      <trkpt lat="45.61492365784943103790283203125" lon="126.60747871734201908111572265625">
        <ele>158.8000030517578125</ele>
        <time>2026-07-11T03:17:05.000Z</time>
        <extensions>
          <ns3:TrackPointExtension>
            <ns3:hr>131</ns3:hr>
          </ns3:TrackPointExtension>
        </extensions>
      </trkpt>
      <trkpt lat="45.61480245552957057952880859375" lon="126.6075022704899311065673828125">
        <ele>158.600006103515625</ele>
        <time>2026-07-11T03:17:08.000Z</time>
        <extensions>
          <ns3:TrackPointExtension>
            <ns3:hr>131</ns3:hr>
          </ns3:TrackPointExtension>
        </extensions>
      </trkpt>
      <trkpt lat="45.61464621685445308685302734375" lon="126.60755784250795841217041015625">
        <ele>158.600006103515625</ele>
        <time>2026-07-11T03:17:12.000Z</time>
        <extensions>
          <ns3:TrackPointExtension>
            <ns3:hr>128</ns3:hr>
          </ns3:TrackPointExtension>
        </extensions>
      </trkpt>
      <trkpt lat="45.61448536813259124755859375" lon="126.60763126797974109649658203125">
        <ele>158.399993896484375</ele>
        <time>2026-07-11T03:17:16.000Z</time>
        <extensions>
          <ns3:TrackPointExtension>
            <ns3:hr>125</ns3:hr>
          </ns3:TrackPointExtension>
        </extensions>
      </trkpt>
      <trkpt lat="45.614444129168987274169921875" lon="126.60764551721513271331787109375">
        <ele>158.399993896484375</ele>
        <time>2026-07-11T03:17:17.000Z</time>
        <extensions>
          <ns3:TrackPointExtension>
            <ns3:hr>123</ns3:hr>
          </ns3:TrackPointExtension>
        </extensions>
      </trkpt>
      <trkpt lat="45.61427338980138301849365234375" lon="126.6076880134642124176025390625">
        <ele>158.399993896484375</ele>
        <time>2026-07-11T03:17:21.000Z</time>
        <extensions>
          <ns3:TrackPointExtension>
            <ns3:hr>120</ns3:hr>
          </ns3:TrackPointExtension>
        </extensions>
      </trkpt>
      <trkpt lat="45.61414481140673160552978515625" lon="126.6077153384685516357421875">
        <ele>158.399993896484375</ele>
        <time>2026-07-11T03:17:24.000Z</time>
        <extensions>
          <ns3:TrackPointExtension>
            <ns3:hr>120</ns3:hr>
          </ns3:TrackPointExtension>
        </extensions>
      </trkpt>
      <trkpt lat="45.61384088359773159027099609375" lon="126.60786755383014678955078125">
        <ele>158.8000030517578125</ele>
        <time>2026-07-11T03:17:32.000Z</time>
        <extensions>
          <ns3:TrackPointExtension>
            <ns3:hr>120</ns3:hr>
          </ns3:TrackPointExtension>
        </extensions>
      </trkpt>
      <trkpt lat="45.61358951032161712646484375" lon="126.6079931147396564483642578125">
        <ele>158.600006103515625</ele>
        <time>2026-07-11T03:17:39.000Z</time>
        <extensions>
          <ns3:TrackPointExtension>
            <ns3:hr>120</ns3:hr>
          </ns3:TrackPointExtension>
        </extensions>
      </trkpt>
      <trkpt lat="45.6132383085787296295166015625" lon="126.60814574919641017913818359375">
        <ele>158.1999969482421875</ele>
        <time>2026-07-11T03:17:47.000Z</time>
        <extensions>
          <ns3:TrackPointExtension>
            <ns3:hr>119</ns3:hr>
          </ns3:TrackPointExtension>
        </extensions>
      </trkpt>
      <trkpt lat="45.6131484545767307281494140625" lon="126.6081900894641876220703125">
        <ele>158.1999969482421875</ele>
        <time>2026-07-11T03:17:49.000Z</time>
        <extensions>
          <ns3:TrackPointExtension>
            <ns3:hr>119</ns3:hr>
          </ns3:TrackPointExtension>
        </extensions>
      </trkpt>
      <trkpt lat="45.61299313791096210479736328125" lon="126.6082920134067535400390625">
        <ele>158.399993896484375</ele>
        <time>2026-07-11T03:17:53.000Z</time>
        <extensions>
          <ns3:TrackPointExtension>
            <ns3:hr>121</ns3:hr>
          </ns3:TrackPointExtension>
        </extensions>
      </trkpt>
      <trkpt lat="45.61292423866689205169677734375" lon="126.608365438878536224365234375">
        <ele>158.399993896484375</ele>
        <time>2026-07-11T03:17:55.000Z</time>
        <extensions>
          <ns3:TrackPointExtension>
            <ns3:hr>121</ns3:hr>
          </ns3:TrackPointExtension>
        </extensions>
      </trkpt>
      <trkpt lat="45.61282617039978504180908203125" lon="126.60846610553562641143798828125">
        <ele>158.399993896484375</ele>
        <time>2026-07-11T03:17:58.000Z</time>
        <extensions>
          <ns3:TrackPointExtension>
            <ns3:hr>122</ns3:hr>
          </ns3:TrackPointExtension>
        </extensions>
      </trkpt>
      <trkpt lat="45.61265501193702220916748046875" lon="126.60859686322510242462158203125">
        <ele>158.600006103515625</ele>
        <time>2026-07-11T03:18:03.000Z</time>
        <extensions>
          <ns3:TrackPointExtension>
            <ns3:hr>117</ns3:hr>
          </ns3:TrackPointExtension>
        </extensions>
      </trkpt>
      <trkpt lat="45.61261846683919429779052734375" lon="126.6086059994995594024658203125">
        <ele>158.600006103515625</ele>
        <time>2026-07-11T03:18:04.000Z</time>
        <extensions>
          <ns3:TrackPointExtension>
            <ns3:hr>116</ns3:hr>
          </ns3:TrackPointExtension>
        </extensions>
      </trkpt>
      <trkpt lat="45.61253682710230350494384765625" lon="126.608598120510578155517578125">
        <ele>158.600006103515625</ele>
        <time>2026-07-11T03:18:06.000Z</time>
        <extensions>
          <ns3:TrackPointExtension>
            <ns3:hr>116</ns3:hr>
          </ns3:TrackPointExtension>
        </extensions>
      </trkpt>
      <trkpt lat="45.61240556649863719940185546875" lon="126.60858127288520336151123046875">
        <ele>158.1999969482421875</ele>
        <time>2026-07-11T03:18:09.000Z</time>
        <extensions>
          <ns3:TrackPointExtension>
            <ns3:hr>117</ns3:hr>
          </ns3:TrackPointExtension>
        </extensions>
      </trkpt>
      <trkpt lat="45.61216056346893310546875" lon="126.6086375154554843902587890625">
        <ele>157.600006103515625</ele>
        <time>2026-07-11T03:18:15.000Z</time>
        <extensions>
          <ns3:TrackPointExtension>
            <ns3:hr>116</ns3:hr>
          </ns3:TrackPointExtension>
        </extensions>
      </trkpt>
      <trkpt lat="45.61204724013805389404296875" lon="126.60873332060873508453369140625">
        <ele>157.8000030517578125</ele>
        <time>2026-07-11T03:18:18.000Z</time>
        <extensions>
          <ns3:TrackPointExtension>
            <ns3:hr>113</ns3:hr>
          </ns3:TrackPointExtension>
        </extensions>
      </trkpt>
      <trkpt lat="45.6119713000953197479248046875" lon="126.60880339331924915313720703125">
        <ele>158</ele>
        <time>2026-07-11T03:18:20.000Z</time>
        <extensions>
          <ns3:TrackPointExtension>
            <ns3:hr>112</ns3:hr>
          </ns3:TrackPointExtension>
        </extensions>
      </trkpt>
      <trkpt lat="45.61193668283522129058837890625" lon="126.608846224844455718994140625">
        <ele>158</ele>
        <time>2026-07-11T03:18:21.000Z</time>
        <extensions>
          <ns3:TrackPointExtension>
            <ns3:hr>112</ns3:hr>
          </ns3:TrackPointExtension>
        </extensions>
      </trkpt>
      <trkpt lat="45.6118346750736236572265625" lon="126.608958877623081207275390625">
        <ele>158</ele>
        <time>2026-07-11T03:18:24.000Z</time>
        <extensions>
          <ns3:TrackPointExtension>
            <ns3:hr>115</ns3:hr>
          </ns3:TrackPointExtension>
        </extensions>
      </trkpt>
      <trkpt lat="45.61176015995442867279052734375" lon="126.60903087817132472991943359375">
        <ele>158</ele>
        <time>2026-07-11T03:18:26.000Z</time>
        <extensions>
          <ns3:TrackPointExtension>
            <ns3:hr>116</ns3:hr>
          </ns3:TrackPointExtension>
        </extensions>
      </trkpt>
      <trkpt lat="45.611682124435901641845703125" lon="126.6090800799429416656494140625">
        <ele>158.1999969482421875</ele>
        <time>2026-07-11T03:18:28.000Z</time>
        <extensions>
          <ns3:TrackPointExtension>
            <ns3:hr>116</ns3:hr>
          </ns3:TrackPointExtension>
        </extensions>
      </trkpt>
      <trkpt lat="45.611442737281322479248046875" lon="126.60915543325245380401611328125">
        <ele>158.8000030517578125</ele>
        <time>2026-07-11T03:18:34.000Z</time>
        <extensions>
          <ns3:TrackPointExtension>
            <ns3:hr>116</ns3:hr>
          </ns3:TrackPointExtension>
        </extensions>
      </trkpt>
      <trkpt lat="45.61128892935812473297119140625" lon="126.60917789675295352935791015625">
        <ele>159.1999969482421875</ele>
        <time>2026-07-11T03:18:38.000Z</time>
        <extensions>
          <ns3:TrackPointExtension>
            <ns3:hr>114</ns3:hr>
          </ns3:TrackPointExtension>
        </extensions>
      </trkpt>
      <trkpt lat="45.611017607152462005615234375" lon="126.60921460948884487152099609375">
        <ele>158.399993896484375</ele>
        <time>2026-07-11T03:18:46.000Z</time>
        <extensions>
          <ns3:TrackPointExtension>
            <ns3:hr>111</ns3:hr>
          </ns3:TrackPointExtension>
        </extensions>
      </trkpt>
      <trkpt lat="45.6107978336513042449951171875" lon="126.609280072152614593505859375">
        <ele>158.8000030517578125</ele>
        <time>2026-07-11T03:18:52.000Z</time>
        <extensions>
          <ns3:TrackPointExtension>
            <ns3:hr>110</ns3:hr>
          </ns3:TrackPointExtension>
        </extensions>
      </trkpt>
      <trkpt lat="45.61063128523528575897216796875" lon="126.60934008657932281494140625">
        <ele>158.600006103515625</ele>
        <time>2026-07-11T03:18:57.000Z</time>
        <extensions>
          <ns3:TrackPointExtension>
            <ns3:hr>113</ns3:hr>
          </ns3:TrackPointExtension>
        </extensions>
      </trkpt>
      <trkpt lat="45.61057680286467075347900390625" lon="126.6093407571315765380859375">
        <ele>158.600006103515625</ele>
        <time>2026-07-11T03:18:59.000Z</time>
        <extensions>
          <ns3:TrackPointExtension>
            <ns3:hr>113</ns3:hr>
          </ns3:TrackPointExtension>
        </extensions>
      </trkpt>
      <trkpt lat="45.61040832661092281341552734375" lon="126.60929272882640361785888671875">
        <ele>158.399993896484375</ele>
        <time>2026-07-11T03:19:05.000Z</time>
        <extensions>
          <ns3:TrackPointExtension>
            <ns3:hr>114</ns3:hr>
          </ns3:TrackPointExtension>
        </extensions>
      </trkpt>
      <trkpt lat="45.61020615510642528533935546875" lon="126.60918879322707653045654296875">
        <ele>158.8000030517578125</ele>
        <time>2026-07-11T03:19:11.000Z</time>
        <extensions>
          <ns3:TrackPointExtension>
            <ns3:hr>115</ns3:hr>
          </ns3:TrackPointExtension>
        </extensions>
      </trkpt>
      <trkpt lat="45.609923936426639556884765625" lon="126.60903456620872020721435546875">
        <ele>158.399993896484375</ele>
        <time>2026-07-11T03:19:19.000Z</time>
        <extensions>
          <ns3:TrackPointExtension>
            <ns3:hr>117</ns3:hr>
          </ns3:TrackPointExtension>
        </extensions>
      </trkpt>
      <trkpt lat="45.6097722239792346954345703125" lon="126.60897622816264629364013671875">
        <ele>159</ele>
        <time>2026-07-11T03:19:23.000Z</time>
        <extensions>
          <ns3:TrackPointExtension>
            <ns3:hr>117</ns3:hr>
          </ns3:TrackPointExtension>
        </extensions>
      </trkpt>
      <trkpt lat="45.60953627340495586395263671875" lon="126.60883658565580844879150390625">
        <ele>159.399993896484375</ele>
        <time>2026-07-11T03:19:30.000Z</time>
        <extensions>
          <ns3:TrackPointExtension>
            <ns3:hr>120</ns3:hr>
          </ns3:TrackPointExtension>
        </extensions>
      </trkpt>
      <trkpt lat="45.60946636833250522613525390625" lon="126.60879719071090221405029296875">
        <ele>159.399993896484375</ele>
        <time>2026-07-11T03:19:32.000Z</time>
        <extensions>
          <ns3:TrackPointExtension>
            <ns3:hr>123</ns3:hr>
          </ns3:TrackPointExtension>
        </extensions>
      </trkpt>
      <trkpt lat="45.60933628119528293609619140625" lon="126.6086811013519763946533203125">
        <ele>159.1999969482421875</ele>
        <time>2026-07-11T03:19:36.000Z</time>
        <extensions>
          <ns3:TrackPointExtension>
            <ns3:hr>124</ns3:hr>
          </ns3:TrackPointExtension>
        </extensions>
      </trkpt>
      <trkpt lat="45.6091482751071453094482421875" lon="126.60853098146617412567138671875">
        <ele>159</ele>
        <time>2026-07-11T03:19:42.000Z</time>
        <extensions>
          <ns3:TrackPointExtension>
            <ns3:hr>128</ns3:hr>
          </ns3:TrackPointExtension>
        </extensions>
      </trkpt>
      <trkpt lat="45.60911784879863262176513671875" lon="126.60850399173796176910400390625">
        <ele>159</ele>
        <time>2026-07-11T03:19:43.000Z</time>
        <extensions>
          <ns3:TrackPointExtension>
            <ns3:hr>128</ns3:hr>
          </ns3:TrackPointExtension>
        </extensions>
      </trkpt>
      <trkpt lat="45.6089695729315280914306640625" lon="126.608384549617767333984375">
        <ele>159</ele>
        <time>2026-07-11T03:19:48.000Z</time>
        <extensions>
          <ns3:TrackPointExtension>
            <ns3:hr>125</ns3:hr>
          </ns3:TrackPointExtension>
        </extensions>
      </trkpt>
      <trkpt lat="45.608864463865756988525390625" lon="126.60831539891660213470458984375">
        <ele>159</ele>
        <time>2026-07-11T03:19:52.000Z</time>
        <extensions>
          <ns3:TrackPointExtension>
            <ns3:hr>124</ns3:hr>
          </ns3:TrackPointExtension>
        </extensions>
      </trkpt>
      <trkpt lat="45.60876564122736454010009765625" lon="126.60833283327519893646240234375">
        <ele>158.8000030517578125</ele>
        <time>2026-07-11T03:19:56.000Z</time>
        <extensions>
          <ns3:TrackPointExtension>
            <ns3:hr>126</ns3:hr>
          </ns3:TrackPointExtension>
        </extensions>
      </trkpt>
      <trkpt lat="45.60867293737828731536865234375" lon="126.60850482992827892303466796875">
        <ele>158.8000030517578125</ele>
        <time>2026-07-11T03:20:01.000Z</time>
        <extensions>
          <ns3:TrackPointExtension>
            <ns3:hr>127</ns3:hr>
          </ns3:TrackPointExtension>
        </extensions>
      </trkpt>
      <trkpt lat="45.60848660767078399658203125" lon="126.60879165865480899810791015625">
        <ele>159</ele>
        <time>2026-07-11T03:20:09.000Z</time>
        <extensions>
          <ns3:TrackPointExtension>
            <ns3:hr>128</ns3:hr>
          </ns3:TrackPointExtension>
        </extensions>
      </trkpt>
      <trkpt lat="45.6083208136260509490966796875" lon="126.608991734683513641357421875">
        <ele>158.8000030517578125</ele>
        <time>2026-07-11T03:20:15.000Z</time>
        <extensions>
          <ns3:TrackPointExtension>
            <ns3:hr>127</ns3:hr>
          </ns3:TrackPointExtension>
        </extensions>
      </trkpt>
      <trkpt lat="45.6082866154611110687255859375" lon="126.6090304590761661529541015625">
        <ele>159</ele>
        <time>2026-07-11T03:20:16.000Z</time>
        <extensions>
          <ns3:TrackPointExtension>
            <ns3:hr>127</ns3:hr>
          </ns3:TrackPointExtension>
        </extensions>
      </trkpt>
      <trkpt lat="45.60817304067313671112060546875" lon="126.60904076881706714630126953125">
        <ele>159</ele>
        <time>2026-07-11T03:20:19.000Z</time>
        <extensions>
          <ns3:TrackPointExtension>
            <ns3:hr>127</ns3:hr>
          </ns3:TrackPointExtension>
        </extensions>
      </trkpt>
      <trkpt lat="45.608102045953273773193359375" lon="126.609091646969318389892578125">
        <ele>159.1999969482421875</ele>
        <time>2026-07-11T03:20:22.000Z</time>
        <extensions>
          <ns3:TrackPointExtension>
            <ns3:hr>126</ns3:hr>
          </ns3:TrackPointExtension>
        </extensions>
      </trkpt>
      <trkpt lat="45.60809634625911712646484375" lon="126.60913213156163692474365234375">
        <ele>159.399993896484375</ele>
        <time>2026-07-11T03:20:23.000Z</time>
        <extensions>
          <ns3:TrackPointExtension>
            <ns3:hr>127</ns3:hr>
          </ns3:TrackPointExtension>
        </extensions>
      </trkpt>
      <trkpt lat="45.60809492133557796478271484375" lon="126.6091749630868434906005859375">
        <ele>159.399993896484375</ele>
        <time>2026-07-11T03:20:24.000Z</time>
        <extensions>
          <ns3:TrackPointExtension>
            <ns3:hr>131</ns3:hr>
          </ns3:TrackPointExtension>
        </extensions>
      </trkpt>
      <trkpt lat="45.608093999326229095458984375" lon="126.60921645350754261016845703125">
        <ele>159.600006103515625</ele>
        <time>2026-07-11T03:20:25.000Z</time>
        <extensions>
          <ns3:TrackPointExtension>
            <ns3:hr>143</ns3:hr>
          </ns3:TrackPointExtension>
        </extensions>
      </trkpt>
      <trkpt lat="45.60808293521404266357421875" lon="126.6092624701559543609619140625">
        <ele>159.600006103515625</ele>
        <time>2026-07-11T03:20:26.000Z</time>
        <extensions>
          <ns3:TrackPointExtension>
            <ns3:hr>147</ns3:hr>
          </ns3:TrackPointExtension>
        </extensions>
      </trkpt>
      <trkpt lat="45.60806550085544586181640625" lon="126.6093469597399234771728515625">
        <ele>159.8000030517578125</ele>
        <time>2026-07-11T03:20:28.000Z</time>
        <extensions>
          <ns3:TrackPointExtension>
            <ns3:hr>148</ns3:hr>
          </ns3:TrackPointExtension>
        </extensions>
      </trkpt>
      <trkpt lat="45.60798981226980686187744140625" lon="126.60952926613390445709228515625">
        <ele>160.1999969482421875</ele>
        <time>2026-07-11T03:20:33.000Z</time>
        <extensions>
          <ns3:TrackPointExtension>
            <ns3:hr>149</ns3:hr>
          </ns3:TrackPointExtension>
        </extensions>
      </trkpt>
      <trkpt lat="45.60794119723141193389892578125" lon="126.60965147428214550018310546875">
        <ele>160.1999969482421875</ele>
        <time>2026-07-11T03:20:36.000Z</time>
        <extensions>
          <ns3:TrackPointExtension>
            <ns3:hr>143</ns3:hr>
          </ns3:TrackPointExtension>
        </extensions>
      </trkpt>
      <trkpt lat="45.6079265289008617401123046875" lon="126.609689109027385711669921875">
        <ele>160.399993896484375</ele>
        <time>2026-07-11T03:20:37.000Z</time>
        <extensions>
          <ns3:TrackPointExtension>
            <ns3:hr>138</ns3:hr>
          </ns3:TrackPointExtension>
        </extensions>
      </trkpt>
      <trkpt lat="45.60790783725678920745849609375" lon="126.60972255282104015350341796875">
        <ele>160.399993896484375</ele>
        <time>2026-07-11T03:20:38.000Z</time>
        <extensions>
          <ns3:TrackPointExtension>
            <ns3:hr>137</ns3:hr>
          </ns3:TrackPointExtension>
        </extensions>
      </trkpt>
      <trkpt lat="45.60783893801271915435791015625" lon="126.60986244678497314453125">
        <ele>160.1999969482421875</ele>
        <time>2026-07-11T03:20:43.000Z</time>
        <extensions>
          <ns3:TrackPointExtension>
            <ns3:hr>137</ns3:hr>
          </ns3:TrackPointExtension>
        </extensions>
      </trkpt>
      <trkpt lat="45.60781530104577541351318359375" lon="126.60989220254123210906982421875">
        <ele>160.1999969482421875</ele>
        <time>2026-07-11T03:20:44.000Z</time>
        <extensions>
          <ns3:TrackPointExtension>
            <ns3:hr>136</ns3:hr>
          </ns3:TrackPointExtension>
        </extensions>
      </trkpt>
      <trkpt lat="45.607761405408382415771484375" lon="126.60989907570183277130126953125">
        <ele>160</ele>
        <time>2026-07-11T03:20:46.000Z</time>
        <extensions>
          <ns3:TrackPointExtension>
            <ns3:hr>136</ns3:hr>
          </ns3:TrackPointExtension>
        </extensions>
      </trkpt>
      <trkpt lat="45.60772393830120563507080078125" lon="126.60980637185275554656982421875">
        <ele>160.1999969482421875</ele>
        <time>2026-07-11T03:20:49.000Z</time>
        <extensions>
          <ns3:TrackPointExtension>
            <ns3:hr>136</ns3:hr>
          </ns3:TrackPointExtension>
        </extensions>
      </trkpt>
      <trkpt lat="45.60770331881940364837646484375" lon="126.60973562858998775482177734375">
        <ele>160.600006103515625</ele>
        <time>2026-07-11T03:20:51.000Z</time>
        <extensions>
          <ns3:TrackPointExtension>
            <ns3:hr>136</ns3:hr>
          </ns3:TrackPointExtension>
        </extensions>
      </trkpt>
      <trkpt lat="45.6076402030885219573974609375" lon="126.60959531553089618682861328125">
        <ele>161.600006103515625</ele>
        <time>2026-07-11T03:20:55.000Z</time>
        <extensions>
          <ns3:TrackPointExtension>
            <ns3:hr>139</ns3:hr>
          </ns3:TrackPointExtension>
        </extensions>
      </trkpt>
      <trkpt lat="45.6076128780841827392578125" lon="126.60958609543740749359130859375">
        <ele>161.600006103515625</ele>
        <time>2026-07-11T03:20:56.000Z</time>
        <extensions>
          <ns3:TrackPointExtension>
            <ns3:hr>139</ns3:hr>
          </ns3:TrackPointExtension>
        </extensions>
      </trkpt>
      <trkpt lat="45.60755127109587192535400390625" lon="126.60952373407781124114990234375">
        <ele>162.1999969482421875</ele>
        <time>2026-07-11T03:20:59.000Z</time>
        <extensions>
          <ns3:TrackPointExtension>
            <ns3:hr>141</ns3:hr>
          </ns3:TrackPointExtension>
        </extensions>
      </trkpt>
      <trkpt lat="45.6074894964694976806640625" lon="126.60948693752288818359375">
        <ele>162.600006103515625</ele>
        <time>2026-07-11T03:21:02.000Z</time>
        <extensions>
          <ns3:TrackPointExtension>
            <ns3:hr>141</ns3:hr>
          </ns3:TrackPointExtension>
        </extensions>
      </trkpt>
      <trkpt lat="45.6074385344982147216796875" lon="126.609504707157611846923828125">
        <ele>162.8000030517578125</ele>
        <time>2026-07-11T03:21:04.000Z</time>
        <extensions>
          <ns3:TrackPointExtension>
            <ns3:hr>143</ns3:hr>
          </ns3:TrackPointExtension>
        </extensions>
      </trkpt>
      <trkpt lat="45.60740433633327484130859375" lon="126.60952155478298664093017578125">
        <ele>163.1999969482421875</ele>
        <time>2026-07-11T03:21:06.000Z</time>
        <extensions>
          <ns3:TrackPointExtension>
            <ns3:hr>143</ns3:hr>
          </ns3:TrackPointExtension>
        </extensions>
      </trkpt>
      <trkpt lat="45.60740995220839977264404296875" lon="126.609557680785655975341796875">
        <ele>163.8000030517578125</ele>
        <time>2026-07-11T03:21:08.000Z</time>
        <extensions>
          <ns3:TrackPointExtension>
            <ns3:hr>143</ns3:hr>
          </ns3:TrackPointExtension>
        </extensions>
      </trkpt>
      <trkpt lat="45.607501901686191558837890625" lon="126.609620712697505950927734375">
        <ele>164</ele>
        <time>2026-07-11T03:21:13.000Z</time>
        <extensions>
          <ns3:TrackPointExtension>
            <ns3:hr>144</ns3:hr>
          </ns3:TrackPointExtension>
        </extensions>
      </trkpt>
      <trkpt lat="45.60755051672458648681640625" lon="126.609672009944915771484375">
        <ele>163.8000030517578125</ele>
        <time>2026-07-11T03:21:15.000Z</time>
        <extensions>
          <ns3:TrackPointExtension>
            <ns3:hr>145</ns3:hr>
          </ns3:TrackPointExtension>
        </extensions>
      </trkpt>
      <trkpt lat="45.60758362524211406707763671875" lon="126.60974233411252498626708984375">
        <ele>164</ele>
        <time>2026-07-11T03:21:17.000Z</time>
        <extensions>
          <ns3:TrackPointExtension>
            <ns3:hr>143</ns3:hr>
          </ns3:TrackPointExtension>
        </extensions>
      </trkpt>
      <trkpt lat="45.607613883912563323974609375" lon="126.60996579565107822418212890625">
        <ele>164</ele>
        <time>2026-07-11T03:21:22.000Z</time>
        <extensions>
          <ns3:TrackPointExtension>
            <ns3:hr>142</ns3:hr>
          </ns3:TrackPointExtension>
        </extensions>
      </trkpt>
      <trkpt lat="45.60762955807149410247802734375" lon="126.60999613814055919647216796875">
        <ele>164</ele>
        <time>2026-07-11T03:21:23.000Z</time>
        <extensions>
          <ns3:TrackPointExtension>
            <ns3:hr>142</ns3:hr>
          </ns3:TrackPointExtension>
        </extensions>
      </trkpt>
      <trkpt lat="45.60765353031456470489501953125" lon="126.61009646952152252197265625">
        <ele>164.1999969482421875</ele>
        <time>2026-07-11T03:21:26.000Z</time>
        <extensions>
          <ns3:TrackPointExtension>
            <ns3:hr>142</ns3:hr>
          </ns3:TrackPointExtension>
        </extensions>
      </trkpt>
      <trkpt lat="45.60766207985579967498779296875" lon="126.61012756638228893280029296875">
        <ele>164</ele>
        <time>2026-07-11T03:21:30.000Z</time>
        <extensions>
          <ns3:TrackPointExtension>
            <ns3:hr>141</ns3:hr>
          </ns3:TrackPointExtension>
        </extensions>
      </trkpt>
      <trkpt lat="45.607658810913562774658203125" lon="126.61016394384205341339111328125">
        <ele>163.8000030517578125</ele>
        <time>2026-07-11T03:21:34.000Z</time>
        <extensions>
          <ns3:TrackPointExtension>
            <ns3:hr>140</ns3:hr>
          </ns3:TrackPointExtension>
        </extensions>
      </trkpt>
      <trkpt lat="45.607664175331592559814453125" lon="126.610172577202320098876953125">
        <ele>163.600006103515625</ele>
        <time>2026-07-11T03:21:35.000Z</time>
        <extensions>
          <ns3:TrackPointExtension>
            <ns3:hr>141</ns3:hr>
          </ns3:TrackPointExtension>
        </extensions>
      </trkpt>
      <trkpt lat="45.60770600102841854095458984375" lon="126.6101663745939731597900390625">
        <ele>164.1999969482421875</ele>
        <time>2026-07-11T03:21:41.000Z</time>
        <extensions>
          <ns3:TrackPointExtension>
            <ns3:hr>140</ns3:hr>
          </ns3:TrackPointExtension>
        </extensions>
      </trkpt>
      <trkpt lat="45.6077565439045429229736328125" lon="126.61014868877828121185302734375">
        <ele>164</ele>
        <time>2026-07-11T03:21:46.000Z</time>
        <extensions>
          <ns3:TrackPointExtension>
            <ns3:hr>137</ns3:hr>
          </ns3:TrackPointExtension>
        </extensions>
      </trkpt>
      <trkpt lat="45.60776651836931705474853515625" lon="126.61013594828546047210693359375">
        <ele>163.8000030517578125</ele>
        <time>2026-07-11T03:21:49.000Z</time>
        <extensions>
          <ns3:TrackPointExtension>
            <ns3:hr>135</ns3:hr>
          </ns3:TrackPointExtension>
        </extensions>
      </trkpt>
      <trkpt lat="45.6077746488153934478759765625" lon="126.6101120598614215850830078125">
        <ele>164</ele>
        <time>2026-07-11T03:21:56.000Z</time>
        <extensions>
          <ns3:TrackPointExtension>
            <ns3:hr>141</ns3:hr>
          </ns3:TrackPointExtension>
        </extensions>
      </trkpt>
      <trkpt lat="45.60777322389185428619384765625" lon="126.61011314950883388519287109375">
        <ele>164</ele>
        <time>2026-07-11T03:21:57.000Z</time>
        <extensions>
          <ns3:TrackPointExtension>
            <ns3:hr>146</ns3:hr>
          </ns3:TrackPointExtension>
        </extensions>
      </trkpt>
      <trkpt lat="45.6077791750431060791015625" lon="126.61010594107210636138916015625">
        <ele>164</ele>
        <time>2026-07-11T03:21:58.000Z</time>
        <extensions>
          <ns3:TrackPointExtension>
            <ns3:hr>146</ns3:hr>
          </ns3:TrackPointExtension>
        </extensions>
      </trkpt>
      <trkpt lat="45.60779334045946598052978515625" lon="126.61008850671350955963134765625">
        <ele>164</ele>
        <time>2026-07-11T03:22:03.000Z</time>
        <extensions>
          <ns3:TrackPointExtension>
            <ns3:hr>144</ns3:hr>
          </ns3:TrackPointExtension>
        </extensions>
      </trkpt>
      <trkpt lat="45.60775863938033580780029296875" lon="126.61016494967043399810791015625">
        <ele>164</ele>
        <time>2026-07-11T03:22:12.000Z</time>
        <extensions>
          <ns3:TrackPointExtension>
            <ns3:hr>142</ns3:hr>
          </ns3:TrackPointExtension>
        </extensions>
      </trkpt>
      <trkpt lat="45.60770164243876934051513671875" lon="126.610213480889797210693359375">
        <ele>164</ele>
        <time>2026-07-11T03:22:27.000Z</time>
        <extensions>
          <ns3:TrackPointExtension>
            <ns3:hr>144</ns3:hr>
          </ns3:TrackPointExtension>
        </extensions>
      </trkpt>
      <trkpt lat="45.60770465992391109466552734375" lon="126.61019462160766124725341796875">
        <ele>164</ele>
        <time>2026-07-11T03:22:34.000Z</time>
        <extensions>
          <ns3:TrackPointExtension>
            <ns3:hr>144</ns3:hr>
          </ns3:TrackPointExtension>
        </extensions>
      </trkpt>
      <trkpt lat="45.6076998822391033172607421875" lon="126.61018976010382175445556640625">
        <ele>164</ele>
        <time>2026-07-11T03:22:42.000Z</time>
        <extensions>
          <ns3:TrackPointExtension>
            <ns3:hr>144</ns3:hr>
          </ns3:TrackPointExtension>
        </extensions>
      </trkpt>
      <trkpt lat="45.6076955236494541168212890625" lon="126.610202081501483917236328125">
        <ele>164</ele>
        <time>2026-07-11T03:22:48.000Z</time>
        <extensions>
          <ns3:TrackPointExtension>
            <ns3:hr>141</ns3:hr>
          </ns3:TrackPointExtension>
        </extensions>
      </trkpt>
      <trkpt lat="45.60769543983042240142822265625" lon="126.6102035902440547943115234375">
        <ele>164</ele>
        <time>2026-07-11T03:22:49.000Z</time>
        <extensions>
          <ns3:TrackPointExtension>
            <ns3:hr>141</ns3:hr>
          </ns3:TrackPointExtension>
        </extensions>
      </trkpt>
      <trkpt lat="45.6076824478805065155029296875" lon="126.6102062724530696868896484375">
        <ele>164</ele>
        <time>2026-07-11T03:22:54.000Z</time>
        <extensions>
          <ns3:TrackPointExtension>
            <ns3:hr>142</ns3:hr>
          </ns3:TrackPointExtension>
        </extensions>
      </trkpt>
      <trkpt lat="45.607672892510890960693359375" lon="126.61020602099597454071044921875">
        <ele>164</ele>
        <time>2026-07-11T03:22:57.000Z</time>
        <extensions>
          <ns3:TrackPointExtension>
            <ns3:hr>145</ns3:hr>
          </ns3:TrackPointExtension>
        </extensions>
      </trkpt>
      <trkpt lat="45.60766627080738544464111328125" lon="126.61021339707076549530029296875">
        <ele>164</ele>
        <time>2026-07-11T03:23:01.000Z</time>
        <extensions>
          <ns3:TrackPointExtension>
            <ns3:hr>147</ns3:hr>
          </ns3:TrackPointExtension>
        </extensions>
      </trkpt>
      <trkpt lat="45.60768336988985538482666015625" lon="126.6102163307368755340576171875">
        <ele>164</ele>
        <time>2026-07-11T03:23:07.000Z</time>
        <extensions>
          <ns3:TrackPointExtension>
            <ns3:hr>144</ns3:hr>
          </ns3:TrackPointExtension>
        </extensions>
      </trkpt>
      <trkpt lat="45.60769191943109035491943359375" lon="126.6102146543562412261962890625">
        <ele>164</ele>
        <time>2026-07-11T03:23:09.000Z</time>
        <extensions>
          <ns3:TrackPointExtension>
            <ns3:hr>141</ns3:hr>
          </ns3:TrackPointExtension>
        </extensions>
      </trkpt>
      <trkpt lat="45.6076861359179019927978515625" lon="126.6102159954607486724853515625">
        <ele>164</ele>
        <time>2026-07-11T03:23:11.000Z</time>
        <extensions>
          <ns3:TrackPointExtension>
            <ns3:hr>138</ns3:hr>
          </ns3:TrackPointExtension>
        </extensions>
      </trkpt>
      <trkpt lat="45.60769342817366123199462890625" lon="126.61022186279296875">
        <ele>164</ele>
        <time>2026-07-11T03:23:14.000Z</time>
        <extensions>
          <ns3:TrackPointExtension>
            <ns3:hr>137</ns3:hr>
          </ns3:TrackPointExtension>
        </extensions>
      </trkpt>
      <trkpt lat="45.607700385153293609619140625" lon="126.61021021194756031036376953125">
        <ele>164</ele>
        <time>2026-07-11T03:23:20.000Z</time>
        <extensions>
          <ns3:TrackPointExtension>
            <ns3:hr>136</ns3:hr>
          </ns3:TrackPointExtension>
        </extensions>
      </trkpt>
      <trkpt lat="45.60767984949052333831787109375" lon="126.6101895086467266082763671875">
        <ele>164</ele>
        <time>2026-07-11T03:23:27.000Z</time>
        <extensions>
          <ns3:TrackPointExtension>
            <ns3:hr>134</ns3:hr>
          </ns3:TrackPointExtension>
        </extensions>
      </trkpt>
      <trkpt lat="45.60767616145312786102294921875" lon="126.6101536341011524200439453125">
        <ele>164</ele>
        <time>2026-07-11T03:23:30.000Z</time>
        <extensions>
          <ns3:TrackPointExtension>
            <ns3:hr>130</ns3:hr>
          </ns3:TrackPointExtension>
        </extensions>
      </trkpt>
      <trkpt lat="45.607693679630756378173828125" lon="126.6101320087909698486328125">
        <ele>164.399993896484375</ele>
        <time>2026-07-11T03:23:33.000Z</time>
        <extensions>
          <ns3:TrackPointExtension>
            <ns3:hr>128</ns3:hr>
          </ns3:TrackPointExtension>
        </extensions>
      </trkpt>
      <trkpt lat="45.6076861359179019927978515625" lon="126.61014340817928314208984375">
        <ele>164.600006103515625</ele>
        <time>2026-07-11T03:23:40.000Z</time>
        <extensions>
          <ns3:TrackPointExtension>
            <ns3:hr>128</ns3:hr>
          </ns3:TrackPointExtension>
        </extensions>
      </trkpt>
      <trkpt lat="45.607680939137935638427734375" lon="126.61014734767377376556396484375">
        <ele>164.1999969482421875</ele>
        <time>2026-07-11T03:23:43.000Z</time>
        <extensions>
          <ns3:TrackPointExtension>
            <ns3:hr>131</ns3:hr>
          </ns3:TrackPointExtension>
        </extensions>
      </trkpt>
      <trkpt lat="45.6076787598431110382080078125" lon="126.61014969460666179656982421875">
        <ele>164</ele>
        <time>2026-07-11T03:23:46.000Z</time>
        <extensions>
          <ns3:TrackPointExtension>
            <ns3:hr>127</ns3:hr>
          </ns3:TrackPointExtension>
        </extensions>
      </trkpt>
      <trkpt lat="45.607673563063144683837890625" lon="126.61015170626342296600341796875">
        <ele>164</ele>
        <time>2026-07-11T03:23:47.000Z</time>
        <extensions>
          <ns3:TrackPointExtension>
            <ns3:hr>123</ns3:hr>
          </ns3:TrackPointExtension>
        </extensions>
      </trkpt>
      <trkpt lat="45.607667528092861175537109375" lon="126.61015673540532588958740234375">
        <ele>164</ele>
        <time>2026-07-11T03:23:48.000Z</time>
        <extensions>
          <ns3:TrackPointExtension>
            <ns3:hr>120</ns3:hr>
          </ns3:TrackPointExtension>
        </extensions>
      </trkpt>
      <trkpt lat="45.60766409151256084442138671875" lon="126.61016159690916538238525390625">
        <ele>164.1999969482421875</ele>
        <time>2026-07-11T03:23:49.000Z</time>
        <extensions>
          <ns3:TrackPointExtension>
            <ns3:hr>120</ns3:hr>
          </ns3:TrackPointExtension>
        </extensions>
      </trkpt>
      <trkpt lat="45.60765914618968963623046875" lon="126.61016754806041717529296875">
        <ele>164.1999969482421875</ele>
        <time>2026-07-11T03:23:51.000Z</time>
        <extensions>
          <ns3:TrackPointExtension>
            <ns3:hr>116</ns3:hr>
          </ns3:TrackPointExtension>
        </extensions>
      </trkpt>
      <trkpt lat="45.60764841735363006591796875" lon="126.61018540151417255401611328125">
        <ele>164.1999969482421875</ele>
        <time>2026-07-11T03:23:52.000Z</time>
        <extensions>
          <ns3:TrackPointExtension>
            <ns3:hr>115</ns3:hr>
          </ns3:TrackPointExtension>
        </extensions>
      </trkpt>
      <trkpt lat="45.6076462380588054656982421875" lon="126.610190682113170623779296875">
        <ele>164.1999969482421875</ele>
        <time>2026-07-11T03:23:53.000Z</time>
        <extensions>
          <ns3:TrackPointExtension>
            <ns3:hr>114</ns3:hr>
          </ns3:TrackPointExtension>
        </extensions>
      </trkpt>
      <trkpt lat="45.6076906621456146240234375" lon="126.61019864492118358612060546875">
        <ele>164.600006103515625</ele>
        <time>2026-07-11T03:23:59.000Z</time>
        <extensions>
          <ns3:TrackPointExtension>
            <ns3:hr>113</ns3:hr>
          </ns3:TrackPointExtension>
        </extensions>
      </trkpt>
      <trkpt lat="45.60770474374294281005859375" lon="126.6101615130901336669921875">
        <ele>164.1999969482421875</ele>
        <time>2026-07-11T03:24:04.000Z</time>
        <extensions>
          <ns3:TrackPointExtension>
            <ns3:hr>113</ns3:hr>
          </ns3:TrackPointExtension>
        </extensions>
      </trkpt>
      <trkpt lat="45.60768336988985538482666015625" lon="126.61013410426676273345947265625">
        <ele>164.1999969482421875</ele>
        <time>2026-07-11T03:24:11.000Z</time>
        <extensions>
          <ns3:TrackPointExtension>
            <ns3:hr>114</ns3:hr>
          </ns3:TrackPointExtension>
        </extensions>
      </trkpt>
      <trkpt lat="45.607684291899204254150390625" lon="126.61013142205774784088134765625">
        <ele>164.1999969482421875</ele>
        <time>2026-07-11T03:24:14.000Z</time>
        <extensions>
          <ns3:TrackPointExtension>
            <ns3:hr>117</ns3:hr>
          </ns3:TrackPointExtension>
        </extensions>
      </trkpt>
      <trkpt lat="45.60768320225179195404052734375" lon="126.6101361997425556182861328125">
        <ele>164.1999969482421875</ele>
        <time>2026-07-11T03:24:15.000Z</time>
        <extensions>
          <ns3:TrackPointExtension>
            <ns3:hr>118</ns3:hr>
          </ns3:TrackPointExtension>
        </extensions>
      </trkpt>
      <trkpt lat="45.6076827831566333770751953125" lon="126.610137037932872772216796875">
        <ele>164.399993896484375</ele>
        <time>2026-07-11T03:24:17.000Z</time>
        <extensions>
          <ns3:TrackPointExtension>
            <ns3:hr>121</ns3:hr>
          </ns3:TrackPointExtension>
        </extensions>
      </trkpt>
      <trkpt lat="45.6076827831566333770751953125" lon="126.610137037932872772216796875">
        <ele>164.399993896484375</ele>
        <time>2026-07-11T03:24:19.000Z</time>
        <extensions>
          <ns3:TrackPointExtension>
            <ns3:hr>126</ns3:hr>
          </ns3:TrackPointExtension>
        </extensions>
      </trkpt>
      <trkpt lat="45.6076827831566333770751953125" lon="126.610137037932872772216796875">
        <ele>164.399993896484375</ele>
        <time>2026-07-11T03:24:20.000Z</time>
        <extensions>
          <ns3:TrackPointExtension>
            <ns3:hr>131</ns3:hr>
          </ns3:TrackPointExtension>
        </extensions>
      </trkpt>
      <trkpt lat="45.6076827831566333770751953125" lon="126.610137037932872772216796875">
        <ele>164.399993896484375</ele>
        <time>2026-07-11T03:24:22.000Z</time>
        <extensions>
          <ns3:TrackPointExtension>
            <ns3:hr>134</ns3:hr>
          </ns3:TrackPointExtension>
        </extensions>
      </trkpt>
      <trkpt lat="45.60769644565880298614501953125" lon="126.610136367380619049072265625">
        <ele>164.399993896484375</ele>
        <time>2026-07-11T03:24:25.000Z</time>
        <extensions>
          <ns3:TrackPointExtension>
            <ns3:hr>135</ns3:hr>
          </ns3:TrackPointExtension>
        </extensions>
      </trkpt>
      <trkpt lat="45.6076985411345958709716796875" lon="126.6101360321044921875">
        <ele>164.399993896484375</ele>
        <time>2026-07-11T03:24:32.000Z</time>
        <extensions>
          <ns3:TrackPointExtension>
            <ns3:hr>132</ns3:hr>
          </ns3:TrackPointExtension>
        </extensions>
      </trkpt>
      <trkpt lat="45.6076985411345958709716796875" lon="126.6101360321044921875">
        <ele>164.399993896484375</ele>
        <time>2026-07-11T03:24:34.000Z</time>
        <extensions>
          <ns3:TrackPointExtension>
            <ns3:hr>129</ns3:hr>
          </ns3:TrackPointExtension>
        </extensions>
      </trkpt>
      <trkpt lat="45.60770885087549686431884765625" lon="126.61013712175190448760986328125">
        <ele>164.600006103515625</ele>
        <time>2026-07-11T03:24:37.000Z</time>
        <extensions>
          <ns3:TrackPointExtension>
            <ns3:hr>129</ns3:hr>
          </ns3:TrackPointExtension>
        </extensions>
      </trkpt>
      <trkpt lat="45.60770231299102306365966796875" lon="126.6100101359188556671142578125">
        <ele>164.399993896484375</ele>
        <time>2026-07-11T03:24:42.000Z</time>
        <extensions>
          <ns3:TrackPointExtension>
            <ns3:hr>128</ns3:hr>
          </ns3:TrackPointExtension>
        </extensions>
      </trkpt>
      <trkpt lat="45.607666857540607452392578125" lon="126.60992371849715709686279296875">
        <ele>164.399993896484375</ele>
        <time>2026-07-11T03:24:47.000Z</time>
        <extensions>
          <ns3:TrackPointExtension>
            <ns3:hr>128</ns3:hr>
          </ns3:TrackPointExtension>
        </extensions>
      </trkpt>
      <trkpt lat="45.60759535990655422210693359375" lon="126.6097378917038440704345703125">
        <ele>164.399993896484375</ele>
        <time>2026-07-11T03:24:53.000Z</time>
        <extensions>
          <ns3:TrackPointExtension>
            <ns3:hr>126</ns3:hr>
          </ns3:TrackPointExtension>
        </extensions>
      </trkpt>
      <trkpt lat="45.6074816174805164337158203125" lon="126.60962582565844058990478515625">
        <ele>164.399993896484375</ele>
        <time>2026-07-11T03:24:59.000Z</time>
        <extensions>
          <ns3:TrackPointExtension>
            <ns3:hr>127</ns3:hr>
          </ns3:TrackPointExtension>
        </extensions>
      </trkpt>
      <trkpt lat="45.60743677429854869842529296875" lon="126.60959179513156414031982421875">
        <ele>164.8000030517578125</ele>
        <time>2026-07-11T03:25:04.000Z</time>
        <extensions>
          <ns3:TrackPointExtension>
            <ns3:hr>126</ns3:hr>
          </ns3:TrackPointExtension>
        </extensions>
      </trkpt>
      <trkpt lat="45.60742051340639591217041015625" lon="126.6095742769539356231689453125">
        <ele>164.8000030517578125</ele>
        <time>2026-07-11T03:25:05.000Z</time>
        <extensions>
          <ns3:TrackPointExtension>
            <ns3:hr>126</ns3:hr>
          </ns3:TrackPointExtension>
        </extensions>
      </trkpt>
      <trkpt lat="45.60739235021173954010009765625" lon="126.60951702855527400970458984375">
        <ele>164.8000030517578125</ele>
        <time>2026-07-11T03:25:09.000Z</time>
        <extensions>
          <ns3:TrackPointExtension>
            <ns3:hr>126</ns3:hr>
          </ns3:TrackPointExtension>
        </extensions>
      </trkpt>
      <trkpt lat="45.607399977743625640869140625" lon="126.609499342739582061767578125">
        <ele>164.8000030517578125</ele>
        <time>2026-07-11T03:25:10.000Z</time>
        <extensions>
          <ns3:TrackPointExtension>
            <ns3:hr>126</ns3:hr>
          </ns3:TrackPointExtension>
        </extensions>
      </trkpt>
      <trkpt lat="45.607438199222087860107421875" lon="126.6094780527055263519287109375">
        <ele>164.600006103515625</ele>
        <time>2026-07-11T03:25:12.000Z</time>
        <extensions>
          <ns3:TrackPointExtension>
            <ns3:hr>126</ns3:hr>
          </ns3:TrackPointExtension>
        </extensions>
      </trkpt>
      <trkpt lat="45.60748614370822906494140625" lon="126.6094840876758098602294921875">
        <ele>164</ele>
        <time>2026-07-11T03:25:14.000Z</time>
        <extensions>
          <ns3:TrackPointExtension>
            <ns3:hr>126</ns3:hr>
          </ns3:TrackPointExtension>
        </extensions>
      </trkpt>
      <trkpt lat="45.6075087748467922210693359375" lon="126.60949104465544223785400390625">
        <ele>163.8000030517578125</ele>
        <time>2026-07-11T03:25:15.000Z</time>
        <extensions>
          <ns3:TrackPointExtension>
            <ns3:hr>126</ns3:hr>
          </ns3:TrackPointExtension>
        </extensions>
      </trkpt>
      <trkpt lat="45.60759477317333221435546875" lon="126.60960084758698940277099609375">
        <ele>162.8000030517578125</ele>
        <time>2026-07-11T03:25:20.000Z</time>
        <extensions>
          <ns3:TrackPointExtension>
            <ns3:hr>125</ns3:hr>
          </ns3:TrackPointExtension>
        </extensions>
      </trkpt>
      <trkpt lat="45.60760558582842350006103515625" lon="126.6096423380076885223388671875">
        <ele>162.600006103515625</ele>
        <time>2026-07-11T03:25:21.000Z</time>
        <extensions>
          <ns3:TrackPointExtension>
            <ns3:hr>125</ns3:hr>
          </ns3:TrackPointExtension>
        </extensions>
      </trkpt>
      <trkpt lat="45.607668198645114898681640625" lon="126.609797738492488861083984375">
        <ele>161.600006103515625</ele>
        <time>2026-07-11T03:25:25.000Z</time>
        <extensions>
          <ns3:TrackPointExtension>
            <ns3:hr>125</ns3:hr>
          </ns3:TrackPointExtension>
        </extensions>
      </trkpt>
      <trkpt lat="45.6076871417462825775146484375" lon="126.6098034381866455078125">
        <ele>161.399993896484375</ele>
        <time>2026-07-11T03:25:26.000Z</time>
        <extensions>
          <ns3:TrackPointExtension>
            <ns3:hr>125</ns3:hr>
          </ns3:TrackPointExtension>
        </extensions>
      </trkpt>
      <trkpt lat="45.60769543983042240142822265625" lon="126.60979472100734710693359375">
        <ele>161</ele>
        <time>2026-07-11T03:25:28.000Z</time>
        <extensions>
          <ns3:TrackPointExtension>
            <ns3:hr>124</ns3:hr>
          </ns3:TrackPointExtension>
        </extensions>
      </trkpt>
      <trkpt lat="45.60769611038267612457275390625" lon="126.60979530774056911468505859375">
        <ele>161.1999969482421875</ele>
        <time>2026-07-11T03:25:34.000Z</time>
        <extensions>
          <ns3:TrackPointExtension>
            <ns3:hr>122</ns3:hr>
          </ns3:TrackPointExtension>
        </extensions>
      </trkpt>
      <trkpt lat="45.60770147480070590972900390625" lon="126.6097979061305522918701171875">
        <ele>161.600006103515625</ele>
        <time>2026-07-11T03:25:37.000Z</time>
        <extensions>
          <ns3:TrackPointExtension>
            <ns3:hr>122</ns3:hr>
          </ns3:TrackPointExtension>
        </extensions>
      </trkpt>
      <trkpt lat="45.6077340804040431976318359375" lon="126.60982062108814716339111328125">
        <ele>161.399993896484375</ele>
        <time>2026-07-11T03:25:39.000Z</time>
        <extensions>
          <ns3:TrackPointExtension>
            <ns3:hr>122</ns3:hr>
          </ns3:TrackPointExtension>
        </extensions>
      </trkpt>
      <trkpt lat="45.6078343279659748077392578125" lon="126.609865464270114898681640625">
        <ele>160.8000030517578125</ele>
        <time>2026-07-11T03:25:44.000Z</time>
        <extensions>
          <ns3:TrackPointExtension>
            <ns3:hr>123</ns3:hr>
          </ns3:TrackPointExtension>
        </extensions>
      </trkpt>
      <trkpt lat="45.60784329660236835479736328125" lon="126.60983017645776271820068359375">
        <ele>160.399993896484375</ele>
        <time>2026-07-11T03:25:47.000Z</time>
        <extensions>
          <ns3:TrackPointExtension>
            <ns3:hr>123</ns3:hr>
          </ns3:TrackPointExtension>
        </extensions>
      </trkpt>
      <trkpt lat="45.6078524328768253326416015625" lon="126.609785668551921844482421875">
        <ele>160.600006103515625</ele>
        <time>2026-07-11T03:25:49.000Z</time>
        <extensions>
          <ns3:TrackPointExtension>
            <ns3:hr>123</ns3:hr>
          </ns3:TrackPointExtension>
        </extensions>
      </trkpt>
      <trkpt lat="45.60786006040871143341064453125" lon="126.6097526438534259796142578125">
        <ele>161</ele>
        <time>2026-07-11T03:25:51.000Z</time>
        <extensions>
          <ns3:TrackPointExtension>
            <ns3:hr>123</ns3:hr>
          </ns3:TrackPointExtension>
        </extensions>
      </trkpt>
      <trkpt lat="45.6078614853322505950927734375" lon="126.609720624983310699462890625">
        <ele>161</ele>
        <time>2026-07-11T03:25:53.000Z</time>
        <extensions>
          <ns3:TrackPointExtension>
            <ns3:hr>123</ns3:hr>
          </ns3:TrackPointExtension>
        </extensions>
      </trkpt>
      <trkpt lat="45.6078728847205638885498046875" lon="126.6097023524343967437744140625">
        <ele>161</ele>
        <time>2026-07-11T03:25:54.000Z</time>
        <extensions>
          <ns3:TrackPointExtension>
            <ns3:hr>123</ns3:hr>
          </ns3:TrackPointExtension>
        </extensions>
      </trkpt>
      <trkpt lat="45.60793465934693813323974609375" lon="126.6096527315676212310791015625">
        <ele>160.600006103515625</ele>
        <time>2026-07-11T03:25:58.000Z</time>
        <extensions>
          <ns3:TrackPointExtension>
            <ns3:hr>123</ns3:hr>
          </ns3:TrackPointExtension>
        </extensions>
      </trkpt>
      <trkpt lat="45.6080056540668010711669921875" lon="126.6094894520938396453857421875">
        <ele>160.600006103515625</ele>
        <time>2026-07-11T03:26:04.000Z</time>
        <extensions>
          <ns3:TrackPointExtension>
            <ns3:hr>123</ns3:hr>
          </ns3:TrackPointExtension>
        </extensions>
      </trkpt>
      <trkpt lat="45.60805074870586395263671875" lon="126.60937855951488018035888671875">
        <ele>160.399993896484375</ele>
        <time>2026-07-11T03:26:09.000Z</time>
        <extensions>
          <ns3:TrackPointExtension>
            <ns3:hr>123</ns3:hr>
          </ns3:TrackPointExtension>
        </extensions>
      </trkpt>
      <trkpt lat="45.60808788053691387176513671875" lon="126.60918761976063251495361328125">
        <ele>160.600006103515625</ele>
        <time>2026-07-11T03:26:15.000Z</time>
        <extensions>
          <ns3:TrackPointExtension>
            <ns3:hr>127</ns3:hr>
          </ns3:TrackPointExtension>
        </extensions>
      </trkpt>
      <trkpt lat="45.608093328773975372314453125" lon="126.60915057174861431121826171875">
        <ele>160.399993896484375</ele>
        <time>2026-07-11T03:26:16.000Z</time>
        <extensions>
          <ns3:TrackPointExtension>
            <ns3:hr>128</ns3:hr>
          </ns3:TrackPointExtension>
        </extensions>
      </trkpt>
      <trkpt lat="45.6080955080687999725341796875" lon="126.6091105900704860687255859375">
        <ele>160.1999969482421875</ele>
        <time>2026-07-11T03:26:17.000Z</time>
        <extensions>
          <ns3:TrackPointExtension>
            <ns3:hr>128</ns3:hr>
          </ns3:TrackPointExtension>
        </extensions>
      </trkpt>
      <trkpt lat="45.6080871261656284332275390625" lon="126.60907664336264133453369140625">
        <ele>160</ele>
        <time>2026-07-11T03:26:18.000Z</time>
        <extensions>
          <ns3:TrackPointExtension>
            <ns3:hr>128</ns3:hr>
          </ns3:TrackPointExtension>
        </extensions>
      </trkpt>
      <trkpt lat="45.60804446227848529815673828125" lon="126.60904043354094028472900390625">
        <ele>159.399993896484375</ele>
        <time>2026-07-11T03:26:20.000Z</time>
        <extensions>
          <ns3:TrackPointExtension>
            <ns3:hr>129</ns3:hr>
          </ns3:TrackPointExtension>
        </extensions>
      </trkpt>
      <trkpt lat="45.60793340206146240234375" lon="126.6089392639696598052978515625">
        <ele>159.8000030517578125</ele>
        <time>2026-07-11T03:26:26.000Z</time>
        <extensions>
          <ns3:TrackPointExtension>
            <ns3:hr>127</ns3:hr>
          </ns3:TrackPointExtension>
        </extensions>
      </trkpt>
      <trkpt lat="45.607839189469814300537109375" lon="126.60884463228285312652587890625">
        <ele>160.600006103515625</ele>
        <time>2026-07-11T03:26:32.000Z</time>
        <extensions>
          <ns3:TrackPointExtension>
            <ns3:hr>129</ns3:hr>
          </ns3:TrackPointExtension>
        </extensions>
      </trkpt>
      <trkpt lat="45.60776299796998500823974609375" lon="126.60880071111023426055908203125">
        <ele>160.399993896484375</ele>
        <time>2026-07-11T03:26:37.000Z</time>
        <extensions>
          <ns3:TrackPointExtension>
            <ns3:hr>134</ns3:hr>
          </ns3:TrackPointExtension>
        </extensions>
      </trkpt>
      <trkpt lat="45.60768303461372852325439453125" lon="126.60875804722309112548828125">
        <ele>160.1999969482421875</ele>
        <time>2026-07-11T03:26:41.000Z</time>
        <extensions>
          <ns3:TrackPointExtension>
            <ns3:hr>131</ns3:hr>
          </ns3:TrackPointExtension>
        </extensions>
      </trkpt>
      <trkpt lat="45.6076415441930294036865234375" lon="126.608739607036113739013671875">
        <ele>160.399993896484375</ele>
        <time>2026-07-11T03:26:43.000Z</time>
        <extensions>
          <ns3:TrackPointExtension>
            <ns3:hr>130</ns3:hr>
          </ns3:TrackPointExtension>
        </extensions>
      </trkpt>
      <trkpt lat="45.60752897523343563079833984375" lon="126.60867615602910518646240234375">
        <ele>160.399993896484375</ele>
        <time>2026-07-11T03:26:49.000Z</time>
        <extensions>
          <ns3:TrackPointExtension>
            <ns3:hr>127</ns3:hr>
          </ns3:TrackPointExtension>
        </extensions>
      </trkpt>
      <trkpt lat="45.607518665492534637451171875" lon="126.60868956707417964935302734375">
        <ele>160.399993896484375</ele>
        <time>2026-07-11T03:26:50.000Z</time>
        <extensions>
          <ns3:TrackPointExtension>
            <ns3:hr>128</ns3:hr>
          </ns3:TrackPointExtension>
        </extensions>
      </trkpt>
      <trkpt lat="45.6075402908027172088623046875" lon="126.608705408871173858642578125">
        <ele>160.399993896484375</ele>
        <time>2026-07-11T03:26:52.000Z</time>
        <extensions>
          <ns3:TrackPointExtension>
            <ns3:hr>127</ns3:hr>
          </ns3:TrackPointExtension>
        </extensions>
      </trkpt>
      <trkpt lat="45.60762000270187854766845703125" lon="126.60873927175998687744140625">
        <ele>160.1999969482421875</ele>
        <time>2026-07-11T03:26:56.000Z</time>
        <extensions>
          <ns3:TrackPointExtension>
            <ns3:hr>127</ns3:hr>
          </ns3:TrackPointExtension>
        </extensions>
      </trkpt>
      <trkpt lat="45.6077451445162296295166015625" lon="126.6088016331195831298828125">
        <ele>159.8000030517578125</ele>
        <time>2026-07-11T03:27:01.000Z</time>
        <extensions>
          <ns3:TrackPointExtension>
            <ns3:hr>124</ns3:hr>
          </ns3:TrackPointExtension>
        </extensions>
      </trkpt>
      <trkpt lat="45.60785519890487194061279296875" lon="126.60891135223209857940673828125">
        <ele>160</ele>
        <time>2026-07-11T03:27:06.000Z</time>
        <extensions>
          <ns3:TrackPointExtension>
            <ns3:hr>122</ns3:hr>
          </ns3:TrackPointExtension>
        </extensions>
      </trkpt>
      <trkpt lat="45.6079862080514430999755859375" lon="126.60904043354094028472900390625">
        <ele>160</ele>
        <time>2026-07-11T03:27:12.000Z</time>
        <extensions>
          <ns3:TrackPointExtension>
            <ns3:hr>123</ns3:hr>
          </ns3:TrackPointExtension>
        </extensions>
      </trkpt>
      <trkpt lat="45.6081354059278964996337890625" lon="126.60909508354961872100830078125">
        <ele>159.8000030517578125</ele>
        <time>2026-07-11T03:27:17.000Z</time>
        <extensions>
          <ns3:TrackPointExtension>
            <ns3:hr>123</ns3:hr>
          </ns3:TrackPointExtension>
        </extensions>
      </trkpt>
      <trkpt lat="45.60828301124274730682373046875" lon="126.6090224124491214752197265625">
        <ele>159.8000030517578125</ele>
        <time>2026-07-11T03:27:23.000Z</time>
        <extensions>
          <ns3:TrackPointExtension>
            <ns3:hr>123</ns3:hr>
          </ns3:TrackPointExtension>
        </extensions>
      </trkpt>
      <trkpt lat="45.60841192491352558135986328125" lon="126.60890364088118076324462890625">
        <ele>159.600006103515625</ele>
        <time>2026-07-11T03:27:29.000Z</time>
        <extensions>
          <ns3:TrackPointExtension>
            <ns3:hr>123</ns3:hr>
          </ns3:TrackPointExtension>
        </extensions>
      </trkpt>
      <trkpt lat="45.60854905284941196441650390625" lon="126.60873793065547943115234375">
        <ele>159.8000030517578125</ele>
        <time>2026-07-11T03:27:35.000Z</time>
        <extensions>
          <ns3:TrackPointExtension>
            <ns3:hr>121</ns3:hr>
          </ns3:TrackPointExtension>
        </extensions>
      </trkpt>
      <trkpt lat="45.6086401641368865966796875" lon="126.60859309136867523193359375">
        <ele>159.8000030517578125</ele>
        <time>2026-07-11T03:27:39.000Z</time>
        <extensions>
          <ns3:TrackPointExtension>
            <ns3:hr>117</ns3:hr>
          </ns3:TrackPointExtension>
        </extensions>
      </trkpt>
      <trkpt lat="45.6086912937462329864501953125" lon="126.60850700922310352325439453125">
        <ele>159.8000030517578125</ele>
        <time>2026-07-11T03:27:41.000Z</time>
        <extensions>
          <ns3:TrackPointExtension>
            <ns3:hr>114</ns3:hr>
          </ns3:TrackPointExtension>
        </extensions>
      </trkpt>
      <trkpt lat="45.60871384106576442718505859375" lon="126.608461998403072357177734375">
        <ele>159.8000030517578125</ele>
        <time>2026-07-11T03:27:42.000Z</time>
        <extensions>
          <ns3:TrackPointExtension>
            <ns3:hr>113</ns3:hr>
          </ns3:TrackPointExtension>
        </extensions>
      </trkpt>
      <trkpt lat="45.6088036112487316131591796875" lon="126.6082744114100933074951171875">
        <ele>159.8000030517578125</ele>
        <time>2026-07-11T03:27:46.000Z</time>
        <extensions>
          <ns3:TrackPointExtension>
            <ns3:hr>111</ns3:hr>
          </ns3:TrackPointExtension>
        </extensions>
      </trkpt>
      <trkpt lat="45.6088589318096637725830078125" lon="126.60818967036902904510498046875">
        <ele>159.600006103515625</ele>
        <time>2026-07-11T03:27:48.000Z</time>
        <extensions>
          <ns3:TrackPointExtension>
            <ns3:hr>111</ns3:hr>
          </ns3:TrackPointExtension>
        </extensions>
      </trkpt>
      <trkpt lat="45.6090761907398700714111328125" lon="126.60790971480309963226318359375">
        <ele>159.8000030517578125</ele>
        <time>2026-07-11T03:27:55.000Z</time>
        <extensions>
          <ns3:TrackPointExtension>
            <ns3:hr>108</ns3:hr>
          </ns3:TrackPointExtension>
        </extensions>
      </trkpt>
      <trkpt lat="45.60909706167876720428466796875" lon="126.6078616864979267120361328125">
        <ele>159.8000030517578125</ele>
        <time>2026-07-11T03:27:56.000Z</time>
        <extensions>
          <ns3:TrackPointExtension>
            <ns3:hr>108</ns3:hr>
          </ns3:TrackPointExtension>
        </extensions>
      </trkpt>
      <trkpt lat="45.60909974388778209686279296875" lon="126.6078083775937557220458984375">
        <ele>160</ele>
        <time>2026-07-11T03:27:57.000Z</time>
        <extensions>
          <ns3:TrackPointExtension>
            <ns3:hr>108</ns3:hr>
          </ns3:TrackPointExtension>
        </extensions>
      </trkpt>
      <trkpt lat="45.6090728379786014556884765625" lon="126.60770921967923641204833984375">
        <ele>160</ele>
        <time>2026-07-11T03:27:59.000Z</time>
        <extensions>
          <ns3:TrackPointExtension>
            <ns3:hr>108</ns3:hr>
          </ns3:TrackPointExtension>
        </extensions>
      </trkpt>
      <trkpt lat="45.6089511327445507049560546875" lon="126.60749196074903011322021484375">
        <ele>160</ele>
        <time>2026-07-11T03:28:04.000Z</time>
        <extensions>
          <ns3:TrackPointExtension>
            <ns3:hr>111</ns3:hr>
          </ns3:TrackPointExtension>
        </extensions>
      </trkpt>
      <trkpt lat="45.60877871699631214141845703125" lon="126.60724838264286518096923828125">
        <ele>160.1999969482421875</ele>
        <time>2026-07-11T03:28:11.000Z</time>
        <extensions>
          <ns3:TrackPointExtension>
            <ns3:hr>114</ns3:hr>
          </ns3:TrackPointExtension>
        </extensions>
      </trkpt>
      <trkpt lat="45.6086252443492412567138671875" lon="126.60713128745555877685546875">
        <ele>160.399993896484375</ele>
        <time>2026-07-11T03:28:17.000Z</time>
        <extensions>
          <ns3:TrackPointExtension>
            <ns3:hr>115</ns3:hr>
          </ns3:TrackPointExtension>
        </extensions>
      </trkpt>
      <trkpt lat="45.6086205504834651947021484375" lon="126.60714872181415557861328125">
        <ele>160.1999969482421875</ele>
        <time>2026-07-11T03:28:18.000Z</time>
        <extensions>
          <ns3:TrackPointExtension>
            <ns3:hr>115</ns3:hr>
          </ns3:TrackPointExtension>
        </extensions>
      </trkpt>
      <trkpt lat="45.6086302734911441802978515625" lon="126.6072058863937854766845703125">
        <ele>160.1999969482421875</ele>
        <time>2026-07-11T03:28:20.000Z</time>
        <extensions>
          <ns3:TrackPointExtension>
            <ns3:hr>115</ns3:hr>
          </ns3:TrackPointExtension>
        </extensions>
      </trkpt>
      <trkpt lat="45.608574450016021728515625" lon="126.60723094828426837921142578125">
        <ele>160.1999969482421875</ele>
        <time>2026-07-11T03:28:22.000Z</time>
        <extensions>
          <ns3:TrackPointExtension>
            <ns3:hr>115</ns3:hr>
          </ns3:TrackPointExtension>
        </extensions>
      </trkpt>
      <trkpt lat="45.6085347197949886322021484375" lon="126.60723346285521984100341796875">
        <ele>160.1999969482421875</ele>
        <time>2026-07-11T03:28:23.000Z</time>
        <extensions>
          <ns3:TrackPointExtension>
            <ns3:hr>115</ns3:hr>
          </ns3:TrackPointExtension>
        </extensions>
      </trkpt>
      <trkpt lat="45.60824981890618801116943359375" lon="126.60728157497942447662353515625">
        <ele>160</ele>
        <time>2026-07-11T03:28:30.000Z</time>
        <extensions>
          <ns3:TrackPointExtension>
            <ns3:hr>115</ns3:hr>
          </ns3:TrackPointExtension>
        </extensions>
      </trkpt>
      <trkpt lat="45.608150996267795562744140625" lon="126.6072995960712432861328125">
        <ele>159</ele>
        <time>2026-07-11T03:28:33.000Z</time>
        <extensions>
          <ns3:TrackPointExtension>
            <ns3:hr>113</ns3:hr>
          </ns3:TrackPointExtension>
        </extensions>
      </trkpt>
      <trkpt lat="45.60803188942372798919677734375" lon="126.60732834599912166595458984375">
        <ele>159</ele>
        <time>2026-07-11T03:28:37.000Z</time>
        <extensions>
          <ns3:TrackPointExtension>
            <ns3:hr>113</ns3:hr>
          </ns3:TrackPointExtension>
        </extensions>
      </trkpt>
      <trkpt lat="45.60791152529418468475341796875" lon="126.60744535736739635467529296875">
        <ele>159.1999969482421875</ele>
        <time>2026-07-11T03:28:42.000Z</time>
        <extensions>
          <ns3:TrackPointExtension>
            <ns3:hr>113</ns3:hr>
          </ns3:TrackPointExtension>
        </extensions>
      </trkpt>
      <trkpt lat="45.60777045786380767822265625" lon="126.607455499470233917236328125">
        <ele>159.1999969482421875</ele>
        <time>2026-07-11T03:28:46.000Z</time>
        <extensions>
          <ns3:TrackPointExtension>
            <ns3:hr>114</ns3:hr>
          </ns3:TrackPointExtension>
        </extensions>
      </trkpt>
      <trkpt lat="45.60763525776565074920654296875" lon="126.607370674610137939453125">
        <ele>159.1999969482421875</ele>
        <time>2026-07-11T03:28:50.000Z</time>
        <extensions>
          <ns3:TrackPointExtension>
            <ns3:hr>117</ns3:hr>
          </ns3:TrackPointExtension>
        </extensions>
      </trkpt>
      <trkpt lat="45.6075617484748363494873046875" lon="126.6073215566575527191162109375">
        <ele>159</ele>
        <time>2026-07-11T03:28:52.000Z</time>
        <extensions>
          <ns3:TrackPointExtension>
            <ns3:hr>117</ns3:hr>
          </ns3:TrackPointExtension>
        </extensions>
      </trkpt>
      <trkpt lat="45.607414729893207550048828125" lon="126.60712064243853092193603515625">
        <ele>159</ele>
        <time>2026-07-11T03:28:58.000Z</time>
        <extensions>
          <ns3:TrackPointExtension>
            <ns3:hr>117</ns3:hr>
          </ns3:TrackPointExtension>
        </extensions>
      </trkpt>
      <trkpt lat="45.6073505245149135589599609375" lon="126.60673239268362522125244140625">
        <ele>159.1999969482421875</ele>
        <time>2026-07-11T03:29:06.000Z</time>
        <extensions>
          <ns3:TrackPointExtension>
            <ns3:hr>115</ns3:hr>
          </ns3:TrackPointExtension>
        </extensions>
      </trkpt>
      <trkpt lat="45.60732311569154262542724609375" lon="126.6065460629761219024658203125">
        <ele>159.600006103515625</ele>
        <time>2026-07-11T03:29:10.000Z</time>
        <extensions>
          <ns3:TrackPointExtension>
            <ns3:hr>111</ns3:hr>
          </ns3:TrackPointExtension>
        </extensions>
      </trkpt>
      <trkpt lat="45.60730618424713611602783203125" lon="126.60645763389766216278076171875">
        <ele>159.8000030517578125</ele>
        <time>2026-07-11T03:29:12.000Z</time>
        <extensions>
          <ns3:TrackPointExtension>
            <ns3:hr>108</ns3:hr>
          </ns3:TrackPointExtension>
        </extensions>
      </trkpt>
      <trkpt lat="45.607290007174015045166015625" lon="126.60638186149299144744873046875">
        <ele>159.8000030517578125</ele>
        <time>2026-07-11T03:29:14.000Z</time>
        <extensions>
          <ns3:TrackPointExtension>
            <ns3:hr>108</ns3:hr>
          </ns3:TrackPointExtension>
        </extensions>
      </trkpt>
      <trkpt lat="45.60719554312527179718017578125" lon="126.60629686899483203887939453125">
        <ele>160</ele>
        <time>2026-07-11T03:29:18.000Z</time>
        <extensions>
          <ns3:TrackPointExtension>
            <ns3:hr>108</ns3:hr>
          </ns3:TrackPointExtension>
        </extensions>
      </trkpt>
      <trkpt lat="45.60711088590323925018310546875" lon="126.60624372772872447967529296875">
        <ele>160.1999969482421875</ele>
        <time>2026-07-11T03:29:21.000Z</time>
        <extensions>
          <ns3:TrackPointExtension>
            <ns3:hr>106</ns3:hr>
          </ns3:TrackPointExtension>
        </extensions>
      </trkpt>
      <trkpt lat="45.606944672763347625732421875" lon="126.6061413846909999847412109375">
        <ele>160.399993896484375</ele>
        <time>2026-07-11T03:29:27.000Z</time>
        <extensions>
          <ns3:TrackPointExtension>
            <ns3:hr>106</ns3:hr>
          </ns3:TrackPointExtension>
        </extensions>
      </trkpt>
      <trkpt lat="45.6067487038671970367431640625" lon="126.6060300730168819427490234375">
        <ele>160.399993896484375</ele>
        <time>2026-07-11T03:29:33.000Z</time>
        <extensions>
          <ns3:TrackPointExtension>
            <ns3:hr>109</ns3:hr>
          </ns3:TrackPointExtension>
        </extensions>
      </trkpt>
      <trkpt lat="45.606444440782070159912109375" lon="126.60589185543358325958251953125">
        <ele>160.399993896484375</ele>
        <time>2026-07-11T03:29:42.000Z</time>
        <extensions>
          <ns3:TrackPointExtension>
            <ns3:hr>111</ns3:hr>
          </ns3:TrackPointExtension>
        </extensions>
      </trkpt>
      <trkpt lat="45.6063031218945980072021484375" lon="126.60582781769335269927978515625">
        <ele>160.399993896484375</ele>
        <time>2026-07-11T03:29:46.000Z</time>
        <extensions>
          <ns3:TrackPointExtension>
            <ns3:hr>114</ns3:hr>
          </ns3:TrackPointExtension>
        </extensions>
      </trkpt>
      <trkpt lat="45.6060603819787502288818359375" lon="126.60569404251873493194580078125">
        <ele>160.8000030517578125</ele>
        <time>2026-07-11T03:29:53.000Z</time>
        <extensions>
          <ns3:TrackPointExtension>
            <ns3:hr>115</ns3:hr>
          </ns3:TrackPointExtension>
        </extensions>
      </trkpt>
      <trkpt lat="45.60591797344386577606201171875" lon="126.60558708943426609039306640625">
        <ele>160.8000030517578125</ele>
        <time>2026-07-11T03:29:57.000Z</time>
        <extensions>
          <ns3:TrackPointExtension>
            <ns3:hr>118</ns3:hr>
          </ns3:TrackPointExtension>
        </extensions>
      </trkpt>
      <trkpt lat="45.60580465011298656463623046875" lon="126.60548483021557331085205078125">
        <ele>160.600006103515625</ele>
        <time>2026-07-11T03:30:00.000Z</time>
        <extensions>
          <ns3:TrackPointExtension>
            <ns3:hr>119</ns3:hr>
          </ns3:TrackPointExtension>
        </extensions>
      </trkpt>
      <trkpt lat="45.60572887770831584930419921875" lon="126.60541174001991748809814453125">
        <ele>160.600006103515625</ele>
        <time>2026-07-11T03:30:02.000Z</time>
        <extensions>
          <ns3:TrackPointExtension>
            <ns3:hr>122</ns3:hr>
          </ns3:TrackPointExtension>
        </extensions>
      </trkpt>
      <trkpt lat="45.605595521628856658935546875" lon="126.6052629612386226654052734375">
        <ele>160.600006103515625</ele>
        <time>2026-07-11T03:30:06.000Z</time>
        <extensions>
          <ns3:TrackPointExtension>
            <ns3:hr>125</ns3:hr>
          </ns3:TrackPointExtension>
        </extensions>
      </trkpt>
      <trkpt lat="45.60556299984455108642578125" lon="126.6052307747304439544677734375">
        <ele>160.8000030517578125</ele>
        <time>2026-07-11T03:30:07.000Z</time>
        <extensions>
          <ns3:TrackPointExtension>
            <ns3:hr>125</ns3:hr>
          </ns3:TrackPointExtension>
        </extensions>
      </trkpt>
      <trkpt lat="45.6054143048822879791259765625" lon="126.605053581297397613525390625">
        <ele>160.600006103515625</ele>
        <time>2026-07-11T03:30:12.000Z</time>
        <extensions>
          <ns3:TrackPointExtension>
            <ns3:hr>120</ns3:hr>
          </ns3:TrackPointExtension>
        </extensions>
      </trkpt>
      <trkpt lat="45.605388991534709930419921875" lon="126.60501611419022083282470703125">
        <ele>160.600006103515625</ele>
        <time>2026-07-11T03:30:13.000Z</time>
        <extensions>
          <ns3:TrackPointExtension>
            <ns3:hr>117</ns3:hr>
          </ns3:TrackPointExtension>
        </extensions>
      </trkpt>
      <trkpt lat="45.6052993051707744598388671875" lon="126.60492324270308017730712890625">
        <ele>160.600006103515625</ele>
        <time>2026-07-11T03:30:16.000Z</time>
        <extensions>
          <ns3:TrackPointExtension>
            <ns3:hr>114</ns3:hr>
          </ns3:TrackPointExtension>
        </extensions>
      </trkpt>
      <trkpt lat="45.60524406842887401580810546875" lon="126.604879908263683319091796875">
        <ele>161</ele>
        <time>2026-07-11T03:30:18.000Z</time>
        <extensions>
          <ns3:TrackPointExtension>
            <ns3:hr>114</ns3:hr>
          </ns3:TrackPointExtension>
        </extensions>
      </trkpt>
      <trkpt lat="45.60522311367094516754150390625" lon="126.604864485561847686767578125">
        <ele>161.1999969482421875</ele>
        <time>2026-07-11T03:30:19.000Z</time>
        <extensions>
          <ns3:TrackPointExtension>
            <ns3:hr>113</ns3:hr>
          </ns3:TrackPointExtension>
        </extensions>
      </trkpt>
      <trkpt lat="45.6051581539213657379150390625" lon="126.604820229113101959228515625">
        <ele>161.1999969482421875</ele>
        <time>2026-07-11T03:30:23.000Z</time>
        <extensions>
          <ns3:TrackPointExtension>
            <ns3:hr>112</ns3:hr>
          </ns3:TrackPointExtension>
        </extensions>
      </trkpt>
      <trkpt lat="45.60513518750667572021484375" lon="126.60473682917654514312744140625">
        <ele>161.399993896484375</ele>
        <time>2026-07-11T03:30:28.000Z</time>
        <extensions>
          <ns3:TrackPointExtension>
            <ns3:hr>113</ns3:hr>
          </ns3:TrackPointExtension>
        </extensions>
      </trkpt>
      <trkpt lat="45.60505564324557781219482421875" lon="126.60460556857287883758544921875">
        <ele>161.600006103515625</ele>
        <time>2026-07-11T03:30:34.000Z</time>
        <extensions>
          <ns3:TrackPointExtension>
            <ns3:hr>113</ns3:hr>
          </ns3:TrackPointExtension>
        </extensions>
      </trkpt>
      <trkpt lat="45.6050320900976657867431640625" lon="126.6046088375151157379150390625">
        <ele>161.399993896484375</ele>
        <time>2026-07-11T03:30:37.000Z</time>
        <extensions>
          <ns3:TrackPointExtension>
            <ns3:hr>116</ns3:hr>
          </ns3:TrackPointExtension>
        </extensions>
      </trkpt>
      <trkpt lat="45.60502865351736545562744140625" lon="126.6046093404293060302734375">
        <ele>161.399993896484375</ele>
        <time>2026-07-11T03:30:38.000Z</time>
        <extensions>
          <ns3:TrackPointExtension>
            <ns3:hr>117</ns3:hr>
          </ns3:TrackPointExtension>
        </extensions>
      </trkpt>
      <trkpt lat="45.60500300489366054534912109375" lon="126.60458629019558429718017578125">
        <ele>161.399993896484375</ele>
        <time>2026-07-11T03:30:44.000Z</time>
        <extensions>
          <ns3:TrackPointExtension>
            <ns3:hr>115</ns3:hr>
          </ns3:TrackPointExtension>
        </extensions>
      </trkpt>
      <trkpt lat="45.60498305596411228179931640625" lon="126.6045449674129486083984375">
        <ele>161.399993896484375</ele>
        <time>2026-07-11T03:30:48.000Z</time>
        <extensions>
          <ns3:TrackPointExtension>
            <ns3:hr>114</ns3:hr>
          </ns3:TrackPointExtension>
        </extensions>
      </trkpt>
      <trkpt lat="45.6049683876335620880126953125" lon="126.6045266948640346527099609375">
        <ele>161.399993896484375</ele>
        <time>2026-07-11T03:30:50.000Z</time>
        <extensions>
          <ns3:TrackPointExtension>
            <ns3:hr>114</ns3:hr>
          </ns3:TrackPointExtension>
        </extensions>
      </trkpt>
      <trkpt lat="45.6049640290439128875732421875" lon="126.6045370884239673614501953125">
        <ele>161.399993896484375</ele>
        <time>2026-07-11T03:30:54.000Z</time>
        <extensions>
          <ns3:TrackPointExtension>
            <ns3:hr>114</ns3:hr>
          </ns3:TrackPointExtension>
        </extensions>
      </trkpt>
      <trkpt lat="45.6049521267414093017578125" lon="126.604516804218292236328125">
        <ele>161.399993896484375</ele>
        <time>2026-07-11T03:30:58.000Z</time>
        <extensions>
          <ns3:TrackPointExtension>
            <ns3:hr>117</ns3:hr>
          </ns3:TrackPointExtension>
        </extensions>
      </trkpt>
      <trkpt lat="45.60494952835142612457275390625" lon="126.604507081210613250732421875">
        <ele>161.399993896484375</ele>
        <time>2026-07-11T03:31:01.000Z</time>
        <extensions>
          <ns3:TrackPointExtension>
            <ns3:hr>116</ns3:hr>
          </ns3:TrackPointExtension>
        </extensions>
      </trkpt>
      <trkpt lat="45.60495237819850444793701171875" lon="126.60451806150376796722412109375">
        <ele>161.399993896484375</ele>
        <time>2026-07-11T03:31:08.000Z</time>
        <extensions>
          <ns3:TrackPointExtension>
            <ns3:hr>114</ns3:hr>
          </ns3:TrackPointExtension>
        </extensions>
      </trkpt>
      <trkpt lat="45.60495807789266109466552734375" lon="126.60455209203064441680908203125">
        <ele>161.399993896484375</ele>
        <time>2026-07-11T03:31:15.000Z</time>
        <extensions>
          <ns3:TrackPointExtension>
            <ns3:hr>113</ns3:hr>
          </ns3:TrackPointExtension>
        </extensions>
      </trkpt>
      <trkpt lat="45.6049422360956668853759765625" lon="126.6045474819839000701904296875">
        <ele>161.399993896484375</ele>
        <time>2026-07-11T03:31:19.000Z</time>
        <extensions>
          <ns3:TrackPointExtension>
            <ns3:hr>110</ns3:hr>
          </ns3:TrackPointExtension>
        </extensions>
      </trkpt>
      <trkpt lat="45.6049274839460849761962890625" lon="126.6045441292226314544677734375">
        <ele>161.399993896484375</ele>
        <time>2026-07-11T03:31:24.000Z</time>
        <extensions>
          <ns3:TrackPointExtension>
            <ns3:hr>108</ns3:hr>
          </ns3:TrackPointExtension>
        </extensions>
      </trkpt>
      <trkpt lat="45.60492857359349727630615234375" lon="126.6045474819839000701904296875">
        <ele>161.399993896484375</ele>
        <time>2026-07-11T03:31:26.000Z</time>
        <extensions>
          <ns3:TrackPointExtension>
            <ns3:hr>104</ns3:hr>
          </ns3:TrackPointExtension>
        </extensions>
      </trkpt>
      <trkpt lat="45.60492756776511669158935546875" lon="126.604548990726470947265625">
        <ele>161.399993896484375</ele>
        <time>2026-07-11T03:31:28.000Z</time>
        <extensions>
          <ns3:TrackPointExtension>
            <ns3:hr>101</ns3:hr>
          </ns3:TrackPointExtension>
        </extensions>
      </trkpt>
      <trkpt lat="45.60492823831737041473388671875" lon="126.6045394353568553924560546875">
        <ele>161.399993896484375</ele>
        <time>2026-07-11T03:31:32.000Z</time>
        <extensions>
          <ns3:TrackPointExtension>
            <ns3:hr>99</ns3:hr>
          </ns3:TrackPointExtension>
        </extensions>
      </trkpt>
      <trkpt lat="45.6049167551100254058837890625" lon="126.60453566350042819976806640625">
        <ele>161.399993896484375</ele>
        <time>2026-07-11T03:31:35.000Z</time>
        <extensions>
          <ns3:TrackPointExtension>
            <ns3:hr>98</ns3:hr>
          </ns3:TrackPointExtension>
        </extensions>
      </trkpt>
      <trkpt lat="45.60489487834274768829345703125" lon="126.60453516058623790740966796875">
        <ele>161.399993896484375</ele>
        <time>2026-07-11T03:31:37.000Z</time>
        <extensions>
          <ns3:TrackPointExtension>
            <ns3:hr>97</ns3:hr>
          </ns3:TrackPointExtension>
        </extensions>
      </trkpt>
      <trkpt lat="45.60482807457447052001953125" lon="126.60452879033982753753662109375">
        <ele>161</ele>
        <time>2026-07-11T03:31:42.000Z</time>
        <extensions>
          <ns3:TrackPointExtension>
            <ns3:hr>97</ns3:hr>
          </ns3:TrackPointExtension>
        </extensions>
      </trkpt>
      <trkpt lat="45.60482128523290157318115234375" lon="126.6045250184834003448486328125">
        <ele>161</ele>
        <time>2026-07-11T03:31:43.000Z</time>
        <extensions>
          <ns3:TrackPointExtension>
            <ns3:hr>96</ns3:hr>
          </ns3:TrackPointExtension>
        </extensions>
      </trkpt>
      <trkpt lat="45.6047715805470943450927734375" lon="126.60449995659291744232177734375">
        <ele>161</ele>
        <time>2026-07-11T03:31:48.000Z</time>
        <extensions>
          <ns3:TrackPointExtension>
            <ns3:hr>96</ns3:hr>
          </ns3:TrackPointExtension>
        </extensions>
      </trkpt>
      <trkpt lat="45.60466269962489604949951171875" lon="126.60452158190310001373291015625">
        <ele>161.399993896484375</ele>
        <time>2026-07-11T03:31:54.000Z</time>
        <extensions>
          <ns3:TrackPointExtension>
            <ns3:hr>96</ns3:hr>
          </ns3:TrackPointExtension>
        </extensions>
      </trkpt>
      <trkpt lat="45.6045680679380893707275390625" lon="126.60452946089208126068115234375">
        <ele>161.399993896484375</ele>
        <time>2026-07-11T03:31:59.000Z</time>
        <extensions>
          <ns3:TrackPointExtension>
            <ns3:hr>96</ns3:hr>
          </ns3:TrackPointExtension>
        </extensions>
      </trkpt>
      <trkpt lat="45.604541413486003875732421875" lon="126.60451806150376796722412109375">
        <ele>161.399993896484375</ele>
        <time>2026-07-11T03:32:01.000Z</time>
        <extensions>
          <ns3:TrackPointExtension>
            <ns3:hr>96</ns3:hr>
          </ns3:TrackPointExtension>
        </extensions>
      </trkpt>
      <trkpt lat="45.6045187823474407196044921875" lon="126.6045149601995944976806640625">
        <ele>161.399993896484375</ele>
        <time>2026-07-11T03:32:03.000Z</time>
        <extensions>
          <ns3:TrackPointExtension>
            <ns3:hr>96</ns3:hr>
          </ns3:TrackPointExtension>
        </extensions>
      </trkpt>
      <trkpt lat="45.60442113317549228668212890625" lon="126.6045062430202960968017578125">
        <ele>161.600006103515625</ele>
        <time>2026-07-11T03:32:09.000Z</time>
        <extensions>
          <ns3:TrackPointExtension>
            <ns3:hr>96</ns3:hr>
          </ns3:TrackPointExtension>
        </extensions>
      </trkpt>
      <trkpt lat="45.60432993806898593902587890625" lon="126.60452275536954402923583984375">
        <ele>161.600006103515625</ele>
        <time>2026-07-11T03:32:14.000Z</time>
        <extensions>
          <ns3:TrackPointExtension>
            <ns3:hr>99</ns3:hr>
          </ns3:TrackPointExtension>
        </extensions>
      </trkpt>
      <trkpt lat="45.60426346957683563232421875" lon="126.60454521887004375457763671875">
        <ele>161.600006103515625</ele>
        <time>2026-07-11T03:32:17.000Z</time>
        <extensions>
          <ns3:TrackPointExtension>
            <ns3:hr>98</ns3:hr>
          </ns3:TrackPointExtension>
        </extensions>
      </trkpt>
      <trkpt lat="45.60409960336983203887939453125" lon="126.604633145034313201904296875">
        <ele>161</ele>
        <time>2026-07-11T03:32:23.000Z</time>
        <extensions>
          <ns3:TrackPointExtension>
            <ns3:hr>100</ns3:hr>
          </ns3:TrackPointExtension>
        </extensions>
      </trkpt>
      <trkpt lat="45.603908412158489227294921875" lon="126.60475292243063449859619140625">
        <ele>161</ele>
        <time>2026-07-11T03:32:28.000Z</time>
        <extensions>
          <ns3:TrackPointExtension>
            <ns3:hr>102</ns3:hr>
          </ns3:TrackPointExtension>
        </extensions>
      </trkpt>
      <trkpt lat="45.60372929088771343231201171875" lon="126.604819558560848236083984375">
        <ele>161</ele>
        <time>2026-07-11T03:32:32.000Z</time>
        <extensions>
          <ns3:TrackPointExtension>
            <ns3:hr>103</ns3:hr>
          </ns3:TrackPointExtension>
        </extensions>
      </trkpt>
      <trkpt lat="45.603656955063343048095703125" lon="126.6048425249755382537841796875">
        <ele>161.399993896484375</ele>
        <time>2026-07-11T03:32:34.000Z</time>
        <extensions>
          <ns3:TrackPointExtension>
            <ns3:hr>103</ns3:hr>
          </ns3:TrackPointExtension>
        </extensions>
      </trkpt>
      <trkpt lat="45.60353902168571949005126953125" lon="126.604884602129459381103515625">
        <ele>162.1999969482421875</ele>
        <time>2026-07-11T03:32:38.000Z</time>
        <extensions>
          <ns3:TrackPointExtension>
            <ns3:hr>105</ns3:hr>
          </ns3:TrackPointExtension>
        </extensions>
      </trkpt>
      <trkpt lat="45.60351245105266571044921875" lon="126.60488896071910858154296875">
        <ele>162.1999969482421875</ele>
        <time>2026-07-11T03:32:39.000Z</time>
        <extensions>
          <ns3:TrackPointExtension>
            <ns3:hr>105</ns3:hr>
          </ns3:TrackPointExtension>
        </extensions>
      </trkpt>
      <trkpt lat="45.60338160954415798187255859375" lon="126.6049300320446491241455078125">
        <ele>162.1999969482421875</ele>
        <time>2026-07-11T03:32:43.000Z</time>
        <extensions>
          <ns3:TrackPointExtension>
            <ns3:hr>102</ns3:hr>
          </ns3:TrackPointExtension>
        </extensions>
      </trkpt>
      <trkpt lat="45.60333970002830028533935546875" lon="126.60495207644999027252197265625">
        <ele>161.8000030517578125</ele>
        <time>2026-07-11T03:32:44.000Z</time>
        <extensions>
          <ns3:TrackPointExtension>
            <ns3:hr>101</ns3:hr>
          </ns3:TrackPointExtension>
        </extensions>
      </trkpt>
      <trkpt lat="45.60330030508339405059814453125" lon="126.60497940145432949066162109375">
        <ele>161.600006103515625</ele>
        <time>2026-07-11T03:32:45.000Z</time>
        <extensions>
          <ns3:TrackPointExtension>
            <ns3:hr>101</ns3:hr>
          </ns3:TrackPointExtension>
        </extensions>
      </trkpt>
      <trkpt lat="45.6032085232436656951904296875" lon="126.6050416789948940277099609375">
        <ele>161.1999969482421875</ele>
        <time>2026-07-11T03:32:47.000Z</time>
        <extensions>
          <ns3:TrackPointExtension>
            <ns3:hr>100</ns3:hr>
          </ns3:TrackPointExtension>
        </extensions>
      </trkpt>
      <trkpt lat="45.603073574602603912353515625" lon="126.60514242947101593017578125">
        <ele>160.8000030517578125</ele>
        <time>2026-07-11T03:32:50.000Z</time>
        <extensions>
          <ns3:TrackPointExtension>
            <ns3:hr>102</ns3:hr>
          </ns3:TrackPointExtension>
        </extensions>
      </trkpt>
      <trkpt lat="45.60295681469142436981201171875" lon="126.60524569451808929443359375">
        <ele>160.600006103515625</ele>
        <time>2026-07-11T03:32:53.000Z</time>
        <extensions>
          <ns3:TrackPointExtension>
            <ns3:hr>103</ns3:hr>
          </ns3:TrackPointExtension>
        </extensions>
      </trkpt>
      <trkpt lat="45.6028734147548675537109375" lon="126.60531786270439624786376953125">
        <ele>160.8000030517578125</ele>
        <time>2026-07-11T03:32:55.000Z</time>
        <extensions>
          <ns3:TrackPointExtension>
            <ns3:hr>102</ns3:hr>
          </ns3:TrackPointExtension>
        </extensions>
      </trkpt>
      <trkpt lat="45.60263360850512981414794921875" lon="126.60552891902625560760498046875">
        <ele>160</ele>
        <time>2026-07-11T03:33:00.000Z</time>
        <extensions>
          <ns3:TrackPointExtension>
            <ns3:hr>103</ns3:hr>
          </ns3:TrackPointExtension>
        </extensions>
      </trkpt>
      <trkpt lat="45.6025852449238300323486328125" lon="126.6055794619023799896240234375">
        <ele>159.8000030517578125</ele>
        <time>2026-07-11T03:33:01.000Z</time>
        <extensions>
          <ns3:TrackPointExtension>
            <ns3:hr>103</ns3:hr>
          </ns3:TrackPointExtension>
        </extensions>
      </trkpt>
      <trkpt lat="45.60222323052585124969482421875" lon="126.60587995313107967376708984375">
        <ele>159.600006103515625</ele>
        <time>2026-07-11T03:33:08.000Z</time>
        <extensions>
          <ns3:TrackPointExtension>
            <ns3:hr>105</ns3:hr>
          </ns3:TrackPointExtension>
        </extensions>
      </trkpt>
      <trkpt lat="45.60196473263204097747802734375" lon="126.60606469027698040008544921875">
        <ele>159.600006103515625</ele>
        <time>2026-07-11T03:33:13.000Z</time>
        <extensions>
          <ns3:TrackPointExtension>
            <ns3:hr>106</ns3:hr>
          </ns3:TrackPointExtension>
        </extensions>
      </trkpt>
      <trkpt lat="45.60180597938597202301025390625" lon="126.60617784596979618072509765625">
        <ele>160</ele>
        <time>2026-07-11T03:33:16.000Z</time>
        <extensions>
          <ns3:TrackPointExtension>
            <ns3:hr>109</ns3:hr>
          </ns3:TrackPointExtension>
        </extensions>
      </trkpt>
      <trkpt lat="45.60169097967445850372314453125" lon="126.60625286400318145751953125">
        <ele>160</ele>
        <time>2026-07-11T03:33:18.000Z</time>
        <extensions>
          <ns3:TrackPointExtension>
            <ns3:hr>109</ns3:hr>
          </ns3:TrackPointExtension>
        </extensions>
      </trkpt>
      <trkpt lat="45.601405240595340728759765625" lon="126.60645545460283756256103515625">
        <ele>161.1999969482421875</ele>
        <time>2026-07-11T03:33:23.000Z</time>
        <extensions>
          <ns3:TrackPointExtension>
            <ns3:hr>112</ns3:hr>
          </ns3:TrackPointExtension>
        </extensions>
      </trkpt>
      <trkpt lat="45.60134514234960079193115234375" lon="126.60649334080517292022705078125">
        <ele>161.399993896484375</ele>
        <time>2026-07-11T03:33:24.000Z</time>
        <extensions>
          <ns3:TrackPointExtension>
            <ns3:hr>112</ns3:hr>
          </ns3:TrackPointExtension>
        </extensions>
      </trkpt>
      <trkpt lat="45.60108513571321964263916015625" lon="126.60665896721184253692626953125">
        <ele>162.399993896484375</ele>
        <time>2026-07-11T03:33:29.000Z</time>
        <extensions>
          <ns3:TrackPointExtension>
            <ns3:hr>115</ns3:hr>
          </ns3:TrackPointExtension>
        </extensions>
      </trkpt>
      <trkpt lat="45.60103333555161952972412109375" lon="126.60668863914906978607177734375">
        <ele>162.600006103515625</ele>
        <time>2026-07-11T03:33:30.000Z</time>
        <extensions>
          <ns3:TrackPointExtension>
            <ns3:hr>116</ns3:hr>
          </ns3:TrackPointExtension>
        </extensions>
      </trkpt>
      <trkpt lat="45.60081926174461841583251953125" lon="126.60681436769664287567138671875">
        <ele>162.8000030517578125</ele>
        <time>2026-07-11T03:33:34.000Z</time>
        <extensions>
          <ns3:TrackPointExtension>
            <ns3:hr>120</ns3:hr>
          </ns3:TrackPointExtension>
        </extensions>
      </trkpt>
      <trkpt lat="45.60076695866882801055908203125" lon="126.6068344004452228546142578125">
        <ele>162.8000030517578125</ele>
        <time>2026-07-11T03:33:35.000Z</time>
        <extensions>
          <ns3:TrackPointExtension>
            <ns3:hr>122</ns3:hr>
          </ns3:TrackPointExtension>
        </extensions>
      </trkpt>
      <trkpt lat="45.60066168196499347686767578125" lon="126.6068679280579090118408203125">
        <ele>162.8000030517578125</ele>
        <time>2026-07-11T03:33:37.000Z</time>
        <extensions>
          <ns3:TrackPointExtension>
            <ns3:hr>125</ns3:hr>
          </ns3:TrackPointExtension>
        </extensions>
      </trkpt>
      <trkpt lat="45.6005021743476390838623046875" lon="126.60689634270966053009033203125">
        <ele>162.600006103515625</ele>
        <time>2026-07-11T03:33:40.000Z</time>
        <extensions>
          <ns3:TrackPointExtension>
            <ns3:hr>124</ns3:hr>
          </ns3:TrackPointExtension>
        </extensions>
      </trkpt>
      <trkpt lat="45.600168742239475250244140625" lon="126.6070161201059818267822265625">
        <ele>162.399993896484375</ele>
        <time>2026-07-11T03:33:46.000Z</time>
        <extensions>
          <ns3:TrackPointExtension>
            <ns3:hr>125</ns3:hr>
          </ns3:TrackPointExtension>
        </extensions>
      </trkpt>
      <trkpt lat="45.59982399456202983856201171875" lon="126.60715215839445590972900390625">
        <ele>162.1999969482421875</ele>
        <time>2026-07-11T03:33:52.000Z</time>
        <extensions>
          <ns3:TrackPointExtension>
            <ns3:hr>124</ns3:hr>
          </ns3:TrackPointExtension>
        </extensions>
      </trkpt>
      <trkpt lat="45.5994755588471889495849609375" lon="126.60728224553167819976806640625">
        <ele>162.1999969482421875</ele>
        <time>2026-07-11T03:33:58.000Z</time>
        <extensions>
          <ns3:TrackPointExtension>
            <ns3:hr>127</ns3:hr>
          </ns3:TrackPointExtension>
        </extensions>
      </trkpt>
      <trkpt lat="45.599415041506290435791015625" lon="126.60730554722249507904052734375">
        <ele>162.1999969482421875</ele>
        <time>2026-07-11T03:33:59.000Z</time>
        <extensions>
          <ns3:TrackPointExtension>
            <ns3:hr>127</ns3:hr>
          </ns3:TrackPointExtension>
        </extensions>
      </trkpt>
      <trkpt lat="45.599248409271240234375" lon="126.60738685168325901031494140625">
        <ele>162</ele>
        <time>2026-07-11T03:34:02.000Z</time>
        <extensions>
          <ns3:TrackPointExtension>
            <ns3:hr>131</ns3:hr>
          </ns3:TrackPointExtension>
        </extensions>
      </trkpt>
      <trkpt lat="45.59913952834904193878173828125" lon="126.6074419207870960235595703125">
        <ele>162</ele>
        <time>2026-07-11T03:34:04.000Z</time>
        <extensions>
          <ns3:TrackPointExtension>
            <ns3:hr>135</ns3:hr>
          </ns3:TrackPointExtension>
        </extensions>
      </trkpt>
      <trkpt lat="45.599084459245204925537109375" lon="126.60747016780078411102294921875">
        <ele>162</ele>
        <time>2026-07-11T03:34:05.000Z</time>
        <extensions>
          <ns3:TrackPointExtension>
            <ns3:hr>135</ns3:hr>
          </ns3:TrackPointExtension>
        </extensions>
      </trkpt>
      <trkpt lat="45.598898045718669891357421875" lon="126.60755599848926067352294921875">
        <ele>163</ele>
        <time>2026-07-11T03:34:09.000Z</time>
        <extensions>
          <ns3:TrackPointExtension>
            <ns3:hr>136</ns3:hr>
          </ns3:TrackPointExtension>
        </extensions>
      </trkpt>
      <trkpt lat="45.59866192750632762908935546875" lon="126.60766177810728549957275390625">
        <ele>162.1999969482421875</ele>
        <time>2026-07-11T03:34:13.000Z</time>
        <extensions>
          <ns3:TrackPointExtension>
            <ns3:hr>134</ns3:hr>
          </ns3:TrackPointExtension>
        </extensions>
      </trkpt>
      <trkpt lat="45.5984378792345523834228515625" lon="126.60777728073298931121826171875">
        <ele>162</ele>
        <time>2026-07-11T03:34:17.000Z</time>
        <extensions>
          <ns3:TrackPointExtension>
            <ns3:hr>133</ns3:hr>
          </ns3:TrackPointExtension>
        </extensions>
      </trkpt>
      <trkpt lat="45.59818348847329616546630859375" lon="126.60791315138339996337890625">
        <ele>162.600006103515625</ele>
        <time>2026-07-11T03:34:22.000Z</time>
        <extensions>
          <ns3:TrackPointExtension>
            <ns3:hr>132</ns3:hr>
          </ns3:TrackPointExtension>
        </extensions>
      </trkpt>
      <trkpt lat="45.5981404893100261688232421875" lon="126.60795732401311397552490234375">
        <ele>162.600006103515625</ele>
        <time>2026-07-11T03:34:23.000Z</time>
        <extensions>
          <ns3:TrackPointExtension>
            <ns3:hr>132</ns3:hr>
          </ns3:TrackPointExtension>
        </extensions>
      </trkpt>
      <trkpt lat="45.59807427227497100830078125" lon="126.60803561098873615264892578125">
        <ele>162.600006103515625</ele>
        <time>2026-07-11T03:34:25.000Z</time>
        <extensions>
          <ns3:TrackPointExtension>
            <ns3:hr>131</ns3:hr>
          </ns3:TrackPointExtension>
        </extensions>
      </trkpt>
      <trkpt lat="45.59802062809467315673828125" lon="126.6081258840858936309814453125">
        <ele>162.1999969482421875</ele>
        <time>2026-07-11T03:34:27.000Z</time>
        <extensions>
          <ns3:TrackPointExtension>
            <ns3:hr>130</ns3:hr>
          </ns3:TrackPointExtension>
        </extensions>
      </trkpt>
      <trkpt lat="45.5979212187230587005615234375" lon="126.608283631503582000732421875">
        <ele>162.600006103515625</ele>
        <time>2026-07-11T03:34:31.000Z</time>
        <extensions>
          <ns3:TrackPointExtension>
            <ns3:hr>130</ns3:hr>
          </ns3:TrackPointExtension>
        </extensions>
      </trkpt>
      <trkpt lat="45.59789297170937061309814453125" lon="126.60832176916301250457763671875">
        <ele>162.600006103515625</ele>
        <time>2026-07-11T03:34:32.000Z</time>
        <extensions>
          <ns3:TrackPointExtension>
            <ns3:hr>130</ns3:hr>
          </ns3:TrackPointExtension>
        </extensions>
      </trkpt>
      <trkpt lat="45.597832538187503814697265625" lon="126.60841044969856739044189453125">
        <ele>162.8000030517578125</ele>
        <time>2026-07-11T03:34:35.000Z</time>
        <extensions>
          <ns3:TrackPointExtension>
            <ns3:hr>131</ns3:hr>
          </ns3:TrackPointExtension>
        </extensions>
      </trkpt>
      <trkpt lat="45.59785190038383007049560546875" lon="126.60841128788888454437255859375">
        <ele>162.8000030517578125</ele>
        <time>2026-07-11T03:34:36.000Z</time>
        <extensions>
          <ns3:TrackPointExtension>
            <ns3:hr>131</ns3:hr>
          </ns3:TrackPointExtension>
        </extensions>
      </trkpt>
      <trkpt lat="45.597913004457950592041015625" lon="126.608325205743312835693359375">
        <ele>162.600006103515625</ele>
        <time>2026-07-11T03:34:40.000Z</time>
        <extensions>
          <ns3:TrackPointExtension>
            <ns3:hr>131</ns3:hr>
          </ns3:TrackPointExtension>
        </extensions>
      </trkpt>
      <trkpt lat="45.597972683608531951904296875" lon="126.60820090211927890777587890625">
        <ele>161</ele>
        <time>2026-07-11T03:34:43.000Z</time>
        <extensions>
          <ns3:TrackPointExtension>
            <ns3:hr>129</ns3:hr>
          </ns3:TrackPointExtension>
        </extensions>
      </trkpt>
      <trkpt lat="45.59802758507430553436279296875" lon="126.60811054520308971405029296875">
        <ele>160.600006103515625</ele>
        <time>2026-07-11T03:34:45.000Z</time>
        <extensions>
          <ns3:TrackPointExtension>
            <ns3:hr>129</ns3:hr>
          </ns3:TrackPointExtension>
        </extensions>
      </trkpt>
      <trkpt lat="45.59809212572872638702392578125" lon="126.6080313362181186676025390625">
        <ele>160.1999969482421875</ele>
        <time>2026-07-11T03:34:47.000Z</time>
        <extensions>
          <ns3:TrackPointExtension>
            <ns3:hr>128</ns3:hr>
          </ns3:TrackPointExtension>
        </extensions>
      </trkpt>
      <trkpt lat="45.59819874353706836700439453125" lon="126.60793536342680454254150390625">
        <ele>160.8000030517578125</ele>
        <time>2026-07-11T03:34:50.000Z</time>
        <extensions>
          <ns3:TrackPointExtension>
            <ns3:hr>128</ns3:hr>
          </ns3:TrackPointExtension>
        </extensions>
      </trkpt>
      <trkpt lat="45.59826378710567951202392578125" lon="126.60787761211395263671875">
        <ele>162.8000030517578125</ele>
        <time>2026-07-11T03:34:52.000Z</time>
        <extensions>
          <ns3:TrackPointExtension>
            <ns3:hr>129</ns3:hr>
          </ns3:TrackPointExtension>
        </extensions>
      </trkpt>
      <trkpt lat="45.59836152009665966033935546875" lon="126.60781835205852985382080078125">
        <ele>162.600006103515625</ele>
        <time>2026-07-11T03:34:55.000Z</time>
        <extensions>
          <ns3:TrackPointExtension>
            <ns3:hr>128</ns3:hr>
          </ns3:TrackPointExtension>
        </extensions>
      </trkpt>
      <trkpt lat="45.5984799563884735107421875" lon="126.60777694545686244964599609375">
        <ele>162.399993896484375</ele>
        <time>2026-07-11T03:34:59.000Z</time>
        <extensions>
          <ns3:TrackPointExtension>
            <ns3:hr>131</ns3:hr>
          </ns3:TrackPointExtension>
        </extensions>
      </trkpt>
      <trkpt lat="45.5985357798635959625244140625" lon="126.607746183872222900390625">
        <ele>162.399993896484375</ele>
        <time>2026-07-11T03:35:01.000Z</time>
        <extensions>
          <ns3:TrackPointExtension>
            <ns3:hr>132</ns3:hr>
          </ns3:TrackPointExtension>
        </extensions>
      </trkpt>
      <trkpt lat="45.598709285259246826171875" lon="126.607640571892261505126953125">
        <ele>162.399993896484375</ele>
        <time>2026-07-11T03:35:07.000Z</time>
        <extensions>
          <ns3:TrackPointExtension>
            <ns3:hr>140</ns3:hr>
          </ns3:TrackPointExtension>
        </extensions>
      </trkpt>
      <trkpt lat="45.59874423779547214508056640625" lon="126.6076216287910938262939453125">
        <ele>162.600006103515625</ele>
        <time>2026-07-11T03:35:08.000Z</time>
        <extensions>
          <ns3:TrackPointExtension>
            <ns3:hr>142</ns3:hr>
          </ns3:TrackPointExtension>
        </extensions>
      </trkpt>
      <trkpt lat="45.59893190860748291015625" lon="126.60752850584685802459716796875">
        <ele>162.600006103515625</ele>
        <time>2026-07-11T03:35:14.000Z</time>
        <extensions>
          <ns3:TrackPointExtension>
            <ns3:hr>142</ns3:hr>
          </ns3:TrackPointExtension>
        </extensions>
      </trkpt>
      <trkpt lat="45.5991637520492076873779296875" lon="126.60744845867156982421875">
        <ele>162.600006103515625</ele>
        <time>2026-07-11T03:35:21.000Z</time>
        <extensions>
          <ns3:TrackPointExtension>
            <ns3:hr>141</ns3:hr>
          </ns3:TrackPointExtension>
        </extensions>
      </trkpt>
      <trkpt lat="45.599421076476573944091796875" lon="126.60733320750296115875244140625">
        <ele>162.8000030517578125</ele>
        <time>2026-07-11T03:35:27.000Z</time>
        <extensions>
          <ns3:TrackPointExtension>
            <ns3:hr>141</ns3:hr>
          </ns3:TrackPointExtension>
        </extensions>
      </trkpt>
      <trkpt lat="45.59967161156237125396728515625" lon="126.60722625441849231719970703125">
        <ele>163</ele>
        <time>2026-07-11T03:35:33.000Z</time>
        <extensions>
          <ns3:TrackPointExtension>
            <ns3:hr>141</ns3:hr>
          </ns3:TrackPointExtension>
        </extensions>
      </trkpt>
      <trkpt lat="45.59991636313498020172119140625" lon="126.60711091943085193634033203125">
        <ele>163</ele>
        <time>2026-07-11T03:35:40.000Z</time>
        <extensions>
          <ns3:TrackPointExtension>
            <ns3:hr>141</ns3:hr>
          </ns3:TrackPointExtension>
        </extensions>
      </trkpt>
      <trkpt lat="45.6001444347202777862548828125" lon="126.60704000853002071380615234375">
        <ele>162.8000030517578125</ele>
        <time>2026-07-11T03:35:46.000Z</time>
        <extensions>
          <ns3:TrackPointExtension>
            <ns3:hr>139</ns3:hr>
          </ns3:TrackPointExtension>
        </extensions>
      </trkpt>
      <trkpt lat="45.6003201194107532501220703125" lon="126.60697295330464839935302734375">
        <ele>163.1999969482421875</ele>
        <time>2026-07-11T03:35:50.000Z</time>
        <extensions>
          <ns3:TrackPointExtension>
            <ns3:hr>140</ns3:hr>
          </ns3:TrackPointExtension>
        </extensions>
      </trkpt>
      <trkpt lat="45.6003928743302822113037109375" lon="126.60701067186892032623291015625">
        <ele>163.399993896484375</ele>
        <time>2026-07-11T03:35:52.000Z</time>
        <extensions>
          <ns3:TrackPointExtension>
            <ns3:hr>140</ns3:hr>
          </ns3:TrackPointExtension>
        </extensions>
      </trkpt>
      <trkpt lat="45.60040779411792755126953125" lon="126.60705459304153919219970703125">
        <ele>163.1999969482421875</ele>
        <time>2026-07-11T03:35:53.000Z</time>
        <extensions>
          <ns3:TrackPointExtension>
            <ns3:hr>140</ns3:hr>
          </ns3:TrackPointExtension>
        </extensions>
      </trkpt>
      <trkpt lat="45.60042313300073146820068359375" lon="126.6071145236492156982421875">
        <ele>163</ele>
        <time>2026-07-11T03:35:54.000Z</time>
        <extensions>
          <ns3:TrackPointExtension>
            <ns3:hr>140</ns3:hr>
          </ns3:TrackPointExtension>
        </extensions>
      </trkpt>
      <trkpt lat="45.60048566199839115142822265625" lon="126.60731275565922260284423828125">
        <ele>161.8000030517578125</ele>
        <time>2026-07-11T03:35:57.000Z</time>
        <extensions>
          <ns3:TrackPointExtension>
            <ns3:hr>140</ns3:hr>
          </ns3:TrackPointExtension>
        </extensions>
      </trkpt>
      <trkpt lat="45.6005162559449672698974609375" lon="126.60746832378208637237548828125">
        <ele>161.1999969482421875</ele>
        <time>2026-07-11T03:35:59.000Z</time>
        <extensions>
          <ns3:TrackPointExtension>
            <ns3:hr>140</ns3:hr>
          </ns3:TrackPointExtension>
        </extensions>
      </trkpt>
      <trkpt lat="45.6004840694367885589599609375" lon="126.607566811144351959228515625">
        <ele>161.1999969482421875</ele>
        <time>2026-07-11T03:36:01.000Z</time>
        <extensions>
          <ns3:TrackPointExtension>
            <ns3:hr>142</ns3:hr>
          </ns3:TrackPointExtension>
        </extensions>
      </trkpt>
      <trkpt lat="45.6003620289266109466552734375" lon="126.6075689904391765594482421875">
        <ele>161.1999969482421875</ele>
        <time>2026-07-11T03:36:04.000Z</time>
        <extensions>
          <ns3:TrackPointExtension>
            <ns3:hr>142</ns3:hr>
          </ns3:TrackPointExtension>
        </extensions>
      </trkpt>
      <trkpt lat="45.60016262345016002655029296875" lon="126.6076806373894214630126953125">
        <ele>161.1999969482421875</ele>
        <time>2026-07-11T03:36:08.000Z</time>
        <extensions>
          <ns3:TrackPointExtension>
            <ns3:hr>141</ns3:hr>
          </ns3:TrackPointExtension>
        </extensions>
      </trkpt>
      <trkpt lat="45.600050389766693115234375" lon="126.60774040035903453826904296875">
        <ele>160.8000030517578125</ele>
        <time>2026-07-11T03:36:10.000Z</time>
        <extensions>
          <ns3:TrackPointExtension>
            <ns3:hr>142</ns3:hr>
          </ns3:TrackPointExtension>
        </extensions>
      </trkpt>
      <trkpt lat="45.599894486367702484130859375" lon="126.60783075727522373199462890625">
        <ele>160.399993896484375</ele>
        <time>2026-07-11T03:36:13.000Z</time>
        <extensions>
          <ns3:TrackPointExtension>
            <ns3:hr>139</ns3:hr>
          </ns3:TrackPointExtension>
        </extensions>
      </trkpt>
      <trkpt lat="45.5997488088905811309814453125" lon="126.607933603227138519287109375">
        <ele>160.1999969482421875</ele>
        <time>2026-07-11T03:36:16.000Z</time>
        <extensions>
          <ns3:TrackPointExtension>
            <ns3:hr>138</ns3:hr>
          </ns3:TrackPointExtension>
        </extensions>
      </trkpt>
      <trkpt lat="45.59970011003315448760986328125" lon="126.60796587355434894561767578125">
        <ele>160.1999969482421875</ele>
        <time>2026-07-11T03:36:17.000Z</time>
        <extensions>
          <ns3:TrackPointExtension>
            <ns3:hr>141</ns3:hr>
          </ns3:TrackPointExtension>
        </extensions>
      </trkpt>
      <trkpt lat="45.59959684498608112335205078125" lon="126.60800778307020664215087890625">
        <ele>160.600006103515625</ele>
        <time>2026-07-11T03:36:19.000Z</time>
        <extensions>
          <ns3:TrackPointExtension>
            <ns3:hr>142</ns3:hr>
          </ns3:TrackPointExtension>
        </extensions>
      </trkpt>
      <trkpt lat="45.59950229711830615997314453125" lon="126.608052961528301239013671875">
        <ele>160.8000030517578125</ele>
        <time>2026-07-11T03:36:21.000Z</time>
        <extensions>
          <ns3:TrackPointExtension>
            <ns3:hr>142</ns3:hr>
          </ns3:TrackPointExtension>
        </extensions>
      </trkpt>
      <trkpt lat="45.5992334894835948944091796875" lon="126.6081382893025875091552734375">
        <ele>160</ele>
        <time>2026-07-11T03:36:26.000Z</time>
        <extensions>
          <ns3:TrackPointExtension>
            <ns3:hr>142</ns3:hr>
          </ns3:TrackPointExtension>
        </extensions>
      </trkpt>
      <trkpt lat="45.59898228384554386138916015625" lon="126.608266532421112060546875">
        <ele>161</ele>
        <time>2026-07-11T03:36:32.000Z</time>
        <extensions>
          <ns3:TrackPointExtension>
            <ns3:hr>142</ns3:hr>
          </ns3:TrackPointExtension>
        </extensions>
      </trkpt>
      <trkpt lat="45.5989198386669158935546875" lon="126.60828019492328166961669921875">
        <ele>161</ele>
        <time>2026-07-11T03:36:34.000Z</time>
        <extensions>
          <ns3:TrackPointExtension>
            <ns3:hr>139</ns3:hr>
          </ns3:TrackPointExtension>
        </extensions>
      </trkpt>
      <trkpt lat="45.59888957999646663665771484375" lon="126.6082737408578395843505859375">
        <ele>161</ele>
        <time>2026-07-11T03:36:35.000Z</time>
        <extensions>
          <ns3:TrackPointExtension>
            <ns3:hr>139</ns3:hr>
          </ns3:TrackPointExtension>
        </extensions>
      </trkpt>
      <trkpt lat="45.5988452397286891937255859375" lon="126.6083005629479885101318359375">
        <ele>161</ele>
        <time>2026-07-11T03:36:37.000Z</time>
        <extensions>
          <ns3:TrackPointExtension>
            <ns3:hr>139</ns3:hr>
          </ns3:TrackPointExtension>
        </extensions>
      </trkpt>
      <trkpt lat="45.5988063476979732513427734375" lon="126.60836418159306049346923828125">
        <ele>160.8000030517578125</ele>
        <time>2026-07-11T03:36:39.000Z</time>
        <extensions>
          <ns3:TrackPointExtension>
            <ns3:hr>140</ns3:hr>
          </ns3:TrackPointExtension>
        </extensions>
      </trkpt>
      <trkpt lat="45.59871121309697628021240234375" lon="126.60859845578670501708984375">
        <ele>160.600006103515625</ele>
        <time>2026-07-11T03:36:45.000Z</time>
        <extensions>
          <ns3:TrackPointExtension>
            <ns3:hr>140</ns3:hr>
          </ns3:TrackPointExtension>
        </extensions>
      </trkpt>
      <trkpt lat="45.59859235771000385284423828125" lon="126.608738265931606292724609375">
        <ele>160.600006103515625</ele>
        <time>2026-07-11T03:36:50.000Z</time>
        <extensions>
          <ns3:TrackPointExtension>
            <ns3:hr>140</ns3:hr>
          </ns3:TrackPointExtension>
        </extensions>
      </trkpt>
      <trkpt lat="45.59851893223822116851806640625" lon="126.6087991185486316680908203125">
        <ele>161</ele>
        <time>2026-07-11T03:36:54.000Z</time>
        <extensions>
          <ns3:TrackPointExtension>
            <ns3:hr>137</ns3:hr>
          </ns3:TrackPointExtension>
        </extensions>
      </trkpt>
      <trkpt lat="45.5984851531684398651123046875" lon="126.60884982906281948089599609375">
        <ele>161</ele>
        <time>2026-07-11T03:36:56.000Z</time>
        <extensions>
          <ns3:TrackPointExtension>
            <ns3:hr>134</ns3:hr>
          </ns3:TrackPointExtension>
        </extensions>
      </trkpt>
      <trkpt lat="45.5984345264732837677001953125" lon="126.60891830921173095703125">
        <ele>161.1999969482421875</ele>
        <time>2026-07-11T03:37:01.000Z</time>
        <extensions>
          <ns3:TrackPointExtension>
            <ns3:hr>133</ns3:hr>
          </ns3:TrackPointExtension>
        </extensions>
      </trkpt>
      <trkpt lat="45.5984345264732837677001953125" lon="126.60891830921173095703125">
        <ele>160.600006103515625</ele>
        <time>2026-07-11T03:37:12.000Z</time>
        <extensions>
          <ns3:TrackPointExtension>
            <ns3:hr>132</ns3:hr>
          </ns3:TrackPointExtension>
        </extensions>
      </trkpt>
      <trkpt lat="45.5984462611377239227294921875" lon="126.608894504606723785400390625">
        <ele>160.399993896484375</ele>
        <time>2026-07-11T03:37:19.000Z</time>
        <extensions>
          <ns3:TrackPointExtension>
            <ns3:hr>131</ns3:hr>
          </ns3:TrackPointExtension>
        </extensions>
      </trkpt>
      <trkpt lat="45.59846545569598674774169921875" lon="126.608856283128261566162109375">
        <ele>160.399993896484375</ele>
        <time>2026-07-11T03:37:24.000Z</time>
        <extensions>
          <ns3:TrackPointExtension>
            <ns3:hr>128</ns3:hr>
          </ns3:TrackPointExtension>
        </extensions>
      </trkpt>
      <trkpt lat="45.5984652042388916015625" lon="126.60885636694729328155517578125">
        <ele>160.399993896484375</ele>
        <time>2026-07-11T03:37:25.000Z</time>
        <extensions>
          <ns3:TrackPointExtension>
            <ns3:hr>125</ns3:hr>
          </ns3:TrackPointExtension>
        </extensions>
      </trkpt>
      <trkpt lat="45.59845640324056148529052734375" lon="126.60886089317500591278076171875">
        <ele>160.1999969482421875</ele>
        <time>2026-07-11T03:37:28.000Z</time>
        <extensions>
          <ns3:TrackPointExtension>
            <ns3:hr>121</ns3:hr>
          </ns3:TrackPointExtension>
        </extensions>
      </trkpt>
      <trkpt lat="45.59844282455742359161376953125" lon="126.60887665115296840667724609375">
        <ele>160</ele>
        <time>2026-07-11T03:37:31.000Z</time>
        <extensions>
          <ns3:TrackPointExtension>
            <ns3:hr>120</ns3:hr>
          </ns3:TrackPointExtension>
        </extensions>
      </trkpt>
      <trkpt lat="45.59841801412403583526611328125" lon="126.60894940607249736785888671875">
        <ele>160</ele>
        <time>2026-07-11T03:37:40.000Z</time>
        <extensions>
          <ns3:TrackPointExtension>
            <ns3:hr>120</ns3:hr>
          </ns3:TrackPointExtension>
        </extensions>
      </trkpt>
      <trkpt lat="45.59840711764991283416748046875" lon="126.60896591842174530029296875">
        <ele>160.600006103515625</ele>
        <time>2026-07-11T03:37:46.000Z</time>
        <extensions>
          <ns3:TrackPointExtension>
            <ns3:hr>123</ns3:hr>
          </ns3:TrackPointExtension>
        </extensions>
      </trkpt>
      <trkpt lat="45.59844383038580417633056640625" lon="126.60890749655663967132568359375">
        <ele>160.8000030517578125</ele>
        <time>2026-07-11T03:37:51.000Z</time>
        <extensions>
          <ns3:TrackPointExtension>
            <ns3:hr>123</ns3:hr>
          </ns3:TrackPointExtension>
        </extensions>
      </trkpt>
      <trkpt lat="45.59843662194907665252685546875" lon="126.60890364088118076324462890625">
        <ele>160.399993896484375</ele>
        <time>2026-07-11T03:37:56.000Z</time>
        <extensions>
          <ns3:TrackPointExtension>
            <ns3:hr>123</ns3:hr>
          </ns3:TrackPointExtension>
        </extensions>
      </trkpt>
      <trkpt lat="45.59842119924724102020263671875" lon="126.6089054010808467864990234375">
        <ele>160.600006103515625</ele>
        <time>2026-07-11T03:38:00.000Z</time>
        <extensions>
          <ns3:TrackPointExtension>
            <ns3:hr>122</ns3:hr>
          </ns3:TrackPointExtension>
        </extensions>
      </trkpt>
      <trkpt lat="45.59842203743755817413330078125" lon="126.6089043952524662017822265625">
        <ele>160.8000030517578125</ele>
        <time>2026-07-11T03:38:07.000Z</time>
        <extensions>
          <ns3:TrackPointExtension>
            <ns3:hr>122</ns3:hr>
          </ns3:TrackPointExtension>
        </extensions>
      </trkpt>
      <trkpt lat="45.59842203743755817413330078125" lon="126.6089043952524662017822265625">
        <ele>160.8000030517578125</ele>
        <time>2026-07-11T03:38:14.000Z</time>
        <extensions>
          <ns3:TrackPointExtension>
            <ns3:hr>122</ns3:hr>
          </ns3:TrackPointExtension>
        </extensions>
      </trkpt>
      <trkpt lat="45.5984316766262054443359375" lon="126.60890682600438594818115234375">
        <ele>160.8000030517578125</ele>
        <time>2026-07-11T03:38:18.000Z</time>
        <extensions>
          <ns3:TrackPointExtension>
            <ns3:hr>125</ns3:hr>
          </ns3:TrackPointExtension>
        </extensions>
      </trkpt>
      <trkpt lat="45.598436035215854644775390625" lon="126.60890020430088043212890625">
        <ele>160.8000030517578125</ele>
        <time>2026-07-11T03:38:19.000Z</time>
        <extensions>
          <ns3:TrackPointExtension>
            <ns3:hr>127</ns3:hr>
          </ns3:TrackPointExtension>
        </extensions>
      </trkpt>
      <trkpt lat="45.59843779541552066802978515625" lon="126.60889961756765842437744140625">
        <ele>160.8000030517578125</ele>
        <time>2026-07-11T03:38:21.000Z</time>
        <extensions>
          <ns3:TrackPointExtension>
            <ns3:hr>131</ns3:hr>
          </ns3:TrackPointExtension>
        </extensions>
      </trkpt>
      <trkpt lat="45.59843779541552066802978515625" lon="126.60889961756765842437744140625">
        <ele>160.8000030517578125</ele>
        <time>2026-07-11T03:38:26.000Z</time>
        <extensions>
          <ns3:TrackPointExtension>
            <ns3:hr>133</ns3:hr>
          </ns3:TrackPointExtension>
        </extensions>
      </trkpt>
      <trkpt lat="45.59843628667294979095458984375" lon="126.60889425314962863922119140625">
        <ele>160.8000030517578125</ele>
        <time>2026-07-11T03:38:30.000Z</time>
        <extensions>
          <ns3:TrackPointExtension>
            <ns3:hr>134</ns3:hr>
          </ns3:TrackPointExtension>
        </extensions>
      </trkpt>
      <trkpt lat="45.598416589200496673583984375" lon="126.6088437102735042572021484375">
        <ele>160.8000030517578125</ele>
        <time>2026-07-11T03:38:34.000Z</time>
        <extensions>
          <ns3:TrackPointExtension>
            <ns3:hr>133</ns3:hr>
          </ns3:TrackPointExtension>
        </extensions>
      </trkpt>
      <trkpt lat="45.598407201468944549560546875" lon="126.6088383458554744720458984375">
        <ele>160.8000030517578125</ele>
        <time>2026-07-11T03:38:35.000Z</time>
        <extensions>
          <ns3:TrackPointExtension>
            <ns3:hr>132</ns3:hr>
          </ns3:TrackPointExtension>
        </extensions>
      </trkpt>
      <trkpt lat="45.5983828939497470855712890625" lon="126.60883943550288677215576171875">
        <ele>160.8000030517578125</ele>
        <time>2026-07-11T03:38:42.000Z</time>
        <extensions>
          <ns3:TrackPointExtension>
            <ns3:hr>132</ns3:hr>
          </ns3:TrackPointExtension>
        </extensions>
      </trkpt>
      <trkpt lat="45.5983828939497470855712890625" lon="126.60883943550288677215576171875">
        <ele>160.8000030517578125</ele>
        <time>2026-07-11T03:38:56.000Z</time>
        <extensions>
          <ns3:TrackPointExtension>
            <ns3:hr>128</ns3:hr>
          </ns3:TrackPointExtension>
        </extensions>
      </trkpt>
      <trkpt lat="45.5983828939497470855712890625" lon="126.60883943550288677215576171875">
        <ele>160.8000030517578125</ele>
        <time>2026-07-11T03:38:57.000Z</time>
        <extensions>
          <ns3:TrackPointExtension>
            <ns3:hr>123</ns3:hr>
          </ns3:TrackPointExtension>
        </extensions>
      </trkpt>
      <trkpt lat="45.5983828939497470855712890625" lon="126.60883943550288677215576171875">
        <ele>160.8000030517578125</ele>
        <time>2026-07-11T03:38:59.000Z</time>
        <extensions>
          <ns3:TrackPointExtension>
            <ns3:hr>120</ns3:hr>
          </ns3:TrackPointExtension>
        </extensions>
      </trkpt>
      <trkpt lat="45.59838012792170047760009765625" lon="126.60884228534996509552001953125">
        <ele>160.8000030517578125</ele>
        <time>2026-07-11T03:39:01.000Z</time>
        <extensions>
          <ns3:TrackPointExtension>
            <ns3:hr>118</ns3:hr>
          </ns3:TrackPointExtension>
        </extensions>
      </trkpt>
      <trkpt lat="45.59836856089532375335693359375" lon="126.6088215820491313934326171875">
        <ele>160.600006103515625</ele>
        <time>2026-07-11T03:39:04.000Z</time>
        <extensions>
          <ns3:TrackPointExtension>
            <ns3:hr>118</ns3:hr>
          </ns3:TrackPointExtension>
        </extensions>
      </trkpt>
      <trkpt lat="45.5983765237033367156982421875" lon="126.60881428979337215423583984375">
        <ele>160.399993896484375</ele>
        <time>2026-07-11T03:39:09.000Z</time>
        <extensions>
          <ns3:TrackPointExtension>
            <ns3:hr>119</ns3:hr>
          </ns3:TrackPointExtension>
        </extensions>
      </trkpt>
      <trkpt lat="45.5983842350542545318603515625" lon="126.60880054347217082977294921875">
        <ele>160.399993896484375</ele>
        <time>2026-07-11T03:39:13.000Z</time>
        <extensions>
          <ns3:TrackPointExtension>
            <ns3:hr>120</ns3:hr>
          </ns3:TrackPointExtension>
        </extensions>
      </trkpt>
      <trkpt lat="45.59840225614607334136962890625" lon="126.6088034771382808685302734375">
        <ele>160.600006103515625</ele>
        <time>2026-07-11T03:39:16.000Z</time>
        <extensions>
          <ns3:TrackPointExtension>
            <ns3:hr>120</ns3:hr>
          </ns3:TrackPointExtension>
        </extensions>
      </trkpt>
      <trkpt lat="45.59840074740350246429443359375" lon="126.60879400558769702911376953125">
        <ele>160.600006103515625</ele>
        <time>2026-07-11T03:39:19.000Z</time>
        <extensions>
          <ns3:TrackPointExtension>
            <ns3:hr>120</ns3:hr>
          </ns3:TrackPointExtension>
        </extensions>
      </trkpt>
      <trkpt lat="45.59841114096343517303466796875" lon="126.60880322568118572235107421875">
        <ele>160.8000030517578125</ele>
        <time>2026-07-11T03:39:24.000Z</time>
        <extensions>
          <ns3:TrackPointExtension>
            <ns3:hr>119</ns3:hr>
          </ns3:TrackPointExtension>
        </extensions>
      </trkpt>
      <trkpt lat="45.598410554230213165283203125" lon="126.60879383794963359832763671875">
        <ele>160.8000030517578125</ele>
        <time>2026-07-11T03:39:29.000Z</time>
        <extensions>
          <ns3:TrackPointExtension>
            <ns3:hr>118</ns3:hr>
          </ns3:TrackPointExtension>
        </extensions>
      </trkpt>
      <trkpt lat="45.59837870299816131591796875" lon="126.60877774469554424285888671875">
        <ele>160.600006103515625</ele>
        <time>2026-07-11T03:39:34.000Z</time>
        <extensions>
          <ns3:TrackPointExtension>
            <ns3:hr>115</ns3:hr>
          </ns3:TrackPointExtension>
        </extensions>
      </trkpt>
      <trkpt lat="45.59837476350367069244384765625" lon="126.60878512077033519744873046875">
        <ele>160.8000030517578125</ele>
        <time>2026-07-11T03:39:38.000Z</time>
        <extensions>
          <ns3:TrackPointExtension>
            <ns3:hr>112</ns3:hr>
          </ns3:TrackPointExtension>
        </extensions>
      </trkpt>
      <trkpt lat="45.59836671687662601470947265625" lon="126.608773805201053619384765625">
        <ele>160.600006103515625</ele>
        <time>2026-07-11T03:39:39.000Z</time>
        <extensions>
          <ns3:TrackPointExtension>
            <ns3:hr>112</ns3:hr>
          </ns3:TrackPointExtension>
        </extensions>
      </trkpt>
      <trkpt lat="45.59836604632437229156494140625" lon="126.6087748110294342041015625">
        <ele>160.600006103515625</ele>
        <time>2026-07-11T03:39:41.000Z</time>
        <extensions>
          <ns3:TrackPointExtension>
            <ns3:hr>110</ns3:hr>
          </ns3:TrackPointExtension>
        </extensions>
      </trkpt>
      <trkpt lat="45.59836051426827907562255859375" lon="126.60877154208719730377197265625">
        <ele>160.600006103515625</ele>
        <time>2026-07-11T03:39:46.000Z</time>
        <extensions>
          <ns3:TrackPointExtension>
            <ns3:hr>111</ns3:hr>
          </ns3:TrackPointExtension>
        </extensions>
      </trkpt>
      <trkpt lat="45.59836051426827907562255859375" lon="126.60877154208719730377197265625">
        <ele>160.600006103515625</ele>
        <time>2026-07-11T03:39:56.000Z</time>
        <extensions>
          <ns3:TrackPointExtension>
            <ns3:hr>116</ns3:hr>
          </ns3:TrackPointExtension>
        </extensions>
      </trkpt>
      <trkpt lat="45.59836051426827907562255859375" lon="126.60877154208719730377197265625">
        <ele>160.600006103515625</ele>
        <time>2026-07-11T03:39:57.000Z</time>
        <extensions>
          <ns3:TrackPointExtension>
            <ns3:hr>119</ns3:hr>
          </ns3:TrackPointExtension>
        </extensions>
      </trkpt>
      <trkpt lat="45.59836051426827907562255859375" lon="126.60877154208719730377197265625">
        <ele>160.600006103515625</ele>
        <time>2026-07-11T03:39:58.000Z</time>
        <extensions>
          <ns3:TrackPointExtension>
            <ns3:hr>122</ns3:hr>
          </ns3:TrackPointExtension>
        </extensions>
      </trkpt>
      <trkpt lat="45.59836051426827907562255859375" lon="126.60877154208719730377197265625">
        <ele>160.600006103515625</ele>
        <time>2026-07-11T03:39:59.000Z</time>
        <extensions>
          <ns3:TrackPointExtension>
            <ns3:hr>122</ns3:hr>
          </ns3:TrackPointExtension>
        </extensions>
      </trkpt>
      <trkpt lat="45.59836990199983119964599609375" lon="126.60878646187484264373779296875">
        <ele>160.600006103515625</ele>
        <time>2026-07-11T03:40:03.000Z</time>
        <extensions>
          <ns3:TrackPointExtension>
            <ns3:hr>121</ns3:hr>
          </ns3:TrackPointExtension>
        </extensions>
      </trkpt>
      <trkpt lat="45.59837057255208492279052734375" lon="126.60878160037100315093994140625">
        <ele>160.600006103515625</ele>
        <time>2026-07-11T03:40:06.000Z</time>
        <extensions>
          <ns3:TrackPointExtension>
            <ns3:hr>120</ns3:hr>
          </ns3:TrackPointExtension>
        </extensions>
      </trkpt>
      <trkpt lat="45.5983755178749561309814453125" lon="126.60878562368452548980712890625">
        <ele>160.600006103515625</ele>
        <time>2026-07-11T03:40:10.000Z</time>
        <extensions>
          <ns3:TrackPointExtension>
            <ns3:hr>121</ns3:hr>
          </ns3:TrackPointExtension>
        </extensions>
      </trkpt>
      <trkpt lat="45.59837727807462215423583984375" lon="126.60877891816198825836181640625">
        <ele>160.600006103515625</ele>
        <time>2026-07-11T03:40:13.000Z</time>
        <extensions>
          <ns3:TrackPointExtension>
            <ns3:hr>121</ns3:hr>
          </ns3:TrackPointExtension>
        </extensions>
      </trkpt>
      <trkpt lat="45.59838029555976390838623046875" lon="126.60877975635230541229248046875">
        <ele>160.600006103515625</ele>
        <time>2026-07-11T03:40:16.000Z</time>
        <extensions>
          <ns3:TrackPointExtension>
            <ns3:hr>121</ns3:hr>
          </ns3:TrackPointExtension>
        </extensions>
      </trkpt>
      <trkpt lat="45.5983751825988292694091796875" lon="126.60877774469554424285888671875">
        <ele>160.600006103515625</ele>
        <time>2026-07-11T03:40:20.000Z</time>
        <extensions>
          <ns3:TrackPointExtension>
            <ns3:hr>121</ns3:hr>
          </ns3:TrackPointExtension>
        </extensions>
      </trkpt>
      <trkpt lat="45.59837543405592441558837890625" lon="126.6087855398654937744140625">
        <ele>160.600006103515625</ele>
        <time>2026-07-11T03:40:25.000Z</time>
        <extensions>
          <ns3:TrackPointExtension>
            <ns3:hr>121</ns3:hr>
          </ns3:TrackPointExtension>
        </extensions>
      </trkpt>
      <trkpt lat="45.59837543405592441558837890625" lon="126.6087855398654937744140625">
        <ele>160.600006103515625</ele>
        <time>2026-07-11T03:40:32.000Z</time>
        <extensions>
          <ns3:TrackPointExtension>
            <ns3:hr>108</ns3:hr>
          </ns3:TrackPointExtension>
        </extensions>
      </trkpt>
      <trkpt lat="45.59837543405592441558837890625" lon="126.6087855398654937744140625">
        <ele>160.600006103515625</ele>
        <time>2026-07-11T03:40:33.000Z</time>
        <extensions>
          <ns3:TrackPointExtension>
            <ns3:hr>105</ns3:hr>
          </ns3:TrackPointExtension>
        </extensions>
      </trkpt>
      <trkpt lat="45.59837543405592441558837890625" lon="126.6087855398654937744140625">
        <ele>160.600006103515625</ele>
        <time>2026-07-11T03:40:34.000Z</time>
        <extensions>
          <ns3:TrackPointExtension>
            <ns3:hr>105</ns3:hr>
          </ns3:TrackPointExtension>
        </extensions>
      </trkpt>
      <trkpt lat="45.59837543405592441558837890625" lon="126.6087855398654937744140625">
        <ele>160.600006103515625</ele>
        <time>2026-07-11T03:40:36.000Z</time>
        <extensions>
          <ns3:TrackPointExtension>
            <ns3:hr>105</ns3:hr>
          </ns3:TrackPointExtension>
        </extensions>
      </trkpt>
      <trkpt lat="45.59837543405592441558837890625" lon="126.6087855398654937744140625">
        <ele>160.600006103515625</ele>
        <time>2026-07-11T03:40:43.000Z</time>
        <extensions>
          <ns3:TrackPointExtension>
            <ns3:hr>101</ns3:hr>
          </ns3:TrackPointExtension>
        </extensions>
      </trkpt>
      <trkpt lat="45.59837543405592441558837890625" lon="126.6087855398654937744140625">
        <ele>160.600006103515625</ele>
        <time>2026-07-11T03:40:46.000Z</time>
        <extensions>
          <ns3:TrackPointExtension>
            <ns3:hr>102</ns3:hr>
          </ns3:TrackPointExtension>
        </extensions>
      </trkpt>
      <trkpt lat="45.59837342239916324615478515625" lon="126.608777157962322235107421875">
        <ele>160.600006103515625</ele>
        <time>2026-07-11T03:40:50.000Z</time>
        <extensions>
          <ns3:TrackPointExtension>
            <ns3:hr>103</ns3:hr>
          </ns3:TrackPointExtension>
        </extensions>
      </trkpt>
      <trkpt lat="45.5983718298375606536865234375" lon="126.60877003334462642669677734375">
        <ele>160.600006103515625</ele>
        <time>2026-07-11T03:40:53.000Z</time>
        <extensions>
          <ns3:TrackPointExtension>
            <ns3:hr>103</ns3:hr>
          </ns3:TrackPointExtension>
        </extensions>
      </trkpt>
      <trkpt lat="45.59837543405592441558837890625" lon="126.6087855398654937744140625">
        <ele>160.600006103515625</ele>
        <time>2026-07-11T03:40:58.000Z</time>
        <extensions>
          <ns3:TrackPointExtension>
            <ns3:hr>105</ns3:hr>
          </ns3:TrackPointExtension>
        </extensions>
      </trkpt>
      <trkpt lat="45.598377697169780731201171875" lon="126.60877003334462642669677734375">
        <ele>160.600006103515625</ele>
        <time>2026-07-11T03:41:02.000Z</time>
        <extensions>
          <ns3:TrackPointExtension>
            <ns3:hr>104</ns3:hr>
          </ns3:TrackPointExtension>
        </extensions>
      </trkpt>
      <trkpt lat="45.59837543405592441558837890625" lon="126.6087855398654937744140625">
        <ele>160.600006103515625</ele>
        <time>2026-07-11T03:41:06.000Z</time>
        <extensions>
          <ns3:TrackPointExtension>
            <ns3:hr>101</ns3:hr>
          </ns3:TrackPointExtension>
        </extensions>
      </trkpt>
      <trkpt lat="45.5983808822929859161376953125" lon="126.60876751877367496490478515625">
        <ele>160.600006103515625</ele>
        <time>2026-07-11T03:41:11.000Z</time>
        <extensions>
          <ns3:TrackPointExtension>
            <ns3:hr>100</ns3:hr>
          </ns3:TrackPointExtension>
        </extensions>
      </trkpt>
      <trkpt lat="45.59838415123522281646728515625" lon="126.60876517184078693389892578125">
        <ele>160.600006103515625</ele>
        <time>2026-07-11T03:41:15.000Z</time>
        <extensions>
          <ns3:TrackPointExtension>
            <ns3:hr>99</ns3:hr>
          </ns3:TrackPointExtension>
        </extensions>
      </trkpt>
      <trkpt lat="45.59838968329131603240966796875" lon="126.60878361202776432037353515625">
        <ele>160.600006103515625</ele>
        <time>2026-07-11T03:41:21.000Z</time>
        <extensions>
          <ns3:TrackPointExtension>
            <ns3:hr>102</ns3:hr>
          </ns3:TrackPointExtension>
        </extensions>
      </trkpt>
      <trkpt lat="45.59837945736944675445556640625" lon="126.60878461785614490509033203125">
        <ele>160.600006103515625</ele>
        <time>2026-07-11T03:41:25.000Z</time>
        <extensions>
          <ns3:TrackPointExtension>
            <ns3:hr>102</ns3:hr>
          </ns3:TrackPointExtension>
        </extensions>
      </trkpt>
      <trkpt lat="45.5983753502368927001953125" lon="126.60878461785614490509033203125">
        <ele>160.600006103515625</ele>
        <time>2026-07-11T03:41:27.000Z</time>
        <extensions>
          <ns3:TrackPointExtension>
            <ns3:hr>100</ns3:hr>
          </ns3:TrackPointExtension>
        </extensions>
      </trkpt>
      <trkpt lat="45.5978094041347503662109375" lon="126.6097761131823062896728515625">
        <ele>163.600006103515625</ele>
        <time>2026-07-11T03:45:29.000Z</time>
        <extensions>
          <ns3:TrackPointExtension>
            <ns3:hr>132</ns3:hr>
          </ns3:TrackPointExtension>
        </extensions>
      </trkpt>
      <trkpt lat="45.59782273136079311370849609375" lon="126.6097499616444110870361328125">
        <ele>163.8000030517578125</ele>
        <time>2026-07-11T03:45:30.000Z</time>
        <extensions>
          <ns3:TrackPointExtension>
            <ns3:hr>132</ns3:hr>
          </ns3:TrackPointExtension>
        </extensions>
      </trkpt>
      <trkpt lat="45.59787536971271038055419921875" lon="126.609720289707183837890625">
        <ele>164</ele>
        <time>2026-07-11T03:45:33.000Z</time>
        <extensions>
          <ns3:TrackPointExtension>
            <ns3:hr>133</ns3:hr>
          </ns3:TrackPointExtension>
        </extensions>
      </trkpt>
      <trkpt lat="45.59788559563457965850830078125" lon="126.609746105968952178955078125">
        <ele>164.1999969482421875</ele>
        <time>2026-07-11T03:45:34.000Z</time>
        <extensions>
          <ns3:TrackPointExtension>
            <ns3:hr>134</ns3:hr>
          </ns3:TrackPointExtension>
        </extensions>
      </trkpt>
      <trkpt lat="45.597849301993846893310546875" lon="126.60982648842036724090576171875">
        <ele>164.1999969482421875</ele>
        <time>2026-07-11T03:45:37.000Z</time>
        <extensions>
          <ns3:TrackPointExtension>
            <ns3:hr>134</ns3:hr>
          </ns3:TrackPointExtension>
        </extensions>
      </trkpt>
      <trkpt lat="45.5978025309741497039794921875" lon="126.60994584672152996063232421875">
        <ele>164.8000030517578125</ele>
        <time>2026-07-11T03:45:42.000Z</time>
        <extensions>
          <ns3:TrackPointExtension>
            <ns3:hr>136</ns3:hr>
          </ns3:TrackPointExtension>
        </extensions>
      </trkpt>
      <trkpt lat="45.59778618626296520233154296875" lon="126.60999588668346405029296875">
        <ele>165</ele>
        <time>2026-07-11T03:45:44.000Z</time>
        <extensions>
          <ns3:TrackPointExtension>
            <ns3:hr>139</ns3:hr>
          </ns3:TrackPointExtension>
        </extensions>
      </trkpt>
      <trkpt lat="45.59774662367999553680419921875" lon="126.6100999899208545684814453125">
        <ele>165.399993896484375</ele>
        <time>2026-07-11T03:45:48.000Z</time>
        <extensions>
          <ns3:TrackPointExtension>
            <ns3:hr>138</ns3:hr>
          </ns3:TrackPointExtension>
        </extensions>
      </trkpt>
      <trkpt lat="45.5977495573461055755615234375" lon="126.61013175733387470245361328125">
        <ele>165.399993896484375</ele>
        <time>2026-07-11T03:45:49.000Z</time>
        <extensions>
          <ns3:TrackPointExtension>
            <ns3:hr>138</ns3:hr>
          </ns3:TrackPointExtension>
        </extensions>
      </trkpt>
      <trkpt lat="45.59776942245662212371826171875" lon="126.6102210246026515960693359375">
        <ele>165.8000030517578125</ele>
        <time>2026-07-11T03:45:52.000Z</time>
        <extensions>
          <ns3:TrackPointExtension>
            <ns3:hr>134</ns3:hr>
          </ns3:TrackPointExtension>
        </extensions>
      </trkpt>
      <trkpt lat="45.597774200141429901123046875" lon="126.6102446615695953369140625">
        <ele>165.8000030517578125</ele>
        <time>2026-07-11T03:45:53.000Z</time>
        <extensions>
          <ns3:TrackPointExtension>
            <ns3:hr>134</ns3:hr>
          </ns3:TrackPointExtension>
        </extensions>
      </trkpt>
      <trkpt lat="45.59778031893074512481689453125" lon="126.61028933711349964141845703125">
        <ele>166</ele>
        <time>2026-07-11T03:45:57.000Z</time>
        <extensions>
          <ns3:TrackPointExtension>
            <ns3:hr>136</ns3:hr>
          </ns3:TrackPointExtension>
        </extensions>
      </trkpt>
      <trkpt lat="45.59777126647531986236572265625" lon="126.61029763519763946533203125">
        <ele>166</ele>
        <time>2026-07-11T03:45:58.000Z</time>
        <extensions>
          <ns3:TrackPointExtension>
            <ns3:hr>137</ns3:hr>
          </ns3:TrackPointExtension>
        </extensions>
      </trkpt>
      <trkpt lat="45.5977492220699787139892578125" lon="126.61031934432685375213623046875">
        <ele>166.1999969482421875</ele>
        <time>2026-07-11T03:46:00.000Z</time>
        <extensions>
          <ns3:TrackPointExtension>
            <ns3:hr>134</ns3:hr>
          </ns3:TrackPointExtension>
        </extensions>
      </trkpt>
      <trkpt lat="45.597736649215221405029296875" lon="126.610331498086452484130859375">
        <ele>166.1999969482421875</ele>
        <time>2026-07-11T03:46:01.000Z</time>
        <extensions>
          <ns3:TrackPointExtension>
            <ns3:hr>131</ns3:hr>
          </ns3:TrackPointExtension>
        </extensions>
      </trkpt>
      <trkpt lat="45.5977314524352550506591796875" lon="126.610336862504482269287109375">
        <ele>166.1999969482421875</ele>
        <time>2026-07-11T03:46:02.000Z</time>
        <extensions>
          <ns3:TrackPointExtension>
            <ns3:hr>131</ns3:hr>
          </ns3:TrackPointExtension>
        </extensions>
      </trkpt>
      <trkpt lat="45.59774033725261688232421875" lon="126.61033409647643566131591796875">
        <ele>166.399993896484375</ele>
        <time>2026-07-11T03:46:03.000Z</time>
        <extensions>
          <ns3:TrackPointExtension>
            <ns3:hr>131</ns3:hr>
          </ns3:TrackPointExtension>
        </extensions>
      </trkpt>
      <trkpt lat="45.597735308110713958740234375" lon="126.61034348420798778533935546875">
        <ele>166.399993896484375</ele>
        <time>2026-07-11T03:46:04.000Z</time>
        <extensions>
          <ns3:TrackPointExtension>
            <ns3:hr>131</ns3:hr>
          </ns3:TrackPointExtension>
        </extensions>
      </trkpt>
      <trkpt lat="45.59773757122457027435302734375" lon="126.6103581525385379791259765625">
        <ele>166.399993896484375</ele>
        <time>2026-07-11T03:46:06.000Z</time>
        <extensions>
          <ns3:TrackPointExtension>
            <ns3:hr>131</ns3:hr>
          </ns3:TrackPointExtension>
        </extensions>
      </trkpt>
      <trkpt lat="45.597749054431915283203125" lon="126.610387153923511505126953125">
        <ele>166.1999969482421875</ele>
        <time>2026-07-11T03:46:08.000Z</time>
        <extensions>
          <ns3:TrackPointExtension>
            <ns3:hr>131</ns3:hr>
          </ns3:TrackPointExtension>
        </extensions>
      </trkpt>
      <trkpt lat="45.5978001840412616729736328125" lon="126.61037751473486423492431640625">
        <ele>166</ele>
        <time>2026-07-11T03:46:12.000Z</time>
        <extensions>
          <ns3:TrackPointExtension>
            <ns3:hr>132</ns3:hr>
          </ns3:TrackPointExtension>
        </extensions>
      </trkpt>
      <trkpt lat="45.59786749072372913360595703125" lon="126.61040383391082286834716796875">
        <ele>166.1999969482421875</ele>
        <time>2026-07-11T03:46:17.000Z</time>
        <extensions>
          <ns3:TrackPointExtension>
            <ns3:hr>134</ns3:hr>
          </ns3:TrackPointExtension>
        </extensions>
      </trkpt>
      <trkpt lat="45.59791174717247486114501953125" lon="126.610451526939868927001953125">
        <ele>166.399993896484375</ele>
        <time>2026-07-11T03:46:20.000Z</time>
        <extensions>
          <ns3:TrackPointExtension>
            <ns3:hr>129</ns3:hr>
          </ns3:TrackPointExtension>
        </extensions>
      </trkpt>
      <trkpt lat="45.59794552624225616455078125" lon="126.61048111505806446075439453125">
        <ele>166.600006103515625</ele>
        <time>2026-07-11T03:46:22.000Z</time>
        <extensions>
          <ns3:TrackPointExtension>
            <ns3:hr>126</ns3:hr>
          </ns3:TrackPointExtension>
        </extensions>
      </trkpt>
      <trkpt lat="45.59797704219818115234375" lon="126.61050156690180301666259765625">
        <ele>166.8000030517578125</ele>
        <time>2026-07-11T03:46:24.000Z</time>
        <extensions>
          <ns3:TrackPointExtension>
            <ns3:hr>126</ns3:hr>
          </ns3:TrackPointExtension>
        </extensions>
      </trkpt>
      <trkpt lat="45.59806379489600658416748046875" lon="126.6105593182146549224853515625">
        <ele>167.600006103515625</ele>
        <time>2026-07-11T03:46:28.000Z</time>
        <extensions>
          <ns3:TrackPointExtension>
            <ns3:hr>126</ns3:hr>
          </ns3:TrackPointExtension>
        </extensions>
      </trkpt>
      <trkpt lat="45.59810838662087917327880859375" lon="126.61060164682567119598388671875">
        <ele>168</ele>
        <time>2026-07-11T03:46:30.000Z</time>
        <extensions>
          <ns3:TrackPointExtension>
            <ns3:hr>125</ns3:hr>
          </ns3:TrackPointExtension>
        </extensions>
      </trkpt>
      <trkpt lat="45.59821668080985546112060546875" lon="126.610672473907470703125">
        <ele>168.8000030517578125</ele>
        <time>2026-07-11T03:46:35.000Z</time>
        <extensions>
          <ns3:TrackPointExtension>
            <ns3:hr>127</ns3:hr>
          </ns3:TrackPointExtension>
        </extensions>
      </trkpt>
      <trkpt lat="45.5982653796672821044921875" lon="126.6106974519789218902587890625">
        <ele>169.1999969482421875</ele>
        <time>2026-07-11T03:46:37.000Z</time>
        <extensions>
          <ns3:TrackPointExtension>
            <ns3:hr>127</ns3:hr>
          </ns3:TrackPointExtension>
        </extensions>
      </trkpt>
      <trkpt lat="45.59835431165993213653564453125" lon="126.61075268872082233428955078125">
        <ele>169.600006103515625</ele>
        <time>2026-07-11T03:46:41.000Z</time>
        <extensions>
          <ns3:TrackPointExtension>
            <ns3:hr>130</ns3:hr>
          </ns3:TrackPointExtension>
        </extensions>
      </trkpt>
      <trkpt lat="45.59845338575541973114013671875" lon="126.61079585552215576171875">
        <ele>170.1999969482421875</ele>
        <time>2026-07-11T03:46:46.000Z</time>
        <extensions>
          <ns3:TrackPointExtension>
            <ns3:hr>130</ns3:hr>
          </ns3:TrackPointExtension>
        </extensions>
      </trkpt>
      <trkpt lat="45.59849060140550136566162109375" lon="126.61082644946873188018798828125">
        <ele>170.399993896484375</ele>
        <time>2026-07-11T03:46:48.000Z</time>
        <extensions>
          <ns3:TrackPointExtension>
            <ns3:hr>131</ns3:hr>
          </ns3:TrackPointExtension>
        </extensions>
      </trkpt>
      <trkpt lat="45.5986078642308712005615234375" lon="126.6109120287001132965087890625">
        <ele>171.1999969482421875</ele>
        <time>2026-07-11T03:46:54.000Z</time>
        <extensions>
          <ns3:TrackPointExtension>
            <ns3:hr>133</ns3:hr>
          </ns3:TrackPointExtension>
        </extensions>
      </trkpt>
      <trkpt lat="45.59862202964723110198974609375" lon="126.610924266278743743896484375">
        <ele>171.1999969482421875</ele>
        <time>2026-07-11T03:46:55.000Z</time>
        <extensions>
          <ns3:TrackPointExtension>
            <ns3:hr>135</ns3:hr>
          </ns3:TrackPointExtension>
        </extensions>
      </trkpt>
      <trkpt lat="45.5987508594989776611328125" lon="126.61102057434618473052978515625">
        <ele>171.8000030517578125</ele>
        <time>2026-07-11T03:47:01.000Z</time>
        <extensions>
          <ns3:TrackPointExtension>
            <ns3:hr>136</ns3:hr>
          </ns3:TrackPointExtension>
        </extensions>
      </trkpt>
      <trkpt lat="45.59881514869630336761474609375" lon="126.61108125932514667510986328125">
        <ele>172.1999969482421875</ele>
        <time>2026-07-11T03:47:04.000Z</time>
        <extensions>
          <ns3:TrackPointExtension>
            <ns3:hr>138</ns3:hr>
          </ns3:TrackPointExtension>
        </extensions>
      </trkpt>
      <trkpt lat="45.59883736073970794677734375" lon="126.61109961569309234619140625">
        <ele>172.399993896484375</ele>
        <time>2026-07-11T03:47:05.000Z</time>
        <extensions>
          <ns3:TrackPointExtension>
            <ns3:hr>141</ns3:hr>
          </ns3:TrackPointExtension>
        </extensions>
      </trkpt>
      <trkpt lat="45.5988542921841144561767578125" lon="126.61111663095653057098388671875">
        <ele>172.399993896484375</ele>
        <time>2026-07-11T03:47:06.000Z</time>
        <extensions>
          <ns3:TrackPointExtension>
            <ns3:hr>141</ns3:hr>
          </ns3:TrackPointExtension>
        </extensions>
      </trkpt>
      <trkpt lat="45.59895562939345836639404296875" lon="126.61123012192547321319580078125">
        <ele>173.1999969482421875</ele>
        <time>2026-07-11T03:47:12.000Z</time>
        <extensions>
          <ns3:TrackPointExtension>
            <ns3:hr>142</ns3:hr>
          </ns3:TrackPointExtension>
        </extensions>
      </trkpt>
      <trkpt lat="45.59897289611399173736572265625" lon="126.61124646663665771484375">
        <ele>173.1999969482421875</ele>
        <time>2026-07-11T03:47:13.000Z</time>
        <extensions>
          <ns3:TrackPointExtension>
            <ns3:hr>141</ns3:hr>
          </ns3:TrackPointExtension>
        </extensions>
      </trkpt>
      <trkpt lat="45.5990433879196643829345703125" lon="126.61134227178990840911865234375">
        <ele>173.600006103515625</ele>
        <time>2026-07-11T03:47:18.000Z</time>
        <extensions>
          <ns3:TrackPointExtension>
            <ns3:hr>141</ns3:hr>
          </ns3:TrackPointExtension>
        </extensions>
      </trkpt>
      <trkpt lat="45.59908672235906124114990234375" lon="126.6113740392029285430908203125">
        <ele>173.600006103515625</ele>
        <time>2026-07-11T03:47:20.000Z</time>
        <extensions>
          <ns3:TrackPointExtension>
            <ns3:hr>146</ns3:hr>
          </ns3:TrackPointExtension>
        </extensions>
      </trkpt>
      <trkpt lat="45.5991077609360218048095703125" lon="126.6114042140543460845947265625">
        <ele>173.8000030517578125</ele>
        <time>2026-07-11T03:47:21.000Z</time>
        <extensions>
          <ns3:TrackPointExtension>
            <ns3:hr>154</ns3:hr>
          </ns3:TrackPointExtension>
        </extensions>
      </trkpt>
      <trkpt lat="45.5991295538842678070068359375" lon="126.61141603253781795501708984375">
        <ele>173.8000030517578125</ele>
        <time>2026-07-11T03:47:22.000Z</time>
        <extensions>
          <ns3:TrackPointExtension>
            <ns3:hr>156</ns3:hr>
          </ns3:TrackPointExtension>
        </extensions>
      </trkpt>
      <trkpt lat="45.59916283003985881805419921875" lon="126.611505635082721710205078125">
        <ele>174.399993896484375</ele>
        <time>2026-07-11T03:47:25.000Z</time>
        <extensions>
          <ns3:TrackPointExtension>
            <ns3:hr>157</ns3:hr>
          </ns3:TrackPointExtension>
        </extensions>
      </trkpt>
      <trkpt lat="45.59917003847658634185791015625" lon="126.6115348041057586669921875">
        <ele>174.600006103515625</ele>
        <time>2026-07-11T03:47:26.000Z</time>
        <extensions>
          <ns3:TrackPointExtension>
            <ns3:hr>157</ns3:hr>
          </ns3:TrackPointExtension>
        </extensions>
      </trkpt>
      <trkpt lat="45.59922854416072368621826171875" lon="126.61163563840091228485107421875">
        <ele>175.1999969482421875</ele>
        <time>2026-07-11T03:47:31.000Z</time>
        <extensions>
          <ns3:TrackPointExtension>
            <ns3:hr>156</ns3:hr>
          </ns3:TrackPointExtension>
        </extensions>
      </trkpt>
      <trkpt lat="45.59923156164586544036865234375" lon="126.6116663999855518341064453125">
        <ele>175.1999969482421875</ele>
        <time>2026-07-11T03:47:33.000Z</time>
        <extensions>
          <ns3:TrackPointExtension>
            <ns3:hr>155</ns3:hr>
          </ns3:TrackPointExtension>
        </extensions>
      </trkpt>
      <trkpt lat="45.59923038817942142486572265625" lon="126.61170587874948978424072265625">
        <ele>175.1999969482421875</ele>
        <time>2026-07-11T03:47:36.000Z</time>
        <extensions>
          <ns3:TrackPointExtension>
            <ns3:hr>155</ns3:hr>
          </ns3:TrackPointExtension>
        </extensions>
      </trkpt>
      <trkpt lat="45.59924296103417873382568359375" lon="126.61171576939523220062255859375">
        <ele>175.399993896484375</ele>
        <time>2026-07-11T03:47:37.000Z</time>
        <extensions>
          <ns3:TrackPointExtension>
            <ns3:hr>154</ns3:hr>
          </ns3:TrackPointExtension>
        </extensions>
      </trkpt>
      <trkpt lat="45.599254108965396881103515625" lon="126.61171979270875453948974609375">
        <ele>175.399993896484375</ele>
        <time>2026-07-11T03:47:38.000Z</time>
        <extensions>
          <ns3:TrackPointExtension>
            <ns3:hr>154</ns3:hr>
          </ns3:TrackPointExtension>
        </extensions>
      </trkpt>
      <trkpt lat="45.599334239959716796875" lon="126.61174007691442966461181640625">
        <ele>176</ele>
        <time>2026-07-11T03:47:44.000Z</time>
        <extensions>
          <ns3:TrackPointExtension>
            <ns3:hr>152</ns3:hr>
          </ns3:TrackPointExtension>
        </extensions>
      </trkpt>
      <trkpt lat="45.59934253804385662078857421875" lon="126.6117565892636775970458984375">
        <ele>176</ele>
        <time>2026-07-11T03:47:45.000Z</time>
        <extensions>
          <ns3:TrackPointExtension>
            <ns3:hr>152</ns3:hr>
          </ns3:TrackPointExtension>
        </extensions>
      </trkpt>
      <trkpt lat="45.59937740676105022430419921875" lon="126.6118702478706836700439453125">
        <ele>176.1999969482421875</ele>
        <time>2026-07-11T03:47:48.000Z</time>
        <extensions>
          <ns3:TrackPointExtension>
            <ns3:hr>150</ns3:hr>
          </ns3:TrackPointExtension>
        </extensions>
      </trkpt>
      <trkpt lat="45.5994106829166412353515625" lon="126.6119639575481414794921875">
        <ele>176.8000030517578125</ele>
        <time>2026-07-11T03:47:51.000Z</time>
        <extensions>
          <ns3:TrackPointExtension>
            <ns3:hr>150</ns3:hr>
          </ns3:TrackPointExtension>
        </extensions>
      </trkpt>
      <trkpt lat="45.59943507425487041473388671875" lon="126.61203193478286266326904296875">
        <ele>177</ele>
        <time>2026-07-11T03:47:53.000Z</time>
        <extensions>
          <ns3:TrackPointExtension>
            <ns3:hr>155</ns3:hr>
          </ns3:TrackPointExtension>
        </extensions>
      </trkpt>
      <trkpt lat="45.59944647364318370819091796875" lon="126.61206722259521484375">
        <ele>177.1999969482421875</ele>
        <time>2026-07-11T03:47:54.000Z</time>
        <extensions>
          <ns3:TrackPointExtension>
            <ns3:hr>163</ns3:hr>
          </ns3:TrackPointExtension>
        </extensions>
      </trkpt>
      <trkpt lat="45.599457286298274993896484375" lon="126.6121046058833599090576171875">
        <ele>177.1999969482421875</ele>
        <time>2026-07-11T03:47:55.000Z</time>
        <extensions>
          <ns3:TrackPointExtension>
            <ns3:hr>166</ns3:hr>
          </ns3:TrackPointExtension>
        </extensions>
      </trkpt>
      <trkpt lat="45.5995154567062854766845703125" lon="126.612316332757472991943359375">
        <ele>177.399993896484375</ele>
        <time>2026-07-11T03:48:01.000Z</time>
        <extensions>
          <ns3:TrackPointExtension>
            <ns3:hr>166</ns3:hr>
          </ns3:TrackPointExtension>
        </extensions>
      </trkpt>
      <trkpt lat="45.599543116986751556396484375" lon="126.6124130599200725555419921875">
        <ele>177.8000030517578125</ele>
        <time>2026-07-11T03:48:04.000Z</time>
        <extensions>
          <ns3:TrackPointExtension>
            <ns3:hr>164</ns3:hr>
          </ns3:TrackPointExtension>
        </extensions>
      </trkpt>
      <trkpt lat="45.5995684303343296051025390625" lon="126.61252110265195369720458984375">
        <ele>177.8000030517578125</ele>
        <time>2026-07-11T03:48:07.000Z</time>
        <extensions>
          <ns3:TrackPointExtension>
            <ns3:hr>163</ns3:hr>
          </ns3:TrackPointExtension>
        </extensions>
      </trkpt>
      <trkpt lat="45.59964043088257312774658203125" lon="126.612785719335079193115234375">
        <ele>178</ele>
        <time>2026-07-11T03:48:14.000Z</time>
        <extensions>
          <ns3:TrackPointExtension>
            <ns3:hr>165</ns3:hr>
          </ns3:TrackPointExtension>
        </extensions>
      </trkpt>
      <trkpt lat="45.59967479668557643890380859375" lon="126.61290650255978107452392578125">
        <ele>178.1999969482421875</ele>
        <time>2026-07-11T03:48:17.000Z</time>
        <extensions>
          <ns3:TrackPointExtension>
            <ns3:hr>161</ns3:hr>
          </ns3:TrackPointExtension>
        </extensions>
      </trkpt>
      <trkpt lat="45.599700026214122772216796875" lon="126.6129810176789760589599609375">
        <ele>178.399993896484375</ele>
        <time>2026-07-11T03:48:19.000Z</time>
        <extensions>
          <ns3:TrackPointExtension>
            <ns3:hr>155</ns3:hr>
          </ns3:TrackPointExtension>
        </extensions>
      </trkpt>
      <trkpt lat="45.59971134178340435028076171875" lon="126.61301982589066028594970703125">
        <ele>178.600006103515625</ele>
        <time>2026-07-11T03:48:20.000Z</time>
        <extensions>
          <ns3:TrackPointExtension>
            <ns3:hr>153</ns3:hr>
          </ns3:TrackPointExtension>
        </extensions>
      </trkpt>
      <trkpt lat="45.5997444503009319305419921875" lon="126.6131144575774669647216796875">
        <ele>178.8000030517578125</ele>
        <time>2026-07-11T03:48:22.000Z</time>
        <extensions>
          <ns3:TrackPointExtension>
            <ns3:hr>153</ns3:hr>
          </ns3:TrackPointExtension>
        </extensions>
      </trkpt>
      <trkpt lat="45.5997763015329837799072265625" lon="126.61320439539849758148193359375">
        <ele>179</ele>
        <time>2026-07-11T03:48:24.000Z</time>
        <extensions>
          <ns3:TrackPointExtension>
            <ns3:hr>152</ns3:hr>
          </ns3:TrackPointExtension>
        </extensions>
      </trkpt>
      <trkpt lat="45.59985316358506679534912109375" lon="126.61346205510199069976806640625">
        <ele>179.1999969482421875</ele>
        <time>2026-07-11T03:48:30.000Z</time>
        <extensions>
          <ns3:TrackPointExtension>
            <ns3:hr>149</ns3:hr>
          </ns3:TrackPointExtension>
        </extensions>
      </trkpt>
      <trkpt lat="45.59988551773130893707275390625" lon="126.61355316638946533203125">
        <ele>179.399993896484375</ele>
        <time>2026-07-11T03:48:32.000Z</time>
        <extensions>
          <ns3:TrackPointExtension>
            <ns3:hr>147</ns3:hr>
          </ns3:TrackPointExtension>
        </extensions>
      </trkpt>
      <trkpt lat="45.5999010242521762847900390625" lon="126.61360672675073146820068359375">
        <ele>179.399993896484375</ele>
        <time>2026-07-11T03:48:33.000Z</time>
        <extensions>
          <ns3:TrackPointExtension>
            <ns3:hr>147</ns3:hr>
          </ns3:TrackPointExtension>
        </extensions>
      </trkpt>
      <trkpt lat="45.59996749274432659149169921875" lon="126.61383924074470996856689453125">
        <ele>179.8000030517578125</ele>
        <time>2026-07-11T03:48:38.000Z</time>
        <extensions>
          <ns3:TrackPointExtension>
            <ns3:hr>147</ns3:hr>
          </ns3:TrackPointExtension>
        </extensions>
      </trkpt>
      <trkpt lat="45.5999918840825557708740234375" lon="126.61391065455973148345947265625">
        <ele>179.8000030517578125</ele>
        <time>2026-07-11T03:48:40.000Z</time>
        <extensions>
          <ns3:TrackPointExtension>
            <ns3:hr>147</ns3:hr>
          </ns3:TrackPointExtension>
        </extensions>
      </trkpt>
      <trkpt lat="45.6000126712024211883544921875" lon="126.613952815532684326171875">
        <ele>179.8000030517578125</ele>
        <time>2026-07-11T03:48:43.000Z</time>
        <extensions>
          <ns3:TrackPointExtension>
            <ns3:hr>145</ns3:hr>
          </ns3:TrackPointExtension>
        </extensions>
      </trkpt>
      <trkpt lat="45.60002130456268787384033203125" lon="126.6139539889991283416748046875">
        <ele>179.8000030517578125</ele>
        <time>2026-07-11T03:48:44.000Z</time>
        <extensions>
          <ns3:TrackPointExtension>
            <ns3:hr>145</ns3:hr>
          </ns3:TrackPointExtension>
        </extensions>
      </trkpt>
      <trkpt lat="45.6000552512705326080322265625" lon="126.6139798052608966827392578125">
        <ele>180</ele>
        <time>2026-07-11T03:48:49.000Z</time>
        <extensions>
          <ns3:TrackPointExtension>
            <ns3:hr>142</ns3:hr>
          </ns3:TrackPointExtension>
        </extensions>
      </trkpt>
      <trkpt lat="45.6000572629272937774658203125" lon="126.61398173309862613677978515625">
        <ele>180.1999969482421875</ele>
        <time>2026-07-11T03:48:58.000Z</time>
        <extensions>
          <ns3:TrackPointExtension>
            <ns3:hr>141</ns3:hr>
          </ns3:TrackPointExtension>
        </extensions>
      </trkpt>
      <trkpt lat="45.6000760383903980255126953125" lon="126.61400469951331615447998046875">
        <ele>180.1999969482421875</ele>
        <time>2026-07-11T03:48:59.000Z</time>
        <extensions>
          <ns3:TrackPointExtension>
            <ns3:hr>141</ns3:hr>
          </ns3:TrackPointExtension>
        </extensions>
      </trkpt>
      <trkpt lat="45.6001836620271205902099609375" lon="126.614018864929676055908203125">
        <ele>180.399993896484375</ele>
        <time>2026-07-11T03:49:04.000Z</time>
        <extensions>
          <ns3:TrackPointExtension>
            <ns3:hr>140</ns3:hr>
          </ns3:TrackPointExtension>
        </extensions>
      </trkpt>
      <trkpt lat="45.60024124570190906524658203125" lon="126.6140641272068023681640625">
        <ele>180.600006103515625</ele>
        <time>2026-07-11T03:49:09.000Z</time>
        <extensions>
          <ns3:TrackPointExtension>
            <ns3:hr>139</ns3:hr>
          </ns3:TrackPointExtension>
        </extensions>
      </trkpt>
      <trkpt lat="45.60024795122444629669189453125" lon="126.6140860877931118011474609375">
        <ele>180.600006103515625</ele>
        <time>2026-07-11T03:49:10.000Z</time>
        <extensions>
          <ns3:TrackPointExtension>
            <ns3:hr>139</ns3:hr>
          </ns3:TrackPointExtension>
        </extensions>
      </trkpt>
      <trkpt lat="45.600297488272190093994140625" lon="126.6142760217189788818359375">
        <ele>180.8000030517578125</ele>
        <time>2026-07-11T03:49:16.000Z</time>
        <extensions>
          <ns3:TrackPointExtension>
            <ns3:hr>139</ns3:hr>
          </ns3:TrackPointExtension>
        </extensions>
      </trkpt>
      <trkpt lat="45.60031064786016941070556640625" lon="126.614312231540679931640625">
        <ele>180.8000030517578125</ele>
        <time>2026-07-11T03:49:17.000Z</time>
        <extensions>
          <ns3:TrackPointExtension>
            <ns3:hr>139</ns3:hr>
          </ns3:TrackPointExtension>
        </extensions>
      </trkpt>
      <trkpt lat="45.60041257180273532867431640625" lon="126.61462806165218353271484375">
        <ele>181</ele>
        <time>2026-07-11T03:49:25.000Z</time>
        <extensions>
          <ns3:TrackPointExtension>
            <ns3:hr>137</ns3:hr>
          </ns3:TrackPointExtension>
        </extensions>
      </trkpt>
      <trkpt lat="45.600447021424770355224609375" lon="126.61475286819040775299072265625">
        <ele>181</ele>
        <time>2026-07-11T03:49:28.000Z</time>
        <extensions>
          <ns3:TrackPointExtension>
            <ns3:hr>134</ns3:hr>
          </ns3:TrackPointExtension>
        </extensions>
      </trkpt>
      <trkpt lat="45.6004880927503108978271484375" lon="126.6148585639894008636474609375">
        <ele>181</ele>
        <time>2026-07-11T03:49:31.000Z</time>
        <extensions>
          <ns3:TrackPointExtension>
            <ns3:hr>131</ns3:hr>
          </ns3:TrackPointExtension>
        </extensions>
      </trkpt>
      <trkpt lat="45.600509382784366607666015625" lon="126.61492117680609226226806640625">
        <ele>181</ele>
        <time>2026-07-11T03:49:33.000Z</time>
        <extensions>
          <ns3:TrackPointExtension>
            <ns3:hr>130</ns3:hr>
          </ns3:TrackPointExtension>
        </extensions>
      </trkpt>
      <trkpt lat="45.6005693972110748291015625" lon="126.61513692699372768402099609375">
        <ele>181.1999969482421875</ele>
        <time>2026-07-11T03:49:40.000Z</time>
        <extensions>
          <ns3:TrackPointExtension>
            <ns3:hr>129</ns3:hr>
          </ns3:TrackPointExtension>
        </extensions>
      </trkpt>
      <trkpt lat="45.60058658011257648468017578125" lon="126.61516156978905200958251953125">
        <ele>181</ele>
        <time>2026-07-11T03:49:45.000Z</time>
        <extensions>
          <ns3:TrackPointExtension>
            <ns3:hr>127</ns3:hr>
          </ns3:TrackPointExtension>
        </extensions>
      </trkpt>
      <trkpt lat="45.6005588360130786895751953125" lon="126.61512016318738460540771484375">
        <ele>180.8000030517578125</ele>
        <time>2026-07-11T03:49:50.000Z</time>
        <extensions>
          <ns3:TrackPointExtension>
            <ns3:hr>126</ns3:hr>
          </ns3:TrackPointExtension>
        </extensions>
      </trkpt>
      <trkpt lat="45.60055070556700229644775390625" lon="126.61511295475065708160400390625">
        <ele>180.600006103515625</ele>
        <time>2026-07-11T03:49:59.000Z</time>
        <extensions>
          <ns3:TrackPointExtension>
            <ns3:hr>124</ns3:hr>
          </ns3:TrackPointExtension>
        </extensions>
      </trkpt>
      <trkpt lat="45.6005544774234294891357421875" lon="126.6150717996060848236083984375">
        <ele>180.600006103515625</ele>
        <time>2026-07-11T03:50:01.000Z</time>
        <extensions>
          <ns3:TrackPointExtension>
            <ns3:hr>124</ns3:hr>
          </ns3:TrackPointExtension>
        </extensions>
      </trkpt>
      <trkpt lat="45.60056026093661785125732421875" lon="126.61504388786852359771728515625">
        <ele>180.8000030517578125</ele>
        <time>2026-07-11T03:50:04.000Z</time>
        <extensions>
          <ns3:TrackPointExtension>
            <ns3:hr>123</ns3:hr>
          </ns3:TrackPointExtension>
        </extensions>
      </trkpt>
      <trkpt lat="45.6005662120878696441650390625" lon="126.6150431334972381591796875">
        <ele>180.8000030517578125</ele>
        <time>2026-07-11T03:50:09.000Z</time>
        <extensions>
          <ns3:TrackPointExtension>
            <ns3:hr>125</ns3:hr>
          </ns3:TrackPointExtension>
        </extensions>
      </trkpt>
      <trkpt lat="45.60055891983211040496826171875" lon="126.6150406189262866973876953125">
        <ele>181</ele>
        <time>2026-07-11T03:50:11.000Z</time>
        <extensions>
          <ns3:TrackPointExtension>
            <ns3:hr>132</ns3:hr>
          </ns3:TrackPointExtension>
        </extensions>
      </trkpt>
      <trkpt lat="45.60056579299271106719970703125" lon="126.6150453127920627593994140625">
        <ele>180.399993896484375</ele>
        <time>2026-07-11T03:50:14.000Z</time>
        <extensions>
          <ns3:TrackPointExtension>
            <ns3:hr>134</ns3:hr>
          </ns3:TrackPointExtension>
        </extensions>
      </trkpt>
    </trkseg>
  </trk>
</gpx>
