<?xml version="1.0" encoding="UTF-8"?>
<gpx creator="Garmin Connect" version="1.1"
  xsi:schemaLocation="http://www.topografix.com/GPX/1/1 http://www.topografix.com/GPX/11.xsd"
  xmlns:ns3="http://www.garmin.com/xmlschemas/TrackPointExtension/v1"
  xmlns="http://www.topografix.com/GPX/1/1"
  xmlns:xsi="http://www.w3.org/2001/XMLSchema-instance" xmlns:ns2="http://www.garmin.com/xmlschemas/GpxExtensions/v3">
  <metadata>
    <link href="connect.garmin.com">
      <text>Garmin Connect</text>
    </link>
    <time>2026-07-31T21:59:45.000Z</time>
  </metadata>
  <trk>
    <name>哈尔滨市 - 基础训练</name>
    <type>running</type>
    <trkseg>
      <trkpt lat="45.701252482831478118896484375" lon="126.59469388425350189208984375">
        <ele>155</ele>
        <time>2026-07-31T22:00:30.000Z</time>
        <extensions>
          <ns3:TrackPointExtension>
            <ns3:hr>136</ns3:hr>
            <ns3:cad>85</ns3:cad>
          </ns3:TrackPointExtension>
        </extensions>
      </trkpt>
      <trkpt lat="45.7012663967907428741455078125" lon="126.59469430334866046905517578125">
        <ele>155</ele>
        <time>2026-07-31T22:00:31.000Z</time>
        <extensions>
          <ns3:TrackPointExtension>
            <ns3:hr>137</ns3:hr>
            <ns3:cad>86</ns3:cad>
          </ns3:TrackPointExtension>
        </extensions>
      </trkpt>
      <trkpt lat="45.70128165185451507568359375" lon="126.594746522605419158935546875">
        <ele>154.600006103515625</ele>
        <time>2026-07-31T22:00:32.000Z</time>
        <extensions>
          <ns3:TrackPointExtension>
            <ns3:hr>138</ns3:hr>
            <ns3:cad>86</ns3:cad>
          </ns3:TrackPointExtension>
        </extensions>
      </trkpt>
      <trkpt lat="45.70129531435668468475341796875" lon="126.5947812236845493316650390625">
        <ele>154.600006103515625</ele>
        <time>2026-07-31T22:00:33.000Z</time>
        <extensions>
          <ns3:TrackPointExtension>
            <ns3:hr>138</ns3:hr>
            <ns3:cad>86</ns3:cad>
          </ns3:TrackPointExtension>
        </extensions>
      </trkpt>
      <trkpt lat="45.70131375454366207122802734375" lon="126.59479790367186069488525390625">
        <ele>154.399993896484375</ele>
        <time>2026-07-31T22:00:34.000Z</time>
        <extensions>
          <ns3:TrackPointExtension>
            <ns3:hr>139</ns3:hr>
            <ns3:cad>86</ns3:cad>
          </ns3:TrackPointExtension>
        </extensions>
      </trkpt>
      <trkpt lat="45.70133353583514690399169921875" lon="126.59482053481042385101318359375">
        <ele>154.399993896484375</ele>
        <time>2026-07-31T22:00:35.000Z</time>
        <extensions>
          <ns3:TrackPointExtension>
            <ns3:hr>139</ns3:hr>
            <ns3:cad>86</ns3:cad>
          </ns3:TrackPointExtension>
        </extensions>
      </trkpt>
      <trkpt lat="45.70136019028723239898681640625" lon="126.5948469378054141998291015625">
        <ele>154.1999969482421875</ele>
        <time>2026-07-31T22:00:36.000Z</time>
        <extensions>
          <ns3:TrackPointExtension>
            <ns3:hr>140</ns3:hr>
            <ns3:cad>86</ns3:cad>
          </ns3:TrackPointExtension>
        </extensions>
      </trkpt>
      <trkpt lat="45.7013829052448272705078125" lon="126.59486160613596439361572265625">
        <ele>154.1999969482421875</ele>
        <time>2026-07-31T22:00:37.000Z</time>
        <extensions>
          <ns3:TrackPointExtension>
            <ns3:hr>141</ns3:hr>
            <ns3:cad>86</ns3:cad>
          </ns3:TrackPointExtension>
        </extensions>
      </trkpt>
      <trkpt lat="45.7014052011072635650634765625" lon="126.59487702883780002593994140625">
        <ele>154</ele>
        <time>2026-07-31T22:00:38.000Z</time>
        <extensions>
          <ns3:TrackPointExtension>
            <ns3:hr>141</ns3:hr>
            <ns3:cad>86</ns3:cad>
          </ns3:TrackPointExtension>
        </extensions>
      </trkpt>
      <trkpt lat="45.70143227465450763702392578125" lon="126.5948992408812046051025390625">
        <ele>153.8000030517578125</ele>
        <time>2026-07-31T22:00:39.000Z</time>
        <extensions>
          <ns3:TrackPointExtension>
            <ns3:hr>142</ns3:hr>
            <ns3:cad>87</ns3:cad>
          </ns3:TrackPointExtension>
        </extensions>
      </trkpt>
      <trkpt lat="45.70145188830792903900146484375" lon="126.59491374157369136810302734375">
        <ele>153.8000030517578125</ele>
        <time>2026-07-31T22:00:40.000Z</time>
        <extensions>
          <ns3:TrackPointExtension>
            <ns3:hr>143</ns3:hr>
            <ns3:cad>87</ns3:cad>
          </ns3:TrackPointExtension>
        </extensions>
      </trkpt>
      <trkpt lat="45.70146429352462291717529296875" lon="126.59494358114898204803466796875">
        <ele>153.600006103515625</ele>
        <time>2026-07-31T22:00:41.000Z</time>
        <extensions>
          <ns3:TrackPointExtension>
            <ns3:hr>143</ns3:hr>
            <ns3:cad>86</ns3:cad>
          </ns3:TrackPointExtension>
        </extensions>
      </trkpt>
      <trkpt lat="45.7014875113964080810546875" lon="126.59496403299272060394287109375">
        <ele>153.399993896484375</ele>
        <time>2026-07-31T22:00:42.000Z</time>
        <extensions>
          <ns3:TrackPointExtension>
            <ns3:hr>144</ns3:hr>
            <ns3:cad>86</ns3:cad>
          </ns3:TrackPointExtension>
        </extensions>
      </trkpt>
      <trkpt lat="45.7015131600201129913330078125" lon="126.5949864126741886138916015625">
        <ele>153.1999969482421875</ele>
        <time>2026-07-31T22:00:43.000Z</time>
        <extensions>
          <ns3:TrackPointExtension>
            <ns3:hr>144</ns3:hr>
            <ns3:cad>86</ns3:cad>
          </ns3:TrackPointExtension>
        </extensions>
      </trkpt>
      <trkpt lat="45.70153377950191497802734375" lon="126.595009379088878631591796875">
        <ele>153.1999969482421875</ele>
        <time>2026-07-31T22:00:44.000Z</time>
        <extensions>
          <ns3:TrackPointExtension>
            <ns3:hr>144</ns3:hr>
            <ns3:cad>86</ns3:cad>
          </ns3:TrackPointExtension>
        </extensions>
      </trkpt>
      <trkpt lat="45.701566301286220550537109375" lon="126.5950370393693447113037109375">
        <ele>153.1999969482421875</ele>
        <time>2026-07-31T22:00:45.000Z</time>
        <extensions>
          <ns3:TrackPointExtension>
            <ns3:hr>144</ns3:hr>
            <ns3:cad>86</ns3:cad>
          </ns3:TrackPointExtension>
        </extensions>
      </trkpt>
      <trkpt lat="45.70159018971025943756103515625" lon="126.5950581617653369903564453125">
        <ele>153</ele>
        <time>2026-07-31T22:00:46.000Z</time>
        <extensions>
          <ns3:TrackPointExtension>
            <ns3:hr>145</ns3:hr>
            <ns3:cad>86</ns3:cad>
          </ns3:TrackPointExtension>
        </extensions>
      </trkpt>
      <trkpt lat="45.7016162574291229248046875" lon="126.5950766019523143768310546875">
        <ele>153</ele>
        <time>2026-07-31T22:00:47.000Z</time>
        <extensions>
          <ns3:TrackPointExtension>
            <ns3:hr>145</ns3:hr>
            <ns3:cad>86</ns3:cad>
          </ns3:TrackPointExtension>
        </extensions>
      </trkpt>
      <trkpt lat="45.70164383389055728912353515625" lon="126.5950997360050678253173828125">
        <ele>153</ele>
        <time>2026-07-31T22:00:48.000Z</time>
        <extensions>
          <ns3:TrackPointExtension>
            <ns3:hr>145</ns3:hr>
            <ns3:cad>86</ns3:cad>
          </ns3:TrackPointExtension>
        </extensions>
      </trkpt>
      <trkpt lat="45.70166914723813533782958984375" lon="126.5951116383075714111328125">
        <ele>153</ele>
        <time>2026-07-31T22:00:49.000Z</time>
        <extensions>
          <ns3:TrackPointExtension>
            <ns3:hr>145</ns3:hr>
            <ns3:cad>86</ns3:cad>
          </ns3:TrackPointExtension>
        </extensions>
      </trkpt>
      <trkpt lat="45.70169496349990367889404296875" lon="126.59513083286583423614501953125">
        <ele>152.8000030517578125</ele>
        <time>2026-07-31T22:00:50.000Z</time>
        <extensions>
          <ns3:TrackPointExtension>
            <ns3:hr>145</ns3:hr>
            <ns3:cad>86</ns3:cad>
          </ns3:TrackPointExtension>
        </extensions>
      </trkpt>
      <trkpt lat="45.701713822782039642333984375" lon="126.59515363164246082305908203125">
        <ele>152.8000030517578125</ele>
        <time>2026-07-31T22:00:51.000Z</time>
        <extensions>
          <ns3:TrackPointExtension>
            <ns3:hr>146</ns3:hr>
            <ns3:cad>86</ns3:cad>
          </ns3:TrackPointExtension>
        </extensions>
      </trkpt>
      <trkpt lat="45.7017488591372966766357421875" lon="126.59517525695264339447021484375">
        <ele>152.8000030517578125</ele>
        <time>2026-07-31T22:00:52.000Z</time>
        <extensions>
          <ns3:TrackPointExtension>
            <ns3:hr>146</ns3:hr>
            <ns3:cad>86</ns3:cad>
          </ns3:TrackPointExtension>
        </extensions>
      </trkpt>
      <trkpt lat="45.7017709873616695404052734375" lon="126.59518313594162464141845703125">
        <ele>152.8000030517578125</ele>
        <time>2026-07-31T22:00:53.000Z</time>
        <extensions>
          <ns3:TrackPointExtension>
            <ns3:hr>147</ns3:hr>
            <ns3:cad>86</ns3:cad>
          </ns3:TrackPointExtension>
        </extensions>
      </trkpt>
      <trkpt lat="45.7018048502504825592041015625" lon="126.59519453532993793487548828125">
        <ele>152.600006103515625</ele>
        <time>2026-07-31T22:00:54.000Z</time>
        <extensions>
          <ns3:TrackPointExtension>
            <ns3:hr>147</ns3:hr>
            <ns3:cad>87</ns3:cad>
          </ns3:TrackPointExtension>
        </extensions>
      </trkpt>
      <trkpt lat="45.70182873867452144622802734375" lon="126.59520895220339298248291015625">
        <ele>152.600006103515625</ele>
        <time>2026-07-31T22:00:55.000Z</time>
        <extensions>
          <ns3:TrackPointExtension>
            <ns3:hr>147</ns3:hr>
            <ns3:cad>87</ns3:cad>
          </ns3:TrackPointExtension>
        </extensions>
      </trkpt>
      <trkpt lat="45.701861344277858734130859375" lon="126.59522856585681438446044921875">
        <ele>152.600006103515625</ele>
        <time>2026-07-31T22:00:56.000Z</time>
        <extensions>
          <ns3:TrackPointExtension>
            <ns3:hr>148</ns3:hr>
            <ns3:cad>87</ns3:cad>
          </ns3:TrackPointExtension>
        </extensions>
      </trkpt>
      <trkpt lat="45.7018856517970561981201171875" lon="126.59524113871157169342041015625">
        <ele>152.600006103515625</ele>
        <time>2026-07-31T22:00:57.000Z</time>
        <extensions>
          <ns3:TrackPointExtension>
            <ns3:hr>148</ns3:hr>
            <ns3:cad>87</ns3:cad>
          </ns3:TrackPointExtension>
        </extensions>
      </trkpt>
      <trkpt lat="45.70191892795264720916748046875" lon="126.5952536277472972869873046875">
        <ele>152.600006103515625</ele>
        <time>2026-07-31T22:00:58.000Z</time>
        <extensions>
          <ns3:TrackPointExtension>
            <ns3:hr>148</ns3:hr>
            <ns3:cad>87</ns3:cad>
          </ns3:TrackPointExtension>
        </extensions>
      </trkpt>
      <trkpt lat="45.70194549858570098876953125" lon="126.59525605849921703338623046875">
        <ele>152.600006103515625</ele>
        <time>2026-07-31T22:00:59.000Z</time>
        <extensions>
          <ns3:TrackPointExtension>
            <ns3:hr>149</ns3:hr>
            <ns3:cad>87</ns3:cad>
          </ns3:TrackPointExtension>
        </extensions>
      </trkpt>
      <trkpt lat="45.70197592489421367645263671875" lon="126.5952690504491329193115234375">
        <ele>152.600006103515625</ele>
        <time>2026-07-31T22:01:00.000Z</time>
        <extensions>
          <ns3:TrackPointExtension>
            <ns3:hr>149</ns3:hr>
            <ns3:cad>87</ns3:cad>
          </ns3:TrackPointExtension>
        </extensions>
      </trkpt>
      <trkpt lat="45.70200291462242603302001953125" lon="126.59527332521975040435791015625">
        <ele>152.600006103515625</ele>
        <time>2026-07-31T22:01:01.000Z</time>
        <extensions>
          <ns3:TrackPointExtension>
            <ns3:hr>149</ns3:hr>
            <ns3:cad>87</ns3:cad>
          </ns3:TrackPointExtension>
        </extensions>
      </trkpt>
      <trkpt lat="45.7020293176174163818359375" lon="126.59528304822742938995361328125">
        <ele>152.600006103515625</ele>
        <time>2026-07-31T22:01:02.000Z</time>
        <extensions>
          <ns3:TrackPointExtension>
            <ns3:hr>150</ns3:hr>
            <ns3:cad>88</ns3:cad>
          </ns3:TrackPointExtension>
        </extensions>
      </trkpt>
      <trkpt lat="45.7020588219165802001953125" lon="126.59529075957834720611572265625">
        <ele>152.600006103515625</ele>
        <time>2026-07-31T22:01:03.000Z</time>
        <extensions>
          <ns3:TrackPointExtension>
            <ns3:hr>150</ns3:hr>
            <ns3:cad>88</ns3:cad>
          </ns3:TrackPointExtension>
        </extensions>
      </trkpt>
      <trkpt lat="45.702090002596378326416015625" lon="126.5952945314347743988037109375">
        <ele>152.399993896484375</ele>
        <time>2026-07-31T22:01:04.000Z</time>
        <extensions>
          <ns3:TrackPointExtension>
            <ns3:hr>151</ns3:hr>
            <ns3:cad>88</ns3:cad>
          </ns3:TrackPointExtension>
        </extensions>
      </trkpt>
      <trkpt lat="45.70212026126682758331298828125" lon="126.5952967107295989990234375">
        <ele>152.399993896484375</ele>
        <time>2026-07-31T22:01:05.000Z</time>
        <extensions>
          <ns3:TrackPointExtension>
            <ns3:hr>151</ns3:hr>
            <ns3:cad>88</ns3:cad>
          </ns3:TrackPointExtension>
        </extensions>
      </trkpt>
      <trkpt lat="45.70215680636465549468994140625" lon="126.595284976065158843994140625">
        <ele>152.399993896484375</ele>
        <time>2026-07-31T22:01:06.000Z</time>
        <extensions>
          <ns3:TrackPointExtension>
            <ns3:hr>152</ns3:hr>
            <ns3:cad>88</ns3:cad>
          </ns3:TrackPointExtension>
        </extensions>
      </trkpt>
      <trkpt lat="45.702195949852466583251953125" lon="126.59528992138803005218505859375">
        <ele>152.399993896484375</ele>
        <time>2026-07-31T22:01:07.000Z</time>
        <extensions>
          <ns3:TrackPointExtension>
            <ns3:hr>153</ns3:hr>
            <ns3:cad>88</ns3:cad>
          </ns3:TrackPointExtension>
        </extensions>
      </trkpt>
      <trkpt lat="45.70222637616097927093505859375" lon="126.5952913463115692138671875">
        <ele>152.1999969482421875</ele>
        <time>2026-07-31T22:01:08.000Z</time>
        <extensions>
          <ns3:TrackPointExtension>
            <ns3:hr>153</ns3:hr>
            <ns3:cad>87</ns3:cad>
          </ns3:TrackPointExtension>
        </extensions>
      </trkpt>
      <trkpt lat="45.702263675630092620849609375" lon="126.5952938608825206756591796875">
        <ele>152.1999969482421875</ele>
        <time>2026-07-31T22:01:09.000Z</time>
        <extensions>
          <ns3:TrackPointExtension>
            <ns3:hr>154</ns3:hr>
            <ns3:cad>86</ns3:cad>
          </ns3:TrackPointExtension>
        </extensions>
      </trkpt>
      <trkpt lat="45.702289156615734100341796875" lon="126.59529738128185272216796875">
        <ele>152.1999969482421875</ele>
        <time>2026-07-31T22:01:10.000Z</time>
        <extensions>
          <ns3:TrackPointExtension>
            <ns3:hr>155</ns3:hr>
            <ns3:cad>86</ns3:cad>
          </ns3:TrackPointExtension>
        </extensions>
      </trkpt>
      <trkpt lat="45.70231908001005649566650390625" lon="126.59529738128185272216796875">
        <ele>152.1999969482421875</ele>
        <time>2026-07-31T22:01:11.000Z</time>
        <extensions>
          <ns3:TrackPointExtension>
            <ns3:hr>155</ns3:hr>
            <ns3:cad>87</ns3:cad>
          </ns3:TrackPointExtension>
        </extensions>
      </trkpt>
      <trkpt lat="45.70234657265245914459228515625" lon="126.59529981203377246856689453125">
        <ele>152</ele>
        <time>2026-07-31T22:01:12.000Z</time>
        <extensions>
          <ns3:TrackPointExtension>
            <ns3:hr>156</ns3:hr>
            <ns3:cad>87</ns3:cad>
          </ns3:TrackPointExtension>
        </extensions>
      </trkpt>
      <trkpt lat="45.70237331092357635498046875" lon="126.59529712982475757598876953125">
        <ele>152</ele>
        <time>2026-07-31T22:01:13.000Z</time>
        <extensions>
          <ns3:TrackPointExtension>
            <ns3:hr>156</ns3:hr>
            <ns3:cad>87</ns3:cad>
          </ns3:TrackPointExtension>
        </extensions>
      </trkpt>
      <trkpt lat="45.7024053297936916351318359375" lon="126.5953020751476287841796875">
        <ele>152</ele>
        <time>2026-07-31T22:01:14.000Z</time>
        <extensions>
          <ns3:TrackPointExtension>
            <ns3:hr>157</ns3:hr>
            <ns3:cad>87</ns3:cad>
          </ns3:TrackPointExtension>
        </extensions>
      </trkpt>
      <trkpt lat="45.70242854766547679901123046875" lon="126.595301069319248199462890625">
        <ele>152</ele>
        <time>2026-07-31T22:01:15.000Z</time>
        <extensions>
          <ns3:TrackPointExtension>
            <ns3:hr>157</ns3:hr>
            <ns3:cad>87</ns3:cad>
          </ns3:TrackPointExtension>
        </extensions>
      </trkpt>
      <trkpt lat="45.70246039889752864837646484375" lon="126.5953119657933712005615234375">
        <ele>152</ele>
        <time>2026-07-31T22:01:16.000Z</time>
        <extensions>
          <ns3:TrackPointExtension>
            <ns3:hr>158</ns3:hr>
            <ns3:cad>87</ns3:cad>
          </ns3:TrackPointExtension>
        </extensions>
      </trkpt>
      <trkpt lat="45.7024847902357578277587890625" lon="126.59532026387751102447509765625">
        <ele>152</ele>
        <time>2026-07-31T22:01:17.000Z</time>
        <extensions>
          <ns3:TrackPointExtension>
            <ns3:hr>158</ns3:hr>
            <ns3:cad>86</ns3:cad>
          </ns3:TrackPointExtension>
        </extensions>
      </trkpt>
      <trkpt lat="45.70252007804811000823974609375" lon="126.59533023834228515625">
        <ele>152</ele>
        <time>2026-07-31T22:01:18.000Z</time>
        <extensions>
          <ns3:TrackPointExtension>
            <ns3:hr>158</ns3:hr>
            <ns3:cad>86</ns3:cad>
          </ns3:TrackPointExtension>
        </extensions>
      </trkpt>
      <trkpt lat="45.702545307576656341552734375" lon="126.5953364409506320953369140625">
        <ele>152</ele>
        <time>2026-07-31T22:01:19.000Z</time>
        <extensions>
          <ns3:TrackPointExtension>
            <ns3:hr>159</ns3:hr>
            <ns3:cad>86</ns3:cad>
          </ns3:TrackPointExtension>
        </extensions>
      </trkpt>
      <trkpt lat="45.70257824845612049102783203125" lon="126.595345996320247650146484375">
        <ele>151.8000030517578125</ele>
        <time>2026-07-31T22:01:20.000Z</time>
        <extensions>
          <ns3:TrackPointExtension>
            <ns3:hr>159</ns3:hr>
            <ns3:cad>87</ns3:cad>
          </ns3:TrackPointExtension>
        </extensions>
      </trkpt>
      <trkpt lat="45.70260842330753803253173828125" lon="126.59536032937467098236083984375">
        <ele>151.8000030517578125</ele>
        <time>2026-07-31T22:01:21.000Z</time>
        <extensions>
          <ns3:TrackPointExtension>
            <ns3:hr>159</ns3:hr>
            <ns3:cad>87</ns3:cad>
          </ns3:TrackPointExtension>
        </extensions>
      </trkpt>
      <trkpt lat="45.70264010690152645111083984375" lon="126.59536167047917842864990234375">
        <ele>151.8000030517578125</ele>
        <time>2026-07-31T22:01:22.000Z</time>
        <extensions>
          <ns3:TrackPointExtension>
            <ns3:hr>160</ns3:hr>
            <ns3:cad>87</ns3:cad>
          </ns3:TrackPointExtension>
        </extensions>
      </trkpt>
      <trkpt lat="45.702674053609371185302734375" lon="126.59536988474428653717041015625">
        <ele>151.600006103515625</ele>
        <time>2026-07-31T22:01:23.000Z</time>
        <extensions>
          <ns3:TrackPointExtension>
            <ns3:hr>160</ns3:hr>
            <ns3:cad>87</ns3:cad>
          </ns3:TrackPointExtension>
        </extensions>
      </trkpt>
      <trkpt lat="45.70270431227982044219970703125" lon="126.5953679569065570831298828125">
        <ele>151.600006103515625</ele>
        <time>2026-07-31T22:01:24.000Z</time>
        <extensions>
          <ns3:TrackPointExtension>
            <ns3:hr>161</ns3:hr>
            <ns3:cad>87</ns3:cad>
          </ns3:TrackPointExtension>
        </extensions>
      </trkpt>
      <trkpt lat="45.70273901335895061492919921875" lon="126.5953796915709972381591796875">
        <ele>151.600006103515625</ele>
        <time>2026-07-31T22:01:25.000Z</time>
        <extensions>
          <ns3:TrackPointExtension>
            <ns3:hr>161</ns3:hr>
            <ns3:cad>87</ns3:cad>
          </ns3:TrackPointExtension>
        </extensions>
      </trkpt>
      <trkpt lat="45.7027654163539409637451171875" lon="126.5953790210187435150146484375">
        <ele>151.600006103515625</ele>
        <time>2026-07-31T22:01:26.000Z</time>
        <extensions>
          <ns3:TrackPointExtension>
            <ns3:hr>162</ns3:hr>
            <ns3:cad>87</ns3:cad>
          </ns3:TrackPointExtension>
        </extensions>
      </trkpt>
      <trkpt lat="45.70280338637530803680419921875" lon="126.5953847207129001617431640625">
        <ele>151.399993896484375</ele>
        <time>2026-07-31T22:01:27.000Z</time>
        <extensions>
          <ns3:TrackPointExtension>
            <ns3:hr>162</ns3:hr>
            <ns3:cad>87</ns3:cad>
          </ns3:TrackPointExtension>
        </extensions>
      </trkpt>
      <trkpt lat="45.7028284482657909393310546875" lon="126.59538513980805873870849609375">
        <ele>151.399993896484375</ele>
        <time>2026-07-31T22:01:28.000Z</time>
        <extensions>
          <ns3:TrackPointExtension>
            <ns3:hr>162</ns3:hr>
            <ns3:cad>87</ns3:cad>
          </ns3:TrackPointExtension>
        </extensions>
      </trkpt>
      <trkpt lat="45.702864825725555419921875" lon="126.59539335407316684722900390625">
        <ele>151.399993896484375</ele>
        <time>2026-07-31T22:01:29.000Z</time>
        <extensions>
          <ns3:TrackPointExtension>
            <ns3:hr>162</ns3:hr>
            <ns3:cad>87</ns3:cad>
          </ns3:TrackPointExtension>
        </extensions>
      </trkpt>
      <trkpt lat="45.70289357565343379974365234375" lon="126.595400311052799224853515625">
        <ele>151.399993896484375</ele>
        <time>2026-07-31T22:01:30.000Z</time>
        <extensions>
          <ns3:TrackPointExtension>
            <ns3:hr>162</ns3:hr>
            <ns3:cad>87</ns3:cad>
          </ns3:TrackPointExtension>
        </extensions>
      </trkpt>
      <trkpt lat="45.70292274467647075653076171875" lon="126.5954018197953701019287109375">
        <ele>151.399993896484375</ele>
        <time>2026-07-31T22:01:31.000Z</time>
        <extensions>
          <ns3:TrackPointExtension>
            <ns3:hr>160</ns3:hr>
            <ns3:cad>87</ns3:cad>
          </ns3:TrackPointExtension>
        </extensions>
      </trkpt>
      <trkpt lat="45.7029548473656177520751953125" lon="126.595402993261814117431640625">
        <ele>151.399993896484375</ele>
        <time>2026-07-31T22:01:32.000Z</time>
        <extensions>
          <ns3:TrackPointExtension>
            <ns3:hr>159</ns3:hr>
            <ns3:cad>87</ns3:cad>
          </ns3:TrackPointExtension>
        </extensions>
      </trkpt>
      <trkpt lat="45.70298485457897186279296875" lon="126.5953998081386089324951171875">
        <ele>151.1999969482421875</ele>
        <time>2026-07-31T22:01:33.000Z</time>
        <extensions>
          <ns3:TrackPointExtension>
            <ns3:hr>159</ns3:hr>
            <ns3:cad>88</ns3:cad>
          </ns3:TrackPointExtension>
        </extensions>
      </trkpt>
      <trkpt lat="45.703013353049755096435546875" lon="126.5954034961760044097900390625">
        <ele>151.1999969482421875</ele>
        <time>2026-07-31T22:01:34.000Z</time>
        <extensions>
          <ns3:TrackPointExtension>
            <ns3:hr>158</ns3:hr>
            <ns3:cad>88</ns3:cad>
          </ns3:TrackPointExtension>
        </extensions>
      </trkpt>
      <trkpt lat="45.70303757674992084503173828125" lon="126.59539452753961086273193359375">
        <ele>151.1999969482421875</ele>
        <time>2026-07-31T22:01:35.000Z</time>
        <extensions>
          <ns3:TrackPointExtension>
            <ns3:hr>159</ns3:hr>
            <ns3:cad>87</ns3:cad>
          </ns3:TrackPointExtension>
        </extensions>
      </trkpt>
      <trkpt lat="45.7030701823532581329345703125" lon="126.5954008139669895172119140625">
        <ele>151</ele>
        <time>2026-07-31T22:01:36.000Z</time>
        <extensions>
          <ns3:TrackPointExtension>
            <ns3:hr>158</ns3:hr>
            <ns3:cad>87</ns3:cad>
          </ns3:TrackPointExtension>
        </extensions>
      </trkpt>
      <trkpt lat="45.70309474132955074310302734375" lon="126.595400311052799224853515625">
        <ele>151</ele>
        <time>2026-07-31T22:01:37.000Z</time>
        <extensions>
          <ns3:TrackPointExtension>
            <ns3:hr>158</ns3:hr>
            <ns3:cad>87</ns3:cad>
          </ns3:TrackPointExtension>
        </extensions>
      </trkpt>
      <trkpt lat="45.70312826894223690032958984375" lon="126.59540710039436817169189453125">
        <ele>151</ele>
        <time>2026-07-31T22:01:38.000Z</time>
        <extensions>
          <ns3:TrackPointExtension>
            <ns3:hr>157</ns3:hr>
            <ns3:cad>87</ns3:cad>
          </ns3:TrackPointExtension>
        </extensions>
      </trkpt>
      <trkpt lat="45.7031504809856414794921875" lon="126.59541045315563678741455078125">
        <ele>151</ele>
        <time>2026-07-31T22:01:39.000Z</time>
        <extensions>
          <ns3:TrackPointExtension>
            <ns3:hr>157</ns3:hr>
            <ns3:cad>87</ns3:cad>
          </ns3:TrackPointExtension>
        </extensions>
      </trkpt>
      <trkpt lat="45.70318342186510562896728515625" lon="126.59541632048785686492919921875">
        <ele>151</ele>
        <time>2026-07-31T22:01:40.000Z</time>
        <extensions>
          <ns3:TrackPointExtension>
            <ns3:hr>157</ns3:hr>
            <ns3:cad>87</ns3:cad>
          </ns3:TrackPointExtension>
        </extensions>
      </trkpt>
      <trkpt lat="45.70321007631719112396240234375" lon="126.595424115657806396484375">
        <ele>151</ele>
        <time>2026-07-31T22:01:41.000Z</time>
        <extensions>
          <ns3:TrackPointExtension>
            <ns3:hr>157</ns3:hr>
            <ns3:cad>87</ns3:cad>
          </ns3:TrackPointExtension>
        </extensions>
      </trkpt>
      <trkpt lat="45.70323807187378406524658203125" lon="126.59542906098067760467529296875">
        <ele>151</ele>
        <time>2026-07-31T22:01:42.000Z</time>
        <extensions>
          <ns3:TrackPointExtension>
            <ns3:hr>156</ns3:hr>
            <ns3:cad>87</ns3:cad>
          </ns3:TrackPointExtension>
        </extensions>
      </trkpt>
      <trkpt lat="45.703264139592647552490234375" lon="126.59543777815997600555419921875">
        <ele>151</ele>
        <time>2026-07-31T22:01:43.000Z</time>
        <extensions>
          <ns3:TrackPointExtension>
            <ns3:hr>157</ns3:hr>
            <ns3:cad>87</ns3:cad>
          </ns3:TrackPointExtension>
        </extensions>
      </trkpt>
      <trkpt lat="45.703292973339557647705078125" lon="126.59544297493994235992431640625">
        <ele>151</ele>
        <time>2026-07-31T22:01:44.000Z</time>
        <extensions>
          <ns3:TrackPointExtension>
            <ns3:hr>157</ns3:hr>
            <ns3:cad>86</ns3:cad>
          </ns3:TrackPointExtension>
        </extensions>
      </trkpt>
      <trkpt lat="45.70332004688680171966552734375" lon="126.59545026719570159912109375">
        <ele>151</ele>
        <time>2026-07-31T22:01:45.000Z</time>
        <extensions>
          <ns3:TrackPointExtension>
            <ns3:hr>157</ns3:hr>
            <ns3:cad>86</ns3:cad>
          </ns3:TrackPointExtension>
        </extensions>
      </trkpt>
      <trkpt lat="45.70333831943571567535400390625" lon="126.5954541228711605072021484375">
        <ele>151</ele>
        <time>2026-07-31T22:01:46.000Z</time>
        <extensions>
          <ns3:TrackPointExtension>
            <ns3:hr>157</ns3:hr>
            <ns3:cad>86</ns3:cad>
          </ns3:TrackPointExtension>
        </extensions>
      </trkpt>
      <trkpt lat="45.70336841046810150146484375" lon="126.5954645164310932159423828125">
        <ele>151</ele>
        <time>2026-07-31T22:01:47.000Z</time>
        <extensions>
          <ns3:TrackPointExtension>
            <ns3:hr>158</ns3:hr>
            <ns3:cad>87</ns3:cad>
          </ns3:TrackPointExtension>
        </extensions>
      </trkpt>
      <trkpt lat="45.70339397527277469635009765625" lon="126.595464684069156646728515625">
        <ele>151</ele>
        <time>2026-07-31T22:01:48.000Z</time>
        <extensions>
          <ns3:TrackPointExtension>
            <ns3:hr>157</ns3:hr>
            <ns3:cad>87</ns3:cad>
          </ns3:TrackPointExtension>
        </extensions>
      </trkpt>
      <trkpt lat="45.70342532359063625335693359375" lon="126.5954739041626453399658203125">
        <ele>151</ele>
        <time>2026-07-31T22:01:49.000Z</time>
        <extensions>
          <ns3:TrackPointExtension>
            <ns3:hr>157</ns3:hr>
            <ns3:cad>88</ns3:cad>
          </ns3:TrackPointExtension>
        </extensions>
      </trkpt>
      <trkpt lat="45.7034540735185146331787109375" lon="126.595472060143947601318359375">
        <ele>151.1999969482421875</ele>
        <time>2026-07-31T22:01:50.000Z</time>
        <extensions>
          <ns3:TrackPointExtension>
            <ns3:hr>157</ns3:hr>
            <ns3:cad>88</ns3:cad>
          </ns3:TrackPointExtension>
        </extensions>
      </trkpt>
      <trkpt lat="45.70348919369280338287353515625" lon="126.595480442047119140625">
        <ele>151.1999969482421875</ele>
        <time>2026-07-31T22:01:51.000Z</time>
        <extensions>
          <ns3:TrackPointExtension>
            <ns3:hr>157</ns3:hr>
            <ns3:cad>88</ns3:cad>
          </ns3:TrackPointExtension>
        </extensions>
      </trkpt>
      <trkpt lat="45.7035134173929691314697265625" lon="126.5954898297786712646484375">
        <ele>151</ele>
        <time>2026-07-31T22:01:52.000Z</time>
        <extensions>
          <ns3:TrackPointExtension>
            <ns3:hr>157</ns3:hr>
            <ns3:cad>88</ns3:cad>
          </ns3:TrackPointExtension>
        </extensions>
      </trkpt>
      <trkpt lat="45.70354619063436985015869140625" lon="126.59549779258668422698974609375">
        <ele>151</ele>
        <time>2026-07-31T22:01:53.000Z</time>
        <extensions>
          <ns3:TrackPointExtension>
            <ns3:hr>158</ns3:hr>
            <ns3:cad>88</ns3:cad>
          </ns3:TrackPointExtension>
        </extensions>
      </trkpt>
      <trkpt lat="45.703569911420345306396484375" lon="126.5955112874507904052734375">
        <ele>151</ele>
        <time>2026-07-31T22:01:54.000Z</time>
        <extensions>
          <ns3:TrackPointExtension>
            <ns3:hr>158</ns3:hr>
            <ns3:cad>88</ns3:cad>
          </ns3:TrackPointExtension>
        </extensions>
      </trkpt>
      <trkpt lat="45.70360033772885799407958984375" lon="126.59552092663943767547607421875">
        <ele>151</ele>
        <time>2026-07-31T22:01:55.000Z</time>
        <extensions>
          <ns3:TrackPointExtension>
            <ns3:hr>158</ns3:hr>
            <ns3:cad>88</ns3:cad>
          </ns3:TrackPointExtension>
        </extensions>
      </trkpt>
      <trkpt lat="45.7036264054477214813232421875" lon="126.59553115256130695343017578125">
        <ele>151</ele>
        <time>2026-07-31T22:01:56.000Z</time>
        <extensions>
          <ns3:TrackPointExtension>
            <ns3:hr>158</ns3:hr>
            <ns3:cad>87</ns3:cad>
          </ns3:TrackPointExtension>
        </extensions>
      </trkpt>
      <trkpt lat="45.70365138351917266845703125" lon="126.59553475677967071533203125">
        <ele>151</ele>
        <time>2026-07-31T22:01:57.000Z</time>
        <extensions>
          <ns3:TrackPointExtension>
            <ns3:hr>158</ns3:hr>
            <ns3:cad>87</ns3:cad>
          </ns3:TrackPointExtension>
        </extensions>
      </trkpt>
      <trkpt lat="45.70367661304771900177001953125" lon="126.59553836099803447723388671875">
        <ele>150.8000030517578125</ele>
        <time>2026-07-31T22:01:58.000Z</time>
        <extensions>
          <ns3:TrackPointExtension>
            <ns3:hr>158</ns3:hr>
            <ns3:cad>87</ns3:cad>
          </ns3:TrackPointExtension>
        </extensions>
      </trkpt>
      <trkpt lat="45.7037030160427093505859375" lon="126.59553718753159046173095703125">
        <ele>150.8000030517578125</ele>
        <time>2026-07-31T22:01:59.000Z</time>
        <extensions>
          <ns3:TrackPointExtension>
            <ns3:hr>158</ns3:hr>
            <ns3:cad>87</ns3:cad>
          </ns3:TrackPointExtension>
        </extensions>
      </trkpt>
      <trkpt lat="45.703730173408985137939453125" lon="126.59554221667349338531494140625">
        <ele>150.8000030517578125</ele>
        <time>2026-07-31T22:02:00.000Z</time>
        <extensions>
          <ns3:TrackPointExtension>
            <ns3:hr>158</ns3:hr>
            <ns3:cad>87</ns3:cad>
          </ns3:TrackPointExtension>
        </extensions>
      </trkpt>
      <trkpt lat="45.703755654394626617431640625" lon="126.5955486707389354705810546875">
        <ele>150.8000030517578125</ele>
        <time>2026-07-31T22:02:01.000Z</time>
        <extensions>
          <ns3:TrackPointExtension>
            <ns3:hr>159</ns3:hr>
            <ns3:cad>87</ns3:cad>
          </ns3:TrackPointExtension>
        </extensions>
      </trkpt>
      <trkpt lat="45.7037823088467121124267578125" lon="126.5955555438995361328125">
        <ele>150.8000030517578125</ele>
        <time>2026-07-31T22:02:02.000Z</time>
        <extensions>
          <ns3:TrackPointExtension>
            <ns3:hr>158</ns3:hr>
            <ns3:cad>87</ns3:cad>
          </ns3:TrackPointExtension>
        </extensions>
      </trkpt>
      <trkpt lat="45.7038051076233386993408203125" lon="126.59556769765913486480712890625">
        <ele>150.8000030517578125</ele>
        <time>2026-07-31T22:02:03.000Z</time>
        <extensions>
          <ns3:TrackPointExtension>
            <ns3:hr>158</ns3:hr>
            <ns3:cad>87</ns3:cad>
          </ns3:TrackPointExtension>
        </extensions>
      </trkpt>
      <trkpt lat="45.70383000187575817108154296875" lon="126.5955791808664798736572265625">
        <ele>150.8000030517578125</ele>
        <time>2026-07-31T22:02:04.000Z</time>
        <extensions>
          <ns3:TrackPointExtension>
            <ns3:hr>158</ns3:hr>
            <ns3:cad>87</ns3:cad>
          </ns3:TrackPointExtension>
        </extensions>
      </trkpt>
      <trkpt lat="45.7038553990423679351806640625" lon="126.59559368155896663665771484375">
        <ele>150.8000030517578125</ele>
        <time>2026-07-31T22:02:05.000Z</time>
        <extensions>
          <ns3:TrackPointExtension>
            <ns3:hr>158</ns3:hr>
            <ns3:cad>86</ns3:cad>
          </ns3:TrackPointExtension>
        </extensions>
      </trkpt>
      <trkpt lat="45.70388766936957836151123046875" lon="126.5955878980457782745361328125">
        <ele>150.8000030517578125</ele>
        <time>2026-07-31T22:02:06.000Z</time>
        <extensions>
          <ns3:TrackPointExtension>
            <ns3:hr>158</ns3:hr>
            <ns3:cad>87</ns3:cad>
          </ns3:TrackPointExtension>
        </extensions>
      </trkpt>
      <trkpt lat="45.70391449145972728729248046875" lon="126.5955889038741588592529296875">
        <ele>150.600006103515625</ele>
        <time>2026-07-31T22:02:07.000Z</time>
        <extensions>
          <ns3:TrackPointExtension>
            <ns3:hr>158</ns3:hr>
            <ns3:cad>87</ns3:cad>
          </ns3:TrackPointExtension>
        </extensions>
      </trkpt>
      <trkpt lat="45.703944079577922821044921875" lon="126.5955902449786663055419921875">
        <ele>150.600006103515625</ele>
        <time>2026-07-31T22:02:08.000Z</time>
        <extensions>
          <ns3:TrackPointExtension>
            <ns3:hr>158</ns3:hr>
            <ns3:cad>87</ns3:cad>
          </ns3:TrackPointExtension>
        </extensions>
      </trkpt>
      <trkpt lat="45.70397316478192806243896484375" lon="126.5956026501953601837158203125">
        <ele>150.600006103515625</ele>
        <time>2026-07-31T22:02:09.000Z</time>
        <extensions>
          <ns3:TrackPointExtension>
            <ns3:hr>158</ns3:hr>
            <ns3:cad>87</ns3:cad>
          </ns3:TrackPointExtension>
        </extensions>
      </trkpt>
      <trkpt lat="45.70400116033852100372314453125" lon="126.59560709260404109954833984375">
        <ele>150.600006103515625</ele>
        <time>2026-07-31T22:02:10.000Z</time>
        <extensions>
          <ns3:TrackPointExtension>
            <ns3:hr>158</ns3:hr>
            <ns3:cad>87</ns3:cad>
          </ns3:TrackPointExtension>
        </extensions>
      </trkpt>
      <trkpt lat="45.70403586141765117645263671875" lon="126.5956160612404346466064453125">
        <ele>150.600006103515625</ele>
        <time>2026-07-31T22:02:11.000Z</time>
        <extensions>
          <ns3:TrackPointExtension>
            <ns3:hr>158</ns3:hr>
            <ns3:cad>88</ns3:cad>
          </ns3:TrackPointExtension>
        </extensions>
      </trkpt>
      <trkpt lat="45.70405907928943634033203125" lon="126.59562218002974987030029296875">
        <ele>150.600006103515625</ele>
        <time>2026-07-31T22:02:12.000Z</time>
        <extensions>
          <ns3:TrackPointExtension>
            <ns3:hr>158</ns3:hr>
            <ns3:cad>88</ns3:cad>
          </ns3:TrackPointExtension>
        </extensions>
      </trkpt>
      <trkpt lat="45.7040974684059619903564453125" lon="126.5956304781138896942138671875">
        <ele>150.600006103515625</ele>
        <time>2026-07-31T22:02:13.000Z</time>
        <extensions>
          <ns3:TrackPointExtension>
            <ns3:hr>159</ns3:hr>
            <ns3:cad>87</ns3:cad>
          </ns3:TrackPointExtension>
        </extensions>
      </trkpt>
      <trkpt lat="45.70413141511380672454833984375" lon="126.59563709981739521026611328125">
        <ele>150.600006103515625</ele>
        <time>2026-07-31T22:02:14.000Z</time>
        <extensions>
          <ns3:TrackPointExtension>
            <ns3:hr>158</ns3:hr>
            <ns3:cad>87</ns3:cad>
          </ns3:TrackPointExtension>
        </extensions>
      </trkpt>
      <trkpt lat="45.70416578091681003570556640625" lon="126.5956368483603000640869140625">
        <ele>150.600006103515625</ele>
        <time>2026-07-31T22:02:15.000Z</time>
        <extensions>
          <ns3:TrackPointExtension>
            <ns3:hr>158</ns3:hr>
            <ns3:cad>87</ns3:cad>
          </ns3:TrackPointExtension>
        </extensions>
      </trkpt>
      <trkpt lat="45.70420148782432079315185546875" lon="126.59563793800771236419677734375">
        <ele>150.399993896484375</ele>
        <time>2026-07-31T22:02:16.000Z</time>
        <extensions>
          <ns3:TrackPointExtension>
            <ns3:hr>159</ns3:hr>
            <ns3:cad>87</ns3:cad>
          </ns3:TrackPointExtension>
        </extensions>
      </trkpt>
      <trkpt lat="45.70423317141830921173095703125" lon="126.59563290886580944061279296875">
        <ele>150.399993896484375</ele>
        <time>2026-07-31T22:02:17.000Z</time>
        <extensions>
          <ns3:TrackPointExtension>
            <ns3:hr>160</ns3:hr>
            <ns3:cad>87</ns3:cad>
          </ns3:TrackPointExtension>
        </extensions>
      </trkpt>
      <trkpt lat="45.70426829159259796142578125" lon="126.595635004341602325439453125">
        <ele>150.399993896484375</ele>
        <time>2026-07-31T22:02:18.000Z</time>
        <extensions>
          <ns3:TrackPointExtension>
            <ns3:hr>161</ns3:hr>
            <ns3:cad>87</ns3:cad>
          </ns3:TrackPointExtension>
        </extensions>
      </trkpt>
      <trkpt lat="45.70429838262498378753662109375" lon="126.595631651580333709716796875">
        <ele>150.399993896484375</ele>
        <time>2026-07-31T22:02:19.000Z</time>
        <extensions>
          <ns3:TrackPointExtension>
            <ns3:hr>161</ns3:hr>
            <ns3:cad>87</ns3:cad>
          </ns3:TrackPointExtension>
        </extensions>
      </trkpt>
      <trkpt lat="45.7043335027992725372314453125" lon="126.5956345014274120330810546875">
        <ele>150.399993896484375</ele>
        <time>2026-07-31T22:02:20.000Z</time>
        <extensions>
          <ns3:TrackPointExtension>
            <ns3:hr>161</ns3:hr>
            <ns3:cad>87</ns3:cad>
          </ns3:TrackPointExtension>
        </extensions>
      </trkpt>
      <trkpt lat="45.70436392910778522491455078125" lon="126.59564296714961528778076171875">
        <ele>150.399993896484375</ele>
        <time>2026-07-31T22:02:21.000Z</time>
        <extensions>
          <ns3:TrackPointExtension>
            <ns3:hr>162</ns3:hr>
            <ns3:cad>87</ns3:cad>
          </ns3:TrackPointExtension>
        </extensions>
      </trkpt>
      <trkpt lat="45.7043894939124584197998046875" lon="126.59564749337732791900634765625">
        <ele>150.399993896484375</ele>
        <time>2026-07-31T22:02:22.000Z</time>
        <extensions>
          <ns3:TrackPointExtension>
            <ns3:hr>162</ns3:hr>
            <ns3:cad>87</ns3:cad>
          </ns3:TrackPointExtension>
        </extensions>
      </trkpt>
      <trkpt lat="45.704414807260036468505859375" lon="126.5956599824130535125732421875">
        <ele>150.399993896484375</ele>
        <time>2026-07-31T22:02:23.000Z</time>
        <extensions>
          <ns3:TrackPointExtension>
            <ns3:hr>162</ns3:hr>
            <ns3:cad>87</ns3:cad>
          </ns3:TrackPointExtension>
        </extensions>
      </trkpt>
      <trkpt lat="45.70445026271045207977294921875" lon="126.5956650115549564361572265625">
        <ele>150.399993896484375</ele>
        <time>2026-07-31T22:02:24.000Z</time>
        <extensions>
          <ns3:TrackPointExtension>
            <ns3:hr>162</ns3:hr>
            <ns3:cad>87</ns3:cad>
          </ns3:TrackPointExtension>
        </extensions>
      </trkpt>
      <trkpt lat="45.7044790126383304595947265625" lon="126.59567867405712604522705078125">
        <ele>150.1999969482421875</ele>
        <time>2026-07-31T22:02:25.000Z</time>
        <extensions>
          <ns3:TrackPointExtension>
            <ns3:hr>163</ns3:hr>
            <ns3:cad>87</ns3:cad>
          </ns3:TrackPointExtension>
        </extensions>
      </trkpt>
      <trkpt lat="45.70451061241328716278076171875" lon="126.59568571485579013824462890625">
        <ele>150.1999969482421875</ele>
        <time>2026-07-31T22:02:26.000Z</time>
        <extensions>
          <ns3:TrackPointExtension>
            <ns3:hr>163</ns3:hr>
            <ns3:cad>86</ns3:cad>
          </ns3:TrackPointExtension>
        </extensions>
      </trkpt>
      <trkpt lat="45.70453961379826068878173828125" lon="126.5956988744437694549560546875">
        <ele>150</ele>
        <time>2026-07-31T22:02:27.000Z</time>
        <extensions>
          <ns3:TrackPointExtension>
            <ns3:hr>163</ns3:hr>
            <ns3:cad>86</ns3:cad>
          </ns3:TrackPointExtension>
        </extensions>
      </trkpt>
      <trkpt lat="45.7045651786029338836669921875" lon="126.59569979645311832427978515625">
        <ele>150</ele>
        <time>2026-07-31T22:02:28.000Z</time>
        <extensions>
          <ns3:TrackPointExtension>
            <ns3:hr>163</ns3:hr>
            <ns3:cad>87</ns3:cad>
          </ns3:TrackPointExtension>
        </extensions>
      </trkpt>
      <trkpt lat="45.70459526963531970977783203125" lon="126.59570641815662384033203125">
        <ele>150</ele>
        <time>2026-07-31T22:02:29.000Z</time>
        <extensions>
          <ns3:TrackPointExtension>
            <ns3:hr>163</ns3:hr>
            <ns3:cad>88</ns3:cad>
          </ns3:TrackPointExtension>
        </extensions>
      </trkpt>
      <trkpt lat="45.70462234318256378173828125" lon="126.5957097709178924560546875">
        <ele>150</ele>
        <time>2026-07-31T22:02:30.000Z</time>
        <extensions>
          <ns3:TrackPointExtension>
            <ns3:hr>163</ns3:hr>
            <ns3:cad>88</ns3:cad>
          </ns3:TrackPointExtension>
        </extensions>
      </trkpt>
      <trkpt lat="45.704656876623630523681640625" lon="126.595719493925571441650390625">
        <ele>150</ele>
        <time>2026-07-31T22:02:31.000Z</time>
        <extensions>
          <ns3:TrackPointExtension>
            <ns3:hr>163</ns3:hr>
            <ns3:cad>88</ns3:cad>
          </ns3:TrackPointExtension>
        </extensions>
      </trkpt>
      <trkpt lat="45.7046842016279697418212890625" lon="126.59572611562907695770263671875">
        <ele>150</ele>
        <time>2026-07-31T22:02:32.000Z</time>
        <extensions>
          <ns3:TrackPointExtension>
            <ns3:hr>163</ns3:hr>
            <ns3:cad>87</ns3:cad>
          </ns3:TrackPointExtension>
        </extensions>
      </trkpt>
      <trkpt lat="45.70471093989908695220947265625" lon="126.59573650918900966644287109375">
        <ele>150.1999969482421875</ele>
        <time>2026-07-31T22:02:33.000Z</time>
        <extensions>
          <ns3:TrackPointExtension>
            <ns3:hr>163</ns3:hr>
            <ns3:cad>87</ns3:cad>
          </ns3:TrackPointExtension>
        </extensions>
      </trkpt>
      <trkpt lat="45.704735331237316131591796875" lon="126.59574799239635467529296875">
        <ele>150.1999969482421875</ele>
        <time>2026-07-31T22:02:34.000Z</time>
        <extensions>
          <ns3:TrackPointExtension>
            <ns3:hr>163</ns3:hr>
            <ns3:cad>87</ns3:cad>
          </ns3:TrackPointExtension>
        </extensions>
      </trkpt>
      <trkpt lat="45.704767517745494842529296875" lon="126.595757715404033660888671875">
        <ele>150.1999969482421875</ele>
        <time>2026-07-31T22:02:35.000Z</time>
        <extensions>
          <ns3:TrackPointExtension>
            <ns3:hr>163</ns3:hr>
            <ns3:cad>88</ns3:cad>
          </ns3:TrackPointExtension>
        </extensions>
      </trkpt>
      <trkpt lat="45.7047945074737071990966796875" lon="126.5957642532885074615478515625">
        <ele>150.1999969482421875</ele>
        <time>2026-07-31T22:02:36.000Z</time>
        <extensions>
          <ns3:TrackPointExtension>
            <ns3:hr>163</ns3:hr>
            <ns3:cad>88</ns3:cad>
          </ns3:TrackPointExtension>
        </extensions>
      </trkpt>
      <trkpt lat="45.7048241794109344482421875" lon="126.5957716293632984161376953125">
        <ele>150.1999969482421875</ele>
        <time>2026-07-31T22:02:37.000Z</time>
        <extensions>
          <ns3:TrackPointExtension>
            <ns3:hr>163</ns3:hr>
            <ns3:cad>87</ns3:cad>
          </ns3:TrackPointExtension>
        </extensions>
      </trkpt>
      <trkpt lat="45.70485075004398822784423828125" lon="126.59578478895127773284912109375">
        <ele>150.1999969482421875</ele>
        <time>2026-07-31T22:02:38.000Z</time>
        <extensions>
          <ns3:TrackPointExtension>
            <ns3:hr>163</ns3:hr>
            <ns3:cad>87</ns3:cad>
          </ns3:TrackPointExtension>
        </extensions>
      </trkpt>
      <trkpt lat="45.70487723685801029205322265625" lon="126.59578747116029262542724609375">
        <ele>150.399993896484375</ele>
        <time>2026-07-31T22:02:39.000Z</time>
        <extensions>
          <ns3:TrackPointExtension>
            <ns3:hr>163</ns3:hr>
            <ns3:cad>87</ns3:cad>
          </ns3:TrackPointExtension>
        </extensions>
      </trkpt>
      <trkpt lat="45.70490665733814239501953125" lon="126.59579702652990818023681640625">
        <ele>150.399993896484375</ele>
        <time>2026-07-31T22:02:40.000Z</time>
        <extensions>
          <ns3:TrackPointExtension>
            <ns3:hr>163</ns3:hr>
            <ns3:cad>87</ns3:cad>
          </ns3:TrackPointExtension>
        </extensions>
      </trkpt>
      <trkpt lat="45.70493347942829132080078125" lon="126.59579384140670299530029296875">
        <ele>150.399993896484375</ele>
        <time>2026-07-31T22:02:41.000Z</time>
        <extensions>
          <ns3:TrackPointExtension>
            <ns3:hr>163</ns3:hr>
            <ns3:cad>87</ns3:cad>
          </ns3:TrackPointExtension>
        </extensions>
      </trkpt>
      <trkpt lat="45.704963989555835723876953125" lon="126.59580071456730365753173828125">
        <ele>150.1999969482421875</ele>
        <time>2026-07-31T22:02:42.000Z</time>
        <extensions>
          <ns3:TrackPointExtension>
            <ns3:hr>164</ns3:hr>
            <ns3:cad>87</ns3:cad>
          </ns3:TrackPointExtension>
        </extensions>
      </trkpt>
      <trkpt lat="45.7049852795898914337158203125" lon="126.59579887054860591888427734375">
        <ele>150.1999969482421875</ele>
        <time>2026-07-31T22:02:43.000Z</time>
        <extensions>
          <ns3:TrackPointExtension>
            <ns3:hr>164</ns3:hr>
            <ns3:cad>87</ns3:cad>
          </ns3:TrackPointExtension>
        </extensions>
      </trkpt>
      <trkpt lat="45.70501402951776981353759765625" lon="126.5958081744611263275146484375">
        <ele>150.1999969482421875</ele>
        <time>2026-07-31T22:02:44.000Z</time>
        <extensions>
          <ns3:TrackPointExtension>
            <ns3:hr>164</ns3:hr>
            <ns3:cad>87</ns3:cad>
          </ns3:TrackPointExtension>
        </extensions>
      </trkpt>
      <trkpt lat="45.7050362415611743927001953125" lon="126.59580993466079235076904296875">
        <ele>150</ele>
        <time>2026-07-31T22:02:45.000Z</time>
        <extensions>
          <ns3:TrackPointExtension>
            <ns3:hr>164</ns3:hr>
            <ns3:cad>87</ns3:cad>
          </ns3:TrackPointExtension>
        </extensions>
      </trkpt>
      <trkpt lat="45.70506918244063854217529296875" lon="126.5958138741552829742431640625">
        <ele>150</ele>
        <time>2026-07-31T22:02:46.000Z</time>
        <extensions>
          <ns3:TrackPointExtension>
            <ns3:hr>164</ns3:hr>
            <ns3:cad>87</ns3:cad>
          </ns3:TrackPointExtension>
        </extensions>
      </trkpt>
      <trkpt lat="45.70509181357920169830322265625" lon="126.59581026993691921234130859375">
        <ele>150.1999969482421875</ele>
        <time>2026-07-31T22:02:47.000Z</time>
        <extensions>
          <ns3:TrackPointExtension>
            <ns3:hr>164</ns3:hr>
            <ns3:cad>87</ns3:cad>
          </ns3:TrackPointExtension>
        </extensions>
      </trkpt>
      <trkpt lat="45.7051250897347927093505859375" lon="126.595803983509540557861328125">
        <ele>150.1999969482421875</ele>
        <time>2026-07-31T22:02:48.000Z</time>
        <extensions>
          <ns3:TrackPointExtension>
            <ns3:hr>164</ns3:hr>
            <ns3:cad>87</ns3:cad>
          </ns3:TrackPointExtension>
        </extensions>
      </trkpt>
      <trkpt lat="45.705152414739131927490234375" lon="126.59580700099468231201171875">
        <ele>150.1999969482421875</ele>
        <time>2026-07-31T22:02:49.000Z</time>
        <extensions>
          <ns3:TrackPointExtension>
            <ns3:hr>165</ns3:hr>
            <ns3:cad>88</ns3:cad>
          </ns3:TrackPointExtension>
        </extensions>
      </trkpt>
      <trkpt lat="45.70517797954380512237548828125" lon="126.5958024747669696807861328125">
        <ele>150.1999969482421875</ele>
        <time>2026-07-31T22:02:50.000Z</time>
        <extensions>
          <ns3:TrackPointExtension>
            <ns3:hr>166</ns3:hr>
            <ns3:cad>88</ns3:cad>
          </ns3:TrackPointExtension>
        </extensions>
      </trkpt>
      <trkpt lat="45.70520681329071521759033203125" lon="126.59580297768115997314453125">
        <ele>150.1999969482421875</ele>
        <time>2026-07-31T22:02:51.000Z</time>
        <extensions>
          <ns3:TrackPointExtension>
            <ns3:hr>167</ns3:hr>
            <ns3:cad>88</ns3:cad>
          </ns3:TrackPointExtension>
        </extensions>
      </trkpt>
      <trkpt lat="45.70523061789572238922119140625" lon="126.59579694271087646484375">
        <ele>150.1999969482421875</ele>
        <time>2026-07-31T22:02:52.000Z</time>
        <extensions>
          <ns3:TrackPointExtension>
            <ns3:hr>167</ns3:hr>
            <ns3:cad>88</ns3:cad>
          </ns3:TrackPointExtension>
        </extensions>
      </trkpt>
      <trkpt lat="45.70525961928069591522216796875" lon="126.59579535014927387237548828125">
        <ele>150.1999969482421875</ele>
        <time>2026-07-31T22:02:53.000Z</time>
        <extensions>
          <ns3:TrackPointExtension>
            <ns3:hr>168</ns3:hr>
            <ns3:cad>87</ns3:cad>
          </ns3:TrackPointExtension>
        </extensions>
      </trkpt>
      <trkpt lat="45.7052870281040668487548828125" lon="126.59578596241772174835205078125">
        <ele>150</ele>
        <time>2026-07-31T22:02:54.000Z</time>
        <extensions>
          <ns3:TrackPointExtension>
            <ns3:hr>168</ns3:hr>
            <ns3:cad>87</ns3:cad>
          </ns3:TrackPointExtension>
        </extensions>
      </trkpt>
      <trkpt lat="45.70531837642192840576171875" lon="126.59578076563775539398193359375">
        <ele>150</ele>
        <time>2026-07-31T22:02:55.000Z</time>
        <extensions>
          <ns3:TrackPointExtension>
            <ns3:hr>168</ns3:hr>
            <ns3:cad>87</ns3:cad>
          </ns3:TrackPointExtension>
        </extensions>
      </trkpt>
      <trkpt lat="45.70533941499888896942138671875" lon="126.59577037207782268524169921875">
        <ele>150</ele>
        <time>2026-07-31T22:02:56.000Z</time>
        <extensions>
          <ns3:TrackPointExtension>
            <ns3:hr>168</ns3:hr>
            <ns3:cad>88</ns3:cad>
          </ns3:TrackPointExtension>
        </extensions>
      </trkpt>
      <trkpt lat="45.70537042804062366485595703125" lon="126.5957612358033657073974609375">
        <ele>150</ele>
        <time>2026-07-31T22:02:57.000Z</time>
        <extensions>
          <ns3:TrackPointExtension>
            <ns3:hr>167</ns3:hr>
            <ns3:cad>88</ns3:cad>
          </ns3:TrackPointExtension>
        </extensions>
      </trkpt>
      <trkpt lat="45.70538886822760105133056640625" lon="126.59575763158500194549560546875">
        <ele>150</ele>
        <time>2026-07-31T22:02:58.000Z</time>
        <extensions>
          <ns3:TrackPointExtension>
            <ns3:hr>167</ns3:hr>
            <ns3:cad>88</ns3:cad>
          </ns3:TrackPointExtension>
        </extensions>
      </trkpt>
      <trkpt lat="45.70541636087000370025634765625" lon="126.5957511775195598602294921875">
        <ele>150</ele>
        <time>2026-07-31T22:02:59.000Z</time>
        <extensions>
          <ns3:TrackPointExtension>
            <ns3:hr>167</ns3:hr>
            <ns3:cad>88</ns3:cad>
          </ns3:TrackPointExtension>
        </extensions>
      </trkpt>
      <trkpt lat="45.70544050075113773345947265625" lon="126.59574531018733978271484375">
        <ele>150</ele>
        <time>2026-07-31T22:03:00.000Z</time>
        <extensions>
          <ns3:TrackPointExtension>
            <ns3:hr>167</ns3:hr>
            <ns3:cad>87</ns3:cad>
          </ns3:TrackPointExtension>
        </extensions>
      </trkpt>
      <trkpt lat="45.70546447299420833587646484375" lon="126.59573080949485301971435546875">
        <ele>150</ele>
        <time>2026-07-31T22:03:01.000Z</time>
        <extensions>
          <ns3:TrackPointExtension>
            <ns3:hr>167</ns3:hr>
            <ns3:cad>87</ns3:cad>
          </ns3:TrackPointExtension>
        </extensions>
      </trkpt>
      <trkpt lat="45.7054855115711688995361328125" lon="126.59572041593492031097412109375">
        <ele>149.8000030517578125</ele>
        <time>2026-07-31T22:03:02.000Z</time>
        <extensions>
          <ns3:TrackPointExtension>
            <ns3:hr>167</ns3:hr>
            <ns3:cad>87</ns3:cad>
          </ns3:TrackPointExtension>
        </extensions>
      </trkpt>
      <trkpt lat="45.705507136881351470947265625" lon="126.59570817835628986358642578125">
        <ele>150</ele>
        <time>2026-07-31T22:03:03.000Z</time>
        <extensions>
          <ns3:TrackPointExtension>
            <ns3:hr>167</ns3:hr>
            <ns3:cad>87</ns3:cad>
          </ns3:TrackPointExtension>
        </extensions>
      </trkpt>
      <trkpt lat="45.705530941486358642578125" lon="126.5957042388617992401123046875">
        <ele>150</ele>
        <time>2026-07-31T22:03:04.000Z</time>
        <extensions>
          <ns3:TrackPointExtension>
            <ns3:hr>167</ns3:hr>
            <ns3:cad>88</ns3:cad>
          </ns3:TrackPointExtension>
        </extensions>
      </trkpt>
      <trkpt lat="45.70555482991039752960205078125" lon="126.59570381976664066314697265625">
        <ele>150</ele>
        <time>2026-07-31T22:03:05.000Z</time>
        <extensions>
          <ns3:TrackPointExtension>
            <ns3:hr>168</ns3:hr>
            <ns3:cad>88</ns3:cad>
          </ns3:TrackPointExtension>
        </extensions>
      </trkpt>
      <trkpt lat="45.70557720959186553955078125" lon="126.595704071223735809326171875">
        <ele>150</ele>
        <time>2026-07-31T22:03:06.000Z</time>
        <extensions>
          <ns3:TrackPointExtension>
            <ns3:hr>168</ns3:hr>
            <ns3:cad>88</ns3:cad>
          </ns3:TrackPointExtension>
        </extensions>
      </trkpt>
      <trkpt lat="45.7055993378162384033203125" lon="126.59569309093058109283447265625">
        <ele>150</ele>
        <time>2026-07-31T22:03:07.000Z</time>
        <extensions>
          <ns3:TrackPointExtension>
            <ns3:hr>168</ns3:hr>
            <ns3:cad>87</ns3:cad>
          </ns3:TrackPointExtension>
        </extensions>
      </trkpt>
      <trkpt lat="45.7056303508579730987548828125" lon="126.5956936776638031005859375">
        <ele>150</ele>
        <time>2026-07-31T22:03:08.000Z</time>
        <extensions>
          <ns3:TrackPointExtension>
            <ns3:hr>167</ns3:hr>
            <ns3:cad>87</ns3:cad>
          </ns3:TrackPointExtension>
        </extensions>
      </trkpt>
      <trkpt lat="45.70565088652074337005615234375" lon="126.59569057635962963104248046875">
        <ele>150</ele>
        <time>2026-07-31T22:03:09.000Z</time>
        <extensions>
          <ns3:TrackPointExtension>
            <ns3:hr>168</ns3:hr>
            <ns3:cad>87</ns3:cad>
          </ns3:TrackPointExtension>
        </extensions>
      </trkpt>
      <trkpt lat="45.70567904971539974212646484375" lon="126.5956898219883441925048828125">
        <ele>150</ele>
        <time>2026-07-31T22:03:10.000Z</time>
        <extensions>
          <ns3:TrackPointExtension>
            <ns3:hr>168</ns3:hr>
            <ns3:cad>88</ns3:cad>
          </ns3:TrackPointExtension>
        </extensions>
      </trkpt>
      <trkpt lat="45.70570101030170917510986328125" lon="126.5956831164658069610595703125">
        <ele>150</ele>
        <time>2026-07-31T22:03:11.000Z</time>
        <extensions>
          <ns3:TrackPointExtension>
            <ns3:hr>167</ns3:hr>
            <ns3:cad>88</ns3:cad>
          </ns3:TrackPointExtension>
        </extensions>
      </trkpt>
      <trkpt lat="45.70572867058217525482177734375" lon="126.5956774167716503143310546875">
        <ele>150.1999969482421875</ele>
        <time>2026-07-31T22:03:12.000Z</time>
        <extensions>
          <ns3:TrackPointExtension>
            <ns3:hr>167</ns3:hr>
            <ns3:cad>88</ns3:cad>
          </ns3:TrackPointExtension>
        </extensions>
      </trkpt>
      <trkpt lat="45.705757252871990203857421875" lon="126.5956767462193965911865234375">
        <ele>150.1999969482421875</ele>
        <time>2026-07-31T22:03:13.000Z</time>
        <extensions>
          <ns3:TrackPointExtension>
            <ns3:hr>167</ns3:hr>
            <ns3:cad>87</ns3:cad>
          </ns3:TrackPointExtension>
        </extensions>
      </trkpt>
      <trkpt lat="45.7057842426002025604248046875" lon="126.5956680290400981903076171875">
        <ele>150.1999969482421875</ele>
        <time>2026-07-31T22:03:14.000Z</time>
        <extensions>
          <ns3:TrackPointExtension>
            <ns3:hr>167</ns3:hr>
            <ns3:cad>87</ns3:cad>
          </ns3:TrackPointExtension>
        </extensions>
      </trkpt>
      <trkpt lat="45.70581483654677867889404296875" lon="126.59566459245979785919189453125">
        <ele>150.1999969482421875</ele>
        <time>2026-07-31T22:03:15.000Z</time>
        <extensions>
          <ns3:TrackPointExtension>
            <ns3:hr>167</ns3:hr>
            <ns3:cad>87</ns3:cad>
          </ns3:TrackPointExtension>
        </extensions>
      </trkpt>
      <trkpt lat="45.70584869943559169769287109375" lon="126.59565000794827938079833984375">
        <ele>150.1999969482421875</ele>
        <time>2026-07-31T22:03:16.000Z</time>
        <extensions>
          <ns3:TrackPointExtension>
            <ns3:hr>167</ns3:hr>
            <ns3:cad>87</ns3:cad>
          </ns3:TrackPointExtension>
        </extensions>
      </trkpt>
      <trkpt lat="45.7058818079531192779541015625" lon="126.59563860855996608734130859375">
        <ele>150.1999969482421875</ele>
        <time>2026-07-31T22:03:17.000Z</time>
        <extensions>
          <ns3:TrackPointExtension>
            <ns3:hr>167</ns3:hr>
            <ns3:cad>88</ns3:cad>
          </ns3:TrackPointExtension>
        </extensions>
      </trkpt>
      <trkpt lat="45.70591449737548828125" lon="126.59562000073492527008056640625">
        <ele>150.1999969482421875</ele>
        <time>2026-07-31T22:03:18.000Z</time>
        <extensions>
          <ns3:TrackPointExtension>
            <ns3:hr>166</ns3:hr>
            <ns3:cad>88</ns3:cad>
          </ns3:TrackPointExtension>
        </extensions>
      </trkpt>
      <trkpt lat="45.70594743825495243072509765625" lon="126.59560424275696277618408203125">
        <ele>150.1999969482421875</ele>
        <time>2026-07-31T22:03:19.000Z</time>
        <extensions>
          <ns3:TrackPointExtension>
            <ns3:hr>166</ns3:hr>
            <ns3:cad>88</ns3:cad>
          </ns3:TrackPointExtension>
        </extensions>
      </trkpt>
      <trkpt lat="45.70597358979284763336181640625" lon="126.59558437764644622802734375">
        <ele>150.1999969482421875</ele>
        <time>2026-07-31T22:03:20.000Z</time>
        <extensions>
          <ns3:TrackPointExtension>
            <ns3:hr>166</ns3:hr>
            <ns3:cad>88</ns3:cad>
          </ns3:TrackPointExtension>
        </extensions>
      </trkpt>
      <trkpt lat="45.7060075365006923675537109375" lon="126.5955664403736591339111328125">
        <ele>150.1999969482421875</ele>
        <time>2026-07-31T22:03:21.000Z</time>
        <extensions>
          <ns3:TrackPointExtension>
            <ns3:hr>166</ns3:hr>
            <ns3:cad>88</ns3:cad>
          </ns3:TrackPointExtension>
        </extensions>
      </trkpt>
      <trkpt lat="45.70603360421955585479736328125" lon="126.5955480001866817474365234375">
        <ele>150.1999969482421875</ele>
        <time>2026-07-31T22:03:22.000Z</time>
        <extensions>
          <ns3:TrackPointExtension>
            <ns3:hr>166</ns3:hr>
            <ns3:cad>88</ns3:cad>
          </ns3:TrackPointExtension>
        </extensions>
      </trkpt>
      <trkpt lat="45.7060682214796543121337890625" lon="126.59553551115095615386962890625">
        <ele>150.1999969482421875</ele>
        <time>2026-07-31T22:03:23.000Z</time>
        <extensions>
          <ns3:TrackPointExtension>
            <ns3:hr>166</ns3:hr>
            <ns3:cad>88</ns3:cad>
          </ns3:TrackPointExtension>
        </extensions>
      </trkpt>
      <trkpt lat="45.70609697140753269195556640625" lon="126.5955265425145626068115234375">
        <ele>150.1999969482421875</ele>
        <time>2026-07-31T22:03:24.000Z</time>
        <extensions>
          <ns3:TrackPointExtension>
            <ns3:hr>166</ns3:hr>
            <ns3:cad>88</ns3:cad>
          </ns3:TrackPointExtension>
        </extensions>
      </trkpt>
      <trkpt lat="45.70612144656479358673095703125" lon="126.59551137126982212066650390625">
        <ele>150.1999969482421875</ele>
        <time>2026-07-31T22:03:25.000Z</time>
        <extensions>
          <ns3:TrackPointExtension>
            <ns3:hr>166</ns3:hr>
            <ns3:cad>87</ns3:cad>
          </ns3:TrackPointExtension>
        </extensions>
      </trkpt>
      <trkpt lat="45.70614558644592761993408203125" lon="126.5955094434320926666259765625">
        <ele>150.1999969482421875</ele>
        <time>2026-07-31T22:03:26.000Z</time>
        <extensions>
          <ns3:TrackPointExtension>
            <ns3:hr>166</ns3:hr>
            <ns3:cad>87</ns3:cad>
          </ns3:TrackPointExtension>
        </extensions>
      </trkpt>
      <trkpt lat="45.70617408491671085357666015625" lon="126.59549477510154247283935546875">
        <ele>150.1999969482421875</ele>
        <time>2026-07-31T22:03:27.000Z</time>
        <extensions>
          <ns3:TrackPointExtension>
            <ns3:hr>166</ns3:hr>
            <ns3:cad>87</ns3:cad>
          </ns3:TrackPointExtension>
        </extensions>
      </trkpt>
      <trkpt lat="45.70619554258882999420166015625" lon="126.59548890776932239532470703125">
        <ele>150.1999969482421875</ele>
        <time>2026-07-31T22:03:28.000Z</time>
        <extensions>
          <ns3:TrackPointExtension>
            <ns3:hr>167</ns3:hr>
            <ns3:cad>87</ns3:cad>
          </ns3:TrackPointExtension>
        </extensions>
      </trkpt>
      <trkpt lat="45.70621750317513942718505859375" lon="126.59548153169453144073486328125">
        <ele>150</ele>
        <time>2026-07-31T22:03:29.000Z</time>
        <extensions>
          <ns3:TrackPointExtension>
            <ns3:hr>167</ns3:hr>
            <ns3:cad>87</ns3:cad>
          </ns3:TrackPointExtension>
        </extensions>
      </trkpt>
      <trkpt lat="45.70624013431370258331298828125" lon="126.5954812802374362945556640625">
        <ele>150</ele>
        <time>2026-07-31T22:03:30.000Z</time>
        <extensions>
          <ns3:TrackPointExtension>
            <ns3:hr>167</ns3:hr>
            <ns3:cad>87</ns3:cad>
          </ns3:TrackPointExtension>
        </extensions>
      </trkpt>
      <trkpt lat="45.70625639520585536956787109375" lon="126.59547281451523303985595703125">
        <ele>150</ele>
        <time>2026-07-31T22:03:31.000Z</time>
        <extensions>
          <ns3:TrackPointExtension>
            <ns3:hr>167</ns3:hr>
            <ns3:cad>87</ns3:cad>
          </ns3:TrackPointExtension>
        </extensions>
      </trkpt>
      <trkpt lat="45.7062747515738010406494140625" lon="126.59546636044979095458984375">
        <ele>150</ele>
        <time>2026-07-31T22:03:32.000Z</time>
        <extensions>
          <ns3:TrackPointExtension>
            <ns3:hr>167</ns3:hr>
            <ns3:cad>88</ns3:cad>
          </ns3:TrackPointExtension>
        </extensions>
      </trkpt>
      <trkpt lat="45.70629511959850788116455078125" lon="126.595460660755634307861328125">
        <ele>150</ele>
        <time>2026-07-31T22:03:33.000Z</time>
        <extensions>
          <ns3:TrackPointExtension>
            <ns3:hr>168</ns3:hr>
            <ns3:cad>88</ns3:cad>
          </ns3:TrackPointExtension>
        </extensions>
      </trkpt>
      <trkpt lat="45.70632613264024257659912109375" lon="126.5954557992517948150634765625">
        <ele>150</ele>
        <time>2026-07-31T22:03:34.000Z</time>
        <extensions>
          <ns3:TrackPointExtension>
            <ns3:hr>168</ns3:hr>
            <ns3:cad>87</ns3:cad>
          </ns3:TrackPointExtension>
        </extensions>
      </trkpt>
      <trkpt lat="45.7063478417694568634033203125" lon="126.5954494290053844451904296875">
        <ele>150</ele>
        <time>2026-07-31T22:03:35.000Z</time>
        <extensions>
          <ns3:TrackPointExtension>
            <ns3:hr>169</ns3:hr>
            <ns3:cad>87</ns3:cad>
          </ns3:TrackPointExtension>
        </extensions>
      </trkpt>
      <trkpt lat="45.70637860335409641265869140625" lon="126.59544289112091064453125">
        <ele>150</ele>
        <time>2026-07-31T22:03:36.000Z</time>
        <extensions>
          <ns3:TrackPointExtension>
            <ns3:hr>169</ns3:hr>
            <ns3:cad>87</ns3:cad>
          </ns3:TrackPointExtension>
        </extensions>
      </trkpt>
      <trkpt lat="45.70640332996845245361328125" lon="126.59543878398835659027099609375">
        <ele>150</ele>
        <time>2026-07-31T22:03:37.000Z</time>
        <extensions>
          <ns3:TrackPointExtension>
            <ns3:hr>169</ns3:hr>
            <ns3:cad>88</ns3:cad>
          </ns3:TrackPointExtension>
        </extensions>
      </trkpt>
      <trkpt lat="45.70644314400851726531982421875" lon="126.59543811343610286712646484375">
        <ele>150</ele>
        <time>2026-07-31T22:03:38.000Z</time>
        <extensions>
          <ns3:TrackPointExtension>
            <ns3:hr>170</ns3:hr>
            <ns3:cad>88</ns3:cad>
          </ns3:TrackPointExtension>
        </extensions>
      </trkpt>
      <trkpt lat="45.70647482760250568389892578125" lon="126.595436520874500274658203125">
        <ele>150</ele>
        <time>2026-07-31T22:03:39.000Z</time>
        <extensions>
          <ns3:TrackPointExtension>
            <ns3:hr>170</ns3:hr>
            <ns3:cad>88</ns3:cad>
          </ns3:TrackPointExtension>
        </extensions>
      </trkpt>
      <trkpt lat="45.70651061832904815673828125" lon="126.5954279713332653045654296875">
        <ele>150</ele>
        <time>2026-07-31T22:03:40.000Z</time>
        <extensions>
          <ns3:TrackPointExtension>
            <ns3:hr>171</ns3:hr>
            <ns3:cad>88</ns3:cad>
          </ns3:TrackPointExtension>
        </extensions>
      </trkpt>
      <trkpt lat="45.7065446488559246063232421875" lon="126.59543593414127826690673828125">
        <ele>150</ele>
        <time>2026-07-31T22:03:41.000Z</time>
        <extensions>
          <ns3:TrackPointExtension>
            <ns3:hr>172</ns3:hr>
            <ns3:cad>88</ns3:cad>
          </ns3:TrackPointExtension>
        </extensions>
      </trkpt>
      <trkpt lat="45.70657432079315185546875" lon="126.59543341957032680511474609375">
        <ele>150.1999969482421875</ele>
        <time>2026-07-31T22:03:42.000Z</time>
        <extensions>
          <ns3:TrackPointExtension>
            <ns3:hr>172</ns3:hr>
            <ns3:cad>88</ns3:cad>
          </ns3:TrackPointExtension>
        </extensions>
      </trkpt>
      <trkpt lat="45.70660759694874286651611328125" lon="126.59543677233159542083740234375">
        <ele>150</ele>
        <time>2026-07-31T22:03:43.000Z</time>
        <extensions>
          <ns3:TrackPointExtension>
            <ns3:hr>172</ns3:hr>
            <ns3:cad>88</ns3:cad>
          </ns3:TrackPointExtension>
        </extensions>
      </trkpt>
      <trkpt lat="45.70663676597177982330322265625" lon="126.59543006680905818939208984375">
        <ele>150</ele>
        <time>2026-07-31T22:03:44.000Z</time>
        <extensions>
          <ns3:TrackPointExtension>
            <ns3:hr>172</ns3:hr>
            <ns3:cad>87</ns3:cad>
          </ns3:TrackPointExtension>
        </extensions>
      </trkpt>
      <trkpt lat="45.7066717185080051422119140625" lon="126.59543224610388278961181640625">
        <ele>150</ele>
        <time>2026-07-31T22:03:45.000Z</time>
        <extensions>
          <ns3:TrackPointExtension>
            <ns3:hr>171</ns3:hr>
            <ns3:cad>87</ns3:cad>
          </ns3:TrackPointExtension>
        </extensions>
      </trkpt>
      <trkpt lat="45.706700719892978668212890625" lon="126.59542746841907501220703125">
        <ele>149.8000030517578125</ele>
        <time>2026-07-31T22:03:46.000Z</time>
        <extensions>
          <ns3:TrackPointExtension>
            <ns3:hr>171</ns3:hr>
            <ns3:cad>87</ns3:cad>
          </ns3:TrackPointExtension>
        </extensions>
      </trkpt>
      <trkpt lat="45.7067394442856311798095703125" lon="126.59543610177934169769287109375">
        <ele>149.8000030517578125</ele>
        <time>2026-07-31T22:03:47.000Z</time>
        <extensions>
          <ns3:TrackPointExtension>
            <ns3:hr>171</ns3:hr>
            <ns3:cad>87</ns3:cad>
          </ns3:TrackPointExtension>
        </extensions>
      </trkpt>
      <trkpt lat="45.70677389390766620635986328125" lon="126.59543819725513458251953125">
        <ele>149.600006103515625</ele>
        <time>2026-07-31T22:03:48.000Z</time>
        <extensions>
          <ns3:TrackPointExtension>
            <ns3:hr>171</ns3:hr>
            <ns3:cad>87</ns3:cad>
          </ns3:TrackPointExtension>
        </extensions>
      </trkpt>
      <trkpt lat="45.70681429468095302581787109375" lon="126.5954450704157352447509765625">
        <ele>149.600006103515625</ele>
        <time>2026-07-31T22:03:49.000Z</time>
        <extensions>
          <ns3:TrackPointExtension>
            <ns3:hr>171</ns3:hr>
            <ns3:cad>87</ns3:cad>
          </ns3:TrackPointExtension>
        </extensions>
      </trkpt>
      <trkpt lat="45.70684346370398998260498046875" lon="126.59544867463409900665283203125">
        <ele>149.600006103515625</ele>
        <time>2026-07-31T22:03:50.000Z</time>
        <extensions>
          <ns3:TrackPointExtension>
            <ns3:hr>170</ns3:hr>
            <ns3:cad>87</ns3:cad>
          </ns3:TrackPointExtension>
        </extensions>
      </trkpt>
      <trkpt lat="45.70687405765056610107421875" lon="126.59545823000371456146240234375">
        <ele>149.600006103515625</ele>
        <time>2026-07-31T22:03:51.000Z</time>
        <extensions>
          <ns3:TrackPointExtension>
            <ns3:hr>169</ns3:hr>
            <ns3:cad>87</ns3:cad>
          </ns3:TrackPointExtension>
        </extensions>
      </trkpt>
      <trkpt lat="45.7068970240652561187744140625" lon="126.5954742394387722015380859375">
        <ele>149.600006103515625</ele>
        <time>2026-07-31T22:03:52.000Z</time>
        <extensions>
          <ns3:TrackPointExtension>
            <ns3:hr>169</ns3:hr>
            <ns3:cad>87</ns3:cad>
          </ns3:TrackPointExtension>
        </extensions>
      </trkpt>
      <trkpt lat="45.7069243490695953369140625" lon="126.59548371098935604095458984375">
        <ele>149.600006103515625</ele>
        <time>2026-07-31T22:03:53.000Z</time>
        <extensions>
          <ns3:TrackPointExtension>
            <ns3:hr>169</ns3:hr>
            <ns3:cad>87</ns3:cad>
          </ns3:TrackPointExtension>
        </extensions>
      </trkpt>
      <trkpt lat="45.70695108734071254730224609375" lon="126.5954866446554660797119140625">
        <ele>149.399993896484375</ele>
        <time>2026-07-31T22:03:54.000Z</time>
        <extensions>
          <ns3:TrackPointExtension>
            <ns3:hr>170</ns3:hr>
            <ns3:cad>87</ns3:cad>
          </ns3:TrackPointExtension>
        </extensions>
      </trkpt>
      <trkpt lat="45.706978999078273773193359375" lon="126.5954791009426116943359375">
        <ele>149.399993896484375</ele>
        <time>2026-07-31T22:03:55.000Z</time>
        <extensions>
          <ns3:TrackPointExtension>
            <ns3:hr>170</ns3:hr>
            <ns3:cad>87</ns3:cad>
          </ns3:TrackPointExtension>
        </extensions>
      </trkpt>
      <trkpt lat="45.70700691081583499908447265625" lon="126.595475412905216217041015625">
        <ele>149.399993896484375</ele>
        <time>2026-07-31T22:03:56.000Z</time>
        <extensions>
          <ns3:TrackPointExtension>
            <ns3:hr>170</ns3:hr>
            <ns3:cad>87</ns3:cad>
          </ns3:TrackPointExtension>
        </extensions>
      </trkpt>
      <trkpt lat="45.70703188888728618621826171875" lon="126.59546904265880584716796875">
        <ele>149.399993896484375</ele>
        <time>2026-07-31T22:03:57.000Z</time>
        <extensions>
          <ns3:TrackPointExtension>
            <ns3:hr>171</ns3:hr>
            <ns3:cad>88</ns3:cad>
          </ns3:TrackPointExtension>
        </extensions>
      </trkpt>
      <trkpt lat="45.7070633210241794586181640625" lon="126.59546225331723690032958984375">
        <ele>149.399993896484375</ele>
        <time>2026-07-31T22:03:58.000Z</time>
        <extensions>
          <ns3:TrackPointExtension>
            <ns3:hr>172</ns3:hr>
            <ns3:cad>88</ns3:cad>
          </ns3:TrackPointExtension>
        </extensions>
      </trkpt>
      <trkpt lat="45.70708704181015491485595703125" lon="126.5954588167369365692138671875">
        <ele>149.1999969482421875</ele>
        <time>2026-07-31T22:03:59.000Z</time>
        <extensions>
          <ns3:TrackPointExtension>
            <ns3:hr>172</ns3:hr>
            <ns3:cad>88</ns3:cad>
          </ns3:TrackPointExtension>
        </extensions>
      </trkpt>
      <trkpt lat="45.7071219943463802337646484375" lon="126.5954708866775035858154296875">
        <ele>149.1999969482421875</ele>
        <time>2026-07-31T22:04:00.000Z</time>
        <extensions>
          <ns3:TrackPointExtension>
            <ns3:hr>172</ns3:hr>
            <ns3:cad>87</ns3:cad>
          </ns3:TrackPointExtension>
        </extensions>
      </trkpt>
      <trkpt lat="45.7071511633694171905517578125" lon="126.595480777323246002197265625">
        <ele>149.1999969482421875</ele>
        <time>2026-07-31T22:04:01.000Z</time>
        <extensions>
          <ns3:TrackPointExtension>
            <ns3:hr>172</ns3:hr>
            <ns3:cad>87</ns3:cad>
          </ns3:TrackPointExtension>
        </extensions>
      </trkpt>
      <trkpt lat="45.70718519389629364013671875" lon="126.5954899974167346954345703125">
        <ele>149.1999969482421875</ele>
        <time>2026-07-31T22:04:02.000Z</time>
        <extensions>
          <ns3:TrackPointExtension>
            <ns3:hr>172</ns3:hr>
            <ns3:cad>87</ns3:cad>
          </ns3:TrackPointExtension>
        </extensions>
      </trkpt>
      <trkpt lat="45.7072140276432037353515625" lon="126.595502234995365142822265625">
        <ele>149.1999969482421875</ele>
        <time>2026-07-31T22:04:03.000Z</time>
        <extensions>
          <ns3:TrackPointExtension>
            <ns3:hr>172</ns3:hr>
            <ns3:cad>87</ns3:cad>
          </ns3:TrackPointExtension>
        </extensions>
      </trkpt>
      <trkpt lat="45.707239843904972076416015625" lon="126.595509611070156097412109375">
        <ele>149.1999969482421875</ele>
        <time>2026-07-31T22:04:04.000Z</time>
        <extensions>
          <ns3:TrackPointExtension>
            <ns3:hr>171</ns3:hr>
            <ns3:cad>87</ns3:cad>
          </ns3:TrackPointExtension>
        </extensions>
      </trkpt>
      <trkpt lat="45.70726700127124786376953125" lon="126.59552159719169139862060546875">
        <ele>149.1999969482421875</ele>
        <time>2026-07-31T22:04:05.000Z</time>
        <extensions>
          <ns3:TrackPointExtension>
            <ns3:hr>172</ns3:hr>
            <ns3:cad>87</ns3:cad>
          </ns3:TrackPointExtension>
        </extensions>
      </trkpt>
      <trkpt lat="45.7072891294956207275390625" lon="126.59552830271422863006591796875">
        <ele>149.1999969482421875</ele>
        <time>2026-07-31T22:04:06.000Z</time>
        <extensions>
          <ns3:TrackPointExtension>
            <ns3:hr>172</ns3:hr>
            <ns3:cad>87</ns3:cad>
          </ns3:TrackPointExtension>
        </extensions>
      </trkpt>
      <trkpt lat="45.70731419138610363006591796875" lon="126.595536433160305023193359375">
        <ele>149.1999969482421875</ele>
        <time>2026-07-31T22:04:07.000Z</time>
        <extensions>
          <ns3:TrackPointExtension>
            <ns3:hr>172</ns3:hr>
            <ns3:cad>87</ns3:cad>
          </ns3:TrackPointExtension>
        </extensions>
      </trkpt>
      <trkpt lat="45.70734654553234577178955078125" lon="126.59553215838968753814697265625">
        <ele>149</ele>
        <time>2026-07-31T22:04:08.000Z</time>
        <extensions>
          <ns3:TrackPointExtension>
            <ns3:hr>172</ns3:hr>
            <ns3:cad>87</ns3:cad>
          </ns3:TrackPointExtension>
        </extensions>
      </trkpt>
      <trkpt lat="45.7073788158595561981201171875" lon="126.5955439768731594085693359375">
        <ele>149</ele>
        <time>2026-07-31T22:04:09.000Z</time>
        <extensions>
          <ns3:TrackPointExtension>
            <ns3:hr>172</ns3:hr>
            <ns3:cad>87</ns3:cad>
          </ns3:TrackPointExtension>
        </extensions>
      </trkpt>
      <trkpt lat="45.70740672759711742401123046875" lon="126.59554950892925262451171875">
        <ele>149</ele>
        <time>2026-07-31T22:04:10.000Z</time>
        <extensions>
          <ns3:TrackPointExtension>
            <ns3:hr>171</ns3:hr>
            <ns3:cad>87</ns3:cad>
          </ns3:TrackPointExtension>
        </extensions>
      </trkpt>
      <trkpt lat="45.70743841119110584259033203125" lon="126.59556291997432708740234375">
        <ele>148.8000030517578125</ele>
        <time>2026-07-31T22:04:11.000Z</time>
        <extensions>
          <ns3:TrackPointExtension>
            <ns3:hr>171</ns3:hr>
            <ns3:cad>87</ns3:cad>
          </ns3:TrackPointExtension>
        </extensions>
      </trkpt>
      <trkpt lat="45.707462131977081298828125" lon="126.59556887112557888031005859375">
        <ele>148.8000030517578125</ele>
        <time>2026-07-31T22:04:12.000Z</time>
        <extensions>
          <ns3:TrackPointExtension>
            <ns3:hr>171</ns3:hr>
            <ns3:cad>87</ns3:cad>
          </ns3:TrackPointExtension>
        </extensions>
      </trkpt>
      <trkpt lat="45.70749423466622829437255859375" lon="126.59557624720036983489990234375">
        <ele>148.8000030517578125</ele>
        <time>2026-07-31T22:04:13.000Z</time>
        <extensions>
          <ns3:TrackPointExtension>
            <ns3:hr>171</ns3:hr>
            <ns3:cad>87</ns3:cad>
          </ns3:TrackPointExtension>
        </extensions>
      </trkpt>
      <trkpt lat="45.70752047002315521240234375" lon="126.59558127634227275848388671875">
        <ele>148.8000030517578125</ele>
        <time>2026-07-31T22:04:14.000Z</time>
        <extensions>
          <ns3:TrackPointExtension>
            <ns3:hr>172</ns3:hr>
            <ns3:cad>87</ns3:cad>
          </ns3:TrackPointExtension>
        </extensions>
      </trkpt>
      <trkpt lat="45.70755022577941417694091796875" lon="126.59557708539068698883056640625">
        <ele>148.600006103515625</ele>
        <time>2026-07-31T22:04:15.000Z</time>
        <extensions>
          <ns3:TrackPointExtension>
            <ns3:hr>172</ns3:hr>
            <ns3:cad>86</ns3:cad>
          </ns3:TrackPointExtension>
        </extensions>
      </trkpt>
      <trkpt lat="45.7075756229460239410400390625" lon="126.59557591192424297332763671875">
        <ele>148.600006103515625</ele>
        <time>2026-07-31T22:04:16.000Z</time>
        <extensions>
          <ns3:TrackPointExtension>
            <ns3:hr>173</ns3:hr>
            <ns3:cad>87</ns3:cad>
          </ns3:TrackPointExtension>
        </extensions>
      </trkpt>
      <trkpt lat="45.707601271569728851318359375" lon="126.5955707989633083343505859375">
        <ele>148.600006103515625</ele>
        <time>2026-07-31T22:04:17.000Z</time>
        <extensions>
          <ns3:TrackPointExtension>
            <ns3:hr>173</ns3:hr>
            <ns3:cad>88</ns3:cad>
          </ns3:TrackPointExtension>
        </extensions>
      </trkpt>
      <trkpt lat="45.70762951858341693878173828125" lon="126.59556970931589603424072265625">
        <ele>148.600006103515625</ele>
        <time>2026-07-31T22:04:18.000Z</time>
        <extensions>
          <ns3:TrackPointExtension>
            <ns3:hr>173</ns3:hr>
            <ns3:cad>88</ns3:cad>
          </ns3:TrackPointExtension>
        </extensions>
      </trkpt>
      <trkpt lat="45.7076560892164707183837890625" lon="126.59556769765913486480712890625">
        <ele>148.600006103515625</ele>
        <time>2026-07-31T22:04:19.000Z</time>
        <extensions>
          <ns3:TrackPointExtension>
            <ns3:hr>172</ns3:hr>
            <ns3:cad>88</ns3:cad>
          </ns3:TrackPointExtension>
        </extensions>
      </trkpt>
      <trkpt lat="45.70768265984952449798583984375" lon="126.5955731458961963653564453125">
        <ele>148.600006103515625</ele>
        <time>2026-07-31T22:04:20.000Z</time>
        <extensions>
          <ns3:TrackPointExtension>
            <ns3:hr>173</ns3:hr>
            <ns3:cad>88</ns3:cad>
          </ns3:TrackPointExtension>
        </extensions>
      </trkpt>
      <trkpt lat="45.7077077217400074005126953125" lon="126.5955684520304203033447265625">
        <ele>148.600006103515625</ele>
        <time>2026-07-31T22:04:21.000Z</time>
        <extensions>
          <ns3:TrackPointExtension>
            <ns3:hr>173</ns3:hr>
            <ns3:cad>87</ns3:cad>
          </ns3:TrackPointExtension>
        </extensions>
      </trkpt>
      <trkpt lat="45.7077335380017757415771484375" lon="126.59557230770587921142578125">
        <ele>148.600006103515625</ele>
        <time>2026-07-31T22:04:22.000Z</time>
        <extensions>
          <ns3:TrackPointExtension>
            <ns3:hr>172</ns3:hr>
            <ns3:cad>87</ns3:cad>
          </ns3:TrackPointExtension>
        </extensions>
      </trkpt>
      <trkpt lat="45.70775591768324375152587890625" lon="126.5955627523362636566162109375">
        <ele>148.600006103515625</ele>
        <time>2026-07-31T22:04:23.000Z</time>
        <extensions>
          <ns3:TrackPointExtension>
            <ns3:hr>173</ns3:hr>
            <ns3:cad>87</ns3:cad>
          </ns3:TrackPointExtension>
        </extensions>
      </trkpt>
      <trkpt lat="45.70779128931462764739990234375" lon="126.595559231936931610107421875">
        <ele>148.600006103515625</ele>
        <time>2026-07-31T22:04:24.000Z</time>
        <extensions>
          <ns3:TrackPointExtension>
            <ns3:hr>173</ns3:hr>
            <ns3:cad>88</ns3:cad>
          </ns3:TrackPointExtension>
        </extensions>
      </trkpt>
      <trkpt lat="45.70781576447188854217529296875" lon="126.5955540351569652557373046875">
        <ele>148.600006103515625</ele>
        <time>2026-07-31T22:04:25.000Z</time>
        <extensions>
          <ns3:TrackPointExtension>
            <ns3:hr>172</ns3:hr>
            <ns3:cad>88</ns3:cad>
          </ns3:TrackPointExtension>
        </extensions>
      </trkpt>
      <trkpt lat="45.7078539021313190460205078125" lon="126.5955533646047115325927734375">
        <ele>148.600006103515625</ele>
        <time>2026-07-31T22:04:26.000Z</time>
        <extensions>
          <ns3:TrackPointExtension>
            <ns3:hr>172</ns3:hr>
            <ns3:cad>88</ns3:cad>
          </ns3:TrackPointExtension>
        </extensions>
      </trkpt>
      <trkpt lat="45.70787846110761165618896484375" lon="126.59555219113826751708984375">
        <ele>148.600006103515625</ele>
        <time>2026-07-31T22:04:27.000Z</time>
        <extensions>
          <ns3:TrackPointExtension>
            <ns3:hr>172</ns3:hr>
            <ns3:cad>88</ns3:cad>
          </ns3:TrackPointExtension>
        </extensions>
      </trkpt>
      <trkpt lat="45.7079140841960906982421875" lon="126.59554791636765003204345703125">
        <ele>148.600006103515625</ele>
        <time>2026-07-31T22:04:28.000Z</time>
        <extensions>
          <ns3:TrackPointExtension>
            <ns3:hr>173</ns3:hr>
            <ns3:cad>88</ns3:cad>
          </ns3:TrackPointExtension>
        </extensions>
      </trkpt>
      <trkpt lat="45.70793864317238330841064453125" lon="126.59554657526314258575439453125">
        <ele>148.600006103515625</ele>
        <time>2026-07-31T22:04:29.000Z</time>
        <extensions>
          <ns3:TrackPointExtension>
            <ns3:hr>172</ns3:hr>
            <ns3:cad>88</ns3:cad>
          </ns3:TrackPointExtension>
        </extensions>
      </trkpt>
      <trkpt lat="45.70796906948089599609375" lon="126.59553743898868560791015625">
        <ele>148.600006103515625</ele>
        <time>2026-07-31T22:04:30.000Z</time>
        <extensions>
          <ns3:TrackPointExtension>
            <ns3:hr>172</ns3:hr>
            <ns3:cad>87</ns3:cad>
          </ns3:TrackPointExtension>
        </extensions>
      </trkpt>
      <trkpt lat="45.7079974003136157989501953125" lon="126.5955372713506221771240234375">
        <ele>148.600006103515625</ele>
        <time>2026-07-31T22:04:31.000Z</time>
        <extensions>
          <ns3:TrackPointExtension>
            <ns3:hr>172</ns3:hr>
            <ns3:cad>87</ns3:cad>
          </ns3:TrackPointExtension>
        </extensions>
      </trkpt>
      <trkpt lat="45.7080255635082721710205078125" lon="126.595528386533260345458984375">
        <ele>148.600006103515625</ele>
        <time>2026-07-31T22:04:32.000Z</time>
        <extensions>
          <ns3:TrackPointExtension>
            <ns3:hr>172</ns3:hr>
            <ns3:cad>87</ns3:cad>
          </ns3:TrackPointExtension>
        </extensions>
      </trkpt>
      <trkpt lat="45.70805783383548259735107421875" lon="126.59553165547549724578857421875">
        <ele>148.600006103515625</ele>
        <time>2026-07-31T22:04:33.000Z</time>
        <extensions>
          <ns3:TrackPointExtension>
            <ns3:hr>173</ns3:hr>
            <ns3:cad>87</ns3:cad>
          </ns3:TrackPointExtension>
        </extensions>
      </trkpt>
      <trkpt lat="45.70808130316436290740966796875" lon="126.5955292247235774993896484375">
        <ele>148.8000030517578125</ele>
        <time>2026-07-31T22:04:34.000Z</time>
        <extensions>
          <ns3:TrackPointExtension>
            <ns3:hr>172</ns3:hr>
            <ns3:cad>87</ns3:cad>
          </ns3:TrackPointExtension>
        </extensions>
      </trkpt>
      <trkpt lat="45.70811726152896881103515625" lon="126.595528386533260345458984375">
        <ele>148.8000030517578125</ele>
        <time>2026-07-31T22:04:35.000Z</time>
        <extensions>
          <ns3:TrackPointExtension>
            <ns3:hr>172</ns3:hr>
            <ns3:cad>87</ns3:cad>
          </ns3:TrackPointExtension>
        </extensions>
      </trkpt>
      <trkpt lat="45.70814081467688083648681640625" lon="126.59552260302007198333740234375">
        <ele>148.8000030517578125</ele>
        <time>2026-07-31T22:04:36.000Z</time>
        <extensions>
          <ns3:TrackPointExtension>
            <ns3:hr>172</ns3:hr>
            <ns3:cad>87</ns3:cad>
          </ns3:TrackPointExtension>
        </extensions>
      </trkpt>
      <trkpt lat="45.7081744261085987091064453125" lon="126.5955107845366001129150390625">
        <ele>148.8000030517578125</ele>
        <time>2026-07-31T22:04:37.000Z</time>
        <extensions>
          <ns3:TrackPointExtension>
            <ns3:hr>172</ns3:hr>
            <ns3:cad>87</ns3:cad>
          </ns3:TrackPointExtension>
        </extensions>
      </trkpt>
      <trkpt lat="45.70819504559040069580078125" lon="126.5954993851482868194580078125">
        <ele>148.8000030517578125</ele>
        <time>2026-07-31T22:04:38.000Z</time>
        <extensions>
          <ns3:TrackPointExtension>
            <ns3:hr>172</ns3:hr>
            <ns3:cad>87</ns3:cad>
          </ns3:TrackPointExtension>
        </extensions>
      </trkpt>
      <trkpt lat="45.70821055211126804351806640625" lon="126.59547465853393077850341796875">
        <ele>148.8000030517578125</ele>
        <time>2026-07-31T22:04:39.000Z</time>
        <extensions>
          <ns3:TrackPointExtension>
            <ns3:hr>172</ns3:hr>
            <ns3:cad>87</ns3:cad>
          </ns3:TrackPointExtension>
        </extensions>
      </trkpt>
      <trkpt lat="45.7082198560237884521484375" lon="126.59543777815997600555419921875">
        <ele>148.8000030517578125</ele>
        <time>2026-07-31T22:04:40.000Z</time>
        <extensions>
          <ns3:TrackPointExtension>
            <ns3:hr>172</ns3:hr>
            <ns3:cad>87</ns3:cad>
          </ns3:TrackPointExtension>
        </extensions>
      </trkpt>
      <trkpt lat="45.70822681300342082977294921875" lon="126.5954091958701610565185546875">
        <ele>148.8000030517578125</ele>
        <time>2026-07-31T22:04:41.000Z</time>
        <extensions>
          <ns3:TrackPointExtension>
            <ns3:hr>172</ns3:hr>
            <ns3:cad>87</ns3:cad>
          </ns3:TrackPointExtension>
        </extensions>
      </trkpt>
      <trkpt lat="45.70824692957103252410888671875" lon="126.59537508152425289154052734375">
        <ele>148.8000030517578125</ele>
        <time>2026-07-31T22:04:42.000Z</time>
        <extensions>
          <ns3:TrackPointExtension>
            <ns3:hr>172</ns3:hr>
            <ns3:cad>87</ns3:cad>
          </ns3:TrackPointExtension>
        </extensions>
      </trkpt>
      <trkpt lat="45.7082582451403141021728515625" lon="126.59535379149019718170166015625">
        <ele>149</ele>
        <time>2026-07-31T22:04:43.000Z</time>
        <extensions>
          <ns3:TrackPointExtension>
            <ns3:hr>172</ns3:hr>
            <ns3:cad>87</ns3:cad>
          </ns3:TrackPointExtension>
        </extensions>
      </trkpt>
      <trkpt lat="45.7082783617079257965087890625" lon="126.595324538648128509521484375">
        <ele>148.8000030517578125</ele>
        <time>2026-07-31T22:04:44.000Z</time>
        <extensions>
          <ns3:TrackPointExtension>
            <ns3:hr>172</ns3:hr>
            <ns3:cad>86</ns3:cad>
          </ns3:TrackPointExtension>
        </extensions>
      </trkpt>
      <trkpt lat="45.70829235948622226715087890625" lon="126.5952998958528041839599609375">
        <ele>148.8000030517578125</ele>
        <time>2026-07-31T22:04:45.000Z</time>
        <extensions>
          <ns3:TrackPointExtension>
            <ns3:hr>172</ns3:hr>
            <ns3:cad>86</ns3:cad>
          </ns3:TrackPointExtension>
        </extensions>
      </trkpt>
      <trkpt lat="45.7083102129399776458740234375" lon="126.59527349285781383514404296875">
        <ele>148.8000030517578125</ele>
        <time>2026-07-31T22:04:46.000Z</time>
        <extensions>
          <ns3:TrackPointExtension>
            <ns3:hr>173</ns3:hr>
            <ns3:cad>86</ns3:cad>
          </ns3:TrackPointExtension>
        </extensions>
      </trkpt>
      <trkpt lat="45.70832873694598674774169921875" lon="126.59524147398769855499267578125">
        <ele>149</ele>
        <time>2026-07-31T22:04:47.000Z</time>
        <extensions>
          <ns3:TrackPointExtension>
            <ns3:hr>172</ns3:hr>
            <ns3:cad>86</ns3:cad>
          </ns3:TrackPointExtension>
        </extensions>
      </trkpt>
      <trkpt lat="45.708336532115936279296875" lon="126.59521498717367649078369140625">
        <ele>149.1999969482421875</ele>
        <time>2026-07-31T22:04:48.000Z</time>
        <extensions>
          <ns3:TrackPointExtension>
            <ns3:hr>172</ns3:hr>
            <ns3:cad>86</ns3:cad>
          </ns3:TrackPointExtension>
        </extensions>
      </trkpt>
      <trkpt lat="45.70834583602845668792724609375" lon="126.595187075436115264892578125">
        <ele>149.399993896484375</ele>
        <time>2026-07-31T22:04:49.000Z</time>
        <extensions>
          <ns3:TrackPointExtension>
            <ns3:hr>172</ns3:hr>
            <ns3:cad>85</ns3:cad>
          </ns3:TrackPointExtension>
        </extensions>
      </trkpt>
      <trkpt lat="45.7083558104932308197021484375" lon="126.5951493568718433380126953125">
        <ele>149.600006103515625</ele>
        <time>2026-07-31T22:04:50.000Z</time>
        <extensions>
          <ns3:TrackPointExtension>
            <ns3:hr>172</ns3:hr>
            <ns3:cad>85</ns3:cad>
          </ns3:TrackPointExtension>
        </extensions>
      </trkpt>
      <trkpt lat="45.7083598338067531585693359375" lon="126.59511943347752094268798828125">
        <ele>149.8000030517578125</ele>
        <time>2026-07-31T22:04:51.000Z</time>
        <extensions>
          <ns3:TrackPointExtension>
            <ns3:hr>172</ns3:hr>
            <ns3:cad>83</ns3:cad>
          </ns3:TrackPointExtension>
        </extensions>
      </trkpt>
      <trkpt lat="45.70837416686117649078369140625" lon="126.59508473239839076995849609375">
        <ele>149.8000030517578125</ele>
        <time>2026-07-31T22:04:52.000Z</time>
        <extensions>
          <ns3:TrackPointExtension>
            <ns3:hr>172</ns3:hr>
            <ns3:cad>82</ns3:cad>
          </ns3:TrackPointExtension>
        </extensions>
      </trkpt>
      <trkpt lat="45.70837249048054218292236328125" lon="126.59506662748754024505615234375">
        <ele>150</ele>
        <time>2026-07-31T22:04:53.000Z</time>
        <extensions>
          <ns3:TrackPointExtension>
            <ns3:hr>172</ns3:hr>
            <ns3:cad>82</ns3:cad>
          </ns3:TrackPointExtension>
        </extensions>
      </trkpt>
      <trkpt lat="45.70837651379406452178955078125" lon="126.59503192640841007232666015625">
        <ele>150</ele>
        <time>2026-07-31T22:04:54.000Z</time>
        <extensions>
          <ns3:TrackPointExtension>
            <ns3:hr>172</ns3:hr>
            <ns3:cad>82</ns3:cad>
          </ns3:TrackPointExtension>
        </extensions>
      </trkpt>
      <trkpt lat="45.7083819620311260223388671875" lon="126.59499839879572391510009765625">
        <ele>150.1999969482421875</ele>
        <time>2026-07-31T22:04:55.000Z</time>
        <extensions>
          <ns3:TrackPointExtension>
            <ns3:hr>172</ns3:hr>
            <ns3:cad>82</ns3:cad>
          </ns3:TrackPointExtension>
        </extensions>
      </trkpt>
      <trkpt lat="45.708390511572360992431640625" lon="126.59497040323913097381591796875">
        <ele>150.1999969482421875</ele>
        <time>2026-07-31T22:04:56.000Z</time>
        <extensions>
          <ns3:TrackPointExtension>
            <ns3:hr>172</ns3:hr>
            <ns3:cad>82</ns3:cad>
          </ns3:TrackPointExtension>
        </extensions>
      </trkpt>
      <trkpt lat="45.708422698080539703369140625" lon="126.59494467079639434814453125">
        <ele>150.1999969482421875</ele>
        <time>2026-07-31T22:04:57.000Z</time>
        <extensions>
          <ns3:TrackPointExtension>
            <ns3:hr>172</ns3:hr>
            <ns3:cad>82</ns3:cad>
          </ns3:TrackPointExtension>
        </extensions>
      </trkpt>
      <trkpt lat="45.708454214036464691162109375" lon="126.5949072875082492828369140625">
        <ele>150.1999969482421875</ele>
        <time>2026-07-31T22:04:58.000Z</time>
        <extensions>
          <ns3:TrackPointExtension>
            <ns3:hr>172</ns3:hr>
            <ns3:cad>82</ns3:cad>
          </ns3:TrackPointExtension>
        </extensions>
      </trkpt>
      <trkpt lat="45.7084988057613372802734375" lon="126.5948697365820407867431640625">
        <ele>150.1999969482421875</ele>
        <time>2026-07-31T22:04:59.000Z</time>
        <extensions>
          <ns3:TrackPointExtension>
            <ns3:hr>172</ns3:hr>
            <ns3:cad>82</ns3:cad>
          </ns3:TrackPointExtension>
        </extensions>
      </trkpt>
      <trkpt lat="45.7085402123630046844482421875" lon="126.5948402322828769683837890625">
        <ele>150.1999969482421875</ele>
        <time>2026-07-31T22:05:00.000Z</time>
        <extensions>
          <ns3:TrackPointExtension>
            <ns3:hr>172</ns3:hr>
            <ns3:cad>85</ns3:cad>
          </ns3:TrackPointExtension>
        </extensions>
      </trkpt>
      <trkpt lat="45.708564855158329010009765625" lon="126.59483679570257663726806640625">
        <ele>150.1999969482421875</ele>
        <time>2026-07-31T22:05:01.000Z</time>
        <extensions>
          <ns3:TrackPointExtension>
            <ns3:hr>172</ns3:hr>
            <ns3:cad>86</ns3:cad>
          </ns3:TrackPointExtension>
        </extensions>
      </trkpt>
      <trkpt lat="45.70859335362911224365234375" lon="126.59483411349356174468994140625">
        <ele>150.399993896484375</ele>
        <time>2026-07-31T22:05:02.000Z</time>
        <extensions>
          <ns3:TrackPointExtension>
            <ns3:hr>172</ns3:hr>
            <ns3:cad>86</ns3:cad>
          </ns3:TrackPointExtension>
        </extensions>
      </trkpt>
      <trkpt lat="45.70861791260540485382080078125" lon="126.59483243711292743682861328125">
        <ele>150.399993896484375</ele>
        <time>2026-07-31T22:05:03.000Z</time>
        <extensions>
          <ns3:TrackPointExtension>
            <ns3:hr>171</ns3:hr>
            <ns3:cad>86</ns3:cad>
          </ns3:TrackPointExtension>
        </extensions>
      </trkpt>
      <trkpt lat="45.708641298115253448486328125" lon="126.59483478404581546783447265625">
        <ele>150.399993896484375</ele>
        <time>2026-07-31T22:05:04.000Z</time>
        <extensions>
          <ns3:TrackPointExtension>
            <ns3:hr>172</ns3:hr>
            <ns3:cad>86</ns3:cad>
          </ns3:TrackPointExtension>
        </extensions>
      </trkpt>
      <trkpt lat="45.70866434834897518157958984375" lon="126.5948380529880523681640625">
        <ele>150.1999969482421875</ele>
        <time>2026-07-31T22:05:05.000Z</time>
        <extensions>
          <ns3:TrackPointExtension>
            <ns3:hr>172</ns3:hr>
            <ns3:cad>86</ns3:cad>
          </ns3:TrackPointExtension>
        </extensions>
      </trkpt>
      <trkpt lat="45.708686225116252899169921875" lon="126.59484350122511386871337890625">
        <ele>150.1999969482421875</ele>
        <time>2026-07-31T22:05:06.000Z</time>
        <extensions>
          <ns3:TrackPointExtension>
            <ns3:hr>172</ns3:hr>
            <ns3:cad>86</ns3:cad>
          </ns3:TrackPointExtension>
        </extensions>
      </trkpt>
      <trkpt lat="45.70871111936867237091064453125" lon="126.5948502905666828155517578125">
        <ele>150</ele>
        <time>2026-07-31T22:05:07.000Z</time>
        <extensions>
          <ns3:TrackPointExtension>
            <ns3:hr>172</ns3:hr>
            <ns3:cad>87</ns3:cad>
          </ns3:TrackPointExtension>
        </extensions>
      </trkpt>
      <trkpt lat="45.70873416960239410400390625" lon="126.594857163727283477783203125">
        <ele>150</ele>
        <time>2026-07-31T22:05:08.000Z</time>
        <extensions>
          <ns3:TrackPointExtension>
            <ns3:hr>171</ns3:hr>
            <ns3:cad>87</ns3:cad>
          </ns3:TrackPointExtension>
        </extensions>
      </trkpt>
      <trkpt lat="45.70875336416065692901611328125" lon="126.5948687307536602020263671875">
        <ele>150</ele>
        <time>2026-07-31T22:05:09.000Z</time>
        <extensions>
          <ns3:TrackPointExtension>
            <ns3:hr>172</ns3:hr>
            <ns3:cad>87</ns3:cad>
          </ns3:TrackPointExtension>
        </extensions>
      </trkpt>
      <trkpt lat="45.70875990204513072967529296875" lon="126.59493528306484222412109375">
        <ele>150</ele>
        <time>2026-07-31T22:05:10.000Z</time>
        <extensions>
          <ns3:TrackPointExtension>
            <ns3:hr>172</ns3:hr>
            <ns3:cad>87</ns3:cad>
          </ns3:TrackPointExtension>
        </extensions>
      </trkpt>
      <trkpt lat="45.70876442827284336090087890625" lon="126.59493301995098590850830078125">
        <ele>150</ele>
        <time>2026-07-31T22:05:11.000Z</time>
        <extensions>
          <ns3:TrackPointExtension>
            <ns3:hr>172</ns3:hr>
            <ns3:cad>87</ns3:cad>
          </ns3:TrackPointExtension>
        </extensions>
      </trkpt>
      <trkpt lat="45.7087571360170841217041015625" lon="126.594953052699565887451171875">
        <ele>150</ele>
        <time>2026-07-31T22:05:12.000Z</time>
        <extensions>
          <ns3:TrackPointExtension>
            <ns3:hr>172</ns3:hr>
            <ns3:cad>87</ns3:cad>
          </ns3:TrackPointExtension>
        </extensions>
      </trkpt>
      <trkpt lat="45.70876660756766796112060546875" lon="126.5949689783155918121337890625">
        <ele>149.8000030517578125</ele>
        <time>2026-07-31T22:05:13.000Z</time>
        <extensions>
          <ns3:TrackPointExtension>
            <ns3:hr>172</ns3:hr>
            <ns3:cad>87</ns3:cad>
          </ns3:TrackPointExtension>
        </extensions>
      </trkpt>
      <trkpt lat="45.70877146907150745391845703125" lon="126.5949963033199310302734375">
        <ele>149.8000030517578125</ele>
        <time>2026-07-31T22:05:14.000Z</time>
        <extensions>
          <ns3:TrackPointExtension>
            <ns3:hr>172</ns3:hr>
            <ns3:cad>87</ns3:cad>
          </ns3:TrackPointExtension>
        </extensions>
      </trkpt>
      <trkpt lat="45.70878152735531330108642578125" lon="126.59503226168453693389892578125">
        <ele>149.600006103515625</ele>
        <time>2026-07-31T22:05:15.000Z</time>
        <extensions>
          <ns3:TrackPointExtension>
            <ns3:hr>172</ns3:hr>
            <ns3:cad>87</ns3:cad>
          </ns3:TrackPointExtension>
        </extensions>
      </trkpt>
      <trkpt lat="45.70879259146749973297119140625" lon="126.59506025724112987518310546875">
        <ele>149.600006103515625</ele>
        <time>2026-07-31T22:05:16.000Z</time>
        <extensions>
          <ns3:TrackPointExtension>
            <ns3:hr>172</ns3:hr>
            <ns3:cad>87</ns3:cad>
          </ns3:TrackPointExtension>
        </extensions>
      </trkpt>
      <trkpt lat="45.70880399085581302642822265625" lon="126.59510568715631961822509765625">
        <ele>149.600006103515625</ele>
        <time>2026-07-31T22:05:17.000Z</time>
        <extensions>
          <ns3:TrackPointExtension>
            <ns3:hr>172</ns3:hr>
            <ns3:cad>87</ns3:cad>
          </ns3:TrackPointExtension>
        </extensions>
      </trkpt>
      <trkpt lat="45.7088131271302700042724609375" lon="126.595130749046802520751953125">
        <ele>149.600006103515625</ele>
        <time>2026-07-31T22:05:18.000Z</time>
        <extensions>
          <ns3:TrackPointExtension>
            <ns3:hr>171</ns3:hr>
            <ns3:cad>87</ns3:cad>
          </ns3:TrackPointExtension>
        </extensions>
      </trkpt>
      <trkpt lat="45.70882762782275676727294921875" lon="126.59517073072493076324462890625">
        <ele>149.600006103515625</ele>
        <time>2026-07-31T22:05:19.000Z</time>
        <extensions>
          <ns3:TrackPointExtension>
            <ns3:hr>171</ns3:hr>
            <ns3:cad>87</ns3:cad>
          </ns3:TrackPointExtension>
        </extensions>
      </trkpt>
      <trkpt lat="45.708835422992706298828125" lon="126.59520241431891918182373046875">
        <ele>149.399993896484375</ele>
        <time>2026-07-31T22:05:20.000Z</time>
        <extensions>
          <ns3:TrackPointExtension>
            <ns3:hr>171</ns3:hr>
            <ns3:cad>87</ns3:cad>
          </ns3:TrackPointExtension>
        </extensions>
      </trkpt>
      <trkpt lat="45.70884590037167072296142578125" lon="126.595242731273174285888671875">
        <ele>149.399993896484375</ele>
        <time>2026-07-31T22:05:21.000Z</time>
        <extensions>
          <ns3:TrackPointExtension>
            <ns3:hr>171</ns3:hr>
            <ns3:cad>87</ns3:cad>
          </ns3:TrackPointExtension>
        </extensions>
      </trkpt>
      <trkpt lat="45.7088597305119037628173828125" lon="126.59527516923844814300537109375">
        <ele>149.399993896484375</ele>
        <time>2026-07-31T22:05:22.000Z</time>
        <extensions>
          <ns3:TrackPointExtension>
            <ns3:hr>171</ns3:hr>
            <ns3:cad>87</ns3:cad>
          </ns3:TrackPointExtension>
        </extensions>
      </trkpt>
      <trkpt lat="45.70887272246181964874267578125" lon="126.59531456418335437774658203125">
        <ele>149.1999969482421875</ele>
        <time>2026-07-31T22:05:23.000Z</time>
        <extensions>
          <ns3:TrackPointExtension>
            <ns3:hr>171</ns3:hr>
            <ns3:cad>87</ns3:cad>
          </ns3:TrackPointExtension>
        </extensions>
      </trkpt>
      <trkpt lat="45.70888848043978214263916015625" lon="126.59535027109086513519287109375">
        <ele>149.1999969482421875</ele>
        <time>2026-07-31T22:05:24.000Z</time>
        <extensions>
          <ns3:TrackPointExtension>
            <ns3:hr>171</ns3:hr>
            <ns3:cad>87</ns3:cad>
          </ns3:TrackPointExtension>
        </extensions>
      </trkpt>
      <trkpt lat="45.70890289731323719024658203125" lon="126.595382876694202423095703125">
        <ele>149.1999969482421875</ele>
        <time>2026-07-31T22:05:25.000Z</time>
        <extensions>
          <ns3:TrackPointExtension>
            <ns3:hr>171</ns3:hr>
            <ns3:cad>87</ns3:cad>
          </ns3:TrackPointExtension>
        </extensions>
      </trkpt>
      <trkpt lat="45.70891924202442169189453125" lon="126.59541632048785686492919921875">
        <ele>149.399993896484375</ele>
        <time>2026-07-31T22:05:26.000Z</time>
        <extensions>
          <ns3:TrackPointExtension>
            <ns3:hr>171</ns3:hr>
            <ns3:cad>87</ns3:cad>
          </ns3:TrackPointExtension>
        </extensions>
      </trkpt>
      <trkpt lat="45.70893424563109874725341796875" lon="126.59544180147349834442138671875">
        <ele>149.399993896484375</ele>
        <time>2026-07-31T22:05:27.000Z</time>
        <extensions>
          <ns3:TrackPointExtension>
            <ns3:hr>170</ns3:hr>
            <ns3:cad>87</ns3:cad>
          </ns3:TrackPointExtension>
        </extensions>
      </trkpt>
      <trkpt lat="45.70894916541874408721923828125" lon="126.5954702161252498626708984375">
        <ele>149.1999969482421875</ele>
        <time>2026-07-31T22:05:28.000Z</time>
        <extensions>
          <ns3:TrackPointExtension>
            <ns3:hr>170</ns3:hr>
            <ns3:cad>87</ns3:cad>
          </ns3:TrackPointExtension>
        </extensions>
      </trkpt>
      <trkpt lat="45.70895888842642307281494140625" lon="126.595490165054798126220703125">
        <ele>149.1999969482421875</ele>
        <time>2026-07-31T22:05:29.000Z</time>
        <extensions>
          <ns3:TrackPointExtension>
            <ns3:hr>171</ns3:hr>
            <ns3:cad>87</ns3:cad>
          </ns3:TrackPointExtension>
        </extensions>
      </trkpt>
      <trkpt lat="45.70898093283176422119140625" lon="126.59551598131656646728515625">
        <ele>149.1999969482421875</ele>
        <time>2026-07-31T22:05:30.000Z</time>
        <extensions>
          <ns3:TrackPointExtension>
            <ns3:hr>171</ns3:hr>
            <ns3:cad>89</ns3:cad>
          </ns3:TrackPointExtension>
        </extensions>
      </trkpt>
      <trkpt lat="45.7090022228658199310302734375" lon="126.59553467296063899993896484375">
        <ele>149.1999969482421875</ele>
        <time>2026-07-31T22:05:31.000Z</time>
        <extensions>
          <ns3:TrackPointExtension>
            <ns3:hr>172</ns3:hr>
            <ns3:cad>88</ns3:cad>
          </ns3:TrackPointExtension>
        </extensions>
      </trkpt>
      <trkpt lat="45.70902560837566852569580078125" lon="126.5955557115375995635986328125">
        <ele>149.1999969482421875</ele>
        <time>2026-07-31T22:05:32.000Z</time>
        <extensions>
          <ns3:TrackPointExtension>
            <ns3:hr>172</ns3:hr>
            <ns3:cad>88</ns3:cad>
          </ns3:TrackPointExtension>
        </extensions>
      </trkpt>
      <trkpt lat="45.70904807187616825103759765625" lon="126.5955694578588008880615234375">
        <ele>149</ele>
        <time>2026-07-31T22:05:33.000Z</time>
        <extensions>
          <ns3:TrackPointExtension>
            <ns3:hr>172</ns3:hr>
            <ns3:cad>87</ns3:cad>
          </ns3:TrackPointExtension>
        </extensions>
      </trkpt>
      <trkpt lat="45.7090779952704906463623046875" lon="126.595576666295528411865234375">
        <ele>149</ele>
        <time>2026-07-31T22:05:34.000Z</time>
        <extensions>
          <ns3:TrackPointExtension>
            <ns3:hr>172</ns3:hr>
            <ns3:cad>87</ns3:cad>
          </ns3:TrackPointExtension>
        </extensions>
      </trkpt>
      <trkpt lat="45.70910322479903697967529296875" lon="126.59557993523776531219482421875">
        <ele>149</ele>
        <time>2026-07-31T22:05:35.000Z</time>
        <extensions>
          <ns3:TrackPointExtension>
            <ns3:hr>171</ns3:hr>
            <ns3:cad>86</ns3:cad>
          </ns3:TrackPointExtension>
        </extensions>
      </trkpt>
      <trkpt lat="45.709134824573993682861328125" lon="126.5955771692097187042236328125">
        <ele>149</ele>
        <time>2026-07-31T22:05:36.000Z</time>
        <extensions>
          <ns3:TrackPointExtension>
            <ns3:hr>171</ns3:hr>
            <ns3:cad>86</ns3:cad>
          </ns3:TrackPointExtension>
        </extensions>
      </trkpt>
      <trkpt lat="45.7091666758060455322265625" lon="126.59557423554360866546630859375">
        <ele>149</ele>
        <time>2026-07-31T22:05:37.000Z</time>
        <extensions>
          <ns3:TrackPointExtension>
            <ns3:hr>171</ns3:hr>
            <ns3:cad>86</ns3:cad>
          </ns3:TrackPointExtension>
        </extensions>
      </trkpt>
      <trkpt lat="45.70919140242040157318115234375" lon="126.59556291997432708740234375">
        <ele>149</ele>
        <time>2026-07-31T22:05:38.000Z</time>
        <extensions>
          <ns3:TrackPointExtension>
            <ns3:hr>171</ns3:hr>
            <ns3:cad>87</ns3:cad>
          </ns3:TrackPointExtension>
        </extensions>
      </trkpt>
      <trkpt lat="45.70922643877565860748291015625" lon="126.59555244259536266326904296875">
        <ele>149</ele>
        <time>2026-07-31T22:05:39.000Z</time>
        <extensions>
          <ns3:TrackPointExtension>
            <ns3:hr>171</ns3:hr>
            <ns3:cad>87</ns3:cad>
          </ns3:TrackPointExtension>
        </extensions>
      </trkpt>
      <trkpt lat="45.70925007574260234832763671875" lon="126.59554406069219112396240234375">
        <ele>149</ele>
        <time>2026-07-31T22:05:40.000Z</time>
        <extensions>
          <ns3:TrackPointExtension>
            <ns3:hr>171</ns3:hr>
            <ns3:cad>87</ns3:cad>
          </ns3:TrackPointExtension>
        </extensions>
      </trkpt>
      <trkpt lat="45.70928041823208332061767578125" lon="126.595536433160305023193359375">
        <ele>149.1999969482421875</ele>
        <time>2026-07-31T22:05:41.000Z</time>
        <extensions>
          <ns3:TrackPointExtension>
            <ns3:hr>171</ns3:hr>
            <ns3:cad>87</ns3:cad>
          </ns3:TrackPointExtension>
        </extensions>
      </trkpt>
      <trkpt lat="45.70930288173258304595947265625" lon="126.5955406241118907928466796875">
        <ele>149.1999969482421875</ele>
        <time>2026-07-31T22:05:42.000Z</time>
        <extensions>
          <ns3:TrackPointExtension>
            <ns3:hr>171</ns3:hr>
            <ns3:cad>86</ns3:cad>
          </ns3:TrackPointExtension>
        </extensions>
      </trkpt>
      <trkpt lat="45.7093177177011966705322265625" lon="126.59554925747215747833251953125">
        <ele>149.1999969482421875</ele>
        <time>2026-07-31T22:05:43.000Z</time>
        <extensions>
          <ns3:TrackPointExtension>
            <ns3:hr>171</ns3:hr>
            <ns3:cad>86</ns3:cad>
          </ns3:TrackPointExtension>
        </extensions>
      </trkpt>
      <trkpt lat="45.7093217410147190093994140625" lon="126.59555629827082157135009765625">
        <ele>149.399993896484375</ele>
        <time>2026-07-31T22:05:44.000Z</time>
        <extensions>
          <ns3:TrackPointExtension>
            <ns3:hr>171</ns3:hr>
            <ns3:cad>86</ns3:cad>
          </ns3:TrackPointExtension>
        </extensions>
      </trkpt>
      <trkpt lat="45.70932819508016109466552734375" lon="126.59556199796497821807861328125">
        <ele>149.399993896484375</ele>
        <time>2026-07-31T22:05:45.000Z</time>
        <extensions>
          <ns3:TrackPointExtension>
            <ns3:hr>171</ns3:hr>
            <ns3:cad>86</ns3:cad>
          </ns3:TrackPointExtension>
        </extensions>
      </trkpt>
      <trkpt lat="45.7093331404030323028564453125" lon="126.59558395855128765106201171875">
        <ele>149.399993896484375</ele>
        <time>2026-07-31T22:05:46.000Z</time>
        <extensions>
          <ns3:TrackPointExtension>
            <ns3:hr>171</ns3:hr>
            <ns3:cad>86</ns3:cad>
          </ns3:TrackPointExtension>
        </extensions>
      </trkpt>
      <trkpt lat="45.70934194140136241912841796875" lon="126.595604158937931060791015625">
        <ele>149.600006103515625</ele>
        <time>2026-07-31T22:05:47.000Z</time>
        <extensions>
          <ns3:TrackPointExtension>
            <ns3:hr>171</ns3:hr>
            <ns3:cad>86</ns3:cad>
          </ns3:TrackPointExtension>
        </extensions>
      </trkpt>
      <trkpt lat="45.709358118474483489990234375" lon="126.5956096909940242767333984375">
        <ele>149.600006103515625</ele>
        <time>2026-07-31T22:05:48.000Z</time>
        <extensions>
          <ns3:TrackPointExtension>
            <ns3:hr>171</ns3:hr>
            <ns3:cad>86</ns3:cad>
          </ns3:TrackPointExtension>
        </extensions>
      </trkpt>
      <trkpt lat="45.70938452146947383880615234375" lon="126.59561564214527606964111328125">
        <ele>149.600006103515625</ele>
        <time>2026-07-31T22:05:49.000Z</time>
        <extensions>
          <ns3:TrackPointExtension>
            <ns3:hr>171</ns3:hr>
            <ns3:cad>86</ns3:cad>
          </ns3:TrackPointExtension>
        </extensions>
      </trkpt>
      <trkpt lat="45.7094075717031955718994140625" lon="126.5956157259643077850341796875">
        <ele>149.600006103515625</ele>
        <time>2026-07-31T22:05:50.000Z</time>
        <extensions>
          <ns3:TrackPointExtension>
            <ns3:hr>172</ns3:hr>
            <ns3:cad>86</ns3:cad>
          </ns3:TrackPointExtension>
        </extensions>
      </trkpt>
      <trkpt lat="45.70943632163107395172119140625" lon="126.59561966545879840850830078125">
        <ele>149.600006103515625</ele>
        <time>2026-07-31T22:05:51.000Z</time>
        <extensions>
          <ns3:TrackPointExtension>
            <ns3:hr>172</ns3:hr>
            <ns3:cad>86</ns3:cad>
          </ns3:TrackPointExtension>
        </extensions>
      </trkpt>
      <trkpt lat="45.7094592042267322540283203125" lon="126.59562033601105213165283203125">
        <ele>149.600006103515625</ele>
        <time>2026-07-31T22:05:52.000Z</time>
        <extensions>
          <ns3:TrackPointExtension>
            <ns3:hr>172</ns3:hr>
            <ns3:cad>87</ns3:cad>
          </ns3:TrackPointExtension>
        </extensions>
      </trkpt>
      <trkpt lat="45.7094863615930080413818359375" lon="126.595622263848781585693359375">
        <ele>149.600006103515625</ele>
        <time>2026-07-31T22:05:53.000Z</time>
        <extensions>
          <ns3:TrackPointExtension>
            <ns3:hr>172</ns3:hr>
            <ns3:cad>87</ns3:cad>
          </ns3:TrackPointExtension>
        </extensions>
      </trkpt>
      <trkpt lat="45.70950823836028575897216796875" lon="126.59562620334327220916748046875">
        <ele>149.600006103515625</ele>
        <time>2026-07-31T22:05:54.000Z</time>
        <extensions>
          <ns3:TrackPointExtension>
            <ns3:hr>171</ns3:hr>
            <ns3:cad>87</ns3:cad>
          </ns3:TrackPointExtension>
        </extensions>
      </trkpt>
      <trkpt lat="45.70953791029751300811767578125" lon="126.5956288017332553863525390625">
        <ele>149.8000030517578125</ele>
        <time>2026-07-31T22:05:55.000Z</time>
        <extensions>
          <ns3:TrackPointExtension>
            <ns3:hr>171</ns3:hr>
            <ns3:cad>87</ns3:cad>
          </ns3:TrackPointExtension>
        </extensions>
      </trkpt>
      <trkpt lat="45.7095594517886638641357421875" lon="126.59563508816063404083251953125">
        <ele>149.8000030517578125</ele>
        <time>2026-07-31T22:05:56.000Z</time>
        <extensions>
          <ns3:TrackPointExtension>
            <ns3:hr>171</ns3:hr>
            <ns3:cad>87</ns3:cad>
          </ns3:TrackPointExtension>
        </extensions>
      </trkpt>
      <trkpt lat="45.70958602242171764373779296875" lon="126.59563709981739521026611328125">
        <ele>149.8000030517578125</ele>
        <time>2026-07-31T22:05:57.000Z</time>
        <extensions>
          <ns3:TrackPointExtension>
            <ns3:hr>171</ns3:hr>
            <ns3:cad>88</ns3:cad>
          </ns3:TrackPointExtension>
        </extensions>
      </trkpt>
      <trkpt lat="45.70961150340735912322998046875" lon="126.59564045257866382598876953125">
        <ele>149.8000030517578125</ele>
        <time>2026-07-31T22:05:58.000Z</time>
        <extensions>
          <ns3:TrackPointExtension>
            <ns3:hr>171</ns3:hr>
            <ns3:cad>88</ns3:cad>
          </ns3:TrackPointExtension>
        </extensions>
      </trkpt>
      <trkpt lat="45.70963396690785884857177734375" lon="126.59563810564577579498291015625">
        <ele>149.8000030517578125</ele>
        <time>2026-07-31T22:05:59.000Z</time>
        <extensions>
          <ns3:TrackPointExtension>
            <ns3:hr>171</ns3:hr>
            <ns3:cad>88</ns3:cad>
          </ns3:TrackPointExtension>
        </extensions>
      </trkpt>
      <trkpt lat="45.7096627168357372283935546875" lon="126.59564179368317127227783203125">
        <ele>149.8000030517578125</ele>
        <time>2026-07-31T22:06:00.000Z</time>
        <extensions>
          <ns3:TrackPointExtension>
            <ns3:hr>171</ns3:hr>
            <ns3:cad>87</ns3:cad>
          </ns3:TrackPointExtension>
        </extensions>
      </trkpt>
      <trkpt lat="45.70968409068882465362548828125" lon="126.59563676454126834869384765625">
        <ele>149.8000030517578125</ele>
        <time>2026-07-31T22:06:01.000Z</time>
        <extensions>
          <ns3:TrackPointExtension>
            <ns3:hr>171</ns3:hr>
            <ns3:cad>87</ns3:cad>
          </ns3:TrackPointExtension>
        </extensions>
      </trkpt>
      <trkpt lat="45.7097138464450836181640625" lon="126.59564464353024959564208984375">
        <ele>149.8000030517578125</ele>
        <time>2026-07-31T22:06:02.000Z</time>
        <extensions>
          <ns3:TrackPointExtension>
            <ns3:hr>171</ns3:hr>
            <ns3:cad>87</ns3:cad>
          </ns3:TrackPointExtension>
        </extensions>
      </trkpt>
      <trkpt lat="45.7097371481359004974365234375" lon="126.59564497880637645721435546875">
        <ele>149.8000030517578125</ele>
        <time>2026-07-31T22:06:03.000Z</time>
        <extensions>
          <ns3:TrackPointExtension>
            <ns3:hr>171</ns3:hr>
            <ns3:cad>87</ns3:cad>
          </ns3:TrackPointExtension>
        </extensions>
      </trkpt>
      <trkpt lat="45.709763132035732269287109375" lon="126.595645733177661895751953125">
        <ele>149.8000030517578125</ele>
        <time>2026-07-31T22:06:04.000Z</time>
        <extensions>
          <ns3:TrackPointExtension>
            <ns3:hr>171</ns3:hr>
            <ns3:cad>87</ns3:cad>
          </ns3:TrackPointExtension>
        </extensions>
      </trkpt>
      <trkpt lat="45.709785930812358856201171875" lon="126.595654785633087158203125">
        <ele>149.8000030517578125</ele>
        <time>2026-07-31T22:06:05.000Z</time>
        <extensions>
          <ns3:TrackPointExtension>
            <ns3:hr>171</ns3:hr>
            <ns3:cad>87</ns3:cad>
          </ns3:TrackPointExtension>
        </extensions>
      </trkpt>
      <trkpt lat="45.70981300435960292816162109375" lon="126.5956680290400981903076171875">
        <ele>149.8000030517578125</ele>
        <time>2026-07-31T22:06:06.000Z</time>
        <extensions>
          <ns3:TrackPointExtension>
            <ns3:hr>170</ns3:hr>
            <ns3:cad>87</ns3:cad>
          </ns3:TrackPointExtension>
        </extensions>
      </trkpt>
      <trkpt lat="45.70983655750751495361328125" lon="126.595678590238094329833984375">
        <ele>150</ele>
        <time>2026-07-31T22:06:07.000Z</time>
        <extensions>
          <ns3:TrackPointExtension>
            <ns3:hr>171</ns3:hr>
            <ns3:cad>87</ns3:cad>
          </ns3:TrackPointExtension>
        </extensions>
      </trkpt>
      <trkpt lat="45.7098638825118541717529296875" lon="126.59568839706480503082275390625">
        <ele>150</ele>
        <time>2026-07-31T22:06:08.000Z</time>
        <extensions>
          <ns3:TrackPointExtension>
            <ns3:hr>171</ns3:hr>
            <ns3:cad>87</ns3:cad>
          </ns3:TrackPointExtension>
        </extensions>
      </trkpt>
      <trkpt lat="45.70988609455525875091552734375" lon="126.59570096991956233978271484375">
        <ele>150</ele>
        <time>2026-07-31T22:06:09.000Z</time>
        <extensions>
          <ns3:TrackPointExtension>
            <ns3:hr>171</ns3:hr>
            <ns3:cad>87</ns3:cad>
          </ns3:TrackPointExtension>
        </extensions>
      </trkpt>
      <trkpt lat="45.70991258136928081512451171875" lon="126.59570499323308467864990234375">
        <ele>150</ele>
        <time>2026-07-31T22:06:10.000Z</time>
        <extensions>
          <ns3:TrackPointExtension>
            <ns3:hr>172</ns3:hr>
            <ns3:cad>87</ns3:cad>
          </ns3:TrackPointExtension>
        </extensions>
      </trkpt>
      <trkpt lat="45.70993890054523944854736328125" lon="126.595723517239093780517578125">
        <ele>149.8000030517578125</ele>
        <time>2026-07-31T22:06:11.000Z</time>
        <extensions>
          <ns3:TrackPointExtension>
            <ns3:hr>172</ns3:hr>
            <ns3:cad>87</ns3:cad>
          </ns3:TrackPointExtension>
        </extensions>
      </trkpt>
      <trkpt lat="45.70996069349348545074462890625" lon="126.59572930075228214263916015625">
        <ele>149.8000030517578125</ele>
        <time>2026-07-31T22:06:12.000Z</time>
        <extensions>
          <ns3:TrackPointExtension>
            <ns3:hr>172</ns3:hr>
            <ns3:cad>87</ns3:cad>
          </ns3:TrackPointExtension>
        </extensions>
      </trkpt>
      <trkpt lat="45.7099906168878078460693359375" lon="126.59573550336062908172607421875">
        <ele>149.8000030517578125</ele>
        <time>2026-07-31T22:06:13.000Z</time>
        <extensions>
          <ns3:TrackPointExtension>
            <ns3:hr>172</ns3:hr>
            <ns3:cad>87</ns3:cad>
          </ns3:TrackPointExtension>
        </extensions>
      </trkpt>
      <trkpt lat="45.71001299656927585601806640625" lon="126.5957337431609630584716796875">
        <ele>149.8000030517578125</ele>
        <time>2026-07-31T22:06:14.000Z</time>
        <extensions>
          <ns3:TrackPointExtension>
            <ns3:hr>173</ns3:hr>
            <ns3:cad>87</ns3:cad>
          </ns3:TrackPointExtension>
        </extensions>
      </trkpt>
      <trkpt lat="45.71003881283104419708251953125" lon="126.5957421250641345977783203125">
        <ele>149.8000030517578125</ele>
        <time>2026-07-31T22:06:15.000Z</time>
        <extensions>
          <ns3:TrackPointExtension>
            <ns3:hr>173</ns3:hr>
            <ns3:cad>87</ns3:cad>
          </ns3:TrackPointExtension>
        </extensions>
      </trkpt>
      <trkpt lat="45.71006429381668567657470703125" lon="126.59574271179735660552978515625">
        <ele>149.8000030517578125</ele>
        <time>2026-07-31T22:06:16.000Z</time>
        <extensions>
          <ns3:TrackPointExtension>
            <ns3:hr>173</ns3:hr>
            <ns3:cad>87</ns3:cad>
          </ns3:TrackPointExtension>
        </extensions>
      </trkpt>
      <trkpt lat="45.71009631268680095672607421875" lon="126.5957500040531158447265625">
        <ele>149.8000030517578125</ele>
        <time>2026-07-31T22:06:17.000Z</time>
        <extensions>
          <ns3:TrackPointExtension>
            <ns3:hr>173</ns3:hr>
            <ns3:cad>87</ns3:cad>
          </ns3:TrackPointExtension>
        </extensions>
      </trkpt>
      <trkpt lat="45.71011777035892009735107421875" lon="126.5957592241466045379638671875">
        <ele>150</ele>
        <time>2026-07-31T22:06:18.000Z</time>
        <extensions>
          <ns3:TrackPointExtension>
            <ns3:hr>172</ns3:hr>
            <ns3:cad>87</ns3:cad>
          </ns3:TrackPointExtension>
        </extensions>
      </trkpt>
      <trkpt lat="45.7101498730480670928955078125" lon="126.5957759879529476165771484375">
        <ele>150</ele>
        <time>2026-07-31T22:06:19.000Z</time>
        <extensions>
          <ns3:TrackPointExtension>
            <ns3:hr>173</ns3:hr>
            <ns3:cad>88</ns3:cad>
          </ns3:TrackPointExtension>
        </extensions>
      </trkpt>
      <trkpt lat="45.71017711423337459564208984375" lon="126.59579367376863956451416015625">
        <ele>150</ele>
        <time>2026-07-31T22:06:20.000Z</time>
        <extensions>
          <ns3:TrackPointExtension>
            <ns3:hr>173</ns3:hr>
            <ns3:cad>88</ns3:cad>
          </ns3:TrackPointExtension>
        </extensions>
      </trkpt>
      <trkpt lat="45.71020846255123615264892578125" lon="126.5958068333566188812255859375">
        <ele>149.8000030517578125</ele>
        <time>2026-07-31T22:06:21.000Z</time>
        <extensions>
          <ns3:TrackPointExtension>
            <ns3:hr>172</ns3:hr>
            <ns3:cad>88</ns3:cad>
          </ns3:TrackPointExtension>
        </extensions>
      </trkpt>
      <trkpt lat="45.710239894688129425048828125" lon="126.595821082592010498046875">
        <ele>149.8000030517578125</ele>
        <time>2026-07-31T22:06:22.000Z</time>
        <extensions>
          <ns3:TrackPointExtension>
            <ns3:hr>173</ns3:hr>
            <ns3:cad>88</ns3:cad>
          </ns3:TrackPointExtension>
        </extensions>
      </trkpt>
      <trkpt lat="45.7102690637111663818359375" lon="126.5958229266107082366943359375">
        <ele>149.8000030517578125</ele>
        <time>2026-07-31T22:06:23.000Z</time>
        <extensions>
          <ns3:TrackPointExtension>
            <ns3:hr>173</ns3:hr>
            <ns3:cad>87</ns3:cad>
          </ns3:TrackPointExtension>
        </extensions>
      </trkpt>
      <trkpt lat="45.71030116640031337738037109375" lon="126.59583373926579952239990234375">
        <ele>149.8000030517578125</ele>
        <time>2026-07-31T22:06:24.000Z</time>
        <extensions>
          <ns3:TrackPointExtension>
            <ns3:hr>173</ns3:hr>
            <ns3:cad>87</ns3:cad>
          </ns3:TrackPointExtension>
        </extensions>
      </trkpt>
      <trkpt lat="45.71032798849046230316162109375" lon="126.5958346612751483917236328125">
        <ele>149.8000030517578125</ele>
        <time>2026-07-31T22:06:25.000Z</time>
        <extensions>
          <ns3:TrackPointExtension>
            <ns3:hr>173</ns3:hr>
            <ns3:cad>88</ns3:cad>
          </ns3:TrackPointExtension>
        </extensions>
      </trkpt>
      <trkpt lat="45.71035749278962612152099609375" lon="126.595843546092510223388671875">
        <ele>149.8000030517578125</ele>
        <time>2026-07-31T22:06:26.000Z</time>
        <extensions>
          <ns3:TrackPointExtension>
            <ns3:hr>173</ns3:hr>
            <ns3:cad>88</ns3:cad>
          </ns3:TrackPointExtension>
        </extensions>
      </trkpt>
      <trkpt lat="45.71038213558495044708251953125" lon="126.59585000015795230865478515625">
        <ele>149.8000030517578125</ele>
        <time>2026-07-31T22:06:27.000Z</time>
        <extensions>
          <ns3:TrackPointExtension>
            <ns3:hr>173</ns3:hr>
            <ns3:cad>88</ns3:cad>
          </ns3:TrackPointExtension>
        </extensions>
      </trkpt>
      <trkpt lat="45.7104147411882877349853515625" lon="126.59585838206112384796142578125">
        <ele>149.8000030517578125</ele>
        <time>2026-07-31T22:06:28.000Z</time>
        <extensions>
          <ns3:TrackPointExtension>
            <ns3:hr>173</ns3:hr>
            <ns3:cad>88</ns3:cad>
          </ns3:TrackPointExtension>
        </extensions>
      </trkpt>
      <trkpt lat="45.71043443866074085235595703125" lon="126.5958626568317413330078125">
        <ele>149.600006103515625</ele>
        <time>2026-07-31T22:06:29.000Z</time>
        <extensions>
          <ns3:TrackPointExtension>
            <ns3:hr>173</ns3:hr>
            <ns3:cad>87</ns3:cad>
          </ns3:TrackPointExtension>
        </extensions>
      </trkpt>
      <trkpt lat="45.71046126075088977813720703125" lon="126.595876403152942657470703125">
        <ele>149.8000030517578125</ele>
        <time>2026-07-31T22:06:30.000Z</time>
        <extensions>
          <ns3:TrackPointExtension>
            <ns3:hr>173</ns3:hr>
            <ns3:cad>87</ns3:cad>
          </ns3:TrackPointExtension>
        </extensions>
      </trkpt>
      <trkpt lat="45.71048271842300891876220703125" lon="126.59588537178933620452880859375">
        <ele>149.8000030517578125</ele>
        <time>2026-07-31T22:06:31.000Z</time>
        <extensions>
          <ns3:TrackPointExtension>
            <ns3:hr>172</ns3:hr>
            <ns3:cad>87</ns3:cad>
          </ns3:TrackPointExtension>
        </extensions>
      </trkpt>
      <trkpt lat="45.710509456694126129150390625" lon="126.59589417278766632080078125">
        <ele>149.8000030517578125</ele>
        <time>2026-07-31T22:06:32.000Z</time>
        <extensions>
          <ns3:TrackPointExtension>
            <ns3:hr>172</ns3:hr>
            <ns3:cad>87</ns3:cad>
          </ns3:TrackPointExtension>
        </extensions>
      </trkpt>
      <trkpt lat="45.71053384803235530853271484375" lon="126.59590230323374271392822265625">
        <ele>149.8000030517578125</ele>
        <time>2026-07-31T22:06:33.000Z</time>
        <extensions>
          <ns3:TrackPointExtension>
            <ns3:hr>172</ns3:hr>
            <ns3:cad>87</ns3:cad>
          </ns3:TrackPointExtension>
        </extensions>
      </trkpt>
      <trkpt lat="45.71056351996958255767822265625" lon="126.595908589661121368408203125">
        <ele>149.8000030517578125</ele>
        <time>2026-07-31T22:06:34.000Z</time>
        <extensions>
          <ns3:TrackPointExtension>
            <ns3:hr>173</ns3:hr>
            <ns3:cad>87</ns3:cad>
          </ns3:TrackPointExtension>
        </extensions>
      </trkpt>
      <trkpt lat="45.71059017442166805267333984375" lon="126.595919318497180938720703125">
        <ele>149.600006103515625</ele>
        <time>2026-07-31T22:06:35.000Z</time>
        <extensions>
          <ns3:TrackPointExtension>
            <ns3:hr>173</ns3:hr>
            <ns3:cad>87</ns3:cad>
          </ns3:TrackPointExtension>
        </extensions>
      </trkpt>
      <trkpt lat="45.71061565540730953216552734375" lon="126.5959231741726398468017578125">
        <ele>149.600006103515625</ele>
        <time>2026-07-31T22:06:36.000Z</time>
        <extensions>
          <ns3:TrackPointExtension>
            <ns3:hr>173</ns3:hr>
            <ns3:cad>87</ns3:cad>
          </ns3:TrackPointExtension>
        </extensions>
      </trkpt>
      <trkpt lat="45.71064390242099761962890625" lon="126.59592845477163791656494140625">
        <ele>149.600006103515625</ele>
        <time>2026-07-31T22:06:37.000Z</time>
        <extensions>
          <ns3:TrackPointExtension>
            <ns3:hr>173</ns3:hr>
            <ns3:cad>88</ns3:cad>
          </ns3:TrackPointExtension>
        </extensions>
      </trkpt>
      <trkpt lat="45.71067072451114654541015625" lon="126.5959292091429233551025390625">
        <ele>149.600006103515625</ele>
        <time>2026-07-31T22:06:38.000Z</time>
        <extensions>
          <ns3:TrackPointExtension>
            <ns3:hr>174</ns3:hr>
            <ns3:cad>88</ns3:cad>
          </ns3:TrackPointExtension>
        </extensions>
      </trkpt>
      <trkpt lat="45.71070156991481781005859375" lon="126.5959342382848262786865234375">
        <ele>149.600006103515625</ele>
        <time>2026-07-31T22:06:39.000Z</time>
        <extensions>
          <ns3:TrackPointExtension>
            <ns3:hr>173</ns3:hr>
            <ns3:cad>88</ns3:cad>
          </ns3:TrackPointExtension>
        </extensions>
      </trkpt>
      <trkpt lat="45.71072814054787158966064453125" lon="126.595938764512538909912109375">
        <ele>149.600006103515625</ele>
        <time>2026-07-31T22:06:40.000Z</time>
        <extensions>
          <ns3:TrackPointExtension>
            <ns3:hr>173</ns3:hr>
            <ns3:cad>87</ns3:cad>
          </ns3:TrackPointExtension>
        </extensions>
      </trkpt>
      <trkpt lat="45.71075856685638427734375" lon="126.595946140587329864501953125">
        <ele>149.600006103515625</ele>
        <time>2026-07-31T22:06:41.000Z</time>
        <extensions>
          <ns3:TrackPointExtension>
            <ns3:hr>174</ns3:hr>
            <ns3:cad>87</ns3:cad>
          </ns3:TrackPointExtension>
        </extensions>
      </trkpt>
      <trkpt lat="45.7107845507562160491943359375" lon="126.59595594741404056549072265625">
        <ele>149.600006103515625</ele>
        <time>2026-07-31T22:06:42.000Z</time>
        <extensions>
          <ns3:TrackPointExtension>
            <ns3:hr>173</ns3:hr>
            <ns3:cad>87</ns3:cad>
          </ns3:TrackPointExtension>
        </extensions>
      </trkpt>
      <trkpt lat="45.71081816218793392181396484375" lon="126.5959654189646244049072265625">
        <ele>149.600006103515625</ele>
        <time>2026-07-31T22:06:43.000Z</time>
        <extensions>
          <ns3:TrackPointExtension>
            <ns3:hr>173</ns3:hr>
            <ns3:cad>87</ns3:cad>
          </ns3:TrackPointExtension>
        </extensions>
      </trkpt>
      <trkpt lat="45.71084297262132167816162109375" lon="126.59598209895193576812744140625">
        <ele>149.600006103515625</ele>
        <time>2026-07-31T22:06:44.000Z</time>
        <extensions>
          <ns3:TrackPointExtension>
            <ns3:hr>173</ns3:hr>
            <ns3:cad>87</ns3:cad>
          </ns3:TrackPointExtension>
        </extensions>
      </trkpt>
      <trkpt lat="45.710870213806629180908203125" lon="126.59599165432155132293701171875">
        <ele>149.399993896484375</ele>
        <time>2026-07-31T22:06:45.000Z</time>
        <extensions>
          <ns3:TrackPointExtension>
            <ns3:hr>173</ns3:hr>
            <ns3:cad>87</ns3:cad>
          </ns3:TrackPointExtension>
        </extensions>
      </trkpt>
      <trkpt lat="45.71089795790612697601318359375" lon="126.5960026346147060394287109375">
        <ele>149.399993896484375</ele>
        <time>2026-07-31T22:06:46.000Z</time>
        <extensions>
          <ns3:TrackPointExtension>
            <ns3:hr>174</ns3:hr>
            <ns3:cad>87</ns3:cad>
          </ns3:TrackPointExtension>
        </extensions>
      </trkpt>
      <trkpt lat="45.710918493568897247314453125" lon="126.5960113517940044403076171875">
        <ele>149.399993896484375</ele>
        <time>2026-07-31T22:06:47.000Z</time>
        <extensions>
          <ns3:TrackPointExtension>
            <ns3:hr>173</ns3:hr>
            <ns3:cad>87</ns3:cad>
          </ns3:TrackPointExtension>
        </extensions>
      </trkpt>
      <trkpt lat="45.71094875223934650421142578125" lon="126.59602300263941287994384765625">
        <ele>149.399993896484375</ele>
        <time>2026-07-31T22:06:48.000Z</time>
        <extensions>
          <ns3:TrackPointExtension>
            <ns3:hr>174</ns3:hr>
            <ns3:cad>88</ns3:cad>
          </ns3:TrackPointExtension>
        </extensions>
      </trkpt>
      <trkpt lat="45.71097339503467082977294921875" lon="126.59602602012455463409423828125">
        <ele>149.399993896484375</ele>
        <time>2026-07-31T22:06:49.000Z</time>
        <extensions>
          <ns3:TrackPointExtension>
            <ns3:hr>174</ns3:hr>
            <ns3:cad>88</ns3:cad>
          </ns3:TrackPointExtension>
        </extensions>
      </trkpt>
      <trkpt lat="45.71100465953350067138671875" lon="126.5960328094661235809326171875">
        <ele>149.399993896484375</ele>
        <time>2026-07-31T22:06:50.000Z</time>
        <extensions>
          <ns3:TrackPointExtension>
            <ns3:hr>174</ns3:hr>
            <ns3:cad>88</ns3:cad>
          </ns3:TrackPointExtension>
        </extensions>
      </trkpt>
      <trkpt lat="45.711029469966888427734375" lon="126.59604362212121486663818359375">
        <ele>149.399993896484375</ele>
        <time>2026-07-31T22:06:51.000Z</time>
        <extensions>
          <ns3:TrackPointExtension>
            <ns3:hr>173</ns3:hr>
            <ns3:cad>88</ns3:cad>
          </ns3:TrackPointExtension>
        </extensions>
      </trkpt>
      <trkpt lat="45.7110551185905933380126953125" lon="126.59605887718498706817626953125">
        <ele>149.399993896484375</ele>
        <time>2026-07-31T22:06:52.000Z</time>
        <extensions>
          <ns3:TrackPointExtension>
            <ns3:hr>174</ns3:hr>
            <ns3:cad>87</ns3:cad>
          </ns3:TrackPointExtension>
        </extensions>
      </trkpt>
      <trkpt lat="45.71107917465269565582275390625" lon="126.5960718691349029541015625">
        <ele>149.399993896484375</ele>
        <time>2026-07-31T22:06:53.000Z</time>
        <extensions>
          <ns3:TrackPointExtension>
            <ns3:hr>173</ns3:hr>
            <ns3:cad>87</ns3:cad>
          </ns3:TrackPointExtension>
        </extensions>
      </trkpt>
      <trkpt lat="45.7111067511141300201416015625" lon="126.596086286008358001708984375">
        <ele>149.399993896484375</ele>
        <time>2026-07-31T22:06:54.000Z</time>
        <extensions>
          <ns3:TrackPointExtension>
            <ns3:hr>173</ns3:hr>
            <ns3:cad>87</ns3:cad>
          </ns3:TrackPointExtension>
        </extensions>
      </trkpt>
      <trkpt lat="45.71113072335720062255859375" lon="126.59610061906278133392333984375">
        <ele>149.399993896484375</ele>
        <time>2026-07-31T22:06:55.000Z</time>
        <extensions>
          <ns3:TrackPointExtension>
            <ns3:hr>173</ns3:hr>
            <ns3:cad>87</ns3:cad>
          </ns3:TrackPointExtension>
        </extensions>
      </trkpt>
      <trkpt lat="45.7111622393131256103515625" lon="126.59611034207046031951904296875">
        <ele>149.399993896484375</ele>
        <time>2026-07-31T22:06:56.000Z</time>
        <extensions>
          <ns3:TrackPointExtension>
            <ns3:hr>173</ns3:hr>
            <ns3:cad>87</ns3:cad>
          </ns3:TrackPointExtension>
        </extensions>
      </trkpt>
      <trkpt lat="45.7111912406980991363525390625" lon="126.596119143068790435791015625">
        <ele>149.399993896484375</ele>
        <time>2026-07-31T22:06:57.000Z</time>
        <extensions>
          <ns3:TrackPointExtension>
            <ns3:hr>173</ns3:hr>
            <ns3:cad>87</ns3:cad>
          </ns3:TrackPointExtension>
        </extensions>
      </trkpt>
      <trkpt lat="45.711223594844341278076171875" lon="126.5961216576397418975830078125">
        <ele>149.600006103515625</ele>
        <time>2026-07-31T22:06:58.000Z</time>
        <extensions>
          <ns3:TrackPointExtension>
            <ns3:hr>173</ns3:hr>
            <ns3:cad>87</ns3:cad>
          </ns3:TrackPointExtension>
        </extensions>
      </trkpt>
      <trkpt lat="45.71125410497188568115234375" lon="126.596125178039073944091796875">
        <ele>149.600006103515625</ele>
        <time>2026-07-31T22:06:59.000Z</time>
        <extensions>
          <ns3:TrackPointExtension>
            <ns3:hr>173</ns3:hr>
            <ns3:cad>87</ns3:cad>
          </ns3:TrackPointExtension>
        </extensions>
      </trkpt>
      <trkpt lat="45.7112824358046054840087890625" lon="126.59612526185810565948486328125">
        <ele>149.399993896484375</ele>
        <time>2026-07-31T22:07:00.000Z</time>
        <extensions>
          <ns3:TrackPointExtension>
            <ns3:hr>173</ns3:hr>
            <ns3:cad>87</ns3:cad>
          </ns3:TrackPointExtension>
        </extensions>
      </trkpt>
      <trkpt lat="45.71131168864667415618896484375" lon="126.5961310453712940216064453125">
        <ele>149.399993896484375</ele>
        <time>2026-07-31T22:07:01.000Z</time>
        <extensions>
          <ns3:TrackPointExtension>
            <ns3:hr>173</ns3:hr>
            <ns3:cad>87</ns3:cad>
          </ns3:TrackPointExtension>
        </extensions>
      </trkpt>
      <trkpt lat="45.7113340683281421661376953125" lon="126.59613280557096004486083984375">
        <ele>149.399993896484375</ele>
        <time>2026-07-31T22:07:02.000Z</time>
        <extensions>
          <ns3:TrackPointExtension>
            <ns3:hr>173</ns3:hr>
            <ns3:cad>87</ns3:cad>
          </ns3:TrackPointExtension>
        </extensions>
      </trkpt>
      <trkpt lat="45.71136332117021083831787109375" lon="126.5961397625505924224853515625">
        <ele>149.600006103515625</ele>
        <time>2026-07-31T22:07:03.000Z</time>
        <extensions>
          <ns3:TrackPointExtension>
            <ns3:hr>173</ns3:hr>
            <ns3:cad>87</ns3:cad>
          </ns3:TrackPointExtension>
        </extensions>
      </trkpt>
      <trkpt lat="45.71138896979391574859619140625" lon="126.59615057520568370819091796875">
        <ele>149.600006103515625</ele>
        <time>2026-07-31T22:07:04.000Z</time>
        <extensions>
          <ns3:TrackPointExtension>
            <ns3:hr>173</ns3:hr>
            <ns3:cad>87</ns3:cad>
          </ns3:TrackPointExtension>
        </extensions>
      </trkpt>
      <trkpt lat="45.7114172168076038360595703125" lon="126.5961608849465847015380859375">
        <ele>149.600006103515625</ele>
        <time>2026-07-31T22:07:05.000Z</time>
        <extensions>
          <ns3:TrackPointExtension>
            <ns3:hr>174</ns3:hr>
            <ns3:cad>87</ns3:cad>
          </ns3:TrackPointExtension>
        </extensions>
      </trkpt>
      <trkpt lat="45.7114398479461669921875" lon="126.59617035649716854095458984375">
        <ele>149.600006103515625</ele>
        <time>2026-07-31T22:07:06.000Z</time>
        <extensions>
          <ns3:TrackPointExtension>
            <ns3:hr>173</ns3:hr>
            <ns3:cad>87</ns3:cad>
          </ns3:TrackPointExtension>
        </extensions>
      </trkpt>
      <trkpt lat="45.71147731505334377288818359375" lon="126.5961739607155323028564453125">
        <ele>149.600006103515625</ele>
        <time>2026-07-31T22:07:07.000Z</time>
        <extensions>
          <ns3:TrackPointExtension>
            <ns3:hr>174</ns3:hr>
            <ns3:cad>86</ns3:cad>
          </ns3:TrackPointExtension>
        </extensions>
      </trkpt>
      <trkpt lat="45.71150489151477813720703125" lon="126.5961826778948307037353515625">
        <ele>149.600006103515625</ele>
        <time>2026-07-31T22:07:08.000Z</time>
        <extensions>
          <ns3:TrackPointExtension>
            <ns3:hr>174</ns3:hr>
            <ns3:cad>86</ns3:cad>
          </ns3:TrackPointExtension>
        </extensions>
      </trkpt>
      <trkpt lat="45.7115281932055950164794921875" lon="126.59618997015058994293212890625">
        <ele>149.600006103515625</ele>
        <time>2026-07-31T22:07:09.000Z</time>
        <extensions>
          <ns3:TrackPointExtension>
            <ns3:hr>174</ns3:hr>
            <ns3:cad>88</ns3:cad>
          </ns3:TrackPointExtension>
        </extensions>
      </trkpt>
      <trkpt lat="45.71155627258121967315673828125" lon="126.5961991064250469207763671875">
        <ele>149.600006103515625</ele>
        <time>2026-07-31T22:07:10.000Z</time>
        <extensions>
          <ns3:TrackPointExtension>
            <ns3:hr>174</ns3:hr>
            <ns3:cad>88</ns3:cad>
          </ns3:TrackPointExtension>
        </extensions>
      </trkpt>
      <trkpt lat="45.71157923899590969085693359375" lon="126.5961997769773006439208984375">
        <ele>149.600006103515625</ele>
        <time>2026-07-31T22:07:11.000Z</time>
        <extensions>
          <ns3:TrackPointExtension>
            <ns3:hr>174</ns3:hr>
            <ns3:cad>88</ns3:cad>
          </ns3:TrackPointExtension>
        </extensions>
      </trkpt>
      <trkpt lat="45.711605809628963470458984375" lon="126.596210338175296783447265625">
        <ele>149.600006103515625</ele>
        <time>2026-07-31T22:07:12.000Z</time>
        <extensions>
          <ns3:TrackPointExtension>
            <ns3:hr>174</ns3:hr>
            <ns3:cad>88</ns3:cad>
          </ns3:TrackPointExtension>
        </extensions>
      </trkpt>
      <trkpt lat="45.7116281054913997650146484375" lon="126.59621276892721652984619140625">
        <ele>149.600006103515625</ele>
        <time>2026-07-31T22:07:13.000Z</time>
        <extensions>
          <ns3:TrackPointExtension>
            <ns3:hr>175</ns3:hr>
            <ns3:cad>88</ns3:cad>
          </ns3:TrackPointExtension>
        </extensions>
      </trkpt>
      <trkpt lat="45.71165802888572216033935546875" lon="126.5962212346494197845458984375">
        <ele>149.600006103515625</ele>
        <time>2026-07-31T22:07:14.000Z</time>
        <extensions>
          <ns3:TrackPointExtension>
            <ns3:hr>175</ns3:hr>
            <ns3:cad>87</ns3:cad>
          </ns3:TrackPointExtension>
        </extensions>
      </trkpt>
      <trkpt lat="45.7116797380149364471435546875" lon="126.59622634761035442352294921875">
        <ele>149.399993896484375</ele>
        <time>2026-07-31T22:07:15.000Z</time>
        <extensions>
          <ns3:TrackPointExtension>
            <ns3:hr>175</ns3:hr>
            <ns3:cad>88</ns3:cad>
          </ns3:TrackPointExtension>
        </extensions>
      </trkpt>
      <trkpt lat="45.711707733571529388427734375" lon="126.5962423570454120635986328125">
        <ele>149.600006103515625</ele>
        <time>2026-07-31T22:07:16.000Z</time>
        <extensions>
          <ns3:TrackPointExtension>
            <ns3:hr>175</ns3:hr>
            <ns3:cad>88</ns3:cad>
          </ns3:TrackPointExtension>
        </extensions>
      </trkpt>
      <trkpt lat="45.7117308676242828369140625" lon="126.596247889101505279541015625">
        <ele>149.600006103515625</ele>
        <time>2026-07-31T22:07:17.000Z</time>
        <extensions>
          <ns3:TrackPointExtension>
            <ns3:hr>174</ns3:hr>
            <ns3:cad>88</ns3:cad>
          </ns3:TrackPointExtension>
        </extensions>
      </trkpt>
      <trkpt lat="45.71175827644765377044677734375" lon="126.59625518135726451873779296875">
        <ele>149.600006103515625</ele>
        <time>2026-07-31T22:07:18.000Z</time>
        <extensions>
          <ns3:TrackPointExtension>
            <ns3:hr>175</ns3:hr>
            <ns3:cad>87</ns3:cad>
          </ns3:TrackPointExtension>
        </extensions>
      </trkpt>
      <trkpt lat="45.71178124286234378814697265625" lon="126.5962705202400684356689453125">
        <ele>149.600006103515625</ele>
        <time>2026-07-31T22:07:19.000Z</time>
        <extensions>
          <ns3:TrackPointExtension>
            <ns3:hr>175</ns3:hr>
            <ns3:cad>87</ns3:cad>
          </ns3:TrackPointExtension>
        </extensions>
      </trkpt>
      <trkpt lat="45.7118064723908901214599609375" lon="126.5962757170200347900390625">
        <ele>149.600006103515625</ele>
        <time>2026-07-31T22:07:20.000Z</time>
        <extensions>
          <ns3:TrackPointExtension>
            <ns3:hr>175</ns3:hr>
            <ns3:cad>87</ns3:cad>
          </ns3:TrackPointExtension>
        </extensions>
      </trkpt>
      <trkpt lat="45.711834132671356201171875" lon="126.5962815843522548675537109375">
        <ele>149.399993896484375</ele>
        <time>2026-07-31T22:07:21.000Z</time>
        <extensions>
          <ns3:TrackPointExtension>
            <ns3:hr>175</ns3:hr>
            <ns3:cad>86</ns3:cad>
          </ns3:TrackPointExtension>
        </extensions>
      </trkpt>
      <trkpt lat="45.7118584401905536651611328125" lon="126.596284769475460052490234375">
        <ele>149.399993896484375</ele>
        <time>2026-07-31T22:07:22.000Z</time>
        <extensions>
          <ns3:TrackPointExtension>
            <ns3:hr>174</ns3:hr>
            <ns3:cad>86</ns3:cad>
          </ns3:TrackPointExtension>
        </extensions>
      </trkpt>
      <trkpt lat="45.71188836358487606048583984375" lon="126.5963000245392322540283203125">
        <ele>149.1999969482421875</ele>
        <time>2026-07-31T22:07:23.000Z</time>
        <extensions>
          <ns3:TrackPointExtension>
            <ns3:hr>175</ns3:hr>
            <ns3:cad>86</ns3:cad>
          </ns3:TrackPointExtension>
        </extensions>
      </trkpt>
      <trkpt lat="45.71191367693245410919189453125" lon="126.59630564041435718536376953125">
        <ele>149.1999969482421875</ele>
        <time>2026-07-31T22:07:24.000Z</time>
        <extensions>
          <ns3:TrackPointExtension>
            <ns3:hr>175</ns3:hr>
            <ns3:cad>86</ns3:cad>
          </ns3:TrackPointExtension>
        </extensions>
      </trkpt>
      <trkpt lat="45.71194854564964771270751953125" lon="126.5963211469352245330810546875">
        <ele>149.1999969482421875</ele>
        <time>2026-07-31T22:07:25.000Z</time>
        <extensions>
          <ns3:TrackPointExtension>
            <ns3:hr>175</ns3:hr>
            <ns3:cad>87</ns3:cad>
          </ns3:TrackPointExtension>
        </extensions>
      </trkpt>
      <trkpt lat="45.71196815930306911468505859375" lon="126.596327684819698333740234375">
        <ele>149.1999969482421875</ele>
        <time>2026-07-31T22:07:26.000Z</time>
        <extensions>
          <ns3:TrackPointExtension>
            <ns3:hr>175</ns3:hr>
            <ns3:cad>87</ns3:cad>
          </ns3:TrackPointExtension>
        </extensions>
      </trkpt>
      <trkpt lat="45.71199682541191577911376953125" lon="126.596341095864772796630859375">
        <ele>149.1999969482421875</ele>
        <time>2026-07-31T22:07:27.000Z</time>
        <extensions>
          <ns3:TrackPointExtension>
            <ns3:hr>174</ns3:hr>
            <ns3:cad>87</ns3:cad>
          </ns3:TrackPointExtension>
        </extensions>
      </trkpt>
      <trkpt lat="45.7120187021791934967041015625" lon="126.5963503159582614898681640625">
        <ele>149.1999969482421875</ele>
        <time>2026-07-31T22:07:28.000Z</time>
        <extensions>
          <ns3:TrackPointExtension>
            <ns3:hr>174</ns3:hr>
            <ns3:cad>87</ns3:cad>
          </ns3:TrackPointExtension>
        </extensions>
      </trkpt>
      <trkpt lat="45.712042339146137237548828125" lon="126.596356518566608428955078125">
        <ele>149</ele>
        <time>2026-07-31T22:07:29.000Z</time>
        <extensions>
          <ns3:TrackPointExtension>
            <ns3:hr>174</ns3:hr>
            <ns3:cad>87</ns3:cad>
          </ns3:TrackPointExtension>
        </extensions>
      </trkpt>
      <trkpt lat="45.71206388063728809356689453125" lon="126.596368588507175445556640625">
        <ele>149.1999969482421875</ele>
        <time>2026-07-31T22:07:30.000Z</time>
        <extensions>
          <ns3:TrackPointExtension>
            <ns3:hr>173</ns3:hr>
            <ns3:cad>87</ns3:cad>
          </ns3:TrackPointExtension>
        </extensions>
      </trkpt>
      <trkpt lat="45.71208701469004154205322265625" lon="126.59637420438230037689208984375">
        <ele>149.1999969482421875</ele>
        <time>2026-07-31T22:07:31.000Z</time>
        <extensions>
          <ns3:TrackPointExtension>
            <ns3:hr>173</ns3:hr>
            <ns3:cad>87</ns3:cad>
          </ns3:TrackPointExtension>
        </extensions>
      </trkpt>
      <trkpt lat="45.712115429341793060302734375" lon="126.59638635814189910888671875">
        <ele>149.1999969482421875</ele>
        <time>2026-07-31T22:07:32.000Z</time>
        <extensions>
          <ns3:TrackPointExtension>
            <ns3:hr>173</ns3:hr>
            <ns3:cad>87</ns3:cad>
          </ns3:TrackPointExtension>
        </extensions>
      </trkpt>
      <trkpt lat="45.7121407426893711090087890625" lon="126.5963949076831340789794921875">
        <ele>149.1999969482421875</ele>
        <time>2026-07-31T22:07:33.000Z</time>
        <extensions>
          <ns3:TrackPointExtension>
            <ns3:hr>173</ns3:hr>
            <ns3:cad>87</ns3:cad>
          </ns3:TrackPointExtension>
        </extensions>
      </trkpt>
      <trkpt lat="45.71216831915080547332763671875" lon="126.5964029543101787567138671875">
        <ele>149.399993896484375</ele>
        <time>2026-07-31T22:07:34.000Z</time>
        <extensions>
          <ns3:TrackPointExtension>
            <ns3:hr>173</ns3:hr>
            <ns3:cad>87</ns3:cad>
          </ns3:TrackPointExtension>
        </extensions>
      </trkpt>
      <trkpt lat="45.71219078265130519866943359375" lon="126.5964006073772907257080078125">
        <ele>149.1999969482421875</ele>
        <time>2026-07-31T22:07:35.000Z</time>
        <extensions>
          <ns3:TrackPointExtension>
            <ns3:hr>173</ns3:hr>
            <ns3:cad>88</ns3:cad>
          </ns3:TrackPointExtension>
        </extensions>
      </trkpt>
      <trkpt lat="45.71222263388335704803466796875" lon="126.59640773199498653411865234375">
        <ele>149.1999969482421875</ele>
        <time>2026-07-31T22:07:36.000Z</time>
        <extensions>
          <ns3:TrackPointExtension>
            <ns3:hr>173</ns3:hr>
            <ns3:cad>88</ns3:cad>
          </ns3:TrackPointExtension>
        </extensions>
      </trkpt>
      <trkpt lat="45.71224492974579334259033203125" lon="126.59640840254724025726318359375">
        <ele>149.1999969482421875</ele>
        <time>2026-07-31T22:07:37.000Z</time>
        <extensions>
          <ns3:TrackPointExtension>
            <ns3:hr>173</ns3:hr>
            <ns3:cad>89</ns3:cad>
          </ns3:TrackPointExtension>
        </extensions>
      </trkpt>
      <trkpt lat="45.71227644570171833038330078125" lon="126.596415527164936065673828125">
        <ele>149.1999969482421875</ele>
        <time>2026-07-31T22:07:38.000Z</time>
        <extensions>
          <ns3:TrackPointExtension>
            <ns3:hr>173</ns3:hr>
            <ns3:cad>89</ns3:cad>
          </ns3:TrackPointExtension>
        </extensions>
      </trkpt>
      <trkpt lat="45.71230058558285236358642578125" lon="126.59642097540199756622314453125">
        <ele>149.1999969482421875</ele>
        <time>2026-07-31T22:07:39.000Z</time>
        <extensions>
          <ns3:TrackPointExtension>
            <ns3:hr>173</ns3:hr>
            <ns3:cad>88</ns3:cad>
          </ns3:TrackPointExtension>
        </extensions>
      </trkpt>
      <trkpt lat="45.7123328559100627899169921875" lon="126.596427261829376220703125">
        <ele>149.1999969482421875</ele>
        <time>2026-07-31T22:07:40.000Z</time>
        <extensions>
          <ns3:TrackPointExtension>
            <ns3:hr>173</ns3:hr>
            <ns3:cad>87</ns3:cad>
          </ns3:TrackPointExtension>
        </extensions>
      </trkpt>
      <trkpt lat="45.71236009709537029266357421875" lon="126.5964291058480739593505859375">
        <ele>149.1999969482421875</ele>
        <time>2026-07-31T22:07:41.000Z</time>
        <extensions>
          <ns3:TrackPointExtension>
            <ns3:hr>173</ns3:hr>
            <ns3:cad>87</ns3:cad>
          </ns3:TrackPointExtension>
        </extensions>
      </trkpt>
      <trkpt lat="45.71238893084228038787841796875" lon="126.59643690101802349090576171875">
        <ele>149.1999969482421875</ele>
        <time>2026-07-31T22:07:42.000Z</time>
        <extensions>
          <ns3:TrackPointExtension>
            <ns3:hr>172</ns3:hr>
            <ns3:cad>87</ns3:cad>
          </ns3:TrackPointExtension>
        </extensions>
      </trkpt>
      <trkpt lat="45.7124153338372707366943359375" lon="126.5964462049305438995361328125">
        <ele>149.1999969482421875</ele>
        <time>2026-07-31T22:07:43.000Z</time>
        <extensions>
          <ns3:TrackPointExtension>
            <ns3:hr>173</ns3:hr>
            <ns3:cad>87</ns3:cad>
          </ns3:TrackPointExtension>
        </extensions>
      </trkpt>
      <trkpt lat="45.7124441675841808319091796875" lon="126.59644796513020992279052734375">
        <ele>149.1999969482421875</ele>
        <time>2026-07-31T22:07:44.000Z</time>
        <extensions>
          <ns3:TrackPointExtension>
            <ns3:hr>172</ns3:hr>
            <ns3:cad>87</ns3:cad>
          </ns3:TrackPointExtension>
        </extensions>
      </trkpt>
      <trkpt lat="45.71247518062591552734375" lon="126.5964569337666034698486328125">
        <ele>149.1999969482421875</ele>
        <time>2026-07-31T22:07:45.000Z</time>
        <extensions>
          <ns3:TrackPointExtension>
            <ns3:hr>172</ns3:hr>
            <ns3:cad>87</ns3:cad>
          </ns3:TrackPointExtension>
        </extensions>
      </trkpt>
      <trkpt lat="45.7124974764883518218994140625" lon="126.59645332954823970794677734375">
        <ele>149.1999969482421875</ele>
        <time>2026-07-31T22:07:46.000Z</time>
        <extensions>
          <ns3:TrackPointExtension>
            <ns3:hr>173</ns3:hr>
            <ns3:cad>87</ns3:cad>
          </ns3:TrackPointExtension>
        </extensions>
      </trkpt>
      <trkpt lat="45.71253041736781597137451171875" lon="126.5964612923562526702880859375">
        <ele>149.1999969482421875</ele>
        <time>2026-07-31T22:07:47.000Z</time>
        <extensions>
          <ns3:TrackPointExtension>
            <ns3:hr>173</ns3:hr>
            <ns3:cad>87</ns3:cad>
          </ns3:TrackPointExtension>
        </extensions>
      </trkpt>
      <trkpt lat="45.71255254559218883514404296875" lon="126.59645609557628631591796875">
        <ele>149.1999969482421875</ele>
        <time>2026-07-31T22:07:48.000Z</time>
        <extensions>
          <ns3:TrackPointExtension>
            <ns3:hr>172</ns3:hr>
            <ns3:cad>87</ns3:cad>
          </ns3:TrackPointExtension>
        </extensions>
      </trkpt>
      <trkpt lat="45.71258422918617725372314453125" lon="126.5964555926620960235595703125">
        <ele>149.1999969482421875</ele>
        <time>2026-07-31T22:07:49.000Z</time>
        <extensions>
          <ns3:TrackPointExtension>
            <ns3:hr>172</ns3:hr>
            <ns3:cad>87</ns3:cad>
          </ns3:TrackPointExtension>
        </extensions>
      </trkpt>
      <trkpt lat="45.7126047648489475250244140625" lon="126.5964554250240325927734375">
        <ele>149.1999969482421875</ele>
        <time>2026-07-31T22:07:50.000Z</time>
        <extensions>
          <ns3:TrackPointExtension>
            <ns3:hr>172</ns3:hr>
            <ns3:cad>87</ns3:cad>
          </ns3:TrackPointExtension>
        </extensions>
      </trkpt>
      <trkpt lat="45.71263678371906280517578125" lon="126.59645416773855686187744140625">
        <ele>149.1999969482421875</ele>
        <time>2026-07-31T22:07:51.000Z</time>
        <extensions>
          <ns3:TrackPointExtension>
            <ns3:hr>172</ns3:hr>
            <ns3:cad>87</ns3:cad>
          </ns3:TrackPointExtension>
        </extensions>
      </trkpt>
      <trkpt lat="45.71265983395278453826904296875" lon="126.596454083919525146484375">
        <ele>149.1999969482421875</ele>
        <time>2026-07-31T22:07:52.000Z</time>
        <extensions>
          <ns3:TrackPointExtension>
            <ns3:hr>172</ns3:hr>
            <ns3:cad>87</ns3:cad>
          </ns3:TrackPointExtension>
        </extensions>
      </trkpt>
      <trkpt lat="45.7126875780522823333740234375" lon="126.59644947387278079986572265625">
        <ele>149.1999969482421875</ele>
        <time>2026-07-31T22:07:53.000Z</time>
        <extensions>
          <ns3:TrackPointExtension>
            <ns3:hr>171</ns3:hr>
            <ns3:cad>87</ns3:cad>
          </ns3:TrackPointExtension>
        </extensions>
      </trkpt>
      <trkpt lat="45.7127180881798267364501953125" lon="126.59644846804440021514892578125">
        <ele>149.1999969482421875</ele>
        <time>2026-07-31T22:07:54.000Z</time>
        <extensions>
          <ns3:TrackPointExtension>
            <ns3:hr>171</ns3:hr>
            <ns3:cad>87</ns3:cad>
          </ns3:TrackPointExtension>
        </extensions>
      </trkpt>
      <trkpt lat="45.71274482645094394683837890625" lon="126.596438996493816375732421875">
        <ele>149</ele>
        <time>2026-07-31T22:07:55.000Z</time>
        <extensions>
          <ns3:TrackPointExtension>
            <ns3:hr>171</ns3:hr>
            <ns3:cad>87</ns3:cad>
          </ns3:TrackPointExtension>
        </extensions>
      </trkpt>
      <trkpt lat="45.71277835406363010406494140625" lon="126.59643271006643772125244140625">
        <ele>149</ele>
        <time>2026-07-31T22:07:56.000Z</time>
        <extensions>
          <ns3:TrackPointExtension>
            <ns3:hr>171</ns3:hr>
            <ns3:cad>87</ns3:cad>
          </ns3:TrackPointExtension>
        </extensions>
      </trkpt>
      <trkpt lat="45.7128005661070346832275390625" lon="126.596426256000995635986328125">
        <ele>148.8000030517578125</ele>
        <time>2026-07-31T22:07:57.000Z</time>
        <extensions>
          <ns3:TrackPointExtension>
            <ns3:hr>171</ns3:hr>
            <ns3:cad>87</ns3:cad>
          </ns3:TrackPointExtension>
        </extensions>
      </trkpt>
      <trkpt lat="45.71283400990068912506103515625" lon="126.5964197181165218353271484375">
        <ele>148.8000030517578125</ele>
        <time>2026-07-31T22:07:58.000Z</time>
        <extensions>
          <ns3:TrackPointExtension>
            <ns3:hr>172</ns3:hr>
            <ns3:cad>87</ns3:cad>
          </ns3:TrackPointExtension>
        </extensions>
      </trkpt>
      <trkpt lat="45.71285680867731571197509765625" lon="126.59641426987946033477783203125">
        <ele>148.8000030517578125</ele>
        <time>2026-07-31T22:07:59.000Z</time>
        <extensions>
          <ns3:TrackPointExtension>
            <ns3:hr>172</ns3:hr>
            <ns3:cad>87</ns3:cad>
          </ns3:TrackPointExtension>
        </extensions>
      </trkpt>
      <trkpt lat="45.71288698352873325347900390625" lon="126.59640940837562084197998046875">
        <ele>148.8000030517578125</ele>
        <time>2026-07-31T22:08:00.000Z</time>
        <extensions>
          <ns3:TrackPointExtension>
            <ns3:hr>172</ns3:hr>
            <ns3:cad>87</ns3:cad>
          </ns3:TrackPointExtension>
        </extensions>
      </trkpt>
      <trkpt lat="45.7129068486392498016357421875" lon="126.5964022837579250335693359375">
        <ele>148.600006103515625</ele>
        <time>2026-07-31T22:08:01.000Z</time>
        <extensions>
          <ns3:TrackPointExtension>
            <ns3:hr>172</ns3:hr>
            <ns3:cad>87</ns3:cad>
          </ns3:TrackPointExtension>
        </extensions>
      </trkpt>
      <trkpt lat="45.7129380293190479278564453125" lon="126.59639549441635608673095703125">
        <ele>148.600006103515625</ele>
        <time>2026-07-31T22:08:02.000Z</time>
        <extensions>
          <ns3:TrackPointExtension>
            <ns3:hr>172</ns3:hr>
            <ns3:cad>87</ns3:cad>
          </ns3:TrackPointExtension>
        </extensions>
      </trkpt>
      <trkpt lat="45.7129598222672939300537109375" lon="126.596389710903167724609375">
        <ele>148.8000030517578125</ele>
        <time>2026-07-31T22:08:03.000Z</time>
        <extensions>
          <ns3:TrackPointExtension>
            <ns3:hr>172</ns3:hr>
            <ns3:cad>88</ns3:cad>
          </ns3:TrackPointExtension>
        </extensions>
      </trkpt>
      <trkpt lat="45.712990500032901763916015625" lon="126.5963858552277088165283203125">
        <ele>148.600006103515625</ele>
        <time>2026-07-31T22:08:04.000Z</time>
        <extensions>
          <ns3:TrackPointExtension>
            <ns3:hr>172</ns3:hr>
            <ns3:cad>88</ns3:cad>
          </ns3:TrackPointExtension>
        </extensions>
      </trkpt>
      <trkpt lat="45.7130164839327335357666015625" lon="126.59639566205441951751708984375">
        <ele>148.8000030517578125</ele>
        <time>2026-07-31T22:08:05.000Z</time>
        <extensions>
          <ns3:TrackPointExtension>
            <ns3:hr>172</ns3:hr>
            <ns3:cad>88</ns3:cad>
          </ns3:TrackPointExtension>
        </extensions>
      </trkpt>
      <trkpt lat="45.71304422803223133087158203125" lon="126.59639331512153148651123046875">
        <ele>148.8000030517578125</ele>
        <time>2026-07-31T22:08:06.000Z</time>
        <extensions>
          <ns3:TrackPointExtension>
            <ns3:hr>172</ns3:hr>
            <ns3:cad>88</ns3:cad>
          </ns3:TrackPointExtension>
        </extensions>
      </trkpt>
      <trkpt lat="45.7130734808743000030517578125" lon="126.59638945944607257843017578125">
        <ele>148.8000030517578125</ele>
        <time>2026-07-31T22:08:07.000Z</time>
        <extensions>
          <ns3:TrackPointExtension>
            <ns3:hr>172</ns3:hr>
            <ns3:cad>88</ns3:cad>
          </ns3:TrackPointExtension>
        </extensions>
      </trkpt>
      <trkpt lat="45.71309502236545085906982421875" lon="126.596387363970279693603515625">
        <ele>148.8000030517578125</ele>
        <time>2026-07-31T22:08:08.000Z</time>
        <extensions>
          <ns3:TrackPointExtension>
            <ns3:hr>172</ns3:hr>
            <ns3:cad>88</ns3:cad>
          </ns3:TrackPointExtension>
        </extensions>
      </trkpt>
      <trkpt lat="45.71312352083623409271240234375" lon="126.59639038145542144775390625">
        <ele>148.8000030517578125</ele>
        <time>2026-07-31T22:08:09.000Z</time>
        <extensions>
          <ns3:TrackPointExtension>
            <ns3:hr>172</ns3:hr>
            <ns3:cad>88</ns3:cad>
          </ns3:TrackPointExtension>
        </extensions>
      </trkpt>
      <trkpt lat="45.713145732879638671875" lon="126.59639365039765834808349609375">
        <ele>148.8000030517578125</ele>
        <time>2026-07-31T22:08:10.000Z</time>
        <extensions>
          <ns3:TrackPointExtension>
            <ns3:hr>172</ns3:hr>
            <ns3:cad>87</ns3:cad>
          </ns3:TrackPointExtension>
        </extensions>
      </trkpt>
      <trkpt lat="45.71318035013973712921142578125" lon="126.59639851190149784088134765625">
        <ele>148.8000030517578125</ele>
        <time>2026-07-31T22:08:11.000Z</time>
        <extensions>
          <ns3:TrackPointExtension>
            <ns3:hr>171</ns3:hr>
            <ns3:cad>87</ns3:cad>
          </ns3:TrackPointExtension>
        </extensions>
      </trkpt>
      <trkpt lat="45.7132055796682834625244140625" lon="126.59639633260667324066162109375">
        <ele>148.8000030517578125</ele>
        <time>2026-07-31T22:08:12.000Z</time>
        <extensions>
          <ns3:TrackPointExtension>
            <ns3:hr>172</ns3:hr>
            <ns3:cad>87</ns3:cad>
          </ns3:TrackPointExtension>
        </extensions>
      </trkpt>
      <trkpt lat="45.71324002929031848907470703125" lon="126.59640069119632244110107421875">
        <ele>148.8000030517578125</ele>
        <time>2026-07-31T22:08:13.000Z</time>
        <extensions>
          <ns3:TrackPointExtension>
            <ns3:hr>172</ns3:hr>
            <ns3:cad>87</ns3:cad>
          </ns3:TrackPointExtension>
        </extensions>
      </trkpt>
      <trkpt lat="45.71326366625726222991943359375" lon="126.59639784134924411773681640625">
        <ele>148.8000030517578125</ele>
        <time>2026-07-31T22:08:14.000Z</time>
        <extensions>
          <ns3:TrackPointExtension>
            <ns3:hr>171</ns3:hr>
            <ns3:cad>87</ns3:cad>
          </ns3:TrackPointExtension>
        </extensions>
      </trkpt>
      <trkpt lat="45.71329903788864612579345703125" lon="126.59640002064406871795654296875">
        <ele>149</ele>
        <time>2026-07-31T22:08:15.000Z</time>
        <extensions>
          <ns3:TrackPointExtension>
            <ns3:hr>171</ns3:hr>
            <ns3:cad>87</ns3:cad>
          </ns3:TrackPointExtension>
        </extensions>
      </trkpt>
      <trkpt lat="45.71332301013171672821044921875" lon="126.59640605561435222625732421875">
        <ele>148.8000030517578125</ele>
        <time>2026-07-31T22:08:16.000Z</time>
        <extensions>
          <ns3:TrackPointExtension>
            <ns3:hr>171</ns3:hr>
            <ns3:cad>87</ns3:cad>
          </ns3:TrackPointExtension>
        </extensions>
      </trkpt>
      <trkpt lat="45.71335368789732456207275390625" lon="126.59641041420400142669677734375">
        <ele>148.8000030517578125</ele>
        <time>2026-07-31T22:08:17.000Z</time>
        <extensions>
          <ns3:TrackPointExtension>
            <ns3:hr>172</ns3:hr>
            <ns3:cad>87</ns3:cad>
          </ns3:TrackPointExtension>
        </extensions>
      </trkpt>
      <trkpt lat="45.7133779115974903106689453125" lon="126.59641812555491924285888671875">
        <ele>148.8000030517578125</ele>
        <time>2026-07-31T22:08:18.000Z</time>
        <extensions>
          <ns3:TrackPointExtension>
            <ns3:hr>171</ns3:hr>
            <ns3:cad>87</ns3:cad>
          </ns3:TrackPointExtension>
        </extensions>
      </trkpt>
      <trkpt lat="45.71340263821184635162353515625" lon="126.5964193828403949737548828125">
        <ele>148.8000030517578125</ele>
        <time>2026-07-31T22:08:19.000Z</time>
        <extensions>
          <ns3:TrackPointExtension>
            <ns3:hr>171</ns3:hr>
            <ns3:cad>87</ns3:cad>
          </ns3:TrackPointExtension>
        </extensions>
      </trkpt>
      <trkpt lat="45.7134288735687732696533203125" lon="126.5964200533926486968994140625">
        <ele>148.8000030517578125</ele>
        <time>2026-07-31T22:08:20.000Z</time>
        <extensions>
          <ns3:TrackPointExtension>
            <ns3:hr>171</ns3:hr>
            <ns3:cad>87</ns3:cad>
          </ns3:TrackPointExtension>
        </extensions>
      </trkpt>
      <trkpt lat="45.7134483195841312408447265625" lon="126.59641175530850887298583984375">
        <ele>148.8000030517578125</ele>
        <time>2026-07-31T22:08:21.000Z</time>
        <extensions>
          <ns3:TrackPointExtension>
            <ns3:hr>172</ns3:hr>
            <ns3:cad>87</ns3:cad>
          </ns3:TrackPointExtension>
        </extensions>
      </trkpt>
      <trkpt lat="45.7134778238832950592041015625" lon="126.5964073128998279571533203125">
        <ele>148.8000030517578125</ele>
        <time>2026-07-31T22:08:22.000Z</time>
        <extensions>
          <ns3:TrackPointExtension>
            <ns3:hr>171</ns3:hr>
            <ns3:cad>87</ns3:cad>
          </ns3:TrackPointExtension>
        </extensions>
      </trkpt>
      <trkpt lat="45.71349936537444591522216796875" lon="126.59639582969248294830322265625">
        <ele>148.8000030517578125</ele>
        <time>2026-07-31T22:08:23.000Z</time>
        <extensions>
          <ns3:TrackPointExtension>
            <ns3:hr>171</ns3:hr>
            <ns3:cad>87</ns3:cad>
          </ns3:TrackPointExtension>
        </extensions>
      </trkpt>
      <trkpt lat="45.71352593600749969482421875" lon="126.59640035592019557952880859375">
        <ele>148.8000030517578125</ele>
        <time>2026-07-31T22:08:24.000Z</time>
        <extensions>
          <ns3:TrackPointExtension>
            <ns3:hr>171</ns3:hr>
            <ns3:cad>87</ns3:cad>
          </ns3:TrackPointExtension>
        </extensions>
      </trkpt>
      <trkpt lat="45.7135458849370479583740234375" lon="126.59639599733054637908935546875">
        <ele>148.8000030517578125</ele>
        <time>2026-07-31T22:08:25.000Z</time>
        <extensions>
          <ns3:TrackPointExtension>
            <ns3:hr>171</ns3:hr>
            <ns3:cad>87</ns3:cad>
          </ns3:TrackPointExtension>
        </extensions>
      </trkpt>
      <trkpt lat="45.7135753892362117767333984375" lon="126.59640152938663959503173828125">
        <ele>148.8000030517578125</ele>
        <time>2026-07-31T22:08:26.000Z</time>
        <extensions>
          <ns3:TrackPointExtension>
            <ns3:hr>171</ns3:hr>
            <ns3:cad>87</ns3:cad>
          </ns3:TrackPointExtension>
        </extensions>
      </trkpt>
      <trkpt lat="45.7135975174605846405029296875" lon="126.5964022837579250335693359375">
        <ele>149</ele>
        <time>2026-07-31T22:08:27.000Z</time>
        <extensions>
          <ns3:TrackPointExtension>
            <ns3:hr>171</ns3:hr>
            <ns3:cad>87</ns3:cad>
          </ns3:TrackPointExtension>
        </extensions>
      </trkpt>
      <trkpt lat="45.713624171912670135498046875" lon="126.59641041420400142669677734375">
        <ele>149</ele>
        <time>2026-07-31T22:08:28.000Z</time>
        <extensions>
          <ns3:TrackPointExtension>
            <ns3:hr>171</ns3:hr>
            <ns3:cad>88</ns3:cad>
          </ns3:TrackPointExtension>
        </extensions>
      </trkpt>
      <trkpt lat="45.7136494852602481842041015625" lon="126.596418209373950958251953125">
        <ele>149</ele>
        <time>2026-07-31T22:08:29.000Z</time>
        <extensions>
          <ns3:TrackPointExtension>
            <ns3:hr>171</ns3:hr>
            <ns3:cad>88</ns3:cad>
          </ns3:TrackPointExtension>
        </extensions>
      </trkpt>
      <trkpt lat="45.71367613971233367919921875" lon="126.59642902202904224395751953125">
        <ele>149</ele>
        <time>2026-07-31T22:08:30.000Z</time>
        <extensions>
          <ns3:TrackPointExtension>
            <ns3:hr>171</ns3:hr>
            <ns3:cad>88</ns3:cad>
          </ns3:TrackPointExtension>
        </extensions>
      </trkpt>
      <trkpt lat="45.71370103396475315093994140625" lon="126.596432961523532867431640625">
        <ele>149.1999969482421875</ele>
        <time>2026-07-31T22:08:31.000Z</time>
        <extensions>
          <ns3:TrackPointExtension>
            <ns3:hr>172</ns3:hr>
            <ns3:cad>88</ns3:cad>
          </ns3:TrackPointExtension>
        </extensions>
      </trkpt>
      <trkpt lat="45.71373514831066131591796875" lon="126.59643623046576976776123046875">
        <ele>149</ele>
        <time>2026-07-31T22:08:32.000Z</time>
        <extensions>
          <ns3:TrackPointExtension>
            <ns3:hr>172</ns3:hr>
            <ns3:cad>88</ns3:cad>
          </ns3:TrackPointExtension>
        </extensions>
      </trkpt>
      <trkpt lat="45.71376607753336429595947265625" lon="126.5964408405125141143798828125">
        <ele>149</ele>
        <time>2026-07-31T22:08:33.000Z</time>
        <extensions>
          <ns3:TrackPointExtension>
            <ns3:hr>172</ns3:hr>
            <ns3:cad>89</ns3:cad>
          </ns3:TrackPointExtension>
        </extensions>
      </trkpt>
      <trkpt lat="45.71379147469997406005859375" lon="126.5964445285499095916748046875">
        <ele>149</ele>
        <time>2026-07-31T22:08:34.000Z</time>
        <extensions>
          <ns3:TrackPointExtension>
            <ns3:hr>171</ns3:hr>
            <ns3:cad>89</ns3:cad>
          </ns3:TrackPointExtension>
        </extensions>
      </trkpt>
      <trkpt lat="45.7138228230178356170654296875" lon="126.5964515693485736846923828125">
        <ele>149</ele>
        <time>2026-07-31T22:08:35.000Z</time>
        <extensions>
          <ns3:TrackPointExtension>
            <ns3:hr>172</ns3:hr>
            <ns3:cad>88</ns3:cad>
          </ns3:TrackPointExtension>
        </extensions>
      </trkpt>
      <trkpt lat="45.71385023184120655059814453125" lon="126.5964567661285400390625">
        <ele>149</ele>
        <time>2026-07-31T22:08:36.000Z</time>
        <extensions>
          <ns3:TrackPointExtension>
            <ns3:hr>172</ns3:hr>
            <ns3:cad>88</ns3:cad>
          </ns3:TrackPointExtension>
        </extensions>
      </trkpt>
      <trkpt lat="45.713881663978099822998046875" lon="126.5964770503342151641845703125">
        <ele>149</ele>
        <time>2026-07-31T22:08:37.000Z</time>
        <extensions>
          <ns3:TrackPointExtension>
            <ns3:hr>171</ns3:hr>
            <ns3:cad>88</ns3:cad>
          </ns3:TrackPointExtension>
        </extensions>
      </trkpt>
      <trkpt lat="45.713901109993457794189453125" lon="126.596481241285800933837890625">
        <ele>149</ele>
        <time>2026-07-31T22:08:38.000Z</time>
        <extensions>
          <ns3:TrackPointExtension>
            <ns3:hr>172</ns3:hr>
            <ns3:cad>88</ns3:cad>
          </ns3:TrackPointExtension>
        </extensions>
      </trkpt>
      <trkpt lat="45.71392885409295558929443359375" lon="126.596497334539890289306640625">
        <ele>149</ele>
        <time>2026-07-31T22:08:39.000Z</time>
        <extensions>
          <ns3:TrackPointExtension>
            <ns3:hr>172</ns3:hr>
            <ns3:cad>88</ns3:cad>
          </ns3:TrackPointExtension>
        </extensions>
      </trkpt>
      <trkpt lat="45.71394628845155239105224609375" lon="126.59651217050850391387939453125">
        <ele>149</ele>
        <time>2026-07-31T22:08:40.000Z</time>
        <extensions>
          <ns3:TrackPointExtension>
            <ns3:hr>172</ns3:hr>
            <ns3:cad>87</ns3:cad>
          </ns3:TrackPointExtension>
        </extensions>
      </trkpt>
      <trkpt lat="45.71396741084754467010498046875" lon="126.59653312526643276214599609375">
        <ele>149.1999969482421875</ele>
        <time>2026-07-31T22:08:41.000Z</time>
        <extensions>
          <ns3:TrackPointExtension>
            <ns3:hr>172</ns3:hr>
            <ns3:cad>87</ns3:cad>
          </ns3:TrackPointExtension>
        </extensions>
      </trkpt>
      <trkpt lat="45.71398685686290264129638671875" lon="126.59655592404305934906005859375">
        <ele>149.1999969482421875</ele>
        <time>2026-07-31T22:08:42.000Z</time>
        <extensions>
          <ns3:TrackPointExtension>
            <ns3:hr>172</ns3:hr>
            <ns3:cad>87</ns3:cad>
          </ns3:TrackPointExtension>
        </extensions>
      </trkpt>
      <trkpt lat="45.7140078954398632049560546875" lon="126.59657268784940242767333984375">
        <ele>149</ele>
        <time>2026-07-31T22:08:43.000Z</time>
        <extensions>
          <ns3:TrackPointExtension>
            <ns3:hr>172</ns3:hr>
            <ns3:cad>87</ns3:cad>
          </ns3:TrackPointExtension>
        </extensions>
      </trkpt>
      <trkpt lat="45.71403153240680694580078125" lon="126.5965964086353778839111328125">
        <ele>149</ele>
        <time>2026-07-31T22:08:44.000Z</time>
        <extensions>
          <ns3:TrackPointExtension>
            <ns3:hr>172</ns3:hr>
            <ns3:cad>87</ns3:cad>
          </ns3:TrackPointExtension>
        </extensions>
      </trkpt>
      <trkpt lat="45.7140561752021312713623046875" lon="126.59661275334656238555908203125">
        <ele>148.8000030517578125</ele>
        <time>2026-07-31T22:08:45.000Z</time>
        <extensions>
          <ns3:TrackPointExtension>
            <ns3:hr>173</ns3:hr>
            <ns3:cad>87</ns3:cad>
          </ns3:TrackPointExtension>
        </extensions>
      </trkpt>
      <trkpt lat="45.7140791416168212890625" lon="126.59663739614188671112060546875">
        <ele>148.8000030517578125</ele>
        <time>2026-07-31T22:08:46.000Z</time>
        <extensions>
          <ns3:TrackPointExtension>
            <ns3:hr>173</ns3:hr>
            <ns3:cad>87</ns3:cad>
          </ns3:TrackPointExtension>
        </extensions>
      </trkpt>
      <trkpt lat="45.71410286240279674530029296875" lon="126.59665248356759548187255859375">
        <ele>148.8000030517578125</ele>
        <time>2026-07-31T22:08:47.000Z</time>
        <extensions>
          <ns3:TrackPointExtension>
            <ns3:hr>173</ns3:hr>
            <ns3:cad>87</ns3:cad>
          </ns3:TrackPointExtension>
        </extensions>
      </trkpt>
      <trkpt lat="45.71412901394069194793701171875" lon="126.59667729400098323822021484375">
        <ele>148.8000030517578125</ele>
        <time>2026-07-31T22:08:48.000Z</time>
        <extensions>
          <ns3:TrackPointExtension>
            <ns3:hr>174</ns3:hr>
            <ns3:cad>87</ns3:cad>
          </ns3:TrackPointExtension>
        </extensions>
      </trkpt>
      <trkpt lat="45.714149884879589080810546875" lon="126.59669204615056514739990234375">
        <ele>148.8000030517578125</ele>
        <time>2026-07-31T22:08:49.000Z</time>
        <extensions>
          <ns3:TrackPointExtension>
            <ns3:hr>174</ns3:hr>
            <ns3:cad>87</ns3:cad>
          </ns3:TrackPointExtension>
        </extensions>
      </trkpt>
      <trkpt lat="45.71417511440813541412353515625" lon="126.5967177785933017730712890625">
        <ele>148.8000030517578125</ele>
        <time>2026-07-31T22:08:50.000Z</time>
        <extensions>
          <ns3:TrackPointExtension>
            <ns3:hr>174</ns3:hr>
            <ns3:cad>87</ns3:cad>
          </ns3:TrackPointExtension>
        </extensions>
      </trkpt>
      <trkpt lat="45.71419875137507915496826171875" lon="126.5967325307428836822509765625">
        <ele>148.8000030517578125</ele>
        <time>2026-07-31T22:08:51.000Z</time>
        <extensions>
          <ns3:TrackPointExtension>
            <ns3:hr>174</ns3:hr>
            <ns3:cad>87</ns3:cad>
          </ns3:TrackPointExtension>
        </extensions>
      </trkpt>
      <trkpt lat="45.7142258249223232269287109375" lon="126.59675382077693939208984375">
        <ele>148.8000030517578125</ele>
        <time>2026-07-31T22:08:52.000Z</time>
        <extensions>
          <ns3:TrackPointExtension>
            <ns3:hr>174</ns3:hr>
            <ns3:cad>87</ns3:cad>
          </ns3:TrackPointExtension>
        </extensions>
      </trkpt>
      <trkpt lat="45.71424753405153751373291015625" lon="126.5967719256877899169921875">
        <ele>148.8000030517578125</ele>
        <time>2026-07-31T22:08:53.000Z</time>
        <extensions>
          <ns3:TrackPointExtension>
            <ns3:hr>175</ns3:hr>
            <ns3:cad>86</ns3:cad>
          </ns3:TrackPointExtension>
        </extensions>
      </trkpt>
      <trkpt lat="45.71427335031330585479736328125" lon="126.59678474999964237213134765625">
        <ele>148.8000030517578125</ele>
        <time>2026-07-31T22:08:54.000Z</time>
        <extensions>
          <ns3:TrackPointExtension>
            <ns3:hr>175</ns3:hr>
            <ns3:cad>86</ns3:cad>
          </ns3:TrackPointExtension>
        </extensions>
      </trkpt>
      <trkpt lat="45.7143002562224864959716796875" lon="126.5968005917966365814208984375">
        <ele>148.8000030517578125</ele>
        <time>2026-07-31T22:08:55.000Z</time>
        <extensions>
          <ns3:TrackPointExtension>
            <ns3:hr>175</ns3:hr>
            <ns3:cad>86</ns3:cad>
          </ns3:TrackPointExtension>
        </extensions>
      </trkpt>
      <trkpt lat="45.7143165171146392822265625" lon="126.596808470785617828369140625">
        <ele>149</ele>
        <time>2026-07-31T22:08:56.000Z</time>
        <extensions>
          <ns3:TrackPointExtension>
            <ns3:hr>176</ns3:hr>
            <ns3:cad>86</ns3:cad>
          </ns3:TrackPointExtension>
        </extensions>
      </trkpt>
      <trkpt lat="45.71434224955737590789794921875" lon="126.5968260727822780609130859375">
        <ele>149</ele>
        <time>2026-07-31T22:08:57.000Z</time>
        <extensions>
          <ns3:TrackPointExtension>
            <ns3:hr>176</ns3:hr>
            <ns3:cad>86</ns3:cad>
          </ns3:TrackPointExtension>
        </extensions>
      </trkpt>
      <trkpt lat="45.71436119265854358673095703125" lon="126.596831940114498138427734375">
        <ele>149</ele>
        <time>2026-07-31T22:08:58.000Z</time>
        <extensions>
          <ns3:TrackPointExtension>
            <ns3:hr>176</ns3:hr>
            <ns3:cad>86</ns3:cad>
          </ns3:TrackPointExtension>
        </extensions>
      </trkpt>
      <trkpt lat="45.71438835002481937408447265625" lon="126.5968565829098224639892578125">
        <ele>148.8000030517578125</ele>
        <time>2026-07-31T22:08:59.000Z</time>
        <extensions>
          <ns3:TrackPointExtension>
            <ns3:hr>177</ns3:hr>
            <ns3:cad>86</ns3:cad>
          </ns3:TrackPointExtension>
        </extensions>
      </trkpt>
      <trkpt lat="45.7144072093069553375244140625" lon="126.59687074832618236541748046875">
        <ele>149</ele>
        <time>2026-07-31T22:09:00.000Z</time>
        <extensions>
          <ns3:TrackPointExtension>
            <ns3:hr>177</ns3:hr>
            <ns3:cad>87</ns3:cad>
          </ns3:TrackPointExtension>
        </extensions>
      </trkpt>
      <trkpt lat="45.71443252265453338623046875" lon="126.59689589403569698333740234375">
        <ele>148.8000030517578125</ele>
        <time>2026-07-31T22:09:01.000Z</time>
        <extensions>
          <ns3:TrackPointExtension>
            <ns3:hr>176</ns3:hr>
            <ns3:cad>87</ns3:cad>
          </ns3:TrackPointExtension>
        </extensions>
      </trkpt>
      <trkpt lat="45.71444584988057613372802734375" lon="126.5969181060791015625">
        <ele>148.8000030517578125</ele>
        <time>2026-07-31T22:09:02.000Z</time>
        <extensions>
          <ns3:TrackPointExtension>
            <ns3:hr>176</ns3:hr>
            <ns3:cad>87</ns3:cad>
          </ns3:TrackPointExtension>
        </extensions>
      </trkpt>
      <trkpt lat="45.71446194313466548919677734375" lon="126.5969410724937915802001953125">
        <ele>148.8000030517578125</ele>
        <time>2026-07-31T22:09:03.000Z</time>
        <extensions>
          <ns3:TrackPointExtension>
            <ns3:hr>175</ns3:hr>
            <ns3:cad>87</ns3:cad>
          </ns3:TrackPointExtension>
        </extensions>
      </trkpt>
      <trkpt lat="45.71447300724685192108154296875" lon="126.596976108849048614501953125">
        <ele>148.8000030517578125</ele>
        <time>2026-07-31T22:09:04.000Z</time>
        <extensions>
          <ns3:TrackPointExtension>
            <ns3:hr>175</ns3:hr>
            <ns3:cad>87</ns3:cad>
          </ns3:TrackPointExtension>
        </extensions>
      </trkpt>
      <trkpt lat="45.7144843228161334991455078125" lon="126.5970079600811004638671875">
        <ele>148.8000030517578125</ele>
        <time>2026-07-31T22:09:05.000Z</time>
        <extensions>
          <ns3:TrackPointExtension>
            <ns3:hr>175</ns3:hr>
            <ns3:cad>87</ns3:cad>
          </ns3:TrackPointExtension>
        </extensions>
      </trkpt>
      <trkpt lat="45.71450854651629924774169921875" lon="126.59703251905739307403564453125">
        <ele>148.8000030517578125</ele>
        <time>2026-07-31T22:09:06.000Z</time>
        <extensions>
          <ns3:TrackPointExtension>
            <ns3:hr>175</ns3:hr>
            <ns3:cad>87</ns3:cad>
          </ns3:TrackPointExtension>
        </extensions>
      </trkpt>
      <trkpt lat="45.71452782489359378814697265625" lon="126.5970359556376934051513671875">
        <ele>148.8000030517578125</ele>
        <time>2026-07-31T22:09:07.000Z</time>
        <extensions>
          <ns3:TrackPointExtension>
            <ns3:hr>175</ns3:hr>
            <ns3:cad>87</ns3:cad>
          </ns3:TrackPointExtension>
        </extensions>
      </trkpt>
      <trkpt lat="45.7145552337169647216796875" lon="126.59703821875154972076416015625">
        <ele>148.8000030517578125</ele>
        <time>2026-07-31T22:09:08.000Z</time>
        <extensions>
          <ns3:TrackPointExtension>
            <ns3:hr>175</ns3:hr>
            <ns3:cad>87</ns3:cad>
          </ns3:TrackPointExtension>
        </extensions>
      </trkpt>
      <trkpt lat="45.71457308717072010040283203125" lon="126.59703184850513935089111328125">
        <ele>149</ele>
        <time>2026-07-31T22:09:09.000Z</time>
        <extensions>
          <ns3:TrackPointExtension>
            <ns3:hr>175</ns3:hr>
            <ns3:cad>87</ns3:cad>
          </ns3:TrackPointExtension>
        </extensions>
      </trkpt>
      <trkpt lat="45.71460192091763019561767578125" lon="126.59703587181866168975830078125">
        <ele>149</ele>
        <time>2026-07-31T22:09:10.000Z</time>
        <extensions>
          <ns3:TrackPointExtension>
            <ns3:hr>175</ns3:hr>
            <ns3:cad>87</ns3:cad>
          </ns3:TrackPointExtension>
        </extensions>
      </trkpt>
      <trkpt lat="45.71462254039943218231201171875" lon="126.59703989513218402862548828125">
        <ele>149</ele>
        <time>2026-07-31T22:09:11.000Z</time>
        <extensions>
          <ns3:TrackPointExtension>
            <ns3:hr>175</ns3:hr>
            <ns3:cad>87</ns3:cad>
          </ns3:TrackPointExtension>
        </extensions>
      </trkpt>
      <trkpt lat="45.7146563194692134857177734375" lon="126.5970409847795963287353515625">
        <ele>149</ele>
        <time>2026-07-31T22:09:12.000Z</time>
        <extensions>
          <ns3:TrackPointExtension>
            <ns3:hr>175</ns3:hr>
            <ns3:cad>87</ns3:cad>
          </ns3:TrackPointExtension>
        </extensions>
      </trkpt>
      <trkpt lat="45.71468339301645755767822265625" lon="126.59705280326306819915771484375">
        <ele>149</ele>
        <time>2026-07-31T22:09:13.000Z</time>
        <extensions>
          <ns3:TrackPointExtension>
            <ns3:hr>175</ns3:hr>
            <ns3:cad>87</ns3:cad>
          </ns3:TrackPointExtension>
        </extensions>
      </trkpt>
      <trkpt lat="45.71471055038273334503173828125" lon="126.59705682657659053802490234375">
        <ele>149</ele>
        <time>2026-07-31T22:09:14.000Z</time>
        <extensions>
          <ns3:TrackPointExtension>
            <ns3:hr>175</ns3:hr>
            <ns3:cad>87</ns3:cad>
          </ns3:TrackPointExtension>
        </extensions>
      </trkpt>
      <trkpt lat="45.714738629758358001708984375" lon="126.5970604307949542999267578125">
        <ele>149</ele>
        <time>2026-07-31T22:09:15.000Z</time>
        <extensions>
          <ns3:TrackPointExtension>
            <ns3:hr>176</ns3:hr>
            <ns3:cad>87</ns3:cad>
          </ns3:TrackPointExtension>
        </extensions>
      </trkpt>
      <trkpt lat="45.71476251818239688873291015625" lon="126.59705950878560543060302734375">
        <ele>149</ele>
        <time>2026-07-31T22:09:16.000Z</time>
        <extensions>
          <ns3:TrackPointExtension>
            <ns3:hr>176</ns3:hr>
            <ns3:cad>87</ns3:cad>
          </ns3:TrackPointExtension>
        </extensions>
      </trkpt>
      <trkpt lat="45.7147981412708759307861328125" lon="126.59706168808043003082275390625">
        <ele>149</ele>
        <time>2026-07-31T22:09:17.000Z</time>
        <extensions>
          <ns3:TrackPointExtension>
            <ns3:hr>176</ns3:hr>
            <ns3:cad>86</ns3:cad>
          </ns3:TrackPointExtension>
        </extensions>
      </trkpt>
      <trkpt lat="45.7148222811520099639892578125" lon="126.5970704890787601470947265625">
        <ele>149</ele>
        <time>2026-07-31T22:09:18.000Z</time>
        <extensions>
          <ns3:TrackPointExtension>
            <ns3:hr>177</ns3:hr>
            <ns3:cad>87</ns3:cad>
          </ns3:TrackPointExtension>
        </extensions>
      </trkpt>
      <trkpt lat="45.7148400507867336273193359375" lon="126.59711214713752269744873046875">
        <ele>149</ele>
        <time>2026-07-31T22:09:19.000Z</time>
        <extensions>
          <ns3:TrackPointExtension>
            <ns3:hr>177</ns3:hr>
            <ns3:cad>87</ns3:cad>
          </ns3:TrackPointExtension>
        </extensions>
      </trkpt>
      <trkpt lat="45.714849270880222320556640625" lon="126.59713963977992534637451171875">
        <ele>149</ele>
        <time>2026-07-31T22:09:20.000Z</time>
        <extensions>
          <ns3:TrackPointExtension>
            <ns3:hr>177</ns3:hr>
            <ns3:cad>87</ns3:cad>
          </ns3:TrackPointExtension>
        </extensions>
      </trkpt>
      <trkpt lat="45.7148594968020915985107421875" lon="126.597183644771575927734375">
        <ele>149</ele>
        <time>2026-07-31T22:09:21.000Z</time>
        <extensions>
          <ns3:TrackPointExtension>
            <ns3:hr>177</ns3:hr>
            <ns3:cad>87</ns3:cad>
          </ns3:TrackPointExtension>
        </extensions>
      </trkpt>
      <trkpt lat="45.714866034686565399169921875" lon="126.5972198545932769775390625">
        <ele>148.8000030517578125</ele>
        <time>2026-07-31T22:09:22.000Z</time>
        <extensions>
          <ns3:TrackPointExtension>
            <ns3:hr>176</ns3:hr>
            <ns3:cad>87</ns3:cad>
          </ns3:TrackPointExtension>
        </extensions>
      </trkpt>
      <trkpt lat="45.7148762606084346771240234375" lon="126.59725598059594631195068359375">
        <ele>148.8000030517578125</ele>
        <time>2026-07-31T22:09:23.000Z</time>
        <extensions>
          <ns3:TrackPointExtension>
            <ns3:hr>177</ns3:hr>
            <ns3:cad>86</ns3:cad>
          </ns3:TrackPointExtension>
        </extensions>
      </trkpt>
      <trkpt lat="45.7148806191980838775634765625" lon="126.5972971357405185699462890625">
        <ele>148.8000030517578125</ele>
        <time>2026-07-31T22:09:24.000Z</time>
        <extensions>
          <ns3:TrackPointExtension>
            <ns3:hr>177</ns3:hr>
            <ns3:cad>86</ns3:cad>
          </ns3:TrackPointExtension>
        </extensions>
      </trkpt>
      <trkpt lat="45.71488740853965282440185546875" lon="126.59732655622065067291259765625">
        <ele>148.8000030517578125</ele>
        <time>2026-07-31T22:09:25.000Z</time>
        <extensions>
          <ns3:TrackPointExtension>
            <ns3:hr>176</ns3:hr>
            <ns3:cad>87</ns3:cad>
          </ns3:TrackPointExtension>
        </extensions>
      </trkpt>
      <trkpt lat="45.714888833463191986083984375" lon="126.5973719023168087005615234375">
        <ele>148.600006103515625</ele>
        <time>2026-07-31T22:09:26.000Z</time>
        <extensions>
          <ns3:TrackPointExtension>
            <ns3:hr>177</ns3:hr>
            <ns3:cad>87</ns3:cad>
          </ns3:TrackPointExtension>
        </extensions>
      </trkpt>
      <trkpt lat="45.71489310823380947113037109375" lon="126.59739981405436992645263671875">
        <ele>148.600006103515625</ele>
        <time>2026-07-31T22:09:27.000Z</time>
        <extensions>
          <ns3:TrackPointExtension>
            <ns3:hr>177</ns3:hr>
            <ns3:cad>87</ns3:cad>
          </ns3:TrackPointExtension>
        </extensions>
      </trkpt>
      <trkpt lat="45.71489528752863407135009765625" lon="126.597448848187923431396484375">
        <ele>148.600006103515625</ele>
        <time>2026-07-31T22:09:28.000Z</time>
        <extensions>
          <ns3:TrackPointExtension>
            <ns3:hr>177</ns3:hr>
            <ns3:cad>87</ns3:cad>
          </ns3:TrackPointExtension>
        </extensions>
      </trkpt>
      <trkpt lat="45.71489679627120494842529296875" lon="126.59748011268675327301025390625">
        <ele>148.600006103515625</ele>
        <time>2026-07-31T22:09:29.000Z</time>
        <extensions>
          <ns3:TrackPointExtension>
            <ns3:hr>177</ns3:hr>
            <ns3:cad>87</ns3:cad>
          </ns3:TrackPointExtension>
        </extensions>
      </trkpt>
      <trkpt lat="45.7148967124521732330322265625" lon="126.59752453677356243133544921875">
        <ele>148.600006103515625</ele>
        <time>2026-07-31T22:09:30.000Z</time>
        <extensions>
          <ns3:TrackPointExtension>
            <ns3:hr>177</ns3:hr>
            <ns3:cad>87</ns3:cad>
          </ns3:TrackPointExtension>
        </extensions>
      </trkpt>
      <trkpt lat="45.7148957066237926483154296875" lon="126.5975578129291534423828125">
        <ele>148.600006103515625</ele>
        <time>2026-07-31T22:09:31.000Z</time>
        <extensions>
          <ns3:TrackPointExtension>
            <ns3:hr>177</ns3:hr>
            <ns3:cad>87</ns3:cad>
          </ns3:TrackPointExtension>
        </extensions>
      </trkpt>
      <trkpt lat="45.71490165777504444122314453125" lon="126.59759745933115482330322265625">
        <ele>148.600006103515625</ele>
        <time>2026-07-31T22:09:32.000Z</time>
        <extensions>
          <ns3:TrackPointExtension>
            <ns3:hr>177</ns3:hr>
            <ns3:cad>87</ns3:cad>
          </ns3:TrackPointExtension>
        </extensions>
      </trkpt>
      <trkpt lat="45.7149141468107700347900390625" lon="126.5976350940763950347900390625">
        <ele>148.399993896484375</ele>
        <time>2026-07-31T22:09:33.000Z</time>
        <extensions>
          <ns3:TrackPointExtension>
            <ns3:hr>177</ns3:hr>
            <ns3:cad>87</ns3:cad>
          </ns3:TrackPointExtension>
        </extensions>
      </trkpt>
      <trkpt lat="45.71493082679808139801025390625" lon="126.59764372743666172027587890625">
        <ele>148.399993896484375</ele>
        <time>2026-07-31T22:09:34.000Z</time>
        <extensions>
          <ns3:TrackPointExtension>
            <ns3:hr>176</ns3:hr>
            <ns3:cad>87</ns3:cad>
          </ns3:TrackPointExtension>
        </extensions>
      </trkpt>
      <trkpt lat="45.7149537093937397003173828125" lon="126.59765261225402355194091796875">
        <ele>148.399993896484375</ele>
        <time>2026-07-31T22:09:35.000Z</time>
        <extensions>
          <ns3:TrackPointExtension>
            <ns3:hr>177</ns3:hr>
            <ns3:cad>87</ns3:cad>
          </ns3:TrackPointExtension>
        </extensions>
      </trkpt>
      <trkpt lat="45.71497575379908084869384765625" lon="126.5976528637111186981201171875">
        <ele>148.600006103515625</ele>
        <time>2026-07-31T22:09:36.000Z</time>
        <extensions>
          <ns3:TrackPointExtension>
            <ns3:hr>177</ns3:hr>
            <ns3:cad>87</ns3:cad>
          </ns3:TrackPointExtension>
        </extensions>
      </trkpt>
      <trkpt lat="45.71500919759273529052734375" lon="126.5976562164723873138427734375">
        <ele>148.600006103515625</ele>
        <time>2026-07-31T22:09:37.000Z</time>
        <extensions>
          <ns3:TrackPointExtension>
            <ns3:hr>177</ns3:hr>
            <ns3:cad>87</ns3:cad>
          </ns3:TrackPointExtension>
        </extensions>
      </trkpt>
      <trkpt lat="45.71503174491226673126220703125" lon="126.597656048834323883056640625">
        <ele>148.8000030517578125</ele>
        <time>2026-07-31T22:09:38.000Z</time>
        <extensions>
          <ns3:TrackPointExtension>
            <ns3:hr>176</ns3:hr>
            <ns3:cad>86</ns3:cad>
          </ns3:TrackPointExtension>
        </extensions>
      </trkpt>
      <trkpt lat="45.7150568068027496337890625" lon="126.59765906631946563720703125">
        <ele>148.8000030517578125</ele>
        <time>2026-07-31T22:09:39.000Z</time>
        <extensions>
          <ns3:TrackPointExtension>
            <ns3:hr>177</ns3:hr>
            <ns3:cad>86</ns3:cad>
          </ns3:TrackPointExtension>
        </extensions>
      </trkpt>
      <trkpt lat="45.71508253924548625946044921875" lon="126.59766434691846370697021484375">
        <ele>148.8000030517578125</ele>
        <time>2026-07-31T22:09:40.000Z</time>
        <extensions>
          <ns3:TrackPointExtension>
            <ns3:hr>176</ns3:hr>
            <ns3:cad>86</ns3:cad>
          </ns3:TrackPointExtension>
        </extensions>
      </trkpt>
      <trkpt lat="45.71510382927954196929931640625" lon="126.59766099415719509124755859375">
        <ele>148.8000030517578125</ele>
        <time>2026-07-31T22:09:41.000Z</time>
        <extensions>
          <ns3:TrackPointExtension>
            <ns3:hr>176</ns3:hr>
            <ns3:cad>86</ns3:cad>
          </ns3:TrackPointExtension>
        </extensions>
      </trkpt>
      <trkpt lat="45.71512595750391483306884765625" lon="126.59766786731779575347900390625">
        <ele>148.8000030517578125</ele>
        <time>2026-07-31T22:09:42.000Z</time>
        <extensions>
          <ns3:TrackPointExtension>
            <ns3:hr>176</ns3:hr>
            <ns3:cad>86</ns3:cad>
          </ns3:TrackPointExtension>
        </extensions>
      </trkpt>
      <trkpt lat="45.715144313871860504150390625" lon="126.59766769967973232269287109375">
        <ele>148.8000030517578125</ele>
        <time>2026-07-31T22:09:43.000Z</time>
        <extensions>
          <ns3:TrackPointExtension>
            <ns3:hr>176</ns3:hr>
            <ns3:cad>86</ns3:cad>
          </ns3:TrackPointExtension>
        </extensions>
      </trkpt>
      <trkpt lat="45.7151709683239459991455078125" lon="126.59766845405101776123046875">
        <ele>149</ele>
        <time>2026-07-31T22:09:44.000Z</time>
        <extensions>
          <ns3:TrackPointExtension>
            <ns3:hr>176</ns3:hr>
            <ns3:cad>86</ns3:cad>
          </ns3:TrackPointExtension>
        </extensions>
      </trkpt>
      <trkpt lat="45.7151935994625091552734375" lon="126.59766904078423976898193359375">
        <ele>148.8000030517578125</ele>
        <time>2026-07-31T22:09:45.000Z</time>
        <extensions>
          <ns3:TrackPointExtension>
            <ns3:hr>176</ns3:hr>
            <ns3:cad>86</ns3:cad>
          </ns3:TrackPointExtension>
        </extensions>
      </trkpt>
      <trkpt lat="45.715208686888217926025390625" lon="126.59766904078423976898193359375">
        <ele>148.8000030517578125</ele>
        <time>2026-07-31T22:09:46.000Z</time>
        <extensions>
          <ns3:TrackPointExtension>
            <ns3:hr>175</ns3:hr>
            <ns3:cad>86</ns3:cad>
          </ns3:TrackPointExtension>
        </extensions>
      </trkpt>
      <trkpt lat="45.71522570215165615081787109375" lon="126.5976753272116184234619140625">
        <ele>148.8000030517578125</ele>
        <time>2026-07-31T22:09:47.000Z</time>
        <extensions>
          <ns3:TrackPointExtension>
            <ns3:hr>175</ns3:hr>
            <ns3:cad>86</ns3:cad>
          </ns3:TrackPointExtension>
        </extensions>
      </trkpt>
      <trkpt lat="45.71522939018905162811279296875" lon="126.59768211655318737030029296875">
        <ele>148.8000030517578125</ele>
        <time>2026-07-31T22:09:48.000Z</time>
        <extensions>
          <ns3:TrackPointExtension>
            <ns3:hr>175</ns3:hr>
            <ns3:cad>86</ns3:cad>
          </ns3:TrackPointExtension>
        </extensions>
      </trkpt>
      <trkpt lat="45.7152437232434749603271484375" lon="126.5976904146373271942138671875">
        <ele>148.600006103515625</ele>
        <time>2026-07-31T22:09:49.000Z</time>
        <extensions>
          <ns3:TrackPointExtension>
            <ns3:hr>175</ns3:hr>
            <ns3:cad>85</ns3:cad>
          </ns3:TrackPointExtension>
        </extensions>
      </trkpt>
      <trkpt lat="45.71526811458170413970947265625" lon="126.5977034904062747955322265625">
        <ele>148.600006103515625</ele>
        <time>2026-07-31T22:09:50.000Z</time>
        <extensions>
          <ns3:TrackPointExtension>
            <ns3:hr>176</ns3:hr>
            <ns3:cad>83</ns3:cad>
          </ns3:TrackPointExtension>
        </extensions>
      </trkpt>
      <trkpt lat="45.71529108099639415740966796875" lon="126.59770734608173370361328125">
        <ele>148.600006103515625</ele>
        <time>2026-07-31T22:09:51.000Z</time>
        <extensions>
          <ns3:TrackPointExtension>
            <ns3:hr>176</ns3:hr>
            <ns3:cad>83</ns3:cad>
          </ns3:TrackPointExtension>
        </extensions>
      </trkpt>
      <trkpt lat="45.71531832218170166015625" lon="126.5977152250707149505615234375">
        <ele>148.600006103515625</ele>
        <time>2026-07-31T22:09:52.000Z</time>
        <extensions>
          <ns3:TrackPointExtension>
            <ns3:hr>176</ns3:hr>
            <ns3:cad>82</ns3:cad>
          </ns3:TrackPointExtension>
        </extensions>
      </trkpt>
      <trkpt lat="45.715340115129947662353515625" lon="126.5977236069738864898681640625">
        <ele>148.600006103515625</ele>
        <time>2026-07-31T22:09:53.000Z</time>
        <extensions>
          <ns3:TrackPointExtension>
            <ns3:hr>176</ns3:hr>
            <ns3:cad>81</ns3:cad>
          </ns3:TrackPointExtension>
        </extensions>
      </trkpt>
      <trkpt lat="45.715371631085872650146484375" lon="126.59773240797221660614013671875">
        <ele>148.600006103515625</ele>
        <time>2026-07-31T22:09:54.000Z</time>
        <extensions>
          <ns3:TrackPointExtension>
            <ns3:hr>176</ns3:hr>
            <ns3:cad>82</ns3:cad>
          </ns3:TrackPointExtension>
        </extensions>
      </trkpt>
      <trkpt lat="45.7153862155973911285400390625" lon="126.59773978404700756072998046875">
        <ele>148.600006103515625</ele>
        <time>2026-07-31T22:09:55.000Z</time>
        <extensions>
          <ns3:TrackPointExtension>
            <ns3:hr>176</ns3:hr>
            <ns3:cad>85</ns3:cad>
          </ns3:TrackPointExtension>
        </extensions>
      </trkpt>
      <trkpt lat="45.71540423668920993804931640625" lon="126.59773416817188262939453125">
        <ele>148.600006103515625</ele>
        <time>2026-07-31T22:09:56.000Z</time>
        <extensions>
          <ns3:TrackPointExtension>
            <ns3:hr>177</ns3:hr>
            <ns3:cad>86</ns3:cad>
          </ns3:TrackPointExtension>
        </extensions>
      </trkpt>
      <trkpt lat="45.71542653255164623260498046875" lon="126.59772352315485477447509765625">
        <ele>148.8000030517578125</ele>
        <time>2026-07-31T22:09:57.000Z</time>
        <extensions>
          <ns3:TrackPointExtension>
            <ns3:hr>176</ns3:hr>
            <ns3:cad>86</ns3:cad>
          </ns3:TrackPointExtension>
        </extensions>
      </trkpt>
      <trkpt lat="45.71544480510056018829345703125" lon="126.59772302024066448211669921875">
        <ele>148.8000030517578125</ele>
        <time>2026-07-31T22:09:58.000Z</time>
        <extensions>
          <ns3:TrackPointExtension>
            <ns3:hr>177</ns3:hr>
            <ns3:cad>86</ns3:cad>
          </ns3:TrackPointExtension>
        </extensions>
      </trkpt>
      <trkpt lat="45.71546458639204502105712890625" lon="126.59771782346069812774658203125">
        <ele>148.8000030517578125</ele>
        <time>2026-07-31T22:09:59.000Z</time>
        <extensions>
          <ns3:TrackPointExtension>
            <ns3:hr>177</ns3:hr>
            <ns3:cad>85</ns3:cad>
          </ns3:TrackPointExtension>
        </extensions>
      </trkpt>
      <trkpt lat="45.715487636625766754150390625" lon="126.59771497361361980438232421875">
        <ele>149</ele>
        <time>2026-07-31T22:10:00.000Z</time>
        <extensions>
          <ns3:TrackPointExtension>
            <ns3:hr>177</ns3:hr>
            <ns3:cad>84</ns3:cad>
          </ns3:TrackPointExtension>
        </extensions>
      </trkpt>
      <trkpt lat="45.7155075855553150177001953125" lon="126.59771312959492206573486328125">
        <ele>149.1999969482421875</ele>
        <time>2026-07-31T22:10:01.000Z</time>
        <extensions>
          <ns3:TrackPointExtension>
            <ns3:hr>176</ns3:hr>
            <ns3:cad>83</ns3:cad>
          </ns3:TrackPointExtension>
        </extensions>
      </trkpt>
      <trkpt lat="45.71552979759871959686279296875" lon="126.5977080166339874267578125">
        <ele>149.1999969482421875</ele>
        <time>2026-07-31T22:10:02.000Z</time>
        <extensions>
          <ns3:TrackPointExtension>
            <ns3:hr>176</ns3:hr>
            <ns3:cad>83</ns3:cad>
          </ns3:TrackPointExtension>
        </extensions>
      </trkpt>
      <trkpt lat="45.71555041708052158355712890625" lon="126.59770390950143337249755859375">
        <ele>149.399993896484375</ele>
        <time>2026-07-31T22:10:03.000Z</time>
        <extensions>
          <ns3:TrackPointExtension>
            <ns3:hr>176</ns3:hr>
            <ns3:cad>84</ns3:cad>
          </ns3:TrackPointExtension>
        </extensions>
      </trkpt>
      <trkpt lat="45.71557371877133846282958984375" lon="126.59769016318023204803466796875">
        <ele>149.399993896484375</ele>
        <time>2026-07-31T22:10:04.000Z</time>
        <extensions>
          <ns3:TrackPointExtension>
            <ns3:hr>176</ns3:hr>
            <ns3:cad>84</ns3:cad>
          </ns3:TrackPointExtension>
        </extensions>
      </trkpt>
      <trkpt lat="45.715596266090869903564453125" lon="126.59767515957355499267578125">
        <ele>149.1999969482421875</ele>
        <time>2026-07-31T22:10:05.000Z</time>
        <extensions>
          <ns3:TrackPointExtension>
            <ns3:hr>175</ns3:hr>
            <ns3:cad>84</ns3:cad>
          </ns3:TrackPointExtension>
        </extensions>
      </trkpt>
      <trkpt lat="45.715615712106227874755859375" lon="126.597654037177562713623046875">
        <ele>149.1999969482421875</ele>
        <time>2026-07-31T22:10:06.000Z</time>
        <extensions>
          <ns3:TrackPointExtension>
            <ns3:hr>175</ns3:hr>
            <ns3:cad>84</ns3:cad>
          </ns3:TrackPointExtension>
        </extensions>
      </trkpt>
      <trkpt lat="45.7156390137970447540283203125" lon="126.59763568080961704254150390625">
        <ele>149.1999969482421875</ele>
        <time>2026-07-31T22:10:07.000Z</time>
        <extensions>
          <ns3:TrackPointExtension>
            <ns3:hr>175</ns3:hr>
            <ns3:cad>84</ns3:cad>
          </ns3:TrackPointExtension>
        </extensions>
      </trkpt>
      <trkpt lat="45.71566944010555744171142578125" lon="126.59760751761496067047119140625">
        <ele>149.1999969482421875</ele>
        <time>2026-07-31T22:10:08.000Z</time>
        <extensions>
          <ns3:TrackPointExtension>
            <ns3:hr>175</ns3:hr>
            <ns3:cad>84</ns3:cad>
          </ns3:TrackPointExtension>
        </extensions>
      </trkpt>
      <trkpt lat="45.71569793857634067535400390625" lon="126.597585640847682952880859375">
        <ele>149.399993896484375</ele>
        <time>2026-07-31T22:10:09.000Z</time>
        <extensions>
          <ns3:TrackPointExtension>
            <ns3:hr>175</ns3:hr>
            <ns3:cad>87</ns3:cad>
          </ns3:TrackPointExtension>
        </extensions>
      </trkpt>
      <trkpt lat="45.7157198153436183929443359375" lon="126.59756384789943695068359375">
        <ele>149.399993896484375</ele>
        <time>2026-07-31T22:10:10.000Z</time>
        <extensions>
          <ns3:TrackPointExtension>
            <ns3:hr>175</ns3:hr>
            <ns3:cad>87</ns3:cad>
          </ns3:TrackPointExtension>
        </extensions>
      </trkpt>
      <trkpt lat="45.71575309149920940399169921875" lon="126.59754800610244274139404296875">
        <ele>149.600006103515625</ele>
        <time>2026-07-31T22:10:11.000Z</time>
        <extensions>
          <ns3:TrackPointExtension>
            <ns3:hr>174</ns3:hr>
            <ns3:cad>87</ns3:cad>
          </ns3:TrackPointExtension>
        </extensions>
      </trkpt>
      <trkpt lat="45.71577589027583599090576171875" lon="126.5975345112383365631103515625">
        <ele>149.600006103515625</ele>
        <time>2026-07-31T22:10:12.000Z</time>
        <extensions>
          <ns3:TrackPointExtension>
            <ns3:hr>175</ns3:hr>
            <ns3:cad>86</ns3:cad>
          </ns3:TrackPointExtension>
        </extensions>
      </trkpt>
      <trkpt lat="45.7158066518604755401611328125" lon="126.59751397557556629180908203125">
        <ele>149.600006103515625</ele>
        <time>2026-07-31T22:10:13.000Z</time>
        <extensions>
          <ns3:TrackPointExtension>
            <ns3:hr>175</ns3:hr>
            <ns3:cad>86</ns3:cad>
          </ns3:TrackPointExtension>
        </extensions>
      </trkpt>
      <trkpt lat="45.7158291153609752655029296875" lon="126.59749654121696949005126953125">
        <ele>149.600006103515625</ele>
        <time>2026-07-31T22:10:14.000Z</time>
        <extensions>
          <ns3:TrackPointExtension>
            <ns3:hr>176</ns3:hr>
            <ns3:cad>85</ns3:cad>
          </ns3:TrackPointExtension>
        </extensions>
      </trkpt>
      <trkpt lat="45.71585468016564846038818359375" lon="126.59747793339192867279052734375">
        <ele>149.600006103515625</ele>
        <time>2026-07-31T22:10:15.000Z</time>
        <extensions>
          <ns3:TrackPointExtension>
            <ns3:hr>176</ns3:hr>
            <ns3:cad>85</ns3:cad>
          </ns3:TrackPointExtension>
        </extensions>
      </trkpt>
      <trkpt lat="45.7158829271793365478515625" lon="126.59746049903333187103271484375">
        <ele>149.600006103515625</ele>
        <time>2026-07-31T22:10:16.000Z</time>
        <extensions>
          <ns3:TrackPointExtension>
            <ns3:hr>176</ns3:hr>
            <ns3:cad>85</ns3:cad>
          </ns3:TrackPointExtension>
        </extensions>
      </trkpt>
      <trkpt lat="45.71590463630855083465576171875" lon="126.59744557924568653106689453125">
        <ele>149.600006103515625</ele>
        <time>2026-07-31T22:10:17.000Z</time>
        <extensions>
          <ns3:TrackPointExtension>
            <ns3:hr>176</ns3:hr>
            <ns3:cad>85</ns3:cad>
          </ns3:TrackPointExtension>
        </extensions>
      </trkpt>
      <trkpt lat="45.71593045257031917572021484375" lon="126.59742973744869232177734375">
        <ele>149.600006103515625</ele>
        <time>2026-07-31T22:10:18.000Z</time>
        <extensions>
          <ns3:TrackPointExtension>
            <ns3:hr>176</ns3:hr>
            <ns3:cad>86</ns3:cad>
          </ns3:TrackPointExtension>
        </extensions>
      </trkpt>
      <trkpt lat="45.7159491442143917083740234375" lon="126.59741557203233242034912109375">
        <ele>149.600006103515625</ele>
        <time>2026-07-31T22:10:19.000Z</time>
        <extensions>
          <ns3:TrackPointExtension>
            <ns3:hr>177</ns3:hr>
            <ns3:cad>86</ns3:cad>
          </ns3:TrackPointExtension>
        </extensions>
      </trkpt>
      <trkpt lat="45.715972445905208587646484375" lon="126.59739595837891101837158203125">
        <ele>149.8000030517578125</ele>
        <time>2026-07-31T22:10:20.000Z</time>
        <extensions>
          <ns3:TrackPointExtension>
            <ns3:hr>177</ns3:hr>
            <ns3:cad>86</ns3:cad>
          </ns3:TrackPointExtension>
        </extensions>
      </trkpt>
      <trkpt lat="45.71599180810153484344482421875" lon="126.597380451858043670654296875">
        <ele>149.8000030517578125</ele>
        <time>2026-07-31T22:10:21.000Z</time>
        <extensions>
          <ns3:TrackPointExtension>
            <ns3:hr>177</ns3:hr>
            <ns3:cad>86</ns3:cad>
          </ns3:TrackPointExtension>
        </extensions>
      </trkpt>
      <trkpt lat="45.71601075120270252227783203125" lon="126.5973564796149730682373046875">
        <ele>149.600006103515625</ele>
        <time>2026-07-31T22:10:22.000Z</time>
        <extensions>
          <ns3:TrackPointExtension>
            <ns3:hr>177</ns3:hr>
            <ns3:cad>86</ns3:cad>
          </ns3:TrackPointExtension>
        </extensions>
      </trkpt>
      <trkpt lat="45.7160275988280773162841796875" lon="126.597332172095775604248046875">
        <ele>149.600006103515625</ele>
        <time>2026-07-31T22:10:23.000Z</time>
        <extensions>
          <ns3:TrackPointExtension>
            <ns3:hr>177</ns3:hr>
            <ns3:cad>86</ns3:cad>
          </ns3:TrackPointExtension>
        </extensions>
      </trkpt>
      <trkpt lat="45.7160386629402637481689453125" lon="126.59730426035821437835693359375">
        <ele>149.399993896484375</ele>
        <time>2026-07-31T22:10:24.000Z</time>
        <extensions>
          <ns3:TrackPointExtension>
            <ns3:hr>176</ns3:hr>
            <ns3:cad>86</ns3:cad>
          </ns3:TrackPointExtension>
        </extensions>
      </trkpt>
      <trkpt lat="45.71605794131755828857421875" lon="126.59726838581264019012451171875">
        <ele>149.1999969482421875</ele>
        <time>2026-07-31T22:10:25.000Z</time>
        <extensions>
          <ns3:TrackPointExtension>
            <ns3:hr>177</ns3:hr>
            <ns3:cad>86</ns3:cad>
          </ns3:TrackPointExtension>
        </extensions>
      </trkpt>
      <trkpt lat="45.7160681672394275665283203125" lon="126.59724240191280841827392578125">
        <ele>149</ele>
        <time>2026-07-31T22:10:26.000Z</time>
        <extensions>
          <ns3:TrackPointExtension>
            <ns3:hr>177</ns3:hr>
            <ns3:cad>86</ns3:cad>
          </ns3:TrackPointExtension>
        </extensions>
      </trkpt>
      <trkpt lat="45.7160867750644683837890625" lon="126.597208119928836822509765625">
        <ele>148.600006103515625</ele>
        <time>2026-07-31T22:10:27.000Z</time>
        <extensions>
          <ns3:TrackPointExtension>
            <ns3:hr>177</ns3:hr>
            <ns3:cad>86</ns3:cad>
          </ns3:TrackPointExtension>
        </extensions>
      </trkpt>
      <trkpt lat="45.71609775535762310028076171875" lon="126.59718389622867107391357421875">
        <ele>148.600006103515625</ele>
        <time>2026-07-31T22:10:28.000Z</time>
        <extensions>
          <ns3:TrackPointExtension>
            <ns3:hr>177</ns3:hr>
            <ns3:cad>86</ns3:cad>
          </ns3:TrackPointExtension>
        </extensions>
      </trkpt>
      <trkpt lat="45.71611032821238040924072265625" lon="126.5971502847969532012939453125">
        <ele>148.399993896484375</ele>
        <time>2026-07-31T22:10:29.000Z</time>
        <extensions>
          <ns3:TrackPointExtension>
            <ns3:hr>177</ns3:hr>
            <ns3:cad>86</ns3:cad>
          </ns3:TrackPointExtension>
        </extensions>
      </trkpt>
      <trkpt lat="45.7161197997629642486572265625" lon="126.5971231274306774139404296875">
        <ele>148.1999969482421875</ele>
        <time>2026-07-31T22:10:30.000Z</time>
        <extensions>
          <ns3:TrackPointExtension>
            <ns3:hr>177</ns3:hr>
            <ns3:cad>86</ns3:cad>
          </ns3:TrackPointExtension>
        </extensions>
      </trkpt>
      <trkpt lat="45.71613094769418239593505859375" lon="126.5970869176089763641357421875">
        <ele>148</ele>
        <time>2026-07-31T22:10:31.000Z</time>
        <extensions>
          <ns3:TrackPointExtension>
            <ns3:hr>176</ns3:hr>
            <ns3:cad>87</ns3:cad>
          </ns3:TrackPointExtension>
        </extensions>
      </trkpt>
      <trkpt lat="45.71614502929151058197021484375" lon="126.5970554016530513763427734375">
        <ele>148</ele>
        <time>2026-07-31T22:10:32.000Z</time>
        <extensions>
          <ns3:TrackPointExtension>
            <ns3:hr>177</ns3:hr>
            <ns3:cad>87</ns3:cad>
          </ns3:TrackPointExtension>
        </extensions>
      </trkpt>
      <trkpt lat="45.7161610387265682220458984375" lon="126.59702514298260211944580078125">
        <ele>148</ele>
        <time>2026-07-31T22:10:33.000Z</time>
        <extensions>
          <ns3:TrackPointExtension>
            <ns3:hr>177</ns3:hr>
            <ns3:cad>87</ns3:cad>
          </ns3:TrackPointExtension>
        </extensions>
      </trkpt>
      <trkpt lat="45.71618878282606601715087890625" lon="126.59700485877692699432373046875">
        <ele>147.8000030517578125</ele>
        <time>2026-07-31T22:10:34.000Z</time>
        <extensions>
          <ns3:TrackPointExtension>
            <ns3:hr>177</ns3:hr>
            <ns3:cad>87</ns3:cad>
          </ns3:TrackPointExtension>
        </extensions>
      </trkpt>
      <trkpt lat="45.71620571427047252655029296875" lon="126.5969843231141567230224609375">
        <ele>147.8000030517578125</ele>
        <time>2026-07-31T22:10:35.000Z</time>
        <extensions>
          <ns3:TrackPointExtension>
            <ns3:hr>177</ns3:hr>
            <ns3:cad>87</ns3:cad>
          </ns3:TrackPointExtension>
        </extensions>
      </trkpt>
      <trkpt lat="45.7162316143512725830078125" lon="126.59696638584136962890625">
        <ele>147.8000030517578125</ele>
        <time>2026-07-31T22:10:36.000Z</time>
        <extensions>
          <ns3:TrackPointExtension>
            <ns3:hr>177</ns3:hr>
            <ns3:cad>87</ns3:cad>
          </ns3:TrackPointExtension>
        </extensions>
      </trkpt>
      <trkpt lat="45.71625365875661373138427734375" lon="126.596960015594959259033203125">
        <ele>147.8000030517578125</ele>
        <time>2026-07-31T22:10:37.000Z</time>
        <extensions>
          <ns3:TrackPointExtension>
            <ns3:hr>178</ns3:hr>
            <ns3:cad>87</ns3:cad>
          </ns3:TrackPointExtension>
        </extensions>
      </trkpt>
      <trkpt lat="45.71628601290285587310791015625" lon="126.59695993177592754364013671875">
        <ele>147.8000030517578125</ele>
        <time>2026-07-31T22:10:38.000Z</time>
        <extensions>
          <ns3:TrackPointExtension>
            <ns3:hr>178</ns3:hr>
            <ns3:cad>87</ns3:cad>
          </ns3:TrackPointExtension>
        </extensions>
      </trkpt>
      <trkpt lat="45.716306380927562713623046875" lon="126.59695230424404144287109375">
        <ele>147.8000030517578125</ele>
        <time>2026-07-31T22:10:39.000Z</time>
        <extensions>
          <ns3:TrackPointExtension>
            <ns3:hr>179</ns3:hr>
            <ns3:cad>86</ns3:cad>
          </ns3:TrackPointExtension>
        </extensions>
      </trkpt>
      <trkpt lat="45.7163300178945064544677734375" lon="126.5969440899789333343505859375">
        <ele>147.8000030517578125</ele>
        <time>2026-07-31T22:10:40.000Z</time>
        <extensions>
          <ns3:TrackPointExtension>
            <ns3:hr>179</ns3:hr>
            <ns3:cad>86</ns3:cad>
          </ns3:TrackPointExtension>
        </extensions>
      </trkpt>
      <trkpt lat="45.71635709144175052642822265625" lon="126.596939563751220703125">
        <ele>148</ele>
        <time>2026-07-31T22:10:41.000Z</time>
        <extensions>
          <ns3:TrackPointExtension>
            <ns3:hr>179</ns3:hr>
            <ns3:cad>86</ns3:cad>
          </ns3:TrackPointExtension>
        </extensions>
      </trkpt>
      <trkpt lat="45.71637846529483795166015625" lon="126.596931181848049163818359375">
        <ele>148.1999969482421875</ele>
        <time>2026-07-31T22:10:42.000Z</time>
        <extensions>
          <ns3:TrackPointExtension>
            <ns3:hr>179</ns3:hr>
            <ns3:cad>86</ns3:cad>
          </ns3:TrackPointExtension>
        </extensions>
      </trkpt>
      <trkpt lat="45.71640922687947750091552734375" lon="126.596923135221004486083984375">
        <ele>148.1999969482421875</ele>
        <time>2026-07-31T22:10:43.000Z</time>
        <extensions>
          <ns3:TrackPointExtension>
            <ns3:hr>179</ns3:hr>
            <ns3:cad>86</ns3:cad>
          </ns3:TrackPointExtension>
        </extensions>
      </trkpt>
      <trkpt lat="45.7164287567138671875" lon="126.59691416658461093902587890625">
        <ele>148.399993896484375</ele>
        <time>2026-07-31T22:10:44.000Z</time>
        <extensions>
          <ns3:TrackPointExtension>
            <ns3:hr>179</ns3:hr>
            <ns3:cad>86</ns3:cad>
          </ns3:TrackPointExtension>
        </extensions>
      </trkpt>
      <trkpt lat="45.71645264513790607452392578125" lon="126.59689723514020442962646484375">
        <ele>148.600006103515625</ele>
        <time>2026-07-31T22:10:45.000Z</time>
        <extensions>
          <ns3:TrackPointExtension>
            <ns3:hr>180</ns3:hr>
            <ns3:cad>86</ns3:cad>
          </ns3:TrackPointExtension>
        </extensions>
      </trkpt>
      <trkpt lat="45.71647427044808864593505859375" lon="126.59688013605773448944091796875">
        <ele>148.8000030517578125</ele>
        <time>2026-07-31T22:10:46.000Z</time>
        <extensions>
          <ns3:TrackPointExtension>
            <ns3:hr>181</ns3:hr>
            <ns3:cad>85</ns3:cad>
          </ns3:TrackPointExtension>
        </extensions>
      </trkpt>
      <trkpt lat="45.7164896093308925628662109375" lon="126.59686186350882053375244140625">
        <ele>149</ele>
        <time>2026-07-31T22:10:47.000Z</time>
        <extensions>
          <ns3:TrackPointExtension>
            <ns3:hr>181</ns3:hr>
            <ns3:cad>85</ns3:cad>
          </ns3:TrackPointExtension>
        </extensions>
      </trkpt>
      <trkpt lat="45.71651282720267772674560546875" lon="126.5968408249318599700927734375">
        <ele>149.1999969482421875</ele>
        <time>2026-07-31T22:10:48.000Z</time>
        <extensions>
          <ns3:TrackPointExtension>
            <ns3:hr>180</ns3:hr>
            <ns3:cad>85</ns3:cad>
          </ns3:TrackPointExtension>
        </extensions>
      </trkpt>
      <trkpt lat="45.7165264897048473358154296875" lon="126.5968247316777706146240234375">
        <ele>149.399993896484375</ele>
        <time>2026-07-31T22:10:49.000Z</time>
        <extensions>
          <ns3:TrackPointExtension>
            <ns3:hr>179</ns3:hr>
            <ns3:cad>85</ns3:cad>
          </ns3:TrackPointExtension>
        </extensions>
      </trkpt>
      <trkpt lat="45.71654920466244220733642578125" lon="126.5968009270727634429931640625">
        <ele>149.399993896484375</ele>
        <time>2026-07-31T22:10:50.000Z</time>
        <extensions>
          <ns3:TrackPointExtension>
            <ns3:hr>178</ns3:hr>
            <ns3:cad>84</ns3:cad>
          </ns3:TrackPointExtension>
        </extensions>
      </trkpt>
      <trkpt lat="45.7165682315826416015625" lon="126.59678726457059383392333984375">
        <ele>149.399993896484375</ele>
        <time>2026-07-31T22:10:51.000Z</time>
        <extensions>
          <ns3:TrackPointExtension>
            <ns3:hr>177</ns3:hr>
            <ns3:cad>84</ns3:cad>
          </ns3:TrackPointExtension>
        </extensions>
      </trkpt>
      <trkpt lat="45.71658633649349212646484375" lon="126.596765555441379547119140625">
        <ele>149.600006103515625</ele>
        <time>2026-07-31T22:10:52.000Z</time>
        <extensions>
          <ns3:TrackPointExtension>
            <ns3:hr>176</ns3:hr>
            <ns3:cad>84</ns3:cad>
          </ns3:TrackPointExtension>
        </extensions>
      </trkpt>
      <trkpt lat="45.71660586632788181304931640625" lon="126.59674367867410182952880859375">
        <ele>149.600006103515625</ele>
        <time>2026-07-31T22:10:53.000Z</time>
        <extensions>
          <ns3:TrackPointExtension>
            <ns3:hr>176</ns3:hr>
            <ns3:cad>84</ns3:cad>
          </ns3:TrackPointExtension>
        </extensions>
      </trkpt>
      <trkpt lat="45.716620869934558868408203125" lon="126.5967191196978092193603515625">
        <ele>149.600006103515625</ele>
        <time>2026-07-31T22:10:54.000Z</time>
        <extensions>
          <ns3:TrackPointExtension>
            <ns3:hr>176</ns3:hr>
            <ns3:cad>85</ns3:cad>
          </ns3:TrackPointExtension>
        </extensions>
      </trkpt>
      <trkpt lat="45.71664132177829742431640625" lon="126.59669137559831142425537109375">
        <ele>149.600006103515625</ele>
        <time>2026-07-31T22:10:55.000Z</time>
        <extensions>
          <ns3:TrackPointExtension>
            <ns3:hr>176</ns3:hr>
            <ns3:cad>86</ns3:cad>
          </ns3:TrackPointExtension>
        </extensions>
      </trkpt>
      <trkpt lat="45.71665682829916477203369140625" lon="126.59666405059397220611572265625">
        <ele>149.600006103515625</ele>
        <time>2026-07-31T22:10:56.000Z</time>
        <extensions>
          <ns3:TrackPointExtension>
            <ns3:hr>176</ns3:hr>
            <ns3:cad>86</ns3:cad>
          </ns3:TrackPointExtension>
        </extensions>
      </trkpt>
      <trkpt lat="45.71667887270450592041015625" lon="126.59663136117160320281982421875">
        <ele>149.399993896484375</ele>
        <time>2026-07-31T22:10:57.000Z</time>
        <extensions>
          <ns3:TrackPointExtension>
            <ns3:hr>177</ns3:hr>
            <ns3:cad>87</ns3:cad>
          </ns3:TrackPointExtension>
        </extensions>
      </trkpt>
      <trkpt lat="45.7166929543018341064453125" lon="126.59661040641367435455322265625">
        <ele>149.399993896484375</ele>
        <time>2026-07-31T22:10:58.000Z</time>
        <extensions>
          <ns3:TrackPointExtension>
            <ns3:hr>177</ns3:hr>
            <ns3:cad>86</ns3:cad>
          </ns3:TrackPointExtension>
        </extensions>
      </trkpt>
      <trkpt lat="45.7167139090597629547119140625" lon="126.5965788066387176513671875">
        <ele>149.1999969482421875</ele>
        <time>2026-07-31T22:10:59.000Z</time>
        <extensions>
          <ns3:TrackPointExtension>
            <ns3:hr>177</ns3:hr>
            <ns3:cad>86</ns3:cad>
          </ns3:TrackPointExtension>
        </extensions>
      </trkpt>
      <trkpt lat="45.71673444472253322601318359375" lon="126.596558354794979095458984375">
        <ele>149</ele>
        <time>2026-07-31T22:11:00.000Z</time>
        <extensions>
          <ns3:TrackPointExtension>
            <ns3:hr>177</ns3:hr>
            <ns3:cad>86</ns3:cad>
          </ns3:TrackPointExtension>
        </extensions>
      </trkpt>
      <trkpt lat="45.71675204671919345855712890625" lon="126.59653010778129100799560546875">
        <ele>149</ele>
        <time>2026-07-31T22:11:01.000Z</time>
        <extensions>
          <ns3:TrackPointExtension>
            <ns3:hr>177</ns3:hr>
            <ns3:cad>86</ns3:cad>
          </ns3:TrackPointExtension>
        </extensions>
      </trkpt>
      <trkpt lat="45.7167729176580905914306640625" lon="126.5965032018721103668212890625">
        <ele>148.8000030517578125</ele>
        <time>2026-07-31T22:11:02.000Z</time>
        <extensions>
          <ns3:TrackPointExtension>
            <ns3:hr>178</ns3:hr>
            <ns3:cad>86</ns3:cad>
          </ns3:TrackPointExtension>
        </extensions>
      </trkpt>
      <trkpt lat="45.716787166893482208251953125" lon="126.5964723564684391021728515625">
        <ele>148.8000030517578125</ele>
        <time>2026-07-31T22:11:03.000Z</time>
        <extensions>
          <ns3:TrackPointExtension>
            <ns3:hr>177</ns3:hr>
            <ns3:cad>86</ns3:cad>
          </ns3:TrackPointExtension>
        </extensions>
      </trkpt>
      <trkpt lat="45.716806612908840179443359375" lon="126.59644980914890766143798828125">
        <ele>148.8000030517578125</ele>
        <time>2026-07-31T22:11:04.000Z</time>
        <extensions>
          <ns3:TrackPointExtension>
            <ns3:hr>177</ns3:hr>
            <ns3:cad>87</ns3:cad>
          </ns3:TrackPointExtension>
        </extensions>
      </trkpt>
      <trkpt lat="45.71682228706777095794677734375" lon="126.596429608762264251708984375">
        <ele>148.600006103515625</ele>
        <time>2026-07-31T22:11:05.000Z</time>
        <extensions>
          <ns3:TrackPointExtension>
            <ns3:hr>178</ns3:hr>
            <ns3:cad>87</ns3:cad>
          </ns3:TrackPointExtension>
        </extensions>
      </trkpt>
      <trkpt lat="45.71684173308312892913818359375" lon="126.59640035592019557952880859375">
        <ele>148.399993896484375</ele>
        <time>2026-07-31T22:11:06.000Z</time>
        <extensions>
          <ns3:TrackPointExtension>
            <ns3:hr>177</ns3:hr>
            <ns3:cad>87</ns3:cad>
          </ns3:TrackPointExtension>
        </extensions>
      </trkpt>
      <trkpt lat="45.7168553955852985382080078125" lon="126.59637772478163242340087890625">
        <ele>148.399993896484375</ele>
        <time>2026-07-31T22:11:07.000Z</time>
        <extensions>
          <ns3:TrackPointExtension>
            <ns3:hr>177</ns3:hr>
            <ns3:cad>87</ns3:cad>
          </ns3:TrackPointExtension>
        </extensions>
      </trkpt>
      <trkpt lat="45.7168758474290370941162109375" lon="126.5963508188724517822265625">
        <ele>148.1999969482421875</ele>
        <time>2026-07-31T22:11:08.000Z</time>
        <extensions>
          <ns3:TrackPointExtension>
            <ns3:hr>178</ns3:hr>
            <ns3:cad>87</ns3:cad>
          </ns3:TrackPointExtension>
        </extensions>
      </trkpt>
      <trkpt lat="45.7168899290263652801513671875" lon="126.59633011557161808013916015625">
        <ele>148.1999969482421875</ele>
        <time>2026-07-31T22:11:09.000Z</time>
        <extensions>
          <ns3:TrackPointExtension>
            <ns3:hr>177</ns3:hr>
            <ns3:cad>87</ns3:cad>
          </ns3:TrackPointExtension>
        </extensions>
      </trkpt>
      <trkpt lat="45.7169123925268650054931640625" lon="126.59630178473889827728271484375">
        <ele>148.1999969482421875</ele>
        <time>2026-07-31T22:11:10.000Z</time>
        <extensions>
          <ns3:TrackPointExtension>
            <ns3:hr>177</ns3:hr>
            <ns3:cad>87</ns3:cad>
          </ns3:TrackPointExtension>
        </extensions>
      </trkpt>
      <trkpt lat="45.71692655794322490692138671875" lon="126.5962762199342250823974609375">
        <ele>148.1999969482421875</ele>
        <time>2026-07-31T22:11:11.000Z</time>
        <extensions>
          <ns3:TrackPointExtension>
            <ns3:hr>176</ns3:hr>
            <ns3:cad>87</ns3:cad>
          </ns3:TrackPointExtension>
        </extensions>
      </trkpt>
      <trkpt lat="45.71694885380566120147705078125" lon="126.59624327905476093292236328125">
        <ele>148.1999969482421875</ele>
        <time>2026-07-31T22:11:12.000Z</time>
        <extensions>
          <ns3:TrackPointExtension>
            <ns3:hr>176</ns3:hr>
            <ns3:cad>87</ns3:cad>
          </ns3:TrackPointExtension>
        </extensions>
      </trkpt>
      <trkpt lat="45.71696863509714603424072265625" lon="126.5962172113358974456787109375">
        <ele>148</ele>
        <time>2026-07-31T22:11:13.000Z</time>
        <extensions>
          <ns3:TrackPointExtension>
            <ns3:hr>176</ns3:hr>
            <ns3:cad>87</ns3:cad>
          </ns3:TrackPointExtension>
        </extensions>
      </trkpt>
      <trkpt lat="45.71699135005474090576171875" lon="126.59619717858731746673583984375">
        <ele>148</ele>
        <time>2026-07-31T22:11:14.000Z</time>
        <extensions>
          <ns3:TrackPointExtension>
            <ns3:hr>176</ns3:hr>
            <ns3:cad>87</ns3:cad>
          </ns3:TrackPointExtension>
        </extensions>
      </trkpt>
      <trkpt lat="45.71701347827911376953125" lon="126.59618292935192584991455078125">
        <ele>148</ele>
        <time>2026-07-31T22:11:15.000Z</time>
        <extensions>
          <ns3:TrackPointExtension>
            <ns3:hr>175</ns3:hr>
            <ns3:cad>87</ns3:cad>
          </ns3:TrackPointExtension>
        </extensions>
      </trkpt>
      <trkpt lat="45.71703317575156688690185546875" lon="126.59615728072822093963623046875">
        <ele>148</ele>
        <time>2026-07-31T22:11:16.000Z</time>
        <extensions>
          <ns3:TrackPointExtension>
            <ns3:hr>175</ns3:hr>
            <ns3:cad>87</ns3:cad>
          </ns3:TrackPointExtension>
        </extensions>
      </trkpt>
      <trkpt lat="45.71705714799463748931884765625" lon="126.59613557159900665283203125">
        <ele>148</ele>
        <time>2026-07-31T22:11:17.000Z</time>
        <extensions>
          <ns3:TrackPointExtension>
            <ns3:hr>175</ns3:hr>
            <ns3:cad>87</ns3:cad>
          </ns3:TrackPointExtension>
        </extensions>
      </trkpt>
      <trkpt lat="45.71707625873386859893798828125" lon="126.5961166284978389739990234375">
        <ele>148</ele>
        <time>2026-07-31T22:11:18.000Z</time>
        <extensions>
          <ns3:TrackPointExtension>
            <ns3:hr>175</ns3:hr>
            <ns3:cad>87</ns3:cad>
          </ns3:TrackPointExtension>
        </extensions>
      </trkpt>
      <trkpt lat="45.7171011529862880706787109375" lon="126.596098355948925018310546875">
        <ele>148</ele>
        <time>2026-07-31T22:11:19.000Z</time>
        <extensions>
          <ns3:TrackPointExtension>
            <ns3:hr>175</ns3:hr>
            <ns3:cad>87</ns3:cad>
          </ns3:TrackPointExtension>
        </extensions>
      </trkpt>
      <trkpt lat="45.717119760811328887939453125" lon="126.59607966430485248565673828125">
        <ele>148</ele>
        <time>2026-07-31T22:11:20.000Z</time>
        <extensions>
          <ns3:TrackPointExtension>
            <ns3:hr>176</ns3:hr>
            <ns3:cad>87</ns3:cad>
          </ns3:TrackPointExtension>
        </extensions>
      </trkpt>
      <trkpt lat="45.71714750491082668304443359375" lon="126.596060805022716522216796875">
        <ele>148</ele>
        <time>2026-07-31T22:11:21.000Z</time>
        <extensions>
          <ns3:TrackPointExtension>
            <ns3:hr>176</ns3:hr>
            <ns3:cad>87</ns3:cad>
          </ns3:TrackPointExtension>
        </extensions>
      </trkpt>
      <trkpt lat="45.7171688787639141082763671875" lon="126.59605099819600582122802734375">
        <ele>148</ele>
        <time>2026-07-31T22:11:22.000Z</time>
        <extensions>
          <ns3:TrackPointExtension>
            <ns3:hr>176</ns3:hr>
            <ns3:cad>87</ns3:cad>
          </ns3:TrackPointExtension>
        </extensions>
      </trkpt>
      <trkpt lat="45.71719779632985591888427734375" lon="126.59604169428348541259765625">
        <ele>148.1999969482421875</ele>
        <time>2026-07-31T22:11:23.000Z</time>
        <extensions>
          <ns3:TrackPointExtension>
            <ns3:hr>176</ns3:hr>
            <ns3:cad>87</ns3:cad>
          </ns3:TrackPointExtension>
        </extensions>
      </trkpt>
      <trkpt lat="45.71722361259162425994873046875" lon="126.59603004343807697296142578125">
        <ele>148.1999969482421875</ele>
        <time>2026-07-31T22:11:24.000Z</time>
        <extensions>
          <ns3:TrackPointExtension>
            <ns3:hr>176</ns3:hr>
            <ns3:cad>87</ns3:cad>
          </ns3:TrackPointExtension>
        </extensions>
      </trkpt>
      <trkpt lat="45.71725244633853435516357421875" lon="126.596026606857776641845703125">
        <ele>148.1999969482421875</ele>
        <time>2026-07-31T22:11:25.000Z</time>
        <extensions>
          <ns3:TrackPointExtension>
            <ns3:hr>176</ns3:hr>
            <ns3:cad>87</ns3:cad>
          </ns3:TrackPointExtension>
        </extensions>
      </trkpt>
      <trkpt lat="45.71728312410414218902587890625" lon="126.59602836705744266510009765625">
        <ele>148.399993896484375</ele>
        <time>2026-07-31T22:11:26.000Z</time>
        <extensions>
          <ns3:TrackPointExtension>
            <ns3:hr>176</ns3:hr>
            <ns3:cad>87</ns3:cad>
          </ns3:TrackPointExtension>
        </extensions>
      </trkpt>
      <trkpt lat="45.7173090241849422454833984375" lon="126.59603859297931194305419921875">
        <ele>148.399993896484375</ele>
        <time>2026-07-31T22:11:27.000Z</time>
        <extensions>
          <ns3:TrackPointExtension>
            <ns3:hr>176</ns3:hr>
            <ns3:cad>87</ns3:cad>
          </ns3:TrackPointExtension>
        </extensions>
      </trkpt>
      <trkpt lat="45.717340372502803802490234375" lon="126.5960509143769741058349609375">
        <ele>148.399993896484375</ele>
        <time>2026-07-31T22:11:28.000Z</time>
        <extensions>
          <ns3:TrackPointExtension>
            <ns3:hr>176</ns3:hr>
            <ns3:cad>87</ns3:cad>
          </ns3:TrackPointExtension>
        </extensions>
      </trkpt>
      <trkpt lat="45.71736224927008152008056640625" lon="126.59606005065143108367919921875">
        <ele>148.600006103515625</ele>
        <time>2026-07-31T22:11:29.000Z</time>
        <extensions>
          <ns3:TrackPointExtension>
            <ns3:hr>176</ns3:hr>
            <ns3:cad>87</ns3:cad>
          </ns3:TrackPointExtension>
        </extensions>
      </trkpt>
      <trkpt lat="45.717398039996623992919921875" lon="126.596074216067790985107421875">
        <ele>148.600006103515625</ele>
        <time>2026-07-31T22:11:30.000Z</time>
        <extensions>
          <ns3:TrackPointExtension>
            <ns3:hr>177</ns3:hr>
            <ns3:cad>87</ns3:cad>
          </ns3:TrackPointExtension>
        </extensions>
      </trkpt>
      <trkpt lat="45.717424191534519195556640625" lon="126.59608905203640460968017578125">
        <ele>148.8000030517578125</ele>
        <time>2026-07-31T22:11:31.000Z</time>
        <extensions>
          <ns3:TrackPointExtension>
            <ns3:hr>176</ns3:hr>
            <ns3:cad>87</ns3:cad>
          </ns3:TrackPointExtension>
        </extensions>
      </trkpt>
      <trkpt lat="45.7174508459866046905517578125" lon="126.59609978087246417999267578125">
        <ele>148.8000030517578125</ele>
        <time>2026-07-31T22:11:32.000Z</time>
        <extensions>
          <ns3:TrackPointExtension>
            <ns3:hr>176</ns3:hr>
            <ns3:cad>87</ns3:cad>
          </ns3:TrackPointExtension>
        </extensions>
      </trkpt>
      <trkpt lat="45.7174759916961193084716796875" lon="126.59610950388014316558837890625">
        <ele>149</ele>
        <time>2026-07-31T22:11:33.000Z</time>
        <extensions>
          <ns3:TrackPointExtension>
            <ns3:hr>176</ns3:hr>
            <ns3:cad>87</ns3:cad>
          </ns3:TrackPointExtension>
        </extensions>
      </trkpt>
      <trkpt lat="45.71749837137758731842041015625" lon="126.59612274728715419769287109375">
        <ele>149</ele>
        <time>2026-07-31T22:11:34.000Z</time>
        <extensions>
          <ns3:TrackPointExtension>
            <ns3:hr>177</ns3:hr>
            <ns3:cad>87</ns3:cad>
          </ns3:TrackPointExtension>
        </extensions>
      </trkpt>
      <trkpt lat="45.71752284653484821319580078125" lon="126.596132554113864898681640625">
        <ele>149.1999969482421875</ele>
        <time>2026-07-31T22:11:35.000Z</time>
        <extensions>
          <ns3:TrackPointExtension>
            <ns3:hr>176</ns3:hr>
            <ns3:cad>87</ns3:cad>
          </ns3:TrackPointExtension>
        </extensions>
      </trkpt>
      <trkpt lat="45.71754732169210910797119140625" lon="126.59614152275025844573974609375">
        <ele>149.1999969482421875</ele>
        <time>2026-07-31T22:11:36.000Z</time>
        <extensions>
          <ns3:TrackPointExtension>
            <ns3:hr>176</ns3:hr>
            <ns3:cad>87</ns3:cad>
          </ns3:TrackPointExtension>
        </extensions>
      </trkpt>
      <trkpt lat="45.717582441866397857666015625" lon="126.59612492658197879791259765625">
        <ele>149.1999969482421875</ele>
        <time>2026-07-31T22:11:37.000Z</time>
        <extensions>
          <ns3:TrackPointExtension>
            <ns3:hr>177</ns3:hr>
            <ns3:cad>87</ns3:cad>
          </ns3:TrackPointExtension>
        </extensions>
      </trkpt>
      <trkpt lat="45.71760297752916812896728515625" lon="126.59612794406712055206298828125">
        <ele>149.1999969482421875</ele>
        <time>2026-07-31T22:11:38.000Z</time>
        <extensions>
          <ns3:TrackPointExtension>
            <ns3:hr>177</ns3:hr>
            <ns3:cad>87</ns3:cad>
          </ns3:TrackPointExtension>
        </extensions>
      </trkpt>
      <trkpt lat="45.717638097703456878662109375" lon="126.5961206518113613128662109375">
        <ele>149.1999969482421875</ele>
        <time>2026-07-31T22:11:39.000Z</time>
        <extensions>
          <ns3:TrackPointExtension>
            <ns3:hr>177</ns3:hr>
            <ns3:cad>87</ns3:cad>
          </ns3:TrackPointExtension>
        </extensions>
      </trkpt>
      <trkpt lat="45.71765896864235401153564453125" lon="126.59611285664141178131103515625">
        <ele>149.1999969482421875</ele>
        <time>2026-07-31T22:11:40.000Z</time>
        <extensions>
          <ns3:TrackPointExtension>
            <ns3:hr>177</ns3:hr>
            <ns3:cad>87</ns3:cad>
          </ns3:TrackPointExtension>
        </extensions>
      </trkpt>
      <trkpt lat="45.71768394671380519866943359375" lon="126.59608318470418453216552734375">
        <ele>149.399993896484375</ele>
        <time>2026-07-31T22:11:41.000Z</time>
        <extensions>
          <ns3:TrackPointExtension>
            <ns3:hr>177</ns3:hr>
            <ns3:cad>87</ns3:cad>
          </ns3:TrackPointExtension>
        </extensions>
      </trkpt>
      <trkpt lat="45.7177033089101314544677734375" lon="126.59606440924108028411865234375">
        <ele>149.399993896484375</ele>
        <time>2026-07-31T22:11:42.000Z</time>
        <extensions>
          <ns3:TrackPointExtension>
            <ns3:hr>176</ns3:hr>
            <ns3:cad>87</ns3:cad>
          </ns3:TrackPointExtension>
        </extensions>
      </trkpt>
      <trkpt lat="45.717722587287425994873046875" lon="126.59603775478899478912353515625">
        <ele>149.399993896484375</ele>
        <time>2026-07-31T22:11:43.000Z</time>
        <extensions>
          <ns3:TrackPointExtension>
            <ns3:hr>177</ns3:hr>
            <ns3:cad>87</ns3:cad>
          </ns3:TrackPointExtension>
        </extensions>
      </trkpt>
      <trkpt lat="45.7177415303885936737060546875" lon="126.59601411782205104827880859375">
        <ele>149.399993896484375</ele>
        <time>2026-07-31T22:11:44.000Z</time>
        <extensions>
          <ns3:TrackPointExtension>
            <ns3:hr>177</ns3:hr>
            <ns3:cad>87</ns3:cad>
          </ns3:TrackPointExtension>
        </extensions>
      </trkpt>
      <trkpt lat="45.7177593000233173370361328125" lon="126.59599198959767818450927734375">
        <ele>149.399993896484375</ele>
        <time>2026-07-31T22:11:45.000Z</time>
        <extensions>
          <ns3:TrackPointExtension>
            <ns3:hr>177</ns3:hr>
            <ns3:cad>87</ns3:cad>
          </ns3:TrackPointExtension>
        </extensions>
      </trkpt>
      <trkpt lat="45.71778318844735622406005859375" lon="126.5959660895168781280517578125">
        <ele>149.399993896484375</ele>
        <time>2026-07-31T22:11:46.000Z</time>
        <extensions>
          <ns3:TrackPointExtension>
            <ns3:hr>177</ns3:hr>
            <ns3:cad>87</ns3:cad>
          </ns3:TrackPointExtension>
        </extensions>
      </trkpt>
      <trkpt lat="45.71779735386371612548828125" lon="126.5959483198821544647216796875">
        <ele>149.1999969482421875</ele>
        <time>2026-07-31T22:11:47.000Z</time>
        <extensions>
          <ns3:TrackPointExtension>
            <ns3:hr>177</ns3:hr>
            <ns3:cad>87</ns3:cad>
          </ns3:TrackPointExtension>
        </extensions>
      </trkpt>
      <trkpt lat="45.7178213261067867279052734375" lon="126.5959208272397518157958984375">
        <ele>149.1999969482421875</ele>
        <time>2026-07-31T22:11:48.000Z</time>
        <extensions>
          <ns3:TrackPointExtension>
            <ns3:hr>178</ns3:hr>
            <ns3:cad>87</ns3:cad>
          </ns3:TrackPointExtension>
        </extensions>
      </trkpt>
      <trkpt lat="45.71783448569476604461669921875" lon="126.595896519720554351806640625">
        <ele>149</ele>
        <time>2026-07-31T22:11:49.000Z</time>
        <extensions>
          <ns3:TrackPointExtension>
            <ns3:hr>178</ns3:hr>
            <ns3:cad>87</ns3:cad>
          </ns3:TrackPointExtension>
        </extensions>
      </trkpt>
      <trkpt lat="45.7178556919097900390625" lon="126.59585922025144100189208984375">
        <ele>149</ele>
        <time>2026-07-31T22:11:50.000Z</time>
        <extensions>
          <ns3:TrackPointExtension>
            <ns3:hr>178</ns3:hr>
            <ns3:cad>86</ns3:cad>
          </ns3:TrackPointExtension>
        </extensions>
      </trkpt>
      <trkpt lat="45.7178732939064502716064453125" lon="126.59583692438900470733642578125">
        <ele>148.8000030517578125</ele>
        <time>2026-07-31T22:11:51.000Z</time>
        <extensions>
          <ns3:TrackPointExtension>
            <ns3:hr>177</ns3:hr>
            <ns3:cad>86</ns3:cad>
          </ns3:TrackPointExtension>
        </extensions>
      </trkpt>
      <trkpt lat="45.71789332665503025054931640625" lon="126.59580825828015804290771484375">
        <ele>148.8000030517578125</ele>
        <time>2026-07-31T22:11:52.000Z</time>
        <extensions>
          <ns3:TrackPointExtension>
            <ns3:hr>177</ns3:hr>
            <ns3:cad>87</ns3:cad>
          </ns3:TrackPointExtension>
        </extensions>
      </trkpt>
      <trkpt lat="45.7179133594036102294921875" lon="126.59578914754092693328857421875">
        <ele>148.8000030517578125</ele>
        <time>2026-07-31T22:11:53.000Z</time>
        <extensions>
          <ns3:TrackPointExtension>
            <ns3:hr>177</ns3:hr>
            <ns3:cad>88</ns3:cad>
          </ns3:TrackPointExtension>
        </extensions>
      </trkpt>
      <trkpt lat="45.7179346494376659393310546875" lon="126.59577690996229648590087890625">
        <ele>148.8000030517578125</ele>
        <time>2026-07-31T22:11:54.000Z</time>
        <extensions>
          <ns3:TrackPointExtension>
            <ns3:hr>177</ns3:hr>
            <ns3:cad>88</ns3:cad>
          </ns3:TrackPointExtension>
        </extensions>
      </trkpt>
      <trkpt lat="45.7179551012814044952392578125" lon="126.59576685167849063873291015625">
        <ele>148.8000030517578125</ele>
        <time>2026-07-31T22:11:55.000Z</time>
        <extensions>
          <ns3:TrackPointExtension>
            <ns3:hr>178</ns3:hr>
            <ns3:cad>88</ns3:cad>
          </ns3:TrackPointExtension>
        </extensions>
      </trkpt>
      <trkpt lat="45.71797077544033527374267578125" lon="126.5957545302808284759521484375">
        <ele>148.8000030517578125</ele>
        <time>2026-07-31T22:11:56.000Z</time>
        <extensions>
          <ns3:TrackPointExtension>
            <ns3:hr>177</ns3:hr>
            <ns3:cad>88</ns3:cad>
          </ns3:TrackPointExtension>
        </extensions>
      </trkpt>
      <trkpt lat="45.71800044737756252288818359375" lon="126.5957495011389255523681640625">
        <ele>148.8000030517578125</ele>
        <time>2026-07-31T22:11:57.000Z</time>
        <extensions>
          <ns3:TrackPointExtension>
            <ns3:hr>176</ns3:hr>
            <ns3:cad>87</ns3:cad>
          </ns3:TrackPointExtension>
        </extensions>
      </trkpt>
      <trkpt lat="45.7180201448500156402587890625" lon="126.5957357548177242279052734375">
        <ele>148.8000030517578125</ele>
        <time>2026-07-31T22:11:58.000Z</time>
        <extensions>
          <ns3:TrackPointExtension>
            <ns3:hr>176</ns3:hr>
            <ns3:cad>87</ns3:cad>
          </ns3:TrackPointExtension>
        </extensions>
      </trkpt>
      <trkpt lat="45.71805174462497234344482421875" lon="126.59572997130453586578369140625">
        <ele>148.8000030517578125</ele>
        <time>2026-07-31T22:11:59.000Z</time>
        <extensions>
          <ns3:TrackPointExtension>
            <ns3:hr>176</ns3:hr>
            <ns3:cad>87</ns3:cad>
          </ns3:TrackPointExtension>
        </extensions>
      </trkpt>
      <trkpt lat="45.71807571686804294586181640625" lon="126.5957243554294109344482421875">
        <ele>148.8000030517578125</ele>
        <time>2026-07-31T22:12:00.000Z</time>
        <extensions>
          <ns3:TrackPointExtension>
            <ns3:hr>176</ns3:hr>
            <ns3:cad>88</ns3:cad>
          </ns3:TrackPointExtension>
        </extensions>
      </trkpt>
      <trkpt lat="45.71810488589107990264892578125" lon="126.5957231819629669189453125">
        <ele>148.8000030517578125</ele>
        <time>2026-07-31T22:12:01.000Z</time>
        <extensions>
          <ns3:TrackPointExtension>
            <ns3:hr>176</ns3:hr>
            <ns3:cad>88</ns3:cad>
          </ns3:TrackPointExtension>
        </extensions>
      </trkpt>
      <trkpt lat="45.71812751702964305877685546875" lon="126.59571706317365169525146484375">
        <ele>148.8000030517578125</ele>
        <time>2026-07-31T22:12:02.000Z</time>
        <extensions>
          <ns3:TrackPointExtension>
            <ns3:hr>176</ns3:hr>
            <ns3:cad>88</ns3:cad>
          </ns3:TrackPointExtension>
        </extensions>
      </trkpt>
      <trkpt lat="45.7181616313755512237548828125" lon="126.59571178257465362548828125">
        <ele>148.8000030517578125</ele>
        <time>2026-07-31T22:12:03.000Z</time>
        <extensions>
          <ns3:TrackPointExtension>
            <ns3:hr>176</ns3:hr>
            <ns3:cad>87</ns3:cad>
          </ns3:TrackPointExtension>
        </extensions>
      </trkpt>
      <trkpt lat="45.7181874476373195648193359375" lon="126.59571337513625621795654296875">
        <ele>149</ele>
        <time>2026-07-31T22:12:04.000Z</time>
        <extensions>
          <ns3:TrackPointExtension>
            <ns3:hr>176</ns3:hr>
            <ns3:cad>87</ns3:cad>
          </ns3:TrackPointExtension>
        </extensions>
      </trkpt>
      <trkpt lat="45.718212090432643890380859375" lon="126.595708094537258148193359375">
        <ele>148.8000030517578125</ele>
        <time>2026-07-31T22:12:05.000Z</time>
        <extensions>
          <ns3:TrackPointExtension>
            <ns3:hr>176</ns3:hr>
            <ns3:cad>87</ns3:cad>
          </ns3:TrackPointExtension>
        </extensions>
      </trkpt>
      <trkpt lat="45.71823849342763423919677734375" lon="126.5957136265933513641357421875">
        <ele>148.8000030517578125</ele>
        <time>2026-07-31T22:12:06.000Z</time>
        <extensions>
          <ns3:TrackPointExtension>
            <ns3:hr>176</ns3:hr>
            <ns3:cad>87</ns3:cad>
          </ns3:TrackPointExtension>
        </extensions>
      </trkpt>
      <trkpt lat="45.71826397441327571868896484375" lon="126.59570918418467044830322265625">
        <ele>148.8000030517578125</ele>
        <time>2026-07-31T22:12:07.000Z</time>
        <extensions>
          <ns3:TrackPointExtension>
            <ns3:hr>176</ns3:hr>
            <ns3:cad>87</ns3:cad>
          </ns3:TrackPointExtension>
        </extensions>
      </trkpt>
      <trkpt lat="45.71829163469374179840087890625" lon="126.59571178257465362548828125">
        <ele>148.8000030517578125</ele>
        <time>2026-07-31T22:12:08.000Z</time>
        <extensions>
          <ns3:TrackPointExtension>
            <ns3:hr>176</ns3:hr>
            <ns3:cad>87</ns3:cad>
          </ns3:TrackPointExtension>
        </extensions>
      </trkpt>
      <trkpt lat="45.7183135114610195159912109375" lon="126.5957075916230678558349609375">
        <ele>149</ele>
        <time>2026-07-31T22:12:09.000Z</time>
        <extensions>
          <ns3:TrackPointExtension>
            <ns3:hr>176</ns3:hr>
            <ns3:cad>87</ns3:cad>
          </ns3:TrackPointExtension>
        </extensions>
      </trkpt>
      <trkpt lat="45.71834309957921504974365234375" lon="126.5957069210708141326904296875">
        <ele>149</ele>
        <time>2026-07-31T22:12:10.000Z</time>
        <extensions>
          <ns3:TrackPointExtension>
            <ns3:hr>176</ns3:hr>
            <ns3:cad>87</ns3:cad>
          </ns3:TrackPointExtension>
        </extensions>
      </trkpt>
      <trkpt lat="45.7183631323277950286865234375" lon="126.595698036253452301025390625">
        <ele>149</ele>
        <time>2026-07-31T22:12:11.000Z</time>
        <extensions>
          <ns3:TrackPointExtension>
            <ns3:hr>176</ns3:hr>
            <ns3:cad>87</ns3:cad>
          </ns3:TrackPointExtension>
        </extensions>
      </trkpt>
      <trkpt lat="45.71839280426502227783203125" lon="126.5956925041973590850830078125">
        <ele>149</ele>
        <time>2026-07-31T22:12:12.000Z</time>
        <extensions>
          <ns3:TrackPointExtension>
            <ns3:hr>177</ns3:hr>
            <ns3:cad>87</ns3:cad>
          </ns3:TrackPointExtension>
        </extensions>
      </trkpt>
      <trkpt lat="45.71841560304164886474609375" lon="126.59568336792290210723876953125">
        <ele>149</ele>
        <time>2026-07-31T22:12:13.000Z</time>
        <extensions>
          <ns3:TrackPointExtension>
            <ns3:hr>177</ns3:hr>
            <ns3:cad>87</ns3:cad>
          </ns3:TrackPointExtension>
        </extensions>
      </trkpt>
      <trkpt lat="45.71844519115984439849853515625" lon="126.5956683643162250518798828125">
        <ele>149</ele>
        <time>2026-07-31T22:12:14.000Z</time>
        <extensions>
          <ns3:TrackPointExtension>
            <ns3:hr>177</ns3:hr>
            <ns3:cad>87</ns3:cad>
          </ns3:TrackPointExtension>
        </extensions>
      </trkpt>
      <trkpt lat="45.7184677384793758392333984375" lon="126.595655791461467742919921875">
        <ele>149.1999969482421875</ele>
        <time>2026-07-31T22:12:15.000Z</time>
        <extensions>
          <ns3:TrackPointExtension>
            <ns3:hr>178</ns3:hr>
            <ns3:cad>87</ns3:cad>
          </ns3:TrackPointExtension>
        </extensions>
      </trkpt>
      <trkpt lat="45.7184900343418121337890625" lon="126.595641709864139556884765625">
        <ele>149.1999969482421875</ele>
        <time>2026-07-31T22:12:16.000Z</time>
        <extensions>
          <ns3:TrackPointExtension>
            <ns3:hr>178</ns3:hr>
            <ns3:cad>87</ns3:cad>
          </ns3:TrackPointExtension>
        </extensions>
      </trkpt>
      <trkpt lat="45.718517191708087921142578125" lon="126.59562553279101848602294921875">
        <ele>149.1999969482421875</ele>
        <time>2026-07-31T22:12:17.000Z</time>
        <extensions>
          <ns3:TrackPointExtension>
            <ns3:hr>179</ns3:hr>
            <ns3:cad>87</ns3:cad>
          </ns3:TrackPointExtension>
        </extensions>
      </trkpt>
      <trkpt lat="45.71853638626635074615478515625" lon="126.59560960717499256134033203125">
        <ele>149.399993896484375</ele>
        <time>2026-07-31T22:12:18.000Z</time>
        <extensions>
          <ns3:TrackPointExtension>
            <ns3:hr>179</ns3:hr>
            <ns3:cad>87</ns3:cad>
          </ns3:TrackPointExtension>
        </extensions>
      </trkpt>
      <trkpt lat="45.7185649685561656951904296875" lon="126.5955912508070468902587890625">
        <ele>149.399993896484375</ele>
        <time>2026-07-31T22:12:19.000Z</time>
        <extensions>
          <ns3:TrackPointExtension>
            <ns3:hr>179</ns3:hr>
            <ns3:cad>87</ns3:cad>
          </ns3:TrackPointExtension>
        </extensions>
      </trkpt>
      <trkpt lat="45.71858181618154048919677734375" lon="126.59558312036097049713134765625">
        <ele>149.399993896484375</ele>
        <time>2026-07-31T22:12:20.000Z</time>
        <extensions>
          <ns3:TrackPointExtension>
            <ns3:hr>179</ns3:hr>
            <ns3:cad>87</ns3:cad>
          </ns3:TrackPointExtension>
        </extensions>
      </trkpt>
      <trkpt lat="45.71861098520457744598388671875" lon="126.59556685946881771087646484375">
        <ele>149.399993896484375</ele>
        <time>2026-07-31T22:12:21.000Z</time>
        <extensions>
          <ns3:TrackPointExtension>
            <ns3:hr>179</ns3:hr>
            <ns3:cad>87</ns3:cad>
          </ns3:TrackPointExtension>
        </extensions>
      </trkpt>
      <trkpt lat="45.71862942539155483245849609375" lon="126.595559902489185333251953125">
        <ele>149.1999969482421875</ele>
        <time>2026-07-31T22:12:22.000Z</time>
        <extensions>
          <ns3:TrackPointExtension>
            <ns3:hr>179</ns3:hr>
            <ns3:cad>86</ns3:cad>
          </ns3:TrackPointExtension>
        </extensions>
      </trkpt>
      <trkpt lat="45.71865431964397430419921875" lon="126.59556065686047077178955078125">
        <ele>149.1999969482421875</ele>
        <time>2026-07-31T22:12:23.000Z</time>
        <extensions>
          <ns3:TrackPointExtension>
            <ns3:hr>179</ns3:hr>
            <ns3:cad>86</ns3:cad>
          </ns3:TrackPointExtension>
        </extensions>
      </trkpt>
      <trkpt lat="45.71867787279188632965087890625" lon="126.59557390026748180389404296875">
        <ele>149.1999969482421875</ele>
        <time>2026-07-31T22:12:24.000Z</time>
        <extensions>
          <ns3:TrackPointExtension>
            <ns3:hr>180</ns3:hr>
            <ns3:cad>87</ns3:cad>
          </ns3:TrackPointExtension>
        </extensions>
      </trkpt>
      <trkpt lat="45.7187034375965595245361328125" lon="126.59558261744678020477294921875">
        <ele>149.1999969482421875</ele>
        <time>2026-07-31T22:12:25.000Z</time>
        <extensions>
          <ns3:TrackPointExtension>
            <ns3:hr>180</ns3:hr>
            <ns3:cad>87</ns3:cad>
          </ns3:TrackPointExtension>
        </extensions>
      </trkpt>
      <trkpt lat="45.71872430853545665740966796875" lon="126.59558664076030254364013671875">
        <ele>149.1999969482421875</ele>
        <time>2026-07-31T22:12:26.000Z</time>
        <extensions>
          <ns3:TrackPointExtension>
            <ns3:hr>180</ns3:hr>
            <ns3:cad>87</ns3:cad>
          </ns3:TrackPointExtension>
        </extensions>
      </trkpt>
      <trkpt lat="45.71874224580824375152587890625" lon="126.595585383474826812744140625">
        <ele>149.1999969482421875</ele>
        <time>2026-07-31T22:12:27.000Z</time>
        <extensions>
          <ns3:TrackPointExtension>
            <ns3:hr>180</ns3:hr>
            <ns3:cad>89</ns3:cad>
          </ns3:TrackPointExtension>
        </extensions>
      </trkpt>
      <trkpt lat="45.7187664695084095001220703125" lon="126.59558563493192195892333984375">
        <ele>149.1999969482421875</ele>
        <time>2026-07-31T22:12:28.000Z</time>
        <extensions>
          <ns3:TrackPointExtension>
            <ns3:hr>180</ns3:hr>
            <ns3:cad>89</ns3:cad>
          </ns3:TrackPointExtension>
        </extensions>
      </trkpt>
      <trkpt lat="45.7187822274863719940185546875" lon="126.59557021223008632659912109375">
        <ele>149</ele>
        <time>2026-07-31T22:12:29.000Z</time>
        <extensions>
          <ns3:TrackPointExtension>
            <ns3:hr>180</ns3:hr>
            <ns3:cad>88</ns3:cad>
          </ns3:TrackPointExtension>
        </extensions>
      </trkpt>
      <trkpt lat="45.7188080437481403350830078125" lon="126.59557163715362548828125">
        <ele>149</ele>
        <time>2026-07-31T22:12:30.000Z</time>
        <extensions>
          <ns3:TrackPointExtension>
            <ns3:hr>180</ns3:hr>
            <ns3:cad>88</ns3:cad>
          </ns3:TrackPointExtension>
        </extensions>
      </trkpt>
      <trkpt lat="45.71882958523929119110107421875" lon="126.59556551836431026458740234375">
        <ele>148.8000030517578125</ele>
        <time>2026-07-31T22:12:31.000Z</time>
        <extensions>
          <ns3:TrackPointExtension>
            <ns3:hr>180</ns3:hr>
            <ns3:cad>88</ns3:cad>
          </ns3:TrackPointExtension>
        </extensions>
      </trkpt>
      <trkpt lat="45.71886143647134304046630859375" lon="126.595563925802707672119140625">
        <ele>148.8000030517578125</ele>
        <time>2026-07-31T22:12:32.000Z</time>
        <extensions>
          <ns3:TrackPointExtension>
            <ns3:hr>179</ns3:hr>
            <ns3:cad>87</ns3:cad>
          </ns3:TrackPointExtension>
        </extensions>
      </trkpt>
      <trkpt lat="45.7188821397721767425537109375" lon="126.59556032158434391021728515625">
        <ele>148.600006103515625</ele>
        <time>2026-07-31T22:12:33.000Z</time>
        <extensions>
          <ns3:TrackPointExtension>
            <ns3:hr>179</ns3:hr>
            <ns3:cad>87</ns3:cad>
          </ns3:TrackPointExtension>
        </extensions>
      </trkpt>
      <trkpt lat="45.71891441009938716888427734375" lon="126.59555755555629730224609375">
        <ele>148.600006103515625</ele>
        <time>2026-07-31T22:12:34.000Z</time>
        <extensions>
          <ns3:TrackPointExtension>
            <ns3:hr>179</ns3:hr>
            <ns3:cad>88</ns3:cad>
          </ns3:TrackPointExtension>
        </extensions>
      </trkpt>
      <trkpt lat="45.71894357912242412567138671875" lon="126.59555344842374324798583984375">
        <ele>148.600006103515625</ele>
        <time>2026-07-31T22:12:35.000Z</time>
        <extensions>
          <ns3:TrackPointExtension>
            <ns3:hr>178</ns3:hr>
            <ns3:cad>88</ns3:cad>
          </ns3:TrackPointExtension>
        </extensions>
      </trkpt>
      <trkpt lat="45.71896956302225589752197265625" lon="126.595549844205379486083984375">
        <ele>148.399993896484375</ele>
        <time>2026-07-31T22:12:36.000Z</time>
        <extensions>
          <ns3:TrackPointExtension>
            <ns3:hr>178</ns3:hr>
            <ns3:cad>88</ns3:cad>
          </ns3:TrackPointExtension>
        </extensions>
      </trkpt>
      <trkpt lat="45.71900107897818088531494140625" lon="126.5955434739589691162109375">
        <ele>148.399993896484375</ele>
        <time>2026-07-31T22:12:37.000Z</time>
        <extensions>
          <ns3:TrackPointExtension>
            <ns3:hr>177</ns3:hr>
            <ns3:cad>88</ns3:cad>
          </ns3:TrackPointExtension>
        </extensions>
      </trkpt>
      <trkpt lat="45.719022117555141448974609375" lon="126.59552159719169139862060546875">
        <ele>148.399993896484375</ele>
        <time>2026-07-31T22:12:38.000Z</time>
        <extensions>
          <ns3:TrackPointExtension>
            <ns3:hr>177</ns3:hr>
            <ns3:cad>86</ns3:cad>
          </ns3:TrackPointExtension>
        </extensions>
      </trkpt>
      <trkpt lat="45.719049610197544097900390625" lon="126.59550801850855350494384765625">
        <ele>148.1999969482421875</ele>
        <time>2026-07-31T22:12:39.000Z</time>
        <extensions>
          <ns3:TrackPointExtension>
            <ns3:hr>177</ns3:hr>
            <ns3:cad>86</ns3:cad>
          </ns3:TrackPointExtension>
        </extensions>
      </trkpt>
      <trkpt lat="45.71907400153577327728271484375" lon="126.59549678675830364227294921875">
        <ele>148.1999969482421875</ele>
        <time>2026-07-31T22:12:40.000Z</time>
        <extensions>
          <ns3:TrackPointExtension>
            <ns3:hr>177</ns3:hr>
            <ns3:cad>86</ns3:cad>
          </ns3:TrackPointExtension>
        </extensions>
      </trkpt>
      <trkpt lat="45.7191044278442859649658203125" lon="126.59548387862741947174072265625">
        <ele>148.1999969482421875</ele>
        <time>2026-07-31T22:12:41.000Z</time>
        <extensions>
          <ns3:TrackPointExtension>
            <ns3:hr>177</ns3:hr>
            <ns3:cad>87</ns3:cad>
          </ns3:TrackPointExtension>
        </extensions>
      </trkpt>
      <trkpt lat="45.7191208563745021820068359375" lon="126.59546426497399806976318359375">
        <ele>148.1999969482421875</ele>
        <time>2026-07-31T22:12:42.000Z</time>
        <extensions>
          <ns3:TrackPointExtension>
            <ns3:hr>177</ns3:hr>
            <ns3:cad>87</ns3:cad>
          </ns3:TrackPointExtension>
        </extensions>
      </trkpt>
      <trkpt lat="45.71914650499820709228515625" lon="126.595445238053798675537109375">
        <ele>148</ele>
        <time>2026-07-31T22:12:43.000Z</time>
        <extensions>
          <ns3:TrackPointExtension>
            <ns3:hr>177</ns3:hr>
            <ns3:cad>87</ns3:cad>
          </ns3:TrackPointExtension>
        </extensions>
      </trkpt>
      <trkpt lat="45.7191659510135650634765625" lon="126.5954316593706607818603515625">
        <ele>148</ele>
        <time>2026-07-31T22:12:44.000Z</time>
        <extensions>
          <ns3:TrackPointExtension>
            <ns3:hr>177</ns3:hr>
            <ns3:cad>87</ns3:cad>
          </ns3:TrackPointExtension>
        </extensions>
      </trkpt>
      <trkpt lat="45.719195120036602020263671875" lon="126.5954189188778400421142578125">
        <ele>147.8000030517578125</ele>
        <time>2026-07-31T22:12:45.000Z</time>
        <extensions>
          <ns3:TrackPointExtension>
            <ns3:hr>177</ns3:hr>
            <ns3:cad>87</ns3:cad>
          </ns3:TrackPointExtension>
        </extensions>
      </trkpt>
      <trkpt lat="45.71921934373676776885986328125" lon="126.59542051143944263458251953125">
        <ele>147.8000030517578125</ele>
        <time>2026-07-31T22:12:46.000Z</time>
        <extensions>
          <ns3:TrackPointExtension>
            <ns3:hr>177</ns3:hr>
            <ns3:cad>87</ns3:cad>
          </ns3:TrackPointExtension>
        </extensions>
      </trkpt>
      <trkpt lat="45.7192459143698215484619140625" lon="126.59542419947683811187744140625">
        <ele>147.8000030517578125</ele>
        <time>2026-07-31T22:12:47.000Z</time>
        <extensions>
          <ns3:TrackPointExtension>
            <ns3:hr>178</ns3:hr>
            <ns3:cad>87</ns3:cad>
          </ns3:TrackPointExtension>
        </extensions>
      </trkpt>
      <trkpt lat="45.71926544420421123504638671875" lon="126.59543660469353199005126953125">
        <ele>147.600006103515625</ele>
        <time>2026-07-31T22:12:48.000Z</time>
        <extensions>
          <ns3:TrackPointExtension>
            <ns3:hr>178</ns3:hr>
            <ns3:cad>87</ns3:cad>
          </ns3:TrackPointExtension>
        </extensions>
      </trkpt>
      <trkpt lat="45.71928673423826694488525390625" lon="126.5954467467963695526123046875">
        <ele>147.600006103515625</ele>
        <time>2026-07-31T22:12:49.000Z</time>
        <extensions>
          <ns3:TrackPointExtension>
            <ns3:hr>178</ns3:hr>
            <ns3:cad>87</ns3:cad>
          </ns3:TrackPointExtension>
        </extensions>
      </trkpt>
      <trkpt lat="45.71931548416614532470703125" lon="126.59545588307082653045654296875">
        <ele>147.399993896484375</ele>
        <time>2026-07-31T22:12:50.000Z</time>
        <extensions>
          <ns3:TrackPointExtension>
            <ns3:hr>178</ns3:hr>
            <ns3:cad>87</ns3:cad>
          </ns3:TrackPointExtension>
        </extensions>
      </trkpt>
      <trkpt lat="45.71933987550437450408935546875" lon="126.5954561345279216766357421875">
        <ele>147.399993896484375</ele>
        <time>2026-07-31T22:12:51.000Z</time>
        <extensions>
          <ns3:TrackPointExtension>
            <ns3:hr>179</ns3:hr>
            <ns3:cad>87</ns3:cad>
          </ns3:TrackPointExtension>
        </extensions>
      </trkpt>
      <trkpt lat="45.7193699665367603302001953125" lon="126.59544616006314754486083984375">
        <ele>147.399993896484375</ele>
        <time>2026-07-31T22:12:52.000Z</time>
        <extensions>
          <ns3:TrackPointExtension>
            <ns3:hr>179</ns3:hr>
            <ns3:cad>87</ns3:cad>
          </ns3:TrackPointExtension>
        </extensions>
      </trkpt>
      <trkpt lat="45.7193920947611331939697265625" lon="126.59543274901807308197021484375">
        <ele>147.1999969482421875</ele>
        <time>2026-07-31T22:12:53.000Z</time>
        <extensions>
          <ns3:TrackPointExtension>
            <ns3:hr>179</ns3:hr>
            <ns3:cad>88</ns3:cad>
          </ns3:TrackPointExtension>
        </extensions>
      </trkpt>
      <trkpt lat="45.71941916830837726593017578125" lon="126.595417745411396026611328125">
        <ele>147.1999969482421875</ele>
        <time>2026-07-31T22:12:54.000Z</time>
        <extensions>
          <ns3:TrackPointExtension>
            <ns3:hr>179</ns3:hr>
            <ns3:cad>87</ns3:cad>
          </ns3:TrackPointExtension>
        </extensions>
      </trkpt>
      <trkpt lat="45.71944263763725757598876953125" lon="126.5954068489372730255126953125">
        <ele>147</ele>
        <time>2026-07-31T22:12:55.000Z</time>
        <extensions>
          <ns3:TrackPointExtension>
            <ns3:hr>180</ns3:hr>
            <ns3:cad>87</ns3:cad>
          </ns3:TrackPointExtension>
        </extensions>
      </trkpt>
      <trkpt lat="45.719469375908374786376953125" lon="126.59538966603577136993408203125">
        <ele>146.8000030517578125</ele>
        <time>2026-07-31T22:12:56.000Z</time>
        <extensions>
          <ns3:TrackPointExtension>
            <ns3:hr>180</ns3:hr>
            <ns3:cad>87</ns3:cad>
          </ns3:TrackPointExtension>
        </extensions>
      </trkpt>
      <trkpt lat="45.71949192322790622711181640625" lon="126.5953776799142360687255859375">
        <ele>146.600006103515625</ele>
        <time>2026-07-31T22:12:57.000Z</time>
        <extensions>
          <ns3:TrackPointExtension>
            <ns3:hr>180</ns3:hr>
            <ns3:cad>87</ns3:cad>
          </ns3:TrackPointExtension>
        </extensions>
      </trkpt>
      <trkpt lat="45.7195146381855010986328125" lon="126.59536217339336872100830078125">
        <ele>146.399993896484375</ele>
        <time>2026-07-31T22:12:58.000Z</time>
        <extensions>
          <ns3:TrackPointExtension>
            <ns3:hr>179</ns3:hr>
            <ns3:cad>87</ns3:cad>
          </ns3:TrackPointExtension>
        </extensions>
      </trkpt>
      <trkpt lat="45.71954422630369663238525390625" lon="126.59534633159637451171875">
        <ele>146.1999969482421875</ele>
        <time>2026-07-31T22:12:59.000Z</time>
        <extensions>
          <ns3:TrackPointExtension>
            <ns3:hr>179</ns3:hr>
            <ns3:cad>87</ns3:cad>
          </ns3:TrackPointExtension>
        </extensions>
      </trkpt>
      <trkpt lat="45.71956601925194263458251953125" lon="126.59533283673226833343505859375">
        <ele>146</ele>
        <time>2026-07-31T22:13:00.000Z</time>
        <extensions>
          <ns3:TrackPointExtension>
            <ns3:hr>179</ns3:hr>
            <ns3:cad>87</ns3:cad>
          </ns3:TrackPointExtension>
        </extensions>
      </trkpt>
      <trkpt lat="45.71960004977881908416748046875" lon="126.5953233651816844940185546875">
        <ele>145.8000030517578125</ele>
        <time>2026-07-31T22:13:01.000Z</time>
        <extensions>
          <ns3:TrackPointExtension>
            <ns3:hr>180</ns3:hr>
            <ns3:cad>87</ns3:cad>
          </ns3:TrackPointExtension>
        </extensions>
      </trkpt>
      <trkpt lat="45.7196204178035259246826171875" lon="126.5953176654875278472900390625">
        <ele>145.600006103515625</ele>
        <time>2026-07-31T22:13:02.000Z</time>
        <extensions>
          <ns3:TrackPointExtension>
            <ns3:hr>179</ns3:hr>
            <ns3:cad>86</ns3:cad>
          </ns3:TrackPointExtension>
        </extensions>
      </trkpt>
      <trkpt lat="45.719650425016880035400390625" lon="126.59531422890722751617431640625">
        <ele>145.600006103515625</ele>
        <time>2026-07-31T22:13:03.000Z</time>
        <extensions>
          <ns3:TrackPointExtension>
            <ns3:hr>179</ns3:hr>
            <ns3:cad>85</ns3:cad>
          </ns3:TrackPointExtension>
        </extensions>
      </trkpt>
      <trkpt lat="45.71967330761253833770751953125" lon="126.59531892277300357818603515625">
        <ele>145.600006103515625</ele>
        <time>2026-07-31T22:13:04.000Z</time>
        <extensions>
          <ns3:TrackPointExtension>
            <ns3:hr>180</ns3:hr>
            <ns3:cad>85</ns3:cad>
          </ns3:TrackPointExtension>
        </extensions>
      </trkpt>
      <trkpt lat="45.719698034226894378662109375" lon="126.595318503677845001220703125">
        <ele>145.399993896484375</ele>
        <time>2026-07-31T22:13:05.000Z</time>
        <extensions>
          <ns3:TrackPointExtension>
            <ns3:hr>179</ns3:hr>
            <ns3:cad>86</ns3:cad>
          </ns3:TrackPointExtension>
        </extensions>
      </trkpt>
      <trkpt lat="45.71972678415477275848388671875" lon="126.59532261081039905548095703125">
        <ele>145.399993896484375</ele>
        <time>2026-07-31T22:13:06.000Z</time>
        <extensions>
          <ns3:TrackPointExtension>
            <ns3:hr>179</ns3:hr>
            <ns3:cad>86</ns3:cad>
          </ns3:TrackPointExtension>
        </extensions>
      </trkpt>
      <trkpt lat="45.71974891237914562225341796875" lon="126.595321856439113616943359375">
        <ele>145.600006103515625</ele>
        <time>2026-07-31T22:13:07.000Z</time>
        <extensions>
          <ns3:TrackPointExtension>
            <ns3:hr>179</ns3:hr>
            <ns3:cad>86</ns3:cad>
          </ns3:TrackPointExtension>
        </extensions>
      </trkpt>
      <trkpt lat="45.71977808140218257904052734375" lon="126.59532831050455570220947265625">
        <ele>145.600006103515625</ele>
        <time>2026-07-31T22:13:08.000Z</time>
        <extensions>
          <ns3:TrackPointExtension>
            <ns3:hr>179</ns3:hr>
            <ns3:cad>86</ns3:cad>
          </ns3:TrackPointExtension>
        </extensions>
      </trkpt>
      <trkpt lat="45.719799958169460296630859375" lon="126.5953337587416172027587890625">
        <ele>145.600006103515625</ele>
        <time>2026-07-31T22:13:09.000Z</time>
        <extensions>
          <ns3:TrackPointExtension>
            <ns3:hr>179</ns3:hr>
            <ns3:cad>85</ns3:cad>
          </ns3:TrackPointExtension>
        </extensions>
      </trkpt>
      <trkpt lat="45.71983139030635356903076171875" lon="126.5953369438648223876953125">
        <ele>145.600006103515625</ele>
        <time>2026-07-31T22:13:10.000Z</time>
        <extensions>
          <ns3:TrackPointExtension>
            <ns3:hr>179</ns3:hr>
            <ns3:cad>85</ns3:cad>
          </ns3:TrackPointExtension>
        </extensions>
      </trkpt>
      <trkpt lat="45.71985502727329730987548828125" lon="126.595341302454471588134765625">
        <ele>145.399993896484375</ele>
        <time>2026-07-31T22:13:11.000Z</time>
        <extensions>
          <ns3:TrackPointExtension>
            <ns3:hr>179</ns3:hr>
            <ns3:cad>86</ns3:cad>
          </ns3:TrackPointExtension>
        </extensions>
      </trkpt>
      <trkpt lat="45.7198826037347316741943359375" lon="126.5953444875776767730712890625">
        <ele>145.399993896484375</ele>
        <time>2026-07-31T22:13:12.000Z</time>
        <extensions>
          <ns3:TrackPointExtension>
            <ns3:hr>179</ns3:hr>
            <ns3:cad>87</ns3:cad>
          </ns3:TrackPointExtension>
        </extensions>
      </trkpt>
      <trkpt lat="45.71990716271102428436279296875" lon="126.59535077400505542755126953125">
        <ele>145.399993896484375</ele>
        <time>2026-07-31T22:13:13.000Z</time>
        <extensions>
          <ns3:TrackPointExtension>
            <ns3:hr>178</ns3:hr>
            <ns3:cad>87</ns3:cad>
          </ns3:TrackPointExtension>
        </extensions>
      </trkpt>
      <trkpt lat="45.7199315540492534637451171875" lon="126.59534691832959651947021484375">
        <ele>145.399993896484375</ele>
        <time>2026-07-31T22:13:14.000Z</time>
        <extensions>
          <ns3:TrackPointExtension>
            <ns3:hr>178</ns3:hr>
            <ns3:cad>87</ns3:cad>
          </ns3:TrackPointExtension>
        </extensions>
      </trkpt>
      <trkpt lat="45.7199603877961635589599609375" lon="126.595348678529262542724609375">
        <ele>145.399993896484375</ele>
        <time>2026-07-31T22:13:15.000Z</time>
        <extensions>
          <ns3:TrackPointExtension>
            <ns3:hr>178</ns3:hr>
            <ns3:cad>87</ns3:cad>
          </ns3:TrackPointExtension>
        </extensions>
      </trkpt>
      <trkpt lat="45.7199835218489170074462890625" lon="126.59534406848251819610595703125">
        <ele>145.600006103515625</ele>
        <time>2026-07-31T22:13:16.000Z</time>
        <extensions>
          <ns3:TrackPointExtension>
            <ns3:hr>178</ns3:hr>
            <ns3:cad>87</ns3:cad>
          </ns3:TrackPointExtension>
        </extensions>
      </trkpt>
      <trkpt lat="45.72001394815742969512939453125" lon="126.59534976817667484283447265625">
        <ele>145.600006103515625</ele>
        <time>2026-07-31T22:13:17.000Z</time>
        <extensions>
          <ns3:TrackPointExtension>
            <ns3:hr>179</ns3:hr>
            <ns3:cad>87</ns3:cad>
          </ns3:TrackPointExtension>
        </extensions>
      </trkpt>
      <trkpt lat="45.72003305889666080474853515625" lon="126.59535412676632404327392578125">
        <ele>145.399993896484375</ele>
        <time>2026-07-31T22:13:18.000Z</time>
        <extensions>
          <ns3:TrackPointExtension>
            <ns3:hr>178</ns3:hr>
            <ns3:cad>87</ns3:cad>
          </ns3:TrackPointExtension>
        </extensions>
      </trkpt>
      <trkpt lat="45.7200626470148563385009765625" lon="126.59536569379270076751708984375">
        <ele>145.399993896484375</ele>
        <time>2026-07-31T22:13:19.000Z</time>
        <extensions>
          <ns3:TrackPointExtension>
            <ns3:hr>178</ns3:hr>
            <ns3:cad>87</ns3:cad>
          </ns3:TrackPointExtension>
        </extensions>
      </trkpt>
      <trkpt lat="45.7200830988585948944091796875" lon="126.5953753329813480377197265625">
        <ele>145.399993896484375</ele>
        <time>2026-07-31T22:13:20.000Z</time>
        <extensions>
          <ns3:TrackPointExtension>
            <ns3:hr>179</ns3:hr>
            <ns3:cad>87</ns3:cad>
          </ns3:TrackPointExtension>
        </extensions>
      </trkpt>
      <trkpt lat="45.72011101059615612030029296875" lon="126.59538187086582183837890625">
        <ele>145.399993896484375</ele>
        <time>2026-07-31T22:13:21.000Z</time>
        <extensions>
          <ns3:TrackPointExtension>
            <ns3:hr>179</ns3:hr>
            <ns3:cad>87</ns3:cad>
          </ns3:TrackPointExtension>
        </extensions>
      </trkpt>
      <trkpt lat="45.72013556957244873046875" lon="126.595385558903217315673828125">
        <ele>145.600006103515625</ele>
        <time>2026-07-31T22:13:22.000Z</time>
        <extensions>
          <ns3:TrackPointExtension>
            <ns3:hr>179</ns3:hr>
            <ns3:cad>87</ns3:cad>
          </ns3:TrackPointExtension>
        </extensions>
      </trkpt>
      <trkpt lat="45.7201602123677730560302734375" lon="126.5953910909593105316162109375">
        <ele>145.600006103515625</ele>
        <time>2026-07-31T22:13:23.000Z</time>
        <extensions>
          <ns3:TrackPointExtension>
            <ns3:hr>179</ns3:hr>
            <ns3:cad>87</ns3:cad>
          </ns3:TrackPointExtension>
        </extensions>
      </trkpt>
      <trkpt lat="45.7201853580772876739501953125" lon="126.59539486281573772430419921875">
        <ele>145.600006103515625</ele>
        <time>2026-07-31T22:13:24.000Z</time>
        <extensions>
          <ns3:TrackPointExtension>
            <ns3:hr>178</ns3:hr>
            <ns3:cad>87</ns3:cad>
          </ns3:TrackPointExtension>
        </extensions>
      </trkpt>
      <trkpt lat="45.7202141918241977691650390625" lon="126.59539955668151378631591796875">
        <ele>145.600006103515625</ele>
        <time>2026-07-31T22:13:25.000Z</time>
        <extensions>
          <ns3:TrackPointExtension>
            <ns3:hr>178</ns3:hr>
            <ns3:cad>88</ns3:cad>
          </ns3:TrackPointExtension>
        </extensions>
      </trkpt>
      <trkpt lat="45.7202453725039958953857421875" lon="126.59540777094662189483642578125">
        <ele>145.600006103515625</ele>
        <time>2026-07-31T22:13:26.000Z</time>
        <extensions>
          <ns3:TrackPointExtension>
            <ns3:hr>178</ns3:hr>
            <ns3:cad>88</ns3:cad>
          </ns3:TrackPointExtension>
        </extensions>
      </trkpt>
      <trkpt lat="45.72027244605123996734619140625" lon="126.59541045315563678741455078125">
        <ele>145.399993896484375</ele>
        <time>2026-07-31T22:13:27.000Z</time>
        <extensions>
          <ns3:TrackPointExtension>
            <ns3:hr>179</ns3:hr>
            <ns3:cad>88</ns3:cad>
          </ns3:TrackPointExtension>
        </extensions>
      </trkpt>
      <trkpt lat="45.720299519598484039306640625" lon="126.59541749395430088043212890625">
        <ele>145.1999969482421875</ele>
        <time>2026-07-31T22:13:28.000Z</time>
        <extensions>
          <ns3:TrackPointExtension>
            <ns3:hr>178</ns3:hr>
            <ns3:cad>88</ns3:cad>
          </ns3:TrackPointExtension>
        </extensions>
      </trkpt>
      <trkpt lat="45.72032642550766468048095703125" lon="126.595420427620410919189453125">
        <ele>145.1999969482421875</ele>
        <time>2026-07-31T22:13:29.000Z</time>
        <extensions>
          <ns3:TrackPointExtension>
            <ns3:hr>178</ns3:hr>
            <ns3:cad>88</ns3:cad>
          </ns3:TrackPointExtension>
        </extensions>
      </trkpt>
      <trkpt lat="45.72035676799714565277099609375" lon="126.595425792038440704345703125">
        <ele>145</ele>
        <time>2026-07-31T22:13:30.000Z</time>
        <extensions>
          <ns3:TrackPointExtension>
            <ns3:hr>178</ns3:hr>
            <ns3:cad>88</ns3:cad>
          </ns3:TrackPointExtension>
        </extensions>
      </trkpt>
      <trkpt lat="45.72038023732602596282958984375" lon="126.59542352892458438873291015625">
        <ele>145</ele>
        <time>2026-07-31T22:13:31.000Z</time>
        <extensions>
          <ns3:TrackPointExtension>
            <ns3:hr>178</ns3:hr>
            <ns3:cad>88</ns3:cad>
          </ns3:TrackPointExtension>
        </extensions>
      </trkpt>
      <trkpt lat="45.72040689177811145782470703125" lon="126.59543023444712162017822265625">
        <ele>145</ele>
        <time>2026-07-31T22:13:32.000Z</time>
        <extensions>
          <ns3:TrackPointExtension>
            <ns3:hr>179</ns3:hr>
            <ns3:cad>88</ns3:cad>
          </ns3:TrackPointExtension>
        </extensions>
      </trkpt>
      <trkpt lat="45.72043270803987979888916015625" lon="126.59543576650321483612060546875">
        <ele>145</ele>
        <time>2026-07-31T22:13:33.000Z</time>
        <extensions>
          <ns3:TrackPointExtension>
            <ns3:hr>178</ns3:hr>
            <ns3:cad>87</ns3:cad>
          </ns3:TrackPointExtension>
        </extensions>
      </trkpt>
      <trkpt lat="45.72046455927193164825439453125" lon="126.5954380296170711517333984375">
        <ele>145</ele>
        <time>2026-07-31T22:13:34.000Z</time>
        <extensions>
          <ns3:TrackPointExtension>
            <ns3:hr>178</ns3:hr>
            <ns3:cad>87</ns3:cad>
          </ns3:TrackPointExtension>
        </extensions>
      </trkpt>
      <trkpt lat="45.72049163281917572021484375" lon="126.59544297493994235992431640625">
        <ele>145</ele>
        <time>2026-07-31T22:13:35.000Z</time>
        <extensions>
          <ns3:TrackPointExtension>
            <ns3:hr>178</ns3:hr>
            <ns3:cad>87</ns3:cad>
          </ns3:TrackPointExtension>
        </extensions>
      </trkpt>
      <trkpt lat="45.72051711380481719970703125" lon="126.5954500995576381683349609375">
        <ele>145.1999969482421875</ele>
        <time>2026-07-31T22:13:36.000Z</time>
        <extensions>
          <ns3:TrackPointExtension>
            <ns3:hr>178</ns3:hr>
            <ns3:cad>87</ns3:cad>
          </ns3:TrackPointExtension>
        </extensions>
      </trkpt>
      <trkpt lat="45.72054234333336353302001953125" lon="126.5954557992517948150634765625">
        <ele>145.1999969482421875</ele>
        <time>2026-07-31T22:13:37.000Z</time>
        <extensions>
          <ns3:TrackPointExtension>
            <ns3:hr>178</ns3:hr>
            <ns3:cad>87</ns3:cad>
          </ns3:TrackPointExtension>
        </extensions>
      </trkpt>
      <trkpt lat="45.72056413628160953521728515625" lon="126.5954614989459514617919921875">
        <ele>145</ele>
        <time>2026-07-31T22:13:38.000Z</time>
        <extensions>
          <ns3:TrackPointExtension>
            <ns3:hr>178</ns3:hr>
            <ns3:cad>87</ns3:cad>
          </ns3:TrackPointExtension>
        </extensions>
      </trkpt>
      <trkpt lat="45.72058944962918758392333984375" lon="126.5954705514013767242431640625">
        <ele>145</ele>
        <time>2026-07-31T22:13:39.000Z</time>
        <extensions>
          <ns3:TrackPointExtension>
            <ns3:hr>178</ns3:hr>
            <ns3:cad>87</ns3:cad>
          </ns3:TrackPointExtension>
        </extensions>
      </trkpt>
      <trkpt lat="45.72061157785356044769287109375" lon="126.59547717310488224029541015625">
        <ele>145</ele>
        <time>2026-07-31T22:13:40.000Z</time>
        <extensions>
          <ns3:TrackPointExtension>
            <ns3:hr>178</ns3:hr>
            <ns3:cad>87</ns3:cad>
          </ns3:TrackPointExtension>
        </extensions>
      </trkpt>
      <trkpt lat="45.72063513100147247314453125" lon="126.5954826213419437408447265625">
        <ele>144.8000030517578125</ele>
        <time>2026-07-31T22:13:41.000Z</time>
        <extensions>
          <ns3:TrackPointExtension>
            <ns3:hr>178</ns3:hr>
            <ns3:cad>87</ns3:cad>
          </ns3:TrackPointExtension>
        </extensions>
      </trkpt>
      <trkpt lat="45.7206587679684162139892578125" lon="126.59547952003777027130126953125">
        <ele>144.8000030517578125</ele>
        <time>2026-07-31T22:13:42.000Z</time>
        <extensions>
          <ns3:TrackPointExtension>
            <ns3:hr>178</ns3:hr>
            <ns3:cad>87</ns3:cad>
          </ns3:TrackPointExtension>
        </extensions>
      </trkpt>
      <trkpt lat="45.72068743407726287841796875" lon="126.59548890776932239532470703125">
        <ele>144.8000030517578125</ele>
        <time>2026-07-31T22:13:43.000Z</time>
        <extensions>
          <ns3:TrackPointExtension>
            <ns3:hr>178</ns3:hr>
            <ns3:cad>87</ns3:cad>
          </ns3:TrackPointExtension>
        </extensions>
      </trkpt>
      <trkpt lat="45.7207097299396991729736328125" lon="126.5954936854541301727294921875">
        <ele>144.8000030517578125</ele>
        <time>2026-07-31T22:13:44.000Z</time>
        <extensions>
          <ns3:TrackPointExtension>
            <ns3:hr>178</ns3:hr>
            <ns3:cad>87</ns3:cad>
          </ns3:TrackPointExtension>
        </extensions>
      </trkpt>
      <trkpt lat="45.72073462419211864471435546875" lon="126.5954913385212421417236328125">
        <ele>145</ele>
        <time>2026-07-31T22:13:45.000Z</time>
        <extensions>
          <ns3:TrackPointExtension>
            <ns3:hr>178</ns3:hr>
            <ns3:cad>87</ns3:cad>
          </ns3:TrackPointExtension>
        </extensions>
      </trkpt>
      <trkpt lat="45.7207556627690792083740234375" lon="126.59549762494862079620361328125">
        <ele>145</ele>
        <time>2026-07-31T22:13:46.000Z</time>
        <extensions>
          <ns3:TrackPointExtension>
            <ns3:hr>178</ns3:hr>
            <ns3:cad>87</ns3:cad>
          </ns3:TrackPointExtension>
        </extensions>
      </trkpt>
      <trkpt lat="45.7207747735083103179931640625" lon="126.59550265409052371978759765625">
        <ele>145</ele>
        <time>2026-07-31T22:13:47.000Z</time>
        <extensions>
          <ns3:TrackPointExtension>
            <ns3:hr>178</ns3:hr>
            <ns3:cad>87</ns3:cad>
          </ns3:TrackPointExtension>
        </extensions>
      </trkpt>
      <trkpt lat="45.72079597972333431243896484375" lon="126.59551757387816905975341796875">
        <ele>145</ele>
        <time>2026-07-31T22:13:48.000Z</time>
        <extensions>
          <ns3:TrackPointExtension>
            <ns3:hr>179</ns3:hr>
            <ns3:cad>87</ns3:cad>
          </ns3:TrackPointExtension>
        </extensions>
      </trkpt>
      <trkpt lat="45.7208181917667388916015625" lon="126.5955282188951969146728515625">
        <ele>145</ele>
        <time>2026-07-31T22:13:49.000Z</time>
        <extensions>
          <ns3:TrackPointExtension>
            <ns3:hr>178</ns3:hr>
            <ns3:cad>87</ns3:cad>
          </ns3:TrackPointExtension>
        </extensions>
      </trkpt>
      <trkpt lat="45.720846019685268402099609375" lon="126.59554280340671539306640625">
        <ele>145</ele>
        <time>2026-07-31T22:13:50.000Z</time>
        <extensions>
          <ns3:TrackPointExtension>
            <ns3:hr>178</ns3:hr>
            <ns3:cad>87</ns3:cad>
          </ns3:TrackPointExtension>
        </extensions>
      </trkpt>
      <trkpt lat="45.72086705826222896575927734375" lon="126.59554607234895229339599609375">
        <ele>145</ele>
        <time>2026-07-31T22:13:51.000Z</time>
        <extensions>
          <ns3:TrackPointExtension>
            <ns3:hr>179</ns3:hr>
            <ns3:cad>87</ns3:cad>
          </ns3:TrackPointExtension>
        </extensions>
      </trkpt>
      <trkpt lat="45.72089857421815395355224609375" lon="126.59555889666080474853515625">
        <ele>145</ele>
        <time>2026-07-31T22:13:52.000Z</time>
        <extensions>
          <ns3:TrackPointExtension>
            <ns3:hr>179</ns3:hr>
            <ns3:cad>87</ns3:cad>
          </ns3:TrackPointExtension>
        </extensions>
      </trkpt>
      <trkpt lat="45.72092070244252681732177734375" lon="126.59556115977466106414794921875">
        <ele>145</ele>
        <time>2026-07-31T22:13:53.000Z</time>
        <extensions>
          <ns3:TrackPointExtension>
            <ns3:hr>179</ns3:hr>
            <ns3:cad>87</ns3:cad>
          </ns3:TrackPointExtension>
        </extensions>
      </trkpt>
      <trkpt lat="45.72095104493200778961181640625" lon="126.5955711342394351959228515625">
        <ele>144.8000030517578125</ele>
        <time>2026-07-31T22:13:54.000Z</time>
        <extensions>
          <ns3:TrackPointExtension>
            <ns3:hr>179</ns3:hr>
            <ns3:cad>87</ns3:cad>
          </ns3:TrackPointExtension>
        </extensions>
      </trkpt>
      <trkpt lat="45.720970742404460906982421875" lon="126.5955764986574649810791015625">
        <ele>144.8000030517578125</ele>
        <time>2026-07-31T22:13:55.000Z</time>
        <extensions>
          <ns3:TrackPointExtension>
            <ns3:hr>178</ns3:hr>
            <ns3:cad>87</ns3:cad>
          </ns3:TrackPointExtension>
        </extensions>
      </trkpt>
      <trkpt lat="45.72099949233233928680419921875" lon="126.59558479674160480499267578125">
        <ele>144.8000030517578125</ele>
        <time>2026-07-31T22:13:56.000Z</time>
        <extensions>
          <ns3:TrackPointExtension>
            <ns3:hr>179</ns3:hr>
            <ns3:cad>87</ns3:cad>
          </ns3:TrackPointExtension>
        </extensions>
      </trkpt>
      <trkpt lat="45.72102530859410762786865234375" lon="126.59559602849185466766357421875">
        <ele>144.8000030517578125</ele>
        <time>2026-07-31T22:13:57.000Z</time>
        <extensions>
          <ns3:TrackPointExtension>
            <ns3:hr>179</ns3:hr>
            <ns3:cad>87</ns3:cad>
          </ns3:TrackPointExtension>
        </extensions>
      </trkpt>
      <trkpt lat="45.7210486941039562225341796875" lon="126.5956006385385990142822265625">
        <ele>145</ele>
        <time>2026-07-31T22:13:58.000Z</time>
        <extensions>
          <ns3:TrackPointExtension>
            <ns3:hr>179</ns3:hr>
            <ns3:cad>87</ns3:cad>
          </ns3:TrackPointExtension>
        </extensions>
      </trkpt>
      <trkpt lat="45.72107694111764430999755859375" lon="126.59561329521238803863525390625">
        <ele>145</ele>
        <time>2026-07-31T22:13:59.000Z</time>
        <extensions>
          <ns3:TrackPointExtension>
            <ns3:hr>178</ns3:hr>
            <ns3:cad>87</ns3:cad>
          </ns3:TrackPointExtension>
        </extensions>
      </trkpt>
      <trkpt lat="45.7211020030081272125244140625" lon="126.59561949782073497772216796875">
        <ele>145</ele>
        <time>2026-07-31T22:14:00.000Z</time>
        <extensions>
          <ns3:TrackPointExtension>
            <ns3:hr>179</ns3:hr>
            <ns3:cad>87</ns3:cad>
          </ns3:TrackPointExtension>
        </extensions>
      </trkpt>
      <trkpt lat="45.7211293280124664306640625" lon="126.5956361778080463409423828125">
        <ele>145.1999969482421875</ele>
        <time>2026-07-31T22:14:01.000Z</time>
        <extensions>
          <ns3:TrackPointExtension>
            <ns3:hr>179</ns3:hr>
            <ns3:cad>87</ns3:cad>
          </ns3:TrackPointExtension>
        </extensions>
      </trkpt>
      <trkpt lat="45.721151120960712432861328125" lon="126.595639027655124664306640625">
        <ele>145.1999969482421875</ele>
        <time>2026-07-31T22:14:02.000Z</time>
        <extensions>
          <ns3:TrackPointExtension>
            <ns3:hr>179</ns3:hr>
            <ns3:cad>87</ns3:cad>
          </ns3:TrackPointExtension>
        </extensions>
      </trkpt>
      <trkpt lat="45.7211794517934322357177734375" lon="126.5956522710621356964111328125">
        <ele>145.1999969482421875</ele>
        <time>2026-07-31T22:14:03.000Z</time>
        <extensions>
          <ns3:TrackPointExtension>
            <ns3:hr>178</ns3:hr>
            <ns3:cad>88</ns3:cad>
          </ns3:TrackPointExtension>
        </extensions>
      </trkpt>
      <trkpt lat="45.7211985625326633453369140625" lon="126.595660485327243804931640625">
        <ele>145.1999969482421875</ele>
        <time>2026-07-31T22:14:04.000Z</time>
        <extensions>
          <ns3:TrackPointExtension>
            <ns3:hr>179</ns3:hr>
            <ns3:cad>88</ns3:cad>
          </ns3:TrackPointExtension>
        </extensions>
      </trkpt>
      <trkpt lat="45.721224211156368255615234375" lon="126.59568068571388721466064453125">
        <ele>145.1999969482421875</ele>
        <time>2026-07-31T22:14:05.000Z</time>
        <extensions>
          <ns3:TrackPointExtension>
            <ns3:hr>179</ns3:hr>
            <ns3:cad>88</ns3:cad>
          </ns3:TrackPointExtension>
        </extensions>
      </trkpt>
      <trkpt lat="45.72124533355236053466796875" lon="126.59569024108350276947021484375">
        <ele>145.1999969482421875</ele>
        <time>2026-07-31T22:14:06.000Z</time>
        <extensions>
          <ns3:TrackPointExtension>
            <ns3:hr>179</ns3:hr>
            <ns3:cad>88</ns3:cad>
          </ns3:TrackPointExtension>
        </extensions>
      </trkpt>
      <trkpt lat="45.72127106599509716033935546875" lon="126.5957052446901798248291015625">
        <ele>145</ele>
        <time>2026-07-31T22:14:07.000Z</time>
        <extensions>
          <ns3:TrackPointExtension>
            <ns3:hr>179</ns3:hr>
            <ns3:cad>87</ns3:cad>
          </ns3:TrackPointExtension>
        </extensions>
      </trkpt>
      <trkpt lat="45.7212934456765651702880859375" lon="126.5957199968397617340087890625">
        <ele>145</ele>
        <time>2026-07-31T22:14:08.000Z</time>
        <extensions>
          <ns3:TrackPointExtension>
            <ns3:hr>178</ns3:hr>
            <ns3:cad>87</ns3:cad>
          </ns3:TrackPointExtension>
        </extensions>
      </trkpt>
      <trkpt lat="45.721319429576396942138671875" lon="126.595735251903533935546875">
        <ele>144.8000030517578125</ele>
        <time>2026-07-31T22:14:09.000Z</time>
        <extensions>
          <ns3:TrackPointExtension>
            <ns3:hr>179</ns3:hr>
            <ns3:cad>87</ns3:cad>
          </ns3:TrackPointExtension>
        </extensions>
      </trkpt>
      <trkpt lat="45.721345581114292144775390625" lon="126.59574941731989383697509765625">
        <ele>144.8000030517578125</ele>
        <time>2026-07-31T22:14:10.000Z</time>
        <extensions>
          <ns3:TrackPointExtension>
            <ns3:hr>179</ns3:hr>
            <ns3:cad>87</ns3:cad>
          </ns3:TrackPointExtension>
        </extensions>
      </trkpt>
      <trkpt lat="45.7213729061186313629150390625" lon="126.5957580506801605224609375">
        <ele>144.8000030517578125</ele>
        <time>2026-07-31T22:14:11.000Z</time>
        <extensions>
          <ns3:TrackPointExtension>
            <ns3:hr>179</ns3:hr>
            <ns3:cad>87</ns3:cad>
          </ns3:TrackPointExtension>
        </extensions>
      </trkpt>
      <trkpt lat="45.7214055955410003662109375" lon="126.59577271901071071624755859375">
        <ele>144.8000030517578125</ele>
        <time>2026-07-31T22:14:12.000Z</time>
        <extensions>
          <ns3:TrackPointExtension>
            <ns3:hr>179</ns3:hr>
            <ns3:cad>87</ns3:cad>
          </ns3:TrackPointExtension>
        </extensions>
      </trkpt>
      <trkpt lat="45.721429400146007537841796875" lon="126.59577422775328159332275390625">
        <ele>144.600006103515625</ele>
        <time>2026-07-31T22:14:13.000Z</time>
        <extensions>
          <ns3:TrackPointExtension>
            <ns3:hr>179</ns3:hr>
            <ns3:cad>87</ns3:cad>
          </ns3:TrackPointExtension>
        </extensions>
      </trkpt>
      <trkpt lat="45.7214619219303131103515625" lon="126.595785878598690032958984375">
        <ele>144.600006103515625</ele>
        <time>2026-07-31T22:14:14.000Z</time>
        <extensions>
          <ns3:TrackPointExtension>
            <ns3:hr>179</ns3:hr>
            <ns3:cad>87</ns3:cad>
          </ns3:TrackPointExtension>
        </extensions>
      </trkpt>
      <trkpt lat="45.72148681618273258209228515625" lon="126.59579048864543437957763671875">
        <ele>144.600006103515625</ele>
        <time>2026-07-31T22:14:15.000Z</time>
        <extensions>
          <ns3:TrackPointExtension>
            <ns3:hr>180</ns3:hr>
            <ns3:cad>87</ns3:cad>
          </ns3:TrackPointExtension>
        </extensions>
      </trkpt>
      <trkpt lat="45.7215170748531818389892578125" lon="126.59580289386212825775146484375">
        <ele>144.600006103515625</ele>
        <time>2026-07-31T22:14:16.000Z</time>
        <extensions>
          <ns3:TrackPointExtension>
            <ns3:hr>179</ns3:hr>
            <ns3:cad>87</ns3:cad>
          </ns3:TrackPointExtension>
        </extensions>
      </trkpt>
      <trkpt lat="45.72153945453464984893798828125" lon="126.59580674953758716583251953125">
        <ele>144.8000030517578125</ele>
        <time>2026-07-31T22:14:17.000Z</time>
        <extensions>
          <ns3:TrackPointExtension>
            <ns3:hr>179</ns3:hr>
            <ns3:cad>87</ns3:cad>
          </ns3:TrackPointExtension>
        </extensions>
      </trkpt>
      <trkpt lat="45.7215718924999237060546875" lon="126.595815382897853851318359375">
        <ele>144.600006103515625</ele>
        <time>2026-07-31T22:14:18.000Z</time>
        <extensions>
          <ns3:TrackPointExtension>
            <ns3:hr>179</ns3:hr>
            <ns3:cad>87</ns3:cad>
          </ns3:TrackPointExtension>
        </extensions>
      </trkpt>
      <trkpt lat="45.72159695439040660858154296875" lon="126.59582083113491535186767578125">
        <ele>144.600006103515625</ele>
        <time>2026-07-31T22:14:19.000Z</time>
        <extensions>
          <ns3:TrackPointExtension>
            <ns3:hr>179</ns3:hr>
            <ns3:cad>87</ns3:cad>
          </ns3:TrackPointExtension>
        </extensions>
      </trkpt>
      <trkpt lat="45.7216290570795536041259765625" lon="126.59582317806780338287353515625">
        <ele>144.600006103515625</ele>
        <time>2026-07-31T22:14:20.000Z</time>
        <extensions>
          <ns3:TrackPointExtension>
            <ns3:hr>179</ns3:hr>
            <ns3:cad>87</ns3:cad>
          </ns3:TrackPointExtension>
        </extensions>
      </trkpt>
      <trkpt lat="45.72165428660809993743896484375" lon="126.59582711756229400634765625">
        <ele>144.399993896484375</ele>
        <time>2026-07-31T22:14:21.000Z</time>
        <extensions>
          <ns3:TrackPointExtension>
            <ns3:hr>179</ns3:hr>
            <ns3:cad>87</ns3:cad>
          </ns3:TrackPointExtension>
        </extensions>
      </trkpt>
      <trkpt lat="45.721676833927631378173828125" lon="126.59582569263875484466552734375">
        <ele>144.399993896484375</ele>
        <time>2026-07-31T22:14:22.000Z</time>
        <extensions>
          <ns3:TrackPointExtension>
            <ns3:hr>180</ns3:hr>
            <ns3:cad>87</ns3:cad>
          </ns3:TrackPointExtension>
        </extensions>
      </trkpt>
      <trkpt lat="45.72170206345617771148681640625" lon="126.5958303026854991912841796875">
        <ele>144.1999969482421875</ele>
        <time>2026-07-31T22:14:23.000Z</time>
        <extensions>
          <ns3:TrackPointExtension>
            <ns3:hr>180</ns3:hr>
            <ns3:cad>87</ns3:cad>
          </ns3:TrackPointExtension>
        </extensions>
      </trkpt>
      <trkpt lat="45.721726454794406890869140625" lon="126.59582636319100856781005859375">
        <ele>144.1999969482421875</ele>
        <time>2026-07-31T22:14:24.000Z</time>
        <extensions>
          <ns3:TrackPointExtension>
            <ns3:hr>180</ns3:hr>
            <ns3:cad>87</ns3:cad>
          </ns3:TrackPointExtension>
        </extensions>
      </trkpt>
      <trkpt lat="45.72175771929323673248291015625" lon="126.59583055414259433746337890625">
        <ele>144.1999969482421875</ele>
        <time>2026-07-31T22:14:25.000Z</time>
        <extensions>
          <ns3:TrackPointExtension>
            <ns3:hr>180</ns3:hr>
            <ns3:cad>87</ns3:cad>
          </ns3:TrackPointExtension>
        </extensions>
      </trkpt>
      <trkpt lat="45.7217784225940704345703125" lon="126.5958299674093723297119140625">
        <ele>144.1999969482421875</ele>
        <time>2026-07-31T22:14:26.000Z</time>
        <extensions>
          <ns3:TrackPointExtension>
            <ns3:hr>180</ns3:hr>
            <ns3:cad>87</ns3:cad>
          </ns3:TrackPointExtension>
        </extensions>
      </trkpt>
      <trkpt lat="45.72180298157036304473876953125" lon="126.595828123390674591064453125">
        <ele>144.1999969482421875</ele>
        <time>2026-07-31T22:14:27.000Z</time>
        <extensions>
          <ns3:TrackPointExtension>
            <ns3:hr>180</ns3:hr>
            <ns3:cad>88</ns3:cad>
          </ns3:TrackPointExtension>
        </extensions>
      </trkpt>
      <trkpt lat="45.72182578034698963165283203125" lon="126.595824100077152252197265625">
        <ele>144.1999969482421875</ele>
        <time>2026-07-31T22:14:28.000Z</time>
        <extensions>
          <ns3:TrackPointExtension>
            <ns3:hr>181</ns3:hr>
            <ns3:cad>88</ns3:cad>
          </ns3:TrackPointExtension>
        </extensions>
      </trkpt>
      <trkpt lat="45.72185478173196315765380859375" lon="126.595820747315883636474609375">
        <ele>144.1999969482421875</ele>
        <time>2026-07-31T22:14:29.000Z</time>
        <extensions>
          <ns3:TrackPointExtension>
            <ns3:hr>180</ns3:hr>
            <ns3:cad>88</ns3:cad>
          </ns3:TrackPointExtension>
        </extensions>
      </trkpt>
      <trkpt lat="45.72187565267086029052734375" lon="126.5958192385733127593994140625">
        <ele>144.1999969482421875</ele>
        <time>2026-07-31T22:14:30.000Z</time>
        <extensions>
          <ns3:TrackPointExtension>
            <ns3:hr>180</ns3:hr>
            <ns3:cad>88</ns3:cad>
          </ns3:TrackPointExtension>
        </extensions>
      </trkpt>
      <trkpt lat="45.72190356440842151641845703125" lon="126.59581144340336322784423828125">
        <ele>144</ele>
        <time>2026-07-31T22:14:31.000Z</time>
        <extensions>
          <ns3:TrackPointExtension>
            <ns3:hr>180</ns3:hr>
            <ns3:cad>87</ns3:cad>
          </ns3:TrackPointExtension>
        </extensions>
      </trkpt>
      <trkpt lat="45.72192728519439697265625" lon="126.59580406732857227325439453125">
        <ele>144</ele>
        <time>2026-07-31T22:14:32.000Z</time>
        <extensions>
          <ns3:TrackPointExtension>
            <ns3:hr>181</ns3:hr>
            <ns3:cad>87</ns3:cad>
          </ns3:TrackPointExtension>
        </extensions>
      </trkpt>
      <trkpt lat="45.7219482399523258209228515625" lon="126.59579065628349781036376953125">
        <ele>144</ele>
        <time>2026-07-31T22:14:33.000Z</time>
        <extensions>
          <ns3:TrackPointExtension>
            <ns3:hr>180</ns3:hr>
            <ns3:cad>87</ns3:cad>
          </ns3:TrackPointExtension>
        </extensions>
      </trkpt>
      <trkpt lat="45.7219742238521575927734375" lon="126.5957830287516117095947265625">
        <ele>144</ele>
        <time>2026-07-31T22:14:34.000Z</time>
        <extensions>
          <ns3:TrackPointExtension>
            <ns3:hr>180</ns3:hr>
            <ns3:cad>87</ns3:cad>
          </ns3:TrackPointExtension>
        </extensions>
      </trkpt>
      <trkpt lat="45.721997357904911041259765625" lon="126.5957642532885074615478515625">
        <ele>144</ele>
        <time>2026-07-31T22:14:35.000Z</time>
        <extensions>
          <ns3:TrackPointExtension>
            <ns3:hr>180</ns3:hr>
            <ns3:cad>87</ns3:cad>
          </ns3:TrackPointExtension>
        </extensions>
      </trkpt>
      <trkpt lat="45.7220273651182651519775390625" lon="126.595754362642765045166015625">
        <ele>144</ele>
        <time>2026-07-31T22:14:36.000Z</time>
        <extensions>
          <ns3:TrackPointExtension>
            <ns3:hr>180</ns3:hr>
            <ns3:cad>87</ns3:cad>
          </ns3:TrackPointExtension>
        </extensions>
      </trkpt>
      <trkpt lat="45.722049660980701446533203125" lon="126.5957454778254032135009765625">
        <ele>144</ele>
        <time>2026-07-31T22:14:37.000Z</time>
        <extensions>
          <ns3:TrackPointExtension>
            <ns3:hr>181</ns3:hr>
            <ns3:cad>87</ns3:cad>
          </ns3:TrackPointExtension>
        </extensions>
      </trkpt>
      <trkpt lat="45.72208042256534099578857421875" lon="126.5957365930080413818359375">
        <ele>144</ele>
        <time>2026-07-31T22:14:38.000Z</time>
        <extensions>
          <ns3:TrackPointExtension>
            <ns3:hr>180</ns3:hr>
            <ns3:cad>87</ns3:cad>
          </ns3:TrackPointExtension>
        </extensions>
      </trkpt>
      <trkpt lat="45.72210053913295269012451171875" lon="126.59572158940136432647705078125">
        <ele>144</ele>
        <time>2026-07-31T22:14:39.000Z</time>
        <extensions>
          <ns3:TrackPointExtension>
            <ns3:hr>180</ns3:hr>
            <ns3:cad>87</ns3:cad>
          </ns3:TrackPointExtension>
        </extensions>
      </trkpt>
      <trkpt lat="45.7221316359937191009521484375" lon="126.59571002237498760223388671875">
        <ele>144</ele>
        <time>2026-07-31T22:14:40.000Z</time>
        <extensions>
          <ns3:TrackPointExtension>
            <ns3:hr>181</ns3:hr>
            <ns3:cad>87</ns3:cad>
          </ns3:TrackPointExtension>
        </extensions>
      </trkpt>
      <trkpt lat="45.7221554405987262725830078125" lon="126.59570566378533840179443359375">
        <ele>144</ele>
        <time>2026-07-31T22:14:41.000Z</time>
        <extensions>
          <ns3:TrackPointExtension>
            <ns3:hr>180</ns3:hr>
            <ns3:cad>87</ns3:cad>
          </ns3:TrackPointExtension>
        </extensions>
      </trkpt>
      <trkpt lat="45.72218947112560272216796875" lon="126.59569443203508853912353515625">
        <ele>144</ele>
        <time>2026-07-31T22:14:42.000Z</time>
        <extensions>
          <ns3:TrackPointExtension>
            <ns3:hr>180</ns3:hr>
            <ns3:cad>88</ns3:cad>
          </ns3:TrackPointExtension>
        </extensions>
      </trkpt>
      <trkpt lat="45.72220690548419952392578125" lon="126.595677249133586883544921875">
        <ele>144</ele>
        <time>2026-07-31T22:14:43.000Z</time>
        <extensions>
          <ns3:TrackPointExtension>
            <ns3:hr>181</ns3:hr>
            <ns3:cad>88</ns3:cad>
          </ns3:TrackPointExtension>
        </extensions>
      </trkpt>
      <trkpt lat="45.722242109477519989013671875" lon="126.5956668555736541748046875">
        <ele>144</ele>
        <time>2026-07-31T22:14:44.000Z</time>
        <extensions>
          <ns3:TrackPointExtension>
            <ns3:hr>181</ns3:hr>
            <ns3:cad>87</ns3:cad>
          </ns3:TrackPointExtension>
        </extensions>
      </trkpt>
      <trkpt lat="45.72226951830089092254638671875" lon="126.5956616587936878204345703125">
        <ele>144</ele>
        <time>2026-07-31T22:14:45.000Z</time>
        <extensions>
          <ns3:TrackPointExtension>
            <ns3:hr>181</ns3:hr>
            <ns3:cad>87</ns3:cad>
          </ns3:TrackPointExtension>
        </extensions>
      </trkpt>
      <trkpt lat="45.72229684330523014068603515625" lon="126.59565009176731109619140625">
        <ele>144</ele>
        <time>2026-07-31T22:14:46.000Z</time>
        <extensions>
          <ns3:TrackPointExtension>
            <ns3:hr>181</ns3:hr>
            <ns3:cad>87</ns3:cad>
          </ns3:TrackPointExtension>
        </extensions>
      </trkpt>
      <trkpt lat="45.7223255932331085205078125" lon="126.59564162604510784149169921875">
        <ele>144</ele>
        <time>2026-07-31T22:14:47.000Z</time>
        <extensions>
          <ns3:TrackPointExtension>
            <ns3:hr>180</ns3:hr>
            <ns3:cad>87</ns3:cad>
          </ns3:TrackPointExtension>
        </extensions>
      </trkpt>
      <trkpt lat="45.72234931401908397674560546875" lon="126.5956321544945240020751953125">
        <ele>144</ele>
        <time>2026-07-31T22:14:48.000Z</time>
        <extensions>
          <ns3:TrackPointExtension>
            <ns3:hr>181</ns3:hr>
            <ns3:cad>87</ns3:cad>
          </ns3:TrackPointExtension>
        </extensions>
      </trkpt>
      <trkpt lat="45.7223792374134063720703125" lon="126.59562821500003337860107421875">
        <ele>144</ele>
        <time>2026-07-31T22:14:49.000Z</time>
        <extensions>
          <ns3:TrackPointExtension>
            <ns3:hr>181</ns3:hr>
            <ns3:cad>87</ns3:cad>
          </ns3:TrackPointExtension>
        </extensions>
      </trkpt>
      <trkpt lat="45.72239893488585948944091796875" lon="126.59561949782073497772216796875">
        <ele>144</ele>
        <time>2026-07-31T22:14:50.000Z</time>
        <extensions>
          <ns3:TrackPointExtension>
            <ns3:hr>181</ns3:hr>
            <ns3:cad>87</ns3:cad>
          </ns3:TrackPointExtension>
        </extensions>
      </trkpt>
      <trkpt lat="45.72242927737534046173095703125" lon="126.59561295993626117706298828125">
        <ele>144</ele>
        <time>2026-07-31T22:14:51.000Z</time>
        <extensions>
          <ns3:TrackPointExtension>
            <ns3:hr>181</ns3:hr>
            <ns3:cad>87</ns3:cad>
          </ns3:TrackPointExtension>
        </extensions>
      </trkpt>
      <trkpt lat="45.72244704701006412506103515625" lon="126.59560206346213817596435546875">
        <ele>144</ele>
        <time>2026-07-31T22:14:52.000Z</time>
        <extensions>
          <ns3:TrackPointExtension>
            <ns3:hr>181</ns3:hr>
            <ns3:cad>87</ns3:cad>
          </ns3:TrackPointExtension>
        </extensions>
      </trkpt>
      <trkpt lat="45.7224784791469573974609375" lon="126.59559451974928379058837890625">
        <ele>144</ele>
        <time>2026-07-31T22:14:53.000Z</time>
        <extensions>
          <ns3:TrackPointExtension>
            <ns3:hr>181</ns3:hr>
            <ns3:cad>87</ns3:cad>
          </ns3:TrackPointExtension>
        </extensions>
      </trkpt>
      <trkpt lat="45.72249666787683963775634765625" lon="126.595582701265811920166015625">
        <ele>144</ele>
        <time>2026-07-31T22:14:54.000Z</time>
        <extensions>
          <ns3:TrackPointExtension>
            <ns3:hr>181</ns3:hr>
            <ns3:cad>87</ns3:cad>
          </ns3:TrackPointExtension>
        </extensions>
      </trkpt>
      <trkpt lat="45.72252474725246429443359375" lon="126.595570631325244903564453125">
        <ele>144</ele>
        <time>2026-07-31T22:14:55.000Z</time>
        <extensions>
          <ns3:TrackPointExtension>
            <ns3:hr>181</ns3:hr>
            <ns3:cad>87</ns3:cad>
          </ns3:TrackPointExtension>
        </extensions>
      </trkpt>
      <trkpt lat="45.7225463725626468658447265625" lon="126.5955604054033756256103515625">
        <ele>144</ele>
        <time>2026-07-31T22:14:56.000Z</time>
        <extensions>
          <ns3:TrackPointExtension>
            <ns3:hr>181</ns3:hr>
            <ns3:cad>87</ns3:cad>
          </ns3:TrackPointExtension>
        </extensions>
      </trkpt>
      <trkpt lat="45.722580067813396453857421875" lon="126.59554992802441120147705078125">
        <ele>144</ele>
        <time>2026-07-31T22:14:57.000Z</time>
        <extensions>
          <ns3:TrackPointExtension>
            <ns3:hr>181</ns3:hr>
            <ns3:cad>88</ns3:cad>
          </ns3:TrackPointExtension>
        </extensions>
      </trkpt>
      <trkpt lat="45.72260043583810329437255859375" lon="126.5955399535596370697021484375">
        <ele>144</ele>
        <time>2026-07-31T22:14:58.000Z</time>
        <extensions>
          <ns3:TrackPointExtension>
            <ns3:hr>181</ns3:hr>
            <ns3:cad>88</ns3:cad>
          </ns3:TrackPointExtension>
        </extensions>
      </trkpt>
      <trkpt lat="45.72262910194694995880126953125" lon="126.59552243538200855255126953125">
        <ele>144</ele>
        <time>2026-07-31T22:14:59.000Z</time>
        <extensions>
          <ns3:TrackPointExtension>
            <ns3:hr>181</ns3:hr>
            <ns3:cad>88</ns3:cad>
          </ns3:TrackPointExtension>
        </extensions>
      </trkpt>
      <trkpt lat="45.7226543314754962921142578125" lon="126.5955166518688201904296875">
        <ele>144</ele>
        <time>2026-07-31T22:15:00.000Z</time>
        <extensions>
          <ns3:TrackPointExtension>
            <ns3:hr>181</ns3:hr>
            <ns3:cad>88</ns3:cad>
          </ns3:TrackPointExtension>
        </extensions>
      </trkpt>
      <trkpt lat="45.722676627337932586669921875" lon="126.59549863077700138092041015625">
        <ele>144</ele>
        <time>2026-07-31T22:15:01.000Z</time>
        <extensions>
          <ns3:TrackPointExtension>
            <ns3:hr>181</ns3:hr>
            <ns3:cad>88</ns3:cad>
          </ns3:TrackPointExtension>
        </extensions>
      </trkpt>
      <trkpt lat="45.72269649244844913482666015625" lon="126.59547935239970684051513671875">
        <ele>144</ele>
        <time>2026-07-31T22:15:02.000Z</time>
        <extensions>
          <ns3:TrackPointExtension>
            <ns3:hr>181</ns3:hr>
            <ns3:cad>88</ns3:cad>
          </ns3:TrackPointExtension>
        </extensions>
      </trkpt>
      <trkpt lat="45.72271308861672878265380859375" lon="126.5954549610614776611328125">
        <ele>144</ele>
        <time>2026-07-31T22:15:03.000Z</time>
        <extensions>
          <ns3:TrackPointExtension>
            <ns3:hr>181</ns3:hr>
            <ns3:cad>88</ns3:cad>
          </ns3:TrackPointExtension>
        </extensions>
      </trkpt>
      <trkpt lat="45.722733624279499053955078125" lon="126.59542721696197986602783203125">
        <ele>143.8000030517578125</ele>
        <time>2026-07-31T22:15:04.000Z</time>
        <extensions>
          <ns3:TrackPointExtension>
            <ns3:hr>180</ns3:hr>
            <ns3:cad>88</ns3:cad>
          </ns3:TrackPointExtension>
        </extensions>
      </trkpt>
      <trkpt lat="45.7227441854774951934814453125" lon="126.595403663814067840576171875">
        <ele>143.8000030517578125</ele>
        <time>2026-07-31T22:15:05.000Z</time>
        <extensions>
          <ns3:TrackPointExtension>
            <ns3:hr>181</ns3:hr>
            <ns3:cad>88</ns3:cad>
          </ns3:TrackPointExtension>
        </extensions>
      </trkpt>
      <trkpt lat="45.72276212275028228759765625" lon="126.59537524916231632232666015625">
        <ele>143.600006103515625</ele>
        <time>2026-07-31T22:15:06.000Z</time>
        <extensions>
          <ns3:TrackPointExtension>
            <ns3:hr>180</ns3:hr>
            <ns3:cad>88</ns3:cad>
          </ns3:TrackPointExtension>
        </extensions>
      </trkpt>
      <trkpt lat="45.7227753661572933197021484375" lon="126.59535462968051433563232421875">
        <ele>143.600006103515625</ele>
        <time>2026-07-31T22:15:07.000Z</time>
        <extensions>
          <ns3:TrackPointExtension>
            <ns3:hr>180</ns3:hr>
            <ns3:cad>88</ns3:cad>
          </ns3:TrackPointExtension>
        </extensions>
      </trkpt>
      <trkpt lat="45.7228058762848377227783203125" lon="126.5953444875776767730712890625">
        <ele>143.600006103515625</ele>
        <time>2026-07-31T22:15:08.000Z</time>
        <extensions>
          <ns3:TrackPointExtension>
            <ns3:hr>180</ns3:hr>
            <ns3:cad>88</ns3:cad>
          </ns3:TrackPointExtension>
        </extensions>
      </trkpt>
      <trkpt lat="45.72282087989151477813720703125" lon="126.59535764716565608978271484375">
        <ele>143.399993896484375</ele>
        <time>2026-07-31T22:15:09.000Z</time>
        <extensions>
          <ns3:TrackPointExtension>
            <ns3:hr>179</ns3:hr>
            <ns3:cad>87</ns3:cad>
          </ns3:TrackPointExtension>
        </extensions>
      </trkpt>
      <trkpt lat="45.72284384630620479583740234375" lon="126.59537407569587230682373046875">
        <ele>143.399993896484375</ele>
        <time>2026-07-31T22:15:10.000Z</time>
        <extensions>
          <ns3:TrackPointExtension>
            <ns3:hr>179</ns3:hr>
            <ns3:cad>87</ns3:cad>
          </ns3:TrackPointExtension>
        </extensions>
      </trkpt>
      <trkpt lat="45.72286077775061130523681640625" lon="126.59539536572992801666259765625">
        <ele>143.399993896484375</ele>
        <time>2026-07-31T22:15:11.000Z</time>
        <extensions>
          <ns3:TrackPointExtension>
            <ns3:hr>179</ns3:hr>
            <ns3:cad>87</ns3:cad>
          </ns3:TrackPointExtension>
        </extensions>
      </trkpt>
      <trkpt lat="45.72287972085177898406982421875" lon="126.595410369336605072021484375">
        <ele>143.399993896484375</ele>
        <time>2026-07-31T22:15:12.000Z</time>
        <extensions>
          <ns3:TrackPointExtension>
            <ns3:hr>180</ns3:hr>
            <ns3:cad>87</ns3:cad>
          </ns3:TrackPointExtension>
        </extensions>
      </trkpt>
      <trkpt lat="45.722901262342929840087890625" lon="126.59543828107416629791259765625">
        <ele>143.399993896484375</ele>
        <time>2026-07-31T22:15:13.000Z</time>
        <extensions>
          <ns3:TrackPointExtension>
            <ns3:hr>180</ns3:hr>
            <ns3:cad>87</ns3:cad>
          </ns3:TrackPointExtension>
        </extensions>
      </trkpt>
      <trkpt lat="45.72291903197765350341796875" lon="126.59545018337666988372802734375">
        <ele>143.399993896484375</ele>
        <time>2026-07-31T22:15:14.000Z</time>
        <extensions>
          <ns3:TrackPointExtension>
            <ns3:hr>180</ns3:hr>
            <ns3:cad>87</ns3:cad>
          </ns3:TrackPointExtension>
        </extensions>
      </trkpt>
      <trkpt lat="45.7229426689445972442626953125" lon="126.59548236988484859466552734375">
        <ele>143.399993896484375</ele>
        <time>2026-07-31T22:15:15.000Z</time>
        <extensions>
          <ns3:TrackPointExtension>
            <ns3:hr>180</ns3:hr>
            <ns3:cad>87</ns3:cad>
          </ns3:TrackPointExtension>
        </extensions>
      </trkpt>
      <trkpt lat="45.722957588732242584228515625" lon="126.59550164826214313507080078125">
        <ele>143.399993896484375</ele>
        <time>2026-07-31T22:15:16.000Z</time>
        <extensions>
          <ns3:TrackPointExtension>
            <ns3:hr>180</ns3:hr>
            <ns3:cad>87</ns3:cad>
          </ns3:TrackPointExtension>
        </extensions>
      </trkpt>
      <trkpt lat="45.7229825668036937713623046875" lon="126.5955322422087192535400390625">
        <ele>143.399993896484375</ele>
        <time>2026-07-31T22:15:17.000Z</time>
        <extensions>
          <ns3:TrackPointExtension>
            <ns3:hr>180</ns3:hr>
            <ns3:cad>87</ns3:cad>
          </ns3:TrackPointExtension>
        </extensions>
      </trkpt>
      <trkpt lat="45.72300377301871776580810546875" lon="126.59555126912891864776611328125">
        <ele>143.399993896484375</ele>
        <time>2026-07-31T22:15:18.000Z</time>
        <extensions>
          <ns3:TrackPointExtension>
            <ns3:hr>180</ns3:hr>
            <ns3:cad>87</ns3:cad>
          </ns3:TrackPointExtension>
        </extensions>
      </trkpt>
      <trkpt lat="45.7230251468718051910400390625" lon="126.595571301877498626708984375">
        <ele>143.399993896484375</ele>
        <time>2026-07-31T22:15:19.000Z</time>
        <extensions>
          <ns3:TrackPointExtension>
            <ns3:hr>180</ns3:hr>
            <ns3:cad>87</ns3:cad>
          </ns3:TrackPointExtension>
        </extensions>
      </trkpt>
      <trkpt lat="45.7230377197265625" lon="126.5956046618521213531494140625">
        <ele>143.399993896484375</ele>
        <time>2026-07-31T22:15:20.000Z</time>
        <extensions>
          <ns3:TrackPointExtension>
            <ns3:hr>180</ns3:hr>
            <ns3:cad>87</ns3:cad>
          </ns3:TrackPointExtension>
        </extensions>
      </trkpt>
      <trkpt lat="45.7230573333799839019775390625" lon="126.59563039429485797882080078125">
        <ele>143.600006103515625</ele>
        <time>2026-07-31T22:15:21.000Z</time>
        <extensions>
          <ns3:TrackPointExtension>
            <ns3:hr>180</ns3:hr>
            <ns3:cad>87</ns3:cad>
          </ns3:TrackPointExtension>
        </extensions>
      </trkpt>
      <trkpt lat="45.7230740971863269805908203125" lon="126.5956583060324192047119140625">
        <ele>143.600006103515625</ele>
        <time>2026-07-31T22:15:22.000Z</time>
        <extensions>
          <ns3:TrackPointExtension>
            <ns3:hr>180</ns3:hr>
            <ns3:cad>87</ns3:cad>
          </ns3:TrackPointExtension>
        </extensions>
      </trkpt>
      <trkpt lat="45.72309295646846294403076171875" lon="126.5956794284284114837646484375">
        <ele>143.600006103515625</ele>
        <time>2026-07-31T22:15:23.000Z</time>
        <extensions>
          <ns3:TrackPointExtension>
            <ns3:hr>180</ns3:hr>
            <ns3:cad>87</ns3:cad>
          </ns3:TrackPointExtension>
        </extensions>
      </trkpt>
      <trkpt lat="45.72311240248382091522216796875" lon="126.59571907483041286468505859375">
        <ele>143.8000030517578125</ele>
        <time>2026-07-31T22:15:24.000Z</time>
        <extensions>
          <ns3:TrackPointExtension>
            <ns3:hr>179</ns3:hr>
            <ns3:cad>87</ns3:cad>
          </ns3:TrackPointExtension>
        </extensions>
      </trkpt>
      <trkpt lat="45.72312849573791027069091796875" lon="126.59574438817799091339111328125">
        <ele>143.8000030517578125</ele>
        <time>2026-07-31T22:15:25.000Z</time>
        <extensions>
          <ns3:TrackPointExtension>
            <ns3:hr>180</ns3:hr>
            <ns3:cad>87</ns3:cad>
          </ns3:TrackPointExtension>
        </extensions>
      </trkpt>
      <trkpt lat="45.72313989512622356414794921875" lon="126.595778167247772216796875">
        <ele>144</ele>
        <time>2026-07-31T22:15:26.000Z</time>
        <extensions>
          <ns3:TrackPointExtension>
            <ns3:hr>180</ns3:hr>
            <ns3:cad>87</ns3:cad>
          </ns3:TrackPointExtension>
        </extensions>
      </trkpt>
      <trkpt lat="45.72314224205911159515380859375" lon="126.5958058275282382965087890625">
        <ele>144</ele>
        <time>2026-07-31T22:15:27.000Z</time>
        <extensions>
          <ns3:TrackPointExtension>
            <ns3:hr>180</ns3:hr>
            <ns3:cad>87</ns3:cad>
          </ns3:TrackPointExtension>
        </extensions>
      </trkpt>
      <trkpt lat="45.7231347821652889251708984375" lon="126.5958344936370849609375">
        <ele>144</ele>
        <time>2026-07-31T22:15:28.000Z</time>
        <extensions>
          <ns3:TrackPointExtension>
            <ns3:hr>179</ns3:hr>
            <ns3:cad>87</ns3:cad>
          </ns3:TrackPointExtension>
        </extensions>
      </trkpt>
      <trkpt lat="45.7231401465833187103271484375" lon="126.59585854969918727874755859375">
        <ele>144.1999969482421875</ele>
        <time>2026-07-31T22:15:29.000Z</time>
        <extensions>
          <ns3:TrackPointExtension>
            <ns3:hr>180</ns3:hr>
            <ns3:cad>88</ns3:cad>
          </ns3:TrackPointExtension>
        </extensions>
      </trkpt>
      <trkpt lat="45.72315833531320095062255859375" lon="126.59589190967381000518798828125">
        <ele>144.1999969482421875</ele>
        <time>2026-07-31T22:15:30.000Z</time>
        <extensions>
          <ns3:TrackPointExtension>
            <ns3:hr>180</ns3:hr>
            <ns3:cad>88</ns3:cad>
          </ns3:TrackPointExtension>
        </extensions>
      </trkpt>
      <trkpt lat="45.72317459620535373687744140625" lon="126.5959094278514385223388671875">
        <ele>144.1999969482421875</ele>
        <time>2026-07-31T22:15:31.000Z</time>
        <extensions>
          <ns3:TrackPointExtension>
            <ns3:hr>179</ns3:hr>
            <ns3:cad>90</ns3:cad>
          </ns3:TrackPointExtension>
        </extensions>
      </trkpt>
      <trkpt lat="45.72319672442972660064697265625" lon="126.59593163989484310150146484375">
        <ele>144.1999969482421875</ele>
        <time>2026-07-31T22:15:32.000Z</time>
        <extensions>
          <ns3:TrackPointExtension>
            <ns3:hr>180</ns3:hr>
            <ns3:cad>90</ns3:cad>
          </ns3:TrackPointExtension>
        </extensions>
      </trkpt>
      <trkpt lat="45.72321139276027679443359375" lon="126.59595158882439136505126953125">
        <ele>144.1999969482421875</ele>
        <time>2026-07-31T22:15:33.000Z</time>
        <extensions>
          <ns3:TrackPointExtension>
            <ns3:hr>180</ns3:hr>
            <ns3:cad>88</ns3:cad>
          </ns3:TrackPointExtension>
        </extensions>
      </trkpt>
      <trkpt lat="45.72322555817663669586181640625" lon="126.5959670953452587127685546875">
        <ele>144.1999969482421875</ele>
        <time>2026-07-31T22:15:34.000Z</time>
        <extensions>
          <ns3:TrackPointExtension>
            <ns3:hr>180</ns3:hr>
            <ns3:cad>87</ns3:cad>
          </ns3:TrackPointExtension>
        </extensions>
      </trkpt>
      <trkpt lat="45.72324399836361408233642578125" lon="126.59599366597831249237060546875">
        <ele>144.1999969482421875</ele>
        <time>2026-07-31T22:15:35.000Z</time>
        <extensions>
          <ns3:TrackPointExtension>
            <ns3:hr>180</ns3:hr>
            <ns3:cad>87</ns3:cad>
          </ns3:TrackPointExtension>
        </extensions>
      </trkpt>
      <trkpt lat="45.72325657121837139129638671875" lon="126.5960048139095306396484375">
        <ele>144.1999969482421875</ele>
        <time>2026-07-31T22:15:36.000Z</time>
        <extensions>
          <ns3:TrackPointExtension>
            <ns3:hr>180</ns3:hr>
            <ns3:cad>87</ns3:cad>
          </ns3:TrackPointExtension>
        </extensions>
      </trkpt>
      <trkpt lat="45.72327786125242710113525390625" lon="126.59603255800902843475341796875">
        <ele>144.399993896484375</ele>
        <time>2026-07-31T22:15:37.000Z</time>
        <extensions>
          <ns3:TrackPointExtension>
            <ns3:hr>180</ns3:hr>
            <ns3:cad>87</ns3:cad>
          </ns3:TrackPointExtension>
        </extensions>
      </trkpt>
      <trkpt lat="45.72329320013523101806640625" lon="126.59604974091053009033203125">
        <ele>144.399993896484375</ele>
        <time>2026-07-31T22:15:38.000Z</time>
        <extensions>
          <ns3:TrackPointExtension>
            <ns3:hr>180</ns3:hr>
            <ns3:cad>87</ns3:cad>
          </ns3:TrackPointExtension>
        </extensions>
      </trkpt>
      <trkpt lat="45.72331289760768413543701171875" lon="126.5960696898400783538818359375">
        <ele>144.600006103515625</ele>
        <time>2026-07-31T22:15:39.000Z</time>
        <extensions>
          <ns3:TrackPointExtension>
            <ns3:hr>180</ns3:hr>
            <ns3:cad>85</ns3:cad>
          </ns3:TrackPointExtension>
        </extensions>
      </trkpt>
      <trkpt lat="45.723332427442073822021484375" lon="126.59609290771186351776123046875">
        <ele>144.8000030517578125</ele>
        <time>2026-07-31T22:15:40.000Z</time>
        <extensions>
          <ns3:TrackPointExtension>
            <ns3:hr>180</ns3:hr>
            <ns3:cad>85</ns3:cad>
          </ns3:TrackPointExtension>
        </extensions>
      </trkpt>
      <trkpt lat="45.723350532352924346923828125" lon="126.59610196016728878021240234375">
        <ele>145</ele>
        <time>2026-07-31T22:15:41.000Z</time>
        <extensions>
          <ns3:TrackPointExtension>
            <ns3:hr>180</ns3:hr>
            <ns3:cad>85</ns3:cad>
          </ns3:TrackPointExtension>
        </extensions>
      </trkpt>
      <trkpt lat="45.7233698107302188873291015625" lon="126.5961236692965030670166015625">
        <ele>145</ele>
        <time>2026-07-31T22:15:42.000Z</time>
        <extensions>
          <ns3:TrackPointExtension>
            <ns3:hr>179</ns3:hr>
            <ns3:cad>85</ns3:cad>
          </ns3:TrackPointExtension>
        </extensions>
      </trkpt>
      <trkpt lat="45.723387412726879119873046875" lon="126.59613381139934062957763671875">
        <ele>145.1999969482421875</ele>
        <time>2026-07-31T22:15:43.000Z</time>
        <extensions>
          <ns3:TrackPointExtension>
            <ns3:hr>179</ns3:hr>
            <ns3:cad>85</ns3:cad>
          </ns3:TrackPointExtension>
        </extensions>
      </trkpt>
      <trkpt lat="45.7234073616564273834228515625" lon="126.59615627489984035491943359375">
        <ele>145.1999969482421875</ele>
        <time>2026-07-31T22:15:44.000Z</time>
        <extensions>
          <ns3:TrackPointExtension>
            <ns3:hr>179</ns3:hr>
            <ns3:cad>85</ns3:cad>
          </ns3:TrackPointExtension>
        </extensions>
      </trkpt>
      <trkpt lat="45.72342320345342159271240234375" lon="126.59617119468748569488525390625">
        <ele>145.1999969482421875</ele>
        <time>2026-07-31T22:15:45.000Z</time>
        <extensions>
          <ns3:TrackPointExtension>
            <ns3:hr>179</ns3:hr>
            <ns3:cad>85</ns3:cad>
          </ns3:TrackPointExtension>
        </extensions>
      </trkpt>
      <trkpt lat="45.72344365529716014862060546875" lon="126.59619432874023914337158203125">
        <ele>145.399993896484375</ele>
        <time>2026-07-31T22:15:46.000Z</time>
        <extensions>
          <ns3:TrackPointExtension>
            <ns3:hr>179</ns3:hr>
            <ns3:cad>85</ns3:cad>
          </ns3:TrackPointExtension>
        </extensions>
      </trkpt>
      <trkpt lat="45.72346259839832782745361328125" lon="126.59621779806911945343017578125">
        <ele>145.399993896484375</ele>
        <time>2026-07-31T22:15:47.000Z</time>
        <extensions>
          <ns3:TrackPointExtension>
            <ns3:hr>179</ns3:hr>
            <ns3:cad>85</ns3:cad>
          </ns3:TrackPointExtension>
        </extensions>
      </trkpt>
      <trkpt lat="45.7234760932624340057373046875" lon="126.59623757936060428619384765625">
        <ele>145.399993896484375</ele>
        <time>2026-07-31T22:15:48.000Z</time>
        <extensions>
          <ns3:TrackPointExtension>
            <ns3:hr>179</ns3:hr>
            <ns3:cad>85</ns3:cad>
          </ns3:TrackPointExtension>
        </extensions>
      </trkpt>
      <trkpt lat="45.72348455898463726043701171875" lon="126.59627311863005161285400390625">
        <ele>145.600006103515625</ele>
        <time>2026-07-31T22:15:49.000Z</time>
        <extensions>
          <ns3:TrackPointExtension>
            <ns3:hr>179</ns3:hr>
            <ns3:cad>86</ns3:cad>
          </ns3:TrackPointExtension>
        </extensions>
      </trkpt>
      <trkpt lat="45.72348137386143207550048828125" lon="126.59629206173121929168701171875">
        <ele>145.600006103515625</ele>
        <time>2026-07-31T22:15:50.000Z</time>
        <extensions>
          <ns3:TrackPointExtension>
            <ns3:hr>179</ns3:hr>
            <ns3:cad>86</ns3:cad>
          </ns3:TrackPointExtension>
        </extensions>
      </trkpt>
      <trkpt lat="45.7234730757772922515869140625" lon="126.59631905145943164825439453125">
        <ele>145.600006103515625</ele>
        <time>2026-07-31T22:15:51.000Z</time>
        <extensions>
          <ns3:TrackPointExtension>
            <ns3:hr>179</ns3:hr>
            <ns3:cad>87</ns3:cad>
          </ns3:TrackPointExtension>
        </extensions>
      </trkpt>
      <trkpt lat="45.72345421649515628814697265625" lon="126.59632458351552486419677734375">
        <ele>145.8000030517578125</ele>
        <time>2026-07-31T22:15:52.000Z</time>
        <extensions>
          <ns3:TrackPointExtension>
            <ns3:hr>179</ns3:hr>
            <ns3:cad>87</ns3:cad>
          </ns3:TrackPointExtension>
        </extensions>
      </trkpt>
      <trkpt lat="45.7234325073659420013427734375" lon="126.59632743336260318756103515625">
        <ele>146</ele>
        <time>2026-07-31T22:15:53.000Z</time>
        <extensions>
          <ns3:TrackPointExtension>
            <ns3:hr>179</ns3:hr>
            <ns3:cad>87</ns3:cad>
          </ns3:TrackPointExtension>
        </extensions>
      </trkpt>
      <trkpt lat="45.7234127260744571685791015625" lon="126.59632525406777858734130859375">
        <ele>146</ele>
        <time>2026-07-31T22:15:54.000Z</time>
        <extensions>
          <ns3:TrackPointExtension>
            <ns3:hr>179</ns3:hr>
            <ns3:cad>87</ns3:cad>
          </ns3:TrackPointExtension>
        </extensions>
      </trkpt>
      <trkpt lat="45.72338431142270565032958984375" lon="126.596325002610683441162109375">
        <ele>146.1999969482421875</ele>
        <time>2026-07-31T22:15:55.000Z</time>
        <extensions>
          <ns3:TrackPointExtension>
            <ns3:hr>180</ns3:hr>
            <ns3:cad>87</ns3:cad>
          </ns3:TrackPointExtension>
        </extensions>
      </trkpt>
      <trkpt lat="45.72335698641836643218994140625" lon="126.596320979297161102294921875">
        <ele>146.399993896484375</ele>
        <time>2026-07-31T22:15:56.000Z</time>
        <extensions>
          <ns3:TrackPointExtension>
            <ns3:hr>179</ns3:hr>
            <ns3:cad>87</ns3:cad>
          </ns3:TrackPointExtension>
        </extensions>
      </trkpt>
      <trkpt lat="45.72333452291786670684814453125" lon="126.5963186323642730712890625">
        <ele>146.600006103515625</ele>
        <time>2026-07-31T22:15:57.000Z</time>
        <extensions>
          <ns3:TrackPointExtension>
            <ns3:hr>180</ns3:hr>
            <ns3:cad>85</ns3:cad>
          </ns3:TrackPointExtension>
        </extensions>
      </trkpt>
      <trkpt lat="45.72330200113356113433837890625" lon="126.596312262117862701416015625">
        <ele>146.600006103515625</ele>
        <time>2026-07-31T22:15:58.000Z</time>
        <extensions>
          <ns3:TrackPointExtension>
            <ns3:hr>180</ns3:hr>
            <ns3:cad>85</ns3:cad>
          </ns3:TrackPointExtension>
        </extensions>
      </trkpt>
      <trkpt lat="45.72328004054725170135498046875" lon="126.59630245529115200042724609375">
        <ele>146.8000030517578125</ele>
        <time>2026-07-31T22:15:59.000Z</time>
        <extensions>
          <ns3:TrackPointExtension>
            <ns3:hr>180</ns3:hr>
            <ns3:cad>85</ns3:cad>
          </ns3:TrackPointExtension>
        </extensions>
      </trkpt>
      <trkpt lat="45.7232531346380710601806640625" lon="126.596298180520534515380859375">
        <ele>146.8000030517578125</ele>
        <time>2026-07-31T22:16:00.000Z</time>
        <extensions>
          <ns3:TrackPointExtension>
            <ns3:hr>180</ns3:hr>
            <ns3:cad>85</ns3:cad>
          </ns3:TrackPointExtension>
        </extensions>
      </trkpt>
      <trkpt lat="45.72322388179600238800048828125" lon="126.59629155881702899932861328125">
        <ele>147</ele>
        <time>2026-07-31T22:16:01.000Z</time>
        <extensions>
          <ns3:TrackPointExtension>
            <ns3:hr>181</ns3:hr>
            <ns3:cad>85</ns3:cad>
          </ns3:TrackPointExtension>
        </extensions>
      </trkpt>
      <trkpt lat="45.72320108301937580108642578125" lon="126.5962906368076801300048828125">
        <ele>147.1999969482421875</ele>
        <time>2026-07-31T22:16:02.000Z</time>
        <extensions>
          <ns3:TrackPointExtension>
            <ns3:hr>182</ns3:hr>
            <ns3:cad>85</ns3:cad>
          </ns3:TrackPointExtension>
        </extensions>
      </trkpt>
      <trkpt lat="45.72317157872021198272705078125" lon="126.59628820605576038360595703125">
        <ele>147.1999969482421875</ele>
        <time>2026-07-31T22:16:03.000Z</time>
        <extensions>
          <ns3:TrackPointExtension>
            <ns3:hr>182</ns3:hr>
            <ns3:cad>85</ns3:cad>
          </ns3:TrackPointExtension>
        </extensions>
      </trkpt>
      <trkpt lat="45.7231508754193782806396484375" lon="126.59628845751285552978515625">
        <ele>147.399993896484375</ele>
        <time>2026-07-31T22:16:04.000Z</time>
        <extensions>
          <ns3:TrackPointExtension>
            <ns3:hr>183</ns3:hr>
            <ns3:cad>85</ns3:cad>
          </ns3:TrackPointExtension>
        </extensions>
      </trkpt>
      <trkpt lat="45.72312162257730960845947265625" lon="126.59628720022737979888916015625">
        <ele>147.399993896484375</ele>
        <time>2026-07-31T22:16:05.000Z</time>
        <extensions>
          <ns3:TrackPointExtension>
            <ns3:hr>183</ns3:hr>
            <ns3:cad>85</ns3:cad>
          </ns3:TrackPointExtension>
        </extensions>
      </trkpt>
      <trkpt lat="45.72311215102672576904296875" lon="126.5962983481585979461669921875">
        <ele>147.399993896484375</ele>
        <time>2026-07-31T22:16:06.000Z</time>
        <extensions>
          <ns3:TrackPointExtension>
            <ns3:hr>183</ns3:hr>
            <ns3:cad>85</ns3:cad>
          </ns3:TrackPointExtension>
        </extensions>
      </trkpt>
      <trkpt lat="45.7231139950454235076904296875" lon="126.59632341004908084869384765625">
        <ele>147.399993896484375</ele>
        <time>2026-07-31T22:16:07.000Z</time>
        <extensions>
          <ns3:TrackPointExtension>
            <ns3:hr>183</ns3:hr>
            <ns3:cad>85</ns3:cad>
          </ns3:TrackPointExtension>
        </extensions>
      </trkpt>
      <trkpt lat="45.7231324352324008941650390625" lon="126.596337072551250457763671875">
        <ele>147.600006103515625</ele>
        <time>2026-07-31T22:16:08.000Z</time>
        <extensions>
          <ns3:TrackPointExtension>
            <ns3:hr>182</ns3:hr>
            <ns3:cad>86</ns3:cad>
          </ns3:TrackPointExtension>
        </extensions>
      </trkpt>
      <trkpt lat="45.72315179742872714996337890625" lon="126.596336066722869873046875">
        <ele>147.600006103515625</ele>
        <time>2026-07-31T22:16:09.000Z</time>
        <extensions>
          <ns3:TrackPointExtension>
            <ns3:hr>182</ns3:hr>
            <ns3:cad>86</ns3:cad>
          </ns3:TrackPointExtension>
        </extensions>
      </trkpt>
      <trkpt lat="45.723181553184986114501953125" lon="126.59634050913155078887939453125">
        <ele>147.8000030517578125</ele>
        <time>2026-07-31T22:16:10.000Z</time>
        <extensions>
          <ns3:TrackPointExtension>
            <ns3:hr>182</ns3:hr>
            <ns3:cad>86</ns3:cad>
          </ns3:TrackPointExtension>
        </extensions>
      </trkpt>
      <trkpt lat="45.72320468723773956298828125" lon="126.59634687937796115875244140625">
        <ele>147.8000030517578125</ele>
        <time>2026-07-31T22:16:11.000Z</time>
        <extensions>
          <ns3:TrackPointExtension>
            <ns3:hr>182</ns3:hr>
            <ns3:cad>86</ns3:cad>
          </ns3:TrackPointExtension>
        </extensions>
      </trkpt>
      <trkpt lat="45.72322924621403217315673828125" lon="126.59635283052921295166015625">
        <ele>148</ele>
        <time>2026-07-31T22:16:12.000Z</time>
        <extensions>
          <ns3:TrackPointExtension>
            <ns3:hr>182</ns3:hr>
            <ns3:cad>86</ns3:cad>
          </ns3:TrackPointExtension>
        </extensions>
      </trkpt>
      <trkpt lat="45.7232509553432464599609375" lon="126.59635324962437152862548828125">
        <ele>148</ele>
        <time>2026-07-31T22:16:13.000Z</time>
        <extensions>
          <ns3:TrackPointExtension>
            <ns3:hr>182</ns3:hr>
            <ns3:cad>86</ns3:cad>
          </ns3:TrackPointExtension>
        </extensions>
      </trkpt>
      <trkpt lat="45.72327853180468082427978515625" lon="126.59635174088180065155029296875">
        <ele>148.1999969482421875</ele>
        <time>2026-07-31T22:16:14.000Z</time>
        <extensions>
          <ns3:TrackPointExtension>
            <ns3:hr>182</ns3:hr>
            <ns3:cad>86</ns3:cad>
          </ns3:TrackPointExtension>
        </extensions>
      </trkpt>
      <trkpt lat="45.72330401279032230377197265625" lon="126.59635140560567378997802734375">
        <ele>148.1999969482421875</ele>
        <time>2026-07-31T22:16:15.000Z</time>
        <extensions>
          <ns3:TrackPointExtension>
            <ns3:hr>183</ns3:hr>
            <ns3:cad>86</ns3:cad>
          </ns3:TrackPointExtension>
        </extensions>
      </trkpt>
      <trkpt lat="45.72332882322371006011962890625" lon="126.5963519923388957977294921875">
        <ele>148.399993896484375</ele>
        <time>2026-07-31T22:16:16.000Z</time>
        <extensions>
          <ns3:TrackPointExtension>
            <ns3:hr>182</ns3:hr>
            <ns3:cad>84</ns3:cad>
          </ns3:TrackPointExtension>
        </extensions>
      </trkpt>
      <trkpt lat="45.72335128672420978546142578125" lon="126.59635392017662525177001953125">
        <ele>148.399993896484375</ele>
        <time>2026-07-31T22:16:17.000Z</time>
        <extensions>
          <ns3:TrackPointExtension>
            <ns3:hr>183</ns3:hr>
            <ns3:cad>85</ns3:cad>
          </ns3:TrackPointExtension>
        </extensions>
      </trkpt>
      <trkpt lat="45.7233718223869800567626953125" lon="126.596352495253086090087890625">
        <ele>148.600006103515625</ele>
        <time>2026-07-31T22:16:18.000Z</time>
        <extensions>
          <ns3:TrackPointExtension>
            <ns3:hr>183</ns3:hr>
            <ns3:cad>86</ns3:cad>
          </ns3:TrackPointExtension>
        </extensions>
      </trkpt>
      <trkpt lat="45.72339151985943317413330078125" lon="126.5963570214807987213134765625">
        <ele>148.600006103515625</ele>
        <time>2026-07-31T22:16:19.000Z</time>
        <extensions>
          <ns3:TrackPointExtension>
            <ns3:hr>182</ns3:hr>
            <ns3:cad>86</ns3:cad>
          </ns3:TrackPointExtension>
        </extensions>
      </trkpt>
      <trkpt lat="45.72340928949415683746337890625" lon="126.5963603742420673370361328125">
        <ele>148.8000030517578125</ele>
        <time>2026-07-31T22:16:20.000Z</time>
        <extensions>
          <ns3:TrackPointExtension>
            <ns3:hr>182</ns3:hr>
            <ns3:cad>86</ns3:cad>
          </ns3:TrackPointExtension>
        </extensions>
      </trkpt>
      <trkpt lat="45.72342856787145137786865234375" lon="126.59636129625141620635986328125">
        <ele>148.8000030517578125</ele>
        <time>2026-07-31T22:16:21.000Z</time>
        <extensions>
          <ns3:TrackPointExtension>
            <ns3:hr>182</ns3:hr>
            <ns3:cad>86</ns3:cad>
          </ns3:TrackPointExtension>
        </extensions>
      </trkpt>
      <trkpt lat="45.72344734333455562591552734375" lon="126.5963660739362239837646484375">
        <ele>149</ele>
        <time>2026-07-31T22:16:22.000Z</time>
        <extensions>
          <ns3:TrackPointExtension>
            <ns3:hr>181</ns3:hr>
            <ns3:cad>86</ns3:cad>
          </ns3:TrackPointExtension>
        </extensions>
      </trkpt>
      <trkpt lat="45.72346486151218414306640625" lon="126.59636414609849452972412109375">
        <ele>149</ele>
        <time>2026-07-31T22:16:23.000Z</time>
        <extensions>
          <ns3:TrackPointExtension>
            <ns3:hr>181</ns3:hr>
            <ns3:cad>86</ns3:cad>
          </ns3:TrackPointExtension>
        </extensions>
      </trkpt>
      <trkpt lat="45.7234794460237026214599609375" lon="126.59636096097528934478759765625">
        <ele>149</ele>
        <time>2026-07-31T22:16:24.000Z</time>
        <extensions>
          <ns3:TrackPointExtension>
            <ns3:hr>181</ns3:hr>
            <ns3:cad>86</ns3:cad>
          </ns3:TrackPointExtension>
        </extensions>
      </trkpt>
      <trkpt lat="45.72349159978330135345458984375" lon="126.59635551273822784423828125">
        <ele>149</ele>
        <time>2026-07-31T22:16:25.000Z</time>
        <extensions>
          <ns3:TrackPointExtension>
            <ns3:hr>181</ns3:hr>
            <ns3:cad>86</ns3:cad>
          </ns3:TrackPointExtension>
        </extensions>
      </trkpt>
      <trkpt lat="45.7235082797706127166748046875" lon="126.5963486395776271820068359375">
        <ele>149.1999969482421875</ele>
        <time>2026-07-31T22:16:26.000Z</time>
        <extensions>
          <ns3:TrackPointExtension>
            <ns3:hr>182</ns3:hr>
            <ns3:cad>86</ns3:cad>
          </ns3:TrackPointExtension>
        </extensions>
      </trkpt>
      <trkpt lat="45.723523534834384918212890625" lon="126.5963355638086795806884765625">
        <ele>149.1999969482421875</ele>
        <time>2026-07-31T22:16:27.000Z</time>
        <extensions>
          <ns3:TrackPointExtension>
            <ns3:hr>181</ns3:hr>
            <ns3:cad>87</ns3:cad>
          </ns3:TrackPointExtension>
        </extensions>
      </trkpt>
      <trkpt lat="45.7235381193459033966064453125" lon="126.5963238291442394256591796875">
        <ele>149.1999969482421875</ele>
        <time>2026-07-31T22:16:28.000Z</time>
        <extensions>
          <ns3:TrackPointExtension>
            <ns3:hr>180</ns3:hr>
            <ns3:cad>87</ns3:cad>
          </ns3:TrackPointExtension>
        </extensions>
      </trkpt>
      <trkpt lat="45.7235465012490749359130859375" lon="126.596308909356594085693359375">
        <ele>149</ele>
        <time>2026-07-31T22:16:29.000Z</time>
        <extensions>
          <ns3:TrackPointExtension>
            <ns3:hr>179</ns3:hr>
            <ns3:cad>87</ns3:cad>
          </ns3:TrackPointExtension>
        </extensions>
      </trkpt>
      <trkpt lat="45.72355731390416622161865234375" lon="126.59629306755959987640380859375">
        <ele>149</ele>
        <time>2026-07-31T22:16:30.000Z</time>
        <extensions>
          <ns3:TrackPointExtension>
            <ns3:hr>179</ns3:hr>
            <ns3:cad>87</ns3:cad>
          </ns3:TrackPointExtension>
        </extensions>
      </trkpt>
      <trkpt lat="45.723569802939891815185546875" lon="126.59626842476427555084228515625">
        <ele>149.1999969482421875</ele>
        <time>2026-07-31T22:16:31.000Z</time>
        <extensions>
          <ns3:TrackPointExtension>
            <ns3:hr>179</ns3:hr>
            <ns3:cad>88</ns3:cad>
          </ns3:TrackPointExtension>
        </extensions>
      </trkpt>
      <trkpt lat="45.72357952594757080078125" lon="126.5962457098066806793212890625">
        <ele>149.1999969482421875</ele>
        <time>2026-07-31T22:16:32.000Z</time>
        <extensions>
          <ns3:TrackPointExtension>
            <ns3:hr>179</ns3:hr>
            <ns3:cad>88</ns3:cad>
          </ns3:TrackPointExtension>
        </extensions>
      </trkpt>
      <trkpt lat="45.7235941104590892791748046875" lon="126.596222408115863800048828125">
        <ele>149.1999969482421875</ele>
        <time>2026-07-31T22:16:33.000Z</time>
        <extensions>
          <ns3:TrackPointExtension>
            <ns3:hr>179</ns3:hr>
            <ns3:cad>87</ns3:cad>
          </ns3:TrackPointExtension>
        </extensions>
      </trkpt>
      <trkpt lat="45.72360458783805370330810546875" lon="126.5961984358727931976318359375">
        <ele>149.399993896484375</ele>
        <time>2026-07-31T22:16:34.000Z</time>
        <extensions>
          <ns3:TrackPointExtension>
            <ns3:hr>179</ns3:hr>
            <ns3:cad>84</ns3:cad>
          </ns3:TrackPointExtension>
        </extensions>
      </trkpt>
      <trkpt lat="45.7236122153699398040771484375" lon="126.59617689438164234161376953125">
        <ele>149.399993896484375</ele>
        <time>2026-07-31T22:16:35.000Z</time>
        <extensions>
          <ns3:TrackPointExtension>
            <ns3:hr>180</ns3:hr>
            <ns3:cad>84</ns3:cad>
          </ns3:TrackPointExtension>
        </extensions>
      </trkpt>
      <trkpt lat="45.72362311184406280517578125" lon="126.59615099430084228515625">
        <ele>149.399993896484375</ele>
        <time>2026-07-31T22:16:36.000Z</time>
        <extensions>
          <ns3:TrackPointExtension>
            <ns3:hr>180</ns3:hr>
            <ns3:cad>84</ns3:cad>
          </ns3:TrackPointExtension>
        </extensions>
      </trkpt>
      <trkpt lat="45.7236318290233612060546875" lon="126.59612995572388172149658203125">
        <ele>149.1999969482421875</ele>
        <time>2026-07-31T22:16:37.000Z</time>
        <extensions>
          <ns3:TrackPointExtension>
            <ns3:hr>180</ns3:hr>
            <ns3:cad>84</ns3:cad>
          </ns3:TrackPointExtension>
        </extensions>
      </trkpt>
      <trkpt lat="45.72364247404038906097412109375" lon="126.5961102582514286041259765625">
        <ele>149.1999969482421875</ele>
        <time>2026-07-31T22:16:38.000Z</time>
        <extensions>
          <ns3:TrackPointExtension>
            <ns3:hr>179</ns3:hr>
            <ns3:cad>84</ns3:cad>
          </ns3:TrackPointExtension>
        </extensions>
      </trkpt>
      <trkpt lat="45.72365789674222469329833984375" lon="126.59609542228281497955322265625">
        <ele>149.1999969482421875</ele>
        <time>2026-07-31T22:16:39.000Z</time>
        <extensions>
          <ns3:TrackPointExtension>
            <ns3:hr>179</ns3:hr>
            <ns3:cad>84</ns3:cad>
          </ns3:TrackPointExtension>
        </extensions>
      </trkpt>
      <trkpt lat="45.723665691912174224853515625" lon="126.59607212059199810028076171875">
        <ele>149.1999969482421875</ele>
        <time>2026-07-31T22:16:40.000Z</time>
        <extensions>
          <ns3:TrackPointExtension>
            <ns3:hr>179</ns3:hr>
            <ns3:cad>84</ns3:cad>
          </ns3:TrackPointExtension>
        </extensions>
      </trkpt>
      <trkpt lat="45.72367834858596324920654296875" lon="126.5960569493472576141357421875">
        <ele>149.1999969482421875</ele>
        <time>2026-07-31T22:16:41.000Z</time>
        <extensions>
          <ns3:TrackPointExtension>
            <ns3:hr>179</ns3:hr>
            <ns3:cad>84</ns3:cad>
          </ns3:TrackPointExtension>
        </extensions>
      </trkpt>
      <trkpt lat="45.723689161241054534912109375" lon="126.59603892825543880462646484375">
        <ele>149.1999969482421875</ele>
        <time>2026-07-31T22:16:42.000Z</time>
        <extensions>
          <ns3:TrackPointExtension>
            <ns3:hr>178</ns3:hr>
            <ns3:cad>84</ns3:cad>
          </ns3:TrackPointExtension>
        </extensions>
      </trkpt>
      <trkpt lat="45.7237047515809535980224609375" lon="126.59602015279233455657958984375">
        <ele>149</ele>
        <time>2026-07-31T22:16:43.000Z</time>
        <extensions>
          <ns3:TrackPointExtension>
            <ns3:hr>178</ns3:hr>
            <ns3:cad>85</ns3:cad>
          </ns3:TrackPointExtension>
        </extensions>
      </trkpt>
      <trkpt lat="45.7237168215215206146240234375" lon="126.59600640647113323211669921875">
        <ele>149.1999969482421875</ele>
        <time>2026-07-31T22:16:44.000Z</time>
        <extensions>
          <ns3:TrackPointExtension>
            <ns3:hr>178</ns3:hr>
            <ns3:cad>85</ns3:cad>
          </ns3:TrackPointExtension>
        </extensions>
      </trkpt>
      <trkpt lat="45.72373467497527599334716796875" lon="126.59598293714225292205810546875">
        <ele>149.1999969482421875</ele>
        <time>2026-07-31T22:16:45.000Z</time>
        <extensions>
          <ns3:TrackPointExtension>
            <ns3:hr>177</ns3:hr>
            <ns3:cad>85</ns3:cad>
          </ns3:TrackPointExtension>
        </extensions>
      </trkpt>
      <trkpt lat="45.72374775074422359466552734375" lon="126.59595745615661144256591796875">
        <ele>149.1999969482421875</ele>
        <time>2026-07-31T22:16:46.000Z</time>
        <extensions>
          <ns3:TrackPointExtension>
            <ns3:hr>177</ns3:hr>
            <ns3:cad>86</ns3:cad>
          </ns3:TrackPointExtension>
        </extensions>
      </trkpt>
      <trkpt lat="45.72376434691250324249267578125" lon="126.59594111144542694091796875">
        <ele>149.1999969482421875</ele>
        <time>2026-07-31T22:16:47.000Z</time>
        <extensions>
          <ns3:TrackPointExtension>
            <ns3:hr>177</ns3:hr>
            <ns3:cad>87</ns3:cad>
          </ns3:TrackPointExtension>
        </extensions>
      </trkpt>
      <trkpt lat="45.7237758301198482513427734375" lon="126.59591504372656345367431640625">
        <ele>149.1999969482421875</ele>
        <time>2026-07-31T22:16:48.000Z</time>
        <extensions>
          <ns3:TrackPointExtension>
            <ns3:hr>177</ns3:hr>
            <ns3:cad>87</ns3:cad>
          </ns3:TrackPointExtension>
        </extensions>
      </trkpt>
      <trkpt lat="45.72378345765173435211181640625" lon="126.59588989801704883575439453125">
        <ele>149.1999969482421875</ele>
        <time>2026-07-31T22:16:49.000Z</time>
        <extensions>
          <ns3:TrackPointExtension>
            <ns3:hr>176</ns3:hr>
            <ns3:cad>87</ns3:cad>
          </ns3:TrackPointExtension>
        </extensions>
      </trkpt>
      <trkpt lat="45.7237895764410495758056640625" lon="126.5958601422607898712158203125">
        <ele>149.1999969482421875</ele>
        <time>2026-07-31T22:16:50.000Z</time>
        <extensions>
          <ns3:TrackPointExtension>
            <ns3:hr>176</ns3:hr>
            <ns3:cad>87</ns3:cad>
          </ns3:TrackPointExtension>
        </extensions>
      </trkpt>
      <trkpt lat="45.72378077544271945953369140625" lon="126.59582803957164287567138671875">
        <ele>149.1999969482421875</ele>
        <time>2026-07-31T22:16:51.000Z</time>
        <extensions>
          <ns3:TrackPointExtension>
            <ns3:hr>176</ns3:hr>
            <ns3:cad>87</ns3:cad>
          </ns3:TrackPointExtension>
        </extensions>
      </trkpt>
      <trkpt lat="45.723766945302486419677734375" lon="126.59580339677631855010986328125">
        <ele>149</ele>
        <time>2026-07-31T22:16:52.000Z</time>
        <extensions>
          <ns3:TrackPointExtension>
            <ns3:hr>176</ns3:hr>
            <ns3:cad>87</ns3:cad>
          </ns3:TrackPointExtension>
        </extensions>
      </trkpt>
      <trkpt lat="45.72374381124973297119140625" lon="126.59578193910419940948486328125">
        <ele>149</ele>
        <time>2026-07-31T22:16:53.000Z</time>
        <extensions>
          <ns3:TrackPointExtension>
            <ns3:hr>176</ns3:hr>
            <ns3:cad>87</ns3:cad>
          </ns3:TrackPointExtension>
        </extensions>
      </trkpt>
      <trkpt lat="45.72371707297861576080322265625" lon="126.595758385956287384033203125">
        <ele>149</ele>
        <time>2026-07-31T22:16:54.000Z</time>
        <extensions>
          <ns3:TrackPointExtension>
            <ns3:hr>175</ns3:hr>
            <ns3:cad>87</ns3:cad>
          </ns3:TrackPointExtension>
        </extensions>
      </trkpt>
      <trkpt lat="45.72369553148746490478515625" lon="126.5957417897880077362060546875">
        <ele>149</ele>
        <time>2026-07-31T22:16:55.000Z</time>
        <extensions>
          <ns3:TrackPointExtension>
            <ns3:hr>176</ns3:hr>
            <ns3:cad>87</ns3:cad>
          </ns3:TrackPointExtension>
        </extensions>
      </trkpt>
      <trkpt lat="45.72367046959698200225830078125" lon="126.59572678618133068084716796875">
        <ele>149</ele>
        <time>2026-07-31T22:16:56.000Z</time>
        <extensions>
          <ns3:TrackPointExtension>
            <ns3:hr>175</ns3:hr>
            <ns3:cad>86</ns3:cad>
          </ns3:TrackPointExtension>
        </extensions>
      </trkpt>
      <trkpt lat="45.723647587001323699951171875" lon="126.59571572206914424896240234375">
        <ele>149</ele>
        <time>2026-07-31T22:16:57.000Z</time>
        <extensions>
          <ns3:TrackPointExtension>
            <ns3:hr>175</ns3:hr>
            <ns3:cad>86</ns3:cad>
          </ns3:TrackPointExtension>
        </extensions>
      </trkpt>
      <trkpt lat="45.72362638078629970550537109375" lon="126.59569443203508853912353515625">
        <ele>149</ele>
        <time>2026-07-31T22:16:58.000Z</time>
        <extensions>
          <ns3:TrackPointExtension>
            <ns3:hr>175</ns3:hr>
            <ns3:cad>86</ns3:cad>
          </ns3:TrackPointExtension>
        </extensions>
      </trkpt>
      <trkpt lat="45.72360844351351261138916015625" lon="126.59567582421004772186279296875">
        <ele>149</ele>
        <time>2026-07-31T22:16:59.000Z</time>
        <extensions>
          <ns3:TrackPointExtension>
            <ns3:hr>175</ns3:hr>
            <ns3:cad>87</ns3:cad>
          </ns3:TrackPointExtension>
        </extensions>
      </trkpt>
      <trkpt lat="45.7235847227275371551513671875" lon="126.59565621055662631988525390625">
        <ele>148.8000030517578125</ele>
        <time>2026-07-31T22:17:00.000Z</time>
        <extensions>
          <ns3:TrackPointExtension>
            <ns3:hr>175</ns3:hr>
            <ns3:cad>88</ns3:cad>
          </ns3:TrackPointExtension>
        </extensions>
      </trkpt>
      <trkpt lat="45.7235652767121791839599609375" lon="126.5956328250467777252197265625">
        <ele>148.600006103515625</ele>
        <time>2026-07-31T22:17:01.000Z</time>
        <extensions>
          <ns3:TrackPointExtension>
            <ns3:hr>175</ns3:hr>
            <ns3:cad>88</ns3:cad>
          </ns3:TrackPointExtension>
        </extensions>
      </trkpt>
      <trkpt lat="45.72354272939264774322509765625" lon="126.59561379812657833099365234375">
        <ele>148.600006103515625</ele>
        <time>2026-07-31T22:17:02.000Z</time>
        <extensions>
          <ns3:TrackPointExtension>
            <ns3:hr>174</ns3:hr>
            <ns3:cad>87</ns3:cad>
          </ns3:TrackPointExtension>
        </extensions>
      </trkpt>
      <trkpt lat="45.72352462448179721832275390625" lon="126.59558597020804882049560546875">
        <ele>148.600006103515625</ele>
        <time>2026-07-31T22:17:03.000Z</time>
        <extensions>
          <ns3:TrackPointExtension>
            <ns3:hr>174</ns3:hr>
            <ns3:cad>87</ns3:cad>
          </ns3:TrackPointExtension>
        </extensions>
      </trkpt>
      <trkpt lat="45.72350618429481983184814453125" lon="126.59557205624878406524658203125">
        <ele>148.1999969482421875</ele>
        <time>2026-07-31T22:17:04.000Z</time>
        <extensions>
          <ns3:TrackPointExtension>
            <ns3:hr>174</ns3:hr>
            <ns3:cad>87</ns3:cad>
          </ns3:TrackPointExtension>
        </extensions>
      </trkpt>
      <trkpt lat="45.72348807938396930694580078125" lon="126.5955456532537937164306640625">
        <ele>148.1999969482421875</ele>
        <time>2026-07-31T22:17:05.000Z</time>
        <extensions>
          <ns3:TrackPointExtension>
            <ns3:hr>174</ns3:hr>
            <ns3:cad>87</ns3:cad>
          </ns3:TrackPointExtension>
        </extensions>
      </trkpt>
      <trkpt lat="45.723471902310848236083984375" lon="126.59552981145679950714111328125">
        <ele>148</ele>
        <time>2026-07-31T22:17:06.000Z</time>
        <extensions>
          <ns3:TrackPointExtension>
            <ns3:hr>173</ns3:hr>
            <ns3:cad>87</ns3:cad>
          </ns3:TrackPointExtension>
        </extensions>
      </trkpt>
      <trkpt lat="45.72345186956226825714111328125" lon="126.59550097770988941192626953125">
        <ele>147.8000030517578125</ele>
        <time>2026-07-31T22:17:07.000Z</time>
        <extensions>
          <ns3:TrackPointExtension>
            <ns3:hr>173</ns3:hr>
            <ns3:cad>87</ns3:cad>
          </ns3:TrackPointExtension>
        </extensions>
      </trkpt>
      <trkpt lat="45.72343594394624233245849609375" lon="126.59548236988484859466552734375">
        <ele>147.600006103515625</ele>
        <time>2026-07-31T22:17:08.000Z</time>
        <extensions>
          <ns3:TrackPointExtension>
            <ns3:hr>172</ns3:hr>
            <ns3:cad>87</ns3:cad>
          </ns3:TrackPointExtension>
        </extensions>
      </trkpt>
      <trkpt lat="45.7234145700931549072265625" lon="126.59545705653727054595947265625">
        <ele>147.600006103515625</ele>
        <time>2026-07-31T22:17:09.000Z</time>
        <extensions>
          <ns3:TrackPointExtension>
            <ns3:hr>172</ns3:hr>
            <ns3:cad>87</ns3:cad>
          </ns3:TrackPointExtension>
        </extensions>
      </trkpt>
      <trkpt lat="45.7233983092010021209716796875" lon="126.59543174318969249725341796875">
        <ele>147.399993896484375</ele>
        <time>2026-07-31T22:17:10.000Z</time>
        <extensions>
          <ns3:TrackPointExtension>
            <ns3:hr>171</ns3:hr>
            <ns3:cad>87</ns3:cad>
          </ns3:TrackPointExtension>
        </extensions>
      </trkpt>
      <trkpt lat="45.72337559424340724945068359375" lon="126.5954095311462879180908203125">
        <ele>147.399993896484375</ele>
        <time>2026-07-31T22:17:11.000Z</time>
        <extensions>
          <ns3:TrackPointExtension>
            <ns3:hr>171</ns3:hr>
            <ns3:cad>87</ns3:cad>
          </ns3:TrackPointExtension>
        </extensions>
      </trkpt>
      <trkpt lat="45.72335128672420978546142578125" lon="126.5953894145786762237548828125">
        <ele>147.1999969482421875</ele>
        <time>2026-07-31T22:17:12.000Z</time>
        <extensions>
          <ns3:TrackPointExtension>
            <ns3:hr>170</ns3:hr>
            <ns3:cad>87</ns3:cad>
          </ns3:TrackPointExtension>
        </extensions>
      </trkpt>
      <trkpt lat="45.72333100251853466033935546875" lon="126.59538899548351764678955078125">
        <ele>147</ele>
        <time>2026-07-31T22:17:13.000Z</time>
        <extensions>
          <ns3:TrackPointExtension>
            <ns3:hr>170</ns3:hr>
            <ns3:cad>86</ns3:cad>
          </ns3:TrackPointExtension>
        </extensions>
      </trkpt>
      <trkpt lat="45.7233285717666149139404296875" lon="126.59541246481239795684814453125">
        <ele>147</ele>
        <time>2026-07-31T22:17:14.000Z</time>
        <extensions>
          <ns3:TrackPointExtension>
            <ns3:hr>170</ns3:hr>
            <ns3:cad>86</ns3:cad>
          </ns3:TrackPointExtension>
        </extensions>
      </trkpt>
      <trkpt lat="45.72333904914557933807373046875" lon="126.5954226069152355194091796875">
        <ele>147</ele>
        <time>2026-07-31T22:17:15.000Z</time>
        <extensions>
          <ns3:TrackPointExtension>
            <ns3:hr>170</ns3:hr>
            <ns3:cad>86</ns3:cad>
          </ns3:TrackPointExtension>
        </extensions>
      </trkpt>
      <trkpt lat="45.7233584113419055938720703125" lon="126.595445573329925537109375">
        <ele>147</ele>
        <time>2026-07-31T22:17:16.000Z</time>
        <extensions>
          <ns3:TrackPointExtension>
            <ns3:hr>170</ns3:hr>
            <ns3:cad>86</ns3:cad>
          </ns3:TrackPointExtension>
        </extensions>
      </trkpt>
      <trkpt lat="45.72337509132921695709228515625" lon="126.59545705653727054595947265625">
        <ele>147</ele>
        <time>2026-07-31T22:17:17.000Z</time>
        <extensions>
          <ns3:TrackPointExtension>
            <ns3:hr>169</ns3:hr>
            <ns3:cad>87</ns3:cad>
          </ns3:TrackPointExtension>
        </extensions>
      </trkpt>
      <trkpt lat="45.7233956269919872283935546875" lon="126.59547935239970684051513671875">
        <ele>147</ele>
        <time>2026-07-31T22:17:18.000Z</time>
        <extensions>
          <ns3:TrackPointExtension>
            <ns3:hr>169</ns3:hr>
            <ns3:cad>87</ns3:cad>
          </ns3:TrackPointExtension>
        </extensions>
      </trkpt>
      <trkpt lat="45.72341448627412319183349609375" lon="126.5954997204244136810302734375">
        <ele>147</ele>
        <time>2026-07-31T22:17:19.000Z</time>
        <extensions>
          <ns3:TrackPointExtension>
            <ns3:hr>169</ns3:hr>
            <ns3:cad>87</ns3:cad>
          </ns3:TrackPointExtension>
        </extensions>
      </trkpt>
      <trkpt lat="45.72343267500400543212890625" lon="126.5955151431262493133544921875">
        <ele>146.8000030517578125</ele>
        <time>2026-07-31T22:17:20.000Z</time>
        <extensions>
          <ns3:TrackPointExtension>
            <ns3:hr>168</ns3:hr>
            <ns3:cad>87</ns3:cad>
          </ns3:TrackPointExtension>
        </extensions>
      </trkpt>
      <trkpt lat="45.72345404885709285736083984375" lon="126.59553484059870243072509765625">
        <ele>146.8000030517578125</ele>
        <time>2026-07-31T22:17:21.000Z</time>
        <extensions>
          <ns3:TrackPointExtension>
            <ns3:hr>168</ns3:hr>
            <ns3:cad>85</ns3:cad>
          </ns3:TrackPointExtension>
        </extensions>
      </trkpt>
      <trkpt lat="45.72347014211118221282958984375" lon="126.59554816782474517822265625">
        <ele>146.600006103515625</ele>
        <time>2026-07-31T22:17:22.000Z</time>
        <extensions>
          <ns3:TrackPointExtension>
            <ns3:hr>168</ns3:hr>
            <ns3:cad>85</ns3:cad>
          </ns3:TrackPointExtension>
        </extensions>
      </trkpt>
      <trkpt lat="45.72349629364907741546630859375" lon="126.5955664403736591339111328125">
        <ele>146.399993896484375</ele>
        <time>2026-07-31T22:17:23.000Z</time>
        <extensions>
          <ns3:TrackPointExtension>
            <ns3:hr>168</ns3:hr>
            <ns3:cad>85</ns3:cad>
          </ns3:TrackPointExtension>
        </extensions>
      </trkpt>
      <trkpt lat="45.7235176675021648406982421875" lon="126.5955815277993679046630859375">
        <ele>146.399993896484375</ele>
        <time>2026-07-31T22:17:24.000Z</time>
        <extensions>
          <ns3:TrackPointExtension>
            <ns3:hr>167</ns3:hr>
            <ns3:cad>85</ns3:cad>
          </ns3:TrackPointExtension>
        </extensions>
      </trkpt>
      <trkpt lat="45.72353987954556941986083984375" lon="126.5956026501953601837158203125">
        <ele>146.1999969482421875</ele>
        <time>2026-07-31T22:17:25.000Z</time>
        <extensions>
          <ns3:TrackPointExtension>
            <ns3:hr>167</ns3:hr>
            <ns3:cad>85</ns3:cad>
          </ns3:TrackPointExtension>
        </extensions>
      </trkpt>
      <trkpt lat="45.72356049902737140655517578125" lon="126.5956212580204010009765625">
        <ele>146.1999969482421875</ele>
        <time>2026-07-31T22:17:26.000Z</time>
        <extensions>
          <ns3:TrackPointExtension>
            <ns3:hr>167</ns3:hr>
            <ns3:cad>85</ns3:cad>
          </ns3:TrackPointExtension>
        </extensions>
      </trkpt>
      <trkpt lat="45.7235790230333805084228515625" lon="126.59563642926514148712158203125">
        <ele>146</ele>
        <time>2026-07-31T22:17:27.000Z</time>
        <extensions>
          <ns3:TrackPointExtension>
            <ns3:hr>166</ns3:hr>
            <ns3:cad>85</ns3:cad>
          </ns3:TrackPointExtension>
        </extensions>
      </trkpt>
      <trkpt lat="45.723600648343563079833984375" lon="126.59565336070954799652099609375">
        <ele>145.8000030517578125</ele>
        <time>2026-07-31T22:17:28.000Z</time>
        <extensions>
          <ns3:TrackPointExtension>
            <ns3:hr>165</ns3:hr>
            <ns3:cad>85</ns3:cad>
          </ns3:TrackPointExtension>
        </extensions>
      </trkpt>
      <trkpt lat="45.72361833415925502777099609375" lon="126.5956690348684787750244140625">
        <ele>145.600006103515625</ele>
        <time>2026-07-31T22:17:29.000Z</time>
        <extensions>
          <ns3:TrackPointExtension>
            <ns3:hr>165</ns3:hr>
            <ns3:cad>86</ns3:cad>
          </ns3:TrackPointExtension>
        </extensions>
      </trkpt>
      <trkpt lat="45.7236420549452304840087890625" lon="126.59569309093058109283447265625">
        <ele>145.399993896484375</ele>
        <time>2026-07-31T22:17:30.000Z</time>
        <extensions>
          <ns3:TrackPointExtension>
            <ns3:hr>164</ns3:hr>
            <ns3:cad>86</ns3:cad>
          </ns3:TrackPointExtension>
        </extensions>
      </trkpt>
      <trkpt lat="45.72366066277027130126953125" lon="126.5957065857946872711181640625">
        <ele>145.1999969482421875</ele>
        <time>2026-07-31T22:17:31.000Z</time>
        <extensions>
          <ns3:TrackPointExtension>
            <ns3:hr>164</ns3:hr>
            <ns3:cad>86</ns3:cad>
          </ns3:TrackPointExtension>
        </extensions>
      </trkpt>
      <trkpt lat="45.72367943823337554931640625" lon="126.59572846256196498870849609375">
        <ele>145</ele>
        <time>2026-07-31T22:17:32.000Z</time>
        <extensions>
          <ns3:TrackPointExtension>
            <ns3:hr>163</ns3:hr>
            <ns3:cad>86</ns3:cad>
          </ns3:TrackPointExtension>
        </extensions>
      </trkpt>
      <trkpt lat="45.72369678877294063568115234375" lon="126.5957468189299106597900390625">
        <ele>145</ele>
        <time>2026-07-31T22:17:33.000Z</time>
        <extensions>
          <ns3:TrackPointExtension>
            <ns3:hr>163</ns3:hr>
            <ns3:cad>86</ns3:cad>
          </ns3:TrackPointExtension>
        </extensions>
      </trkpt>
      <trkpt lat="45.72371506132185459136962890625" lon="126.595761068165302276611328125">
        <ele>144.8000030517578125</ele>
        <time>2026-07-31T22:17:34.000Z</time>
        <extensions>
          <ns3:TrackPointExtension>
            <ns3:hr>163</ns3:hr>
            <ns3:cad>86</ns3:cad>
          </ns3:TrackPointExtension>
        </extensions>
      </trkpt>
      <trkpt lat="45.72373517788946628570556640625" lon="126.595780849456787109375">
        <ele>144.600006103515625</ele>
        <time>2026-07-31T22:17:35.000Z</time>
        <extensions>
          <ns3:TrackPointExtension>
            <ns3:hr>163</ns3:hr>
            <ns3:cad>86</ns3:cad>
          </ns3:TrackPointExtension>
        </extensions>
      </trkpt>
      <trkpt lat="45.72375982068479061126708984375" lon="126.5958028100430965423583984375">
        <ele>144.399993896484375</ele>
        <time>2026-07-31T22:17:36.000Z</time>
        <extensions>
          <ns3:TrackPointExtension>
            <ns3:hr>162</ns3:hr>
            <ns3:cad>86</ns3:cad>
          </ns3:TrackPointExtension>
        </extensions>
      </trkpt>
      <trkpt lat="45.72377867996692657470703125" lon="126.595830135047435760498046875">
        <ele>144.399993896484375</ele>
        <time>2026-07-31T22:17:37.000Z</time>
        <extensions>
          <ns3:TrackPointExtension>
            <ns3:hr>162</ns3:hr>
            <ns3:cad>86</ns3:cad>
          </ns3:TrackPointExtension>
        </extensions>
      </trkpt>
      <trkpt lat="45.723798461258411407470703125" lon="126.59585050307214260101318359375">
        <ele>144.399993896484375</ele>
        <time>2026-07-31T22:17:38.000Z</time>
        <extensions>
          <ns3:TrackPointExtension>
            <ns3:hr>162</ns3:hr>
            <ns3:cad>87</ns3:cad>
          </ns3:TrackPointExtension>
        </extensions>
      </trkpt>
      <trkpt lat="45.72381949983537197113037109375" lon="126.59587564878165721893310546875">
        <ele>144.1999969482421875</ele>
        <time>2026-07-31T22:17:39.000Z</time>
        <extensions>
          <ns3:TrackPointExtension>
            <ns3:hr>162</ns3:hr>
            <ns3:cad>87</ns3:cad>
          </ns3:TrackPointExtension>
        </extensions>
      </trkpt>
      <trkpt lat="45.72383844293653964996337890625" lon="126.59589827992022037506103515625">
        <ele>144.1999969482421875</ele>
        <time>2026-07-31T22:17:40.000Z</time>
        <extensions>
          <ns3:TrackPointExtension>
            <ns3:hr>162</ns3:hr>
            <ns3:cad>87</ns3:cad>
          </ns3:TrackPointExtension>
        </extensions>
      </trkpt>
      <trkpt lat="45.7238633371889591217041015625" lon="126.5959074161946773529052734375">
        <ele>144</ele>
        <time>2026-07-31T22:17:41.000Z</time>
        <extensions>
          <ns3:TrackPointExtension>
            <ns3:hr>161</ns3:hr>
            <ns3:cad>87</ns3:cad>
          </ns3:TrackPointExtension>
        </extensions>
      </trkpt>
      <trkpt lat="45.723878256976604461669921875" lon="126.5958970226347446441650390625">
        <ele>143.8000030517578125</ele>
        <time>2026-07-31T22:17:42.000Z</time>
        <extensions>
          <ns3:TrackPointExtension>
            <ns3:hr>161</ns3:hr>
            <ns3:cad>87</ns3:cad>
          </ns3:TrackPointExtension>
        </extensions>
      </trkpt>
      <trkpt lat="45.7238774187862873077392578125" lon="126.59587112255394458770751953125">
        <ele>143.600006103515625</ele>
        <time>2026-07-31T22:17:43.000Z</time>
        <extensions>
          <ns3:TrackPointExtension>
            <ns3:hr>161</ns3:hr>
            <ns3:cad>87</ns3:cad>
          </ns3:TrackPointExtension>
        </extensions>
      </trkpt>
      <trkpt lat="45.72386945597827434539794921875" lon="126.59584916196763515472412109375">
        <ele>143.399993896484375</ele>
        <time>2026-07-31T22:17:44.000Z</time>
        <extensions>
          <ns3:TrackPointExtension>
            <ns3:hr>161</ns3:hr>
            <ns3:cad>87</ns3:cad>
          </ns3:TrackPointExtension>
        </extensions>
      </trkpt>
      <trkpt lat="45.72385378181934356689453125" lon="126.59583943895995616912841796875">
        <ele>143.1999969482421875</ele>
        <time>2026-07-31T22:17:45.000Z</time>
        <extensions>
          <ns3:TrackPointExtension>
            <ns3:hr>161</ns3:hr>
            <ns3:cad>87</ns3:cad>
          </ns3:TrackPointExtension>
        </extensions>
      </trkpt>
      <trkpt lat="45.72384037077426910400390625" lon="126.5958212502300739288330078125">
        <ele>143</ele>
        <time>2026-07-31T22:17:46.000Z</time>
        <extensions>
          <ns3:TrackPointExtension>
            <ns3:hr>161</ns3:hr>
            <ns3:cad>87</ns3:cad>
          </ns3:TrackPointExtension>
        </extensions>
      </trkpt>
      <trkpt lat="45.72382754646241664886474609375" lon="126.5958128683269023895263671875">
        <ele>142.8000030517578125</ele>
        <time>2026-07-31T22:17:47.000Z</time>
        <extensions>
          <ns3:TrackPointExtension>
            <ns3:hr>161</ns3:hr>
            <ns3:cad>87</ns3:cad>
          </ns3:TrackPointExtension>
        </extensions>
      </trkpt>
      <trkpt lat="45.72381111793220043182373046875" lon="126.59578914754092693328857421875">
        <ele>142.600006103515625</ele>
        <time>2026-07-31T22:17:48.000Z</time>
        <extensions>
          <ns3:TrackPointExtension>
            <ns3:hr>160</ns3:hr>
            <ns3:cad>86</ns3:cad>
          </ns3:TrackPointExtension>
        </extensions>
      </trkpt>
      <trkpt lat="45.72379854507744312286376953125" lon="126.59576408565044403076171875">
        <ele>142.1999969482421875</ele>
        <time>2026-07-31T22:17:49.000Z</time>
        <extensions>
          <ns3:TrackPointExtension>
            <ns3:hr>160</ns3:hr>
            <ns3:cad>86</ns3:cad>
          </ns3:TrackPointExtension>
        </extensions>
      </trkpt>
      <trkpt lat="45.723778344690799713134765625" lon="126.5957424603402614593505859375">
        <ele>142</ele>
        <time>2026-07-31T22:17:50.000Z</time>
        <extensions>
          <ns3:TrackPointExtension>
            <ns3:hr>160</ns3:hr>
            <ns3:cad>86</ns3:cad>
          </ns3:TrackPointExtension>
        </extensions>
      </trkpt>
      <trkpt lat="45.72375730611383914947509765625" lon="126.5957132913172245025634765625">
        <ele>141.8000030517578125</ele>
        <time>2026-07-31T22:17:51.000Z</time>
        <extensions>
          <ns3:TrackPointExtension>
            <ns3:hr>160</ns3:hr>
            <ns3:cad>86</ns3:cad>
          </ns3:TrackPointExtension>
        </extensions>
      </trkpt>
      <trkpt lat="45.72373685427010059356689453125" lon="126.5956958569586277008056640625">
        <ele>141.399993896484375</ele>
        <time>2026-07-31T22:17:52.000Z</time>
        <extensions>
          <ns3:TrackPointExtension>
            <ns3:hr>160</ns3:hr>
            <ns3:cad>85</ns3:cad>
          </ns3:TrackPointExtension>
        </extensions>
      </trkpt>
      <trkpt lat="45.7237164862453937530517578125" lon="126.595665179193019866943359375">
        <ele>141</ele>
        <time>2026-07-31T22:17:53.000Z</time>
        <extensions>
          <ns3:TrackPointExtension>
            <ns3:hr>159</ns3:hr>
            <ns3:cad>85</ns3:cad>
          </ns3:TrackPointExtension>
        </extensions>
      </trkpt>
      <trkpt lat="45.72370919398963451385498046875" lon="126.59563290886580944061279296875">
        <ele>140.600006103515625</ele>
        <time>2026-07-31T22:17:54.000Z</time>
        <extensions>
          <ns3:TrackPointExtension>
            <ns3:hr>159</ns3:hr>
            <ns3:cad>85</ns3:cad>
          </ns3:TrackPointExtension>
        </extensions>
      </trkpt>
      <trkpt lat="45.7237094454467296600341796875" lon="126.59560558386147022247314453125">
        <ele>140.399993896484375</ele>
        <time>2026-07-31T22:17:55.000Z</time>
        <extensions>
          <ns3:TrackPointExtension>
            <ns3:hr>159</ns3:hr>
            <ns3:cad>84</ns3:cad>
          </ns3:TrackPointExtension>
        </extensions>
      </trkpt>
      <trkpt lat="45.72370500303804874420166015625" lon="126.59558630548417568206787109375">
        <ele>140.1999969482421875</ele>
        <time>2026-07-31T22:17:56.000Z</time>
        <extensions>
          <ns3:TrackPointExtension>
            <ns3:hr>159</ns3:hr>
            <ns3:cad>84</ns3:cad>
          </ns3:TrackPointExtension>
        </extensions>
      </trkpt>
      <trkpt lat="45.723718665540218353271484375" lon="126.59557457081973552703857421875">
        <ele>140</ele>
        <time>2026-07-31T22:17:57.000Z</time>
        <extensions>
          <ns3:TrackPointExtension>
            <ns3:hr>160</ns3:hr>
            <ns3:cad>85</ns3:cad>
          </ns3:TrackPointExtension>
        </extensions>
      </trkpt>
      <trkpt lat="45.72373467497527599334716796875" lon="126.59557322971522808074951171875">
        <ele>140</ele>
        <time>2026-07-31T22:17:58.000Z</time>
        <extensions>
          <ns3:TrackPointExtension>
            <ns3:hr>159</ns3:hr>
            <ns3:cad>86</ns3:cad>
          </ns3:TrackPointExtension>
        </extensions>
      </trkpt>
      <trkpt lat="45.7237469963729381561279296875" lon="126.5955676138401031494140625">
        <ele>140</ele>
        <time>2026-07-31T22:17:59.000Z</time>
        <extensions>
          <ns3:TrackPointExtension>
            <ns3:hr>159</ns3:hr>
            <ns3:cad>86</ns3:cad>
          </ns3:TrackPointExtension>
        </extensions>
      </trkpt>
      <trkpt lat="45.724851228296756744384765625" lon="126.5947859175503253936767578125">
        <ele>140.399993896484375</ele>
        <time>2026-07-31T22:18:42.000Z</time>
        <extensions>
          <ns3:TrackPointExtension>
            <ns3:hr>156</ns3:hr>
            <ns3:cad>87</ns3:cad>
          </ns3:TrackPointExtension>
        </extensions>
      </trkpt>
      <trkpt lat="45.72488048113882541656494140625" lon="126.59479740075767040252685546875">
        <ele>140.399993896484375</ele>
        <time>2026-07-31T22:18:43.000Z</time>
        <extensions>
          <ns3:TrackPointExtension>
            <ns3:hr>156</ns3:hr>
            <ns3:cad>87</ns3:cad>
          </ns3:TrackPointExtension>
        </extensions>
      </trkpt>
      <trkpt lat="45.72489758022129535675048828125" lon="126.59480343572795391082763671875">
        <ele>140.600006103515625</ele>
        <time>2026-07-31T22:18:44.000Z</time>
        <extensions>
          <ns3:TrackPointExtension>
            <ns3:hr>156</ns3:hr>
            <ns3:cad>87</ns3:cad>
          </ns3:TrackPointExtension>
        </extensions>
      </trkpt>
      <trkpt lat="45.72491669096052646636962890625" lon="126.59479874186217784881591796875">
        <ele>140.8000030517578125</ele>
        <time>2026-07-31T22:18:45.000Z</time>
        <extensions>
          <ns3:TrackPointExtension>
            <ns3:hr>156</ns3:hr>
            <ns3:cad>87</ns3:cad>
          </ns3:TrackPointExtension>
        </extensions>
      </trkpt>
      <trkpt lat="45.7249264977872371673583984375" lon="126.59479312598705291748046875">
        <ele>140.8000030517578125</ele>
        <time>2026-07-31T22:18:46.000Z</time>
        <extensions>
          <ns3:TrackPointExtension>
            <ns3:hr>156</ns3:hr>
            <ns3:cad>87</ns3:cad>
          </ns3:TrackPointExtension>
        </extensions>
      </trkpt>
      <trkpt lat="45.7249405793845653533935546875" lon="126.59478734247386455535888671875">
        <ele>141</ele>
        <time>2026-07-31T22:18:47.000Z</time>
        <extensions>
          <ns3:TrackPointExtension>
            <ns3:hr>156</ns3:hr>
            <ns3:cad>86</ns3:cad>
          </ns3:TrackPointExtension>
        </extensions>
      </trkpt>
      <trkpt lat="45.72496195323765277862548828125" lon="126.594784744083881378173828125">
        <ele>141</ele>
        <time>2026-07-31T22:18:48.000Z</time>
        <extensions>
          <ns3:TrackPointExtension>
            <ns3:hr>156</ns3:hr>
            <ns3:cad>86</ns3:cad>
          </ns3:TrackPointExtension>
        </extensions>
      </trkpt>
      <trkpt lat="45.72498089633882045745849609375" lon="126.59477627836167812347412109375">
        <ele>141.1999969482421875</ele>
        <time>2026-07-31T22:18:49.000Z</time>
        <extensions>
          <ns3:TrackPointExtension>
            <ns3:hr>156</ns3:hr>
            <ns3:cad>86</ns3:cad>
          </ns3:TrackPointExtension>
        </extensions>
      </trkpt>
      <trkpt lat="45.72499849833548069000244140625" lon="126.59477845765650272369384765625">
        <ele>141.600006103515625</ele>
        <time>2026-07-31T22:18:50.000Z</time>
        <extensions>
          <ns3:TrackPointExtension>
            <ns3:hr>156</ns3:hr>
            <ns3:cad>86</ns3:cad>
          </ns3:TrackPointExtension>
        </extensions>
      </trkpt>
      <trkpt lat="45.72502062655985355377197265625" lon="126.59476454369723796844482421875">
        <ele>141.600006103515625</ele>
        <time>2026-07-31T22:18:51.000Z</time>
        <extensions>
          <ns3:TrackPointExtension>
            <ns3:hr>156</ns3:hr>
            <ns3:cad>88</ns3:cad>
          </ns3:TrackPointExtension>
        </extensions>
      </trkpt>
      <trkpt lat="45.72504443116486072540283203125" lon="126.59475624561309814453125">
        <ele>141.8000030517578125</ele>
        <time>2026-07-31T22:18:52.000Z</time>
        <extensions>
          <ns3:TrackPointExtension>
            <ns3:hr>156</ns3:hr>
            <ns3:cad>88</ns3:cad>
          </ns3:TrackPointExtension>
        </extensions>
      </trkpt>
      <trkpt lat="45.72506505064666271209716796875" lon="126.59474995918571949005126953125">
        <ele>141.8000030517578125</ele>
        <time>2026-07-31T22:18:53.000Z</time>
        <extensions>
          <ns3:TrackPointExtension>
            <ns3:hr>156</ns3:hr>
            <ns3:cad>88</ns3:cad>
          </ns3:TrackPointExtension>
        </extensions>
      </trkpt>
      <trkpt lat="45.72509204037487506866455078125" lon="126.594743840396404266357421875">
        <ele>141.8000030517578125</ele>
        <time>2026-07-31T22:18:54.000Z</time>
        <extensions>
          <ns3:TrackPointExtension>
            <ns3:hr>156</ns3:hr>
            <ns3:cad>89</ns3:cad>
          </ns3:TrackPointExtension>
        </extensions>
      </trkpt>
      <trkpt lat="45.72511282749474048614501953125" lon="126.5947305969893932342529296875">
        <ele>141.600006103515625</ele>
        <time>2026-07-31T22:18:55.000Z</time>
        <extensions>
          <ns3:TrackPointExtension>
            <ns3:hr>156</ns3:hr>
            <ns3:cad>89</ns3:cad>
          </ns3:TrackPointExtension>
        </extensions>
      </trkpt>
      <trkpt lat="45.7251360453665256500244140625" lon="126.5947138331830501556396484375">
        <ele>141.600006103515625</ele>
        <time>2026-07-31T22:18:56.000Z</time>
        <extensions>
          <ns3:TrackPointExtension>
            <ns3:hr>157</ns3:hr>
            <ns3:cad>89</ns3:cad>
          </ns3:TrackPointExtension>
        </extensions>
      </trkpt>
      <trkpt lat="45.725152306258678436279296875" lon="126.5946972370147705078125">
        <ele>141.600006103515625</ele>
        <time>2026-07-31T22:18:57.000Z</time>
        <extensions>
          <ns3:TrackPointExtension>
            <ns3:hr>157</ns3:hr>
            <ns3:cad>89</ns3:cad>
          </ns3:TrackPointExtension>
        </extensions>
      </trkpt>
      <trkpt lat="45.7251749373972415924072265625" lon="126.594678461551666259765625">
        <ele>141.8000030517578125</ele>
        <time>2026-07-31T22:18:58.000Z</time>
        <extensions>
          <ns3:TrackPointExtension>
            <ns3:hr>158</ns3:hr>
            <ns3:cad>89</ns3:cad>
          </ns3:TrackPointExtension>
        </extensions>
      </trkpt>
      <trkpt lat="45.72519279085099697113037109375" lon="126.59466111101210117340087890625">
        <ele>141.8000030517578125</ele>
        <time>2026-07-31T22:18:59.000Z</time>
        <extensions>
          <ns3:TrackPointExtension>
            <ns3:hr>158</ns3:hr>
            <ns3:cad>87</ns3:cad>
          </ns3:TrackPointExtension>
        </extensions>
      </trkpt>
      <trkpt lat="45.72520871646702289581298828125" lon="126.59463982097804546356201171875">
        <ele>141.8000030517578125</ele>
        <time>2026-07-31T22:19:00.000Z</time>
        <extensions>
          <ns3:TrackPointExtension>
            <ns3:hr>159</ns3:hr>
            <ns3:cad>87</ns3:cad>
          </ns3:TrackPointExtension>
        </extensions>
      </trkpt>
      <trkpt lat="45.7252269051969051361083984375" lon="126.59461970441043376922607421875">
        <ele>141.8000030517578125</ele>
        <time>2026-07-31T22:19:01.000Z</time>
        <extensions>
          <ns3:TrackPointExtension>
            <ns3:hr>159</ns3:hr>
            <ns3:cad>87</ns3:cad>
          </ns3:TrackPointExtension>
        </extensions>
      </trkpt>
      <trkpt lat="45.72524040006101131439208984375" lon="126.5945941396057605743408203125">
        <ele>142</ele>
        <time>2026-07-31T22:19:02.000Z</time>
        <extensions>
          <ns3:TrackPointExtension>
            <ns3:hr>160</ns3:hr>
            <ns3:cad>87</ns3:cad>
          </ns3:TrackPointExtension>
        </extensions>
      </trkpt>
      <trkpt lat="45.72525548748672008514404296875" lon="126.59456857480108737945556640625">
        <ele>141.8000030517578125</ele>
        <time>2026-07-31T22:19:03.000Z</time>
        <extensions>
          <ns3:TrackPointExtension>
            <ns3:hr>160</ns3:hr>
            <ns3:cad>87</ns3:cad>
          </ns3:TrackPointExtension>
        </extensions>
      </trkpt>
      <trkpt lat="45.72527241893112659454345703125" lon="126.5945415012538433074951171875">
        <ele>141.8000030517578125</ele>
        <time>2026-07-31T22:19:04.000Z</time>
        <extensions>
          <ns3:TrackPointExtension>
            <ns3:hr>161</ns3:hr>
            <ns3:cad>88</ns3:cad>
          </ns3:TrackPointExtension>
        </extensions>
      </trkpt>
      <trkpt lat="45.72529152967035770416259765625" lon="126.594516523182392120361328125">
        <ele>141.8000030517578125</ele>
        <time>2026-07-31T22:19:05.000Z</time>
        <extensions>
          <ns3:TrackPointExtension>
            <ns3:hr>161</ns3:hr>
            <ns3:cad>88</ns3:cad>
          </ns3:TrackPointExtension>
        </extensions>
      </trkpt>
      <trkpt lat="45.72530041448771953582763671875" lon="126.59448928199708461761474609375">
        <ele>141.8000030517578125</ele>
        <time>2026-07-31T22:19:06.000Z</time>
        <extensions>
          <ns3:TrackPointExtension>
            <ns3:hr>162</ns3:hr>
            <ns3:cad>87</ns3:cad>
          </ns3:TrackPointExtension>
        </extensions>
      </trkpt>
      <trkpt lat="45.72532053105533123016357421875" lon="126.594458185136318206787109375">
        <ele>141.8000030517578125</ele>
        <time>2026-07-31T22:19:07.000Z</time>
        <extensions>
          <ns3:TrackPointExtension>
            <ns3:hr>162</ns3:hr>
            <ns3:cad>87</ns3:cad>
          </ns3:TrackPointExtension>
        </extensions>
      </trkpt>
      <trkpt lat="45.7253315113484859466552734375" lon="126.59443647600710391998291015625">
        <ele>141.8000030517578125</ele>
        <time>2026-07-31T22:19:08.000Z</time>
        <extensions>
          <ns3:TrackPointExtension>
            <ns3:hr>162</ns3:hr>
            <ns3:cad>87</ns3:cad>
          </ns3:TrackPointExtension>
        </extensions>
      </trkpt>
      <trkpt lat="45.72534986771643161773681640625" lon="126.59439791925251483917236328125">
        <ele>141.600006103515625</ele>
        <time>2026-07-31T22:19:09.000Z</time>
        <extensions>
          <ns3:TrackPointExtension>
            <ns3:hr>162</ns3:hr>
            <ns3:cad>88</ns3:cad>
          </ns3:TrackPointExtension>
        </extensions>
      </trkpt>
      <trkpt lat="45.72536244057118892669677734375" lon="126.5943688340485095977783203125">
        <ele>141.600006103515625</ele>
        <time>2026-07-31T22:19:10.000Z</time>
        <extensions>
          <ns3:TrackPointExtension>
            <ns3:hr>163</ns3:hr>
            <ns3:cad>88</ns3:cad>
          </ns3:TrackPointExtension>
        </extensions>
      </trkpt>
      <trkpt lat="45.7253764383494853973388671875" lon="126.5943353064358234405517578125">
        <ele>141.600006103515625</ele>
        <time>2026-07-31T22:19:11.000Z</time>
        <extensions>
          <ns3:TrackPointExtension>
            <ns3:hr>163</ns3:hr>
            <ns3:cad>88</ns3:cad>
          </ns3:TrackPointExtension>
        </extensions>
      </trkpt>
      <trkpt lat="45.72539060376584529876708984375" lon="126.5943037904798984527587890625">
        <ele>141.399993896484375</ele>
        <time>2026-07-31T22:19:12.000Z</time>
        <extensions>
          <ns3:TrackPointExtension>
            <ns3:hr>163</ns3:hr>
            <ns3:cad>87</ns3:cad>
          </ns3:TrackPointExtension>
        </extensions>
      </trkpt>
      <trkpt lat="45.72540099732577800750732421875" lon="126.59427286125719547271728515625">
        <ele>141.1999969482421875</ele>
        <time>2026-07-31T22:19:13.000Z</time>
        <extensions>
          <ns3:TrackPointExtension>
            <ns3:hr>163</ns3:hr>
            <ns3:cad>87</ns3:cad>
          </ns3:TrackPointExtension>
        </extensions>
      </trkpt>
      <trkpt lat="45.72541541419923305511474609375" lon="126.5942360647022724151611328125">
        <ele>141</ele>
        <time>2026-07-31T22:19:14.000Z</time>
        <extensions>
          <ns3:TrackPointExtension>
            <ns3:hr>163</ns3:hr>
            <ns3:cad>86</ns3:cad>
          </ns3:TrackPointExtension>
        </extensions>
      </trkpt>
      <trkpt lat="45.7254257239401340484619140625" lon="126.5942085720598697662353515625">
        <ele>140.8000030517578125</ele>
        <time>2026-07-31T22:19:15.000Z</time>
        <extensions>
          <ns3:TrackPointExtension>
            <ns3:hr>163</ns3:hr>
            <ns3:cad>86</ns3:cad>
          </ns3:TrackPointExtension>
        </extensions>
      </trkpt>
      <trkpt lat="45.72544475086033344268798828125" lon="126.5941703505814075469970703125">
        <ele>140.8000030517578125</ele>
        <time>2026-07-31T22:19:16.000Z</time>
        <extensions>
          <ns3:TrackPointExtension>
            <ns3:hr>162</ns3:hr>
            <ns3:cad>87</ns3:cad>
          </ns3:TrackPointExtension>
        </extensions>
      </trkpt>
      <trkpt lat="45.72545564733445644378662109375" lon="126.59414780326187610626220703125">
        <ele>140.600006103515625</ele>
        <time>2026-07-31T22:19:17.000Z</time>
        <extensions>
          <ns3:TrackPointExtension>
            <ns3:hr>162</ns3:hr>
            <ns3:cad>87</ns3:cad>
          </ns3:TrackPointExtension>
        </extensions>
      </trkpt>
      <trkpt lat="45.72547609917819499969482421875" lon="126.59411176107823848724365234375">
        <ele>140.600006103515625</ele>
        <time>2026-07-31T22:19:18.000Z</time>
        <extensions>
          <ns3:TrackPointExtension>
            <ns3:hr>162</ns3:hr>
            <ns3:cad>87</ns3:cad>
          </ns3:TrackPointExtension>
        </extensions>
      </trkpt>
      <trkpt lat="45.725484900176525115966796875" lon="126.59408058039844036102294921875">
        <ele>140.399993896484375</ele>
        <time>2026-07-31T22:19:19.000Z</time>
        <extensions>
          <ns3:TrackPointExtension>
            <ns3:hr>162</ns3:hr>
            <ns3:cad>87</ns3:cad>
          </ns3:TrackPointExtension>
        </extensions>
      </trkpt>
      <trkpt lat="45.72549889795482158660888671875" lon="126.5940412692725658416748046875">
        <ele>140.399993896484375</ele>
        <time>2026-07-31T22:19:20.000Z</time>
        <extensions>
          <ns3:TrackPointExtension>
            <ns3:hr>163</ns3:hr>
            <ns3:cad>87</ns3:cad>
          </ns3:TrackPointExtension>
        </extensions>
      </trkpt>
      <trkpt lat="45.72551750577986240386962890625" lon="126.59400916658341884613037109375">
        <ele>140.1999969482421875</ele>
        <time>2026-07-31T22:19:21.000Z</time>
        <extensions>
          <ns3:TrackPointExtension>
            <ns3:hr>163</ns3:hr>
            <ns3:cad>87</ns3:cad>
          </ns3:TrackPointExtension>
        </extensions>
      </trkpt>
      <trkpt lat="45.72553108446300029754638671875" lon="126.5939802490174770355224609375">
        <ele>140</ele>
        <time>2026-07-31T22:19:22.000Z</time>
        <extensions>
          <ns3:TrackPointExtension>
            <ns3:hr>163</ns3:hr>
            <ns3:cad>86</ns3:cad>
          </ns3:TrackPointExtension>
        </extensions>
      </trkpt>
      <trkpt lat="45.7255480997264385223388671875" lon="126.59394663758575916290283203125">
        <ele>140</ele>
        <time>2026-07-31T22:19:23.000Z</time>
        <extensions>
          <ns3:TrackPointExtension>
            <ns3:hr>163</ns3:hr>
            <ns3:cad>86</ns3:cad>
          </ns3:TrackPointExtension>
        </extensions>
      </trkpt>
      <trkpt lat="45.72555824182927608489990234375" lon="126.59392048604786396026611328125">
        <ele>139.8000030517578125</ele>
        <time>2026-07-31T22:19:24.000Z</time>
        <extensions>
          <ns3:TrackPointExtension>
            <ns3:hr>163</ns3:hr>
            <ns3:cad>86</ns3:cad>
          </ns3:TrackPointExtension>
        </extensions>
      </trkpt>
      <trkpt lat="45.72557752020657062530517578125" lon="126.59388628788292407989501953125">
        <ele>139.600006103515625</ele>
        <time>2026-07-31T22:19:25.000Z</time>
        <extensions>
          <ns3:TrackPointExtension>
            <ns3:hr>163</ns3:hr>
            <ns3:cad>86</ns3:cad>
          </ns3:TrackPointExtension>
        </extensions>
      </trkpt>
      <trkpt lat="45.7255866564810276031494140625" lon="126.5938578732311725616455078125">
        <ele>139.600006103515625</ele>
        <time>2026-07-31T22:19:26.000Z</time>
        <extensions>
          <ns3:TrackPointExtension>
            <ns3:hr>162</ns3:hr>
            <ns3:cad>86</ns3:cad>
          </ns3:TrackPointExtension>
        </extensions>
      </trkpt>
      <trkpt lat="45.72560618631541728973388671875" lon="126.5938250161707401275634765625">
        <ele>139.600006103515625</ele>
        <time>2026-07-31T22:19:27.000Z</time>
        <extensions>
          <ns3:TrackPointExtension>
            <ns3:hr>163</ns3:hr>
            <ns3:cad>87</ns3:cad>
          </ns3:TrackPointExtension>
        </extensions>
      </trkpt>
      <trkpt lat="45.72561657987534999847412109375" lon="126.59379408694803714752197265625">
        <ele>139.399993896484375</ele>
        <time>2026-07-31T22:19:28.000Z</time>
        <extensions>
          <ns3:TrackPointExtension>
            <ns3:hr>163</ns3:hr>
            <ns3:cad>88</ns3:cad>
          </ns3:TrackPointExtension>
        </extensions>
      </trkpt>
      <trkpt lat="45.72563334368169307708740234375" lon="126.59376072697341442108154296875">
        <ele>139.399993896484375</ele>
        <time>2026-07-31T22:19:29.000Z</time>
        <extensions>
          <ns3:TrackPointExtension>
            <ns3:hr>163</ns3:hr>
            <ns3:cad>88</ns3:cad>
          </ns3:TrackPointExtension>
        </extensions>
      </trkpt>
      <trkpt lat="45.72564507834613323211669921875" lon="126.5937344916164875030517578125">
        <ele>139.1999969482421875</ele>
        <time>2026-07-31T22:19:30.000Z</time>
        <extensions>
          <ns3:TrackPointExtension>
            <ns3:hr>163</ns3:hr>
            <ns3:cad>88</ns3:cad>
          </ns3:TrackPointExtension>
        </extensions>
      </trkpt>
      <trkpt lat="45.72566519491374492645263671875" lon="126.59370088018476963043212890625">
        <ele>139.1999969482421875</ele>
        <time>2026-07-31T22:19:31.000Z</time>
        <extensions>
          <ns3:TrackPointExtension>
            <ns3:hr>163</ns3:hr>
            <ns3:cad>87</ns3:cad>
          </ns3:TrackPointExtension>
        </extensions>
      </trkpt>
      <trkpt lat="45.725681371986865997314453125" lon="126.59367405809462070465087890625">
        <ele>139</ele>
        <time>2026-07-31T22:19:32.000Z</time>
        <extensions>
          <ns3:TrackPointExtension>
            <ns3:hr>162</ns3:hr>
            <ns3:cad>87</ns3:cad>
          </ns3:TrackPointExtension>
        </extensions>
      </trkpt>
      <trkpt lat="45.72569972835481166839599609375" lon="126.59364338032901287078857421875">
        <ele>139</ele>
        <time>2026-07-31T22:19:33.000Z</time>
        <extensions>
          <ns3:TrackPointExtension>
            <ns3:hr>162</ns3:hr>
            <ns3:cad>88</ns3:cad>
          </ns3:TrackPointExtension>
        </extensions>
      </trkpt>
      <trkpt lat="45.72572051547467708587646484375" lon="126.5936191566288471221923828125">
        <ele>138.8000030517578125</ele>
        <time>2026-07-31T22:19:34.000Z</time>
        <extensions>
          <ns3:TrackPointExtension>
            <ns3:hr>162</ns3:hr>
            <ns3:cad>88</ns3:cad>
          </ns3:TrackPointExtension>
        </extensions>
      </trkpt>
      <trkpt lat="45.725737698376178741455078125" lon="126.59359493292868137359619140625">
        <ele>138.8000030517578125</ele>
        <time>2026-07-31T22:19:35.000Z</time>
        <extensions>
          <ns3:TrackPointExtension>
            <ns3:hr>163</ns3:hr>
            <ns3:cad>88</ns3:cad>
          </ns3:TrackPointExtension>
        </extensions>
      </trkpt>
      <trkpt lat="45.7257616706192493438720703125" lon="126.59357263706624507904052734375">
        <ele>138.600006103515625</ele>
        <time>2026-07-31T22:19:36.000Z</time>
        <extensions>
          <ns3:TrackPointExtension>
            <ns3:hr>163</ns3:hr>
            <ns3:cad>87</ns3:cad>
          </ns3:TrackPointExtension>
        </extensions>
      </trkpt>
      <trkpt lat="45.72577918879687786102294921875" lon="126.593548916280269622802734375">
        <ele>138.600006103515625</ele>
        <time>2026-07-31T22:19:37.000Z</time>
        <extensions>
          <ns3:TrackPointExtension>
            <ns3:hr>163</ns3:hr>
            <ns3:cad>87</ns3:cad>
          </ns3:TrackPointExtension>
        </extensions>
      </trkpt>
      <trkpt lat="45.7258025743067264556884765625" lon="126.59352569840848445892333984375">
        <ele>138.600006103515625</ele>
        <time>2026-07-31T22:19:38.000Z</time>
        <extensions>
          <ns3:TrackPointExtension>
            <ns3:hr>162</ns3:hr>
            <ns3:cad>87</ns3:cad>
          </ns3:TrackPointExtension>
        </extensions>
      </trkpt>
      <trkpt lat="45.725819170475006103515625" lon="126.59350507892668247222900390625">
        <ele>138.600006103515625</ele>
        <time>2026-07-31T22:19:39.000Z</time>
        <extensions>
          <ns3:TrackPointExtension>
            <ns3:hr>163</ns3:hr>
            <ns3:cad>87</ns3:cad>
          </ns3:TrackPointExtension>
        </extensions>
      </trkpt>
      <trkpt lat="45.7258444838225841522216796875" lon="126.59347842447459697723388671875">
        <ele>138.600006103515625</ele>
        <time>2026-07-31T22:19:40.000Z</time>
        <extensions>
          <ns3:TrackPointExtension>
            <ns3:hr>163</ns3:hr>
            <ns3:cad>87</ns3:cad>
          </ns3:TrackPointExtension>
        </extensions>
      </trkpt>
      <trkpt lat="45.72585999034345149993896484375" lon="126.59345746971666812896728515625">
        <ele>138.600006103515625</ele>
        <time>2026-07-31T22:19:41.000Z</time>
        <extensions>
          <ns3:TrackPointExtension>
            <ns3:hr>162</ns3:hr>
            <ns3:cad>87</ns3:cad>
          </ns3:TrackPointExtension>
        </extensions>
      </trkpt>
      <trkpt lat="45.72588597424328327178955078125" lon="126.5934277139604091644287109375">
        <ele>138.600006103515625</ele>
        <time>2026-07-31T22:19:42.000Z</time>
        <extensions>
          <ns3:TrackPointExtension>
            <ns3:hr>163</ns3:hr>
            <ns3:cad>87</ns3:cad>
          </ns3:TrackPointExtension>
        </extensions>
      </trkpt>
      <trkpt lat="45.72590709663927555084228515625" lon="126.59340776503086090087890625">
        <ele>138.600006103515625</ele>
        <time>2026-07-31T22:19:43.000Z</time>
        <extensions>
          <ns3:TrackPointExtension>
            <ns3:hr>163</ns3:hr>
            <ns3:cad>87</ns3:cad>
          </ns3:TrackPointExtension>
        </extensions>
      </trkpt>
      <trkpt lat="45.72592805139720439910888671875" lon="126.5933888219296932220458984375">
        <ele>138.8000030517578125</ele>
        <time>2026-07-31T22:19:44.000Z</time>
        <extensions>
          <ns3:TrackPointExtension>
            <ns3:hr>162</ns3:hr>
            <ns3:cad>87</ns3:cad>
          </ns3:TrackPointExtension>
        </extensions>
      </trkpt>
      <trkpt lat="45.72594766505062580108642578125" lon="126.593372561037540435791015625">
        <ele>138.8000030517578125</ele>
        <time>2026-07-31T22:19:45.000Z</time>
        <extensions>
          <ns3:TrackPointExtension>
            <ns3:hr>163</ns3:hr>
            <ns3:cad>87</ns3:cad>
          </ns3:TrackPointExtension>
        </extensions>
      </trkpt>
      <trkpt lat="45.725972391664981842041015625" lon="126.59335001371800899505615234375">
        <ele>138.8000030517578125</ele>
        <time>2026-07-31T22:19:46.000Z</time>
        <extensions>
          <ns3:TrackPointExtension>
            <ns3:hr>163</ns3:hr>
            <ns3:cad>87</ns3:cad>
          </ns3:TrackPointExtension>
        </extensions>
      </trkpt>
      <trkpt lat="45.72599410079419612884521484375" lon="126.59333040006458759307861328125">
        <ele>139</ele>
        <time>2026-07-31T22:19:47.000Z</time>
        <extensions>
          <ns3:TrackPointExtension>
            <ns3:hr>163</ns3:hr>
            <ns3:cad>87</ns3:cad>
          </ns3:TrackPointExtension>
        </extensions>
      </trkpt>
      <trkpt lat="45.7260134629905223846435546875" lon="126.59330961294472217559814453125">
        <ele>139</ele>
        <time>2026-07-31T22:19:48.000Z</time>
        <extensions>
          <ns3:TrackPointExtension>
            <ns3:hr>163</ns3:hr>
            <ns3:cad>87</ns3:cad>
          </ns3:TrackPointExtension>
        </extensions>
      </trkpt>
      <trkpt lat="45.7260386087000370025634765625" lon="126.59329452551901340484619140625">
        <ele>139</ele>
        <time>2026-07-31T22:19:49.000Z</time>
        <extensions>
          <ns3:TrackPointExtension>
            <ns3:hr>163</ns3:hr>
            <ns3:cad>87</ns3:cad>
          </ns3:TrackPointExtension>
        </extensions>
      </trkpt>
      <trkpt lat="45.7260530255734920501708984375" lon="126.593278348445892333984375">
        <ele>139</ele>
        <time>2026-07-31T22:19:50.000Z</time>
        <extensions>
          <ns3:TrackPointExtension>
            <ns3:hr>163</ns3:hr>
            <ns3:cad>87</ns3:cad>
          </ns3:TrackPointExtension>
        </extensions>
      </trkpt>
      <trkpt lat="45.72608278132975101470947265625" lon="126.593257226049900054931640625">
        <ele>139.1999969482421875</ele>
        <time>2026-07-31T22:19:51.000Z</time>
        <extensions>
          <ns3:TrackPointExtension>
            <ns3:hr>163</ns3:hr>
            <ns3:cad>87</ns3:cad>
          </ns3:TrackPointExtension>
        </extensions>
      </trkpt>
      <trkpt lat="45.7260996289551258087158203125" lon="126.593242473900318145751953125">
        <ele>139.1999969482421875</ele>
        <time>2026-07-31T22:19:52.000Z</time>
        <extensions>
          <ns3:TrackPointExtension>
            <ns3:hr>163</ns3:hr>
            <ns3:cad>86</ns3:cad>
          </ns3:TrackPointExtension>
        </extensions>
      </trkpt>
      <trkpt lat="45.72612653486430644989013671875" lon="126.59322277642786502838134765625">
        <ele>139.399993896484375</ele>
        <time>2026-07-31T22:19:53.000Z</time>
        <extensions>
          <ns3:TrackPointExtension>
            <ns3:hr>163</ns3:hr>
            <ns3:cad>86</ns3:cad>
          </ns3:TrackPointExtension>
        </extensions>
      </trkpt>
      <trkpt lat="45.726145394146442413330078125" lon="126.59320869483053684234619140625">
        <ele>139.399993896484375</ele>
        <time>2026-07-31T22:19:54.000Z</time>
        <extensions>
          <ns3:TrackPointExtension>
            <ns3:hr>163</ns3:hr>
            <ns3:cad>86</ns3:cad>
          </ns3:TrackPointExtension>
        </extensions>
      </trkpt>
      <trkpt lat="45.72616609744727611541748046875" lon="126.593190841376781463623046875">
        <ele>139.399993896484375</ele>
        <time>2026-07-31T22:19:55.000Z</time>
        <extensions>
          <ns3:TrackPointExtension>
            <ns3:hr>163</ns3:hr>
            <ns3:cad>86</ns3:cad>
          </ns3:TrackPointExtension>
        </extensions>
      </trkpt>
      <trkpt lat="45.72619266808032989501953125" lon="126.59317851997911930084228515625">
        <ele>139.600006103515625</ele>
        <time>2026-07-31T22:19:56.000Z</time>
        <extensions>
          <ns3:TrackPointExtension>
            <ns3:hr>164</ns3:hr>
            <ns3:cad>86</ns3:cad>
          </ns3:TrackPointExtension>
        </extensions>
      </trkpt>
      <trkpt lat="45.72621186263859272003173828125" lon="126.593162678182125091552734375">
        <ele>139.8000030517578125</ele>
        <time>2026-07-31T22:19:57.000Z</time>
        <extensions>
          <ns3:TrackPointExtension>
            <ns3:hr>164</ns3:hr>
            <ns3:cad>86</ns3:cad>
          </ns3:TrackPointExtension>
        </extensions>
      </trkpt>
      <trkpt lat="45.72623290121555328369140625" lon="126.5931470878422260284423828125">
        <ele>139.8000030517578125</ele>
        <time>2026-07-31T22:19:58.000Z</time>
        <extensions>
          <ns3:TrackPointExtension>
            <ns3:hr>164</ns3:hr>
            <ns3:cad>86</ns3:cad>
          </ns3:TrackPointExtension>
        </extensions>
      </trkpt>
      <trkpt lat="45.72624740190804004669189453125" lon="126.5931308269500732421875">
        <ele>139.8000030517578125</ele>
        <time>2026-07-31T22:19:59.000Z</time>
        <extensions>
          <ns3:TrackPointExtension>
            <ns3:hr>164</ns3:hr>
            <ns3:cad>86</ns3:cad>
          </ns3:TrackPointExtension>
        </extensions>
      </trkpt>
      <trkpt lat="45.726276151835918426513671875" lon="126.59311347641050815582275390625">
        <ele>139.8000030517578125</ele>
        <time>2026-07-31T22:20:00.000Z</time>
        <extensions>
          <ns3:TrackPointExtension>
            <ns3:hr>164</ns3:hr>
            <ns3:cad>87</ns3:cad>
          </ns3:TrackPointExtension>
        </extensions>
      </trkpt>
      <trkpt lat="45.7262934185564517974853515625" lon="126.59309755079448223114013671875">
        <ele>139.8000030517578125</ele>
        <time>2026-07-31T22:20:01.000Z</time>
        <extensions>
          <ns3:TrackPointExtension>
            <ns3:hr>164</ns3:hr>
            <ns3:cad>87</ns3:cad>
          </ns3:TrackPointExtension>
        </extensions>
      </trkpt>
      <trkpt lat="45.726321749389171600341796875" lon="126.59307374618947505950927734375">
        <ele>139.8000030517578125</ele>
        <time>2026-07-31T22:20:02.000Z</time>
        <extensions>
          <ns3:TrackPointExtension>
            <ns3:hr>165</ns3:hr>
            <ns3:cad>87</ns3:cad>
          </ns3:TrackPointExtension>
        </extensions>
      </trkpt>
      <trkpt lat="45.726342536509037017822265625" lon="126.5930570662021636962890625">
        <ele>139.600006103515625</ele>
        <time>2026-07-31T22:20:03.000Z</time>
        <extensions>
          <ns3:TrackPointExtension>
            <ns3:hr>165</ns3:hr>
            <ns3:cad>88</ns3:cad>
          </ns3:TrackPointExtension>
        </extensions>
      </trkpt>
      <trkpt lat="45.7263678498566150665283203125" lon="126.593037284910678863525390625">
        <ele>139.600006103515625</ele>
        <time>2026-07-31T22:20:04.000Z</time>
        <extensions>
          <ns3:TrackPointExtension>
            <ns3:hr>165</ns3:hr>
            <ns3:cad>88</ns3:cad>
          </ns3:TrackPointExtension>
        </extensions>
      </trkpt>
      <trkpt lat="45.7263866253197193145751953125" lon="126.5930149890482425689697265625">
        <ele>139.600006103515625</ele>
        <time>2026-07-31T22:20:05.000Z</time>
        <extensions>
          <ns3:TrackPointExtension>
            <ns3:hr>165</ns3:hr>
            <ns3:cad>88</ns3:cad>
          </ns3:TrackPointExtension>
        </extensions>
      </trkpt>
      <trkpt lat="45.72640481404960155487060546875" lon="126.59299068152904510498046875">
        <ele>139.600006103515625</ele>
        <time>2026-07-31T22:20:06.000Z</time>
        <extensions>
          <ns3:TrackPointExtension>
            <ns3:hr>166</ns3:hr>
            <ns3:cad>88</ns3:cad>
          </ns3:TrackPointExtension>
        </extensions>
      </trkpt>
      <trkpt lat="45.726423673331737518310546875" lon="126.59296863712370395660400390625">
        <ele>139.600006103515625</ele>
        <time>2026-07-31T22:20:07.000Z</time>
        <extensions>
          <ns3:TrackPointExtension>
            <ns3:hr>166</ns3:hr>
            <ns3:cad>87</ns3:cad>
          </ns3:TrackPointExtension>
        </extensions>
      </trkpt>
      <trkpt lat="45.72644102387130260467529296875" lon="126.5929462574422359466552734375">
        <ele>139.600006103515625</ele>
        <time>2026-07-31T22:20:08.000Z</time>
        <extensions>
          <ns3:TrackPointExtension>
            <ns3:hr>166</ns3:hr>
            <ns3:cad>87</ns3:cad>
          </ns3:TrackPointExtension>
        </extensions>
      </trkpt>
      <trkpt lat="45.7264627330005168914794921875" lon="126.59291985444724559783935546875">
        <ele>139.399993896484375</ele>
        <time>2026-07-31T22:20:09.000Z</time>
        <extensions>
          <ns3:TrackPointExtension>
            <ns3:hr>166</ns3:hr>
            <ns3:cad>87</ns3:cad>
          </ns3:TrackPointExtension>
        </extensions>
      </trkpt>
      <trkpt lat="45.72647086344659328460693359375" lon="126.592900492250919342041015625">
        <ele>139.399993896484375</ele>
        <time>2026-07-31T22:20:10.000Z</time>
        <extensions>
          <ns3:TrackPointExtension>
            <ns3:hr>167</ns3:hr>
            <ns3:cad>87</ns3:cad>
          </ns3:TrackPointExtension>
        </extensions>
      </trkpt>
      <trkpt lat="45.72648502886295318603515625" lon="126.5928644500672817230224609375">
        <ele>139.399993896484375</ele>
        <time>2026-07-31T22:20:11.000Z</time>
        <extensions>
          <ns3:TrackPointExtension>
            <ns3:hr>167</ns3:hr>
            <ns3:cad>87</ns3:cad>
          </ns3:TrackPointExtension>
        </extensions>
      </trkpt>
      <trkpt lat="45.7264955900609493255615234375" lon="126.59283578395843505859375">
        <ele>139.399993896484375</ele>
        <time>2026-07-31T22:20:12.000Z</time>
        <extensions>
          <ns3:TrackPointExtension>
            <ns3:hr>167</ns3:hr>
            <ns3:cad>87</ns3:cad>
          </ns3:TrackPointExtension>
        </extensions>
      </trkpt>
      <trkpt lat="45.7265086658298969268798828125" lon="126.59280183725059032440185546875">
        <ele>139.1999969482421875</ele>
        <time>2026-07-31T22:20:13.000Z</time>
        <extensions>
          <ns3:TrackPointExtension>
            <ns3:hr>167</ns3:hr>
            <ns3:cad>87</ns3:cad>
          </ns3:TrackPointExtension>
        </extensions>
      </trkpt>
      <trkpt lat="45.726521573960781097412109375" lon="126.59278272651135921478271484375">
        <ele>139.1999969482421875</ele>
        <time>2026-07-31T22:20:14.000Z</time>
        <extensions>
          <ns3:TrackPointExtension>
            <ns3:hr>167</ns3:hr>
            <ns3:cad>87</ns3:cad>
          </ns3:TrackPointExtension>
        </extensions>
      </trkpt>
      <trkpt lat="45.7265328057110309600830078125" lon="126.59275070764124393463134765625">
        <ele>139.1999969482421875</ele>
        <time>2026-07-31T22:20:15.000Z</time>
        <extensions>
          <ns3:TrackPointExtension>
            <ns3:hr>168</ns3:hr>
            <ns3:cad>86</ns3:cad>
          </ns3:TrackPointExtension>
        </extensions>
      </trkpt>
      <trkpt lat="45.7265472225844860076904296875" lon="126.592722125351428985595703125">
        <ele>139.1999969482421875</ele>
        <time>2026-07-31T22:20:16.000Z</time>
        <extensions>
          <ns3:TrackPointExtension>
            <ns3:hr>167</ns3:hr>
            <ns3:cad>86</ns3:cad>
          </ns3:TrackPointExtension>
        </extensions>
      </trkpt>
      <trkpt lat="45.72655853815376758575439453125" lon="126.59269069321453571319580078125">
        <ele>139.1999969482421875</ele>
        <time>2026-07-31T22:20:17.000Z</time>
        <extensions>
          <ns3:TrackPointExtension>
            <ns3:hr>167</ns3:hr>
            <ns3:cad>86</ns3:cad>
          </ns3:TrackPointExtension>
        </extensions>
      </trkpt>
      <trkpt lat="45.72657345794141292572021484375" lon="126.592661775648593902587890625">
        <ele>139</ele>
        <time>2026-07-31T22:20:18.000Z</time>
        <extensions>
          <ns3:TrackPointExtension>
            <ns3:hr>167</ns3:hr>
            <ns3:cad>86</ns3:cad>
          </ns3:TrackPointExtension>
        </extensions>
      </trkpt>
      <trkpt lat="45.72658133693039417266845703125" lon="126.59263654612004756927490234375">
        <ele>138.8000030517578125</ele>
        <time>2026-07-31T22:20:19.000Z</time>
        <extensions>
          <ns3:TrackPointExtension>
            <ns3:hr>168</ns3:hr>
            <ns3:cad>87</ns3:cad>
          </ns3:TrackPointExtension>
        </extensions>
      </trkpt>
      <trkpt lat="45.7266008667647838592529296875" lon="126.5926056168973445892333984375">
        <ele>138.8000030517578125</ele>
        <time>2026-07-31T22:20:20.000Z</time>
        <extensions>
          <ns3:TrackPointExtension>
            <ns3:hr>167</ns3:hr>
            <ns3:cad>88</ns3:cad>
          </ns3:TrackPointExtension>
        </extensions>
      </trkpt>
      <trkpt lat="45.72660614736378192901611328125" lon="126.59258206374943256378173828125">
        <ele>138.8000030517578125</ele>
        <time>2026-07-31T22:20:21.000Z</time>
        <extensions>
          <ns3:TrackPointExtension>
            <ns3:hr>167</ns3:hr>
            <ns3:cad>88</ns3:cad>
          </ns3:TrackPointExtension>
        </extensions>
      </trkpt>
      <trkpt lat="45.726620815694332122802734375" lon="126.5925425849854946136474609375">
        <ele>138.8000030517578125</ele>
        <time>2026-07-31T22:20:22.000Z</time>
        <extensions>
          <ns3:TrackPointExtension>
            <ns3:hr>167</ns3:hr>
            <ns3:cad>88</ns3:cad>
          </ns3:TrackPointExtension>
        </extensions>
      </trkpt>
      <trkpt lat="45.72662509046494960784912109375" lon="126.59251282922923564910888671875">
        <ele>138.8000030517578125</ele>
        <time>2026-07-31T22:20:23.000Z</time>
        <extensions>
          <ns3:TrackPointExtension>
            <ns3:hr>167</ns3:hr>
            <ns3:cad>88</ns3:cad>
          </ns3:TrackPointExtension>
        </extensions>
      </trkpt>
      <trkpt lat="45.72664034552872180938720703125" lon="126.592470668256282806396484375">
        <ele>138.600006103515625</ele>
        <time>2026-07-31T22:20:24.000Z</time>
        <extensions>
          <ns3:TrackPointExtension>
            <ns3:hr>167</ns3:hr>
            <ns3:cad>88</ns3:cad>
          </ns3:TrackPointExtension>
        </extensions>
      </trkpt>
      <trkpt lat="45.72664923034608364105224609375" lon="126.592433117330074310302734375">
        <ele>138.600006103515625</ele>
        <time>2026-07-31T22:20:25.000Z</time>
        <extensions>
          <ns3:TrackPointExtension>
            <ns3:hr>167</ns3:hr>
            <ns3:cad>88</ns3:cad>
          </ns3:TrackPointExtension>
        </extensions>
      </trkpt>
      <trkpt lat="45.72665794752538204193115234375" lon="126.59239799715578556060791015625">
        <ele>138.399993896484375</ele>
        <time>2026-07-31T22:20:26.000Z</time>
        <extensions>
          <ns3:TrackPointExtension>
            <ns3:hr>166</ns3:hr>
            <ns3:cad>88</ns3:cad>
          </ns3:TrackPointExtension>
        </extensions>
      </trkpt>
      <trkpt lat="45.72667119093239307403564453125" lon="126.592362709343433380126953125">
        <ele>138.1999969482421875</ele>
        <time>2026-07-31T22:20:27.000Z</time>
        <extensions>
          <ns3:TrackPointExtension>
            <ns3:hr>166</ns3:hr>
            <ns3:cad>87</ns3:cad>
          </ns3:TrackPointExtension>
        </extensions>
      </trkpt>
      <trkpt lat="45.72667856700718402862548828125" lon="126.592334546148777008056640625">
        <ele>138.1999969482421875</ele>
        <time>2026-07-31T22:20:28.000Z</time>
        <extensions>
          <ns3:TrackPointExtension>
            <ns3:hr>166</ns3:hr>
            <ns3:cad>87</ns3:cad>
          </ns3:TrackPointExtension>
        </extensions>
      </trkpt>
      <trkpt lat="45.7266954146325588226318359375" lon="126.5923011861741542816162109375">
        <ele>138</ele>
        <time>2026-07-31T22:20:29.000Z</time>
        <extensions>
          <ns3:TrackPointExtension>
            <ns3:hr>166</ns3:hr>
            <ns3:cad>87</ns3:cad>
          </ns3:TrackPointExtension>
        </extensions>
      </trkpt>
      <trkpt lat="45.7267054729163646697998046875" lon="126.59227595664560794830322265625">
        <ele>137.8000030517578125</ele>
        <time>2026-07-31T22:20:30.000Z</time>
        <extensions>
          <ns3:TrackPointExtension>
            <ns3:hr>167</ns3:hr>
            <ns3:cad>87</ns3:cad>
          </ns3:TrackPointExtension>
        </extensions>
      </trkpt>
      <trkpt lat="45.72672198526561260223388671875" lon="126.592235974967479705810546875">
        <ele>137.600006103515625</ele>
        <time>2026-07-31T22:20:31.000Z</time>
        <extensions>
          <ns3:TrackPointExtension>
            <ns3:hr>166</ns3:hr>
            <ns3:cad>87</ns3:cad>
          </ns3:TrackPointExtension>
        </extensions>
      </trkpt>
      <trkpt lat="45.72673380374908447265625" lon="126.59220873378217220306396484375">
        <ele>137.600006103515625</ele>
        <time>2026-07-31T22:20:32.000Z</time>
        <extensions>
          <ns3:TrackPointExtension>
            <ns3:hr>166</ns3:hr>
            <ns3:cad>87</ns3:cad>
          </ns3:TrackPointExtension>
        </extensions>
      </trkpt>
      <trkpt lat="45.7267503999173641204833984375" lon="126.59217202104628086090087890625">
        <ele>137.399993896484375</ele>
        <time>2026-07-31T22:20:33.000Z</time>
        <extensions>
          <ns3:TrackPointExtension>
            <ns3:hr>167</ns3:hr>
            <ns3:cad>87</ns3:cad>
          </ns3:TrackPointExtension>
        </extensions>
      </trkpt>
      <trkpt lat="45.72676599025726318359375" lon="126.59214117564260959625244140625">
        <ele>137.1999969482421875</ele>
        <time>2026-07-31T22:20:34.000Z</time>
        <extensions>
          <ns3:TrackPointExtension>
            <ns3:hr>166</ns3:hr>
            <ns3:cad>87</ns3:cad>
          </ns3:TrackPointExtension>
        </extensions>
      </trkpt>
      <trkpt lat="45.72678267024457454681396484375" lon="126.5921097435057163238525390625">
        <ele>137</ele>
        <time>2026-07-31T22:20:35.000Z</time>
        <extensions>
          <ns3:TrackPointExtension>
            <ns3:hr>166</ns3:hr>
            <ns3:cad>87</ns3:cad>
          </ns3:TrackPointExtension>
        </extensions>
      </trkpt>
      <trkpt lat="45.726792812347412109375" lon="126.59207831136882305145263671875">
        <ele>137</ele>
        <time>2026-07-31T22:20:36.000Z</time>
        <extensions>
          <ns3:TrackPointExtension>
            <ns3:hr>166</ns3:hr>
            <ns3:cad>87</ns3:cad>
          </ns3:TrackPointExtension>
        </extensions>
      </trkpt>
      <trkpt lat="45.72680421173572540283203125" lon="126.59204528667032718658447265625">
        <ele>137</ele>
        <time>2026-07-31T22:20:37.000Z</time>
        <extensions>
          <ns3:TrackPointExtension>
            <ns3:hr>166</ns3:hr>
            <ns3:cad>87</ns3:cad>
          </ns3:TrackPointExtension>
        </extensions>
      </trkpt>
      <trkpt lat="45.7268211431801319122314453125" lon="126.5920110046863555908203125">
        <ele>137.1999969482421875</ele>
        <time>2026-07-31T22:20:38.000Z</time>
        <extensions>
          <ns3:TrackPointExtension>
            <ns3:hr>167</ns3:hr>
            <ns3:cad>88</ns3:cad>
          </ns3:TrackPointExtension>
        </extensions>
      </trkpt>
      <trkpt lat="45.726836062967777252197265625" lon="126.59198175184428691864013671875">
        <ele>137.1999969482421875</ele>
        <time>2026-07-31T22:20:39.000Z</time>
        <extensions>
          <ns3:TrackPointExtension>
            <ns3:hr>166</ns3:hr>
            <ns3:cad>88</ns3:cad>
          </ns3:TrackPointExtension>
        </extensions>
      </trkpt>
      <trkpt lat="45.72686011902987957000732421875" lon="126.59195442683994770050048828125">
        <ele>137.1999969482421875</ele>
        <time>2026-07-31T22:20:40.000Z</time>
        <extensions>
          <ns3:TrackPointExtension>
            <ns3:hr>166</ns3:hr>
            <ns3:cad>88</ns3:cad>
          </ns3:TrackPointExtension>
        </extensions>
      </trkpt>
      <trkpt lat="45.72687637992203235626220703125" lon="126.591933555901050567626953125">
        <ele>137</ele>
        <time>2026-07-31T22:20:41.000Z</time>
        <extensions>
          <ns3:TrackPointExtension>
            <ns3:hr>166</ns3:hr>
            <ns3:cad>88</ns3:cad>
          </ns3:TrackPointExtension>
        </extensions>
      </trkpt>
      <trkpt lat="45.72690018452703952789306640625" lon="126.59190664999186992645263671875">
        <ele>137</ele>
        <time>2026-07-31T22:20:42.000Z</time>
        <extensions>
          <ns3:TrackPointExtension>
            <ns3:hr>166</ns3:hr>
            <ns3:cad>87</ns3:cad>
          </ns3:TrackPointExtension>
        </extensions>
      </trkpt>
      <trkpt lat="45.72691376321017742156982421875" lon="126.59188770689070224761962890625">
        <ele>137</ele>
        <time>2026-07-31T22:20:43.000Z</time>
        <extensions>
          <ns3:TrackPointExtension>
            <ns3:hr>166</ns3:hr>
            <ns3:cad>87</ns3:cad>
          </ns3:TrackPointExtension>
        </extensions>
      </trkpt>
      <trkpt lat="45.726939998567104339599609375" lon="126.59185686148703098297119140625">
        <ele>137</ele>
        <time>2026-07-31T22:20:44.000Z</time>
        <extensions>
          <ns3:TrackPointExtension>
            <ns3:hr>166</ns3:hr>
            <ns3:cad>87</ns3:cad>
          </ns3:TrackPointExtension>
        </extensions>
      </trkpt>
      <trkpt lat="45.72695634327828884124755859375" lon="126.59183389507234096527099609375">
        <ele>137</ele>
        <time>2026-07-31T22:20:45.000Z</time>
        <extensions>
          <ns3:TrackPointExtension>
            <ns3:hr>166</ns3:hr>
            <ns3:cad>87</ns3:cad>
          </ns3:TrackPointExtension>
        </extensions>
      </trkpt>
      <trkpt lat="45.72697830386459827423095703125" lon="126.591802798211574554443359375">
        <ele>136.8000030517578125</ele>
        <time>2026-07-31T22:20:46.000Z</time>
        <extensions>
          <ns3:TrackPointExtension>
            <ns3:hr>167</ns3:hr>
            <ns3:cad>87</ns3:cad>
          </ns3:TrackPointExtension>
        </extensions>
      </trkpt>
      <trkpt lat="45.72698886506259441375732421875" lon="126.5917749702930450439453125">
        <ele>136.8000030517578125</ele>
        <time>2026-07-31T22:20:47.000Z</time>
        <extensions>
          <ns3:TrackPointExtension>
            <ns3:hr>166</ns3:hr>
            <ns3:cad>87</ns3:cad>
          </ns3:TrackPointExtension>
        </extensions>
      </trkpt>
      <trkpt lat="45.7270092330873012542724609375" lon="126.59174638800323009490966796875">
        <ele>136.8000030517578125</ele>
        <time>2026-07-31T22:20:48.000Z</time>
        <extensions>
          <ns3:TrackPointExtension>
            <ns3:hr>166</ns3:hr>
            <ns3:cad>87</ns3:cad>
          </ns3:TrackPointExtension>
        </extensions>
      </trkpt>
      <trkpt lat="45.72702926583588123321533203125" lon="126.59172040410339832305908203125">
        <ele>136.8000030517578125</ele>
        <time>2026-07-31T22:20:49.000Z</time>
        <extensions>
          <ns3:TrackPointExtension>
            <ns3:hr>167</ns3:hr>
            <ns3:cad>87</ns3:cad>
          </ns3:TrackPointExtension>
        </extensions>
      </trkpt>
      <trkpt lat="45.7270491309463977813720703125" lon="126.59169157035648822784423828125">
        <ele>137</ele>
        <time>2026-07-31T22:20:50.000Z</time>
        <extensions>
          <ns3:TrackPointExtension>
            <ns3:hr>166</ns3:hr>
            <ns3:cad>87</ns3:cad>
          </ns3:TrackPointExtension>
        </extensions>
      </trkpt>
      <trkpt lat="45.72706815786659717559814453125" lon="126.59166910685598850250244140625">
        <ele>136.8000030517578125</ele>
        <time>2026-07-31T22:20:51.000Z</time>
        <extensions>
          <ns3:TrackPointExtension>
            <ns3:hr>167</ns3:hr>
            <ns3:cad>88</ns3:cad>
          </ns3:TrackPointExtension>
        </extensions>
      </trkpt>
      <trkpt lat="45.72708324529230594635009765625" lon="126.5916435420513153076171875">
        <ele>136.8000030517578125</ele>
        <time>2026-07-31T22:20:52.000Z</time>
        <extensions>
          <ns3:TrackPointExtension>
            <ns3:hr>167</ns3:hr>
            <ns3:cad>88</ns3:cad>
          </ns3:TrackPointExtension>
        </extensions>
      </trkpt>
      <trkpt lat="45.7271044515073299407958984375" lon="126.59161982126533985137939453125">
        <ele>136.8000030517578125</ele>
        <time>2026-07-31T22:20:53.000Z</time>
        <extensions>
          <ns3:TrackPointExtension>
            <ns3:hr>167</ns3:hr>
            <ns3:cad>87</ns3:cad>
          </ns3:TrackPointExtension>
        </extensions>
      </trkpt>
      <trkpt lat="45.727120377123355865478515625" lon="126.59159861505031585693359375">
        <ele>136.8000030517578125</ele>
        <time>2026-07-31T22:20:54.000Z</time>
        <extensions>
          <ns3:TrackPointExtension>
            <ns3:hr>166</ns3:hr>
            <ns3:cad>89</ns3:cad>
          </ns3:TrackPointExtension>
        </extensions>
      </trkpt>
      <trkpt lat="45.7271423377096652984619140625" lon="126.59157070331275463104248046875">
        <ele>136.600006103515625</ele>
        <time>2026-07-31T22:20:55.000Z</time>
        <extensions>
          <ns3:TrackPointExtension>
            <ns3:hr>167</ns3:hr>
            <ns3:cad>89</ns3:cad>
          </ns3:TrackPointExtension>
        </extensions>
      </trkpt>
      <trkpt lat="45.727155245840549468994140625" lon="126.59154689870774745941162109375">
        <ele>136.8000030517578125</ele>
        <time>2026-07-31T22:20:56.000Z</time>
        <extensions>
          <ns3:TrackPointExtension>
            <ns3:hr>167</ns3:hr>
            <ns3:cad>87</ns3:cad>
          </ns3:TrackPointExtension>
        </extensions>
      </trkpt>
      <trkpt lat="45.727172680199146270751953125" lon="126.59151680767536163330078125">
        <ele>136.8000030517578125</ele>
        <time>2026-07-31T22:20:57.000Z</time>
        <extensions>
          <ns3:TrackPointExtension>
            <ns3:hr>167</ns3:hr>
            <ns3:cad>87</ns3:cad>
          </ns3:TrackPointExtension>
        </extensions>
      </trkpt>
      <trkpt lat="45.72719070129096508026123046875" lon="126.591494344174861907958984375">
        <ele>136.8000030517578125</ele>
        <time>2026-07-31T22:20:58.000Z</time>
        <extensions>
          <ns3:TrackPointExtension>
            <ns3:hr>167</ns3:hr>
            <ns3:cad>88</ns3:cad>
          </ns3:TrackPointExtension>
        </extensions>
      </trkpt>
      <trkpt lat="45.7272072136402130126953125" lon="126.59146844409406185150146484375">
        <ele>137</ele>
        <time>2026-07-31T22:20:59.000Z</time>
        <extensions>
          <ns3:TrackPointExtension>
            <ns3:hr>166</ns3:hr>
            <ns3:cad>88</ns3:cad>
          </ns3:TrackPointExtension>
        </extensions>
      </trkpt>
      <trkpt lat="45.72722456417977809906005859375" lon="126.5914425440132617950439453125">
        <ele>137</ele>
        <time>2026-07-31T22:21:00.000Z</time>
        <extensions>
          <ns3:TrackPointExtension>
            <ns3:hr>167</ns3:hr>
            <ns3:cad>88</ns3:cad>
          </ns3:TrackPointExtension>
        </extensions>
      </trkpt>
      <trkpt lat="45.727237053215503692626953125" lon="126.5914170630276203155517578125">
        <ele>137</ele>
        <time>2026-07-31T22:21:01.000Z</time>
        <extensions>
          <ns3:TrackPointExtension>
            <ns3:hr>167</ns3:hr>
            <ns3:cad>87</ns3:cad>
          </ns3:TrackPointExtension>
        </extensions>
      </trkpt>
      <trkpt lat="45.72724954225122928619384765625" lon="126.59138537943363189697265625">
        <ele>137</ele>
        <time>2026-07-31T22:21:02.000Z</time>
        <extensions>
          <ns3:TrackPointExtension>
            <ns3:hr>167</ns3:hr>
            <ns3:cad>87</ns3:cad>
          </ns3:TrackPointExtension>
        </extensions>
      </trkpt>
      <trkpt lat="45.7272606901824474334716796875" lon="126.5913600660860538482666015625">
        <ele>137</ele>
        <time>2026-07-31T22:21:03.000Z</time>
        <extensions>
          <ns3:TrackPointExtension>
            <ns3:hr>167</ns3:hr>
            <ns3:cad>87</ns3:cad>
          </ns3:TrackPointExtension>
        </extensions>
      </trkpt>
      <trkpt lat="45.72727619670331478118896484375" lon="126.59132729284465312957763671875">
        <ele>137</ele>
        <time>2026-07-31T22:21:04.000Z</time>
        <extensions>
          <ns3:TrackPointExtension>
            <ns3:hr>167</ns3:hr>
            <ns3:cad>87</ns3:cad>
          </ns3:TrackPointExtension>
        </extensions>
      </trkpt>
      <trkpt lat="45.72728608734905719757080078125" lon="126.591298542916774749755859375">
        <ele>137</ele>
        <time>2026-07-31T22:21:05.000Z</time>
        <extensions>
          <ns3:TrackPointExtension>
            <ns3:hr>167</ns3:hr>
            <ns3:cad>87</ns3:cad>
          </ns3:TrackPointExtension>
        </extensions>
      </trkpt>
      <trkpt lat="45.727298073470592498779296875" lon="126.5912678651511669158935546875">
        <ele>137</ele>
        <time>2026-07-31T22:21:06.000Z</time>
        <extensions>
          <ns3:TrackPointExtension>
            <ns3:hr>167</ns3:hr>
            <ns3:cad>87</ns3:cad>
          </ns3:TrackPointExtension>
        </extensions>
      </trkpt>
      <trkpt lat="45.72730402462184429168701171875" lon="126.59123877994716167449951171875">
        <ele>136.8000030517578125</ele>
        <time>2026-07-31T22:21:07.000Z</time>
        <extensions>
          <ns3:TrackPointExtension>
            <ns3:hr>168</ns3:hr>
            <ns3:cad>87</ns3:cad>
          </ns3:TrackPointExtension>
        </extensions>
      </trkpt>
      <trkpt lat="45.72731190361082553863525390625" lon="126.59119896590709686279296875">
        <ele>136.600006103515625</ele>
        <time>2026-07-31T22:21:08.000Z</time>
        <extensions>
          <ns3:TrackPointExtension>
            <ns3:hr>168</ns3:hr>
            <ns3:cad>87</ns3:cad>
          </ns3:TrackPointExtension>
        </extensions>
      </trkpt>
      <trkpt lat="45.7273171842098236083984375" lon="126.59116384573280811309814453125">
        <ele>136.600006103515625</ele>
        <time>2026-07-31T22:21:09.000Z</time>
        <extensions>
          <ns3:TrackPointExtension>
            <ns3:hr>168</ns3:hr>
            <ns3:cad>87</ns3:cad>
          </ns3:TrackPointExtension>
        </extensions>
      </trkpt>
      <trkpt lat="45.7273264043033123016357421875" lon="126.59112528897821903228759765625">
        <ele>136.399993896484375</ele>
        <time>2026-07-31T22:21:10.000Z</time>
        <extensions>
          <ns3:TrackPointExtension>
            <ns3:hr>167</ns3:hr>
            <ns3:cad>87</ns3:cad>
          </ns3:TrackPointExtension>
        </extensions>
      </trkpt>
      <trkpt lat="45.7273374684154987335205078125" lon="126.59108488820493221282958984375">
        <ele>136.1999969482421875</ele>
        <time>2026-07-31T22:21:11.000Z</time>
        <extensions>
          <ns3:TrackPointExtension>
            <ns3:hr>168</ns3:hr>
            <ns3:cad>88</ns3:cad>
          </ns3:TrackPointExtension>
        </extensions>
      </trkpt>
      <trkpt lat="45.7273424975574016571044921875" lon="126.5910475887358188629150390625">
        <ele>136.1999969482421875</ele>
        <time>2026-07-31T22:21:12.000Z</time>
        <extensions>
          <ns3:TrackPointExtension>
            <ns3:hr>168</ns3:hr>
            <ns3:cad>88</ns3:cad>
          </ns3:TrackPointExtension>
        </extensions>
      </trkpt>
      <trkpt lat="45.72734811343252658843994140625" lon="126.5910050086677074432373046875">
        <ele>136.1999969482421875</ele>
        <time>2026-07-31T22:21:13.000Z</time>
        <extensions>
          <ns3:TrackPointExtension>
            <ns3:hr>167</ns3:hr>
            <ns3:cad>87</ns3:cad>
          </ns3:TrackPointExtension>
        </extensions>
      </trkpt>
      <trkpt lat="45.72735079564154148101806640625" lon="126.59096653573215007781982421875">
        <ele>136.399993896484375</ele>
        <time>2026-07-31T22:21:14.000Z</time>
        <extensions>
          <ns3:TrackPointExtension>
            <ns3:hr>167</ns3:hr>
            <ns3:cad>87</ns3:cad>
          </ns3:TrackPointExtension>
        </extensions>
      </trkpt>
      <trkpt lat="45.72735364548861980438232421875" lon="126.59092797897756099700927734375">
        <ele>136.399993896484375</ele>
        <time>2026-07-31T22:21:15.000Z</time>
        <extensions>
          <ns3:TrackPointExtension>
            <ns3:hr>167</ns3:hr>
            <ns3:cad>87</ns3:cad>
          </ns3:TrackPointExtension>
        </extensions>
      </trkpt>
      <trkpt lat="45.72735465131700038909912109375" lon="126.59089545719325542449951171875">
        <ele>136.399993896484375</ele>
        <time>2026-07-31T22:21:16.000Z</time>
        <extensions>
          <ns3:TrackPointExtension>
            <ns3:hr>167</ns3:hr>
            <ns3:cad>87</ns3:cad>
          </ns3:TrackPointExtension>
        </extensions>
      </trkpt>
      <trkpt lat="45.7273629494011402130126953125" lon="126.59085296094417572021484375">
        <ele>136.399993896484375</ele>
        <time>2026-07-31T22:21:17.000Z</time>
        <extensions>
          <ns3:TrackPointExtension>
            <ns3:hr>167</ns3:hr>
            <ns3:cad>87</ns3:cad>
          </ns3:TrackPointExtension>
        </extensions>
      </trkpt>
      <trkpt lat="45.7273626141250133514404296875" lon="126.5908199362456798553466796875">
        <ele>136.1999969482421875</ele>
        <time>2026-07-31T22:21:18.000Z</time>
        <extensions>
          <ns3:TrackPointExtension>
            <ns3:hr>166</ns3:hr>
            <ns3:cad>87</ns3:cad>
          </ns3:TrackPointExtension>
        </extensions>
      </trkpt>
      <trkpt lat="45.72736370377242565155029296875" lon="126.5907790325582027435302734375">
        <ele>136</ele>
        <time>2026-07-31T22:21:19.000Z</time>
        <extensions>
          <ns3:TrackPointExtension>
            <ns3:hr>166</ns3:hr>
            <ns3:cad>88</ns3:cad>
          </ns3:TrackPointExtension>
        </extensions>
      </trkpt>
      <trkpt lat="45.72736185975372791290283203125" lon="126.590746007859706878662109375">
        <ele>136</ele>
        <time>2026-07-31T22:21:20.000Z</time>
        <extensions>
          <ns3:TrackPointExtension>
            <ns3:hr>166</ns3:hr>
            <ns3:cad>88</ns3:cad>
          </ns3:TrackPointExtension>
        </extensions>
      </trkpt>
      <trkpt lat="45.727374516427516937255859375" lon="126.5907019190490245819091796875">
        <ele>136</ele>
        <time>2026-07-31T22:21:21.000Z</time>
        <extensions>
          <ns3:TrackPointExtension>
            <ns3:hr>167</ns3:hr>
            <ns3:cad>89</ns3:cad>
          </ns3:TrackPointExtension>
        </extensions>
      </trkpt>
      <trkpt lat="45.7273783721029758453369140625" lon="126.59067283384501934051513671875">
        <ele>136.1999969482421875</ele>
        <time>2026-07-31T22:21:22.000Z</time>
        <extensions>
          <ns3:TrackPointExtension>
            <ns3:hr>166</ns3:hr>
            <ns3:cad>89</ns3:cad>
          </ns3:TrackPointExtension>
        </extensions>
      </trkpt>
      <trkpt lat="45.72738817892968654632568359375" lon="126.5906261466443538665771484375">
        <ele>136.1999969482421875</ele>
        <time>2026-07-31T22:21:23.000Z</time>
        <extensions>
          <ns3:TrackPointExtension>
            <ns3:hr>166</ns3:hr>
            <ns3:cad>89</ns3:cad>
          </ns3:TrackPointExtension>
        </extensions>
      </trkpt>
      <trkpt lat="45.72739019058644771575927734375" lon="126.5905976481735706329345703125">
        <ele>136.1999969482421875</ele>
        <time>2026-07-31T22:21:24.000Z</time>
        <extensions>
          <ns3:TrackPointExtension>
            <ns3:hr>166</ns3:hr>
            <ns3:cad>89</ns3:cad>
          </ns3:TrackPointExtension>
        </extensions>
      </trkpt>
      <trkpt lat="45.72739823721349239349365234375" lon="126.5905599296092987060546875">
        <ele>136.399993896484375</ele>
        <time>2026-07-31T22:21:25.000Z</time>
        <extensions>
          <ns3:TrackPointExtension>
            <ns3:hr>166</ns3:hr>
            <ns3:cad>89</ns3:cad>
          </ns3:TrackPointExtension>
        </extensions>
      </trkpt>
      <trkpt lat="45.72740863077342510223388671875" lon="126.59052967093884944915771484375">
        <ele>136.600006103515625</ele>
        <time>2026-07-31T22:21:26.000Z</time>
        <extensions>
          <ns3:TrackPointExtension>
            <ns3:hr>167</ns3:hr>
            <ns3:cad>88</ns3:cad>
          </ns3:TrackPointExtension>
        </extensions>
      </trkpt>
      <trkpt lat="45.7274209521710872650146484375" lon="126.5904960595071315765380859375">
        <ele>136.8000030517578125</ele>
        <time>2026-07-31T22:21:27.000Z</time>
        <extensions>
          <ns3:TrackPointExtension>
            <ns3:hr>166</ns3:hr>
            <ns3:cad>88</ns3:cad>
          </ns3:TrackPointExtension>
        </extensions>
      </trkpt>
      <trkpt lat="45.7274263165891170501708984375" lon="126.59046630375087261199951171875">
        <ele>136.8000030517578125</ele>
        <time>2026-07-31T22:21:28.000Z</time>
        <extensions>
          <ns3:TrackPointExtension>
            <ns3:hr>166</ns3:hr>
            <ns3:cad>88</ns3:cad>
          </ns3:TrackPointExtension>
        </extensions>
      </trkpt>
      <trkpt lat="45.72743721306324005126953125" lon="126.5904353745281696319580078125">
        <ele>136.8000030517578125</ele>
        <time>2026-07-31T22:21:29.000Z</time>
        <extensions>
          <ns3:TrackPointExtension>
            <ns3:hr>167</ns3:hr>
            <ns3:cad>88</ns3:cad>
          </ns3:TrackPointExtension>
        </extensions>
      </trkpt>
      <trkpt lat="45.72744852863252162933349609375" lon="126.5904057025909423828125">
        <ele>136.600006103515625</ele>
        <time>2026-07-31T22:21:30.000Z</time>
        <extensions>
          <ns3:TrackPointExtension>
            <ns3:hr>166</ns3:hr>
            <ns3:cad>88</ns3:cad>
          </ns3:TrackPointExtension>
        </extensions>
      </trkpt>
      <trkpt lat="45.72745825164020061492919921875" lon="126.59037728793919086456298828125">
        <ele>136.399993896484375</ele>
        <time>2026-07-31T22:21:31.000Z</time>
        <extensions>
          <ns3:TrackPointExtension>
            <ns3:hr>166</ns3:hr>
            <ns3:cad>88</ns3:cad>
          </ns3:TrackPointExtension>
        </extensions>
      </trkpt>
      <trkpt lat="45.727475099265575408935546875" lon="126.59034795127809047698974609375">
        <ele>136.1999969482421875</ele>
        <time>2026-07-31T22:21:32.000Z</time>
        <extensions>
          <ns3:TrackPointExtension>
            <ns3:hr>167</ns3:hr>
            <ns3:cad>88</ns3:cad>
          </ns3:TrackPointExtension>
        </extensions>
      </trkpt>
      <trkpt lat="45.72748624719679355621337890625" lon="126.59032112918794155120849609375">
        <ele>136.1999969482421875</ele>
        <time>2026-07-31T22:21:33.000Z</time>
        <extensions>
          <ns3:TrackPointExtension>
            <ns3:hr>167</ns3:hr>
            <ns3:cad>87</ns3:cad>
          </ns3:TrackPointExtension>
        </extensions>
      </trkpt>
      <trkpt lat="45.72750091552734375" lon="126.5902821533381938934326171875">
        <ele>136.1999969482421875</ele>
        <time>2026-07-31T22:21:34.000Z</time>
        <extensions>
          <ns3:TrackPointExtension>
            <ns3:hr>167</ns3:hr>
            <ns3:cad>87</ns3:cad>
          </ns3:TrackPointExtension>
        </extensions>
      </trkpt>
      <trkpt lat="45.72751122526824474334716796875" lon="126.5902539901435375213623046875">
        <ele>136.1999969482421875</ele>
        <time>2026-07-31T22:21:35.000Z</time>
        <extensions>
          <ns3:TrackPointExtension>
            <ns3:hr>166</ns3:hr>
            <ns3:cad>87</ns3:cad>
          </ns3:TrackPointExtension>
        </extensions>
      </trkpt>
      <trkpt lat="45.72752530686557292938232421875" lon="126.59021752886474132537841796875">
        <ele>136</ele>
        <time>2026-07-31T22:21:36.000Z</time>
        <extensions>
          <ns3:TrackPointExtension>
            <ns3:hr>167</ns3:hr>
            <ns3:cad>87</ns3:cad>
          </ns3:TrackPointExtension>
        </extensions>
      </trkpt>
      <trkpt lat="45.72753511369228363037109375" lon="126.59018500708043575286865234375">
        <ele>136.1999969482421875</ele>
        <time>2026-07-31T22:21:37.000Z</time>
        <extensions>
          <ns3:TrackPointExtension>
            <ns3:hr>167</ns3:hr>
            <ns3:cad>87</ns3:cad>
          </ns3:TrackPointExtension>
        </extensions>
      </trkpt>
      <trkpt lat="45.7275423221290111541748046875" lon="126.59013689495623111724853515625">
        <ele>136.1999969482421875</ele>
        <time>2026-07-31T22:21:38.000Z</time>
        <extensions>
          <ns3:TrackPointExtension>
            <ns3:hr>166</ns3:hr>
            <ns3:cad>87</ns3:cad>
          </ns3:TrackPointExtension>
        </extensions>
      </trkpt>
      <trkpt lat="45.727545507252216339111328125" lon="126.59010018222033977508544921875">
        <ele>136</ele>
        <time>2026-07-31T22:21:39.000Z</time>
        <extensions>
          <ns3:TrackPointExtension>
            <ns3:hr>167</ns3:hr>
            <ns3:cad>87</ns3:cad>
          </ns3:TrackPointExtension>
        </extensions>
      </trkpt>
      <trkpt lat="45.72754726745188236236572265625" lon="126.590060703456401824951171875">
        <ele>136.1999969482421875</ele>
        <time>2026-07-31T22:21:40.000Z</time>
        <extensions>
          <ns3:TrackPointExtension>
            <ns3:hr>167</ns3:hr>
            <ns3:cad>87</ns3:cad>
          </ns3:TrackPointExtension>
        </extensions>
      </trkpt>
      <trkpt lat="45.7275540567934513092041015625" lon="126.59001971594989299774169921875">
        <ele>136</ele>
        <time>2026-07-31T22:21:41.000Z</time>
        <extensions>
          <ns3:TrackPointExtension>
            <ns3:hr>166</ns3:hr>
            <ns3:cad>87</ns3:cad>
          </ns3:TrackPointExtension>
        </extensions>
      </trkpt>
      <trkpt lat="45.72755732573568820953369140625" lon="126.5899830870330333709716796875">
        <ele>136</ele>
        <time>2026-07-31T22:21:42.000Z</time>
        <extensions>
          <ns3:TrackPointExtension>
            <ns3:hr>167</ns3:hr>
            <ns3:cad>87</ns3:cad>
          </ns3:TrackPointExtension>
        </extensions>
      </trkpt>
      <trkpt lat="45.7275627739727497100830078125" lon="126.58994126133620738983154296875">
        <ele>136</ele>
        <time>2026-07-31T22:21:43.000Z</time>
        <extensions>
          <ns3:TrackPointExtension>
            <ns3:hr>167</ns3:hr>
            <ns3:cad>87</ns3:cad>
          </ns3:TrackPointExtension>
        </extensions>
      </trkpt>
      <trkpt lat="45.72756730020046234130859375" lon="126.5899076499044895172119140625">
        <ele>135.8000030517578125</ele>
        <time>2026-07-31T22:21:44.000Z</time>
        <extensions>
          <ns3:TrackPointExtension>
            <ns3:hr>166</ns3:hr>
            <ns3:cad>87</ns3:cad>
          </ns3:TrackPointExtension>
        </extensions>
      </trkpt>
      <trkpt lat="45.72757224552333354949951171875" lon="126.58986699767410755157470703125">
        <ele>135.8000030517578125</ele>
        <time>2026-07-31T22:21:45.000Z</time>
        <extensions>
          <ns3:TrackPointExtension>
            <ns3:hr>167</ns3:hr>
            <ns3:cad>87</ns3:cad>
          </ns3:TrackPointExtension>
        </extensions>
      </trkpt>
      <trkpt lat="45.72757207788527011871337890625" lon="126.58983229659497737884521484375">
        <ele>135.8000030517578125</ele>
        <time>2026-07-31T22:21:46.000Z</time>
        <extensions>
          <ns3:TrackPointExtension>
            <ns3:hr>167</ns3:hr>
            <ns3:cad>87</ns3:cad>
          </ns3:TrackPointExtension>
        </extensions>
      </trkpt>
      <trkpt lat="45.72758138179779052734375" lon="126.58979080617427825927734375">
        <ele>135.8000030517578125</ele>
        <time>2026-07-31T22:21:47.000Z</time>
        <extensions>
          <ns3:TrackPointExtension>
            <ns3:hr>167</ns3:hr>
            <ns3:cad>87</ns3:cad>
          </ns3:TrackPointExtension>
        </extensions>
      </trkpt>
      <trkpt lat="45.72758565656840801239013671875" lon="126.58975568599998950958251953125">
        <ele>135.8000030517578125</ele>
        <time>2026-07-31T22:21:48.000Z</time>
        <extensions>
          <ns3:TrackPointExtension>
            <ns3:hr>167</ns3:hr>
            <ns3:cad>88</ns3:cad>
          </ns3:TrackPointExtension>
        </extensions>
      </trkpt>
      <trkpt lat="45.72759236209094524383544921875" lon="126.5897230803966522216796875">
        <ele>135.600006103515625</ele>
        <time>2026-07-31T22:21:49.000Z</time>
        <extensions>
          <ns3:TrackPointExtension>
            <ns3:hr>167</ns3:hr>
            <ns3:cad>88</ns3:cad>
          </ns3:TrackPointExtension>
        </extensions>
      </trkpt>
      <trkpt lat="45.7275969721376895904541015625" lon="126.58968812786042690277099609375">
        <ele>135.600006103515625</ele>
        <time>2026-07-31T22:21:50.000Z</time>
        <extensions>
          <ns3:TrackPointExtension>
            <ns3:hr>167</ns3:hr>
            <ns3:cad>88</ns3:cad>
          </ns3:TrackPointExtension>
        </extensions>
      </trkpt>
      <trkpt lat="45.727602504193782806396484375" lon="126.589655019342899322509765625">
        <ele>135.600006103515625</ele>
        <time>2026-07-31T22:21:51.000Z</time>
        <extensions>
          <ns3:TrackPointExtension>
            <ns3:hr>167</ns3:hr>
            <ns3:cad>88</ns3:cad>
          </ns3:TrackPointExtension>
        </extensions>
      </trkpt>
      <trkpt lat="45.72760795243084430694580078125" lon="126.58962048590183258056640625">
        <ele>135.399993896484375</ele>
        <time>2026-07-31T22:21:52.000Z</time>
        <extensions>
          <ns3:TrackPointExtension>
            <ns3:hr>166</ns3:hr>
            <ns3:cad>88</ns3:cad>
          </ns3:TrackPointExtension>
        </extensions>
      </trkpt>
      <trkpt lat="45.727611221373081207275390625" lon="126.58958855085074901580810546875">
        <ele>135.399993896484375</ele>
        <time>2026-07-31T22:21:53.000Z</time>
        <extensions>
          <ns3:TrackPointExtension>
            <ns3:hr>167</ns3:hr>
            <ns3:cad>88</ns3:cad>
          </ns3:TrackPointExtension>
        </extensions>
      </trkpt>
      <trkpt lat="45.727623291313648223876953125" lon="126.58955234102904796600341796875">
        <ele>135.399993896484375</ele>
        <time>2026-07-31T22:21:54.000Z</time>
        <extensions>
          <ns3:TrackPointExtension>
            <ns3:hr>167</ns3:hr>
            <ns3:cad>88</ns3:cad>
          </ns3:TrackPointExtension>
        </extensions>
      </trkpt>
      <trkpt lat="45.72762739844620227813720703125" lon="126.58952166326344013214111328125">
        <ele>135.399993896484375</ele>
        <time>2026-07-31T22:21:55.000Z</time>
        <extensions>
          <ns3:TrackPointExtension>
            <ns3:hr>167</ns3:hr>
            <ns3:cad>88</ns3:cad>
          </ns3:TrackPointExtension>
        </extensions>
      </trkpt>
      <trkpt lat="45.7276348583400249481201171875" lon="126.5894848667085170745849609375">
        <ele>135.399993896484375</ele>
        <time>2026-07-31T22:21:56.000Z</time>
        <extensions>
          <ns3:TrackPointExtension>
            <ns3:hr>167</ns3:hr>
            <ns3:cad>88</ns3:cad>
          </ns3:TrackPointExtension>
        </extensions>
      </trkpt>
      <trkpt lat="45.7276392169296741485595703125" lon="126.589459218084812164306640625">
        <ele>135.399993896484375</ele>
        <time>2026-07-31T22:21:57.000Z</time>
        <extensions>
          <ns3:TrackPointExtension>
            <ns3:hr>167</ns3:hr>
            <ns3:cad>87</ns3:cad>
          </ns3:TrackPointExtension>
        </extensions>
      </trkpt>
      <trkpt lat="45.72764734737575054168701171875" lon="126.58941655419766902923583984375">
        <ele>135.1999969482421875</ele>
        <time>2026-07-31T22:21:58.000Z</time>
        <extensions>
          <ns3:TrackPointExtension>
            <ns3:hr>166</ns3:hr>
            <ns3:cad>87</ns3:cad>
          </ns3:TrackPointExtension>
        </extensions>
      </trkpt>
      <trkpt lat="45.72765254415571689605712890625" lon="126.58938520587980747222900390625">
        <ele>135.1999969482421875</ele>
        <time>2026-07-31T22:21:59.000Z</time>
        <extensions>
          <ns3:TrackPointExtension>
            <ns3:hr>167</ns3:hr>
            <ns3:cad>87</ns3:cad>
          </ns3:TrackPointExtension>
        </extensions>
      </trkpt>
      <trkpt lat="45.7276603393256664276123046875" lon="126.589346230030059814453125">
        <ele>135.1999969482421875</ele>
        <time>2026-07-31T22:22:00.000Z</time>
        <extensions>
          <ns3:TrackPointExtension>
            <ns3:hr>167</ns3:hr>
            <ns3:cad>87</ns3:cad>
          </ns3:TrackPointExtension>
        </extensions>
      </trkpt>
      <trkpt lat="45.72766696102917194366455078125" lon="126.58931479789316654205322265625">
        <ele>135.1999969482421875</ele>
        <time>2026-07-31T22:22:01.000Z</time>
        <extensions>
          <ns3:TrackPointExtension>
            <ns3:hr>167</ns3:hr>
            <ns3:cad>87</ns3:cad>
          </ns3:TrackPointExtension>
        </extensions>
      </trkpt>
      <trkpt lat="45.72767685167491436004638671875" lon="126.58927909098565578460693359375">
        <ele>135.1999969482421875</ele>
        <time>2026-07-31T22:22:02.000Z</time>
        <extensions>
          <ns3:TrackPointExtension>
            <ns3:hr>166</ns3:hr>
            <ns3:cad>87</ns3:cad>
          </ns3:TrackPointExtension>
        </extensions>
      </trkpt>
      <trkpt lat="45.727682970464229583740234375" lon="126.58924254588782787322998046875">
        <ele>135.1999969482421875</ele>
        <time>2026-07-31T22:22:03.000Z</time>
        <extensions>
          <ns3:TrackPointExtension>
            <ns3:hr>167</ns3:hr>
            <ns3:cad>87</ns3:cad>
          </ns3:TrackPointExtension>
        </extensions>
      </trkpt>
      <trkpt lat="45.72768799960613250732421875" lon="126.589209772646427154541015625">
        <ele>135.399993896484375</ele>
        <time>2026-07-31T22:22:04.000Z</time>
        <extensions>
          <ns3:TrackPointExtension>
            <ns3:hr>167</ns3:hr>
            <ns3:cad>87</ns3:cad>
          </ns3:TrackPointExtension>
        </extensions>
      </trkpt>
      <trkpt lat="45.72769562713801860809326171875" lon="126.5891705453395843505859375">
        <ele>135.399993896484375</ele>
        <time>2026-07-31T22:22:05.000Z</time>
        <extensions>
          <ns3:TrackPointExtension>
            <ns3:hr>167</ns3:hr>
            <ns3:cad>87</ns3:cad>
          </ns3:TrackPointExtension>
        </extensions>
      </trkpt>
      <trkpt lat="45.72769914753735065460205078125" lon="126.58913634717464447021484375">
        <ele>135.399993896484375</ele>
        <time>2026-07-31T22:22:06.000Z</time>
        <extensions>
          <ns3:TrackPointExtension>
            <ns3:hr>167</ns3:hr>
            <ns3:cad>87</ns3:cad>
          </ns3:TrackPointExtension>
        </extensions>
      </trkpt>
      <trkpt lat="45.72770568542182445526123046875" lon="126.58909787423908710479736328125">
        <ele>135.600006103515625</ele>
        <time>2026-07-31T22:22:07.000Z</time>
        <extensions>
          <ns3:TrackPointExtension>
            <ns3:hr>167</ns3:hr>
            <ns3:cad>87</ns3:cad>
          </ns3:TrackPointExtension>
        </extensions>
      </trkpt>
      <trkpt lat="45.727703757584095001220703125" lon="126.58906870521605014801025390625">
        <ele>135.399993896484375</ele>
        <time>2026-07-31T22:22:08.000Z</time>
        <extensions>
          <ns3:TrackPointExtension>
            <ns3:hr>167</ns3:hr>
            <ns3:cad>87</ns3:cad>
          </ns3:TrackPointExtension>
        </extensions>
      </trkpt>
      <trkpt lat="45.72770250029861927032470703125" lon="126.589028723537921905517578125">
        <ele>135.399993896484375</ele>
        <time>2026-07-31T22:22:09.000Z</time>
        <extensions>
          <ns3:TrackPointExtension>
            <ns3:hr>167</ns3:hr>
            <ns3:cad>88</ns3:cad>
          </ns3:TrackPointExtension>
        </extensions>
      </trkpt>
      <trkpt lat="45.72769965045154094696044921875" lon="126.58900248818099498748779296875">
        <ele>135.399993896484375</ele>
        <time>2026-07-31T22:22:10.000Z</time>
        <extensions>
          <ns3:TrackPointExtension>
            <ns3:hr>167</ns3:hr>
            <ns3:cad>88</ns3:cad>
          </ns3:TrackPointExtension>
        </extensions>
      </trkpt>
      <trkpt lat="45.7276928611099720001220703125" lon="126.58896334469318389892578125">
        <ele>135.399993896484375</ele>
        <time>2026-07-31T22:22:11.000Z</time>
        <extensions>
          <ns3:TrackPointExtension>
            <ns3:hr>167</ns3:hr>
            <ns3:cad>88</ns3:cad>
          </ns3:TrackPointExtension>
        </extensions>
      </trkpt>
      <trkpt lat="45.7276838086545467376708984375" lon="126.5889353491365909576416015625">
        <ele>135.399993896484375</ele>
        <time>2026-07-31T22:22:12.000Z</time>
        <extensions>
          <ns3:TrackPointExtension>
            <ns3:hr>167</ns3:hr>
            <ns3:cad>87</ns3:cad>
          </ns3:TrackPointExtension>
        </extensions>
      </trkpt>
      <trkpt lat="45.72767366655170917510986328125" lon="126.58890140242874622344970703125">
        <ele>135.399993896484375</ele>
        <time>2026-07-31T22:22:13.000Z</time>
        <extensions>
          <ns3:TrackPointExtension>
            <ns3:hr>167</ns3:hr>
            <ns3:cad>87</ns3:cad>
          </ns3:TrackPointExtension>
        </extensions>
      </trkpt>
      <trkpt lat="45.727660171687602996826171875" lon="126.58886955119669437408447265625">
        <ele>135.399993896484375</ele>
        <time>2026-07-31T22:22:14.000Z</time>
        <extensions>
          <ns3:TrackPointExtension>
            <ns3:hr>168</ns3:hr>
            <ns3:cad>87</ns3:cad>
          </ns3:TrackPointExtension>
        </extensions>
      </trkpt>
      <trkpt lat="45.72764969430863857269287109375" lon="126.588837616145610809326171875">
        <ele>135.399993896484375</ele>
        <time>2026-07-31T22:22:15.000Z</time>
        <extensions>
          <ns3:TrackPointExtension>
            <ns3:hr>168</ns3:hr>
            <ns3:cad>86</ns3:cad>
          </ns3:TrackPointExtension>
        </extensions>
      </trkpt>
      <trkpt lat="45.72764106094837188720703125" lon="126.58880333416163921356201171875">
        <ele>135.399993896484375</ele>
        <time>2026-07-31T22:22:16.000Z</time>
        <extensions>
          <ns3:TrackPointExtension>
            <ns3:hr>168</ns3:hr>
            <ns3:cad>87</ns3:cad>
          </ns3:TrackPointExtension>
        </extensions>
      </trkpt>
      <trkpt lat="45.72762656025588512420654296875" lon="126.58877382986247539520263671875">
        <ele>135.399993896484375</ele>
        <time>2026-07-31T22:22:17.000Z</time>
        <extensions>
          <ns3:TrackPointExtension>
            <ns3:hr>167</ns3:hr>
            <ns3:cad>87</ns3:cad>
          </ns3:TrackPointExtension>
        </extensions>
      </trkpt>
      <trkpt lat="45.72761583141982555389404296875" lon="126.58873963169753551483154296875">
        <ele>135.399993896484375</ele>
        <time>2026-07-31T22:22:18.000Z</time>
        <extensions>
          <ns3:TrackPointExtension>
            <ns3:hr>167</ns3:hr>
            <ns3:cad>87</ns3:cad>
          </ns3:TrackPointExtension>
        </extensions>
      </trkpt>
      <trkpt lat="45.72759755887091159820556640625" lon="126.58871482126414775848388671875">
        <ele>135.399993896484375</ele>
        <time>2026-07-31T22:22:19.000Z</time>
        <extensions>
          <ns3:TrackPointExtension>
            <ns3:hr>167</ns3:hr>
            <ns3:cad>87</ns3:cad>
          </ns3:TrackPointExtension>
        </extensions>
      </trkpt>
      <trkpt lat="45.72758247144520282745361328125" lon="126.58867911435663700103759765625">
        <ele>135.1999969482421875</ele>
        <time>2026-07-31T22:22:20.000Z</time>
        <extensions>
          <ns3:TrackPointExtension>
            <ns3:hr>167</ns3:hr>
            <ns3:cad>87</ns3:cad>
          </ns3:TrackPointExtension>
        </extensions>
      </trkpt>
      <trkpt lat="45.7275641150772571563720703125" lon="126.58865598030388355255126953125">
        <ele>135.1999969482421875</ele>
        <time>2026-07-31T22:22:21.000Z</time>
        <extensions>
          <ns3:TrackPointExtension>
            <ns3:hr>167</ns3:hr>
            <ns3:cad>87</ns3:cad>
          </ns3:TrackPointExtension>
        </extensions>
      </trkpt>
      <trkpt lat="45.72754718363285064697265625" lon="126.58862278796732425689697265625">
        <ele>135</ele>
        <time>2026-07-31T22:22:22.000Z</time>
        <extensions>
          <ns3:TrackPointExtension>
            <ns3:hr>168</ns3:hr>
            <ns3:cad>87</ns3:cad>
          </ns3:TrackPointExtension>
        </extensions>
      </trkpt>
      <trkpt lat="45.72753352113068103790283203125" lon="126.58860568888485431671142578125">
        <ele>134.8000030517578125</ele>
        <time>2026-07-31T22:22:23.000Z</time>
        <extensions>
          <ns3:TrackPointExtension>
            <ns3:hr>167</ns3:hr>
            <ns3:cad>87</ns3:cad>
          </ns3:TrackPointExtension>
        </extensions>
      </trkpt>
      <trkpt lat="45.7275103032588958740234375" lon="126.5885779447853565216064453125">
        <ele>134.8000030517578125</ele>
        <time>2026-07-31T22:22:24.000Z</time>
        <extensions>
          <ns3:TrackPointExtension>
            <ns3:hr>167</ns3:hr>
            <ns3:cad>88</ns3:cad>
          </ns3:TrackPointExtension>
        </extensions>
      </trkpt>
      <trkpt lat="45.727495215833187103271484375" lon="126.5885591693222522735595703125">
        <ele>134.600006103515625</ele>
        <time>2026-07-31T22:22:25.000Z</time>
        <extensions>
          <ns3:TrackPointExtension>
            <ns3:hr>167</ns3:hr>
            <ns3:cad>88</ns3:cad>
          </ns3:TrackPointExtension>
        </extensions>
      </trkpt>
      <trkpt lat="45.727471746504306793212890625" lon="126.58852882683277130126953125">
        <ele>134.600006103515625</ele>
        <time>2026-07-31T22:22:26.000Z</time>
        <extensions>
          <ns3:TrackPointExtension>
            <ns3:hr>168</ns3:hr>
            <ns3:cad>88</ns3:cad>
          </ns3:TrackPointExtension>
        </extensions>
      </trkpt>
      <trkpt lat="45.72746093384921550750732421875" lon="126.58850041218101978302001953125">
        <ele>134.600006103515625</ele>
        <time>2026-07-31T22:22:27.000Z</time>
        <extensions>
          <ns3:TrackPointExtension>
            <ns3:hr>168</ns3:hr>
            <ns3:cad>88</ns3:cad>
          </ns3:TrackPointExtension>
        </extensions>
      </trkpt>
      <trkpt lat="45.72744299657642841339111328125" lon="126.58847275190055370330810546875">
        <ele>134.600006103515625</ele>
        <time>2026-07-31T22:22:28.000Z</time>
        <extensions>
          <ns3:TrackPointExtension>
            <ns3:hr>168</ns3:hr>
            <ns3:cad>88</ns3:cad>
          </ns3:TrackPointExtension>
        </extensions>
      </trkpt>
      <trkpt lat="45.72742656804621219635009765625" lon="126.5884411521255970001220703125">
        <ele>134.600006103515625</ele>
        <time>2026-07-31T22:22:29.000Z</time>
        <extensions>
          <ns3:TrackPointExtension>
            <ns3:hr>168</ns3:hr>
            <ns3:cad>88</ns3:cad>
          </ns3:TrackPointExtension>
        </extensions>
      </trkpt>
      <trkpt lat="45.72740997187793254852294921875" lon="126.588419862091541290283203125">
        <ele>134.600006103515625</ele>
        <time>2026-07-31T22:22:30.000Z</time>
        <extensions>
          <ns3:TrackPointExtension>
            <ns3:hr>169</ns3:hr>
            <ns3:cad>88</ns3:cad>
          </ns3:TrackPointExtension>
        </extensions>
      </trkpt>
      <trkpt lat="45.7273884303867816925048828125" lon="126.5883905254304409027099609375">
        <ele>134.600006103515625</ele>
        <time>2026-07-31T22:22:31.000Z</time>
        <extensions>
          <ns3:TrackPointExtension>
            <ns3:hr>169</ns3:hr>
            <ns3:cad>88</ns3:cad>
          </ns3:TrackPointExtension>
        </extensions>
      </trkpt>
      <trkpt lat="45.7273740135133266448974609375" lon="126.58837317489087581634521484375">
        <ele>134.600006103515625</ele>
        <time>2026-07-31T22:22:32.000Z</time>
        <extensions>
          <ns3:TrackPointExtension>
            <ns3:hr>169</ns3:hr>
            <ns3:cad>87</ns3:cad>
          </ns3:TrackPointExtension>
        </extensions>
      </trkpt>
      <trkpt lat="45.7273579202592372894287109375" lon="126.58833780325949192047119140625">
        <ele>134.600006103515625</ele>
        <time>2026-07-31T22:22:33.000Z</time>
        <extensions>
          <ns3:TrackPointExtension>
            <ns3:hr>169</ns3:hr>
            <ns3:cad>86</ns3:cad>
          </ns3:TrackPointExtension>
        </extensions>
      </trkpt>
      <trkpt lat="45.7273408211767673492431640625" lon="126.58831031061708927154541015625">
        <ele>134.600006103515625</ele>
        <time>2026-07-31T22:22:34.000Z</time>
        <extensions>
          <ns3:TrackPointExtension>
            <ns3:hr>169</ns3:hr>
            <ns3:cad>86</ns3:cad>
          </ns3:TrackPointExtension>
        </extensions>
      </trkpt>
      <trkpt lat="45.72732263244688510894775390625" lon="126.58827510662376880645751953125">
        <ele>134.600006103515625</ele>
        <time>2026-07-31T22:22:35.000Z</time>
        <extensions>
          <ns3:TrackPointExtension>
            <ns3:hr>170</ns3:hr>
            <ns3:cad>86</ns3:cad>
          </ns3:TrackPointExtension>
        </extensions>
      </trkpt>
      <trkpt lat="45.72730804793536663055419921875" lon="126.58824945800006389617919921875">
        <ele>134.600006103515625</ele>
        <time>2026-07-31T22:22:36.000Z</time>
        <extensions>
          <ns3:TrackPointExtension>
            <ns3:hr>170</ns3:hr>
            <ns3:cad>86</ns3:cad>
          </ns3:TrackPointExtension>
        </extensions>
      </trkpt>
      <trkpt lat="45.72728508152067661285400390625" lon="126.5882191993296146392822265625">
        <ele>134.600006103515625</ele>
        <time>2026-07-31T22:22:37.000Z</time>
        <extensions>
          <ns3:TrackPointExtension>
            <ns3:hr>170</ns3:hr>
            <ns3:cad>86</ns3:cad>
          </ns3:TrackPointExtension>
        </extensions>
      </trkpt>
      <trkpt lat="45.72727066464722156524658203125" lon="126.58818961121141910552978515625">
        <ele>134.600006103515625</ele>
        <time>2026-07-31T22:22:38.000Z</time>
        <extensions>
          <ns3:TrackPointExtension>
            <ns3:hr>170</ns3:hr>
            <ns3:cad>86</ns3:cad>
          </ns3:TrackPointExtension>
        </extensions>
      </trkpt>
      <trkpt lat="45.72725105099380016326904296875" lon="126.58816580660641193389892578125">
        <ele>134.399993896484375</ele>
        <time>2026-07-31T22:22:39.000Z</time>
        <extensions>
          <ns3:TrackPointExtension>
            <ns3:hr>171</ns3:hr>
            <ns3:cad>86</ns3:cad>
          </ns3:TrackPointExtension>
        </extensions>
      </trkpt>
      <trkpt lat="45.72723680175840854644775390625" lon="126.5881323628127574920654296875">
        <ele>134.399993896484375</ele>
        <time>2026-07-31T22:22:40.000Z</time>
        <extensions>
          <ns3:TrackPointExtension>
            <ns3:hr>173</ns3:hr>
            <ns3:cad>87</ns3:cad>
          </ns3:TrackPointExtension>
        </extensions>
      </trkpt>
      <trkpt lat="45.727220959961414337158203125" lon="126.588112413883209228515625">
        <ele>134.399993896484375</ele>
        <time>2026-07-31T22:22:41.000Z</time>
        <extensions>
          <ns3:TrackPointExtension>
            <ns3:hr>176</ns3:hr>
            <ns3:cad>87</ns3:cad>
          </ns3:TrackPointExtension>
        </extensions>
      </trkpt>
      <trkpt lat="45.72720746509730815887451171875" lon="126.58807394094765186309814453125">
        <ele>134.399993896484375</ele>
        <time>2026-07-31T22:22:42.000Z</time>
        <extensions>
          <ns3:TrackPointExtension>
            <ns3:hr>179</ns3:hr>
            <ns3:cad>87</ns3:cad>
          </ns3:TrackPointExtension>
        </extensions>
      </trkpt>
      <trkpt lat="45.72719522751867771148681640625" lon="126.58805399201810359954833984375">
        <ele>134.399993896484375</ele>
        <time>2026-07-31T22:22:43.000Z</time>
        <extensions>
          <ns3:TrackPointExtension>
            <ns3:hr>181</ns3:hr>
            <ns3:cad>87</ns3:cad>
          </ns3:TrackPointExtension>
        </extensions>
      </trkpt>
      <trkpt lat="45.727176032960414886474609375" lon="126.58801426179707050323486328125">
        <ele>134.399993896484375</ele>
        <time>2026-07-31T22:22:44.000Z</time>
        <extensions>
          <ns3:TrackPointExtension>
            <ns3:hr>181</ns3:hr>
            <ns3:cad>87</ns3:cad>
          </ns3:TrackPointExtension>
        </extensions>
      </trkpt>
      <trkpt lat="45.72716119699180126190185546875" lon="126.587985344231128692626953125">
        <ele>134.399993896484375</ele>
        <time>2026-07-31T22:22:45.000Z</time>
        <extensions>
          <ns3:TrackPointExtension>
            <ns3:hr>181</ns3:hr>
            <ns3:cad>87</ns3:cad>
          </ns3:TrackPointExtension>
        </extensions>
      </trkpt>
      <trkpt lat="45.727142505347728729248046875" lon="126.5879499725997447967529296875">
        <ele>134.399993896484375</ele>
        <time>2026-07-31T22:22:46.000Z</time>
        <extensions>
          <ns3:TrackPointExtension>
            <ns3:hr>181</ns3:hr>
            <ns3:cad>87</ns3:cad>
          </ns3:TrackPointExtension>
        </extensions>
      </trkpt>
      <trkpt lat="45.72712867520749568939208984375" lon="126.58791854046285152435302734375">
        <ele>134.399993896484375</ele>
        <time>2026-07-31T22:22:47.000Z</time>
        <extensions>
          <ns3:TrackPointExtension>
            <ns3:hr>181</ns3:hr>
            <ns3:cad>87</ns3:cad>
          </ns3:TrackPointExtension>
        </extensions>
      </trkpt>
      <trkpt lat="45.72711258195340633392333984375" lon="126.5878938138484954833984375">
        <ele>134.399993896484375</ele>
        <time>2026-07-31T22:22:48.000Z</time>
        <extensions>
          <ns3:TrackPointExtension>
            <ns3:hr>181</ns3:hr>
            <ns3:cad>87</ns3:cad>
          </ns3:TrackPointExtension>
        </extensions>
      </trkpt>
      <trkpt lat="45.72709791362285614013671875" lon="126.58785953186452388763427734375">
        <ele>134.1999969482421875</ele>
        <time>2026-07-31T22:22:49.000Z</time>
        <extensions>
          <ns3:TrackPointExtension>
            <ns3:hr>181</ns3:hr>
            <ns3:cad>87</ns3:cad>
          </ns3:TrackPointExtension>
        </extensions>
      </trkpt>
      <trkpt lat="45.7270863465964794158935546875" lon="126.58783924765884876251220703125">
        <ele>134.1999969482421875</ele>
        <time>2026-07-31T22:22:50.000Z</time>
        <extensions>
          <ns3:TrackPointExtension>
            <ns3:hr>182</ns3:hr>
            <ns3:cad>87</ns3:cad>
          </ns3:TrackPointExtension>
        </extensions>
      </trkpt>
      <trkpt lat="45.72707268409430980682373046875" lon="126.58779926598072052001953125">
        <ele>134.1999969482421875</ele>
        <time>2026-07-31T22:22:51.000Z</time>
        <extensions>
          <ns3:TrackPointExtension>
            <ns3:hr>181</ns3:hr>
            <ns3:cad>87</ns3:cad>
          </ns3:TrackPointExtension>
        </extensions>
      </trkpt>
      <trkpt lat="45.72706094942986965179443359375" lon="126.58777370117604732513427734375">
        <ele>134.1999969482421875</ele>
        <time>2026-07-31T22:22:52.000Z</time>
        <extensions>
          <ns3:TrackPointExtension>
            <ns3:hr>181</ns3:hr>
            <ns3:cad>87</ns3:cad>
          </ns3:TrackPointExtension>
        </extensions>
      </trkpt>
      <trkpt lat="45.72704686783254146575927734375" lon="126.58773631788790225982666015625">
        <ele>134.1999969482421875</ele>
        <time>2026-07-31T22:22:53.000Z</time>
        <extensions>
          <ns3:TrackPointExtension>
            <ns3:hr>182</ns3:hr>
            <ns3:cad>88</ns3:cad>
          </ns3:TrackPointExtension>
        </extensions>
      </trkpt>
      <trkpt lat="45.7270340435206890106201171875" lon="126.5877132676541805267333984375">
        <ele>134.1999969482421875</ele>
        <time>2026-07-31T22:22:54.000Z</time>
        <extensions>
          <ns3:TrackPointExtension>
            <ns3:hr>181</ns3:hr>
            <ns3:cad>88</ns3:cad>
          </ns3:TrackPointExtension>
        </extensions>
      </trkpt>
      <trkpt lat="45.7270125858485698699951171875" lon="126.58767588436603546142578125">
        <ele>134.1999969482421875</ele>
        <time>2026-07-31T22:22:55.000Z</time>
        <extensions>
          <ns3:TrackPointExtension>
            <ns3:hr>181</ns3:hr>
            <ns3:cad>88</ns3:cad>
          </ns3:TrackPointExtension>
        </extensions>
      </trkpt>
      <trkpt lat="45.72699791751801967620849609375" lon="126.5876525826752185821533203125">
        <ele>134.1999969482421875</ele>
        <time>2026-07-31T22:22:56.000Z</time>
        <extensions>
          <ns3:TrackPointExtension>
            <ns3:hr>182</ns3:hr>
            <ns3:cad>88</ns3:cad>
          </ns3:TrackPointExtension>
        </extensions>
      </trkpt>
      <trkpt lat="45.72697947733104228973388671875" lon="126.5876244194805622100830078125">
        <ele>134.399993896484375</ele>
        <time>2026-07-31T22:22:57.000Z</time>
        <extensions>
          <ns3:TrackPointExtension>
            <ns3:hr>181</ns3:hr>
            <ns3:cad>88</ns3:cad>
          </ns3:TrackPointExtension>
        </extensions>
      </trkpt>
      <trkpt lat="45.72696506045758724212646484375" lon="126.58759667538106441497802734375">
        <ele>134.1999969482421875</ele>
        <time>2026-07-31T22:22:58.000Z</time>
        <extensions>
          <ns3:TrackPointExtension>
            <ns3:hr>181</ns3:hr>
            <ns3:cad>88</ns3:cad>
          </ns3:TrackPointExtension>
        </extensions>
      </trkpt>
      <trkpt lat="45.7269472070038318634033203125" lon="126.58757127821445465087890625">
        <ele>134.1999969482421875</ele>
        <time>2026-07-31T22:22:59.000Z</time>
        <extensions>
          <ns3:TrackPointExtension>
            <ns3:hr>181</ns3:hr>
            <ns3:cad>88</ns3:cad>
          </ns3:TrackPointExtension>
        </extensions>
      </trkpt>
      <trkpt lat="45.72692952118813991546630859375" lon="126.58754554577171802520751953125">
        <ele>134.1999969482421875</ele>
        <time>2026-07-31T22:23:00.000Z</time>
        <extensions>
          <ns3:TrackPointExtension>
            <ns3:hr>181</ns3:hr>
            <ns3:cad>88</ns3:cad>
          </ns3:TrackPointExtension>
        </extensions>
      </trkpt>
      <trkpt lat="45.72690756060183048248291015625" lon="126.5875285305082798004150390625">
        <ele>134</ele>
        <time>2026-07-31T22:23:01.000Z</time>
        <extensions>
          <ns3:TrackPointExtension>
            <ns3:hr>182</ns3:hr>
            <ns3:cad>87</ns3:cad>
          </ns3:TrackPointExtension>
        </extensions>
      </trkpt>
      <trkpt lat="45.7268878631293773651123046875" lon="126.5874986909329891204833984375">
        <ele>134</ele>
        <time>2026-07-31T22:23:02.000Z</time>
        <extensions>
          <ns3:TrackPointExtension>
            <ns3:hr>181</ns3:hr>
            <ns3:cad>87</ns3:cad>
          </ns3:TrackPointExtension>
        </extensions>
      </trkpt>
      <trkpt lat="45.72686732746660709381103515625" lon="126.5874829329550266265869140625">
        <ele>134</ele>
        <time>2026-07-31T22:23:03.000Z</time>
        <extensions>
          <ns3:TrackPointExtension>
            <ns3:hr>181</ns3:hr>
            <ns3:cad>87</ns3:cad>
          </ns3:TrackPointExtension>
        </extensions>
      </trkpt>
      <trkpt lat="45.72684402577579021453857421875" lon="126.5874530933797359466552734375">
        <ele>134</ele>
        <time>2026-07-31T22:23:04.000Z</time>
        <extensions>
          <ns3:TrackPointExtension>
            <ns3:hr>182</ns3:hr>
            <ns3:cad>87</ns3:cad>
          </ns3:TrackPointExtension>
        </extensions>
      </trkpt>
      <trkpt lat="45.72682793252170085906982421875" lon="126.58743716776371002197265625">
        <ele>134</ele>
        <time>2026-07-31T22:23:05.000Z</time>
        <extensions>
          <ns3:TrackPointExtension>
            <ns3:hr>181</ns3:hr>
            <ns3:cad>87</ns3:cad>
          </ns3:TrackPointExtension>
        </extensions>
      </trkpt>
      <trkpt lat="45.72680261917412281036376953125" lon="126.5874011255800724029541015625">
        <ele>133.8000030517578125</ele>
        <time>2026-07-31T22:23:06.000Z</time>
        <extensions>
          <ns3:TrackPointExtension>
            <ns3:hr>181</ns3:hr>
            <ns3:cad>87</ns3:cad>
          </ns3:TrackPointExtension>
        </extensions>
      </trkpt>
      <trkpt lat="45.7267887890338897705078125" lon="126.5873766504228115081787109375">
        <ele>133.8000030517578125</ele>
        <time>2026-07-31T22:23:07.000Z</time>
        <extensions>
          <ns3:TrackPointExtension>
            <ns3:hr>182</ns3:hr>
            <ns3:cad>87</ns3:cad>
          </ns3:TrackPointExtension>
        </extensions>
      </trkpt>
      <trkpt lat="45.7267681695520877838134765625" lon="126.5873431228101253509521484375">
        <ele>133.8000030517578125</ele>
        <time>2026-07-31T22:23:08.000Z</time>
        <extensions>
          <ns3:TrackPointExtension>
            <ns3:hr>181</ns3:hr>
            <ns3:cad>87</ns3:cad>
          </ns3:TrackPointExtension>
        </extensions>
      </trkpt>
      <trkpt lat="45.7267527468502521514892578125" lon="126.58731822855770587921142578125">
        <ele>133.8000030517578125</ele>
        <time>2026-07-31T22:23:09.000Z</time>
        <extensions>
          <ns3:TrackPointExtension>
            <ns3:hr>181</ns3:hr>
            <ns3:cad>87</ns3:cad>
          </ns3:TrackPointExtension>
        </extensions>
      </trkpt>
      <trkpt lat="45.72674076072871685028076171875" lon="126.5872878022491931915283203125">
        <ele>133.600006103515625</ele>
        <time>2026-07-31T22:23:10.000Z</time>
        <extensions>
          <ns3:TrackPointExtension>
            <ns3:hr>182</ns3:hr>
            <ns3:cad>87</ns3:cad>
          </ns3:TrackPointExtension>
        </extensions>
      </trkpt>
      <trkpt lat="45.72673941962420940399169921875" lon="126.58724731765687465667724609375">
        <ele>133.600006103515625</ele>
        <time>2026-07-31T22:23:11.000Z</time>
        <extensions>
          <ns3:TrackPointExtension>
            <ns3:hr>181</ns3:hr>
            <ns3:cad>87</ns3:cad>
          </ns3:TrackPointExtension>
        </extensions>
      </trkpt>
      <trkpt lat="45.72673891671001911163330078125" lon="126.58720993436872959136962890625">
        <ele>133.600006103515625</ele>
        <time>2026-07-31T22:23:12.000Z</time>
        <extensions>
          <ns3:TrackPointExtension>
            <ns3:hr>182</ns3:hr>
            <ns3:cad>87</ns3:cad>
          </ns3:TrackPointExtension>
        </extensions>
      </trkpt>
      <trkpt lat="45.7267410121858119964599609375" lon="126.587166599929332733154296875">
        <ele>133.399993896484375</ele>
        <time>2026-07-31T22:23:13.000Z</time>
        <extensions>
          <ns3:TrackPointExtension>
            <ns3:hr>182</ns3:hr>
            <ns3:cad>87</ns3:cad>
          </ns3:TrackPointExtension>
        </extensions>
      </trkpt>
      <trkpt lat="45.72674176655709743499755859375" lon="126.58713667653501033782958984375">
        <ele>133.399993896484375</ele>
        <time>2026-07-31T22:23:14.000Z</time>
        <extensions>
          <ns3:TrackPointExtension>
            <ns3:hr>182</ns3:hr>
            <ns3:cad>87</ns3:cad>
          </ns3:TrackPointExtension>
        </extensions>
      </trkpt>
      <trkpt lat="45.72675324976444244384765625" lon="126.58709946088492870330810546875">
        <ele>133.1999969482421875</ele>
        <time>2026-07-31T22:23:15.000Z</time>
        <extensions>
          <ns3:TrackPointExtension>
            <ns3:hr>182</ns3:hr>
            <ns3:cad>87</ns3:cad>
          </ns3:TrackPointExtension>
        </extensions>
      </trkpt>
      <trkpt lat="45.7267607934772968292236328125" lon="126.5870708785951137542724609375">
        <ele>133.1999969482421875</ele>
        <time>2026-07-31T22:23:16.000Z</time>
        <extensions>
          <ns3:TrackPointExtension>
            <ns3:hr>181</ns3:hr>
            <ns3:cad>87</ns3:cad>
          </ns3:TrackPointExtension>
        </extensions>
      </trkpt>
      <trkpt lat="45.72677562944591045379638671875" lon="126.58703994937241077423095703125">
        <ele>133.1999969482421875</ele>
        <time>2026-07-31T22:23:17.000Z</time>
        <extensions>
          <ns3:TrackPointExtension>
            <ns3:hr>182</ns3:hr>
            <ns3:cad>87</ns3:cad>
          </ns3:TrackPointExtension>
        </extensions>
      </trkpt>
      <trkpt lat="45.7267892919480800628662109375" lon="126.5870105288922786712646484375">
        <ele>133.1999969482421875</ele>
        <time>2026-07-31T22:23:18.000Z</time>
        <extensions>
          <ns3:TrackPointExtension>
            <ns3:hr>182</ns3:hr>
            <ns3:cad>87</ns3:cad>
          </ns3:TrackPointExtension>
        </extensions>
      </trkpt>
      <trkpt lat="45.726799853146076202392578125" lon="126.586975157260894775390625">
        <ele>133</ele>
        <time>2026-07-31T22:23:19.000Z</time>
        <extensions>
          <ns3:TrackPointExtension>
            <ns3:hr>182</ns3:hr>
            <ns3:cad>87</ns3:cad>
          </ns3:TrackPointExtension>
        </extensions>
      </trkpt>
      <trkpt lat="45.7268147729337215423583984375" lon="126.58693769015371799468994140625">
        <ele>132.8000030517578125</ele>
        <time>2026-07-31T22:23:20.000Z</time>
        <extensions>
          <ns3:TrackPointExtension>
            <ns3:hr>182</ns3:hr>
            <ns3:cad>87</ns3:cad>
          </ns3:TrackPointExtension>
        </extensions>
      </trkpt>
      <trkpt lat="45.72682055644690990447998046875" lon="126.5869102813303470611572265625">
        <ele>132.600006103515625</ele>
        <time>2026-07-31T22:23:21.000Z</time>
        <extensions>
          <ns3:TrackPointExtension>
            <ns3:hr>182</ns3:hr>
            <ns3:cad>88</ns3:cad>
          </ns3:TrackPointExtension>
        </extensions>
      </trkpt>
      <trkpt lat="45.72683514095842838287353515625" lon="126.586871556937694549560546875">
        <ele>132.1999969482421875</ele>
        <time>2026-07-31T22:23:22.000Z</time>
        <extensions>
          <ns3:TrackPointExtension>
            <ns3:hr>182</ns3:hr>
            <ns3:cad>88</ns3:cad>
          </ns3:TrackPointExtension>
        </extensions>
      </trkpt>
      <trkpt lat="45.72684444487094879150390625" lon="126.586840711534023284912109375">
        <ele>132</ele>
        <time>2026-07-31T22:23:23.000Z</time>
        <extensions>
          <ns3:TrackPointExtension>
            <ns3:hr>183</ns3:hr>
            <ns3:cad>88</ns3:cad>
          </ns3:TrackPointExtension>
        </extensions>
      </trkpt>
      <trkpt lat="45.726850144565105438232421875" lon="126.58681246452033519744873046875">
        <ele>131.600006103515625</ele>
        <time>2026-07-31T22:23:24.000Z</time>
        <extensions>
          <ns3:TrackPointExtension>
            <ns3:hr>183</ns3:hr>
            <ns3:cad>88</ns3:cad>
          </ns3:TrackPointExtension>
        </extensions>
      </trkpt>
      <trkpt lat="45.726866908371448516845703125" lon="126.58678011037409305572509765625">
        <ele>131.399993896484375</ele>
        <time>2026-07-31T22:23:25.000Z</time>
        <extensions>
          <ns3:TrackPointExtension>
            <ns3:hr>183</ns3:hr>
            <ns3:cad>84</ns3:cad>
          </ns3:TrackPointExtension>
        </extensions>
      </trkpt>
      <trkpt lat="45.72686414234340190887451171875" lon="126.586757563054561614990234375">
        <ele>131.1999969482421875</ele>
        <time>2026-07-31T22:23:26.000Z</time>
        <extensions>
          <ns3:TrackPointExtension>
            <ns3:hr>184</ns3:hr>
            <ns3:cad>83</ns3:cad>
          </ns3:TrackPointExtension>
        </extensions>
      </trkpt>
      <trkpt lat="45.72687353007495403289794921875" lon="126.58671699464321136474609375">
        <ele>130.8000030517578125</ele>
        <time>2026-07-31T22:23:27.000Z</time>
        <extensions>
          <ns3:TrackPointExtension>
            <ns3:hr>184</ns3:hr>
            <ns3:cad>83</ns3:cad>
          </ns3:TrackPointExtension>
        </extensions>
      </trkpt>
      <trkpt lat="45.726887695491313934326171875" lon="126.58668975345790386199951171875">
        <ele>130.600006103515625</ele>
        <time>2026-07-31T22:23:28.000Z</time>
        <extensions>
          <ns3:TrackPointExtension>
            <ns3:hr>184</ns3:hr>
            <ns3:cad>83</ns3:cad>
          </ns3:TrackPointExtension>
        </extensions>
      </trkpt>
      <trkpt lat="45.7268898747861385345458984375" lon="126.5866574831306934356689453125">
        <ele>130.399993896484375</ele>
        <time>2026-07-31T22:23:29.000Z</time>
        <extensions>
          <ns3:TrackPointExtension>
            <ns3:hr>184</ns3:hr>
            <ns3:cad>83</ns3:cad>
          </ns3:TrackPointExtension>
        </extensions>
      </trkpt>
      <trkpt lat="45.72689674794673919677734375" lon="126.58661498688161373138427734375">
        <ele>130.1999969482421875</ele>
        <time>2026-07-31T22:23:30.000Z</time>
        <extensions>
          <ns3:TrackPointExtension>
            <ns3:hr>184</ns3:hr>
            <ns3:cad>84</ns3:cad>
          </ns3:TrackPointExtension>
        </extensions>
      </trkpt>
      <trkpt lat="45.72689917869865894317626953125" lon="126.586583890020847320556640625">
        <ele>130</ele>
        <time>2026-07-31T22:23:31.000Z</time>
        <extensions>
          <ns3:TrackPointExtension>
            <ns3:hr>184</ns3:hr>
            <ns3:cad>84</ns3:cad>
          </ns3:TrackPointExtension>
        </extensions>
      </trkpt>
      <trkpt lat="45.72691342793405055999755859375" lon="126.5865451656281948089599609375">
        <ele>129.600006103515625</ele>
        <time>2026-07-31T22:23:32.000Z</time>
        <extensions>
          <ns3:TrackPointExtension>
            <ns3:hr>184</ns3:hr>
            <ns3:cad>85</ns3:cad>
          </ns3:TrackPointExtension>
        </extensions>
      </trkpt>
      <trkpt lat="45.72692315094172954559326171875" lon="126.586517505347728729248046875">
        <ele>129.600006103515625</ele>
        <time>2026-07-31T22:23:33.000Z</time>
        <extensions>
          <ns3:TrackPointExtension>
            <ns3:hr>184</ns3:hr>
            <ns3:cad>85</ns3:cad>
          </ns3:TrackPointExtension>
        </extensions>
      </trkpt>
      <trkpt lat="45.7269280962646007537841796875" lon="126.586481966078281402587890625">
        <ele>129.399993896484375</ele>
        <time>2026-07-31T22:23:34.000Z</time>
        <extensions>
          <ns3:TrackPointExtension>
            <ns3:hr>183</ns3:hr>
            <ns3:cad>85</ns3:cad>
          </ns3:TrackPointExtension>
        </extensions>
      </trkpt>
      <trkpt lat="45.72693253867328166961669921875" lon="126.58644718118011951446533203125">
        <ele>129.399993896484375</ele>
        <time>2026-07-31T22:23:35.000Z</time>
        <extensions>
          <ns3:TrackPointExtension>
            <ns3:hr>183</ns3:hr>
            <ns3:cad>85</ns3:cad>
          </ns3:TrackPointExtension>
        </extensions>
      </trkpt>
      <trkpt lat="45.72693563997745513916015625" lon="126.5864185988903045654296875">
        <ele>129.399993896484375</ele>
        <time>2026-07-31T22:23:36.000Z</time>
        <extensions>
          <ns3:TrackPointExtension>
            <ns3:hr>183</ns3:hr>
            <ns3:cad>86</ns3:cad>
          </ns3:TrackPointExtension>
        </extensions>
      </trkpt>
      <trkpt lat="45.72693161666393280029296875" lon="126.58638448454439640045166015625">
        <ele>129.399993896484375</ele>
        <time>2026-07-31T22:23:37.000Z</time>
        <extensions>
          <ns3:TrackPointExtension>
            <ns3:hr>183</ns3:hr>
            <ns3:cad>86</ns3:cad>
          </ns3:TrackPointExtension>
        </extensions>
      </trkpt>
      <trkpt lat="45.72693840600550174713134765625" lon="126.586363278329372406005859375">
        <ele>129.600006103515625</ele>
        <time>2026-07-31T22:23:38.000Z</time>
        <extensions>
          <ns3:TrackPointExtension>
            <ns3:hr>183</ns3:hr>
            <ns3:cad>86</ns3:cad>
          </ns3:TrackPointExtension>
        </extensions>
      </trkpt>
      <trkpt lat="45.726939328014850616455078125" lon="126.58633586950600147247314453125">
        <ele>129.600006103515625</ele>
        <time>2026-07-31T22:23:39.000Z</time>
        <extensions>
          <ns3:TrackPointExtension>
            <ns3:hr>183</ns3:hr>
            <ns3:cad>85</ns3:cad>
          </ns3:TrackPointExtension>
        </extensions>
      </trkpt>
      <trkpt lat="45.7269599474966526031494140625" lon="126.5863057784736156463623046875">
        <ele>129.600006103515625</ele>
        <time>2026-07-31T22:23:40.000Z</time>
        <extensions>
          <ns3:TrackPointExtension>
            <ns3:hr>182</ns3:hr>
            <ns3:cad>85</ns3:cad>
          </ns3:TrackPointExtension>
        </extensions>
      </trkpt>
      <trkpt lat="45.72698785923421382904052734375" lon="126.58626127056777477264404296875">
        <ele>129.600006103515625</ele>
        <time>2026-07-31T22:23:41.000Z</time>
        <extensions>
          <ns3:TrackPointExtension>
            <ns3:hr>182</ns3:hr>
            <ns3:cad>85</ns3:cad>
          </ns3:TrackPointExtension>
        </extensions>
      </trkpt>
      <trkpt lat="45.72699707932770252227783203125" lon="126.58622455783188343048095703125">
        <ele>129.399993896484375</ele>
        <time>2026-07-31T22:23:42.000Z</time>
        <extensions>
          <ns3:TrackPointExtension>
            <ns3:hr>182</ns3:hr>
            <ns3:cad>85</ns3:cad>
          </ns3:TrackPointExtension>
        </extensions>
      </trkpt>
      <trkpt lat="45.72700613178312778472900390625" lon="126.58618348650634288787841796875">
        <ele>129.399993896484375</ele>
        <time>2026-07-31T22:23:43.000Z</time>
        <extensions>
          <ns3:TrackPointExtension>
            <ns3:hr>182</ns3:hr>
            <ns3:cad>85</ns3:cad>
          </ns3:TrackPointExtension>
        </extensions>
      </trkpt>
      <trkpt lat="45.72701820172369480133056640625" lon="126.58615096472203731536865234375">
        <ele>129.399993896484375</ele>
        <time>2026-07-31T22:23:44.000Z</time>
        <extensions>
          <ns3:TrackPointExtension>
            <ns3:hr>182</ns3:hr>
            <ns3:cad>86</ns3:cad>
          </ns3:TrackPointExtension>
        </extensions>
      </trkpt>
      <trkpt lat="45.72702683508396148681640625" lon="126.58611743710935115814208984375">
        <ele>129.399993896484375</ele>
        <time>2026-07-31T22:23:45.000Z</time>
        <extensions>
          <ns3:TrackPointExtension>
            <ns3:hr>182</ns3:hr>
            <ns3:cad>86</ns3:cad>
          </ns3:TrackPointExtension>
        </extensions>
      </trkpt>
      <trkpt lat="45.72703513316810131072998046875" lon="126.58606714569032192230224609375">
        <ele>129.399993896484375</ele>
        <time>2026-07-31T22:23:46.000Z</time>
        <extensions>
          <ns3:TrackPointExtension>
            <ns3:hr>182</ns3:hr>
            <ns3:cad>86</ns3:cad>
          </ns3:TrackPointExtension>
        </extensions>
      </trkpt>
      <trkpt lat="45.72703664191067218780517578125" lon="126.58604166470468044281005859375">
        <ele>129.600006103515625</ele>
        <time>2026-07-31T22:23:47.000Z</time>
        <extensions>
          <ns3:TrackPointExtension>
            <ns3:hr>182</ns3:hr>
            <ns3:cad>86</ns3:cad>
          </ns3:TrackPointExtension>
        </extensions>
      </trkpt>
      <trkpt lat="45.72704426944255828857421875" lon="126.586005873978137969970703125">
        <ele>129.600006103515625</ele>
        <time>2026-07-31T22:23:48.000Z</time>
        <extensions>
          <ns3:TrackPointExtension>
            <ns3:hr>182</ns3:hr>
            <ns3:cad>86</ns3:cad>
          </ns3:TrackPointExtension>
        </extensions>
      </trkpt>
      <trkpt lat="45.72705005295574665069580078125" lon="126.5859775431454181671142578125">
        <ele>129.600006103515625</ele>
        <time>2026-07-31T22:23:49.000Z</time>
        <extensions>
          <ns3:TrackPointExtension>
            <ns3:hr>182</ns3:hr>
            <ns3:cad>86</ns3:cad>
          </ns3:TrackPointExtension>
        </extensions>
      </trkpt>
      <trkpt lat="45.72704686783254146575927734375" lon="126.58595398999750614166259765625">
        <ele>129.600006103515625</ele>
        <time>2026-07-31T22:23:50.000Z</time>
        <extensions>
          <ns3:TrackPointExtension>
            <ns3:hr>182</ns3:hr>
            <ns3:cad>86</ns3:cad>
          </ns3:TrackPointExtension>
        </extensions>
      </trkpt>
      <trkpt lat="45.72705575264990329742431640625" lon="126.58591769635677337646484375">
        <ele>129.8000030517578125</ele>
        <time>2026-07-31T22:23:51.000Z</time>
        <extensions>
          <ns3:TrackPointExtension>
            <ns3:hr>182</ns3:hr>
            <ns3:cad>86</ns3:cad>
          </ns3:TrackPointExtension>
        </extensions>
      </trkpt>
      <trkpt lat="45.72705843485891819000244140625" lon="126.585895903408527374267578125">
        <ele>130</ele>
        <time>2026-07-31T22:23:52.000Z</time>
        <extensions>
          <ns3:TrackPointExtension>
            <ns3:hr>182</ns3:hr>
            <ns3:cad>86</ns3:cad>
          </ns3:TrackPointExtension>
        </extensions>
      </trkpt>
      <trkpt lat="45.72707050479948520660400390625" lon="126.58586463890969753265380859375">
        <ele>130.399993896484375</ele>
        <time>2026-07-31T22:23:53.000Z</time>
        <extensions>
          <ns3:TrackPointExtension>
            <ns3:hr>182</ns3:hr>
            <ns3:cad>86</ns3:cad>
          </ns3:TrackPointExtension>
        </extensions>
      </trkpt>
      <trkpt lat="45.72707721032202243804931640625" lon="126.585836894810199737548828125">
        <ele>130.8000030517578125</ele>
        <time>2026-07-31T22:23:54.000Z</time>
        <extensions>
          <ns3:TrackPointExtension>
            <ns3:hr>182</ns3:hr>
            <ns3:cad>86</ns3:cad>
          </ns3:TrackPointExtension>
        </extensions>
      </trkpt>
      <trkpt lat="45.727086849510669708251953125" lon="126.585805378854274749755859375">
        <ele>131</ele>
        <time>2026-07-31T22:23:55.000Z</time>
        <extensions>
          <ns3:TrackPointExtension>
            <ns3:hr>182</ns3:hr>
            <ns3:cad>86</ns3:cad>
          </ns3:TrackPointExtension>
        </extensions>
      </trkpt>
      <trkpt lat="45.72709481231868267059326171875" lon="126.5857736952602863311767578125">
        <ele>131.1999969482421875</ele>
        <time>2026-07-31T22:23:56.000Z</time>
        <extensions>
          <ns3:TrackPointExtension>
            <ns3:hr>182</ns3:hr>
            <ns3:cad>85</ns3:cad>
          </ns3:TrackPointExtension>
        </extensions>
      </trkpt>
      <trkpt lat="45.7271061278879642486572265625" lon="126.58574930392205715179443359375">
        <ele>131.399993896484375</ele>
        <time>2026-07-31T22:23:57.000Z</time>
        <extensions>
          <ns3:TrackPointExtension>
            <ns3:hr>183</ns3:hr>
            <ns3:cad>85</ns3:cad>
          </ns3:TrackPointExtension>
        </extensions>
      </trkpt>
      <trkpt lat="45.72711979039013385772705078125" lon="126.58571862615644931793212890625">
        <ele>131.399993896484375</ele>
        <time>2026-07-31T22:23:58.000Z</time>
        <extensions>
          <ns3:TrackPointExtension>
            <ns3:hr>183</ns3:hr>
            <ns3:cad>85</ns3:cad>
          </ns3:TrackPointExtension>
        </extensions>
      </trkpt>
      <trkpt lat="45.7271279208362102508544921875" lon="126.585695408284664154052734375">
        <ele>131.399993896484375</ele>
        <time>2026-07-31T22:23:59.000Z</time>
        <extensions>
          <ns3:TrackPointExtension>
            <ns3:hr>183</ns3:hr>
            <ns3:cad>85</ns3:cad>
          </ns3:TrackPointExtension>
        </extensions>
      </trkpt>
      <trkpt lat="45.72714351117610931396484375" lon="126.5856613777577877044677734375">
        <ele>131.600006103515625</ele>
        <time>2026-07-31T22:24:00.000Z</time>
        <extensions>
          <ns3:TrackPointExtension>
            <ns3:hr>183</ns3:hr>
            <ns3:cad>85</ns3:cad>
          </ns3:TrackPointExtension>
        </extensions>
      </trkpt>
      <trkpt lat="45.72715331800282001495361328125" lon="126.58563472330570220947265625">
        <ele>131.600006103515625</ele>
        <time>2026-07-31T22:24:01.000Z</time>
        <extensions>
          <ns3:TrackPointExtension>
            <ns3:hr>183</ns3:hr>
            <ns3:cad>85</ns3:cad>
          </ns3:TrackPointExtension>
        </extensions>
      </trkpt>
      <trkpt lat="45.7271661423146724700927734375" lon="126.5856070630252361297607421875">
        <ele>131.8000030517578125</ele>
        <time>2026-07-31T22:24:02.000Z</time>
        <extensions>
          <ns3:TrackPointExtension>
            <ns3:hr>183</ns3:hr>
            <ns3:cad>85</ns3:cad>
          </ns3:TrackPointExtension>
        </extensions>
      </trkpt>
      <trkpt lat="45.727180726826190948486328125" lon="126.58558384515345096588134765625">
        <ele>131.8000030517578125</ele>
        <time>2026-07-31T22:24:03.000Z</time>
        <extensions>
          <ns3:TrackPointExtension>
            <ns3:hr>183</ns3:hr>
            <ns3:cad>85</ns3:cad>
          </ns3:TrackPointExtension>
        </extensions>
      </trkpt>
      <trkpt lat="45.727192461490631103515625" lon="126.5855628065764904022216796875">
        <ele>131.8000030517578125</ele>
        <time>2026-07-31T22:24:04.000Z</time>
        <extensions>
          <ns3:TrackPointExtension>
            <ns3:hr>183</ns3:hr>
            <ns3:cad>86</ns3:cad>
          </ns3:TrackPointExtension>
        </extensions>
      </trkpt>
      <trkpt lat="45.72720847092568874359130859375" lon="126.58553942106664180755615234375">
        <ele>132</ele>
        <time>2026-07-31T22:24:05.000Z</time>
        <extensions>
          <ns3:TrackPointExtension>
            <ns3:hr>183</ns3:hr>
            <ns3:cad>86</ns3:cad>
          </ns3:TrackPointExtension>
        </extensions>
      </trkpt>
      <trkpt lat="45.727218277752399444580078125" lon="126.58551880158483982086181640625">
        <ele>132</ele>
        <time>2026-07-31T22:24:06.000Z</time>
        <extensions>
          <ns3:TrackPointExtension>
            <ns3:hr>183</ns3:hr>
            <ns3:cad>86</ns3:cad>
          </ns3:TrackPointExtension>
        </extensions>
      </trkpt>
      <trkpt lat="45.7272355444729328155517578125" lon="126.5854964219033718109130859375">
        <ele>131.8000030517578125</ele>
        <time>2026-07-31T22:24:07.000Z</time>
        <extensions>
          <ns3:TrackPointExtension>
            <ns3:hr>184</ns3:hr>
            <ns3:cad>86</ns3:cad>
          </ns3:TrackPointExtension>
        </extensions>
      </trkpt>
      <trkpt lat="45.7272496260702610015869140625" lon="126.585473455488681793212890625">
        <ele>131.8000030517578125</ele>
        <time>2026-07-31T22:24:08.000Z</time>
        <extensions>
          <ns3:TrackPointExtension>
            <ns3:hr>184</ns3:hr>
            <ns3:cad>86</ns3:cad>
          </ns3:TrackPointExtension>
        </extensions>
      </trkpt>
      <trkpt lat="45.72726211510598659515380859375" lon="126.58544420264661312103271484375">
        <ele>131.8000030517578125</ele>
        <time>2026-07-31T22:24:09.000Z</time>
        <extensions>
          <ns3:TrackPointExtension>
            <ns3:hr>185</ns3:hr>
            <ns3:cad>86</ns3:cad>
          </ns3:TrackPointExtension>
        </extensions>
      </trkpt>
      <trkpt lat="45.7272781245410442352294921875" lon="126.58541939221322536468505859375">
        <ele>131.8000030517578125</ele>
        <time>2026-07-31T22:24:10.000Z</time>
        <extensions>
          <ns3:TrackPointExtension>
            <ns3:hr>185</ns3:hr>
            <ns3:cad>86</ns3:cad>
          </ns3:TrackPointExtension>
        </extensions>
      </trkpt>
      <trkpt lat="45.727289356291294097900390625" lon="126.5853968448936939239501953125">
        <ele>131.8000030517578125</ele>
        <time>2026-07-31T22:24:11.000Z</time>
        <extensions>
          <ns3:TrackPointExtension>
            <ns3:hr>185</ns3:hr>
            <ns3:cad>86</ns3:cad>
          </ns3:TrackPointExtension>
        </extensions>
      </trkpt>
      <trkpt lat="45.72731056250631809234619140625" lon="126.5853723697364330291748046875">
        <ele>131.8000030517578125</ele>
        <time>2026-07-31T22:24:12.000Z</time>
        <extensions>
          <ns3:TrackPointExtension>
            <ns3:hr>185</ns3:hr>
            <ns3:cad>86</ns3:cad>
          </ns3:TrackPointExtension>
        </extensions>
      </trkpt>
      <trkpt lat="45.72732028551399707794189453125" lon="126.5853522531688213348388671875">
        <ele>131.8000030517578125</ele>
        <time>2026-07-31T22:24:13.000Z</time>
        <extensions>
          <ns3:TrackPointExtension>
            <ns3:hr>186</ns3:hr>
            <ns3:cad>86</ns3:cad>
          </ns3:TrackPointExtension>
        </extensions>
      </trkpt>
      <trkpt lat="45.72734207846224308013916015625" lon="126.585332639515399932861328125">
        <ele>131.8000030517578125</ele>
        <time>2026-07-31T22:24:14.000Z</time>
        <extensions>
          <ns3:TrackPointExtension>
            <ns3:hr>185</ns3:hr>
            <ns3:cad>86</ns3:cad>
          </ns3:TrackPointExtension>
        </extensions>
      </trkpt>
      <trkpt lat="45.72735465131700038909912109375" lon="126.5853147022426128387451171875">
        <ele>131.8000030517578125</ele>
        <time>2026-07-31T22:24:15.000Z</time>
        <extensions>
          <ns3:TrackPointExtension>
            <ns3:hr>186</ns3:hr>
            <ns3:cad>86</ns3:cad>
          </ns3:TrackPointExtension>
        </extensions>
      </trkpt>
      <trkpt lat="45.72736839763820171356201171875" lon="126.58528360538184642791748046875">
        <ele>131.8000030517578125</ele>
        <time>2026-07-31T22:24:16.000Z</time>
        <extensions>
          <ns3:TrackPointExtension>
            <ns3:hr>186</ns3:hr>
            <ns3:cad>86</ns3:cad>
          </ns3:TrackPointExtension>
        </extensions>
      </trkpt>
      <trkpt lat="45.72738382034003734588623046875" lon="126.58525980077683925628662109375">
        <ele>131.600006103515625</ele>
        <time>2026-07-31T22:24:17.000Z</time>
        <extensions>
          <ns3:TrackPointExtension>
            <ns3:hr>186</ns3:hr>
            <ns3:cad>87</ns3:cad>
          </ns3:TrackPointExtension>
        </extensions>
      </trkpt>
      <trkpt lat="45.72740008123219013214111328125" lon="126.58523415215313434600830078125">
        <ele>131.600006103515625</ele>
        <time>2026-07-31T22:24:18.000Z</time>
        <extensions>
          <ns3:TrackPointExtension>
            <ns3:hr>186</ns3:hr>
            <ns3:cad>87</ns3:cad>
          </ns3:TrackPointExtension>
        </extensions>
      </trkpt>
      <trkpt lat="45.7274186052381992340087890625" lon="126.58521085046231746673583984375">
        <ele>131.399993896484375</ele>
        <time>2026-07-31T22:24:19.000Z</time>
        <extensions>
          <ns3:TrackPointExtension>
            <ns3:hr>187</ns3:hr>
            <ns3:cad>87</ns3:cad>
          </ns3:TrackPointExtension>
        </extensions>
      </trkpt>
      <trkpt lat="45.7274346984922885894775390625" lon="126.585185788571834564208984375">
        <ele>131.399993896484375</ele>
        <time>2026-07-31T22:24:20.000Z</time>
        <extensions>
          <ns3:TrackPointExtension>
            <ns3:hr>186</ns3:hr>
            <ns3:cad>86</ns3:cad>
          </ns3:TrackPointExtension>
        </extensions>
      </trkpt>
      <trkpt lat="45.72745355777442455291748046875" lon="126.58516055904328823089599609375">
        <ele>131.399993896484375</ele>
        <time>2026-07-31T22:24:21.000Z</time>
        <extensions>
          <ns3:TrackPointExtension>
            <ns3:hr>186</ns3:hr>
            <ns3:cad>86</ns3:cad>
          </ns3:TrackPointExtension>
        </extensions>
      </trkpt>
      <trkpt lat="45.727467723190784454345703125" lon="126.58513717353343963623046875">
        <ele>131.1999969482421875</ele>
        <time>2026-07-31T22:24:22.000Z</time>
        <extensions>
          <ns3:TrackPointExtension>
            <ns3:hr>187</ns3:hr>
            <ns3:cad>87</ns3:cad>
          </ns3:TrackPointExtension>
        </extensions>
      </trkpt>
      <trkpt lat="45.72748490609228610992431640625" lon="126.585107333958148956298828125">
        <ele>131.1999969482421875</ele>
        <time>2026-07-31T22:24:23.000Z</time>
        <extensions>
          <ns3:TrackPointExtension>
            <ns3:hr>186</ns3:hr>
            <ns3:cad>87</ns3:cad>
          </ns3:TrackPointExtension>
        </extensions>
      </trkpt>
      <trkpt lat="45.72749898768961429595947265625" lon="126.5850810147821903228759765625">
        <ele>131.1999969482421875</ele>
        <time>2026-07-31T22:24:24.000Z</time>
        <extensions>
          <ns3:TrackPointExtension>
            <ns3:hr>186</ns3:hr>
            <ns3:cad>87</ns3:cad>
          </ns3:TrackPointExtension>
        </extensions>
      </trkpt>
      <trkpt lat="45.72751633822917938232421875" lon="126.585043631494045257568359375">
        <ele>131.1999969482421875</ele>
        <time>2026-07-31T22:24:25.000Z</time>
        <extensions>
          <ns3:TrackPointExtension>
            <ns3:hr>186</ns3:hr>
            <ns3:cad>87</ns3:cad>
          </ns3:TrackPointExtension>
        </extensions>
      </trkpt>
      <trkpt lat="45.72752715088427066802978515625" lon="126.5850126184523105621337890625">
        <ele>131</ele>
        <time>2026-07-31T22:24:26.000Z</time>
        <extensions>
          <ns3:TrackPointExtension>
            <ns3:hr>186</ns3:hr>
            <ns3:cad>87</ns3:cad>
          </ns3:TrackPointExtension>
        </extensions>
      </trkpt>
      <trkpt lat="45.72754307650029659271240234375" lon="126.58498051576316356658935546875">
        <ele>131</ele>
        <time>2026-07-31T22:24:27.000Z</time>
        <extensions>
          <ns3:TrackPointExtension>
            <ns3:hr>186</ns3:hr>
            <ns3:cad>87</ns3:cad>
          </ns3:TrackPointExtension>
        </extensions>
      </trkpt>
      <trkpt lat="45.727559588849544525146484375" lon="126.58495008945465087890625">
        <ele>131</ele>
        <time>2026-07-31T22:24:28.000Z</time>
        <extensions>
          <ns3:TrackPointExtension>
            <ns3:hr>186</ns3:hr>
            <ns3:cad>87</ns3:cad>
          </ns3:TrackPointExtension>
        </extensions>
      </trkpt>
      <trkpt lat="45.72757358662784099578857421875" lon="126.58492301590740680694580078125">
        <ele>131</ele>
        <time>2026-07-31T22:24:29.000Z</time>
        <extensions>
          <ns3:TrackPointExtension>
            <ns3:hr>185</ns3:hr>
            <ns3:cad>87</ns3:cad>
          </ns3:TrackPointExtension>
        </extensions>
      </trkpt>
      <trkpt lat="45.7275939546525478363037109375" lon="126.58490113914012908935546875">
        <ele>131</ele>
        <time>2026-07-31T22:24:30.000Z</time>
        <extensions>
          <ns3:TrackPointExtension>
            <ns3:hr>185</ns3:hr>
            <ns3:cad>87</ns3:cad>
          </ns3:TrackPointExtension>
        </extensions>
      </trkpt>
      <trkpt lat="45.727605856955051422119140625" lon="126.58487892709672451019287109375">
        <ele>131</ele>
        <time>2026-07-31T22:24:31.000Z</time>
        <extensions>
          <ns3:TrackPointExtension>
            <ns3:hr>185</ns3:hr>
            <ns3:cad>87</ns3:cad>
          </ns3:TrackPointExtension>
        </extensions>
      </trkpt>
      <trkpt lat="45.7276254706084728240966796875" lon="126.58485461957752704620361328125">
        <ele>130.8000030517578125</ele>
        <time>2026-07-31T22:24:32.000Z</time>
        <extensions>
          <ns3:TrackPointExtension>
            <ns3:hr>185</ns3:hr>
            <ns3:cad>87</ns3:cad>
          </ns3:TrackPointExtension>
        </extensions>
      </trkpt>
      <trkpt lat="45.72764114476740360260009765625" lon="126.58483265899121761322021484375">
        <ele>130.8000030517578125</ele>
        <time>2026-07-31T22:24:33.000Z</time>
        <extensions>
          <ns3:TrackPointExtension>
            <ns3:hr>185</ns3:hr>
            <ns3:cad>87</ns3:cad>
          </ns3:TrackPointExtension>
        </extensions>
      </trkpt>
      <trkpt lat="45.7276616804301738739013671875" lon="126.58480726182460784912109375">
        <ele>130.8000030517578125</ele>
        <time>2026-07-31T22:24:34.000Z</time>
        <extensions>
          <ns3:TrackPointExtension>
            <ns3:hr>185</ns3:hr>
            <ns3:cad>87</ns3:cad>
          </ns3:TrackPointExtension>
        </extensions>
      </trkpt>
      <trkpt lat="45.72767551057040691375732421875" lon="126.5847866423428058624267578125">
        <ele>130.8000030517578125</ele>
        <time>2026-07-31T22:24:35.000Z</time>
        <extensions>
          <ns3:TrackPointExtension>
            <ns3:hr>185</ns3:hr>
            <ns3:cad>87</ns3:cad>
          </ns3:TrackPointExtension>
        </extensions>
      </trkpt>
      <trkpt lat="45.72769143618643283843994140625" lon="126.58476434648036956787109375">
        <ele>130.8000030517578125</ele>
        <time>2026-07-31T22:24:36.000Z</time>
        <extensions>
          <ns3:TrackPointExtension>
            <ns3:hr>184</ns3:hr>
            <ns3:cad>87</ns3:cad>
          </ns3:TrackPointExtension>
        </extensions>
      </trkpt>
      <trkpt lat="45.72771457023918628692626953125" lon="126.5847417153418064117431640625">
        <ele>130.600006103515625</ele>
        <time>2026-07-31T22:24:37.000Z</time>
        <extensions>
          <ns3:TrackPointExtension>
            <ns3:hr>184</ns3:hr>
            <ns3:cad>87</ns3:cad>
          </ns3:TrackPointExtension>
        </extensions>
      </trkpt>
      <trkpt lat="45.72772060520946979522705078125" lon="126.58471430651843547821044921875">
        <ele>130.600006103515625</ele>
        <time>2026-07-31T22:24:38.000Z</time>
        <extensions>
          <ns3:TrackPointExtension>
            <ns3:hr>184</ns3:hr>
            <ns3:cad>87</ns3:cad>
          </ns3:TrackPointExtension>
        </extensions>
      </trkpt>
      <trkpt lat="45.72774700820446014404296875" lon="126.58469486050307750701904296875">
        <ele>130.600006103515625</ele>
        <time>2026-07-31T22:24:39.000Z</time>
        <extensions>
          <ns3:TrackPointExtension>
            <ns3:hr>184</ns3:hr>
            <ns3:cad>86</ns3:cad>
          </ns3:TrackPointExtension>
        </extensions>
      </trkpt>
      <trkpt lat="45.72775698266923427581787109375" lon="126.58468119800090789794921875">
        <ele>130.600006103515625</ele>
        <time>2026-07-31T22:24:40.000Z</time>
        <extensions>
          <ns3:TrackPointExtension>
            <ns3:hr>184</ns3:hr>
            <ns3:cad>86</ns3:cad>
          </ns3:TrackPointExtension>
        </extensions>
      </trkpt>
      <trkpt lat="45.7277780212461948394775390625" lon="126.58465513028204441070556640625">
        <ele>130.8000030517578125</ele>
        <time>2026-07-31T22:24:41.000Z</time>
        <extensions>
          <ns3:TrackPointExtension>
            <ns3:hr>183</ns3:hr>
            <ns3:cad>86</ns3:cad>
          </ns3:TrackPointExtension>
        </extensions>
      </trkpt>
      <trkpt lat="45.72779084555804729461669921875" lon="126.5846367739140987396240234375">
        <ele>131</ele>
        <time>2026-07-31T22:24:42.000Z</time>
        <extensions>
          <ns3:TrackPointExtension>
            <ns3:hr>182</ns3:hr>
            <ns3:cad>86</ns3:cad>
          </ns3:TrackPointExtension>
        </extensions>
      </trkpt>
      <trkpt lat="45.72780735790729522705078125" lon="126.5846159867942333221435546875">
        <ele>131</ele>
        <time>2026-07-31T22:24:43.000Z</time>
        <extensions>
          <ns3:TrackPointExtension>
            <ns3:hr>181</ns3:hr>
            <ns3:cad>86</ns3:cad>
          </ns3:TrackPointExtension>
        </extensions>
      </trkpt>
      <trkpt lat="45.727822445333003997802734375" lon="126.58459411002695560455322265625">
        <ele>131.1999969482421875</ele>
        <time>2026-07-31T22:24:44.000Z</time>
        <extensions>
          <ns3:TrackPointExtension>
            <ns3:hr>180</ns3:hr>
            <ns3:cad>86</ns3:cad>
          </ns3:TrackPointExtension>
        </extensions>
      </trkpt>
      <trkpt lat="45.7278350181877613067626953125" lon="126.58456611447036266326904296875">
        <ele>131.1999969482421875</ele>
        <time>2026-07-31T22:24:45.000Z</time>
        <extensions>
          <ns3:TrackPointExtension>
            <ns3:hr>178</ns3:hr>
            <ns3:cad>86</ns3:cad>
          </ns3:TrackPointExtension>
        </extensions>
      </trkpt>
      <trkpt lat="45.7278524525463581085205078125" lon="126.5845398791134357452392578125">
        <ele>131.399993896484375</ele>
        <time>2026-07-31T22:24:46.000Z</time>
        <extensions>
          <ns3:TrackPointExtension>
            <ns3:hr>177</ns3:hr>
            <ns3:cad>86</ns3:cad>
          </ns3:TrackPointExtension>
        </extensions>
      </trkpt>
      <trkpt lat="45.727863349020481109619140625" lon="126.5845200978219509124755859375">
        <ele>131.399993896484375</ele>
        <time>2026-07-31T22:24:47.000Z</time>
        <extensions>
          <ns3:TrackPointExtension>
            <ns3:hr>176</ns3:hr>
            <ns3:cad>85</ns3:cad>
          </ns3:TrackPointExtension>
        </extensions>
      </trkpt>
      <trkpt lat="45.7278846390545368194580078125" lon="126.58448481000959873199462890625">
        <ele>131.399993896484375</ele>
        <time>2026-07-31T22:24:48.000Z</time>
        <extensions>
          <ns3:TrackPointExtension>
            <ns3:hr>176</ns3:hr>
            <ns3:cad>85</ns3:cad>
          </ns3:TrackPointExtension>
        </extensions>
      </trkpt>
      <trkpt lat="45.72789830155670642852783203125" lon="126.58446662127971649169921875">
        <ele>131.399993896484375</ele>
        <time>2026-07-31T22:24:49.000Z</time>
        <extensions>
          <ns3:TrackPointExtension>
            <ns3:hr>176</ns3:hr>
            <ns3:cad>86</ns3:cad>
          </ns3:TrackPointExtension>
        </extensions>
      </trkpt>
      <trkpt lat="45.727919004857540130615234375" lon="126.5844349376857280731201171875">
        <ele>131.399993896484375</ele>
        <time>2026-07-31T22:24:50.000Z</time>
        <extensions>
          <ns3:TrackPointExtension>
            <ns3:hr>176</ns3:hr>
            <ns3:cad>86</ns3:cad>
          </ns3:TrackPointExtension>
        </extensions>
      </trkpt>
      <trkpt lat="45.72793685831129550933837890625" lon="126.58441423438489437103271484375">
        <ele>131.399993896484375</ele>
        <time>2026-07-31T22:24:51.000Z</time>
        <extensions>
          <ns3:TrackPointExtension>
            <ns3:hr>175</ns3:hr>
            <ns3:cad>86</ns3:cad>
          </ns3:TrackPointExtension>
        </extensions>
      </trkpt>
      <trkpt lat="45.72795085608959197998046875" lon="126.58438690938055515289306640625">
        <ele>131.600006103515625</ele>
        <time>2026-07-31T22:24:52.000Z</time>
        <extensions>
          <ns3:TrackPointExtension>
            <ns3:hr>175</ns3:hr>
            <ns3:cad>86</ns3:cad>
          </ns3:TrackPointExtension>
        </extensions>
      </trkpt>
      <trkpt lat="45.72796334512531757354736328125" lon="126.58436293713748455047607421875">
        <ele>131.8000030517578125</ele>
        <time>2026-07-31T22:24:53.000Z</time>
        <extensions>
          <ns3:TrackPointExtension>
            <ns3:hr>175</ns3:hr>
            <ns3:cad>86</ns3:cad>
          </ns3:TrackPointExtension>
        </extensions>
      </trkpt>
      <trkpt lat="45.72797298431396484375" lon="126.58433661796152591705322265625">
        <ele>131.8000030517578125</ele>
        <time>2026-07-31T22:24:54.000Z</time>
        <extensions>
          <ns3:TrackPointExtension>
            <ns3:hr>175</ns3:hr>
            <ns3:cad>86</ns3:cad>
          </ns3:TrackPointExtension>
        </extensions>
      </trkpt>
      <trkpt lat="45.72799134068191051483154296875" lon="126.584313400089740753173828125">
        <ele>131.8000030517578125</ele>
        <time>2026-07-31T22:24:55.000Z</time>
        <extensions>
          <ns3:TrackPointExtension>
            <ns3:hr>175</ns3:hr>
            <ns3:cad>87</ns3:cad>
          </ns3:TrackPointExtension>
        </extensions>
      </trkpt>
      <trkpt lat="45.72800315916538238525390625" lon="126.5842916071414947509765625">
        <ele>131.8000030517578125</ele>
        <time>2026-07-31T22:24:56.000Z</time>
        <extensions>
          <ns3:TrackPointExtension>
            <ns3:hr>175</ns3:hr>
            <ns3:cad>87</ns3:cad>
          </ns3:TrackPointExtension>
        </extensions>
      </trkpt>
      <trkpt lat="45.72802201844751834869384765625" lon="126.5842595882713794708251953125">
        <ele>131.600006103515625</ele>
        <time>2026-07-31T22:24:57.000Z</time>
        <extensions>
          <ns3:TrackPointExtension>
            <ns3:hr>175</ns3:hr>
            <ns3:cad>87</ns3:cad>
          </ns3:TrackPointExtension>
        </extensions>
      </trkpt>
      <trkpt lat="45.72803157381713390350341796875" lon="126.5842374600470066070556640625">
        <ele>131.600006103515625</ele>
        <time>2026-07-31T22:24:58.000Z</time>
        <extensions>
          <ns3:TrackPointExtension>
            <ns3:hr>175</ns3:hr>
            <ns3:cad>87</ns3:cad>
          </ns3:TrackPointExtension>
        </extensions>
      </trkpt>
      <trkpt lat="45.72805202566087245941162109375" lon="126.58420510590076446533203125">
        <ele>131.600006103515625</ele>
        <time>2026-07-31T22:24:59.000Z</time>
        <extensions>
          <ns3:TrackPointExtension>
            <ns3:hr>174</ns3:hr>
            <ns3:cad>87</ns3:cad>
          </ns3:TrackPointExtension>
        </extensions>
      </trkpt>
      <trkpt lat="45.72806493379175662994384765625" lon="126.5841791220009326934814453125">
        <ele>131.600006103515625</ele>
        <time>2026-07-31T22:25:00.000Z</time>
        <extensions>
          <ns3:TrackPointExtension>
            <ns3:hr>174</ns3:hr>
            <ns3:cad>87</ns3:cad>
          </ns3:TrackPointExtension>
        </extensions>
      </trkpt>
      <trkpt lat="45.7280777581036090850830078125" lon="126.58414634875953197479248046875">
        <ele>131.600006103515625</ele>
        <time>2026-07-31T22:25:01.000Z</time>
        <extensions>
          <ns3:TrackPointExtension>
            <ns3:hr>174</ns3:hr>
            <ns3:cad>87</ns3:cad>
          </ns3:TrackPointExtension>
        </extensions>
      </trkpt>
      <trkpt lat="45.7280925102531909942626953125" lon="126.584121286869049072265625">
        <ele>131.600006103515625</ele>
        <time>2026-07-31T22:25:02.000Z</time>
        <extensions>
          <ns3:TrackPointExtension>
            <ns3:hr>174</ns3:hr>
            <ns3:cad>87</ns3:cad>
          </ns3:TrackPointExtension>
        </extensions>
      </trkpt>
      <trkpt lat="45.72810382582247257232666015625" lon="126.58409287221729755401611328125">
        <ele>131.600006103515625</ele>
        <time>2026-07-31T22:25:03.000Z</time>
        <extensions>
          <ns3:TrackPointExtension>
            <ns3:hr>174</ns3:hr>
            <ns3:cad>87</ns3:cad>
          </ns3:TrackPointExtension>
        </extensions>
      </trkpt>
      <trkpt lat="45.7281189970672130584716796875" lon="126.5840636193752288818359375">
        <ele>131.600006103515625</ele>
        <time>2026-07-31T22:25:04.000Z</time>
        <extensions>
          <ns3:TrackPointExtension>
            <ns3:hr>174</ns3:hr>
            <ns3:cad>87</ns3:cad>
          </ns3:TrackPointExtension>
        </extensions>
      </trkpt>
      <trkpt lat="45.7281240262091159820556640625" lon="126.5840362943708896636962890625">
        <ele>131.600006103515625</ele>
        <time>2026-07-31T22:25:05.000Z</time>
        <extensions>
          <ns3:TrackPointExtension>
            <ns3:hr>175</ns3:hr>
            <ns3:cad>87</ns3:cad>
          </ns3:TrackPointExtension>
        </extensions>
      </trkpt>
      <trkpt lat="45.72814003564417362213134765625" lon="126.584004275500774383544921875">
        <ele>131.600006103515625</ele>
        <time>2026-07-31T22:25:06.000Z</time>
        <extensions>
          <ns3:TrackPointExtension>
            <ns3:hr>174</ns3:hr>
            <ns3:cad>87</ns3:cad>
          </ns3:TrackPointExtension>
        </extensions>
      </trkpt>
      <trkpt lat="45.72814590297639369964599609375" lon="126.58398223109543323516845703125">
        <ele>131.600006103515625</ele>
        <time>2026-07-31T22:25:07.000Z</time>
        <extensions>
          <ns3:TrackPointExtension>
            <ns3:hr>174</ns3:hr>
            <ns3:cad>86</ns3:cad>
          </ns3:TrackPointExtension>
        </extensions>
      </trkpt>
      <trkpt lat="45.7281593978404998779296875" lon="126.58394350670278072357177734375">
        <ele>131.8000030517578125</ele>
        <time>2026-07-31T22:25:08.000Z</time>
        <extensions>
          <ns3:TrackPointExtension>
            <ns3:hr>174</ns3:hr>
            <ns3:cad>86</ns3:cad>
          </ns3:TrackPointExtension>
        </extensions>
      </trkpt>
      <trkpt lat="45.728169120848178863525390625" lon="126.58391685225069522857666015625">
        <ele>131.8000030517578125</ele>
        <time>2026-07-31T22:25:09.000Z</time>
        <extensions>
          <ns3:TrackPointExtension>
            <ns3:hr>174</ns3:hr>
            <ns3:cad>86</ns3:cad>
          </ns3:TrackPointExtension>
        </extensions>
      </trkpt>
      <trkpt lat="45.7281796820461750030517578125" lon="126.58388500101864337921142578125">
        <ele>132</ele>
        <time>2026-07-31T22:25:10.000Z</time>
        <extensions>
          <ns3:TrackPointExtension>
            <ns3:hr>175</ns3:hr>
            <ns3:cad>86</ns3:cad>
          </ns3:TrackPointExtension>
        </extensions>
      </trkpt>
      <trkpt lat="45.7281914167106151580810546875" lon="126.58385968767106533050537109375">
        <ele>132.1999969482421875</ele>
        <time>2026-07-31T22:25:11.000Z</time>
        <extensions>
          <ns3:TrackPointExtension>
            <ns3:hr>174</ns3:hr>
            <ns3:cad>86</ns3:cad>
          </ns3:TrackPointExtension>
        </extensions>
      </trkpt>
      <trkpt lat="45.7281964458525180816650390625" lon="126.58383806236088275909423828125">
        <ele>132.399993896484375</ele>
        <time>2026-07-31T22:25:12.000Z</time>
        <extensions>
          <ns3:TrackPointExtension>
            <ns3:hr>174</ns3:hr>
            <ns3:cad>86</ns3:cad>
          </ns3:TrackPointExtension>
        </extensions>
      </trkpt>
      <trkpt lat="45.7282111980020999908447265625" lon="126.5838089771568775177001953125">
        <ele>132.399993896484375</ele>
        <time>2026-07-31T22:25:13.000Z</time>
        <extensions>
          <ns3:TrackPointExtension>
            <ns3:hr>175</ns3:hr>
            <ns3:cad>86</ns3:cad>
          </ns3:TrackPointExtension>
        </extensions>
      </trkpt>
      <trkpt lat="45.72821781970560550689697265625" lon="126.5837861783802509307861328125">
        <ele>132.399993896484375</ele>
        <time>2026-07-31T22:25:14.000Z</time>
        <extensions>
          <ns3:TrackPointExtension>
            <ns3:hr>175</ns3:hr>
            <ns3:cad>86</ns3:cad>
          </ns3:TrackPointExtension>
        </extensions>
      </trkpt>
      <trkpt lat="45.72823341004550457000732421875" lon="126.583751477301120758056640625">
        <ele>132.600006103515625</ele>
        <time>2026-07-31T22:25:15.000Z</time>
        <extensions>
          <ns3:TrackPointExtension>
            <ns3:hr>175</ns3:hr>
            <ns3:cad>86</ns3:cad>
          </ns3:TrackPointExtension>
        </extensions>
      </trkpt>
      <trkpt lat="45.7282370142638683319091796875" lon="126.5837258286774158477783203125">
        <ele>132.600006103515625</ele>
        <time>2026-07-31T22:25:16.000Z</time>
        <extensions>
          <ns3:TrackPointExtension>
            <ns3:hr>175</ns3:hr>
            <ns3:cad>86</ns3:cad>
          </ns3:TrackPointExtension>
        </extensions>
      </trkpt>
      <trkpt lat="45.72824598290026187896728515625" lon="126.5836886130273342132568359375">
        <ele>132.600006103515625</ele>
        <time>2026-07-31T22:25:17.000Z</time>
        <extensions>
          <ns3:TrackPointExtension>
            <ns3:hr>175</ns3:hr>
            <ns3:cad>85</ns3:cad>
          </ns3:TrackPointExtension>
        </extensions>
      </trkpt>
      <trkpt lat="45.7282534427940845489501953125" lon="126.5836567617952823638916015625">
        <ele>132.8000030517578125</ele>
        <time>2026-07-31T22:25:18.000Z</time>
        <extensions>
          <ns3:TrackPointExtension>
            <ns3:hr>176</ns3:hr>
            <ns3:cad>85</ns3:cad>
          </ns3:TrackPointExtension>
        </extensions>
      </trkpt>
      <trkpt lat="45.728254616260528564453125" lon="126.58363086171448230743408203125">
        <ele>132.8000030517578125</ele>
        <time>2026-07-31T22:25:19.000Z</time>
        <extensions>
          <ns3:TrackPointExtension>
            <ns3:hr>177</ns3:hr>
            <ns3:cad>86</ns3:cad>
          </ns3:TrackPointExtension>
        </extensions>
      </trkpt>
      <trkpt lat="45.72826073504984378814697265625" lon="126.5835950709879398345947265625">
        <ele>132.600006103515625</ele>
        <time>2026-07-31T22:25:20.000Z</time>
        <extensions>
          <ns3:TrackPointExtension>
            <ns3:hr>177</ns3:hr>
            <ns3:cad>86</ns3:cad>
          </ns3:TrackPointExtension>
        </extensions>
      </trkpt>
      <trkpt lat="45.72826257906854152679443359375" lon="126.58356565050780773162841796875">
        <ele>132.600006103515625</ele>
        <time>2026-07-31T22:25:21.000Z</time>
        <extensions>
          <ns3:TrackPointExtension>
            <ns3:hr>177</ns3:hr>
            <ns3:cad>86</ns3:cad>
          </ns3:TrackPointExtension>
        </extensions>
      </trkpt>
      <trkpt lat="45.7282720506191253662109375" lon="126.5835298597812652587890625">
        <ele>132.600006103515625</ele>
        <time>2026-07-31T22:25:22.000Z</time>
        <extensions>
          <ns3:TrackPointExtension>
            <ns3:hr>177</ns3:hr>
            <ns3:cad>87</ns3:cad>
          </ns3:TrackPointExtension>
        </extensions>
      </trkpt>
      <trkpt lat="45.72826978750526905059814453125" lon="126.5834963321685791015625">
        <ele>132.399993896484375</ele>
        <time>2026-07-31T22:25:23.000Z</time>
        <extensions>
          <ns3:TrackPointExtension>
            <ns3:hr>178</ns3:hr>
            <ns3:cad>87</ns3:cad>
          </ns3:TrackPointExtension>
        </extensions>
      </trkpt>
      <trkpt lat="45.72827003896236419677734375" lon="126.58346272073686122894287109375">
        <ele>132.399993896484375</ele>
        <time>2026-07-31T22:25:24.000Z</time>
        <extensions>
          <ns3:TrackPointExtension>
            <ns3:hr>178</ns3:hr>
            <ns3:cad>86</ns3:cad>
          </ns3:TrackPointExtension>
        </extensions>
      </trkpt>
      <trkpt lat="45.72827548719942569732666015625" lon="126.58343036659061908721923828125">
        <ele>132.1999969482421875</ele>
        <time>2026-07-31T22:25:25.000Z</time>
        <extensions>
          <ns3:TrackPointExtension>
            <ns3:hr>178</ns3:hr>
            <ns3:cad>86</ns3:cad>
          </ns3:TrackPointExtension>
        </extensions>
      </trkpt>
      <trkpt lat="45.72827674448490142822265625" lon="126.5834039635956287384033203125">
        <ele>132</ele>
        <time>2026-07-31T22:25:26.000Z</time>
        <extensions>
          <ns3:TrackPointExtension>
            <ns3:hr>178</ns3:hr>
            <ns3:cad>87</ns3:cad>
          </ns3:TrackPointExtension>
        </extensions>
      </trkpt>
      <trkpt lat="45.72828521020710468292236328125" lon="126.58336716704070568084716796875">
        <ele>131.8000030517578125</ele>
        <time>2026-07-31T22:25:27.000Z</time>
        <extensions>
          <ns3:TrackPointExtension>
            <ns3:hr>178</ns3:hr>
            <ns3:cad>87</ns3:cad>
          </ns3:TrackPointExtension>
        </extensions>
      </trkpt>
      <trkpt lat="45.72828437201678752899169921875" lon="126.58334143459796905517578125">
        <ele>131.8000030517578125</ele>
        <time>2026-07-31T22:25:28.000Z</time>
        <extensions>
          <ns3:TrackPointExtension>
            <ns3:hr>178</ns3:hr>
            <ns3:cad>86</ns3:cad>
          </ns3:TrackPointExtension>
        </extensions>
      </trkpt>
      <trkpt lat="45.7282916642725467681884765625" lon="126.5833003632724285125732421875">
        <ele>131.600006103515625</ele>
        <time>2026-07-31T22:25:29.000Z</time>
        <extensions>
          <ns3:TrackPointExtension>
            <ns3:hr>179</ns3:hr>
            <ns3:cad>86</ns3:cad>
          </ns3:TrackPointExtension>
        </extensions>
      </trkpt>
      <trkpt lat="45.72829551994800567626953125" lon="126.58327278681099414825439453125">
        <ele>131.600006103515625</ele>
        <time>2026-07-31T22:25:30.000Z</time>
        <extensions>
          <ns3:TrackPointExtension>
            <ns3:hr>179</ns3:hr>
            <ns3:cad>86</ns3:cad>
          </ns3:TrackPointExtension>
        </extensions>
      </trkpt>
      <trkpt lat="45.72829912416636943817138671875" lon="126.5832400135695934295654296875">
        <ele>131.399993896484375</ele>
        <time>2026-07-31T22:25:31.000Z</time>
        <extensions>
          <ns3:TrackPointExtension>
            <ns3:hr>179</ns3:hr>
            <ns3:cad>86</ns3:cad>
          </ns3:TrackPointExtension>
        </extensions>
      </trkpt>
      <trkpt lat="45.728305242955684661865234375" lon="126.58320589922368526458740234375">
        <ele>131.1999969482421875</ele>
        <time>2026-07-31T22:25:32.000Z</time>
        <extensions>
          <ns3:TrackPointExtension>
            <ns3:hr>179</ns3:hr>
            <ns3:cad>86</ns3:cad>
          </ns3:TrackPointExtension>
        </extensions>
      </trkpt>
      <trkpt lat="45.7283037342131137847900390625" lon="126.58317605964839458465576171875">
        <ele>131</ele>
        <time>2026-07-31T22:25:33.000Z</time>
        <extensions>
          <ns3:TrackPointExtension>
            <ns3:hr>179</ns3:hr>
            <ns3:cad>86</ns3:cad>
          </ns3:TrackPointExtension>
        </extensions>
      </trkpt>
      <trkpt lat="45.72831270284950733184814453125" lon="126.5831380896270275115966796875">
        <ele>131</ele>
        <time>2026-07-31T22:25:34.000Z</time>
        <extensions>
          <ns3:TrackPointExtension>
            <ns3:hr>179</ns3:hr>
            <ns3:cad>86</ns3:cad>
          </ns3:TrackPointExtension>
        </extensions>
      </trkpt>
      <trkpt lat="45.72831630706787109375" lon="126.58311210572719573974609375">
        <ele>131</ele>
        <time>2026-07-31T22:25:35.000Z</time>
        <extensions>
          <ns3:TrackPointExtension>
            <ns3:hr>179</ns3:hr>
            <ns3:cad>85</ns3:cad>
          </ns3:TrackPointExtension>
        </extensions>
      </trkpt>
      <trkpt lat="45.728323347866535186767578125" lon="126.5830663405358791351318359375">
        <ele>130.8000030517578125</ele>
        <time>2026-07-31T22:25:36.000Z</time>
        <extensions>
          <ns3:TrackPointExtension>
            <ns3:hr>179</ns3:hr>
            <ns3:cad>85</ns3:cad>
          </ns3:TrackPointExtension>
        </extensions>
      </trkpt>
      <trkpt lat="45.72832762263715267181396484375" lon="126.58302954398095607757568359375">
        <ele>130.8000030517578125</ele>
        <time>2026-07-31T22:25:37.000Z</time>
        <extensions>
          <ns3:TrackPointExtension>
            <ns3:hr>179</ns3:hr>
            <ns3:cad>85</ns3:cad>
          </ns3:TrackPointExtension>
        </extensions>
      </trkpt>
      <trkpt lat="45.72832879610359668731689453125" lon="126.58299534581601619720458984375">
        <ele>130.8000030517578125</ele>
        <time>2026-07-31T22:25:38.000Z</time>
        <extensions>
          <ns3:TrackPointExtension>
            <ns3:hr>179</ns3:hr>
            <ns3:cad>85</ns3:cad>
          </ns3:TrackPointExtension>
        </extensions>
      </trkpt>
      <trkpt lat="45.728343464434146881103515625" lon="126.58296651206910610198974609375">
        <ele>130.600006103515625</ele>
        <time>2026-07-31T22:25:39.000Z</time>
        <extensions>
          <ns3:TrackPointExtension>
            <ns3:hr>178</ns3:hr>
            <ns3:cad>85</ns3:cad>
          </ns3:TrackPointExtension>
        </extensions>
      </trkpt>
      <trkpt lat="45.72834790684282779693603515625" lon="126.5829317271709442138671875">
        <ele>130.600006103515625</ele>
        <time>2026-07-31T22:25:40.000Z</time>
        <extensions>
          <ns3:TrackPointExtension>
            <ns3:hr>178</ns3:hr>
            <ns3:cad>86</ns3:cad>
          </ns3:TrackPointExtension>
        </extensions>
      </trkpt>
      <trkpt lat="45.728356204926967620849609375" lon="126.58289643935859203338623046875">
        <ele>130.399993896484375</ele>
        <time>2026-07-31T22:25:41.000Z</time>
        <extensions>
          <ns3:TrackPointExtension>
            <ns3:hr>178</ns3:hr>
            <ns3:cad>86</ns3:cad>
          </ns3:TrackPointExtension>
        </extensions>
      </trkpt>
      <trkpt lat="45.7283553667366504669189453125" lon="126.5828678570687770843505859375">
        <ele>130.399993896484375</ele>
        <time>2026-07-31T22:25:42.000Z</time>
        <extensions>
          <ns3:TrackPointExtension>
            <ns3:hr>178</ns3:hr>
            <ns3:cad>86</ns3:cad>
          </ns3:TrackPointExtension>
        </extensions>
      </trkpt>
      <trkpt lat="45.72836299426853656768798828125" lon="126.5828289650380611419677734375">
        <ele>130.1999969482421875</ele>
        <time>2026-07-31T22:25:43.000Z</time>
        <extensions>
          <ns3:TrackPointExtension>
            <ns3:hr>178</ns3:hr>
            <ns3:cad>86</ns3:cad>
          </ns3:TrackPointExtension>
        </extensions>
      </trkpt>
      <trkpt lat="45.728366933763027191162109375" lon="126.58279895782470703125">
        <ele>130.399993896484375</ele>
        <time>2026-07-31T22:25:44.000Z</time>
        <extensions>
          <ns3:TrackPointExtension>
            <ns3:hr>177</ns3:hr>
            <ns3:cad>86</ns3:cad>
          </ns3:TrackPointExtension>
        </extensions>
      </trkpt>
      <trkpt lat="45.7283778302371501922607421875" lon="126.58275729976594448089599609375">
        <ele>130.399993896484375</ele>
        <time>2026-07-31T22:25:45.000Z</time>
        <extensions>
          <ns3:TrackPointExtension>
            <ns3:hr>177</ns3:hr>
            <ns3:cad>86</ns3:cad>
          </ns3:TrackPointExtension>
        </extensions>
      </trkpt>
      <trkpt lat="45.7283808477222919464111328125" lon="126.58272142522037029266357421875">
        <ele>130.1999969482421875</ele>
        <time>2026-07-31T22:25:46.000Z</time>
        <extensions>
          <ns3:TrackPointExtension>
            <ns3:hr>177</ns3:hr>
            <ns3:cad>86</ns3:cad>
          </ns3:TrackPointExtension>
        </extensions>
      </trkpt>
      <trkpt lat="45.7283847033977508544921875" lon="126.582681946456432342529296875">
        <ele>130.1999969482421875</ele>
        <time>2026-07-31T22:25:47.000Z</time>
        <extensions>
          <ns3:TrackPointExtension>
            <ns3:hr>177</ns3:hr>
            <ns3:cad>86</ns3:cad>
          </ns3:TrackPointExtension>
        </extensions>
      </trkpt>
      <trkpt lat="45.72839073836803436279296875" lon="126.5826452337205410003662109375">
        <ele>130.1999969482421875</ele>
        <time>2026-07-31T22:25:48.000Z</time>
        <extensions>
          <ns3:TrackPointExtension>
            <ns3:hr>177</ns3:hr>
            <ns3:cad>86</ns3:cad>
          </ns3:TrackPointExtension>
        </extensions>
      </trkpt>
      <trkpt lat="45.728392414748668670654296875" lon="126.5826113708317279815673828125">
        <ele>130</ele>
        <time>2026-07-31T22:25:49.000Z</time>
        <extensions>
          <ns3:TrackPointExtension>
            <ns3:hr>177</ns3:hr>
            <ns3:cad>86</ns3:cad>
          </ns3:TrackPointExtension>
        </extensions>
      </trkpt>
      <trkpt lat="45.72839819826185703277587890625" lon="126.5825744904577732086181640625">
        <ele>130.1999969482421875</ele>
        <time>2026-07-31T22:25:50.000Z</time>
        <extensions>
          <ns3:TrackPointExtension>
            <ns3:hr>176</ns3:hr>
            <ns3:cad>86</ns3:cad>
          </ns3:TrackPointExtension>
        </extensions>
      </trkpt>
      <trkpt lat="45.72839685715734958648681640625" lon="126.58254506997764110565185546875">
        <ele>130.1999969482421875</ele>
        <time>2026-07-31T22:25:51.000Z</time>
        <extensions>
          <ns3:TrackPointExtension>
            <ns3:hr>176</ns3:hr>
            <ns3:cad>86</ns3:cad>
          </ns3:TrackPointExtension>
        </extensions>
      </trkpt>
      <trkpt lat="45.72840373031795024871826171875" lon="126.58250349573791027069091796875">
        <ele>130</ele>
        <time>2026-07-31T22:25:52.000Z</time>
        <extensions>
          <ns3:TrackPointExtension>
            <ns3:hr>176</ns3:hr>
            <ns3:cad>86</ns3:cad>
          </ns3:TrackPointExtension>
        </extensions>
      </trkpt>
      <trkpt lat="45.72840490378439426422119140625" lon="126.58247667364776134490966796875">
        <ele>130</ele>
        <time>2026-07-31T22:25:53.000Z</time>
        <extensions>
          <ns3:TrackPointExtension>
            <ns3:hr>176</ns3:hr>
            <ns3:cad>87</ns3:cad>
          </ns3:TrackPointExtension>
        </extensions>
      </trkpt>
      <trkpt lat="45.72841546498239040374755859375" lon="126.58243744634091854095458984375">
        <ele>129.8000030517578125</ele>
        <time>2026-07-31T22:25:54.000Z</time>
        <extensions>
          <ns3:TrackPointExtension>
            <ns3:hr>176</ns3:hr>
            <ns3:cad>87</ns3:cad>
          </ns3:TrackPointExtension>
        </extensions>
      </trkpt>
      <trkpt lat="45.7284160517156124114990234375" lon="126.5824088640511035919189453125">
        <ele>129.600006103515625</ele>
        <time>2026-07-31T22:25:55.000Z</time>
        <extensions>
          <ns3:TrackPointExtension>
            <ns3:hr>176</ns3:hr>
            <ns3:cad>87</ns3:cad>
          </ns3:TrackPointExtension>
        </extensions>
      </trkpt>
      <trkpt lat="45.72842518799006938934326171875" lon="126.5823649428784847259521484375">
        <ele>129.600006103515625</ele>
        <time>2026-07-31T22:25:56.000Z</time>
        <extensions>
          <ns3:TrackPointExtension>
            <ns3:hr>175</ns3:hr>
            <ns3:cad>87</ns3:cad>
          </ns3:TrackPointExtension>
        </extensions>
      </trkpt>
      <trkpt lat="45.72842602618038654327392578125" lon="126.58233099617063999176025390625">
        <ele>129.600006103515625</ele>
        <time>2026-07-31T22:25:57.000Z</time>
        <extensions>
          <ns3:TrackPointExtension>
            <ns3:hr>175</ns3:hr>
            <ns3:cad>87</ns3:cad>
          </ns3:TrackPointExtension>
        </extensions>
      </trkpt>
      <trkpt lat="45.72843273170292377471923828125" lon="126.5822848118841648101806640625">
        <ele>129.600006103515625</ele>
        <time>2026-07-31T22:25:58.000Z</time>
        <extensions>
          <ns3:TrackPointExtension>
            <ns3:hr>175</ns3:hr>
            <ns3:cad>87</ns3:cad>
          </ns3:TrackPointExtension>
        </extensions>
      </trkpt>
      <trkpt lat="45.728438682854175567626953125" lon="126.5822546370327472686767578125">
        <ele>129.600006103515625</ele>
        <time>2026-07-31T22:25:59.000Z</time>
        <extensions>
          <ns3:TrackPointExtension>
            <ns3:hr>175</ns3:hr>
            <ns3:cad>87</ns3:cad>
          </ns3:TrackPointExtension>
        </extensions>
      </trkpt>
      <trkpt lat="45.72844647802412509918212890625" lon="126.5822080336511135101318359375">
        <ele>129.600006103515625</ele>
        <time>2026-07-31T22:26:00.000Z</time>
        <extensions>
          <ns3:TrackPointExtension>
            <ns3:hr>175</ns3:hr>
            <ns3:cad>87</ns3:cad>
          </ns3:TrackPointExtension>
        </extensions>
      </trkpt>
      <trkpt lat="45.72845335118472576141357421875" lon="126.58216754905879497528076171875">
        <ele>129.600006103515625</ele>
        <time>2026-07-31T22:26:01.000Z</time>
        <extensions>
          <ns3:TrackPointExtension>
            <ns3:hr>175</ns3:hr>
            <ns3:cad>87</ns3:cad>
          </ns3:TrackPointExtension>
        </extensions>
      </trkpt>
      <trkpt lat="45.72846139781177043914794921875" lon="126.58212413080036640167236328125">
        <ele>129.399993896484375</ele>
        <time>2026-07-31T22:26:02.000Z</time>
        <extensions>
          <ns3:TrackPointExtension>
            <ns3:hr>175</ns3:hr>
            <ns3:cad>87</ns3:cad>
          </ns3:TrackPointExtension>
        </extensions>
      </trkpt>
      <trkpt lat="45.72846894152462482452392578125" lon="126.58208616077899932861328125">
        <ele>129.399993896484375</ele>
        <time>2026-07-31T22:26:03.000Z</time>
        <extensions>
          <ns3:TrackPointExtension>
            <ns3:hr>175</ns3:hr>
            <ns3:cad>87</ns3:cad>
          </ns3:TrackPointExtension>
        </extensions>
      </trkpt>
      <trkpt lat="45.72847028262913227081298828125" lon="126.58205506391823291778564453125">
        <ele>129.399993896484375</ele>
        <time>2026-07-31T22:26:04.000Z</time>
        <extensions>
          <ns3:TrackPointExtension>
            <ns3:hr>175</ns3:hr>
            <ns3:cad>87</ns3:cad>
          </ns3:TrackPointExtension>
        </extensions>
      </trkpt>
      <trkpt lat="45.72848469950258731842041015625" lon="126.5820219554007053375244140625">
        <ele>129.1999969482421875</ele>
        <time>2026-07-31T22:26:05.000Z</time>
        <extensions>
          <ns3:TrackPointExtension>
            <ns3:hr>175</ns3:hr>
            <ns3:cad>87</ns3:cad>
          </ns3:TrackPointExtension>
        </extensions>
      </trkpt>
      <trkpt lat="45.72849039919674396514892578125" lon="126.58199370838701725006103515625">
        <ele>129.1999969482421875</ele>
        <time>2026-07-31T22:26:06.000Z</time>
        <extensions>
          <ns3:TrackPointExtension>
            <ns3:hr>174</ns3:hr>
            <ns3:cad>87</ns3:cad>
          </ns3:TrackPointExtension>
        </extensions>
      </trkpt>
      <trkpt lat="45.72850263677537441253662109375" lon="126.58195934258401393890380859375">
        <ele>129.1999969482421875</ele>
        <time>2026-07-31T22:26:07.000Z</time>
        <extensions>
          <ns3:TrackPointExtension>
            <ns3:hr>175</ns3:hr>
            <ns3:cad>87</ns3:cad>
          </ns3:TrackPointExtension>
        </extensions>
      </trkpt>
      <trkpt lat="45.7285062409937381744384765625" lon="126.58193201757967472076416015625">
        <ele>129.1999969482421875</ele>
        <time>2026-07-31T22:26:08.000Z</time>
        <extensions>
          <ns3:TrackPointExtension>
            <ns3:hr>175</ns3:hr>
            <ns3:cad>87</ns3:cad>
          </ns3:TrackPointExtension>
        </extensions>
      </trkpt>
      <trkpt lat="45.728512443602085113525390625" lon="126.58189396373927593231201171875">
        <ele>129.1999969482421875</ele>
        <time>2026-07-31T22:26:09.000Z</time>
        <extensions>
          <ns3:TrackPointExtension>
            <ns3:hr>174</ns3:hr>
            <ns3:cad>87</ns3:cad>
          </ns3:TrackPointExtension>
        </extensions>
      </trkpt>
      <trkpt lat="45.72851588018238544464111328125" lon="126.58186462707817554473876953125">
        <ele>129.1999969482421875</ele>
        <time>2026-07-31T22:26:10.000Z</time>
        <extensions>
          <ns3:TrackPointExtension>
            <ns3:hr>174</ns3:hr>
            <ns3:cad>87</ns3:cad>
          </ns3:TrackPointExtension>
        </extensions>
      </trkpt>
      <trkpt lat="45.72851873002946376800537109375" lon="126.58183143474161624908447265625">
        <ele>129.1999969482421875</ele>
        <time>2026-07-31T22:26:11.000Z</time>
        <extensions>
          <ns3:TrackPointExtension>
            <ns3:hr>174</ns3:hr>
            <ns3:cad>86</ns3:cad>
          </ns3:TrackPointExtension>
        </extensions>
      </trkpt>
      <trkpt lat="45.72852694429457187652587890625" lon="126.58179505728185176849365234375">
        <ele>129.1999969482421875</ele>
        <time>2026-07-31T22:26:12.000Z</time>
        <extensions>
          <ns3:TrackPointExtension>
            <ns3:hr>174</ns3:hr>
            <ns3:cad>86</ns3:cad>
          </ns3:TrackPointExtension>
        </extensions>
      </trkpt>
      <trkpt lat="45.72852929122745990753173828125" lon="126.58176270313560962677001953125">
        <ele>129.1999969482421875</ele>
        <time>2026-07-31T22:26:13.000Z</time>
        <extensions>
          <ns3:TrackPointExtension>
            <ns3:hr>175</ns3:hr>
            <ns3:cad>86</ns3:cad>
          </ns3:TrackPointExtension>
        </extensions>
      </trkpt>
      <trkpt lat="45.7285349071025848388671875" lon="126.5817285887897014617919921875">
        <ele>129.399993896484375</ele>
        <time>2026-07-31T22:26:14.000Z</time>
        <extensions>
          <ns3:TrackPointExtension>
            <ns3:hr>174</ns3:hr>
            <ns3:cad>86</ns3:cad>
          </ns3:TrackPointExtension>
        </extensions>
      </trkpt>
      <trkpt lat="45.72853616438806056976318359375" lon="126.5816979110240936279296875">
        <ele>129.399993896484375</ele>
        <time>2026-07-31T22:26:15.000Z</time>
        <extensions>
          <ns3:TrackPointExtension>
            <ns3:hr>174</ns3:hr>
            <ns3:cad>86</ns3:cad>
          </ns3:TrackPointExtension>
        </extensions>
      </trkpt>
      <trkpt lat="45.7285417802631855010986328125" lon="126.5816645510494709014892578125">
        <ele>129.399993896484375</ele>
        <time>2026-07-31T22:26:16.000Z</time>
        <extensions>
          <ns3:TrackPointExtension>
            <ns3:hr>174</ns3:hr>
            <ns3:cad>86</ns3:cad>
          </ns3:TrackPointExtension>
        </extensions>
      </trkpt>
      <trkpt lat="45.72854655794799327850341796875" lon="126.5816286765038967132568359375">
        <ele>129.399993896484375</ele>
        <time>2026-07-31T22:26:17.000Z</time>
        <extensions>
          <ns3:TrackPointExtension>
            <ns3:hr>174</ns3:hr>
            <ns3:cad>86</ns3:cad>
          </ns3:TrackPointExtension>
        </extensions>
      </trkpt>
      <trkpt lat="45.72855460457503795623779296875" lon="126.58159271813929080963134765625">
        <ele>129.399993896484375</ele>
        <time>2026-07-31T22:26:18.000Z</time>
        <extensions>
          <ns3:TrackPointExtension>
            <ns3:hr>175</ns3:hr>
            <ns3:cad>87</ns3:cad>
          </ns3:TrackPointExtension>
        </extensions>
      </trkpt>
      <trkpt lat="45.7285639084875583648681640625" lon="126.58155801706016063690185546875">
        <ele>129.399993896484375</ele>
        <time>2026-07-31T22:26:19.000Z</time>
        <extensions>
          <ns3:TrackPointExtension>
            <ns3:hr>174</ns3:hr>
            <ns3:cad>87</ns3:cad>
          </ns3:TrackPointExtension>
        </extensions>
      </trkpt>
      <trkpt lat="45.72857438586652278900146484375" lon="126.58152331598103046417236328125">
        <ele>129.399993896484375</ele>
        <time>2026-07-31T22:26:20.000Z</time>
        <extensions>
          <ns3:TrackPointExtension>
            <ns3:hr>174</ns3:hr>
            <ns3:cad>87</ns3:cad>
          </ns3:TrackPointExtension>
        </extensions>
      </trkpt>
      <trkpt lat="45.72858813218772411346435546875" lon="126.58148408867418766021728515625">
        <ele>129.399993896484375</ele>
        <time>2026-07-31T22:26:21.000Z</time>
        <extensions>
          <ns3:TrackPointExtension>
            <ns3:hr>175</ns3:hr>
            <ns3:cad>86</ns3:cad>
          </ns3:TrackPointExtension>
        </extensions>
      </trkpt>
      <trkpt lat="45.7285934127867221832275390625" lon="126.58145408146083354949951171875">
        <ele>129.399993896484375</ele>
        <time>2026-07-31T22:26:22.000Z</time>
        <extensions>
          <ns3:TrackPointExtension>
            <ns3:hr>175</ns3:hr>
            <ns3:cad>86</ns3:cad>
          </ns3:TrackPointExtension>
        </extensions>
      </trkpt>
      <trkpt lat="45.72860456071794033050537109375" lon="126.5814181230962276458740234375">
        <ele>129.399993896484375</ele>
        <time>2026-07-31T22:26:23.000Z</time>
        <extensions>
          <ns3:TrackPointExtension>
            <ns3:hr>175</ns3:hr>
            <ns3:cad>86</ns3:cad>
          </ns3:TrackPointExtension>
        </extensions>
      </trkpt>
      <trkpt lat="45.72861344553530216217041015625" lon="126.58138744533061981201171875">
        <ele>129.1999969482421875</ele>
        <time>2026-07-31T22:26:24.000Z</time>
        <extensions>
          <ns3:TrackPointExtension>
            <ns3:hr>175</ns3:hr>
            <ns3:cad>86</ns3:cad>
          </ns3:TrackPointExtension>
        </extensions>
      </trkpt>
      <trkpt lat="45.72862719185650348663330078125" lon="126.5813530795276165008544921875">
        <ele>129.1999969482421875</ele>
        <time>2026-07-31T22:26:25.000Z</time>
        <extensions>
          <ns3:TrackPointExtension>
            <ns3:hr>175</ns3:hr>
            <ns3:cad>86</ns3:cad>
          </ns3:TrackPointExtension>
        </extensions>
      </trkpt>
      <trkpt lat="45.72863976471126079559326171875" lon="126.58132684417068958282470703125">
        <ele>129.1999969482421875</ele>
        <time>2026-07-31T22:26:26.000Z</time>
        <extensions>
          <ns3:TrackPointExtension>
            <ns3:hr>175</ns3:hr>
            <ns3:cad>86</ns3:cad>
          </ns3:TrackPointExtension>
        </extensions>
      </trkpt>
      <trkpt lat="45.7286500744521617889404296875" lon="126.58129784278571605682373046875">
        <ele>129.1999969482421875</ele>
        <time>2026-07-31T22:26:27.000Z</time>
        <extensions>
          <ns3:TrackPointExtension>
            <ns3:hr>175</ns3:hr>
            <ns3:cad>86</ns3:cad>
          </ns3:TrackPointExtension>
        </extensions>
      </trkpt>
      <trkpt lat="45.72866558097302913665771484375" lon="126.58127068541944026947021484375">
        <ele>129.1999969482421875</ele>
        <time>2026-07-31T22:26:28.000Z</time>
        <extensions>
          <ns3:TrackPointExtension>
            <ns3:hr>175</ns3:hr>
            <ns3:cad>86</ns3:cad>
          </ns3:TrackPointExtension>
        </extensions>
      </trkpt>
      <trkpt lat="45.72867966257035732269287109375" lon="126.58124771900475025177001953125">
        <ele>129</ele>
        <time>2026-07-31T22:26:29.000Z</time>
        <extensions>
          <ns3:TrackPointExtension>
            <ns3:hr>176</ns3:hr>
            <ns3:cad>86</ns3:cad>
          </ns3:TrackPointExtension>
        </extensions>
      </trkpt>
      <trkpt lat="45.72870028205215930938720703125" lon="126.581222824752330780029296875">
        <ele>129</ele>
        <time>2026-07-31T22:26:30.000Z</time>
        <extensions>
          <ns3:TrackPointExtension>
            <ns3:hr>176</ns3:hr>
            <ns3:cad>86</ns3:cad>
          </ns3:TrackPointExtension>
        </extensions>
      </trkpt>
      <trkpt lat="45.72871604003012180328369140625" lon="126.581202037632465362548828125">
        <ele>129</ele>
        <time>2026-07-31T22:26:31.000Z</time>
        <extensions>
          <ns3:TrackPointExtension>
            <ns3:hr>176</ns3:hr>
            <ns3:cad>86</ns3:cad>
          </ns3:TrackPointExtension>
        </extensions>
      </trkpt>
      <trkpt lat="45.72873297147452831268310546875" lon="126.581173203885555267333984375">
        <ele>129</ele>
        <time>2026-07-31T22:26:32.000Z</time>
        <extensions>
          <ns3:TrackPointExtension>
            <ns3:hr>176</ns3:hr>
            <ns3:cad>86</ns3:cad>
          </ns3:TrackPointExtension>
        </extensions>
      </trkpt>
      <trkpt lat="45.72874738834798336029052734375" lon="126.58115115948021411895751953125">
        <ele>128.8000030517578125</ele>
        <time>2026-07-31T22:26:33.000Z</time>
        <extensions>
          <ns3:TrackPointExtension>
            <ns3:hr>175</ns3:hr>
            <ns3:cad>86</ns3:cad>
          </ns3:TrackPointExtension>
        </extensions>
      </trkpt>
      <trkpt lat="45.72876088321208953857421875" lon="126.58111922442913055419921875">
        <ele>128.8000030517578125</ele>
        <time>2026-07-31T22:26:34.000Z</time>
        <extensions>
          <ns3:TrackPointExtension>
            <ns3:hr>176</ns3:hr>
            <ns3:cad>87</ns3:cad>
          </ns3:TrackPointExtension>
        </extensions>
      </trkpt>
      <trkpt lat="45.728772617876529693603515625" lon="126.5810972638428211212158203125">
        <ele>128.600006103515625</ele>
        <time>2026-07-31T22:26:35.000Z</time>
        <extensions>
          <ns3:TrackPointExtension>
            <ns3:hr>176</ns3:hr>
            <ns3:cad>87</ns3:cad>
          </ns3:TrackPointExtension>
        </extensions>
      </trkpt>
      <trkpt lat="45.7287895493209362030029296875" lon="126.58107136376202106475830078125">
        <ele>128.600006103515625</ele>
        <time>2026-07-31T22:26:36.000Z</time>
        <extensions>
          <ns3:TrackPointExtension>
            <ns3:hr>176</ns3:hr>
            <ns3:cad>87</ns3:cad>
          </ns3:TrackPointExtension>
        </extensions>
      </trkpt>
      <trkpt lat="45.728809833526611328125" lon="126.58104546368122100830078125">
        <ele>128.399993896484375</ele>
        <time>2026-07-31T22:26:37.000Z</time>
        <extensions>
          <ns3:TrackPointExtension>
            <ns3:hr>176</ns3:hr>
            <ns3:cad>87</ns3:cad>
          </ns3:TrackPointExtension>
        </extensions>
      </trkpt>
      <trkpt lat="45.72883154265582561492919921875" lon="126.58102677203714847564697265625">
        <ele>128.399993896484375</ele>
        <time>2026-07-31T22:26:38.000Z</time>
        <extensions>
          <ns3:TrackPointExtension>
            <ns3:hr>176</ns3:hr>
            <ns3:cad>87</ns3:cad>
          </ns3:TrackPointExtension>
        </extensions>
      </trkpt>
      <trkpt lat="45.7288529165089130401611328125" lon="126.58100229687988758087158203125">
        <ele>128.1999969482421875</ele>
        <time>2026-07-31T22:26:39.000Z</time>
        <extensions>
          <ns3:TrackPointExtension>
            <ns3:hr>175</ns3:hr>
            <ns3:cad>87</ns3:cad>
          </ns3:TrackPointExtension>
        </extensions>
      </trkpt>
      <trkpt lat="45.72886657901108264923095703125" lon="126.58098402433097362518310546875">
        <ele>128.1999969482421875</ele>
        <time>2026-07-31T22:26:40.000Z</time>
        <extensions>
          <ns3:TrackPointExtension>
            <ns3:hr>176</ns3:hr>
            <ns3:cad>87</ns3:cad>
          </ns3:TrackPointExtension>
        </extensions>
      </trkpt>
      <trkpt lat="45.72889105416834354400634765625" lon="126.580961979925632476806640625">
        <ele>128</ele>
        <time>2026-07-31T22:26:41.000Z</time>
        <extensions>
          <ns3:TrackPointExtension>
            <ns3:hr>176</ns3:hr>
            <ns3:cad>87</ns3:cad>
          </ns3:TrackPointExtension>
        </extensions>
      </trkpt>
      <trkpt lat="45.72892022319138050079345703125" lon="126.58094848506152629852294921875">
        <ele>128</ele>
        <time>2026-07-31T22:26:42.000Z</time>
        <extensions>
          <ns3:TrackPointExtension>
            <ns3:hr>176</ns3:hr>
            <ns3:cad>87</ns3:cad>
          </ns3:TrackPointExtension>
        </extensions>
      </trkpt>
      <trkpt lat="45.72894989512860774993896484375" lon="126.5809380076825618743896484375">
        <ele>128</ele>
        <time>2026-07-31T22:26:43.000Z</time>
        <extensions>
          <ns3:TrackPointExtension>
            <ns3:hr>176</ns3:hr>
            <ns3:cad>87</ns3:cad>
          </ns3:TrackPointExtension>
        </extensions>
      </trkpt>
      <trkpt lat="45.72896498255431652069091796875" lon="126.58090598881244659423828125">
        <ele>127.8000030517578125</ele>
        <time>2026-07-31T22:26:44.000Z</time>
        <extensions>
          <ns3:TrackPointExtension>
            <ns3:hr>175</ns3:hr>
            <ns3:cad>87</ns3:cad>
          </ns3:TrackPointExtension>
        </extensions>
      </trkpt>
      <trkpt lat="45.7289773039519786834716796875" lon="126.58088394440710544586181640625">
        <ele>127.8000030517578125</ele>
        <time>2026-07-31T22:26:45.000Z</time>
        <extensions>
          <ns3:TrackPointExtension>
            <ns3:hr>176</ns3:hr>
            <ns3:cad>87</ns3:cad>
          </ns3:TrackPointExtension>
        </extensions>
      </trkpt>
      <trkpt lat="45.728973783552646636962890625" lon="126.580843627452850341796875">
        <ele>127.8000030517578125</ele>
        <time>2026-07-31T22:26:46.000Z</time>
        <extensions>
          <ns3:TrackPointExtension>
            <ns3:hr>175</ns3:hr>
            <ns3:cad>87</ns3:cad>
          </ns3:TrackPointExtension>
        </extensions>
      </trkpt>
      <trkpt lat="45.72899700142443180084228515625" lon="126.58084387890994548797607421875">
        <ele>127.59999847412109375</ele>
        <time>2026-07-31T22:26:47.000Z</time>
        <extensions>
          <ns3:TrackPointExtension>
            <ns3:hr>175</ns3:hr>
            <ns3:cad>88</ns3:cad>
          </ns3:TrackPointExtension>
        </extensions>
      </trkpt>
      <trkpt lat="45.72899582795798778533935546875" lon="126.58080029301345348358154296875">
        <ele>127.59999847412109375</ele>
        <time>2026-07-31T22:26:48.000Z</time>
        <extensions>
          <ns3:TrackPointExtension>
            <ns3:hr>175</ns3:hr>
            <ns3:cad>88</ns3:cad>
          </ns3:TrackPointExtension>
        </extensions>
      </trkpt>
      <trkpt lat="45.72901745326817035675048828125" lon="126.58080465160310268402099609375">
        <ele>127.59999847412109375</ele>
        <time>2026-07-31T22:26:49.000Z</time>
        <extensions>
          <ns3:TrackPointExtension>
            <ns3:hr>175</ns3:hr>
            <ns3:cad>87</ns3:cad>
          </ns3:TrackPointExtension>
        </extensions>
      </trkpt>
      <trkpt lat="45.7290332950651645660400390625" lon="126.58078017644584178924560546875">
        <ele>127.8000030517578125</ele>
        <time>2026-07-31T22:26:50.000Z</time>
        <extensions>
          <ns3:TrackPointExtension>
            <ns3:hr>175</ns3:hr>
            <ns3:cad>87</ns3:cad>
          </ns3:TrackPointExtension>
        </extensions>
      </trkpt>
      <trkpt lat="45.729046873748302459716796875" lon="126.58074949868023395538330078125">
        <ele>127.8000030517578125</ele>
        <time>2026-07-31T22:26:51.000Z</time>
        <extensions>
          <ns3:TrackPointExtension>
            <ns3:hr>175</ns3:hr>
            <ns3:cad>87</ns3:cad>
          </ns3:TrackPointExtension>
        </extensions>
      </trkpt>
      <trkpt lat="45.7290601171553134918212890625" lon="126.5807147137820720672607421875">
        <ele>127.8000030517578125</ele>
        <time>2026-07-31T22:26:52.000Z</time>
        <extensions>
          <ns3:TrackPointExtension>
            <ns3:hr>175</ns3:hr>
            <ns3:cad>87</ns3:cad>
          </ns3:TrackPointExtension>
        </extensions>
      </trkpt>
      <trkpt lat="45.72908316738903522491455078125" lon="126.5807049907743930816650390625">
        <ele>127.8000030517578125</ele>
        <time>2026-07-31T22:26:53.000Z</time>
        <extensions>
          <ns3:TrackPointExtension>
            <ns3:hr>175</ns3:hr>
            <ns3:cad>87</ns3:cad>
          </ns3:TrackPointExtension>
        </extensions>
      </trkpt>
      <trkpt lat="45.729129351675510406494140625" lon="126.5806681104004383087158203125">
        <ele>127.8000030517578125</ele>
        <time>2026-07-31T22:26:54.000Z</time>
        <extensions>
          <ns3:TrackPointExtension>
            <ns3:hr>175</ns3:hr>
            <ns3:cad>87</ns3:cad>
          </ns3:TrackPointExtension>
        </extensions>
      </trkpt>
      <trkpt lat="45.72915927506983280181884765625" lon="126.5806530229747295379638671875">
        <ele>128</ele>
        <time>2026-07-31T22:26:55.000Z</time>
        <extensions>
          <ns3:TrackPointExtension>
            <ns3:hr>175</ns3:hr>
            <ns3:cad>87</ns3:cad>
          </ns3:TrackPointExtension>
        </extensions>
      </trkpt>
      <trkpt lat="45.72919808328151702880859375" lon="126.58065327443182468414306640625">
        <ele>128</ele>
        <time>2026-07-31T22:26:56.000Z</time>
        <extensions>
          <ns3:TrackPointExtension>
            <ns3:hr>174</ns3:hr>
            <ns3:cad>87</ns3:cad>
          </ns3:TrackPointExtension>
        </extensions>
      </trkpt>
      <trkpt lat="45.72922834195196628570556640625" lon="126.58064506016671657562255859375">
        <ele>128</ele>
        <time>2026-07-31T22:26:57.000Z</time>
        <extensions>
          <ns3:TrackPointExtension>
            <ns3:hr>174</ns3:hr>
            <ns3:cad>87</ns3:cad>
          </ns3:TrackPointExtension>
        </extensions>
      </trkpt>
      <trkpt lat="45.729247368872165679931640625" lon="126.5806208364665508270263671875">
        <ele>128</ele>
        <time>2026-07-31T22:26:58.000Z</time>
        <extensions>
          <ns3:TrackPointExtension>
            <ns3:hr>174</ns3:hr>
            <ns3:cad>87</ns3:cad>
          </ns3:TrackPointExtension>
        </extensions>
      </trkpt>
      <trkpt lat="45.7292733527719974517822265625" lon="126.58060683868825435638427734375">
        <ele>128</ele>
        <time>2026-07-31T22:26:59.000Z</time>
        <extensions>
          <ns3:TrackPointExtension>
            <ns3:hr>174</ns3:hr>
            <ns3:cad>87</ns3:cad>
          </ns3:TrackPointExtension>
        </extensions>
      </trkpt>
      <trkpt lat="45.72929137386381626129150390625" lon="126.58058739267289638519287109375">
        <ele>128</ele>
        <time>2026-07-31T22:27:00.000Z</time>
        <extensions>
          <ns3:TrackPointExtension>
            <ns3:hr>175</ns3:hr>
            <ns3:cad>87</ns3:cad>
          </ns3:TrackPointExtension>
        </extensions>
      </trkpt>
      <trkpt lat="45.72930646128952503204345703125" lon="126.58055671490728855133056640625">
        <ele>128.1999969482421875</ele>
        <time>2026-07-31T22:27:01.000Z</time>
        <extensions>
          <ns3:TrackPointExtension>
            <ns3:hr>174</ns3:hr>
            <ns3:cad>87</ns3:cad>
          </ns3:TrackPointExtension>
        </extensions>
      </trkpt>
      <trkpt lat="45.72932657785713672637939453125" lon="126.58054565079510211944580078125">
        <ele>128.1999969482421875</ele>
        <time>2026-07-31T22:27:02.000Z</time>
        <extensions>
          <ns3:TrackPointExtension>
            <ns3:hr>174</ns3:hr>
            <ns3:cad>87</ns3:cad>
          </ns3:TrackPointExtension>
        </extensions>
      </trkpt>
      <trkpt lat="45.72934065945446491241455078125" lon="126.580514051020145416259765625">
        <ele>128.1999969482421875</ele>
        <time>2026-07-31T22:27:03.000Z</time>
        <extensions>
          <ns3:TrackPointExtension>
            <ns3:hr>174</ns3:hr>
            <ns3:cad>86</ns3:cad>
          </ns3:TrackPointExtension>
        </extensions>
      </trkpt>
      <trkpt lat="45.7293628714978694915771484375" lon="126.580433584749698638916015625">
        <ele>128.399993896484375</ele>
        <time>2026-07-31T22:27:04.000Z</time>
        <extensions>
          <ns3:TrackPointExtension>
            <ns3:hr>174</ns3:hr>
            <ns3:cad>86</ns3:cad>
          </ns3:TrackPointExtension>
        </extensions>
      </trkpt>
      <trkpt lat="45.72938106022775173187255859375" lon="126.58041791059076786041259765625">
        <ele>128.399993896484375</ele>
        <time>2026-07-31T22:27:05.000Z</time>
        <extensions>
          <ns3:TrackPointExtension>
            <ns3:hr>174</ns3:hr>
            <ns3:cad>86</ns3:cad>
          </ns3:TrackPointExtension>
        </extensions>
      </trkpt>
      <trkpt lat="45.729409642517566680908203125" lon="126.58041187562048435211181640625">
        <ele>128.399993896484375</ele>
        <time>2026-07-31T22:27:06.000Z</time>
        <extensions>
          <ns3:TrackPointExtension>
            <ns3:hr>174</ns3:hr>
            <ns3:cad>86</ns3:cad>
          </ns3:TrackPointExtension>
        </extensions>
      </trkpt>
      <trkpt lat="45.72942607104778289794921875" lon="126.5803958661854267120361328125">
        <ele>128.399993896484375</ele>
        <time>2026-07-31T22:27:07.000Z</time>
        <extensions>
          <ns3:TrackPointExtension>
            <ns3:hr>174</ns3:hr>
            <ns3:cad>86</ns3:cad>
          </ns3:TrackPointExtension>
        </extensions>
      </trkpt>
      <trkpt lat="45.72945247404277324676513671875" lon="126.5803807787597179412841796875">
        <ele>128.1999969482421875</ele>
        <time>2026-07-31T22:27:08.000Z</time>
        <extensions>
          <ns3:TrackPointExtension>
            <ns3:hr>173</ns3:hr>
            <ns3:cad>86</ns3:cad>
          </ns3:TrackPointExtension>
        </extensions>
      </trkpt>
      <trkpt lat="45.72947158478200435638427734375" lon="126.5803636796772480010986328125">
        <ele>128.1999969482421875</ele>
        <time>2026-07-31T22:27:09.000Z</time>
        <extensions>
          <ns3:TrackPointExtension>
            <ns3:hr>174</ns3:hr>
            <ns3:cad>86</ns3:cad>
          </ns3:TrackPointExtension>
        </extensions>
      </trkpt>
      <trkpt lat="45.72950259782373905181884765625" lon="126.5803579799830913543701171875">
        <ele>128.1999969482421875</ele>
        <time>2026-07-31T22:27:10.000Z</time>
        <extensions>
          <ns3:TrackPointExtension>
            <ns3:hr>174</ns3:hr>
            <ns3:cad>87</ns3:cad>
          </ns3:TrackPointExtension>
        </extensions>
      </trkpt>
      <trkpt lat="45.72952531278133392333984375" lon="126.5803529508411884307861328125">
        <ele>128.1999969482421875</ele>
        <time>2026-07-31T22:27:11.000Z</time>
        <extensions>
          <ns3:TrackPointExtension>
            <ns3:hr>174</ns3:hr>
            <ns3:cad>88</ns3:cad>
          </ns3:TrackPointExtension>
        </extensions>
      </trkpt>
      <trkpt lat="45.72955624200403690338134765625" lon="126.58034515567123889923095703125">
        <ele>128.1999969482421875</ele>
        <time>2026-07-31T22:27:12.000Z</time>
        <extensions>
          <ns3:TrackPointExtension>
            <ns3:hr>174</ns3:hr>
            <ns3:cad>88</ns3:cad>
          </ns3:TrackPointExtension>
        </extensions>
      </trkpt>
      <trkpt lat="45.7295818068087100982666015625" lon="126.58034197054803371429443359375">
        <ele>128.1999969482421875</ele>
        <time>2026-07-31T22:27:13.000Z</time>
        <extensions>
          <ns3:TrackPointExtension>
            <ns3:hr>174</ns3:hr>
            <ns3:cad>88</ns3:cad>
          </ns3:TrackPointExtension>
        </extensions>
      </trkpt>
      <trkpt lat="45.72960720397531986236572265625" lon="126.5803345106542110443115234375">
        <ele>128.1999969482421875</ele>
        <time>2026-07-31T22:27:14.000Z</time>
        <extensions>
          <ns3:TrackPointExtension>
            <ns3:hr>174</ns3:hr>
            <ns3:cad>88</ns3:cad>
          </ns3:TrackPointExtension>
        </extensions>
      </trkpt>
      <trkpt lat="45.72963486425578594207763671875" lon="126.58033333718776702880859375">
        <ele>128.1999969482421875</ele>
        <time>2026-07-31T22:27:15.000Z</time>
        <extensions>
          <ns3:TrackPointExtension>
            <ns3:hr>174</ns3:hr>
            <ns3:cad>87</ns3:cad>
          </ns3:TrackPointExtension>
        </extensions>
      </trkpt>
      <trkpt lat="45.729658417403697967529296875" lon="126.5803301520645618438720703125">
        <ele>128.399993896484375</ele>
        <time>2026-07-31T22:27:16.000Z</time>
        <extensions>
          <ns3:TrackPointExtension>
            <ns3:hr>174</ns3:hr>
            <ns3:cad>87</ns3:cad>
          </ns3:TrackPointExtension>
        </extensions>
      </trkpt>
      <trkpt lat="45.7296827249228954315185546875" lon="126.58033593557775020599365234375">
        <ele>128.600006103515625</ele>
        <time>2026-07-31T22:27:17.000Z</time>
        <extensions>
          <ns3:TrackPointExtension>
            <ns3:hr>175</ns3:hr>
            <ns3:cad>87</ns3:cad>
          </ns3:TrackPointExtension>
        </extensions>
      </trkpt>
      <trkpt lat="45.72970476932823657989501953125" lon="126.580337025225162506103515625">
        <ele>128.8000030517578125</ele>
        <time>2026-07-31T22:27:18.000Z</time>
        <extensions>
          <ns3:TrackPointExtension>
            <ns3:hr>175</ns3:hr>
            <ns3:cad>87</ns3:cad>
          </ns3:TrackPointExtension>
        </extensions>
      </trkpt>
      <trkpt lat="45.7297279872000217437744140625" lon="126.580343060195446014404296875">
        <ele>128.8000030517578125</ele>
        <time>2026-07-31T22:27:19.000Z</time>
        <extensions>
          <ns3:TrackPointExtension>
            <ns3:hr>175</ns3:hr>
            <ns3:cad>87</ns3:cad>
          </ns3:TrackPointExtension>
        </extensions>
      </trkpt>
      <trkpt lat="45.72975237853825092315673828125" lon="126.58034113235771656036376953125">
        <ele>128.8000030517578125</ele>
        <time>2026-07-31T22:27:20.000Z</time>
        <extensions>
          <ns3:TrackPointExtension>
            <ns3:hr>175</ns3:hr>
            <ns3:cad>88</ns3:cad>
          </ns3:TrackPointExtension>
        </extensions>
      </trkpt>
      <trkpt lat="45.72977886535227298736572265625" lon="126.58034733496606349945068359375">
        <ele>128.600006103515625</ele>
        <time>2026-07-31T22:27:21.000Z</time>
        <extensions>
          <ns3:TrackPointExtension>
            <ns3:hr>175</ns3:hr>
            <ns3:cad>88</ns3:cad>
          </ns3:TrackPointExtension>
        </extensions>
      </trkpt>
      <trkpt lat="45.729797221720218658447265625" lon="126.580348424613475799560546875">
        <ele>128.600006103515625</ele>
        <time>2026-07-31T22:27:22.000Z</time>
        <extensions>
          <ns3:TrackPointExtension>
            <ns3:hr>175</ns3:hr>
            <ns3:cad>88</ns3:cad>
          </ns3:TrackPointExtension>
        </extensions>
      </trkpt>
      <trkpt lat="45.729821026325225830078125" lon="126.580351777374744415283203125">
        <ele>128.600006103515625</ele>
        <time>2026-07-31T22:27:23.000Z</time>
        <extensions>
          <ns3:TrackPointExtension>
            <ns3:hr>175</ns3:hr>
            <ns3:cad>86</ns3:cad>
          </ns3:TrackPointExtension>
        </extensions>
      </trkpt>
      <trkpt lat="45.729842148721218109130859375" lon="126.5803542919456958770751953125">
        <ele>128.600006103515625</ele>
        <time>2026-07-31T22:27:24.000Z</time>
        <extensions>
          <ns3:TrackPointExtension>
            <ns3:hr>175</ns3:hr>
            <ns3:cad>86</ns3:cad>
          </ns3:TrackPointExtension>
        </extensions>
      </trkpt>
      <trkpt lat="45.72986151091754436492919921875" lon="126.58035638742148876190185546875">
        <ele>128.600006103515625</ele>
        <time>2026-07-31T22:27:25.000Z</time>
        <extensions>
          <ns3:TrackPointExtension>
            <ns3:hr>175</ns3:hr>
            <ns3:cad>86</ns3:cad>
          </ns3:TrackPointExtension>
        </extensions>
      </trkpt>
      <trkpt lat="45.72989009320735931396484375" lon="126.580368541181087493896484375">
        <ele>128.600006103515625</ele>
        <time>2026-07-31T22:27:26.000Z</time>
        <extensions>
          <ns3:TrackPointExtension>
            <ns3:hr>175</ns3:hr>
            <ns3:cad>86</ns3:cad>
          </ns3:TrackPointExtension>
        </extensions>
      </trkpt>
      <trkpt lat="45.729908533394336700439453125" lon="126.5803660266101360321044921875">
        <ele>128.600006103515625</ele>
        <time>2026-07-31T22:27:27.000Z</time>
        <extensions>
          <ns3:TrackPointExtension>
            <ns3:hr>175</ns3:hr>
            <ns3:cad>86</ns3:cad>
          </ns3:TrackPointExtension>
        </extensions>
      </trkpt>
      <trkpt lat="45.72993694804608821868896484375" lon="126.58037097193300724029541015625">
        <ele>128.600006103515625</ele>
        <time>2026-07-31T22:27:28.000Z</time>
        <extensions>
          <ns3:TrackPointExtension>
            <ns3:hr>175</ns3:hr>
            <ns3:cad>86</ns3:cad>
          </ns3:TrackPointExtension>
        </extensions>
      </trkpt>
      <trkpt lat="45.7299564778804779052734375" lon="126.580372564494609832763671875">
        <ele>128.600006103515625</ele>
        <time>2026-07-31T22:27:29.000Z</time>
        <extensions>
          <ns3:TrackPointExtension>
            <ns3:hr>175</ns3:hr>
            <ns3:cad>86</ns3:cad>
          </ns3:TrackPointExtension>
        </extensions>
      </trkpt>
      <trkpt lat="45.729988999664783477783203125" lon="126.58038086257874965667724609375">
        <ele>128.600006103515625</ele>
        <time>2026-07-31T22:27:30.000Z</time>
        <extensions>
          <ns3:TrackPointExtension>
            <ns3:hr>174</ns3:hr>
            <ns3:cad>87</ns3:cad>
          </ns3:TrackPointExtension>
        </extensions>
      </trkpt>
      <trkpt lat="45.730009786784648895263671875" lon="126.58038388006389141082763671875">
        <ele>128.600006103515625</ele>
        <time>2026-07-31T22:27:31.000Z</time>
        <extensions>
          <ns3:TrackPointExtension>
            <ns3:hr>175</ns3:hr>
            <ns3:cad>87</ns3:cad>
          </ns3:TrackPointExtension>
        </extensions>
      </trkpt>
      <trkpt lat="45.73003468103706836700439453125" lon="126.5803858079016208648681640625">
        <ele>128.600006103515625</ele>
        <time>2026-07-31T22:27:32.000Z</time>
        <extensions>
          <ns3:TrackPointExtension>
            <ns3:hr>176</ns3:hr>
            <ns3:cad>87</ns3:cad>
          </ns3:TrackPointExtension>
        </extensions>
      </trkpt>
      <trkpt lat="45.7300584018230438232421875" lon="126.580388657748699188232421875">
        <ele>128.600006103515625</ele>
        <time>2026-07-31T22:27:33.000Z</time>
        <extensions>
          <ns3:TrackPointExtension>
            <ns3:hr>176</ns3:hr>
            <ns3:cad>87</ns3:cad>
          </ns3:TrackPointExtension>
        </extensions>
      </trkpt>
      <trkpt lat="45.73008212260901927947998046875" lon="126.58038773573935031890869140625">
        <ele>128.600006103515625</ele>
        <time>2026-07-31T22:27:34.000Z</time>
        <extensions>
          <ns3:TrackPointExtension>
            <ns3:hr>176</ns3:hr>
            <ns3:cad>87</ns3:cad>
          </ns3:TrackPointExtension>
        </extensions>
      </trkpt>
      <trkpt lat="45.730108357965946197509765625" lon="126.5803928487002849578857421875">
        <ele>128.600006103515625</ele>
        <time>2026-07-31T22:27:35.000Z</time>
        <extensions>
          <ns3:TrackPointExtension>
            <ns3:hr>176</ns3:hr>
            <ns3:cad>87</ns3:cad>
          </ns3:TrackPointExtension>
        </extensions>
      </trkpt>
      <trkpt lat="45.730132497847080230712890625" lon="126.58039175905287265777587890625">
        <ele>128.8000030517578125</ele>
        <time>2026-07-31T22:27:36.000Z</time>
        <extensions>
          <ns3:TrackPointExtension>
            <ns3:hr>176</ns3:hr>
            <ns3:cad>87</ns3:cad>
          </ns3:TrackPointExtension>
        </extensions>
      </trkpt>
      <trkpt lat="45.73015831410884857177734375" lon="126.58039963804185390472412109375">
        <ele>128.8000030517578125</ele>
        <time>2026-07-31T22:27:37.000Z</time>
        <extensions>
          <ns3:TrackPointExtension>
            <ns3:hr>176</ns3:hr>
            <ns3:cad>87</ns3:cad>
          </ns3:TrackPointExtension>
        </extensions>
      </trkpt>
      <trkpt lat="45.7301755808293819427490234375" lon="126.58039595000445842742919921875">
        <ele>128.8000030517578125</ele>
        <time>2026-07-31T22:27:38.000Z</time>
        <extensions>
          <ns3:TrackPointExtension>
            <ns3:hr>176</ns3:hr>
            <ns3:cad>86</ns3:cad>
          </ns3:TrackPointExtension>
        </extensions>
      </trkpt>
      <trkpt lat="45.73020231910049915313720703125" lon="126.58040215261280536651611328125">
        <ele>128.8000030517578125</ele>
        <time>2026-07-31T22:27:39.000Z</time>
        <extensions>
          <ns3:TrackPointExtension>
            <ns3:hr>176</ns3:hr>
            <ns3:cad>87</ns3:cad>
          </ns3:TrackPointExtension>
        </extensions>
      </trkpt>
      <trkpt lat="45.73022134602069854736328125" lon="126.5804019011557102203369140625">
        <ele>128.8000030517578125</ele>
        <time>2026-07-31T22:27:40.000Z</time>
        <extensions>
          <ns3:TrackPointExtension>
            <ns3:hr>176</ns3:hr>
            <ns3:cad>87</ns3:cad>
          </ns3:TrackPointExtension>
        </extensions>
      </trkpt>
      <trkpt lat="45.7302473299205303192138671875" lon="126.580401398241519927978515625">
        <ele>128.600006103515625</ele>
        <time>2026-07-31T22:27:41.000Z</time>
        <extensions>
          <ns3:TrackPointExtension>
            <ns3:hr>177</ns3:hr>
            <ns3:cad>87</ns3:cad>
          </ns3:TrackPointExtension>
        </extensions>
      </trkpt>
      <trkpt lat="45.73026937432587146759033203125" lon="126.58039762638509273529052734375">
        <ele>128.600006103515625</ele>
        <time>2026-07-31T22:27:42.000Z</time>
        <extensions>
          <ns3:TrackPointExtension>
            <ns3:hr>176</ns3:hr>
            <ns3:cad>87</ns3:cad>
          </ns3:TrackPointExtension>
        </extensions>
      </trkpt>
      <trkpt lat="45.73029041290283203125" lon="126.58039033412933349609375">
        <ele>128.600006103515625</ele>
        <time>2026-07-31T22:27:43.000Z</time>
        <extensions>
          <ns3:TrackPointExtension>
            <ns3:hr>176</ns3:hr>
            <ns3:cad>87</ns3:cad>
          </ns3:TrackPointExtension>
        </extensions>
      </trkpt>
      <trkpt lat="45.73031513951718807220458984375" lon="126.580381952226161956787109375">
        <ele>128.399993896484375</ele>
        <time>2026-07-31T22:27:44.000Z</time>
        <extensions>
          <ns3:TrackPointExtension>
            <ns3:hr>177</ns3:hr>
            <ns3:cad>86</ns3:cad>
          </ns3:TrackPointExtension>
        </extensions>
      </trkpt>
      <trkpt lat="45.73033575899899005889892578125" lon="126.58037097193300724029541015625">
        <ele>128.600006103515625</ele>
        <time>2026-07-31T22:27:45.000Z</time>
        <extensions>
          <ns3:TrackPointExtension>
            <ns3:hr>176</ns3:hr>
            <ns3:cad>86</ns3:cad>
          </ns3:TrackPointExtension>
        </extensions>
      </trkpt>
      <trkpt lat="45.7303566299378871917724609375" lon="126.580353118479251861572265625">
        <ele>128.600006103515625</ele>
        <time>2026-07-31T22:27:46.000Z</time>
        <extensions>
          <ns3:TrackPointExtension>
            <ns3:hr>176</ns3:hr>
            <ns3:cad>86</ns3:cad>
          </ns3:TrackPointExtension>
        </extensions>
      </trkpt>
      <trkpt lat="45.7303757406771183013916015625" lon="126.580345742404460906982421875">
        <ele>128.600006103515625</ele>
        <time>2026-07-31T22:27:47.000Z</time>
        <extensions>
          <ns3:TrackPointExtension>
            <ns3:hr>176</ns3:hr>
            <ns3:cad>86</ns3:cad>
          </ns3:TrackPointExtension>
        </extensions>
      </trkpt>
      <trkpt lat="45.7304005511105060577392578125" lon="126.580333672463893890380859375">
        <ele>128.600006103515625</ele>
        <time>2026-07-31T22:27:48.000Z</time>
        <extensions>
          <ns3:TrackPointExtension>
            <ns3:hr>174</ns3:hr>
            <ns3:cad>86</ns3:cad>
          </ns3:TrackPointExtension>
        </extensions>
      </trkpt>
      <trkpt lat="45.7304196618497371673583984375" lon="126.5803254581987857818603515625">
        <ele>128.600006103515625</ele>
        <time>2026-07-31T22:27:49.000Z</time>
        <extensions>
          <ns3:TrackPointExtension>
            <ns3:hr>173</ns3:hr>
            <ns3:cad>86</ns3:cad>
          </ns3:TrackPointExtension>
        </extensions>
      </trkpt>
      <trkpt lat="45.730442963540554046630859375" lon="126.58030785620212554931640625">
        <ele>128.600006103515625</ele>
        <time>2026-07-31T22:27:50.000Z</time>
        <extensions>
          <ns3:TrackPointExtension>
            <ns3:hr>173</ns3:hr>
            <ns3:cad>86</ns3:cad>
          </ns3:TrackPointExtension>
        </extensions>
      </trkpt>
      <trkpt lat="45.7304635830223560333251953125" lon="126.58029553480446338653564453125">
        <ele>128.600006103515625</ele>
        <time>2026-07-31T22:27:51.000Z</time>
        <extensions>
          <ns3:TrackPointExtension>
            <ns3:hr>173</ns3:hr>
            <ns3:cad>86</ns3:cad>
          </ns3:TrackPointExtension>
        </extensions>
      </trkpt>
      <trkpt lat="45.7304813526570796966552734375" lon="126.58027759753167629241943359375">
        <ele>128.600006103515625</ele>
        <time>2026-07-31T22:27:52.000Z</time>
        <extensions>
          <ns3:TrackPointExtension>
            <ns3:hr>173</ns3:hr>
            <ns3:cad>87</ns3:cad>
          </ns3:TrackPointExtension>
        </extensions>
      </trkpt>
      <trkpt lat="45.73050825856626033782958984375" lon="126.580259911715984344482421875">
        <ele>128.600006103515625</ele>
        <time>2026-07-31T22:27:53.000Z</time>
        <extensions>
          <ns3:TrackPointExtension>
            <ns3:hr>173</ns3:hr>
            <ns3:cad>87</ns3:cad>
          </ns3:TrackPointExtension>
        </extensions>
      </trkpt>
      <trkpt lat="45.7305235974490642547607421875" lon="126.58024406991899013519287109375">
        <ele>128.8000030517578125</ele>
        <time>2026-07-31T22:27:54.000Z</time>
        <extensions>
          <ns3:TrackPointExtension>
            <ns3:hr>173</ns3:hr>
            <ns3:cad>87</ns3:cad>
          </ns3:TrackPointExtension>
        </extensions>
      </trkpt>
      <trkpt lat="45.73054346255958080291748046875" lon="126.58022613264620304107666015625">
        <ele>128.600006103515625</ele>
        <time>2026-07-31T22:27:55.000Z</time>
        <extensions>
          <ns3:TrackPointExtension>
            <ns3:hr>173</ns3:hr>
            <ns3:cad>87</ns3:cad>
          </ns3:TrackPointExtension>
        </extensions>
      </trkpt>
      <trkpt lat="45.73056173510849475860595703125" lon="126.5802128054201602935791015625">
        <ele>128.600006103515625</ele>
        <time>2026-07-31T22:27:56.000Z</time>
        <extensions>
          <ns3:TrackPointExtension>
            <ns3:hr>173</ns3:hr>
            <ns3:cad>87</ns3:cad>
          </ns3:TrackPointExtension>
        </extensions>
      </trkpt>
      <trkpt lat="45.7305869646370410919189453125" lon="126.58019897527992725372314453125">
        <ele>128.600006103515625</ele>
        <time>2026-07-31T22:27:57.000Z</time>
        <extensions>
          <ns3:TrackPointExtension>
            <ns3:hr>173</ns3:hr>
            <ns3:cad>87</ns3:cad>
          </ns3:TrackPointExtension>
        </extensions>
      </trkpt>
      <trkpt lat="45.730609595775604248046875" lon="126.58019461669027805328369140625">
        <ele>128.600006103515625</ele>
        <time>2026-07-31T22:27:58.000Z</time>
        <extensions>
          <ns3:TrackPointExtension>
            <ns3:hr>173</ns3:hr>
            <ns3:cad>87</ns3:cad>
          </ns3:TrackPointExtension>
        </extensions>
      </trkpt>
      <trkpt lat="45.730630718171596527099609375" lon="126.5801819600164890289306640625">
        <ele>128.600006103515625</ele>
        <time>2026-07-31T22:27:59.000Z</time>
        <extensions>
          <ns3:TrackPointExtension>
            <ns3:hr>174</ns3:hr>
            <ns3:cad>87</ns3:cad>
          </ns3:TrackPointExtension>
        </extensions>
      </trkpt>
      <trkpt lat="45.7306503318250179290771484375" lon="126.58016729168593883514404296875">
        <ele>128.600006103515625</ele>
        <time>2026-07-31T22:28:00.000Z</time>
        <extensions>
          <ns3:TrackPointExtension>
            <ns3:hr>174</ns3:hr>
            <ns3:cad>87</ns3:cad>
          </ns3:TrackPointExtension>
        </extensions>
      </trkpt>
      <trkpt lat="45.730668269097805023193359375" lon="126.5801511146128177642822265625">
        <ele>128.399993896484375</ele>
        <time>2026-07-31T22:28:01.000Z</time>
        <extensions>
          <ns3:TrackPointExtension>
            <ns3:hr>174</ns3:hr>
            <ns3:cad>87</ns3:cad>
          </ns3:TrackPointExtension>
        </extensions>
      </trkpt>
      <trkpt lat="45.73069148696959018707275390625" lon="126.5801422297954559326171875">
        <ele>128.399993896484375</ele>
        <time>2026-07-31T22:28:02.000Z</time>
        <extensions>
          <ns3:TrackPointExtension>
            <ns3:hr>173</ns3:hr>
            <ns3:cad>87</ns3:cad>
          </ns3:TrackPointExtension>
        </extensions>
      </trkpt>
      <trkpt lat="45.7307163812220096588134765625" lon="126.58013351261615753173828125">
        <ele>128.600006103515625</ele>
        <time>2026-07-31T22:28:03.000Z</time>
        <extensions>
          <ns3:TrackPointExtension>
            <ns3:hr>174</ns3:hr>
            <ns3:cad>87</ns3:cad>
          </ns3:TrackPointExtension>
        </extensions>
      </trkpt>
      <trkpt lat="45.73074529878795146942138671875" lon="126.5801353566348552703857421875">
        <ele>128.600006103515625</ele>
        <time>2026-07-31T22:28:04.000Z</time>
        <extensions>
          <ns3:TrackPointExtension>
            <ns3:hr>174</ns3:hr>
            <ns3:cad>87</ns3:cad>
          </ns3:TrackPointExtension>
        </extensions>
      </trkpt>
      <trkpt lat="45.7307670079171657562255859375" lon="126.580131836235523223876953125">
        <ele>128.600006103515625</ele>
        <time>2026-07-31T22:28:05.000Z</time>
        <extensions>
          <ns3:TrackPointExtension>
            <ns3:hr>174</ns3:hr>
            <ns3:cad>86</ns3:cad>
          </ns3:TrackPointExtension>
        </extensions>
      </trkpt>
      <trkpt lat="45.73079944588243961334228515625" lon="126.5801336802542209625244140625">
        <ele>128.8000030517578125</ele>
        <time>2026-07-31T22:28:06.000Z</time>
        <extensions>
          <ns3:TrackPointExtension>
            <ns3:hr>174</ns3:hr>
            <ns3:cad>86</ns3:cad>
          </ns3:TrackPointExtension>
        </extensions>
      </trkpt>
      <trkpt lat="45.7308263517916202545166015625" lon="126.580130495131015777587890625">
        <ele>128.8000030517578125</ele>
        <time>2026-07-31T22:28:07.000Z</time>
        <extensions>
          <ns3:TrackPointExtension>
            <ns3:hr>174</ns3:hr>
            <ns3:cad>86</ns3:cad>
          </ns3:TrackPointExtension>
        </extensions>
      </trkpt>
      <trkpt lat="45.73085376061499118804931640625" lon="126.58012538217008113861083984375">
        <ele>128.8000030517578125</ele>
        <time>2026-07-31T22:28:08.000Z</time>
        <extensions>
          <ns3:TrackPointExtension>
            <ns3:hr>174</ns3:hr>
            <ns3:cad>86</ns3:cad>
          </ns3:TrackPointExtension>
        </extensions>
      </trkpt>
      <trkpt lat="45.73088343255221843719482421875" lon="126.58012487925589084625244140625">
        <ele>128.8000030517578125</ele>
        <time>2026-07-31T22:28:09.000Z</time>
        <extensions>
          <ns3:TrackPointExtension>
            <ns3:hr>174</ns3:hr>
            <ns3:cad>86</ns3:cad>
          </ns3:TrackPointExtension>
        </extensions>
      </trkpt>
      <trkpt lat="45.730904638767242431640625" lon="126.5801155753433704376220703125">
        <ele>128.8000030517578125</ele>
        <time>2026-07-31T22:28:10.000Z</time>
        <extensions>
          <ns3:TrackPointExtension>
            <ns3:hr>174</ns3:hr>
            <ns3:cad>86</ns3:cad>
          </ns3:TrackPointExtension>
        </extensions>
      </trkpt>
      <trkpt lat="45.730935148894786834716796875" lon="126.58011565916240215301513671875">
        <ele>128.8000030517578125</ele>
        <time>2026-07-31T22:28:11.000Z</time>
        <extensions>
          <ns3:TrackPointExtension>
            <ns3:hr>174</ns3:hr>
            <ns3:cad>86</ns3:cad>
          </ns3:TrackPointExtension>
        </extensions>
      </trkpt>
      <trkpt lat="45.73095484636723995208740234375" lon="126.58010543324053287506103515625">
        <ele>129</ele>
        <time>2026-07-31T22:28:12.000Z</time>
        <extensions>
          <ns3:TrackPointExtension>
            <ns3:hr>174</ns3:hr>
            <ns3:cad>86</ns3:cad>
          </ns3:TrackPointExtension>
        </extensions>
      </trkpt>
      <trkpt lat="45.73098242282867431640625" lon="126.58010694198310375213623046875">
        <ele>129</ele>
        <time>2026-07-31T22:28:13.000Z</time>
        <extensions>
          <ns3:TrackPointExtension>
            <ns3:hr>174</ns3:hr>
            <ns3:cad>86</ns3:cad>
          </ns3:TrackPointExtension>
        </extensions>
      </trkpt>
      <trkpt lat="45.73100228793919086456298828125" lon="126.58010191284120082855224609375">
        <ele>129</ele>
        <time>2026-07-31T22:28:14.000Z</time>
        <extensions>
          <ns3:TrackPointExtension>
            <ns3:hr>174</ns3:hr>
            <ns3:cad>86</ns3:cad>
          </ns3:TrackPointExtension>
        </extensions>
      </trkpt>
      <trkpt lat="45.73102575726807117462158203125" lon="126.580091603100299835205078125">
        <ele>129</ele>
        <time>2026-07-31T22:28:15.000Z</time>
        <extensions>
          <ns3:TrackPointExtension>
            <ns3:hr>174</ns3:hr>
            <ns3:cad>87</ns3:cad>
          </ns3:TrackPointExtension>
        </extensions>
      </trkpt>
      <trkpt lat="45.73104805313050746917724609375" lon="126.58007911406457424163818359375">
        <ele>129</ele>
        <time>2026-07-31T22:28:16.000Z</time>
        <extensions>
          <ns3:TrackPointExtension>
            <ns3:hr>174</ns3:hr>
            <ns3:cad>87</ns3:cad>
          </ns3:TrackPointExtension>
        </extensions>
      </trkpt>
      <trkpt lat="45.7310669124126434326171875" lon="126.5800672955811023712158203125">
        <ele>129</ele>
        <time>2026-07-31T22:28:17.000Z</time>
        <extensions>
          <ns3:TrackPointExtension>
            <ns3:hr>174</ns3:hr>
            <ns3:cad>87</ns3:cad>
          </ns3:TrackPointExtension>
        </extensions>
      </trkpt>
      <trkpt lat="45.73109532706439495086669921875" lon="126.58006084151566028594970703125">
        <ele>129</ele>
        <time>2026-07-31T22:28:18.000Z</time>
        <extensions>
          <ns3:TrackPointExtension>
            <ns3:hr>174</ns3:hr>
            <ns3:cad>86</ns3:cad>
          </ns3:TrackPointExtension>
        </extensions>
      </trkpt>
      <trkpt lat="45.73112164624035358428955078125" lon="126.58005614764988422393798828125">
        <ele>129</ele>
        <time>2026-07-31T22:28:19.000Z</time>
        <extensions>
          <ns3:TrackPointExtension>
            <ns3:hr>174</ns3:hr>
            <ns3:cad>86</ns3:cad>
          </ns3:TrackPointExtension>
        </extensions>
      </trkpt>
      <trkpt lat="45.73114947415888309478759765625" lon="126.580050028860569000244140625">
        <ele>129</ele>
        <time>2026-07-31T22:28:20.000Z</time>
        <extensions>
          <ns3:TrackPointExtension>
            <ns3:hr>174</ns3:hr>
            <ns3:cad>86</ns3:cad>
          </ns3:TrackPointExtension>
        </extensions>
      </trkpt>
      <trkpt lat="45.7311690039932727813720703125" lon="126.58004089258611202239990234375">
        <ele>129</ele>
        <time>2026-07-31T22:28:21.000Z</time>
        <extensions>
          <ns3:TrackPointExtension>
            <ns3:hr>174</ns3:hr>
            <ns3:cad>86</ns3:cad>
          </ns3:TrackPointExtension>
        </extensions>
      </trkpt>
      <trkpt lat="45.73119758628308773040771484375" lon="126.580033600330352783203125">
        <ele>129</ele>
        <time>2026-07-31T22:28:22.000Z</time>
        <extensions>
          <ns3:TrackPointExtension>
            <ns3:hr>174</ns3:hr>
            <ns3:cad>86</ns3:cad>
          </ns3:TrackPointExtension>
        </extensions>
      </trkpt>
      <trkpt lat="45.731217451393604278564453125" lon="126.5800284035503864288330078125">
        <ele>129</ele>
        <time>2026-07-31T22:28:23.000Z</time>
        <extensions>
          <ns3:TrackPointExtension>
            <ns3:hr>174</ns3:hr>
            <ns3:cad>86</ns3:cad>
          </ns3:TrackPointExtension>
        </extensions>
      </trkpt>
      <trkpt lat="45.73124335147440433502197265625" lon="126.5800203569233417510986328125">
        <ele>129</ele>
        <time>2026-07-31T22:28:24.000Z</time>
        <extensions>
          <ns3:TrackPointExtension>
            <ns3:hr>174</ns3:hr>
            <ns3:cad>86</ns3:cad>
          </ns3:TrackPointExtension>
        </extensions>
      </trkpt>
      <trkpt lat="45.73126472532749176025390625" lon="126.5800143219530582427978515625">
        <ele>129</ele>
        <time>2026-07-31T22:28:25.000Z</time>
        <extensions>
          <ns3:TrackPointExtension>
            <ns3:hr>174</ns3:hr>
            <ns3:cad>86</ns3:cad>
          </ns3:TrackPointExtension>
        </extensions>
      </trkpt>
      <trkpt lat="45.73128760792315006256103515625" lon="126.58000116236507892608642578125">
        <ele>129</ele>
        <time>2026-07-31T22:28:26.000Z</time>
        <extensions>
          <ns3:TrackPointExtension>
            <ns3:hr>174</ns3:hr>
            <ns3:cad>86</ns3:cad>
          </ns3:TrackPointExtension>
        </extensions>
      </trkpt>
      <trkpt lat="45.73130738921463489532470703125" lon="126.5799931995570659637451171875">
        <ele>128.8000030517578125</ele>
        <time>2026-07-31T22:28:27.000Z</time>
        <extensions>
          <ns3:TrackPointExtension>
            <ns3:hr>175</ns3:hr>
            <ns3:cad>86</ns3:cad>
          </ns3:TrackPointExtension>
        </extensions>
      </trkpt>
      <trkpt lat="45.731326080858707427978515625" lon="126.57998322509229183197021484375">
        <ele>128.8000030517578125</ele>
        <time>2026-07-31T22:28:28.000Z</time>
        <extensions>
          <ns3:TrackPointExtension>
            <ns3:hr>174</ns3:hr>
            <ns3:cad>86</ns3:cad>
          </ns3:TrackPointExtension>
        </extensions>
      </trkpt>
      <trkpt lat="45.73134611360728740692138671875" lon="126.57995824702084064483642578125">
        <ele>128.8000030517578125</ele>
        <time>2026-07-31T22:28:29.000Z</time>
        <extensions>
          <ns3:TrackPointExtension>
            <ns3:hr>174</ns3:hr>
            <ns3:cad>87</ns3:cad>
          </ns3:TrackPointExtension>
        </extensions>
      </trkpt>
      <trkpt lat="45.7313619554042816162109375" lon="126.57994533888995647430419921875">
        <ele>128.8000030517578125</ele>
        <time>2026-07-31T22:28:30.000Z</time>
        <extensions>
          <ns3:TrackPointExtension>
            <ns3:hr>174</ns3:hr>
            <ns3:cad>86</ns3:cad>
          </ns3:TrackPointExtension>
        </extensions>
      </trkpt>
      <trkpt lat="45.73138718493282794952392578125" lon="126.5799196064472198486328125">
        <ele>128.8000030517578125</ele>
        <time>2026-07-31T22:28:31.000Z</time>
        <extensions>
          <ns3:TrackPointExtension>
            <ns3:hr>175</ns3:hr>
            <ns3:cad>86</ns3:cad>
          </ns3:TrackPointExtension>
        </extensions>
      </trkpt>
      <trkpt lat="45.7314075529575347900390625" lon="126.57990292645990848541259765625">
        <ele>129</ele>
        <time>2026-07-31T22:28:32.000Z</time>
        <extensions>
          <ns3:TrackPointExtension>
            <ns3:hr>174</ns3:hr>
            <ns3:cad>86</ns3:cad>
          </ns3:TrackPointExtension>
        </extensions>
      </trkpt>
      <trkpt lat="45.73142968118190765380859375" lon="126.57987711019814014434814453125">
        <ele>129.1999969482421875</ele>
        <time>2026-07-31T22:28:33.000Z</time>
        <extensions>
          <ns3:TrackPointExtension>
            <ns3:hr>174</ns3:hr>
            <ns3:cad>86</ns3:cad>
          </ns3:TrackPointExtension>
        </extensions>
      </trkpt>
      <trkpt lat="45.7314516417682170867919921875" lon="126.57986118458211421966552734375">
        <ele>129.1999969482421875</ele>
        <time>2026-07-31T22:28:34.000Z</time>
        <extensions>
          <ns3:TrackPointExtension>
            <ns3:hr>174</ns3:hr>
            <ns3:cad>87</ns3:cad>
          </ns3:TrackPointExtension>
        </extensions>
      </trkpt>
      <trkpt lat="45.7314700819551944732666015625" lon="126.57984291203320026397705078125">
        <ele>129.399993896484375</ele>
        <time>2026-07-31T22:28:35.000Z</time>
        <extensions>
          <ns3:TrackPointExtension>
            <ns3:hr>175</ns3:hr>
            <ns3:cad>87</ns3:cad>
          </ns3:TrackPointExtension>
        </extensions>
      </trkpt>
      <trkpt lat="45.73149296455085277557373046875" lon="126.5798329375684261322021484375">
        <ele>129.399993896484375</ele>
        <time>2026-07-31T22:28:36.000Z</time>
        <extensions>
          <ns3:TrackPointExtension>
            <ns3:hr>175</ns3:hr>
            <ns3:cad>86</ns3:cad>
          </ns3:TrackPointExtension>
        </extensions>
      </trkpt>
      <trkpt lat="45.73150604031980037689208984375" lon="126.5798144973814487457275390625">
        <ele>129.399993896484375</ele>
        <time>2026-07-31T22:28:37.000Z</time>
        <extensions>
          <ns3:TrackPointExtension>
            <ns3:hr>175</ns3:hr>
            <ns3:cad>86</ns3:cad>
          </ns3:TrackPointExtension>
        </extensions>
      </trkpt>
      <trkpt lat="45.7315260730683803558349609375" lon="126.57979396171867847442626953125">
        <ele>129.600006103515625</ele>
        <time>2026-07-31T22:28:38.000Z</time>
        <extensions>
          <ns3:TrackPointExtension>
            <ns3:hr>175</ns3:hr>
            <ns3:cad>86</ns3:cad>
          </ns3:TrackPointExtension>
        </extensions>
      </trkpt>
      <trkpt lat="45.731537304818630218505859375" lon="126.5797762759029865264892578125">
        <ele>129.600006103515625</ele>
        <time>2026-07-31T22:28:39.000Z</time>
        <extensions>
          <ns3:TrackPointExtension>
            <ns3:hr>175</ns3:hr>
            <ns3:cad>86</ns3:cad>
          </ns3:TrackPointExtension>
        </extensions>
      </trkpt>
      <trkpt lat="45.73155113495886325836181640625" lon="126.57975356094539165496826171875">
        <ele>129.8000030517578125</ele>
        <time>2026-07-31T22:28:40.000Z</time>
        <extensions>
          <ns3:TrackPointExtension>
            <ns3:hr>175</ns3:hr>
            <ns3:cad>86</ns3:cad>
          </ns3:TrackPointExtension>
        </extensions>
      </trkpt>
      <trkpt lat="45.7315658032894134521484375" lon="126.57972942106425762176513671875">
        <ele>130</ele>
        <time>2026-07-31T22:28:41.000Z</time>
        <extensions>
          <ns3:TrackPointExtension>
            <ns3:hr>175</ns3:hr>
            <ns3:cad>85</ns3:cad>
          </ns3:TrackPointExtension>
        </extensions>
      </trkpt>
      <trkpt lat="45.73157024569809436798095703125" lon="126.57970276661217212677001953125">
        <ele>130</ele>
        <time>2026-07-31T22:28:42.000Z</time>
        <extensions>
          <ns3:TrackPointExtension>
            <ns3:hr>175</ns3:hr>
            <ns3:cad>86</ns3:cad>
          </ns3:TrackPointExtension>
        </extensions>
      </trkpt>
      <trkpt lat="45.731582902371883392333984375" lon="126.5796701610088348388671875">
        <ele>130</ele>
        <time>2026-07-31T22:28:43.000Z</time>
        <extensions>
          <ns3:TrackPointExtension>
            <ns3:hr>176</ns3:hr>
            <ns3:cad>86</ns3:cad>
          </ns3:TrackPointExtension>
        </extensions>
      </trkpt>
      <trkpt lat="45.73158516548573970794677734375" lon="126.57964375801384449005126953125">
        <ele>129.8000030517578125</ele>
        <time>2026-07-31T22:28:44.000Z</time>
        <extensions>
          <ns3:TrackPointExtension>
            <ns3:hr>176</ns3:hr>
            <ns3:cad>86</ns3:cad>
          </ns3:TrackPointExtension>
        </extensions>
      </trkpt>
      <trkpt lat="45.73159337975084781646728515625" lon="126.57960503362119197845458984375">
        <ele>129.8000030517578125</ele>
        <time>2026-07-31T22:28:45.000Z</time>
        <extensions>
          <ns3:TrackPointExtension>
            <ns3:hr>177</ns3:hr>
            <ns3:cad>85</ns3:cad>
          </ns3:TrackPointExtension>
        </extensions>
      </trkpt>
      <trkpt lat="45.73160226456820964813232421875" lon="126.5795724280178546905517578125">
        <ele>129.8000030517578125</ele>
        <time>2026-07-31T22:28:46.000Z</time>
        <extensions>
          <ns3:TrackPointExtension>
            <ns3:hr>179</ns3:hr>
            <ns3:cad>85</ns3:cad>
          </ns3:TrackPointExtension>
        </extensions>
      </trkpt>
      <trkpt lat="45.7316082157194614410400390625" lon="126.57954032532870769500732421875">
        <ele>129.8000030517578125</ele>
        <time>2026-07-31T22:28:47.000Z</time>
        <extensions>
          <ns3:TrackPointExtension>
            <ns3:hr>179</ns3:hr>
            <ns3:cad>85</ns3:cad>
          </ns3:TrackPointExtension>
        </extensions>
      </trkpt>
      <trkpt lat="45.73161550797522068023681640625" lon="126.57950713299214839935302734375">
        <ele>129.8000030517578125</ele>
        <time>2026-07-31T22:28:48.000Z</time>
        <extensions>
          <ns3:TrackPointExtension>
            <ns3:hr>179</ns3:hr>
            <ns3:cad>85</ns3:cad>
          </ns3:TrackPointExtension>
        </extensions>
      </trkpt>
      <trkpt lat="45.73161743581295013427734375" lon="126.57948198728263378143310546875">
        <ele>129.8000030517578125</ele>
        <time>2026-07-31T22:28:49.000Z</time>
        <extensions>
          <ns3:TrackPointExtension>
            <ns3:hr>179</ns3:hr>
            <ns3:cad>85</ns3:cad>
          </ns3:TrackPointExtension>
        </extensions>
      </trkpt>
      <trkpt lat="45.7316266559064388275146484375" lon="126.5794456936419010162353515625">
        <ele>129.8000030517578125</ele>
        <time>2026-07-31T22:28:50.000Z</time>
        <extensions>
          <ns3:TrackPointExtension>
            <ns3:hr>180</ns3:hr>
            <ns3:cad>85</ns3:cad>
          </ns3:TrackPointExtension>
        </extensions>
      </trkpt>
      <trkpt lat="45.73163009248673915863037109375" lon="126.57941602170467376708984375">
        <ele>129.600006103515625</ele>
        <time>2026-07-31T22:28:51.000Z</time>
        <extensions>
          <ns3:TrackPointExtension>
            <ns3:hr>180</ns3:hr>
            <ns3:cad>85</ns3:cad>
          </ns3:TrackPointExtension>
        </extensions>
      </trkpt>
      <trkpt lat="45.7316407375037670135498046875" lon="126.5793764591217041015625">
        <ele>129.399993896484375</ele>
        <time>2026-07-31T22:28:52.000Z</time>
        <extensions>
          <ns3:TrackPointExtension>
            <ns3:hr>180</ns3:hr>
            <ns3:cad>85</ns3:cad>
          </ns3:TrackPointExtension>
        </extensions>
      </trkpt>
      <trkpt lat="45.73164769448339939117431640625" lon="126.57934016548097133636474609375">
        <ele>129.399993896484375</ele>
        <time>2026-07-31T22:28:53.000Z</time>
        <extensions>
          <ns3:TrackPointExtension>
            <ns3:hr>179</ns3:hr>
            <ns3:cad>85</ns3:cad>
          </ns3:TrackPointExtension>
        </extensions>
      </trkpt>
      <trkpt lat="45.731659345328807830810546875" lon="126.57930948771536350250244140625">
        <ele>129.1999969482421875</ele>
        <time>2026-07-31T22:28:54.000Z</time>
        <extensions>
          <ns3:TrackPointExtension>
            <ns3:hr>180</ns3:hr>
            <ns3:cad>85</ns3:cad>
          </ns3:TrackPointExtension>
        </extensions>
      </trkpt>
      <trkpt lat="45.73167351074516773223876953125" lon="126.57927730120718479156494140625">
        <ele>129</ele>
        <time>2026-07-31T22:28:55.000Z</time>
        <extensions>
          <ns3:TrackPointExtension>
            <ns3:hr>180</ns3:hr>
            <ns3:cad>85</ns3:cad>
          </ns3:TrackPointExtension>
        </extensions>
      </trkpt>
      <trkpt lat="45.73168491013348102569580078125" lon="126.5792512334883213043212890625">
        <ele>129</ele>
        <time>2026-07-31T22:28:56.000Z</time>
        <extensions>
          <ns3:TrackPointExtension>
            <ns3:hr>180</ns3:hr>
            <ns3:cad>85</ns3:cad>
          </ns3:TrackPointExtension>
        </extensions>
      </trkpt>
      <trkpt lat="45.7317000813782215118408203125" lon="126.579225920140743255615234375">
        <ele>128.8000030517578125</ele>
        <time>2026-07-31T22:28:57.000Z</time>
        <extensions>
          <ns3:TrackPointExtension>
            <ns3:hr>179</ns3:hr>
            <ns3:cad>85</ns3:cad>
          </ns3:TrackPointExtension>
        </extensions>
      </trkpt>
      <trkpt lat="45.7317161746323108673095703125" lon="126.57920010387897491455078125">
        <ele>128.8000030517578125</ele>
        <time>2026-07-31T22:28:58.000Z</time>
        <extensions>
          <ns3:TrackPointExtension>
            <ns3:hr>180</ns3:hr>
            <ns3:cad>85</ns3:cad>
          </ns3:TrackPointExtension>
        </extensions>
      </trkpt>
      <trkpt lat="45.73173947632312774658203125" lon="126.57917755655944347381591796875">
        <ele>128.600006103515625</ele>
        <time>2026-07-31T22:28:59.000Z</time>
        <extensions>
          <ns3:TrackPointExtension>
            <ns3:hr>180</ns3:hr>
            <ns3:cad>85</ns3:cad>
          </ns3:TrackPointExtension>
        </extensions>
      </trkpt>
      <trkpt lat="45.73175825178623199462890625" lon="126.5791617147624492645263671875">
        <ele>128.8000030517578125</ele>
        <time>2026-07-31T22:29:00.000Z</time>
        <extensions>
          <ns3:TrackPointExtension>
            <ns3:hr>179</ns3:hr>
            <ns3:cad>85</ns3:cad>
          </ns3:TrackPointExtension>
        </extensions>
      </trkpt>
      <trkpt lat="45.73177828453481197357177734375" lon="126.5791446156799793243408203125">
        <ele>128.8000030517578125</ele>
        <time>2026-07-31T22:29:01.000Z</time>
        <extensions>
          <ns3:TrackPointExtension>
            <ns3:hr>179</ns3:hr>
            <ns3:cad>85</ns3:cad>
          </ns3:TrackPointExtension>
        </extensions>
      </trkpt>
      <trkpt lat="45.73180074803531169891357421875" lon="126.57913170754909515380859375">
        <ele>128.8000030517578125</ele>
        <time>2026-07-31T22:29:02.000Z</time>
        <extensions>
          <ns3:TrackPointExtension>
            <ns3:hr>179</ns3:hr>
            <ns3:cad>85</ns3:cad>
          </ns3:TrackPointExtension>
        </extensions>
      </trkpt>
      <trkpt lat="45.7318174280226230621337890625" lon="126.57911720685660839080810546875">
        <ele>129</ele>
        <time>2026-07-31T22:29:03.000Z</time>
        <extensions>
          <ns3:TrackPointExtension>
            <ns3:hr>180</ns3:hr>
            <ns3:cad>87</ns3:cad>
          </ns3:TrackPointExtension>
        </extensions>
      </trkpt>
      <trkpt lat="45.7318435795605182647705078125" lon="126.57910396344959735870361328125">
        <ele>129</ele>
        <time>2026-07-31T22:29:04.000Z</time>
        <extensions>
          <ns3:TrackPointExtension>
            <ns3:hr>179</ns3:hr>
            <ns3:cad>87</ns3:cad>
          </ns3:TrackPointExtension>
        </extensions>
      </trkpt>
      <trkpt lat="45.7318653725087642669677734375" lon="126.579095162451267242431640625">
        <ele>129</ele>
        <time>2026-07-31T22:29:05.000Z</time>
        <extensions>
          <ns3:TrackPointExtension>
            <ns3:hr>179</ns3:hr>
            <ns3:cad>87</ns3:cad>
          </ns3:TrackPointExtension>
        </extensions>
      </trkpt>
      <trkpt lat="45.73188859038054943084716796875" lon="126.57908217050135135650634765625">
        <ele>129</ele>
        <time>2026-07-31T22:29:06.000Z</time>
        <extensions>
          <ns3:TrackPointExtension>
            <ns3:hr>179</ns3:hr>
            <ns3:cad>86</ns3:cad>
          </ns3:TrackPointExtension>
        </extensions>
      </trkpt>
      <trkpt lat="45.73191105388104915618896484375" lon="126.57906993292272090911865234375">
        <ele>129</ele>
        <time>2026-07-31T22:29:07.000Z</time>
        <extensions>
          <ns3:TrackPointExtension>
            <ns3:hr>179</ns3:hr>
            <ns3:cad>85</ns3:cad>
          </ns3:TrackPointExtension>
        </extensions>
      </trkpt>
      <trkpt lat="45.7319300808012485504150390625" lon="126.5790557675063610076904296875">
        <ele>129.1999969482421875</ele>
        <time>2026-07-31T22:29:08.000Z</time>
        <extensions>
          <ns3:TrackPointExtension>
            <ns3:hr>179</ns3:hr>
            <ns3:cad>85</ns3:cad>
          </ns3:TrackPointExtension>
        </extensions>
      </trkpt>
      <trkpt lat="45.7319538854062557220458984375" lon="126.57904311083257198333740234375">
        <ele>129</ele>
        <time>2026-07-31T22:29:09.000Z</time>
        <extensions>
          <ns3:TrackPointExtension>
            <ns3:hr>178</ns3:hr>
            <ns3:cad>85</ns3:cad>
          </ns3:TrackPointExtension>
        </extensions>
      </trkpt>
      <trkpt lat="45.7319770194590091705322265625" lon="126.5790373273193836212158203125">
        <ele>129</ele>
        <time>2026-07-31T22:29:10.000Z</time>
        <extensions>
          <ns3:TrackPointExtension>
            <ns3:hr>178</ns3:hr>
            <ns3:cad>85</ns3:cad>
          </ns3:TrackPointExtension>
        </extensions>
      </trkpt>
      <trkpt lat="45.731998980045318603515625" lon="126.57902550883591175079345703125">
        <ele>129.1999969482421875</ele>
        <time>2026-07-31T22:29:11.000Z</time>
        <extensions>
          <ns3:TrackPointExtension>
            <ns3:hr>178</ns3:hr>
            <ns3:cad>85</ns3:cad>
          </ns3:TrackPointExtension>
        </extensions>
      </trkpt>
      <trkpt lat="45.7320175878703594207763671875" lon="126.57901444472372531890869140625">
        <ele>129.1999969482421875</ele>
        <time>2026-07-31T22:29:12.000Z</time>
        <extensions>
          <ns3:TrackPointExtension>
            <ns3:hr>178</ns3:hr>
            <ns3:cad>85</ns3:cad>
          </ns3:TrackPointExtension>
        </extensions>
      </trkpt>
      <trkpt lat="45.73204181157052516937255859375" lon="126.5789969265460968017578125">
        <ele>129.1999969482421875</ele>
        <time>2026-07-31T22:29:13.000Z</time>
        <extensions>
          <ns3:TrackPointExtension>
            <ns3:hr>178</ns3:hr>
            <ns3:cad>85</ns3:cad>
          </ns3:TrackPointExtension>
        </extensions>
      </trkpt>
      <trkpt lat="45.73206578381359577178955078125" lon="126.57897002063691616058349609375">
        <ele>129.1999969482421875</ele>
        <time>2026-07-31T22:29:14.000Z</time>
        <extensions>
          <ns3:TrackPointExtension>
            <ns3:hr>177</ns3:hr>
            <ns3:cad>85</ns3:cad>
          </ns3:TrackPointExtension>
        </extensions>
      </trkpt>
      <trkpt lat="45.73208414018154144287109375" lon="126.57895275391638278961181640625">
        <ele>129.1999969482421875</ele>
        <time>2026-07-31T22:29:15.000Z</time>
        <extensions>
          <ns3:TrackPointExtension>
            <ns3:hr>177</ns3:hr>
            <ns3:cad>85</ns3:cad>
          </ns3:TrackPointExtension>
        </extensions>
      </trkpt>
      <trkpt lat="45.7321064360439777374267578125" lon="126.57893096096813678741455078125">
        <ele>129.1999969482421875</ele>
        <time>2026-07-31T22:29:16.000Z</time>
        <extensions>
          <ns3:TrackPointExtension>
            <ns3:hr>176</ns3:hr>
            <ns3:cad>85</ns3:cad>
          </ns3:TrackPointExtension>
        </extensions>
      </trkpt>
      <trkpt lat="45.73212211020290851593017578125" lon="126.57891050912439823150634765625">
        <ele>129.399993896484375</ele>
        <time>2026-07-31T22:29:17.000Z</time>
        <extensions>
          <ns3:TrackPointExtension>
            <ns3:hr>175</ns3:hr>
            <ns3:cad>85</ns3:cad>
          </ns3:TrackPointExtension>
        </extensions>
      </trkpt>
      <trkpt lat="45.7321419753134250640869140625" lon="126.57888184301555156707763671875">
        <ele>129.399993896484375</ele>
        <time>2026-07-31T22:29:18.000Z</time>
        <extensions>
          <ns3:TrackPointExtension>
            <ns3:hr>175</ns3:hr>
            <ns3:cad>85</ns3:cad>
          </ns3:TrackPointExtension>
        </extensions>
      </trkpt>
      <trkpt lat="45.73214977048337459564208984375" lon="126.57886080443859100341796875">
        <ele>129.399993896484375</ele>
        <time>2026-07-31T22:29:19.000Z</time>
        <extensions>
          <ns3:TrackPointExtension>
            <ns3:hr>175</ns3:hr>
            <ns3:cad>85</ns3:cad>
          </ns3:TrackPointExtension>
        </extensions>
      </trkpt>
      <trkpt lat="45.73216502554714679718017578125" lon="126.57882727682590484619140625">
        <ele>129.399993896484375</ele>
        <time>2026-07-31T22:29:20.000Z</time>
        <extensions>
          <ns3:TrackPointExtension>
            <ns3:hr>175</ns3:hr>
            <ns3:cad>86</ns3:cad>
          </ns3:TrackPointExtension>
        </extensions>
      </trkpt>
      <trkpt lat="45.732172317802906036376953125" lon="126.5788009576499462127685546875">
        <ele>129.399993896484375</ele>
        <time>2026-07-31T22:29:21.000Z</time>
        <extensions>
          <ns3:TrackPointExtension>
            <ns3:hr>175</ns3:hr>
            <ns3:cad>87</ns3:cad>
          </ns3:TrackPointExtension>
        </extensions>
      </trkpt>
      <trkpt lat="45.73217625729739665985107421875" lon="126.5787711180746555328369140625">
        <ele>129.399993896484375</ele>
        <time>2026-07-31T22:29:22.000Z</time>
        <extensions>
          <ns3:TrackPointExtension>
            <ns3:hr>175</ns3:hr>
            <ns3:cad>87</ns3:cad>
          </ns3:TrackPointExtension>
        </extensions>
      </trkpt>
      <trkpt lat="45.7321889139711856842041015625" lon="126.57873968593776226043701171875">
        <ele>129.399993896484375</ele>
        <time>2026-07-31T22:29:23.000Z</time>
        <extensions>
          <ns3:TrackPointExtension>
            <ns3:hr>175</ns3:hr>
            <ns3:cad>86</ns3:cad>
          </ns3:TrackPointExtension>
        </extensions>
      </trkpt>
      <trkpt lat="45.732195787131786346435546875" lon="126.5787151269614696502685546875">
        <ele>129.1999969482421875</ele>
        <time>2026-07-31T22:29:24.000Z</time>
        <extensions>
          <ns3:TrackPointExtension>
            <ns3:hr>175</ns3:hr>
            <ns3:cad>86</ns3:cad>
          </ns3:TrackPointExtension>
        </extensions>
      </trkpt>
      <trkpt lat="45.7322090305387973785400390625" lon="126.578676402568817138671875">
        <ele>129.1999969482421875</ele>
        <time>2026-07-31T22:29:25.000Z</time>
        <extensions>
          <ns3:TrackPointExtension>
            <ns3:hr>175</ns3:hr>
            <ns3:cad>86</ns3:cad>
          </ns3:TrackPointExtension>
        </extensions>
      </trkpt>
      <trkpt lat="45.7322148978710174560546875" lon="126.57864488661289215087890625">
        <ele>129.1999969482421875</ele>
        <time>2026-07-31T22:29:26.000Z</time>
        <extensions>
          <ns3:TrackPointExtension>
            <ns3:hr>175</ns3:hr>
            <ns3:cad>85</ns3:cad>
          </ns3:TrackPointExtension>
        </extensions>
      </trkpt>
      <trkpt lat="45.7322254590690135955810546875" lon="126.5786041505634784698486328125">
        <ele>129</ele>
        <time>2026-07-31T22:29:27.000Z</time>
        <extensions>
          <ns3:TrackPointExtension>
            <ns3:hr>175</ns3:hr>
            <ns3:cad>85</ns3:cad>
          </ns3:TrackPointExtension>
        </extensions>
      </trkpt>
      <trkpt lat="45.73223493061959743499755859375" lon="126.578574813902378082275390625">
        <ele>129</ele>
        <time>2026-07-31T22:29:28.000Z</time>
        <extensions>
          <ns3:TrackPointExtension>
            <ns3:hr>174</ns3:hr>
            <ns3:cad>86</ns3:cad>
          </ns3:TrackPointExtension>
        </extensions>
      </trkpt>
      <trkpt lat="45.73224230669438838958740234375" lon="126.5785397775471210479736328125">
        <ele>129</ele>
        <time>2026-07-31T22:29:29.000Z</time>
        <extensions>
          <ns3:TrackPointExtension>
            <ns3:hr>175</ns3:hr>
            <ns3:cad>86</ns3:cad>
          </ns3:TrackPointExtension>
        </extensions>
      </trkpt>
      <trkpt lat="45.7322569750249385833740234375" lon="126.57851035706698894500732421875">
        <ele>129</ele>
        <time>2026-07-31T22:29:30.000Z</time>
        <extensions>
          <ns3:TrackPointExtension>
            <ns3:hr>175</ns3:hr>
            <ns3:cad>87</ns3:cad>
          </ns3:TrackPointExtension>
        </extensions>
      </trkpt>
      <trkpt lat="45.73226384818553924560546875" lon="126.5784874744713306427001953125">
        <ele>128.8000030517578125</ele>
        <time>2026-07-31T22:29:31.000Z</time>
        <extensions>
          <ns3:TrackPointExtension>
            <ns3:hr>174</ns3:hr>
            <ns3:cad>87</ns3:cad>
          </ns3:TrackPointExtension>
        </extensions>
      </trkpt>
      <trkpt lat="45.73228186927735805511474609375" lon="126.57845654524862766265869140625">
        <ele>128.8000030517578125</ele>
        <time>2026-07-31T22:29:32.000Z</time>
        <extensions>
          <ns3:TrackPointExtension>
            <ns3:hr>174</ns3:hr>
            <ns3:cad>86</ns3:cad>
          </ns3:TrackPointExtension>
        </extensions>
      </trkpt>
      <trkpt lat="45.73228932917118072509765625" lon="126.57843240536749362945556640625">
        <ele>128.600006103515625</ele>
        <time>2026-07-31T22:29:33.000Z</time>
        <extensions>
          <ns3:TrackPointExtension>
            <ns3:hr>174</ns3:hr>
            <ns3:cad>86</ns3:cad>
          </ns3:TrackPointExtension>
        </extensions>
      </trkpt>
      <trkpt lat="45.732306428253650665283203125" lon="126.57839988358318805694580078125">
        <ele>128.600006103515625</ele>
        <time>2026-07-31T22:29:34.000Z</time>
        <extensions>
          <ns3:TrackPointExtension>
            <ns3:hr>175</ns3:hr>
            <ns3:cad>86</ns3:cad>
          </ns3:TrackPointExtension>
        </extensions>
      </trkpt>
      <trkpt lat="45.7323190011084079742431640625" lon="126.578373648226261138916015625">
        <ele>128.399993896484375</ele>
        <time>2026-07-31T22:29:35.000Z</time>
        <extensions>
          <ns3:TrackPointExtension>
            <ns3:hr>174</ns3:hr>
            <ns3:cad>85</ns3:cad>
          </ns3:TrackPointExtension>
        </extensions>
      </trkpt>
      <trkpt lat="45.732336938381195068359375" lon="126.57834439538419246673583984375">
        <ele>128.1999969482421875</ele>
        <time>2026-07-31T22:29:36.000Z</time>
        <extensions>
          <ns3:TrackPointExtension>
            <ns3:hr>174</ns3:hr>
            <ns3:cad>85</ns3:cad>
          </ns3:TrackPointExtension>
        </extensions>
      </trkpt>
      <trkpt lat="45.7323535345494747161865234375" lon="126.57832092605531215667724609375">
        <ele>128.1999969482421875</ele>
        <time>2026-07-31T22:29:37.000Z</time>
        <extensions>
          <ns3:TrackPointExtension>
            <ns3:hr>174</ns3:hr>
            <ns3:cad>86</ns3:cad>
          </ns3:TrackPointExtension>
        </extensions>
      </trkpt>
      <trkpt lat="45.73236468248069286346435546875" lon="126.578294523060321807861328125">
        <ele>128.1999969482421875</ele>
        <time>2026-07-31T22:29:38.000Z</time>
        <extensions>
          <ns3:TrackPointExtension>
            <ns3:hr>174</ns3:hr>
            <ns3:cad>86</ns3:cad>
          </ns3:TrackPointExtension>
        </extensions>
      </trkpt>
      <trkpt lat="45.7323823682963848114013671875" lon="126.57826359383761882781982421875">
        <ele>128</ele>
        <time>2026-07-31T22:29:39.000Z</time>
        <extensions>
          <ns3:TrackPointExtension>
            <ns3:hr>174</ns3:hr>
            <ns3:cad>86</ns3:cad>
          </ns3:TrackPointExtension>
        </extensions>
      </trkpt>
      <trkpt lat="45.732392929494380950927734375" lon="126.5782392024993896484375">
        <ele>128</ele>
        <time>2026-07-31T22:29:40.000Z</time>
        <extensions>
          <ns3:TrackPointExtension>
            <ns3:hr>174</ns3:hr>
            <ns3:cad>86</ns3:cad>
          </ns3:TrackPointExtension>
        </extensions>
      </trkpt>
      <trkpt lat="45.73240625672042369842529296875" lon="126.5782065130770206451416015625">
        <ele>128</ele>
        <time>2026-07-31T22:29:41.000Z</time>
        <extensions>
          <ns3:TrackPointExtension>
            <ns3:hr>174</ns3:hr>
            <ns3:cad>86</ns3:cad>
          </ns3:TrackPointExtension>
        </extensions>
      </trkpt>
      <trkpt lat="45.73242134414613246917724609375" lon="126.57818363048136234283447265625">
        <ele>128</ele>
        <time>2026-07-31T22:29:42.000Z</time>
        <extensions>
          <ns3:TrackPointExtension>
            <ns3:hr>174</ns3:hr>
            <ns3:cad>86</ns3:cad>
          </ns3:TrackPointExtension>
        </extensions>
      </trkpt>
      <trkpt lat="45.73243391700088977813720703125" lon="126.57815764658153057098388671875">
        <ele>128.1999969482421875</ele>
        <time>2026-07-31T22:29:43.000Z</time>
        <extensions>
          <ns3:TrackPointExtension>
            <ns3:hr>174</ns3:hr>
            <ns3:cad>86</ns3:cad>
          </ns3:TrackPointExtension>
        </extensions>
      </trkpt>
      <trkpt lat="45.73244783096015453338623046875" lon="126.5781310759484767913818359375">
        <ele>128.1999969482421875</ele>
        <time>2026-07-31T22:29:44.000Z</time>
        <extensions>
          <ns3:TrackPointExtension>
            <ns3:hr>174</ns3:hr>
            <ns3:cad>86</ns3:cad>
          </ns3:TrackPointExtension>
        </extensions>
      </trkpt>
      <trkpt lat="45.7324635051190853118896484375" lon="126.578103415668010711669921875">
        <ele>128.1999969482421875</ele>
        <time>2026-07-31T22:29:45.000Z</time>
        <extensions>
          <ns3:TrackPointExtension>
            <ns3:hr>174</ns3:hr>
            <ns3:cad>87</ns3:cad>
          </ns3:TrackPointExtension>
        </extensions>
      </trkpt>
      <trkpt lat="45.732481442391872406005859375" lon="126.57808003015816211700439453125">
        <ele>128.1999969482421875</ele>
        <time>2026-07-31T22:29:46.000Z</time>
        <extensions>
          <ns3:TrackPointExtension>
            <ns3:hr>174</ns3:hr>
            <ns3:cad>87</ns3:cad>
          </ns3:TrackPointExtension>
        </extensions>
      </trkpt>
      <trkpt lat="45.73249493725597858428955078125" lon="126.57806024886667728424072265625">
        <ele>128</ele>
        <time>2026-07-31T22:29:47.000Z</time>
        <extensions>
          <ns3:TrackPointExtension>
            <ns3:hr>173</ns3:hr>
            <ns3:cad>87</ns3:cad>
          </ns3:TrackPointExtension>
        </extensions>
      </trkpt>
      <trkpt lat="45.732516311109066009521484375" lon="126.57803644426167011260986328125">
        <ele>127.8000030517578125</ele>
        <time>2026-07-31T22:29:48.000Z</time>
        <extensions>
          <ns3:TrackPointExtension>
            <ns3:hr>173</ns3:hr>
            <ns3:cad>88</ns3:cad>
          </ns3:TrackPointExtension>
        </extensions>
      </trkpt>
      <trkpt lat="45.73252745904028415679931640625" lon="126.5780137293040752410888671875">
        <ele>127.8000030517578125</ele>
        <time>2026-07-31T22:29:49.000Z</time>
        <extensions>
          <ns3:TrackPointExtension>
            <ns3:hr>173</ns3:hr>
            <ns3:cad>88</ns3:cad>
          </ns3:TrackPointExtension>
        </extensions>
      </trkpt>
      <trkpt lat="45.73254053480923175811767578125" lon="126.57798849977552890777587890625">
        <ele>127.59999847412109375</ele>
        <time>2026-07-31T22:29:50.000Z</time>
        <extensions>
          <ns3:TrackPointExtension>
            <ns3:hr>173</ns3:hr>
            <ns3:cad>87</ns3:cad>
          </ns3:TrackPointExtension>
        </extensions>
      </trkpt>
      <trkpt lat="45.73255679570138454437255859375" lon="126.5779607556760311126708984375">
        <ele>127.59999847412109375</ele>
        <time>2026-07-31T22:29:51.000Z</time>
        <extensions>
          <ns3:TrackPointExtension>
            <ns3:hr>172</ns3:hr>
            <ns3:cad>87</ns3:cad>
          </ns3:TrackPointExtension>
        </extensions>
      </trkpt>
      <trkpt lat="45.732569955289363861083984375" lon="126.5779392980039119720458984375">
        <ele>127.59999847412109375</ele>
        <time>2026-07-31T22:29:52.000Z</time>
        <extensions>
          <ns3:TrackPointExtension>
            <ns3:hr>172</ns3:hr>
            <ns3:cad>87</ns3:cad>
          </ns3:TrackPointExtension>
        </extensions>
      </trkpt>
      <trkpt lat="45.7325788401067256927490234375" lon="126.57792069017887115478515625">
        <ele>127.8000030517578125</ele>
        <time>2026-07-31T22:29:53.000Z</time>
        <extensions>
          <ns3:TrackPointExtension>
            <ns3:hr>172</ns3:hr>
            <ns3:cad>85</ns3:cad>
          </ns3:TrackPointExtension>
        </extensions>
      </trkpt>
      <trkpt lat="45.73259619064629077911376953125" lon="126.577909626066684722900390625">
        <ele>127.8000030517578125</ele>
        <time>2026-07-31T22:29:54.000Z</time>
        <extensions>
          <ns3:TrackPointExtension>
            <ns3:hr>172</ns3:hr>
            <ns3:cad>85</ns3:cad>
          </ns3:TrackPointExtension>
        </extensions>
      </trkpt>
      <trkpt lat="45.73261848650872707366943359375" lon="126.57789261080324649810791015625">
        <ele>127.8000030517578125</ele>
        <time>2026-07-31T22:29:55.000Z</time>
        <extensions>
          <ns3:TrackPointExtension>
            <ns3:hr>172</ns3:hr>
            <ns3:cad>86</ns3:cad>
          </ns3:TrackPointExtension>
        </extensions>
      </trkpt>
      <trkpt lat="45.732632987201213836669921875" lon="126.5778722427785396575927734375">
        <ele>127.8000030517578125</ele>
        <time>2026-07-31T22:29:56.000Z</time>
        <extensions>
          <ns3:TrackPointExtension>
            <ns3:hr>171</ns3:hr>
            <ns3:cad>86</ns3:cad>
          </ns3:TrackPointExtension>
        </extensions>
      </trkpt>
      <trkpt lat="45.7326583005487918853759765625" lon="126.57785321585834026336669921875">
        <ele>127.8000030517578125</ele>
        <time>2026-07-31T22:29:57.000Z</time>
        <extensions>
          <ns3:TrackPointExtension>
            <ns3:hr>172</ns3:hr>
            <ns3:cad>86</ns3:cad>
          </ns3:TrackPointExtension>
        </extensions>
      </trkpt>
      <trkpt lat="45.732683278620243072509765625" lon="126.5778301656246185302734375">
        <ele>127.59999847412109375</ele>
        <time>2026-07-31T22:29:58.000Z</time>
        <extensions>
          <ns3:TrackPointExtension>
            <ns3:hr>172</ns3:hr>
            <ns3:cad>85</ns3:cad>
          </ns3:TrackPointExtension>
        </extensions>
      </trkpt>
      <trkpt lat="45.732704736292362213134765625" lon="126.57780795358121395111083984375">
        <ele>127.8000030517578125</ele>
        <time>2026-07-31T22:29:59.000Z</time>
        <extensions>
          <ns3:TrackPointExtension>
            <ns3:hr>172</ns3:hr>
            <ns3:cad>85</ns3:cad>
          </ns3:TrackPointExtension>
        </extensions>
      </trkpt>
      <trkpt lat="45.73272409848868846893310546875" lon="126.5777857415378093719482421875">
        <ele>127.8000030517578125</ele>
        <time>2026-07-31T22:30:00.000Z</time>
        <extensions>
          <ns3:TrackPointExtension>
            <ns3:hr>172</ns3:hr>
            <ns3:cad>85</ns3:cad>
          </ns3:TrackPointExtension>
        </extensions>
      </trkpt>
      <trkpt lat="45.73274270631372928619384765625" lon="126.57776570878922939300537109375">
        <ele>128</ele>
        <time>2026-07-31T22:30:01.000Z</time>
        <extensions>
          <ns3:TrackPointExtension>
            <ns3:hr>172</ns3:hr>
            <ns3:cad>85</ns3:cad>
          </ns3:TrackPointExtension>
        </extensions>
      </trkpt>
      <trkpt lat="45.73276433162391185760498046875" lon="126.57774626277387142181396484375">
        <ele>128</ele>
        <time>2026-07-31T22:30:02.000Z</time>
        <extensions>
          <ns3:TrackPointExtension>
            <ns3:hr>171</ns3:hr>
            <ns3:cad>85</ns3:cad>
          </ns3:TrackPointExtension>
        </extensions>
      </trkpt>
      <trkpt lat="45.73278025723993778228759765625" lon="126.577726900577545166015625">
        <ele>128</ele>
        <time>2026-07-31T22:30:03.000Z</time>
        <extensions>
          <ns3:TrackPointExtension>
            <ns3:hr>171</ns3:hr>
            <ns3:cad>85</ns3:cad>
          </ns3:TrackPointExtension>
        </extensions>
      </trkpt>
      <trkpt lat="45.73280087672173976898193359375" lon="126.57770150341093540191650390625">
        <ele>128.1999969482421875</ele>
        <time>2026-07-31T22:30:04.000Z</time>
        <extensions>
          <ns3:TrackPointExtension>
            <ns3:hr>171</ns3:hr>
            <ns3:cad>86</ns3:cad>
          </ns3:TrackPointExtension>
        </extensions>
      </trkpt>
      <trkpt lat="45.73281629942357540130615234375" lon="126.57767049036920070648193359375">
        <ele>128.1999969482421875</ele>
        <time>2026-07-31T22:30:05.000Z</time>
        <extensions>
          <ns3:TrackPointExtension>
            <ns3:hr>171</ns3:hr>
            <ns3:cad>86</ns3:cad>
          </ns3:TrackPointExtension>
        </extensions>
      </trkpt>
      <trkpt lat="45.732830464839935302734375" lon="126.5776338614523410797119140625">
        <ele>128.1999969482421875</ele>
        <time>2026-07-31T22:30:06.000Z</time>
        <extensions>
          <ns3:TrackPointExtension>
            <ns3:hr>171</ns3:hr>
            <ns3:cad>86</ns3:cad>
          </ns3:TrackPointExtension>
        </extensions>
      </trkpt>
      <trkpt lat="45.73284932412207126617431640625" lon="126.57760695554316043853759765625">
        <ele>128.1999969482421875</ele>
        <time>2026-07-31T22:30:07.000Z</time>
        <extensions>
          <ns3:TrackPointExtension>
            <ns3:hr>171</ns3:hr>
            <ns3:cad>86</ns3:cad>
          </ns3:TrackPointExtension>
        </extensions>
      </trkpt>
      <trkpt lat="45.73285921476781368255615234375" lon="126.5775852464139461517333984375">
        <ele>128.399993896484375</ele>
        <time>2026-07-31T22:30:08.000Z</time>
        <extensions>
          <ns3:TrackPointExtension>
            <ns3:hr>170</ns3:hr>
            <ns3:cad>85</ns3:cad>
          </ns3:TrackPointExtension>
        </extensions>
      </trkpt>
      <trkpt lat="45.73287480510771274566650390625" lon="126.57755616120994091033935546875">
        <ele>128.399993896484375</ele>
        <time>2026-07-31T22:30:09.000Z</time>
        <extensions>
          <ns3:TrackPointExtension>
            <ns3:hr>171</ns3:hr>
            <ns3:cad>85</ns3:cad>
          </ns3:TrackPointExtension>
        </extensions>
      </trkpt>
      <trkpt lat="45.732883773744106292724609375" lon="126.5775349549949169158935546875">
        <ele>128.399993896484375</ele>
        <time>2026-07-31T22:30:10.000Z</time>
        <extensions>
          <ns3:TrackPointExtension>
            <ns3:hr>171</ns3:hr>
            <ns3:cad>84</ns3:cad>
          </ns3:TrackPointExtension>
        </extensions>
      </trkpt>
      <trkpt lat="45.7328960113227367401123046875" lon="126.57750788144767284393310546875">
        <ele>128.399993896484375</ele>
        <time>2026-07-31T22:30:11.000Z</time>
        <extensions>
          <ns3:TrackPointExtension>
            <ns3:hr>170</ns3:hr>
            <ns3:cad>84</ns3:cad>
          </ns3:TrackPointExtension>
        </extensions>
      </trkpt>
      <trkpt lat="45.7329127751290798187255859375" lon="126.57748357392847537994384765625">
        <ele>128.399993896484375</ele>
        <time>2026-07-31T22:30:12.000Z</time>
        <extensions>
          <ns3:TrackPointExtension>
            <ns3:hr>170</ns3:hr>
            <ns3:cad>84</ns3:cad>
          </ns3:TrackPointExtension>
        </extensions>
      </trkpt>
      <trkpt lat="45.73292576707899570465087890625" lon="126.57746345736086368560791015625">
        <ele>128.399993896484375</ele>
        <time>2026-07-31T22:30:13.000Z</time>
        <extensions>
          <ns3:TrackPointExtension>
            <ns3:hr>170</ns3:hr>
            <ns3:cad>84</ns3:cad>
          </ns3:TrackPointExtension>
        </extensions>
      </trkpt>
      <trkpt lat="45.732942111790180206298828125" lon="126.57743747346103191375732421875">
        <ele>128.1999969482421875</ele>
        <time>2026-07-31T22:30:14.000Z</time>
        <extensions>
          <ns3:TrackPointExtension>
            <ns3:hr>170</ns3:hr>
            <ns3:cad>84</ns3:cad>
          </ns3:TrackPointExtension>
        </extensions>
      </trkpt>
      <trkpt lat="45.73295627720654010772705078125" lon="126.57741752453148365020751953125">
        <ele>128.1999969482421875</ele>
        <time>2026-07-31T22:30:15.000Z</time>
        <extensions>
          <ns3:TrackPointExtension>
            <ns3:hr>170</ns3:hr>
            <ns3:cad>84</ns3:cad>
          </ns3:TrackPointExtension>
        </extensions>
      </trkpt>
      <trkpt lat="45.7329717837274074554443359375" lon="126.577390618622303009033203125">
        <ele>128.399993896484375</ele>
        <time>2026-07-31T22:30:16.000Z</time>
        <extensions>
          <ns3:TrackPointExtension>
            <ns3:hr>170</ns3:hr>
            <ns3:cad>84</ns3:cad>
          </ns3:TrackPointExtension>
        </extensions>
      </trkpt>
      <trkpt lat="45.73298670351505279541015625" lon="126.57736639492213726043701171875">
        <ele>128.399993896484375</ele>
        <time>2026-07-31T22:30:17.000Z</time>
        <extensions>
          <ns3:TrackPointExtension>
            <ns3:hr>170</ns3:hr>
            <ns3:cad>84</ns3:cad>
          </ns3:TrackPointExtension>
        </extensions>
      </trkpt>
      <trkpt lat="45.73300086893141269683837890625" lon="126.57734476961195468902587890625">
        <ele>128.399993896484375</ele>
        <time>2026-07-31T22:30:18.000Z</time>
        <extensions>
          <ns3:TrackPointExtension>
            <ns3:hr>170</ns3:hr>
            <ns3:cad>84</ns3:cad>
          </ns3:TrackPointExtension>
        </extensions>
      </trkpt>
      <trkpt lat="45.73302232660353183746337890625" lon="126.5773187018930912017822265625">
        <ele>128.600006103515625</ele>
        <time>2026-07-31T22:30:19.000Z</time>
        <extensions>
          <ns3:TrackPointExtension>
            <ns3:hr>170</ns3:hr>
            <ns3:cad>84</ns3:cad>
          </ns3:TrackPointExtension>
        </extensions>
      </trkpt>
      <trkpt lat="45.7330354861915111541748046875" lon="126.577297747135162353515625">
        <ele>128.600006103515625</ele>
        <time>2026-07-31T22:30:20.000Z</time>
        <extensions>
          <ns3:TrackPointExtension>
            <ns3:hr>170</ns3:hr>
            <ns3:cad>86</ns3:cad>
          </ns3:TrackPointExtension>
        </extensions>
      </trkpt>
      <trkpt lat="45.73305987752974033355712890625" lon="126.57725508324801921844482421875">
        <ele>128.600006103515625</ele>
        <time>2026-07-31T22:30:21.000Z</time>
        <extensions>
          <ns3:TrackPointExtension>
            <ns3:hr>169</ns3:hr>
            <ns3:cad>86</ns3:cad>
          </ns3:TrackPointExtension>
        </extensions>
      </trkpt>
      <trkpt lat="45.733071863651275634765625" lon="126.57723546959459781646728515625">
        <ele>128.600006103515625</ele>
        <time>2026-07-31T22:30:22.000Z</time>
        <extensions>
          <ns3:TrackPointExtension>
            <ns3:hr>169</ns3:hr>
            <ns3:cad>86</ns3:cad>
          </ns3:TrackPointExtension>
        </extensions>
      </trkpt>
      <trkpt lat="45.7330866158008575439453125" lon="126.5772003494203090667724609375">
        <ele>128.600006103515625</ele>
        <time>2026-07-31T22:30:23.000Z</time>
        <extensions>
          <ns3:TrackPointExtension>
            <ns3:hr>169</ns3:hr>
            <ns3:cad>86</ns3:cad>
          </ns3:TrackPointExtension>
        </extensions>
      </trkpt>
      <trkpt lat="45.73310413397848606109619140625" lon="126.57717109657824039459228515625">
        <ele>128.399993896484375</ele>
        <time>2026-07-31T22:30:24.000Z</time>
        <extensions>
          <ns3:TrackPointExtension>
            <ns3:hr>170</ns3:hr>
            <ns3:cad>85</ns3:cad>
          </ns3:TrackPointExtension>
        </extensions>
      </trkpt>
      <trkpt lat="45.73311905376613140106201171875" lon="126.57713857479393482208251953125">
        <ele>128.399993896484375</ele>
        <time>2026-07-31T22:30:25.000Z</time>
        <extensions>
          <ns3:TrackPointExtension>
            <ns3:hr>169</ns3:hr>
            <ns3:cad>85</ns3:cad>
          </ns3:TrackPointExtension>
        </extensions>
      </trkpt>
      <trkpt lat="45.73313799686729907989501953125" lon="126.5771074779331684112548828125">
        <ele>128.600006103515625</ele>
        <time>2026-07-31T22:30:26.000Z</time>
        <extensions>
          <ns3:TrackPointExtension>
            <ns3:hr>169</ns3:hr>
            <ns3:cad>85</ns3:cad>
          </ns3:TrackPointExtension>
        </extensions>
      </trkpt>
      <trkpt lat="45.73314604349434375762939453125" lon="126.5770830027759075164794921875">
        <ele>128.399993896484375</ele>
        <time>2026-07-31T22:30:27.000Z</time>
        <extensions>
          <ns3:TrackPointExtension>
            <ns3:hr>170</ns3:hr>
            <ns3:cad>85</ns3:cad>
          </ns3:TrackPointExtension>
        </extensions>
      </trkpt>
      <trkpt lat="45.7331618852913379669189453125" lon="126.5770496428012847900390625">
        <ele>128.399993896484375</ele>
        <time>2026-07-31T22:30:28.000Z</time>
        <extensions>
          <ns3:TrackPointExtension>
            <ns3:hr>170</ns3:hr>
            <ns3:cad>85</ns3:cad>
          </ns3:TrackPointExtension>
        </extensions>
      </trkpt>
      <trkpt lat="45.733169429004192352294921875" lon="126.57702080905437469482421875">
        <ele>128.399993896484375</ele>
        <time>2026-07-31T22:30:29.000Z</time>
        <extensions>
          <ns3:TrackPointExtension>
            <ns3:hr>170</ns3:hr>
            <ns3:cad>84</ns3:cad>
          </ns3:TrackPointExtension>
        </extensions>
      </trkpt>
      <trkpt lat="45.73318275623023509979248046875" lon="126.576986946165561676025390625">
        <ele>128.399993896484375</ele>
        <time>2026-07-31T22:30:30.000Z</time>
        <extensions>
          <ns3:TrackPointExtension>
            <ns3:hr>170</ns3:hr>
            <ns3:cad>84</ns3:cad>
          </ns3:TrackPointExtension>
        </extensions>
      </trkpt>
      <trkpt lat="45.7331991009414196014404296875" lon="126.5769664943218231201171875">
        <ele>128.399993896484375</ele>
        <time>2026-07-31T22:30:31.000Z</time>
        <extensions>
          <ns3:TrackPointExtension>
            <ns3:hr>169</ns3:hr>
            <ns3:cad>86</ns3:cad>
          </ns3:TrackPointExtension>
        </extensions>
      </trkpt>
      <trkpt lat="45.73321812786161899566650390625" lon="126.5769441984593868255615234375">
        <ele>128.600006103515625</ele>
        <time>2026-07-31T22:30:32.000Z</time>
        <extensions>
          <ns3:TrackPointExtension>
            <ns3:hr>170</ns3:hr>
            <ns3:cad>86</ns3:cad>
          </ns3:TrackPointExtension>
        </extensions>
      </trkpt>
      <trkpt lat="45.7332396693527698516845703125" lon="126.5769207291305065155029296875">
        <ele>128.600006103515625</ele>
        <time>2026-07-31T22:30:33.000Z</time>
        <extensions>
          <ns3:TrackPointExtension>
            <ns3:hr>170</ns3:hr>
            <ns3:cad>86</ns3:cad>
          </ns3:TrackPointExtension>
        </extensions>
      </trkpt>
      <trkpt lat="45.73325182311236858367919921875" lon="126.576894409954547882080078125">
        <ele>128.600006103515625</ele>
        <time>2026-07-31T22:30:34.000Z</time>
        <extensions>
          <ns3:TrackPointExtension>
            <ns3:hr>170</ns3:hr>
            <ns3:cad>86</ns3:cad>
          </ns3:TrackPointExtension>
        </extensions>
      </trkpt>
      <trkpt lat="45.733272694051265716552734375" lon="126.5768677555024623870849609375">
        <ele>128.600006103515625</ele>
        <time>2026-07-31T22:30:35.000Z</time>
        <extensions>
          <ns3:TrackPointExtension>
            <ns3:hr>170</ns3:hr>
            <ns3:cad>86</ns3:cad>
          </ns3:TrackPointExtension>
        </extensions>
      </trkpt>
      <trkpt lat="45.73328417725861072540283203125" lon="126.576846130192279815673828125">
        <ele>128.600006103515625</ele>
        <time>2026-07-31T22:30:36.000Z</time>
        <extensions>
          <ns3:TrackPointExtension>
            <ns3:hr>170</ns3:hr>
            <ns3:cad>86</ns3:cad>
          </ns3:TrackPointExtension>
        </extensions>
      </trkpt>
      <trkpt lat="45.733302198350429534912109375" lon="126.57681352458894252777099609375">
        <ele>128.600006103515625</ele>
        <time>2026-07-31T22:30:37.000Z</time>
        <extensions>
          <ns3:TrackPointExtension>
            <ns3:hr>170</ns3:hr>
            <ns3:cad>86</ns3:cad>
          </ns3:TrackPointExtension>
        </extensions>
      </trkpt>
      <trkpt lat="45.7333184592425823211669921875" lon="126.5767913125455379486083984375">
        <ele>128.600006103515625</ele>
        <time>2026-07-31T22:30:38.000Z</time>
        <extensions>
          <ns3:TrackPointExtension>
            <ns3:hr>170</ns3:hr>
            <ns3:cad>86</ns3:cad>
          </ns3:TrackPointExtension>
        </extensions>
      </trkpt>
      <trkpt lat="45.73333480395376682281494140625" lon="126.57676038332283496856689453125">
        <ele>128.600006103515625</ele>
        <time>2026-07-31T22:30:39.000Z</time>
        <extensions>
          <ns3:TrackPointExtension>
            <ns3:hr>171</ns3:hr>
            <ns3:cad>86</ns3:cad>
          </ns3:TrackPointExtension>
        </extensions>
      </trkpt>
      <trkpt lat="45.733353160321712493896484375" lon="126.5767343156039714813232421875">
        <ele>128.600006103515625</ele>
        <time>2026-07-31T22:30:40.000Z</time>
        <extensions>
          <ns3:TrackPointExtension>
            <ns3:hr>171</ns3:hr>
            <ns3:cad>85</ns3:cad>
          </ns3:TrackPointExtension>
        </extensions>
      </trkpt>
      <trkpt lat="45.73336916975677013397216796875" lon="126.57670891843736171722412109375">
        <ele>128.399993896484375</ele>
        <time>2026-07-31T22:30:41.000Z</time>
        <extensions>
          <ns3:TrackPointExtension>
            <ns3:hr>171</ns3:hr>
            <ns3:cad>86</ns3:cad>
          </ns3:TrackPointExtension>
        </extensions>
      </trkpt>
      <trkpt lat="45.73338844813406467437744140625" lon="126.57668226398527622222900390625">
        <ele>128.399993896484375</ele>
        <time>2026-07-31T22:30:42.000Z</time>
        <extensions>
          <ns3:TrackPointExtension>
            <ns3:hr>171</ns3:hr>
            <ns3:cad>86</ns3:cad>
          </ns3:TrackPointExtension>
        </extensions>
      </trkpt>
      <trkpt lat="45.73340454138815402984619140625" lon="126.57666273415088653564453125">
        <ele>128.600006103515625</ele>
        <time>2026-07-31T22:30:43.000Z</time>
        <extensions>
          <ns3:TrackPointExtension>
            <ns3:hr>170</ns3:hr>
            <ns3:cad>86</ns3:cad>
          </ns3:TrackPointExtension>
        </extensions>
      </trkpt>
      <trkpt lat="45.73342717252671718597412109375" lon="126.5766401030123233795166015625">
        <ele>128.600006103515625</ele>
        <time>2026-07-31T22:30:44.000Z</time>
        <extensions>
          <ns3:TrackPointExtension>
            <ns3:hr>170</ns3:hr>
            <ns3:cad>86</ns3:cad>
          </ns3:TrackPointExtension>
        </extensions>
      </trkpt>
      <trkpt lat="45.73343840427696704864501953125" lon="126.5766204893589019775390625">
        <ele>128.600006103515625</ele>
        <time>2026-07-31T22:30:45.000Z</time>
        <extensions>
          <ns3:TrackPointExtension>
            <ns3:hr>170</ns3:hr>
            <ns3:cad>86</ns3:cad>
          </ns3:TrackPointExtension>
        </extensions>
      </trkpt>
      <trkpt lat="45.7334592752158641815185546875" lon="126.57659073360264301300048828125">
        <ele>128.600006103515625</ele>
        <time>2026-07-31T22:30:46.000Z</time>
        <extensions>
          <ns3:TrackPointExtension>
            <ns3:hr>170</ns3:hr>
            <ns3:cad>87</ns3:cad>
          </ns3:TrackPointExtension>
        </extensions>
      </trkpt>
      <trkpt lat="45.7334767095744609832763671875" lon="126.57656759954988956451416015625">
        <ele>128.399993896484375</ele>
        <time>2026-07-31T22:30:47.000Z</time>
        <extensions>
          <ns3:TrackPointExtension>
            <ns3:hr>170</ns3:hr>
            <ns3:cad>87</ns3:cad>
          </ns3:TrackPointExtension>
        </extensions>
      </trkpt>
      <trkpt lat="45.73349573649466037750244140625" lon="126.5765425376594066619873046875">
        <ele>128.399993896484375</ele>
        <time>2026-07-31T22:30:48.000Z</time>
        <extensions>
          <ns3:TrackPointExtension>
            <ns3:hr>169</ns3:hr>
            <ns3:cad>87</ns3:cad>
          </ns3:TrackPointExtension>
        </extensions>
      </trkpt>
      <trkpt lat="45.733514763414859771728515625" lon="126.57652133144438266754150390625">
        <ele>128.399993896484375</ele>
        <time>2026-07-31T22:30:49.000Z</time>
        <extensions>
          <ns3:TrackPointExtension>
            <ns3:hr>169</ns3:hr>
            <ns3:cad>87</ns3:cad>
          </ns3:TrackPointExtension>
        </extensions>
      </trkpt>
      <trkpt lat="45.7335347123444080352783203125" lon="126.57649635337293148040771484375">
        <ele>128.399993896484375</ele>
        <time>2026-07-31T22:30:50.000Z</time>
        <extensions>
          <ns3:TrackPointExtension>
            <ns3:hr>169</ns3:hr>
            <ns3:cad>86</ns3:cad>
          </ns3:TrackPointExtension>
        </extensions>
      </trkpt>
      <trkpt lat="45.7335551641881465911865234375" lon="126.57646919600665569305419921875">
        <ele>128.399993896484375</ele>
        <time>2026-07-31T22:30:51.000Z</time>
        <extensions>
          <ns3:TrackPointExtension>
            <ns3:hr>169</ns3:hr>
            <ns3:cad>86</ns3:cad>
          </ns3:TrackPointExtension>
        </extensions>
      </trkpt>
      <trkpt lat="45.7335665635764598846435546875" lon="126.5764500014483928680419921875">
        <ele>128.399993896484375</ele>
        <time>2026-07-31T22:30:52.000Z</time>
        <extensions>
          <ns3:TrackPointExtension>
            <ns3:hr>168</ns3:hr>
            <ns3:cad>86</ns3:cad>
          </ns3:TrackPointExtension>
        </extensions>
      </trkpt>
      <trkpt lat="45.7335841655731201171875" lon="126.57642913050949573516845703125">
        <ele>128.399993896484375</ele>
        <time>2026-07-31T22:30:53.000Z</time>
        <extensions>
          <ns3:TrackPointExtension>
            <ns3:hr>168</ns3:hr>
            <ns3:cad>86</ns3:cad>
          </ns3:TrackPointExtension>
        </extensions>
      </trkpt>
      <trkpt lat="45.733595229685306549072265625" lon="126.576410941779613494873046875">
        <ele>128.399993896484375</ele>
        <time>2026-07-31T22:30:54.000Z</time>
        <extensions>
          <ns3:TrackPointExtension>
            <ns3:hr>169</ns3:hr>
            <ns3:cad>86</ns3:cad>
          </ns3:TrackPointExtension>
        </extensions>
      </trkpt>
      <trkpt lat="45.73361123912036418914794921875" lon="126.57638722099363803863525390625">
        <ele>128.399993896484375</ele>
        <time>2026-07-31T22:30:55.000Z</time>
        <extensions>
          <ns3:TrackPointExtension>
            <ns3:hr>169</ns3:hr>
            <ns3:cad>86</ns3:cad>
          </ns3:TrackPointExtension>
        </extensions>
      </trkpt>
      <trkpt lat="45.7336275838315486907958984375" lon="126.57636375166475772857666015625">
        <ele>128.399993896484375</ele>
        <time>2026-07-31T22:30:56.000Z</time>
        <extensions>
          <ns3:TrackPointExtension>
            <ns3:hr>169</ns3:hr>
            <ns3:cad>86</ns3:cad>
          </ns3:TrackPointExtension>
        </extensions>
      </trkpt>
      <trkpt lat="45.733641497790813446044921875" lon="126.57634212635457515716552734375">
        <ele>128.600006103515625</ele>
        <time>2026-07-31T22:30:57.000Z</time>
        <extensions>
          <ns3:TrackPointExtension>
            <ns3:hr>169</ns3:hr>
            <ns3:cad>86</ns3:cad>
          </ns3:TrackPointExtension>
        </extensions>
      </trkpt>
      <trkpt lat="45.7336658053100109100341796875" lon="126.57632469199597835540771484375">
        <ele>128.399993896484375</ele>
        <time>2026-07-31T22:30:58.000Z</time>
        <extensions>
          <ns3:TrackPointExtension>
            <ns3:hr>169</ns3:hr>
            <ns3:cad>85</ns3:cad>
          </ns3:TrackPointExtension>
        </extensions>
      </trkpt>
      <trkpt lat="45.73368097655475139617919921875" lon="126.57630734145641326904296875">
        <ele>128.399993896484375</ele>
        <time>2026-07-31T22:30:59.000Z</time>
        <extensions>
          <ns3:TrackPointExtension>
            <ns3:hr>169</ns3:hr>
            <ns3:cad>85</ns3:cad>
          </ns3:TrackPointExtension>
        </extensions>
      </trkpt>
      <trkpt lat="45.73370494879782199859619140625" lon="126.5762905776500701904296875">
        <ele>128.399993896484375</ele>
        <time>2026-07-31T22:31:00.000Z</time>
        <extensions>
          <ns3:TrackPointExtension>
            <ns3:hr>169</ns3:hr>
            <ns3:cad>85</ns3:cad>
          </ns3:TrackPointExtension>
        </extensions>
      </trkpt>
      <trkpt lat="45.73372137732803821563720703125" lon="126.57627792097628116607666015625">
        <ele>128.399993896484375</ele>
        <time>2026-07-31T22:31:01.000Z</time>
        <extensions>
          <ns3:TrackPointExtension>
            <ns3:hr>169</ns3:hr>
            <ns3:cad>85</ns3:cad>
          </ns3:TrackPointExtension>
        </extensions>
      </trkpt>
      <trkpt lat="45.733745098114013671875" lon="126.57625461928546428680419921875">
        <ele>128.399993896484375</ele>
        <time>2026-07-31T22:31:02.000Z</time>
        <extensions>
          <ns3:TrackPointExtension>
            <ns3:hr>168</ns3:hr>
            <ns3:cad>85</ns3:cad>
          </ns3:TrackPointExtension>
        </extensions>
      </trkpt>
      <trkpt lat="45.73376596905291080474853515625" lon="126.57624238170683383941650390625">
        <ele>128.1999969482421875</ele>
        <time>2026-07-31T22:31:03.000Z</time>
        <extensions>
          <ns3:TrackPointExtension>
            <ns3:hr>169</ns3:hr>
            <ns3:cad>85</ns3:cad>
          </ns3:TrackPointExtension>
        </extensions>
      </trkpt>
      <trkpt lat="45.73378608562052249908447265625" lon="126.57622343860566616058349609375">
        <ele>128.1999969482421875</ele>
        <time>2026-07-31T22:31:04.000Z</time>
        <extensions>
          <ns3:TrackPointExtension>
            <ns3:hr>169</ns3:hr>
            <ns3:cad>86</ns3:cad>
          </ns3:TrackPointExtension>
        </extensions>
      </trkpt>
      <trkpt lat="45.73381089605391025543212890625" lon="126.57620835117995738983154296875">
        <ele>128.1999969482421875</ele>
        <time>2026-07-31T22:31:05.000Z</time>
        <extensions>
          <ns3:TrackPointExtension>
            <ns3:hr>169</ns3:hr>
            <ns3:cad>86</ns3:cad>
          </ns3:TrackPointExtension>
        </extensions>
      </trkpt>
      <trkpt lat="45.73382799513638019561767578125" lon="126.576192677021026611328125">
        <ele>128.1999969482421875</ele>
        <time>2026-07-31T22:31:06.000Z</time>
        <extensions>
          <ns3:TrackPointExtension>
            <ns3:hr>169</ns3:hr>
            <ns3:cad>86</ns3:cad>
          </ns3:TrackPointExtension>
        </extensions>
      </trkpt>
      <trkpt lat="45.73385330848395824432373046875" lon="126.57618463039398193359375">
        <ele>128.1999969482421875</ele>
        <time>2026-07-31T22:31:07.000Z</time>
        <extensions>
          <ns3:TrackPointExtension>
            <ns3:hr>168</ns3:hr>
            <ns3:cad>86</ns3:cad>
          </ns3:TrackPointExtension>
        </extensions>
      </trkpt>
      <trkpt lat="45.73387225158512592315673828125" lon="126.5761727280914783477783203125">
        <ele>128.1999969482421875</ele>
        <time>2026-07-31T22:31:08.000Z</time>
        <extensions>
          <ns3:TrackPointExtension>
            <ns3:hr>169</ns3:hr>
            <ns3:cad>86</ns3:cad>
          </ns3:TrackPointExtension>
        </extensions>
      </trkpt>
      <trkpt lat="45.73389530181884765625" lon="126.576161496341228485107421875">
        <ele>128.1999969482421875</ele>
        <time>2026-07-31T22:31:09.000Z</time>
        <extensions>
          <ns3:TrackPointExtension>
            <ns3:hr>169</ns3:hr>
            <ns3:cad>86</ns3:cad>
          </ns3:TrackPointExtension>
        </extensions>
      </trkpt>
      <trkpt lat="45.73391583748161792755126953125" lon="126.57615177333354949951171875">
        <ele>128.1999969482421875</ele>
        <time>2026-07-31T22:31:10.000Z</time>
        <extensions>
          <ns3:TrackPointExtension>
            <ns3:hr>169</ns3:hr>
            <ns3:cad>86</ns3:cad>
          </ns3:TrackPointExtension>
        </extensions>
      </trkpt>
      <trkpt lat="45.7339360378682613372802734375" lon="126.57613702118396759033203125">
        <ele>128.1999969482421875</ele>
        <time>2026-07-31T22:31:11.000Z</time>
        <extensions>
          <ns3:TrackPointExtension>
            <ns3:hr>169</ns3:hr>
            <ns3:cad>85</ns3:cad>
          </ns3:TrackPointExtension>
        </extensions>
      </trkpt>
      <trkpt lat="45.73396227322518825531005859375" lon="126.57612671144306659698486328125">
        <ele>128.1999969482421875</ele>
        <time>2026-07-31T22:31:12.000Z</time>
        <extensions>
          <ns3:TrackPointExtension>
            <ns3:hr>169</ns3:hr>
            <ns3:cad>85</ns3:cad>
          </ns3:TrackPointExtension>
        </extensions>
      </trkpt>
      <trkpt lat="45.7339809648692607879638671875" lon="126.57611464150249958038330078125">
        <ele>128.1999969482421875</ele>
        <time>2026-07-31T22:31:13.000Z</time>
        <extensions>
          <ns3:TrackPointExtension>
            <ns3:hr>169</ns3:hr>
            <ns3:cad>86</ns3:cad>
          </ns3:TrackPointExtension>
        </extensions>
      </trkpt>
      <trkpt lat="45.73400753550231456756591796875" lon="126.5761036612093448638916015625">
        <ele>128.1999969482421875</ele>
        <time>2026-07-31T22:31:14.000Z</time>
        <extensions>
          <ns3:TrackPointExtension>
            <ns3:hr>169</ns3:hr>
            <ns3:cad>86</ns3:cad>
          </ns3:TrackPointExtension>
        </extensions>
      </trkpt>
      <trkpt lat="45.73402714915573596954345703125" lon="126.57609687186777591705322265625">
        <ele>128.1999969482421875</ele>
        <time>2026-07-31T22:31:15.000Z</time>
        <extensions>
          <ns3:TrackPointExtension>
            <ns3:hr>169</ns3:hr>
            <ns3:cad>86</ns3:cad>
          </ns3:TrackPointExtension>
        </extensions>
      </trkpt>
      <trkpt lat="45.73405732400715351104736328125" lon="126.5760979615151882171630859375">
        <ele>128.1999969482421875</ele>
        <time>2026-07-31T22:31:16.000Z</time>
        <extensions>
          <ns3:TrackPointExtension>
            <ns3:hr>169</ns3:hr>
            <ns3:cad>86</ns3:cad>
          </ns3:TrackPointExtension>
        </extensions>
      </trkpt>
      <trkpt lat="45.7340709865093231201171875" lon="126.57611598260700702667236328125">
        <ele>128.1999969482421875</ele>
        <time>2026-07-31T22:31:17.000Z</time>
        <extensions>
          <ns3:TrackPointExtension>
            <ns3:hr>170</ns3:hr>
            <ns3:cad>85</ns3:cad>
          </ns3:TrackPointExtension>
        </extensions>
      </trkpt>
      <trkpt lat="45.734080709517002105712890625" lon="126.57614666037261486053466796875">
        <ele>128.1999969482421875</ele>
        <time>2026-07-31T22:31:18.000Z</time>
        <extensions>
          <ns3:TrackPointExtension>
            <ns3:hr>171</ns3:hr>
            <ns3:cad>85</ns3:cad>
          </ns3:TrackPointExtension>
        </extensions>
      </trkpt>
      <trkpt lat="45.73409370146691799163818359375" lon="126.57617331482470035552978515625">
        <ele>128.1999969482421875</ele>
        <time>2026-07-31T22:31:19.000Z</time>
        <extensions>
          <ns3:TrackPointExtension>
            <ns3:hr>171</ns3:hr>
            <ns3:cad>85</ns3:cad>
          </ns3:TrackPointExtension>
        </extensions>
      </trkpt>
      <trkpt lat="45.73410895653069019317626953125" lon="126.5761858038604259490966796875">
        <ele>128.399993896484375</ele>
        <time>2026-07-31T22:31:20.000Z</time>
        <extensions>
          <ns3:TrackPointExtension>
            <ns3:hr>171</ns3:hr>
            <ns3:cad>86</ns3:cad>
          </ns3:TrackPointExtension>
        </extensions>
      </trkpt>
      <trkpt lat="45.734128318727016448974609375" lon="126.57619007863104343414306640625">
        <ele>128.399993896484375</ele>
        <time>2026-07-31T22:31:21.000Z</time>
        <extensions>
          <ns3:TrackPointExtension>
            <ns3:hr>172</ns3:hr>
            <ns3:cad>86</ns3:cad>
          </ns3:TrackPointExtension>
        </extensions>
      </trkpt>
      <trkpt lat="45.7341487705707550048828125" lon="126.57619041390717029571533203125">
        <ele>128.399993896484375</ele>
        <time>2026-07-31T22:31:22.000Z</time>
        <extensions>
          <ns3:TrackPointExtension>
            <ns3:hr>172</ns3:hr>
            <ns3:cad>86</ns3:cad>
          </ns3:TrackPointExtension>
        </extensions>
      </trkpt>
      <trkpt lat="45.73416897095739841461181640625" lon="126.576187647879123687744140625">
        <ele>128.399993896484375</ele>
        <time>2026-07-31T22:31:23.000Z</time>
        <extensions>
          <ns3:TrackPointExtension>
            <ns3:hr>172</ns3:hr>
            <ns3:cad>85</ns3:cad>
          </ns3:TrackPointExtension>
        </extensions>
      </trkpt>
      <trkpt lat="45.73419009335339069366455078125" lon="126.5761757455766201019287109375">
        <ele>128.399993896484375</ele>
        <time>2026-07-31T22:31:24.000Z</time>
        <extensions>
          <ns3:TrackPointExtension>
            <ns3:hr>172</ns3:hr>
            <ns3:cad>85</ns3:cad>
          </ns3:TrackPointExtension>
        </extensions>
      </trkpt>
      <trkpt lat="45.73420518077909946441650390625" lon="126.576157473027706146240234375">
        <ele>128.399993896484375</ele>
        <time>2026-07-31T22:31:25.000Z</time>
        <extensions>
          <ns3:TrackPointExtension>
            <ns3:hr>172</ns3:hr>
            <ns3:cad>85</ns3:cad>
          </ns3:TrackPointExtension>
        </extensions>
      </trkpt>
      <trkpt lat="45.734224878251552581787109375" lon="126.57614112831652164459228515625">
        <ele>128.399993896484375</ele>
        <time>2026-07-31T22:31:26.000Z</time>
        <extensions>
          <ns3:TrackPointExtension>
            <ns3:hr>173</ns3:hr>
            <ns3:cad>85</ns3:cad>
          </ns3:TrackPointExtension>
        </extensions>
      </trkpt>
      <trkpt lat="45.73424390517175197601318359375" lon="126.57612520270049571990966796875">
        <ele>128.399993896484375</ele>
        <time>2026-07-31T22:31:27.000Z</time>
        <extensions>
          <ns3:TrackPointExtension>
            <ns3:hr>173</ns3:hr>
            <ns3:cad>85</ns3:cad>
          </ns3:TrackPointExtension>
        </extensions>
      </trkpt>
      <trkpt lat="45.7342589087784290313720703125" lon="126.57611145637929439544677734375">
        <ele>128.600006103515625</ele>
        <time>2026-07-31T22:31:28.000Z</time>
        <extensions>
          <ns3:TrackPointExtension>
            <ns3:hr>173</ns3:hr>
            <ns3:cad>85</ns3:cad>
          </ns3:TrackPointExtension>
        </extensions>
      </trkpt>
      <trkpt lat="45.73427491821348667144775390625" lon="126.5761003084480762481689453125">
        <ele>128.600006103515625</ele>
        <time>2026-07-31T22:31:29.000Z</time>
        <extensions>
          <ns3:TrackPointExtension>
            <ns3:hr>173</ns3:hr>
            <ns3:cad>55</ns3:cad>
          </ns3:TrackPointExtension>
        </extensions>
      </trkpt>
      <trkpt lat="45.7342864014208316802978515625" lon="126.57608781941235065460205078125">
        <ele>128.8000030517578125</ele>
        <time>2026-07-31T22:31:30.000Z</time>
        <extensions>
          <ns3:TrackPointExtension>
            <ns3:hr>172</ns3:hr>
            <ns3:cad>55</ns3:cad>
          </ns3:TrackPointExtension>
        </extensions>
      </trkpt>
      <trkpt lat="45.73429922573268413543701171875" lon="126.57607591710984706878662109375">
        <ele>128.8000030517578125</ele>
        <time>2026-07-31T22:31:31.000Z</time>
        <extensions>
          <ns3:TrackPointExtension>
            <ns3:hr>173</ns3:hr>
            <ns3:cad>55</ns3:cad>
          </ns3:TrackPointExtension>
        </extensions>
      </trkpt>
      <trkpt lat="45.735434554517269134521484375" lon="126.57393517903983592987060546875">
        <ele>130.1999969482421875</ele>
        <time>2026-07-31T22:37:28.000Z</time>
        <extensions>
          <ns3:TrackPointExtension>
            <ns3:hr>133</ns3:hr>
            <ns3:cad>86</ns3:cad>
          </ns3:TrackPointExtension>
        </extensions>
      </trkpt>
      <trkpt lat="45.735425166785717010498046875" lon="126.5738982148468494415283203125">
        <ele>130</ele>
        <time>2026-07-31T22:37:29.000Z</time>
        <extensions>
          <ns3:TrackPointExtension>
            <ns3:hr>134</ns3:hr>
            <ns3:cad>86</ns3:cad>
          </ns3:TrackPointExtension>
        </extensions>
      </trkpt>
      <trkpt lat="45.73541770689189434051513671875" lon="126.573851443827152252197265625">
        <ele>129.8000030517578125</ele>
        <time>2026-07-31T22:37:30.000Z</time>
        <extensions>
          <ns3:TrackPointExtension>
            <ns3:hr>136</ns3:hr>
            <ns3:cad>86</ns3:cad>
          </ns3:TrackPointExtension>
        </extensions>
      </trkpt>
      <trkpt lat="45.73540915735065937042236328125" lon="126.573822610080242156982421875">
        <ele>129.8000030517578125</ele>
        <time>2026-07-31T22:37:31.000Z</time>
        <extensions>
          <ns3:TrackPointExtension>
            <ns3:hr>136</ns3:hr>
            <ns3:cad>87</ns3:cad>
          </ns3:TrackPointExtension>
        </extensions>
      </trkpt>
      <trkpt lat="45.7353991828858852386474609375" lon="126.5737869031727313995361328125">
        <ele>129.8000030517578125</ele>
        <time>2026-07-31T22:37:32.000Z</time>
        <extensions>
          <ns3:TrackPointExtension>
            <ns3:hr>136</ns3:hr>
            <ns3:cad>87</ns3:cad>
          </ns3:TrackPointExtension>
        </extensions>
      </trkpt>
      <trkpt lat="45.7353830896317958831787109375" lon="126.57375656068325042724609375">
        <ele>129.8000030517578125</ele>
        <time>2026-07-31T22:37:33.000Z</time>
        <extensions>
          <ns3:TrackPointExtension>
            <ns3:hr>137</ns3:hr>
            <ns3:cad>87</ns3:cad>
          </ns3:TrackPointExtension>
        </extensions>
      </trkpt>
      <trkpt lat="45.73537965305149555206298828125" lon="126.57372479327023029327392578125">
        <ele>129.600006103515625</ele>
        <time>2026-07-31T22:37:34.000Z</time>
        <extensions>
          <ns3:TrackPointExtension>
            <ns3:hr>136</ns3:hr>
            <ns3:cad>87</ns3:cad>
          </ns3:TrackPointExtension>
        </extensions>
      </trkpt>
      <trkpt lat="45.7353817485272884368896484375" lon="126.57369243912398815155029296875">
        <ele>129.600006103515625</ele>
        <time>2026-07-31T22:37:35.000Z</time>
        <extensions>
          <ns3:TrackPointExtension>
            <ns3:hr>136</ns3:hr>
            <ns3:cad>88</ns3:cad>
          </ns3:TrackPointExtension>
        </extensions>
      </trkpt>
      <trkpt lat="45.73537747375667095184326171875" lon="126.5736574865877628326416015625">
        <ele>129.600006103515625</ele>
        <time>2026-07-31T22:37:36.000Z</time>
        <extensions>
          <ns3:TrackPointExtension>
            <ns3:hr>136</ns3:hr>
            <ns3:cad>88</ns3:cad>
          </ns3:TrackPointExtension>
        </extensions>
      </trkpt>
      <trkpt lat="45.73537881486117839813232421875" lon="126.573616079986095428466796875">
        <ele>129.399993896484375</ele>
        <time>2026-07-31T22:37:37.000Z</time>
        <extensions>
          <ns3:TrackPointExtension>
            <ns3:hr>137</ns3:hr>
            <ns3:cad>88</ns3:cad>
          </ns3:TrackPointExtension>
        </extensions>
      </trkpt>
      <trkpt lat="45.73537613265216350555419921875" lon="126.573585234582424163818359375">
        <ele>129.399993896484375</ele>
        <time>2026-07-31T22:37:38.000Z</time>
        <extensions>
          <ns3:TrackPointExtension>
            <ns3:hr>138</ns3:hr>
            <ns3:cad>88</ns3:cad>
          </ns3:TrackPointExtension>
        </extensions>
      </trkpt>
      <trkpt lat="45.735370181500911712646484375" lon="126.57356587238609790802001953125">
        <ele>129.399993896484375</ele>
        <time>2026-07-31T22:37:39.000Z</time>
        <extensions>
          <ns3:TrackPointExtension>
            <ns3:hr>138</ns3:hr>
            <ns3:cad>87</ns3:cad>
          </ns3:TrackPointExtension>
        </extensions>
      </trkpt>
      <trkpt lat="45.73536003939807415008544921875" lon="126.57355229370296001434326171875">
        <ele>129.399993896484375</ele>
        <time>2026-07-31T22:37:40.000Z</time>
        <extensions>
          <ns3:TrackPointExtension>
            <ns3:hr>139</ns3:hr>
            <ns3:cad>86</ns3:cad>
          </ns3:TrackPointExtension>
        </extensions>
      </trkpt>
      <trkpt lat="45.73534981347620487213134765625" lon="126.57355078496038913726806640625">
        <ele>129.600006103515625</ele>
        <time>2026-07-31T22:37:41.000Z</time>
        <extensions>
          <ns3:TrackPointExtension>
            <ns3:hr>140</ns3:hr>
            <ns3:cad>86</ns3:cad>
          </ns3:TrackPointExtension>
        </extensions>
      </trkpt>
      <trkpt lat="45.73534176684916019439697265625" lon="126.57354868948459625244140625">
        <ele>129.600006103515625</ele>
        <time>2026-07-31T22:37:42.000Z</time>
        <extensions>
          <ns3:TrackPointExtension>
            <ns3:hr>140</ns3:hr>
            <ns3:cad>86</ns3:cad>
          </ns3:TrackPointExtension>
        </extensions>
      </trkpt>
      <trkpt lat="45.735332630574703216552734375" lon="126.5735413134098052978515625">
        <ele>129.8000030517578125</ele>
        <time>2026-07-31T22:37:43.000Z</time>
        <extensions>
          <ns3:TrackPointExtension>
            <ns3:hr>141</ns3:hr>
            <ns3:cad>86</ns3:cad>
          </ns3:TrackPointExtension>
        </extensions>
      </trkpt>
      <trkpt lat="45.735320560634136199951171875" lon="126.57353502698242664337158203125">
        <ele>129.8000030517578125</ele>
        <time>2026-07-31T22:37:44.000Z</time>
        <extensions>
          <ns3:TrackPointExtension>
            <ns3:hr>141</ns3:hr>
            <ns3:cad>86</ns3:cad>
          </ns3:TrackPointExtension>
        </extensions>
      </trkpt>
      <trkpt lat="45.73530907742679119110107421875" lon="126.5735304169356822967529296875">
        <ele>129.8000030517578125</ele>
        <time>2026-07-31T22:37:45.000Z</time>
        <extensions>
          <ns3:TrackPointExtension>
            <ns3:hr>142</ns3:hr>
            <ns3:cad>59</ns3:cad>
          </ns3:TrackPointExtension>
        </extensions>
      </trkpt>
      <trkpt lat="45.73529876768589019775390625" lon="126.573525555431842803955078125">
        <ele>129.8000030517578125</ele>
        <time>2026-07-31T22:37:46.000Z</time>
        <extensions>
          <ns3:TrackPointExtension>
            <ns3:hr>142</ns3:hr>
            <ns3:cad>58</ns3:cad>
          </ns3:TrackPointExtension>
        </extensions>
      </trkpt>
      <trkpt lat="45.73528510518372058868408203125" lon="126.573522873222827911376953125">
        <ele>129.600006103515625</ele>
        <time>2026-07-31T22:37:47.000Z</time>
        <extensions>
          <ns3:TrackPointExtension>
            <ns3:hr>142</ns3:hr>
            <ns3:cad>58</ns3:cad>
          </ns3:TrackPointExtension>
        </extensions>
      </trkpt>
      <trkpt lat="45.7352747954428195953369140625" lon="126.573517508804798126220703125">
        <ele>129.600006103515625</ele>
        <time>2026-07-31T22:37:48.000Z</time>
        <extensions>
          <ns3:TrackPointExtension>
            <ns3:hr>143</ns3:hr>
            <ns3:cad>57</ns3:cad>
          </ns3:TrackPointExtension>
        </extensions>
      </trkpt>
      <trkpt lat="45.7352654077112674713134765625" lon="126.57350719906389713287353515625">
        <ele>129.8000030517578125</ele>
        <time>2026-07-31T22:37:49.000Z</time>
        <extensions>
          <ns3:TrackPointExtension>
            <ns3:hr>143</ns3:hr>
            <ns3:cad>57</ns3:cad>
          </ns3:TrackPointExtension>
        </extensions>
      </trkpt>
      <trkpt lat="45.735252834856510162353515625" lon="126.573505103588104248046875">
        <ele>129.8000030517578125</ele>
        <time>2026-07-31T22:37:50.000Z</time>
        <extensions>
          <ns3:TrackPointExtension>
            <ns3:hr>143</ns3:hr>
            <ns3:cad>57</ns3:cad>
          </ns3:TrackPointExtension>
        </extensions>
      </trkpt>
      <trkpt lat="45.73523967526853084564208984375" lon="126.5735015831887722015380859375">
        <ele>129.8000030517578125</ele>
        <time>2026-07-31T22:37:51.000Z</time>
        <extensions>
          <ns3:TrackPointExtension>
            <ns3:hr>143</ns3:hr>
            <ns3:cad>57</ns3:cad>
          </ns3:TrackPointExtension>
        </extensions>
      </trkpt>
      <trkpt lat="45.735225677490234375" lon="126.573498733341693878173828125">
        <ele>130</ele>
        <time>2026-07-31T22:37:52.000Z</time>
        <extensions>
          <ns3:TrackPointExtension>
            <ns3:hr>142</ns3:hr>
            <ns3:cad>57</ns3:cad>
          </ns3:TrackPointExtension>
        </extensions>
      </trkpt>
      <trkpt lat="45.73521302081644535064697265625" lon="126.57349529676139354705810546875">
        <ele>130</ele>
        <time>2026-07-31T22:37:53.000Z</time>
        <extensions>
          <ns3:TrackPointExtension>
            <ns3:hr>142</ns3:hr>
            <ns3:cad>58</ns3:cad>
          </ns3:TrackPointExtension>
        </extensions>
      </trkpt>
      <trkpt lat="45.73519818484783172607421875" lon="126.5734948776662349700927734375">
        <ele>129.8000030517578125</ele>
        <time>2026-07-31T22:37:54.000Z</time>
        <extensions>
          <ns3:TrackPointExtension>
            <ns3:hr>143</ns3:hr>
            <ns3:cad>58</ns3:cad>
          </ns3:TrackPointExtension>
        </extensions>
      </trkpt>
      <trkpt lat="45.735184438526630401611328125" lon="126.57349060289561748504638671875">
        <ele>129.8000030517578125</ele>
        <time>2026-07-31T22:37:55.000Z</time>
        <extensions>
          <ns3:TrackPointExtension>
            <ns3:hr>144</ns3:hr>
            <ns3:cad>58</ns3:cad>
          </ns3:TrackPointExtension>
        </extensions>
      </trkpt>
      <trkpt lat="45.73517044074833393096923828125" lon="126.5734844841063022613525390625">
        <ele>129.8000030517578125</ele>
        <time>2026-07-31T22:37:56.000Z</time>
        <extensions>
          <ns3:TrackPointExtension>
            <ns3:hr>147</ns3:hr>
            <ns3:cad>58</ns3:cad>
          </ns3:TrackPointExtension>
        </extensions>
      </trkpt>
      <trkpt lat="45.7351581193506717681884765625" lon="126.5734742581844329833984375">
        <ele>129.600006103515625</ele>
        <time>2026-07-31T22:37:57.000Z</time>
        <extensions>
          <ns3:TrackPointExtension>
            <ns3:hr>148</ns3:hr>
            <ns3:cad>58</ns3:cad>
          </ns3:TrackPointExtension>
        </extensions>
      </trkpt>
      <trkpt lat="45.7351463846862316131591796875" lon="126.57346026040613651275634765625">
        <ele>129.600006103515625</ele>
        <time>2026-07-31T22:37:58.000Z</time>
        <extensions>
          <ns3:TrackPointExtension>
            <ns3:hr>149</ns3:hr>
            <ns3:cad>58</ns3:cad>
          </ns3:TrackPointExtension>
        </extensions>
      </trkpt>
      <trkpt lat="45.7351380027830600738525390625" lon="126.57344081439077854156494140625">
        <ele>129.600006103515625</ele>
        <time>2026-07-31T22:37:59.000Z</time>
        <extensions>
          <ns3:TrackPointExtension>
            <ns3:hr>149</ns3:hr>
            <ns3:cad>58</ns3:cad>
          </ns3:TrackPointExtension>
        </extensions>
      </trkpt>
      <trkpt lat="45.7351373322308063507080078125" lon="126.5734060294926166534423828125">
        <ele>129.600006103515625</ele>
        <time>2026-07-31T22:38:00.000Z</time>
        <extensions>
          <ns3:TrackPointExtension>
            <ns3:hr>151</ns3:hr>
            <ns3:cad>58</ns3:cad>
          </ns3:TrackPointExtension>
        </extensions>
      </trkpt>
      <trkpt lat="45.73513858951628208160400390625" lon="126.57337090931832790374755859375">
        <ele>129.8000030517578125</ele>
        <time>2026-07-31T22:38:01.000Z</time>
        <extensions>
          <ns3:TrackPointExtension>
            <ns3:hr>153</ns3:hr>
            <ns3:cad>58</ns3:cad>
          </ns3:TrackPointExtension>
        </extensions>
      </trkpt>
      <trkpt lat="45.7351430319249629974365234375" lon="126.57332472503185272216796875">
        <ele>129.8000030517578125</ele>
        <time>2026-07-31T22:38:02.000Z</time>
        <extensions>
          <ns3:TrackPointExtension>
            <ns3:hr>154</ns3:hr>
            <ns3:cad>58</ns3:cad>
          </ns3:TrackPointExtension>
        </extensions>
      </trkpt>
      <trkpt lat="45.7351487316191196441650390625" lon="126.57328457571566104888916015625">
        <ele>129.8000030517578125</ele>
        <time>2026-07-31T22:38:03.000Z</time>
        <extensions>
          <ns3:TrackPointExtension>
            <ns3:hr>154</ns3:hr>
            <ns3:cad>0</ns3:cad>
          </ns3:TrackPointExtension>
        </extensions>
      </trkpt>
      <trkpt lat="45.7351514138281345367431640625" lon="126.5732484497129917144775390625">
        <ele>130</ele>
        <time>2026-07-31T22:38:04.000Z</time>
        <extensions>
          <ns3:TrackPointExtension>
            <ns3:hr>154</ns3:hr>
            <ns3:cad>0</ns3:cad>
          </ns3:TrackPointExtension>
        </extensions>
      </trkpt>
      <trkpt lat="45.735150910913944244384765625" lon="126.57321886159479618072509765625">
        <ele>129.8000030517578125</ele>
        <time>2026-07-31T22:38:05.000Z</time>
        <extensions>
          <ns3:TrackPointExtension>
            <ns3:hr>153</ns3:hr>
            <ns3:cad>0</ns3:cad>
          </ns3:TrackPointExtension>
        </extensions>
      </trkpt>
      <trkpt lat="45.73514495976269245147705078125" lon="126.573215425014495849609375">
        <ele>129.8000030517578125</ele>
        <time>2026-07-31T22:38:06.000Z</time>
        <extensions>
          <ns3:TrackPointExtension>
            <ns3:hr>153</ns3:hr>
            <ns3:cad>86</ns3:cad>
          </ns3:TrackPointExtension>
        </extensions>
      </trkpt>
      <trkpt lat="45.7351333089172840118408203125" lon="126.57321416772902011871337890625">
        <ele>129.600006103515625</ele>
        <time>2026-07-31T22:38:07.000Z</time>
        <extensions>
          <ns3:TrackPointExtension>
            <ns3:hr>154</ns3:hr>
            <ns3:cad>86</ns3:cad>
          </ns3:TrackPointExtension>
        </extensions>
      </trkpt>
      <trkpt lat="45.735099948942661285400390625" lon="126.57322640530765056610107421875">
        <ele>129.600006103515625</ele>
        <time>2026-07-31T22:38:08.000Z</time>
        <extensions>
          <ns3:TrackPointExtension>
            <ns3:hr>156</ns3:hr>
            <ns3:cad>86</ns3:cad>
          </ns3:TrackPointExtension>
        </extensions>
      </trkpt>
      <trkpt lat="45.7350759766995906829833984375" lon="126.57322707585990428924560546875">
        <ele>129.600006103515625</ele>
        <time>2026-07-31T22:38:09.000Z</time>
        <extensions>
          <ns3:TrackPointExtension>
            <ns3:hr>156</ns3:hr>
            <ns3:cad>86</ns3:cad>
          </ns3:TrackPointExtension>
        </extensions>
      </trkpt>
      <trkpt lat="45.73505862616002559661865234375" lon="126.5732306800782680511474609375">
        <ele>129.600006103515625</ele>
        <time>2026-07-31T22:38:10.000Z</time>
        <extensions>
          <ns3:TrackPointExtension>
            <ns3:hr>157</ns3:hr>
            <ns3:cad>86</ns3:cad>
          </ns3:TrackPointExtension>
        </extensions>
      </trkpt>
      <trkpt lat="45.7350344024598598480224609375" lon="126.5732400678098201751708984375">
        <ele>129.8000030517578125</ele>
        <time>2026-07-31T22:38:11.000Z</time>
        <extensions>
          <ns3:TrackPointExtension>
            <ns3:hr>157</ns3:hr>
            <ns3:cad>86</ns3:cad>
          </ns3:TrackPointExtension>
        </extensions>
      </trkpt>
      <trkpt lat="45.73501302860677242279052734375" lon="126.57324467785656452178955078125">
        <ele>129.8000030517578125</ele>
        <time>2026-07-31T22:38:12.000Z</time>
        <extensions>
          <ns3:TrackPointExtension>
            <ns3:hr>157</ns3:hr>
            <ns3:cad>86</ns3:cad>
          </ns3:TrackPointExtension>
        </extensions>
      </trkpt>
      <trkpt lat="45.73498201556503772735595703125" lon="126.57325171865522861480712890625">
        <ele>130</ele>
        <time>2026-07-31T22:38:13.000Z</time>
        <extensions>
          <ns3:TrackPointExtension>
            <ns3:hr>158</ns3:hr>
            <ns3:cad>87</ns3:cad>
          </ns3:TrackPointExtension>
        </extensions>
      </trkpt>
      <trkpt lat="45.73495318181812763214111328125" lon="126.5732558257877826690673828125">
        <ele>130</ele>
        <time>2026-07-31T22:38:14.000Z</time>
        <extensions>
          <ns3:TrackPointExtension>
            <ns3:hr>156</ns3:hr>
            <ns3:cad>87</ns3:cad>
          </ns3:TrackPointExtension>
        </extensions>
      </trkpt>
      <trkpt lat="45.73492485098540782928466796875" lon="126.57326169312000274658203125">
        <ele>130</ele>
        <time>2026-07-31T22:38:15.000Z</time>
        <extensions>
          <ns3:TrackPointExtension>
            <ns3:hr>155</ns3:hr>
            <ns3:cad>87</ns3:cad>
          </ns3:TrackPointExtension>
        </extensions>
      </trkpt>
      <trkpt lat="45.73489375412464141845703125" lon="126.5732558257877826690673828125">
        <ele>130</ele>
        <time>2026-07-31T22:38:16.000Z</time>
        <extensions>
          <ns3:TrackPointExtension>
            <ns3:hr>156</ns3:hr>
            <ns3:cad>87</ns3:cad>
          </ns3:TrackPointExtension>
        </extensions>
      </trkpt>
      <trkpt lat="45.73487070389091968536376953125" lon="126.57323914580047130584716796875">
        <ele>129.8000030517578125</ele>
        <time>2026-07-31T22:38:17.000Z</time>
        <extensions>
          <ns3:TrackPointExtension>
            <ns3:hr>156</ns3:hr>
            <ns3:cad>87</ns3:cad>
          </ns3:TrackPointExtension>
        </extensions>
      </trkpt>
      <trkpt lat="45.734869949519634246826171875" lon="126.57320201396942138671875">
        <ele>129.8000030517578125</ele>
        <time>2026-07-31T22:38:18.000Z</time>
        <extensions>
          <ns3:TrackPointExtension>
            <ns3:hr>156</ns3:hr>
            <ns3:cad>87</ns3:cad>
          </ns3:TrackPointExtension>
        </extensions>
      </trkpt>
      <trkpt lat="45.73487363755702972412109375" lon="126.573166809976100921630859375">
        <ele>129.600006103515625</ele>
        <time>2026-07-31T22:38:19.000Z</time>
        <extensions>
          <ns3:TrackPointExtension>
            <ns3:hr>157</ns3:hr>
            <ns3:cad>88</ns3:cad>
          </ns3:TrackPointExtension>
        </extensions>
      </trkpt>
      <trkpt lat="45.7348805107176303863525390625" lon="126.57312490046024322509765625">
        <ele>129.600006103515625</ele>
        <time>2026-07-31T22:38:20.000Z</time>
        <extensions>
          <ns3:TrackPointExtension>
            <ns3:hr>158</ns3:hr>
            <ns3:cad>88</ns3:cad>
          </ns3:TrackPointExtension>
        </extensions>
      </trkpt>
      <trkpt lat="45.7348835282027721405029296875" lon="126.57308894209563732147216796875">
        <ele>129.399993896484375</ele>
        <time>2026-07-31T22:38:21.000Z</time>
        <extensions>
          <ns3:TrackPointExtension>
            <ns3:hr>159</ns3:hr>
            <ns3:cad>88</ns3:cad>
          </ns3:TrackPointExtension>
        </extensions>
      </trkpt>
      <trkpt lat="45.7348945923149585723876953125" lon="126.5730451047420501708984375">
        <ele>129.399993896484375</ele>
        <time>2026-07-31T22:38:22.000Z</time>
        <extensions>
          <ns3:TrackPointExtension>
            <ns3:hr>159</ns3:hr>
            <ns3:cad>88</ns3:cad>
          </ns3:TrackPointExtension>
        </extensions>
      </trkpt>
      <trkpt lat="45.73490439914166927337646484375" lon="126.57300730235874652862548828125">
        <ele>129.399993896484375</ele>
        <time>2026-07-31T22:38:23.000Z</time>
        <extensions>
          <ns3:TrackPointExtension>
            <ns3:hr>159</ns3:hr>
            <ns3:cad>88</ns3:cad>
          </ns3:TrackPointExtension>
        </extensions>
      </trkpt>
      <trkpt lat="45.73491529561579227447509765625" lon="126.57297243364155292510986328125">
        <ele>129.399993896484375</ele>
        <time>2026-07-31T22:38:24.000Z</time>
        <extensions>
          <ns3:TrackPointExtension>
            <ns3:hr>160</ns3:hr>
            <ns3:cad>88</ns3:cad>
          </ns3:TrackPointExtension>
        </extensions>
      </trkpt>
      <trkpt lat="45.734925605356693267822265625" lon="126.57294192351400852203369140625">
        <ele>129.399993896484375</ele>
        <time>2026-07-31T22:38:25.000Z</time>
        <extensions>
          <ns3:TrackPointExtension>
            <ns3:hr>159</ns3:hr>
            <ns3:cad>88</ns3:cad>
          </ns3:TrackPointExtension>
        </extensions>
      </trkpt>
      <trkpt lat="45.73493960313498973846435546875" lon="126.5729051269590854644775390625">
        <ele>129.399993896484375</ele>
        <time>2026-07-31T22:38:26.000Z</time>
        <extensions>
          <ns3:TrackPointExtension>
            <ns3:hr>160</ns3:hr>
            <ns3:cad>88</ns3:cad>
          </ns3:TrackPointExtension>
        </extensions>
      </trkpt>
      <trkpt lat="45.734945051372051239013671875" lon="126.57287637703120708465576171875">
        <ele>129.399993896484375</ele>
        <time>2026-07-31T22:38:27.000Z</time>
        <extensions>
          <ns3:TrackPointExtension>
            <ns3:hr>161</ns3:hr>
            <ns3:cad>88</ns3:cad>
          </ns3:TrackPointExtension>
        </extensions>
      </trkpt>
      <trkpt lat="45.73494798503816127777099609375" lon="126.57282994128763675689697265625">
        <ele>129.399993896484375</ele>
        <time>2026-07-31T22:38:28.000Z</time>
        <extensions>
          <ns3:TrackPointExtension>
            <ns3:hr>161</ns3:hr>
            <ns3:cad>88</ns3:cad>
          </ns3:TrackPointExtension>
        </extensions>
      </trkpt>
      <trkpt lat="45.73494094423949718475341796875" lon="126.5727981738746166229248046875">
        <ele>129.399993896484375</ele>
        <time>2026-07-31T22:38:29.000Z</time>
        <extensions>
          <ns3:TrackPointExtension>
            <ns3:hr>162</ns3:hr>
            <ns3:cad>88</ns3:cad>
          </ns3:TrackPointExtension>
        </extensions>
      </trkpt>
      <trkpt lat="45.73493256233632564544677734375" lon="126.5727525763213634490966796875">
        <ele>129.399993896484375</ele>
        <time>2026-07-31T22:38:30.000Z</time>
        <extensions>
          <ns3:TrackPointExtension>
            <ns3:hr>163</ns3:hr>
            <ns3:cad>88</ns3:cad>
          </ns3:TrackPointExtension>
        </extensions>
      </trkpt>
      <trkpt lat="45.73491864837706089019775390625" lon="126.57272248528897762298583984375">
        <ele>129.399993896484375</ele>
        <time>2026-07-31T22:38:31.000Z</time>
        <extensions>
          <ns3:TrackPointExtension>
            <ns3:hr>163</ns3:hr>
            <ns3:cad>89</ns3:cad>
          </ns3:TrackPointExtension>
        </extensions>
      </trkpt>
      <trkpt lat="45.7349069975316524505615234375" lon="126.57268057577311992645263671875">
        <ele>129.399993896484375</ele>
        <time>2026-07-31T22:38:32.000Z</time>
        <extensions>
          <ns3:TrackPointExtension>
            <ns3:hr>164</ns3:hr>
            <ns3:cad>89</ns3:cad>
          </ns3:TrackPointExtension>
        </extensions>
      </trkpt>
      <trkpt lat="45.73489467613399028778076171875" lon="126.57265551388263702392578125">
        <ele>129.600006103515625</ele>
        <time>2026-07-31T22:38:33.000Z</time>
        <extensions>
          <ns3:TrackPointExtension>
            <ns3:hr>164</ns3:hr>
            <ns3:cad>89</ns3:cad>
          </ns3:TrackPointExtension>
        </extensions>
      </trkpt>
      <trkpt lat="45.73487791232764720916748046875" lon="126.572614274919033050537109375">
        <ele>129.600006103515625</ele>
        <time>2026-07-31T22:38:34.000Z</time>
        <extensions>
          <ns3:TrackPointExtension>
            <ns3:hr>165</ns3:hr>
            <ns3:cad>89</ns3:cad>
          </ns3:TrackPointExtension>
        </extensions>
      </trkpt>
      <trkpt lat="45.73486215434968471527099609375" lon="126.57258653081953525543212890625">
        <ele>129.600006103515625</ele>
        <time>2026-07-31T22:38:35.000Z</time>
        <extensions>
          <ns3:TrackPointExtension>
            <ns3:hr>166</ns3:hr>
            <ns3:cad>90</ns3:cad>
          </ns3:TrackPointExtension>
        </extensions>
      </trkpt>
      <trkpt lat="45.734845139086246490478515625" lon="126.57254822552204132080078125">
        <ele>129.8000030517578125</ele>
        <time>2026-07-31T22:38:36.000Z</time>
        <extensions>
          <ns3:TrackPointExtension>
            <ns3:hr>166</ns3:hr>
            <ns3:cad>90</ns3:cad>
          </ns3:TrackPointExtension>
        </extensions>
      </trkpt>
      <trkpt lat="45.73482745327055454254150390625" lon="126.572525091469287872314453125">
        <ele>129.8000030517578125</ele>
        <time>2026-07-31T22:38:37.000Z</time>
        <extensions>
          <ns3:TrackPointExtension>
            <ns3:hr>167</ns3:hr>
            <ns3:cad>89</ns3:cad>
          </ns3:TrackPointExtension>
        </extensions>
      </trkpt>
      <trkpt lat="45.73481437750160694122314453125" lon="126.5724947489798069000244140625">
        <ele>129.600006103515625</ele>
        <time>2026-07-31T22:38:38.000Z</time>
        <extensions>
          <ns3:TrackPointExtension>
            <ns3:hr>167</ns3:hr>
            <ns3:cad>89</ns3:cad>
          </ns3:TrackPointExtension>
        </extensions>
      </trkpt>
      <trkpt lat="45.7348010502755641937255859375" lon="126.57246147282421588897705078125">
        <ele>129.600006103515625</ele>
        <time>2026-07-31T22:38:39.000Z</time>
        <extensions>
          <ns3:TrackPointExtension>
            <ns3:hr>168</ns3:hr>
            <ns3:cad>88</ns3:cad>
          </ns3:TrackPointExtension>
        </extensions>
      </trkpt>
      <trkpt lat="45.73478520847856998443603515625" lon="126.57243154942989349365234375">
        <ele>129.399993896484375</ele>
        <time>2026-07-31T22:38:40.000Z</time>
        <extensions>
          <ns3:TrackPointExtension>
            <ns3:hr>168</ns3:hr>
            <ns3:cad>88</ns3:cad>
          </ns3:TrackPointExtension>
        </extensions>
      </trkpt>
      <trkpt lat="45.73476903140544891357421875" lon="126.5723958425223827362060546875">
        <ele>129.1999969482421875</ele>
        <time>2026-07-31T22:38:41.000Z</time>
        <extensions>
          <ns3:TrackPointExtension>
            <ns3:hr>169</ns3:hr>
            <ns3:cad>88</ns3:cad>
          </ns3:TrackPointExtension>
        </extensions>
      </trkpt>
      <trkpt lat="45.73475855402648448944091796875" lon="126.57236181199550628662109375">
        <ele>129.1999969482421875</ele>
        <time>2026-07-31T22:38:42.000Z</time>
        <extensions>
          <ns3:TrackPointExtension>
            <ns3:hr>170</ns3:hr>
            <ns3:cad>89</ns3:cad>
          </ns3:TrackPointExtension>
        </extensions>
      </trkpt>
      <trkpt lat="45.73475888930261135101318359375" lon="126.572320573031902313232421875">
        <ele>129</ele>
        <time>2026-07-31T22:38:43.000Z</time>
        <extensions>
          <ns3:TrackPointExtension>
            <ns3:hr>170</ns3:hr>
            <ns3:cad>89</ns3:cad>
          </ns3:TrackPointExtension>
        </extensions>
      </trkpt>
      <trkpt lat="45.7347603142261505126953125" lon="126.57228260301053524017333984375">
        <ele>129</ele>
        <time>2026-07-31T22:38:44.000Z</time>
        <extensions>
          <ns3:TrackPointExtension>
            <ns3:hr>171</ns3:hr>
            <ns3:cad>89</ns3:cad>
          </ns3:TrackPointExtension>
        </extensions>
      </trkpt>
      <trkpt lat="45.73477313853800296783447265625" lon="126.57223985530436038970947265625">
        <ele>128.8000030517578125</ele>
        <time>2026-07-31T22:38:45.000Z</time>
        <extensions>
          <ns3:TrackPointExtension>
            <ns3:hr>171</ns3:hr>
            <ns3:cad>89</ns3:cad>
          </ns3:TrackPointExtension>
        </extensions>
      </trkpt>
      <trkpt lat="45.7347832806408405303955078125" lon="126.5722050704061985015869140625">
        <ele>128.8000030517578125</ele>
        <time>2026-07-31T22:38:46.000Z</time>
        <extensions>
          <ns3:TrackPointExtension>
            <ns3:hr>172</ns3:hr>
            <ns3:cad>88</ns3:cad>
          </ns3:TrackPointExtension>
        </extensions>
      </trkpt>
      <trkpt lat="45.73480012826621532440185546875" lon="126.572177745401859283447265625">
        <ele>128.600006103515625</ele>
        <time>2026-07-31T22:38:47.000Z</time>
        <extensions>
          <ns3:TrackPointExtension>
            <ns3:hr>172</ns3:hr>
            <ns3:cad>88</ns3:cad>
          </ns3:TrackPointExtension>
        </extensions>
      </trkpt>
      <trkpt lat="45.7348278723657131195068359375" lon="126.57215922139585018157958984375">
        <ele>128.399993896484375</ele>
        <time>2026-07-31T22:38:48.000Z</time>
        <extensions>
          <ns3:TrackPointExtension>
            <ns3:hr>173</ns3:hr>
            <ns3:cad>88</ns3:cad>
          </ns3:TrackPointExtension>
        </extensions>
      </trkpt>
      <trkpt lat="45.73485746048390865325927734375" lon="126.57214882783591747283935546875">
        <ele>128.399993896484375</ele>
        <time>2026-07-31T22:38:49.000Z</time>
        <extensions>
          <ns3:TrackPointExtension>
            <ns3:hr>173</ns3:hr>
            <ns3:cad>89</ns3:cad>
          </ns3:TrackPointExtension>
        </extensions>
      </trkpt>
      <trkpt lat="45.73487623594701290130615234375" lon="126.5721373446285724639892578125">
        <ele>128.399993896484375</ele>
        <time>2026-07-31T22:38:50.000Z</time>
        <extensions>
          <ns3:TrackPointExtension>
            <ns3:hr>174</ns3:hr>
            <ns3:cad>89</ns3:cad>
          </ns3:TrackPointExtension>
        </extensions>
      </trkpt>
      <trkpt lat="45.73489970527589321136474609375" lon="126.57212753780186176300048828125">
        <ele>128.399993896484375</ele>
        <time>2026-07-31T22:38:51.000Z</time>
        <extensions>
          <ns3:TrackPointExtension>
            <ns3:hr>174</ns3:hr>
            <ns3:cad>89</ns3:cad>
          </ns3:TrackPointExtension>
        </extensions>
      </trkpt>
      <trkpt lat="45.73492350988090038299560546875" lon="126.57211982645094394683837890625">
        <ele>128.399993896484375</ele>
        <time>2026-07-31T22:38:52.000Z</time>
        <extensions>
          <ns3:TrackPointExtension>
            <ns3:hr>175</ns3:hr>
            <ns3:cad>88</ns3:cad>
          </ns3:TrackPointExtension>
        </extensions>
      </trkpt>
      <trkpt lat="45.7349519245326519012451171875" lon="126.57210834324359893798828125">
        <ele>128.600006103515625</ele>
        <time>2026-07-31T22:38:53.000Z</time>
        <extensions>
          <ns3:TrackPointExtension>
            <ns3:hr>175</ns3:hr>
            <ns3:cad>88</ns3:cad>
          </ns3:TrackPointExtension>
        </extensions>
      </trkpt>
      <trkpt lat="45.7349784113466739654541015625" lon="126.57209635712206363677978515625">
        <ele>128.600006103515625</ele>
        <time>2026-07-31T22:38:54.000Z</time>
        <extensions>
          <ns3:TrackPointExtension>
            <ns3:hr>175</ns3:hr>
            <ns3:cad>88</ns3:cad>
          </ns3:TrackPointExtension>
        </extensions>
      </trkpt>
      <trkpt lat="45.7350112684071063995361328125" lon="126.5720907412469387054443359375">
        <ele>128.8000030517578125</ele>
        <time>2026-07-31T22:38:55.000Z</time>
        <extensions>
          <ns3:TrackPointExtension>
            <ns3:hr>176</ns3:hr>
            <ns3:cad>88</ns3:cad>
          </ns3:TrackPointExtension>
        </extensions>
      </trkpt>
      <trkpt lat="45.7350337319076061248779296875" lon="126.57207657583057880401611328125">
        <ele>128.8000030517578125</ele>
        <time>2026-07-31T22:38:56.000Z</time>
        <extensions>
          <ns3:TrackPointExtension>
            <ns3:hr>176</ns3:hr>
            <ns3:cad>88</ns3:cad>
          </ns3:TrackPointExtension>
        </extensions>
      </trkpt>
      <trkpt lat="45.7350647449493408203125" lon="126.5720652602612972259521484375">
        <ele>128.8000030517578125</ele>
        <time>2026-07-31T22:38:57.000Z</time>
        <extensions>
          <ns3:TrackPointExtension>
            <ns3:hr>176</ns3:hr>
            <ns3:cad>88</ns3:cad>
          </ns3:TrackPointExtension>
        </extensions>
      </trkpt>
      <trkpt lat="45.73508360423147678375244140625" lon="126.57205763272941112518310546875">
        <ele>128.8000030517578125</ele>
        <time>2026-07-31T22:38:58.000Z</time>
        <extensions>
          <ns3:TrackPointExtension>
            <ns3:hr>177</ns3:hr>
            <ns3:cad>88</ns3:cad>
          </ns3:TrackPointExtension>
        </extensions>
      </trkpt>
      <trkpt lat="45.735116042196750640869140625" lon="126.5720478259027004241943359375">
        <ele>128.8000030517578125</ele>
        <time>2026-07-31T22:38:59.000Z</time>
        <extensions>
          <ns3:TrackPointExtension>
            <ns3:hr>177</ns3:hr>
            <ns3:cad>88</ns3:cad>
          </ns3:TrackPointExtension>
        </extensions>
      </trkpt>
      <trkpt lat="45.7351376675069332122802734375" lon="126.57203751616179943084716796875">
        <ele>128.600006103515625</ele>
        <time>2026-07-31T22:39:00.000Z</time>
        <extensions>
          <ns3:TrackPointExtension>
            <ns3:hr>177</ns3:hr>
            <ns3:cad>88</ns3:cad>
          </ns3:TrackPointExtension>
        </extensions>
      </trkpt>
      <trkpt lat="45.73516608215868473052978515625" lon="126.57202628441154956817626953125">
        <ele>128.600006103515625</ele>
        <time>2026-07-31T22:39:01.000Z</time>
        <extensions>
          <ns3:TrackPointExtension>
            <ns3:hr>178</ns3:hr>
            <ns3:cad>88</ns3:cad>
          </ns3:TrackPointExtension>
        </extensions>
      </trkpt>
      <trkpt lat="45.73518938384950160980224609375" lon="126.57201656140387058258056640625">
        <ele>128.600006103515625</ele>
        <time>2026-07-31T22:39:02.000Z</time>
        <extensions>
          <ns3:TrackPointExtension>
            <ns3:hr>178</ns3:hr>
            <ns3:cad>88</ns3:cad>
          </ns3:TrackPointExtension>
        </extensions>
      </trkpt>
      <trkpt lat="45.7352144457399845123291015625" lon="126.57200264744460582733154296875">
        <ele>128.600006103515625</ele>
        <time>2026-07-31T22:39:03.000Z</time>
        <extensions>
          <ns3:TrackPointExtension>
            <ns3:hr>178</ns3:hr>
            <ns3:cad>88</ns3:cad>
          </ns3:TrackPointExtension>
        </extensions>
      </trkpt>
      <trkpt lat="45.7352365739643573760986328125" lon="126.5719958581030368804931640625">
        <ele>128.600006103515625</ele>
        <time>2026-07-31T22:39:04.000Z</time>
        <extensions>
          <ns3:TrackPointExtension>
            <ns3:hr>178</ns3:hr>
            <ns3:cad>88</ns3:cad>
          </ns3:TrackPointExtension>
        </extensions>
      </trkpt>
      <trkpt lat="45.73526063002645969390869140625" lon="126.5719854645431041717529296875">
        <ele>128.600006103515625</ele>
        <time>2026-07-31T22:39:05.000Z</time>
        <extensions>
          <ns3:TrackPointExtension>
            <ns3:hr>178</ns3:hr>
            <ns3:cad>87</ns3:cad>
          </ns3:TrackPointExtension>
        </extensions>
      </trkpt>
      <trkpt lat="45.73528544045984745025634765625" lon="126.57197825610637664794921875">
        <ele>128.600006103515625</ele>
        <time>2026-07-31T22:39:06.000Z</time>
        <extensions>
          <ns3:TrackPointExtension>
            <ns3:hr>178</ns3:hr>
            <ns3:cad>87</ns3:cad>
          </ns3:TrackPointExtension>
        </extensions>
      </trkpt>
      <trkpt lat="45.73530538938939571380615234375" lon="126.571972556412220001220703125">
        <ele>128.399993896484375</ele>
        <time>2026-07-31T22:39:07.000Z</time>
        <extensions>
          <ns3:TrackPointExtension>
            <ns3:hr>178</ns3:hr>
            <ns3:cad>87</ns3:cad>
          </ns3:TrackPointExtension>
        </extensions>
      </trkpt>
      <trkpt lat="45.73533372022211551666259765625" lon="126.57196727581322193145751953125">
        <ele>128.399993896484375</ele>
        <time>2026-07-31T22:39:08.000Z</time>
        <extensions>
          <ns3:TrackPointExtension>
            <ns3:hr>178</ns3:hr>
            <ns3:cad>88</ns3:cad>
          </ns3:TrackPointExtension>
        </extensions>
      </trkpt>
      <trkpt lat="45.73535509407520294189453125" lon="126.57195420004427433013916015625">
        <ele>128.600006103515625</ele>
        <time>2026-07-31T22:39:09.000Z</time>
        <extensions>
          <ns3:TrackPointExtension>
            <ns3:hr>179</ns3:hr>
            <ns3:cad>88</ns3:cad>
          </ns3:TrackPointExtension>
        </extensions>
      </trkpt>
      <trkpt lat="45.73538602329790592193603515625" lon="126.5719445608556270599365234375">
        <ele>128.600006103515625</ele>
        <time>2026-07-31T22:39:10.000Z</time>
        <extensions>
          <ns3:TrackPointExtension>
            <ns3:hr>179</ns3:hr>
            <ns3:cad>88</ns3:cad>
          </ns3:TrackPointExtension>
        </extensions>
      </trkpt>
      <trkpt lat="45.73540831916034221649169921875" lon="126.5719298087060451507568359375">
        <ele>128.600006103515625</ele>
        <time>2026-07-31T22:39:11.000Z</time>
        <extensions>
          <ns3:TrackPointExtension>
            <ns3:hr>179</ns3:hr>
            <ns3:cad>88</ns3:cad>
          </ns3:TrackPointExtension>
        </extensions>
      </trkpt>
      <trkpt lat="45.73543832637369632720947265625" lon="126.57192058861255645751953125">
        <ele>128.600006103515625</ele>
        <time>2026-07-31T22:39:12.000Z</time>
        <extensions>
          <ns3:TrackPointExtension>
            <ns3:hr>179</ns3:hr>
            <ns3:cad>88</ns3:cad>
          </ns3:TrackPointExtension>
        </extensions>
      </trkpt>
      <trkpt lat="45.735457353293895721435546875" lon="126.571911871433258056640625">
        <ele>128.399993896484375</ele>
        <time>2026-07-31T22:39:13.000Z</time>
        <extensions>
          <ns3:TrackPointExtension>
            <ns3:hr>180</ns3:hr>
            <ns3:cad>88</ns3:cad>
          </ns3:TrackPointExtension>
        </extensions>
      </trkpt>
      <trkpt lat="45.7354890368878841400146484375" lon="126.57190089114010334014892578125">
        <ele>128.399993896484375</ele>
        <time>2026-07-31T22:39:14.000Z</time>
        <extensions>
          <ns3:TrackPointExtension>
            <ns3:hr>180</ns3:hr>
            <ns3:cad>88</ns3:cad>
          </ns3:TrackPointExtension>
        </extensions>
      </trkpt>
      <trkpt lat="45.7355108298361301422119140625" lon="126.5718971192836761474609375">
        <ele>128.399993896484375</ele>
        <time>2026-07-31T22:39:15.000Z</time>
        <extensions>
          <ns3:TrackPointExtension>
            <ns3:hr>180</ns3:hr>
            <ns3:cad>88</ns3:cad>
          </ns3:TrackPointExtension>
        </extensions>
      </trkpt>
      <trkpt lat="45.73554025031626224517822265625" lon="126.5718895755708217620849609375">
        <ele>128.399993896484375</ele>
        <time>2026-07-31T22:39:16.000Z</time>
        <extensions>
          <ns3:TrackPointExtension>
            <ns3:hr>180</ns3:hr>
            <ns3:cad>88</ns3:cad>
          </ns3:TrackPointExtension>
        </extensions>
      </trkpt>
      <trkpt lat="45.7355604507029056549072265625" lon="126.57188563607633113861083984375">
        <ele>128.1999969482421875</ele>
        <time>2026-07-31T22:39:17.000Z</time>
        <extensions>
          <ns3:TrackPointExtension>
            <ns3:hr>181</ns3:hr>
            <ns3:cad>88</ns3:cad>
          </ns3:TrackPointExtension>
        </extensions>
      </trkpt>
      <trkpt lat="45.7355869375169277191162109375" lon="126.5718775056302547454833984375">
        <ele>128.1999969482421875</ele>
        <time>2026-07-31T22:39:18.000Z</time>
        <extensions>
          <ns3:TrackPointExtension>
            <ns3:hr>181</ns3:hr>
            <ns3:cad>88</ns3:cad>
          </ns3:TrackPointExtension>
        </extensions>
      </trkpt>
      <trkpt lat="45.73560831137001514434814453125" lon="126.5718744881451129913330078125">
        <ele>128.1999969482421875</ele>
        <time>2026-07-31T22:39:19.000Z</time>
        <extensions>
          <ns3:TrackPointExtension>
            <ns3:hr>181</ns3:hr>
            <ns3:cad>88</ns3:cad>
          </ns3:TrackPointExtension>
        </extensions>
      </trkpt>
      <trkpt lat="45.73563010431826114654541015625" lon="126.57186283729970455169677734375">
        <ele>128.1999969482421875</ele>
        <time>2026-07-31T22:39:20.000Z</time>
        <extensions>
          <ns3:TrackPointExtension>
            <ns3:hr>182</ns3:hr>
            <ns3:cad>87</ns3:cad>
          </ns3:TrackPointExtension>
        </extensions>
      </trkpt>
      <trkpt lat="45.7356546632945537567138671875" lon="126.5718604065477848052978515625">
        <ele>128.1999969482421875</ele>
        <time>2026-07-31T22:39:21.000Z</time>
        <extensions>
          <ns3:TrackPointExtension>
            <ns3:hr>182</ns3:hr>
            <ns3:cad>87</ns3:cad>
          </ns3:TrackPointExtension>
        </extensions>
      </trkpt>
      <trkpt lat="45.7356754504144191741943359375" lon="126.5718476660549640655517578125">
        <ele>128.1999969482421875</ele>
        <time>2026-07-31T22:39:22.000Z</time>
        <extensions>
          <ns3:TrackPointExtension>
            <ns3:hr>182</ns3:hr>
            <ns3:cad>87</ns3:cad>
          </ns3:TrackPointExtension>
        </extensions>
      </trkpt>
      <trkpt lat="45.735699422657489776611328125" lon="126.5718433074653148651123046875">
        <ele>128.1999969482421875</ele>
        <time>2026-07-31T22:39:23.000Z</time>
        <extensions>
          <ns3:TrackPointExtension>
            <ns3:hr>183</ns3:hr>
            <ns3:cad>87</ns3:cad>
          </ns3:TrackPointExtension>
        </extensions>
      </trkpt>
      <trkpt lat="45.73572029359638690948486328125" lon="126.57183048315346240997314453125">
        <ele>128.1999969482421875</ele>
        <time>2026-07-31T22:39:24.000Z</time>
        <extensions>
          <ns3:TrackPointExtension>
            <ns3:hr>183</ns3:hr>
            <ns3:cad>87</ns3:cad>
          </ns3:TrackPointExtension>
        </extensions>
      </trkpt>
      <trkpt lat="45.73575013317167758941650390625" lon="126.5718275494873523712158203125">
        <ele>128.1999969482421875</ele>
        <time>2026-07-31T22:39:25.000Z</time>
        <extensions>
          <ns3:TrackPointExtension>
            <ns3:hr>183</ns3:hr>
            <ns3:cad>88</ns3:cad>
          </ns3:TrackPointExtension>
        </extensions>
      </trkpt>
      <trkpt lat="45.7357693277299404144287109375" lon="126.57181438989937305450439453125">
        <ele>128.1999969482421875</ele>
        <time>2026-07-31T22:39:26.000Z</time>
        <extensions>
          <ns3:TrackPointExtension>
            <ns3:hr>183</ns3:hr>
            <ns3:cad>88</ns3:cad>
          </ns3:TrackPointExtension>
        </extensions>
      </trkpt>
      <trkpt lat="45.73579765856266021728515625" lon="126.57180332578718662261962890625">
        <ele>128.1999969482421875</ele>
        <time>2026-07-31T22:39:27.000Z</time>
        <extensions>
          <ns3:TrackPointExtension>
            <ns3:hr>184</ns3:hr>
            <ns3:cad>87</ns3:cad>
          </ns3:TrackPointExtension>
        </extensions>
      </trkpt>
      <trkpt lat="45.73581735603511333465576171875" lon="126.57179988920688629150390625">
        <ele>128.1999969482421875</ele>
        <time>2026-07-31T22:39:28.000Z</time>
        <extensions>
          <ns3:TrackPointExtension>
            <ns3:hr>184</ns3:hr>
            <ns3:cad>87</ns3:cad>
          </ns3:TrackPointExtension>
        </extensions>
      </trkpt>
      <trkpt lat="45.735845603048801422119140625" lon="126.57179050147533416748046875">
        <ele>128.1999969482421875</ele>
        <time>2026-07-31T22:39:29.000Z</time>
        <extensions>
          <ns3:TrackPointExtension>
            <ns3:hr>184</ns3:hr>
            <ns3:cad>87</ns3:cad>
          </ns3:TrackPointExtension>
        </extensions>
      </trkpt>
      <trkpt lat="45.7358642108738422393798828125" lon="126.571785472333431243896484375">
        <ele>128.1999969482421875</ele>
        <time>2026-07-31T22:39:30.000Z</time>
        <extensions>
          <ns3:TrackPointExtension>
            <ns3:hr>184</ns3:hr>
            <ns3:cad>87</ns3:cad>
          </ns3:TrackPointExtension>
        </extensions>
      </trkpt>
      <trkpt lat="45.73589128442108631134033203125" lon="126.57177516259253025054931640625">
        <ele>128</ele>
        <time>2026-07-31T22:39:31.000Z</time>
        <extensions>
          <ns3:TrackPointExtension>
            <ns3:hr>184</ns3:hr>
            <ns3:cad>87</ns3:cad>
          </ns3:TrackPointExtension>
        </extensions>
      </trkpt>
      <trkpt lat="45.7359114848077297210693359375" lon="126.5717712230980396270751953125">
        <ele>128</ele>
        <time>2026-07-31T22:39:32.000Z</time>
        <extensions>
          <ns3:TrackPointExtension>
            <ns3:hr>184</ns3:hr>
            <ns3:cad>87</ns3:cad>
          </ns3:TrackPointExtension>
        </extensions>
      </trkpt>
      <trkpt lat="45.73593587614595890045166015625" lon="126.57176258973777294158935546875">
        <ele>128</ele>
        <time>2026-07-31T22:39:33.000Z</time>
        <extensions>
          <ns3:TrackPointExtension>
            <ns3:hr>185</ns3:hr>
            <ns3:cad>87</ns3:cad>
          </ns3:TrackPointExtension>
        </extensions>
      </trkpt>
      <trkpt lat="45.7359592616558074951171875" lon="126.57175722531974315643310546875">
        <ele>127.8000030517578125</ele>
        <time>2026-07-31T22:39:34.000Z</time>
        <extensions>
          <ns3:TrackPointExtension>
            <ns3:hr>185</ns3:hr>
            <ns3:cad>87</ns3:cad>
          </ns3:TrackPointExtension>
        </extensions>
      </trkpt>
      <trkpt lat="45.735978372395038604736328125" lon="126.57174297608435153961181640625">
        <ele>127.8000030517578125</ele>
        <time>2026-07-31T22:39:35.000Z</time>
        <extensions>
          <ns3:TrackPointExtension>
            <ns3:hr>185</ns3:hr>
            <ns3:cad>87</ns3:cad>
          </ns3:TrackPointExtension>
        </extensions>
      </trkpt>
      <trkpt lat="45.73600393719971179962158203125" lon="126.571738533675670623779296875">
        <ele>127.8000030517578125</ele>
        <time>2026-07-31T22:39:36.000Z</time>
        <extensions>
          <ns3:TrackPointExtension>
            <ns3:hr>185</ns3:hr>
            <ns3:cad>87</ns3:cad>
          </ns3:TrackPointExtension>
        </extensions>
      </trkpt>
      <trkpt lat="45.7360214553773403167724609375" lon="126.5717276372015476226806640625">
        <ele>127.8000030517578125</ele>
        <time>2026-07-31T22:39:37.000Z</time>
        <extensions>
          <ns3:TrackPointExtension>
            <ns3:hr>184</ns3:hr>
            <ns3:cad>88</ns3:cad>
          </ns3:TrackPointExtension>
        </extensions>
      </trkpt>
      <trkpt lat="45.73605171404778957366943359375" lon="126.57171883620321750640869140625">
        <ele>127.8000030517578125</ele>
        <time>2026-07-31T22:39:38.000Z</time>
        <extensions>
          <ns3:TrackPointExtension>
            <ns3:hr>185</ns3:hr>
            <ns3:cad>88</ns3:cad>
          </ns3:TrackPointExtension>
        </extensions>
      </trkpt>
      <trkpt lat="45.7360693998634815216064453125" lon="126.57170793972909450531005859375">
        <ele>127.8000030517578125</ele>
        <time>2026-07-31T22:39:39.000Z</time>
        <extensions>
          <ns3:TrackPointExtension>
            <ns3:hr>185</ns3:hr>
            <ns3:cad>88</ns3:cad>
          </ns3:TrackPointExtension>
        </extensions>
      </trkpt>
      <trkpt lat="45.73609110899269580841064453125" lon="126.57169067300856113433837890625">
        <ele>127.8000030517578125</ele>
        <time>2026-07-31T22:39:40.000Z</time>
        <extensions>
          <ns3:TrackPointExtension>
            <ns3:hr>185</ns3:hr>
            <ns3:cad>88</ns3:cad>
          </ns3:TrackPointExtension>
        </extensions>
      </trkpt>
      <trkpt lat="45.7361103035509586334228515625" lon="126.57168195582926273345947265625">
        <ele>127.8000030517578125</ele>
        <time>2026-07-31T22:39:41.000Z</time>
        <extensions>
          <ns3:TrackPointExtension>
            <ns3:hr>185</ns3:hr>
            <ns3:cad>88</ns3:cad>
          </ns3:TrackPointExtension>
        </extensions>
      </trkpt>
      <trkpt lat="45.73614123277366161346435546875" lon="126.5716733224689960479736328125">
        <ele>128</ele>
        <time>2026-07-31T22:39:42.000Z</time>
        <extensions>
          <ns3:TrackPointExtension>
            <ns3:hr>184</ns3:hr>
            <ns3:cad>88</ns3:cad>
          </ns3:TrackPointExtension>
        </extensions>
      </trkpt>
      <trkpt lat="45.73615984059870243072509765625" lon="126.57166703604161739349365234375">
        <ele>128</ele>
        <time>2026-07-31T22:39:43.000Z</time>
        <extensions>
          <ns3:TrackPointExtension>
            <ns3:hr>185</ns3:hr>
            <ns3:cad>88</ns3:cad>
          </ns3:TrackPointExtension>
        </extensions>
      </trkpt>
      <trkpt lat="45.736190937459468841552734375" lon="126.5716578997671604156494140625">
        <ele>128</ele>
        <time>2026-07-31T22:39:44.000Z</time>
        <extensions>
          <ns3:TrackPointExtension>
            <ns3:hr>185</ns3:hr>
            <ns3:cad>88</ns3:cad>
          </ns3:TrackPointExtension>
        </extensions>
      </trkpt>
      <trkpt lat="45.73621205985546112060546875" lon="126.57165396027266979217529296875">
        <ele>128</ele>
        <time>2026-07-31T22:39:45.000Z</time>
        <extensions>
          <ns3:TrackPointExtension>
            <ns3:hr>185</ns3:hr>
            <ns3:cad>88</ns3:cad>
          </ns3:TrackPointExtension>
        </extensions>
      </trkpt>
      <trkpt lat="45.73624198324978351593017578125" lon="126.57164566218852996826171875">
        <ele>128</ele>
        <time>2026-07-31T22:39:46.000Z</time>
        <extensions>
          <ns3:TrackPointExtension>
            <ns3:hr>185</ns3:hr>
            <ns3:cad>88</ns3:cad>
          </ns3:TrackPointExtension>
        </extensions>
      </trkpt>
      <trkpt lat="45.73626494966447353363037109375" lon="126.571648679673671722412109375">
        <ele>128</ele>
        <time>2026-07-31T22:39:47.000Z</time>
        <extensions>
          <ns3:TrackPointExtension>
            <ns3:hr>185</ns3:hr>
            <ns3:cad>88</ns3:cad>
          </ns3:TrackPointExtension>
        </extensions>
      </trkpt>
      <trkpt lat="45.736289508640766143798828125" lon="126.5716418065130710601806640625">
        <ele>128</ele>
        <time>2026-07-31T22:39:48.000Z</time>
        <extensions>
          <ns3:TrackPointExtension>
            <ns3:hr>185</ns3:hr>
            <ns3:cad>88</ns3:cad>
          </ns3:TrackPointExtension>
        </extensions>
      </trkpt>
      <trkpt lat="45.7363171689212322235107421875" lon="126.57163895666599273681640625">
        <ele>128</ele>
        <time>2026-07-31T22:39:49.000Z</time>
        <extensions>
          <ns3:TrackPointExtension>
            <ns3:hr>185</ns3:hr>
            <ns3:cad>87</ns3:cad>
          </ns3:TrackPointExtension>
        </extensions>
      </trkpt>
      <trkpt lat="45.7363356091082096099853515625" lon="126.57161992974579334259033203125">
        <ele>128</ele>
        <time>2026-07-31T22:39:50.000Z</time>
        <extensions>
          <ns3:TrackPointExtension>
            <ns3:hr>185</ns3:hr>
            <ns3:cad>87</ns3:cad>
          </ns3:TrackPointExtension>
        </extensions>
      </trkpt>
      <trkpt lat="45.73636301793158054351806640625" lon="126.57160920090973377227783203125">
        <ele>128</ele>
        <time>2026-07-31T22:39:51.000Z</time>
        <extensions>
          <ns3:TrackPointExtension>
            <ns3:hr>185</ns3:hr>
            <ns3:cad>87</ns3:cad>
          </ns3:TrackPointExtension>
        </extensions>
      </trkpt>
      <trkpt lat="45.736383385956287384033203125" lon="126.57159746624529361724853515625">
        <ele>128</ele>
        <time>2026-07-31T22:39:52.000Z</time>
        <extensions>
          <ns3:TrackPointExtension>
            <ns3:hr>184</ns3:hr>
            <ns3:cad>87</ns3:cad>
          </ns3:TrackPointExtension>
        </extensions>
      </trkpt>
      <trkpt lat="45.73640258051455020904541015625" lon="126.5715898387134075164794921875">
        <ele>128</ele>
        <time>2026-07-31T22:39:53.000Z</time>
        <extensions>
          <ns3:TrackPointExtension>
            <ns3:hr>185</ns3:hr>
            <ns3:cad>87</ns3:cad>
          </ns3:TrackPointExtension>
        </extensions>
      </trkpt>
      <trkpt lat="45.7364231161773204803466796875" lon="126.57157785259187221527099609375">
        <ele>128</ele>
        <time>2026-07-31T22:39:54.000Z</time>
        <extensions>
          <ns3:TrackPointExtension>
            <ns3:hr>185</ns3:hr>
            <ns3:cad>87</ns3:cad>
          </ns3:TrackPointExtension>
        </extensions>
      </trkpt>
      <trkpt lat="45.7364542968571186065673828125" lon="126.57156779430806636810302734375">
        <ele>128</ele>
        <time>2026-07-31T22:39:55.000Z</time>
        <extensions>
          <ns3:TrackPointExtension>
            <ns3:hr>185</ns3:hr>
            <ns3:cad>87</ns3:cad>
          </ns3:TrackPointExtension>
        </extensions>
      </trkpt>
      <trkpt lat="45.7364720664918422698974609375" lon="126.5715626813471317291259765625">
        <ele>128</ele>
        <time>2026-07-31T22:39:56.000Z</time>
        <extensions>
          <ns3:TrackPointExtension>
            <ns3:hr>184</ns3:hr>
            <ns3:cad>87</ns3:cad>
          </ns3:TrackPointExtension>
        </extensions>
      </trkpt>
      <trkpt lat="45.7365029118955135345458984375" lon="126.57155455090105533599853515625">
        <ele>128</ele>
        <time>2026-07-31T22:39:57.000Z</time>
        <extensions>
          <ns3:TrackPointExtension>
            <ns3:hr>185</ns3:hr>
            <ns3:cad>87</ns3:cad>
          </ns3:TrackPointExtension>
        </extensions>
      </trkpt>
      <trkpt lat="45.736526548862457275390625" lon="126.5715509466826915740966796875">
        <ele>128</ele>
        <time>2026-07-31T22:39:58.000Z</time>
        <extensions>
          <ns3:TrackPointExtension>
            <ns3:hr>185</ns3:hr>
            <ns3:cad>87</ns3:cad>
          </ns3:TrackPointExtension>
        </extensions>
      </trkpt>
      <trkpt lat="45.73655479587614536285400390625" lon="126.57154130749404430389404296875">
        <ele>127.8000030517578125</ele>
        <time>2026-07-31T22:39:59.000Z</time>
        <extensions>
          <ns3:TrackPointExtension>
            <ns3:hr>185</ns3:hr>
            <ns3:cad>87</ns3:cad>
          </ns3:TrackPointExtension>
        </extensions>
      </trkpt>
      <trkpt lat="45.7365788519382476806640625" lon="126.5715348534286022186279296875">
        <ele>127.8000030517578125</ele>
        <time>2026-07-31T22:40:00.000Z</time>
        <extensions>
          <ns3:TrackPointExtension>
            <ns3:hr>185</ns3:hr>
            <ns3:cad>87</ns3:cad>
          </ns3:TrackPointExtension>
        </extensions>
      </trkpt>
      <trkpt lat="45.73660156689584255218505859375" lon="126.57152764499187469482421875">
        <ele>127.8000030517578125</ele>
        <time>2026-07-31T22:40:01.000Z</time>
        <extensions>
          <ns3:TrackPointExtension>
            <ns3:hr>185</ns3:hr>
            <ns3:cad>87</ns3:cad>
          </ns3:TrackPointExtension>
        </extensions>
      </trkpt>
      <trkpt lat="45.73662520386278629302978515625" lon="126.57151599414646625518798828125">
        <ele>127.8000030517578125</ele>
        <time>2026-07-31T22:40:02.000Z</time>
        <extensions>
          <ns3:TrackPointExtension>
            <ns3:hr>185</ns3:hr>
            <ns3:cad>88</ns3:cad>
          </ns3:TrackPointExtension>
        </extensions>
      </trkpt>
      <trkpt lat="45.736643560230731964111328125" lon="126.5715033374726772308349609375">
        <ele>127.8000030517578125</ele>
        <time>2026-07-31T22:40:03.000Z</time>
        <extensions>
          <ns3:TrackPointExtension>
            <ns3:hr>184</ns3:hr>
            <ns3:cad>88</ns3:cad>
          </ns3:TrackPointExtension>
        </extensions>
      </trkpt>
      <trkpt lat="45.73666929267346858978271484375" lon="126.57149143517017364501953125">
        <ele>127.8000030517578125</ele>
        <time>2026-07-31T22:40:04.000Z</time>
        <extensions>
          <ns3:TrackPointExtension>
            <ns3:hr>183</ns3:hr>
            <ns3:cad>88</ns3:cad>
          </ns3:TrackPointExtension>
        </extensions>
      </trkpt>
      <trkpt lat="45.73668689467012882232666015625" lon="126.57148472964763641357421875">
        <ele>127.8000030517578125</ele>
        <time>2026-07-31T22:40:05.000Z</time>
        <extensions>
          <ns3:TrackPointExtension>
            <ns3:hr>181</ns3:hr>
            <ns3:cad>88</ns3:cad>
          </ns3:TrackPointExtension>
        </extensions>
      </trkpt>
      <trkpt lat="45.73671220801770687103271484375" lon="126.57147089950740337371826171875">
        <ele>127.8000030517578125</ele>
        <time>2026-07-31T22:40:06.000Z</time>
        <extensions>
          <ns3:TrackPointExtension>
            <ns3:hr>180</ns3:hr>
            <ns3:cad>87</ns3:cad>
          </ns3:TrackPointExtension>
        </extensions>
      </trkpt>
      <trkpt lat="45.73673903010785579681396484375" lon="126.5714637748897075653076171875">
        <ele>127.8000030517578125</ele>
        <time>2026-07-31T22:40:07.000Z</time>
        <extensions>
          <ns3:TrackPointExtension>
            <ns3:hr>179</ns3:hr>
            <ns3:cad>87</ns3:cad>
          </ns3:TrackPointExtension>
        </extensions>
      </trkpt>
      <trkpt lat="45.7367604039609432220458984375" lon="126.57145413570106029510498046875">
        <ele>127.8000030517578125</ele>
        <time>2026-07-31T22:40:08.000Z</time>
        <extensions>
          <ns3:TrackPointExtension>
            <ns3:hr>179</ns3:hr>
            <ns3:cad>87</ns3:cad>
          </ns3:TrackPointExtension>
        </extensions>
      </trkpt>
      <trkpt lat="45.73678228072822093963623046875" lon="126.571445167064666748046875">
        <ele>128</ele>
        <time>2026-07-31T22:40:09.000Z</time>
        <extensions>
          <ns3:TrackPointExtension>
            <ns3:hr>178</ns3:hr>
            <ns3:cad>87</ns3:cad>
          </ns3:TrackPointExtension>
        </extensions>
      </trkpt>
      <trkpt lat="45.7368036545813083648681640625" lon="126.571436114609241485595703125">
        <ele>128</ele>
        <time>2026-07-31T22:40:10.000Z</time>
        <extensions>
          <ns3:TrackPointExtension>
            <ns3:hr>177</ns3:hr>
            <ns3:cad>87</ns3:cad>
          </ns3:TrackPointExtension>
        </extensions>
      </trkpt>
      <trkpt lat="45.73682636953890323638916015625" lon="126.57143016345798969268798828125">
        <ele>128</ele>
        <time>2026-07-31T22:40:11.000Z</time>
        <extensions>
          <ns3:TrackPointExtension>
            <ns3:hr>177</ns3:hr>
            <ns3:cad>87</ns3:cad>
          </ns3:TrackPointExtension>
        </extensions>
      </trkpt>
      <trkpt lat="45.7368465699255466461181640625" lon="126.57142102718353271484375">
        <ele>128</ele>
        <time>2026-07-31T22:40:12.000Z</time>
        <extensions>
          <ns3:TrackPointExtension>
            <ns3:hr>177</ns3:hr>
            <ns3:cad>87</ns3:cad>
          </ns3:TrackPointExtension>
        </extensions>
      </trkpt>
      <trkpt lat="45.73687381111085414886474609375" lon="126.5714165009558200836181640625">
        <ele>128</ele>
        <time>2026-07-31T22:40:13.000Z</time>
        <extensions>
          <ns3:TrackPointExtension>
            <ns3:hr>176</ns3:hr>
            <ns3:cad>87</ns3:cad>
          </ns3:TrackPointExtension>
        </extensions>
      </trkpt>
      <trkpt lat="45.73688839562237262725830078125" lon="126.57140619121491909027099609375">
        <ele>128</ele>
        <time>2026-07-31T22:40:14.000Z</time>
        <extensions>
          <ns3:TrackPointExtension>
            <ns3:hr>177</ns3:hr>
            <ns3:cad>87</ns3:cad>
          </ns3:TrackPointExtension>
        </extensions>
      </trkpt>
      <trkpt lat="45.73691555298864841461181640625" lon="126.571396552026271820068359375">
        <ele>128</ele>
        <time>2026-07-31T22:40:15.000Z</time>
        <extensions>
          <ns3:TrackPointExtension>
            <ns3:hr>177</ns3:hr>
            <ns3:cad>87</ns3:cad>
          </ns3:TrackPointExtension>
        </extensions>
      </trkpt>
      <trkpt lat="45.736931897699832916259765625" lon="126.57138808630406856536865234375">
        <ele>128</ele>
        <time>2026-07-31T22:40:16.000Z</time>
        <extensions>
          <ns3:TrackPointExtension>
            <ns3:hr>176</ns3:hr>
            <ns3:cad>87</ns3:cad>
          </ns3:TrackPointExtension>
        </extensions>
      </trkpt>
      <trkpt lat="45.736958049237728118896484375" lon="126.57137744128704071044921875">
        <ele>128</ele>
        <time>2026-07-31T22:40:17.000Z</time>
        <extensions>
          <ns3:TrackPointExtension>
            <ns3:hr>177</ns3:hr>
            <ns3:cad>87</ns3:cad>
          </ns3:TrackPointExtension>
        </extensions>
      </trkpt>
      <trkpt lat="45.73697741143405437469482421875" lon="126.57136629335582256317138671875">
        <ele>128</ele>
        <time>2026-07-31T22:40:18.000Z</time>
        <extensions>
          <ns3:TrackPointExtension>
            <ns3:hr>177</ns3:hr>
            <ns3:cad>87</ns3:cad>
          </ns3:TrackPointExtension>
        </extensions>
      </trkpt>
      <trkpt lat="45.73700129985809326171875" lon="126.57135455869138240814208984375">
        <ele>128</ele>
        <time>2026-07-31T22:40:19.000Z</time>
        <extensions>
          <ns3:TrackPointExtension>
            <ns3:hr>176</ns3:hr>
            <ns3:cad>87</ns3:cad>
          </ns3:TrackPointExtension>
        </extensions>
      </trkpt>
      <trkpt lat="45.73702200315892696380615234375" lon="126.57134584151208400726318359375">
        <ele>128</ele>
        <time>2026-07-31T22:40:20.000Z</time>
        <extensions>
          <ns3:TrackPointExtension>
            <ns3:hr>177</ns3:hr>
            <ns3:cad>87</ns3:cad>
          </ns3:TrackPointExtension>
        </extensions>
      </trkpt>
      <trkpt lat="45.7370450533926486968994140625" lon="126.57133519649505615234375">
        <ele>127.8000030517578125</ele>
        <time>2026-07-31T22:40:21.000Z</time>
        <extensions>
          <ns3:TrackPointExtension>
            <ns3:hr>177</ns3:hr>
            <ns3:cad>87</ns3:cad>
          </ns3:TrackPointExtension>
        </extensions>
      </trkpt>
      <trkpt lat="45.7370705343782901763916015625" lon="126.571327485144138336181640625">
        <ele>127.8000030517578125</ele>
        <time>2026-07-31T22:40:22.000Z</time>
        <extensions>
          <ns3:TrackPointExtension>
            <ns3:hr>176</ns3:hr>
            <ns3:cad>87</ns3:cad>
          </ns3:TrackPointExtension>
        </extensions>
      </trkpt>
      <trkpt lat="45.7370899803936481475830078125" lon="126.5713145770132541656494140625">
        <ele>127.8000030517578125</ele>
        <time>2026-07-31T22:40:23.000Z</time>
        <extensions>
          <ns3:TrackPointExtension>
            <ns3:hr>176</ns3:hr>
            <ns3:cad>87</ns3:cad>
          </ns3:TrackPointExtension>
        </extensions>
      </trkpt>
      <trkpt lat="45.737113617360591888427734375" lon="126.5713108889758586883544921875">
        <ele>127.8000030517578125</ele>
        <time>2026-07-31T22:40:24.000Z</time>
        <extensions>
          <ns3:TrackPointExtension>
            <ns3:hr>176</ns3:hr>
            <ns3:cad>87</ns3:cad>
          </ns3:TrackPointExtension>
        </extensions>
      </trkpt>
      <trkpt lat="45.73713163845241069793701171875" lon="126.57130225561559200286865234375">
        <ele>127.8000030517578125</ele>
        <time>2026-07-31T22:40:25.000Z</time>
        <extensions>
          <ns3:TrackPointExtension>
            <ns3:hr>177</ns3:hr>
            <ns3:cad>87</ns3:cad>
          </ns3:TrackPointExtension>
        </extensions>
      </trkpt>
      <trkpt lat="45.73716298677027225494384765625" lon="126.57129353843629360198974609375">
        <ele>127.8000030517578125</ele>
        <time>2026-07-31T22:40:26.000Z</time>
        <extensions>
          <ns3:TrackPointExtension>
            <ns3:hr>176</ns3:hr>
            <ns3:cad>87</ns3:cad>
          </ns3:TrackPointExtension>
        </extensions>
      </trkpt>
      <trkpt lat="45.73718226514756679534912109375" lon="126.57128817401826381683349609375">
        <ele>127.8000030517578125</ele>
        <time>2026-07-31T22:40:27.000Z</time>
        <extensions>
          <ns3:TrackPointExtension>
            <ns3:hr>176</ns3:hr>
            <ns3:cad>87</ns3:cad>
          </ns3:TrackPointExtension>
        </extensions>
      </trkpt>
      <trkpt lat="45.73721344582736492156982421875" lon="126.57128180377185344696044921875">
        <ele>127.8000030517578125</ele>
        <time>2026-07-31T22:40:28.000Z</time>
        <extensions>
          <ns3:TrackPointExtension>
            <ns3:hr>177</ns3:hr>
            <ns3:cad>88</ns3:cad>
          </ns3:TrackPointExtension>
        </extensions>
      </trkpt>
      <trkpt lat="45.7372334785759449005126953125" lon="126.57127526588737964630126953125">
        <ele>127.8000030517578125</ele>
        <time>2026-07-31T22:40:29.000Z</time>
        <extensions>
          <ns3:TrackPointExtension>
            <ns3:hr>176</ns3:hr>
            <ns3:cad>88</ns3:cad>
          </ns3:TrackPointExtension>
        </extensions>
      </trkpt>
      <trkpt lat="45.73726038448512554168701171875" lon="126.57126344740390777587890625">
        <ele>127.8000030517578125</ele>
        <time>2026-07-31T22:40:30.000Z</time>
        <extensions>
          <ns3:TrackPointExtension>
            <ns3:hr>176</ns3:hr>
            <ns3:cad>88</ns3:cad>
          </ns3:TrackPointExtension>
        </extensions>
      </trkpt>
      <trkpt lat="45.7372844405472278594970703125" lon="126.57125431112945079803466796875">
        <ele>127.59999847412109375</ele>
        <time>2026-07-31T22:40:31.000Z</time>
        <extensions>
          <ns3:TrackPointExtension>
            <ns3:hr>177</ns3:hr>
            <ns3:cad>88</ns3:cad>
          </ns3:TrackPointExtension>
        </extensions>
      </trkpt>
      <trkpt lat="45.737306065857410430908203125" lon="126.571240983903408050537109375">
        <ele>127.59999847412109375</ele>
        <time>2026-07-31T22:40:32.000Z</time>
        <extensions>
          <ns3:TrackPointExtension>
            <ns3:hr>176</ns3:hr>
            <ns3:cad>88</ns3:cad>
          </ns3:TrackPointExtension>
        </extensions>
      </trkpt>
      <trkpt lat="45.7373313792049884796142578125" lon="126.57123235054314136505126953125">
        <ele>127.59999847412109375</ele>
        <time>2026-07-31T22:40:33.000Z</time>
        <extensions>
          <ns3:TrackPointExtension>
            <ns3:hr>176</ns3:hr>
            <ns3:cad>88</ns3:cad>
          </ns3:TrackPointExtension>
        </extensions>
      </trkpt>
      <trkpt lat="45.7373508252203464508056640625" lon="126.57122095115482807159423828125">
        <ele>127.59999847412109375</ele>
        <time>2026-07-31T22:40:34.000Z</time>
        <extensions>
          <ns3:TrackPointExtension>
            <ns3:hr>177</ns3:hr>
            <ns3:cad>87</ns3:cad>
          </ns3:TrackPointExtension>
        </extensions>
      </trkpt>
      <trkpt lat="45.737379826605319976806640625" lon="126.57121248543262481689453125">
        <ele>127.59999847412109375</ele>
        <time>2026-07-31T22:40:35.000Z</time>
        <extensions>
          <ns3:TrackPointExtension>
            <ns3:hr>177</ns3:hr>
            <ns3:cad>87</ns3:cad>
          </ns3:TrackPointExtension>
        </extensions>
      </trkpt>
      <trkpt lat="45.73739768005907535552978515625" lon="126.57120586372911930084228515625">
        <ele>127.59999847412109375</ele>
        <time>2026-07-31T22:40:36.000Z</time>
        <extensions>
          <ns3:TrackPointExtension>
            <ns3:hr>177</ns3:hr>
            <ns3:cad>87</ns3:cad>
          </ns3:TrackPointExtension>
        </extensions>
      </trkpt>
      <trkpt lat="45.7374299503862857818603515625" lon="126.57119563780725002288818359375">
        <ele>127.59999847412109375</ele>
        <time>2026-07-31T22:40:37.000Z</time>
        <extensions>
          <ns3:TrackPointExtension>
            <ns3:hr>177</ns3:hr>
            <ns3:cad>87</ns3:cad>
          </ns3:TrackPointExtension>
        </extensions>
      </trkpt>
      <trkpt lat="45.73745082132518291473388671875" lon="126.57118993811309337615966796875">
        <ele>127.59999847412109375</ele>
        <time>2026-07-31T22:40:38.000Z</time>
        <extensions>
          <ns3:TrackPointExtension>
            <ns3:hr>176</ns3:hr>
            <ns3:cad>87</ns3:cad>
          </ns3:TrackPointExtension>
        </extensions>
      </trkpt>
      <trkpt lat="45.73748032562434673309326171875" lon="126.571177951991558074951171875">
        <ele>127.40000152587890625</ele>
        <time>2026-07-31T22:40:39.000Z</time>
        <extensions>
          <ns3:TrackPointExtension>
            <ns3:hr>177</ns3:hr>
            <ns3:cad>87</ns3:cad>
          </ns3:TrackPointExtension>
        </extensions>
      </trkpt>
      <trkpt lat="45.73750446550548076629638671875" lon="126.57117401249706745147705078125">
        <ele>127.40000152587890625</ele>
        <time>2026-07-31T22:40:40.000Z</time>
        <extensions>
          <ns3:TrackPointExtension>
            <ns3:hr>177</ns3:hr>
            <ns3:cad>87</ns3:cad>
          </ns3:TrackPointExtension>
        </extensions>
      </trkpt>
      <trkpt lat="45.73752701282501220703125" lon="126.57116227783262729644775390625">
        <ele>127.40000152587890625</ele>
        <time>2026-07-31T22:40:41.000Z</time>
        <extensions>
          <ns3:TrackPointExtension>
            <ns3:hr>177</ns3:hr>
            <ns3:cad>87</ns3:cad>
          </ns3:TrackPointExtension>
        </extensions>
      </trkpt>
      <trkpt lat="45.737550817430019378662109375" lon="126.57115523703396320343017578125">
        <ele>127.40000152587890625</ele>
        <time>2026-07-31T22:40:42.000Z</time>
        <extensions>
          <ns3:TrackPointExtension>
            <ns3:hr>176</ns3:hr>
            <ns3:cad>87</ns3:cad>
          </ns3:TrackPointExtension>
        </extensions>
      </trkpt>
      <trkpt lat="45.7375687547028064727783203125" lon="126.571141071617603302001953125">
        <ele>127.40000152587890625</ele>
        <time>2026-07-31T22:40:43.000Z</time>
        <extensions>
          <ns3:TrackPointExtension>
            <ns3:hr>177</ns3:hr>
            <ns3:cad>87</ns3:cad>
          </ns3:TrackPointExtension>
        </extensions>
      </trkpt>
      <trkpt lat="45.73759499005973339080810546875" lon="126.57113160006701946258544921875">
        <ele>127.1999969482421875</ele>
        <time>2026-07-31T22:40:44.000Z</time>
        <extensions>
          <ns3:TrackPointExtension>
            <ns3:hr>177</ns3:hr>
            <ns3:cad>87</ns3:cad>
          </ns3:TrackPointExtension>
        </extensions>
      </trkpt>
      <trkpt lat="45.73761175386607646942138671875" lon="126.57111969776451587677001953125">
        <ele>127.1999969482421875</ele>
        <time>2026-07-31T22:40:45.000Z</time>
        <extensions>
          <ns3:TrackPointExtension>
            <ns3:hr>176</ns3:hr>
            <ns3:cad>87</ns3:cad>
          </ns3:TrackPointExtension>
        </extensions>
      </trkpt>
      <trkpt lat="45.7376383244991302490234375" lon="126.57110645435750484466552734375">
        <ele>127.1999969482421875</ele>
        <time>2026-07-31T22:40:46.000Z</time>
        <extensions>
          <ns3:TrackPointExtension>
            <ns3:hr>176</ns3:hr>
            <ns3:cad>87</ns3:cad>
          </ns3:TrackPointExtension>
        </extensions>
      </trkpt>
      <trkpt lat="45.73765466921031475067138671875" lon="126.571100167930126190185546875">
        <ele>127.1999969482421875</ele>
        <time>2026-07-31T22:40:47.000Z</time>
        <extensions>
          <ns3:TrackPointExtension>
            <ns3:hr>176</ns3:hr>
            <ns3:cad>87</ns3:cad>
          </ns3:TrackPointExtension>
        </extensions>
      </trkpt>
      <trkpt lat="45.73767914436757564544677734375" lon="126.571091115474700927734375">
        <ele>127.1999969482421875</ele>
        <time>2026-07-31T22:40:48.000Z</time>
        <extensions>
          <ns3:TrackPointExtension>
            <ns3:hr>176</ns3:hr>
            <ns3:cad>87</ns3:cad>
          </ns3:TrackPointExtension>
        </extensions>
      </trkpt>
      <trkpt lat="45.73770110495388507843017578125" lon="126.5710865892469882965087890625">
        <ele>127.1999969482421875</ele>
        <time>2026-07-31T22:40:49.000Z</time>
        <extensions>
          <ns3:TrackPointExtension>
            <ns3:hr>176</ns3:hr>
            <ns3:cad>87</ns3:cad>
          </ns3:TrackPointExtension>
        </extensions>
      </trkpt>
      <trkpt lat="45.737728513777256011962890625" lon="126.57106940634548664093017578125">
        <ele>127.1999969482421875</ele>
        <time>2026-07-31T22:40:50.000Z</time>
        <extensions>
          <ns3:TrackPointExtension>
            <ns3:hr>175</ns3:hr>
            <ns3:cad>87</ns3:cad>
          </ns3:TrackPointExtension>
        </extensions>
      </trkpt>
      <trkpt lat="45.73775575496256351470947265625" lon="126.57106622122228145599365234375">
        <ele>127.1999969482421875</ele>
        <time>2026-07-31T22:40:51.000Z</time>
        <extensions>
          <ns3:TrackPointExtension>
            <ns3:hr>175</ns3:hr>
            <ns3:cad>87</ns3:cad>
          </ns3:TrackPointExtension>
        </extensions>
      </trkpt>
      <trkpt lat="45.7377756200730800628662109375" lon="126.5710513852536678314208984375">
        <ele>127</ele>
        <time>2026-07-31T22:40:52.000Z</time>
        <extensions>
          <ns3:TrackPointExtension>
            <ns3:hr>175</ns3:hr>
            <ns3:cad>87</ns3:cad>
          </ns3:TrackPointExtension>
        </extensions>
      </trkpt>
      <trkpt lat="45.73780596256256103515625" lon="126.57104275189340114593505859375">
        <ele>127</ele>
        <time>2026-07-31T22:40:53.000Z</time>
        <extensions>
          <ns3:TrackPointExtension>
            <ns3:hr>175</ns3:hr>
            <ns3:cad>87</ns3:cad>
          </ns3:TrackPointExtension>
        </extensions>
      </trkpt>
      <trkpt lat="45.73782406747341156005859375" lon="126.57103252597153186798095703125">
        <ele>127</ele>
        <time>2026-07-31T22:40:54.000Z</time>
        <extensions>
          <ns3:TrackPointExtension>
            <ns3:hr>175</ns3:hr>
            <ns3:cad>86</ns3:cad>
          </ns3:TrackPointExtension>
        </extensions>
      </trkpt>
      <trkpt lat="45.73785357177257537841796875" lon="126.57102330587804317474365234375">
        <ele>126.8000030517578125</ele>
        <time>2026-07-31T22:40:55.000Z</time>
        <extensions>
          <ns3:TrackPointExtension>
            <ns3:hr>174</ns3:hr>
            <ns3:cad>86</ns3:cad>
          </ns3:TrackPointExtension>
        </extensions>
      </trkpt>
      <trkpt lat="45.7378718443214893341064453125" lon="126.57101626507937908172607421875">
        <ele>126.8000030517578125</ele>
        <time>2026-07-31T22:40:56.000Z</time>
        <extensions>
          <ns3:TrackPointExtension>
            <ns3:hr>175</ns3:hr>
            <ns3:cad>86</ns3:cad>
          </ns3:TrackPointExtension>
        </extensions>
      </trkpt>
      <trkpt lat="45.73789522983133792877197265625" lon="126.5710121579468250274658203125">
        <ele>127</ele>
        <time>2026-07-31T22:40:57.000Z</time>
        <extensions>
          <ns3:TrackPointExtension>
            <ns3:hr>175</ns3:hr>
            <ns3:cad>86</ns3:cad>
          </ns3:TrackPointExtension>
        </extensions>
      </trkpt>
      <trkpt lat="45.73791719041764736175537109375" lon="126.5710054524242877960205078125">
        <ele>127</ele>
        <time>2026-07-31T22:40:58.000Z</time>
        <extensions>
          <ns3:TrackPointExtension>
            <ns3:hr>175</ns3:hr>
            <ns3:cad>86</ns3:cad>
          </ns3:TrackPointExtension>
        </extensions>
      </trkpt>
      <trkpt lat="45.73793998919427394866943359375" lon="126.57098986208438873291015625">
        <ele>127</ele>
        <time>2026-07-31T22:40:59.000Z</time>
        <extensions>
          <ns3:TrackPointExtension>
            <ns3:hr>175</ns3:hr>
            <ns3:cad>86</ns3:cad>
          </ns3:TrackPointExtension>
        </extensions>
      </trkpt>
      <trkpt lat="45.73796647600829601287841796875" lon="126.57098374329507350921630859375">
        <ele>127.1999969482421875</ele>
        <time>2026-07-31T22:41:00.000Z</time>
        <extensions>
          <ns3:TrackPointExtension>
            <ns3:hr>174</ns3:hr>
            <ns3:cad>86</ns3:cad>
          </ns3:TrackPointExtension>
        </extensions>
      </trkpt>
      <trkpt lat="45.73798743076622486114501953125" lon="126.5709689073264598846435546875">
        <ele>127.1999969482421875</ele>
        <time>2026-07-31T22:41:01.000Z</time>
        <extensions>
          <ns3:TrackPointExtension>
            <ns3:hr>175</ns3:hr>
            <ns3:cad>87</ns3:cad>
          </ns3:TrackPointExtension>
        </extensions>
      </trkpt>
      <trkpt lat="45.738016851246356964111328125" lon="126.5709652192890644073486328125">
        <ele>127.1999969482421875</ele>
        <time>2026-07-31T22:41:02.000Z</time>
        <extensions>
          <ns3:TrackPointExtension>
            <ns3:hr>175</ns3:hr>
            <ns3:cad>87</ns3:cad>
          </ns3:TrackPointExtension>
        </extensions>
      </trkpt>
      <trkpt lat="45.7380326092243194580078125" lon="126.5709534846246242523193359375">
        <ele>127.1999969482421875</ele>
        <time>2026-07-31T22:41:03.000Z</time>
        <extensions>
          <ns3:TrackPointExtension>
            <ns3:hr>175</ns3:hr>
            <ns3:cad>87</ns3:cad>
          </ns3:TrackPointExtension>
        </extensions>
      </trkpt>
      <trkpt lat="45.7380622811615467071533203125" lon="126.57094233669340610504150390625">
        <ele>127.1999969482421875</ele>
        <time>2026-07-31T22:41:04.000Z</time>
        <extensions>
          <ns3:TrackPointExtension>
            <ns3:hr>175</ns3:hr>
            <ns3:cad>86</ns3:cad>
          </ns3:TrackPointExtension>
        </extensions>
      </trkpt>
      <trkpt lat="45.73808147571980953216552734375" lon="126.570935547351837158203125">
        <ele>127.1999969482421875</ele>
        <time>2026-07-31T22:41:05.000Z</time>
        <extensions>
          <ns3:TrackPointExtension>
            <ns3:hr>174</ns3:hr>
            <ns3:cad>86</ns3:cad>
          </ns3:TrackPointExtension>
        </extensions>
      </trkpt>
      <trkpt lat="45.73810561560094356536865234375" lon="126.57092389650642871856689453125">
        <ele>127.1999969482421875</ele>
        <time>2026-07-31T22:41:06.000Z</time>
        <extensions>
          <ns3:TrackPointExtension>
            <ns3:hr>175</ns3:hr>
            <ns3:cad>86</ns3:cad>
          </ns3:TrackPointExtension>
        </extensions>
      </trkpt>
      <trkpt lat="45.73813076131045818328857421875" lon="126.5709166042506694793701171875">
        <ele>127.1999969482421875</ele>
        <time>2026-07-31T22:41:07.000Z</time>
        <extensions>
          <ns3:TrackPointExtension>
            <ns3:hr>175</ns3:hr>
            <ns3:cad>86</ns3:cad>
          </ns3:TrackPointExtension>
        </extensions>
      </trkpt>
      <trkpt lat="45.73814970441162586212158203125" lon="126.570909060537815093994140625">
        <ele>127.1999969482421875</ele>
        <time>2026-07-31T22:41:08.000Z</time>
        <extensions>
          <ns3:TrackPointExtension>
            <ns3:hr>175</ns3:hr>
            <ns3:cad>86</ns3:cad>
          </ns3:TrackPointExtension>
        </extensions>
      </trkpt>
      <trkpt lat="45.738174431025981903076171875" lon="126.5709021873772144317626953125">
        <ele>127.1999969482421875</ele>
        <time>2026-07-31T22:41:09.000Z</time>
        <extensions>
          <ns3:TrackPointExtension>
            <ns3:hr>175</ns3:hr>
            <ns3:cad>87</ns3:cad>
          </ns3:TrackPointExtension>
        </extensions>
      </trkpt>
      <trkpt lat="45.73819546960294246673583984375" lon="126.57089221291244029998779296875">
        <ele>127.1999969482421875</ele>
        <time>2026-07-31T22:41:10.000Z</time>
        <extensions>
          <ns3:TrackPointExtension>
            <ns3:hr>175</ns3:hr>
            <ns3:cad>86</ns3:cad>
          </ns3:TrackPointExtension>
        </extensions>
      </trkpt>
      <trkpt lat="45.73822396807372570037841796875" lon="126.57088668085634708404541015625">
        <ele>127.1999969482421875</ele>
        <time>2026-07-31T22:41:11.000Z</time>
        <extensions>
          <ns3:TrackPointExtension>
            <ns3:hr>174</ns3:hr>
            <ns3:cad>86</ns3:cad>
          </ns3:TrackPointExtension>
        </extensions>
      </trkpt>
      <trkpt lat="45.73824492283165454864501953125" lon="126.57088450156152248382568359375">
        <ele>127.1999969482421875</ele>
        <time>2026-07-31T22:41:12.000Z</time>
        <extensions>
          <ns3:TrackPointExtension>
            <ns3:hr>175</ns3:hr>
            <ns3:cad>86</ns3:cad>
          </ns3:TrackPointExtension>
        </extensions>
      </trkpt>
      <trkpt lat="45.73827593587338924407958984375" lon="126.57087092287838459014892578125">
        <ele>127.1999969482421875</ele>
        <time>2026-07-31T22:41:13.000Z</time>
        <extensions>
          <ns3:TrackPointExtension>
            <ns3:hr>175</ns3:hr>
            <ns3:cad>86</ns3:cad>
          </ns3:TrackPointExtension>
        </extensions>
      </trkpt>
      <trkpt lat="45.73830225504934787750244140625" lon="126.57086321152746677398681640625">
        <ele>127.1999969482421875</ele>
        <time>2026-07-31T22:41:14.000Z</time>
        <extensions>
          <ns3:TrackPointExtension>
            <ns3:hr>174</ns3:hr>
            <ns3:cad>86</ns3:cad>
          </ns3:TrackPointExtension>
        </extensions>
      </trkpt>
      <trkpt lat="45.73832564055919647216796875" lon="126.57084929756820201873779296875">
        <ele>127.1999969482421875</ele>
        <time>2026-07-31T22:41:15.000Z</time>
        <extensions>
          <ns3:TrackPointExtension>
            <ns3:hr>175</ns3:hr>
            <ns3:cad>86</ns3:cad>
          </ns3:TrackPointExtension>
        </extensions>
      </trkpt>
      <trkpt lat="45.738356821238994598388671875" lon="126.5708415023982524871826171875">
        <ele>127.1999969482421875</ele>
        <time>2026-07-31T22:41:16.000Z</time>
        <extensions>
          <ns3:TrackPointExtension>
            <ns3:hr>176</ns3:hr>
            <ns3:cad>87</ns3:cad>
          </ns3:TrackPointExtension>
        </extensions>
      </trkpt>
      <trkpt lat="45.73837987147271633148193359375" lon="126.570833288133144378662109375">
        <ele>127.1999969482421875</ele>
        <time>2026-07-31T22:41:17.000Z</time>
        <extensions>
          <ns3:TrackPointExtension>
            <ns3:hr>176</ns3:hr>
            <ns3:cad>87</ns3:cad>
          </ns3:TrackPointExtension>
        </extensions>
      </trkpt>
      <trkpt lat="45.7384109683334827423095703125" lon="126.5708264149725437164306640625">
        <ele>127.1999969482421875</ele>
        <time>2026-07-31T22:41:18.000Z</time>
        <extensions>
          <ns3:TrackPointExtension>
            <ns3:hr>178</ns3:hr>
            <ns3:cad>85</ns3:cad>
          </ns3:TrackPointExtension>
        </extensions>
      </trkpt>
      <trkpt lat="45.73843133635818958282470703125" lon="126.57082490622997283935546875">
        <ele>127.1999969482421875</ele>
        <time>2026-07-31T22:41:19.000Z</time>
        <extensions>
          <ns3:TrackPointExtension>
            <ns3:hr>178</ns3:hr>
            <ns3:cad>85</ns3:cad>
          </ns3:TrackPointExtension>
        </extensions>
      </trkpt>
      <trkpt lat="45.7384562306106090545654296875" lon="126.57081476412713527679443359375">
        <ele>127.1999969482421875</ele>
        <time>2026-07-31T22:41:20.000Z</time>
        <extensions>
          <ns3:TrackPointExtension>
            <ns3:hr>178</ns3:hr>
            <ns3:cad>86</ns3:cad>
          </ns3:TrackPointExtension>
        </extensions>
      </trkpt>
      <trkpt lat="45.73847861029207706451416015625" lon="126.57080654986202716827392578125">
        <ele>127.1999969482421875</ele>
        <time>2026-07-31T22:41:21.000Z</time>
        <extensions>
          <ns3:TrackPointExtension>
            <ns3:hr>179</ns3:hr>
            <ns3:cad>86</ns3:cad>
          </ns3:TrackPointExtension>
        </extensions>
      </trkpt>
      <trkpt lat="45.7384994812309741973876953125" lon="126.57079280354082584381103515625">
        <ele>127.1999969482421875</ele>
        <time>2026-07-31T22:41:22.000Z</time>
        <extensions>
          <ns3:TrackPointExtension>
            <ns3:hr>180</ns3:hr>
            <ns3:cad>86</ns3:cad>
          </ns3:TrackPointExtension>
        </extensions>
      </trkpt>
      <trkpt lat="45.7385283149778842926025390625" lon="126.57078576274216175079345703125">
        <ele>127</ele>
        <time>2026-07-31T22:41:23.000Z</time>
        <extensions>
          <ns3:TrackPointExtension>
            <ns3:hr>180</ns3:hr>
            <ns3:cad>86</ns3:cad>
          </ns3:TrackPointExtension>
        </extensions>
      </trkpt>
      <trkpt lat="45.73854750953614711761474609375" lon="126.570773608982563018798828125">
        <ele>127</ele>
        <time>2026-07-31T22:41:24.000Z</time>
        <extensions>
          <ns3:TrackPointExtension>
            <ns3:hr>180</ns3:hr>
            <ns3:cad>85</ns3:cad>
          </ns3:TrackPointExtension>
        </extensions>
      </trkpt>
      <trkpt lat="45.7385789416730403900146484375" lon="126.57076321542263031005859375">
        <ele>127</ele>
        <time>2026-07-31T22:41:25.000Z</time>
        <extensions>
          <ns3:TrackPointExtension>
            <ns3:hr>180</ns3:hr>
            <ns3:cad>85</ns3:cad>
          </ns3:TrackPointExtension>
        </extensions>
      </trkpt>
      <trkpt lat="45.73859788477420806884765625" lon="126.57076111994683742523193359375">
        <ele>127</ele>
        <time>2026-07-31T22:41:26.000Z</time>
        <extensions>
          <ns3:TrackPointExtension>
            <ns3:hr>180</ns3:hr>
            <ns3:cad>85</ns3:cad>
          </ns3:TrackPointExtension>
        </extensions>
      </trkpt>
      <trkpt lat="45.738624036312103271484375" lon="126.57075022347271442413330078125">
        <ele>127</ele>
        <time>2026-07-31T22:41:27.000Z</time>
        <extensions>
          <ns3:TrackPointExtension>
            <ns3:hr>180</ns3:hr>
            <ns3:cad>87</ns3:cad>
          </ns3:TrackPointExtension>
        </extensions>
      </trkpt>
      <trkpt lat="45.7386483438313007354736328125" lon="126.57074687071144580841064453125">
        <ele>127</ele>
        <time>2026-07-31T22:41:28.000Z</time>
        <extensions>
          <ns3:TrackPointExtension>
            <ns3:hr>179</ns3:hr>
            <ns3:cad>87</ns3:cad>
          </ns3:TrackPointExtension>
        </extensions>
      </trkpt>
      <trkpt lat="45.73866770602762699127197265625" lon="126.57073446549475193023681640625">
        <ele>127</ele>
        <time>2026-07-31T22:41:29.000Z</time>
        <extensions>
          <ns3:TrackPointExtension>
            <ns3:hr>178</ns3:hr>
            <ns3:cad>86</ns3:cad>
          </ns3:TrackPointExtension>
        </extensions>
      </trkpt>
      <trkpt lat="45.73869419284164905548095703125" lon="126.5707268379628658294677734375">
        <ele>126.8000030517578125</ele>
        <time>2026-07-31T22:41:30.000Z</time>
        <extensions>
          <ns3:TrackPointExtension>
            <ns3:hr>178</ns3:hr>
            <ns3:cad>86</ns3:cad>
          </ns3:TrackPointExtension>
        </extensions>
      </trkpt>
      <trkpt lat="45.73871053755283355712890625" lon="126.57071803696453571319580078125">
        <ele>126.8000030517578125</ele>
        <time>2026-07-31T22:41:31.000Z</time>
        <extensions>
          <ns3:TrackPointExtension>
            <ns3:hr>177</ns3:hr>
            <ns3:cad>85</ns3:cad>
          </ns3:TrackPointExtension>
        </extensions>
      </trkpt>
      <trkpt lat="45.73873911984264850616455078125" lon="126.57071166671812534332275390625">
        <ele>126.8000030517578125</ele>
        <time>2026-07-31T22:41:32.000Z</time>
        <extensions>
          <ns3:TrackPointExtension>
            <ns3:hr>176</ns3:hr>
            <ns3:cad>85</ns3:cad>
          </ns3:TrackPointExtension>
        </extensions>
      </trkpt>
      <trkpt lat="45.73875823058187961578369140625" lon="126.57071292400360107421875">
        <ele>126.8000030517578125</ele>
        <time>2026-07-31T22:41:33.000Z</time>
        <extensions>
          <ns3:TrackPointExtension>
            <ns3:hr>176</ns3:hr>
            <ns3:cad>85</ns3:cad>
          </ns3:TrackPointExtension>
        </extensions>
      </trkpt>
      <trkpt lat="45.738782621920108795166015625" lon="126.5707035362720489501953125">
        <ele>126.8000030517578125</ele>
        <time>2026-07-31T22:41:34.000Z</time>
        <extensions>
          <ns3:TrackPointExtension>
            <ns3:hr>176</ns3:hr>
            <ns3:cad>85</ns3:cad>
          </ns3:TrackPointExtension>
        </extensions>
      </trkpt>
      <trkpt lat="45.7388072647154331207275390625" lon="126.570699512958526611328125">
        <ele>126.8000030517578125</ele>
        <time>2026-07-31T22:41:35.000Z</time>
        <extensions>
          <ns3:TrackPointExtension>
            <ns3:hr>175</ns3:hr>
            <ns3:cad>85</ns3:cad>
          </ns3:TrackPointExtension>
        </extensions>
      </trkpt>
      <trkpt lat="45.738832913339138031005859375" lon="126.5706758759915828704833984375">
        <ele>126.8000030517578125</ele>
        <time>2026-07-31T22:41:36.000Z</time>
        <extensions>
          <ns3:TrackPointExtension>
            <ns3:hr>175</ns3:hr>
            <ns3:cad>85</ns3:cad>
          </ns3:TrackPointExtension>
        </extensions>
      </trkpt>
      <trkpt lat="45.7388411276042461395263671875" lon="126.5706664882600307464599609375">
        <ele>126.8000030517578125</ele>
        <time>2026-07-31T22:41:37.000Z</time>
        <extensions>
          <ns3:TrackPointExtension>
            <ns3:hr>175</ns3:hr>
            <ns3:cad>85</ns3:cad>
          </ns3:TrackPointExtension>
        </extensions>
      </trkpt>
      <trkpt lat="45.73885143734514713287353515625" lon="126.570658944547176361083984375">
        <ele>126.8000030517578125</ele>
        <time>2026-07-31T22:41:38.000Z</time>
        <extensions>
          <ns3:TrackPointExtension>
            <ns3:hr>176</ns3:hr>
            <ns3:cad>85</ns3:cad>
          </ns3:TrackPointExtension>
        </extensions>
      </trkpt>
      <trkpt lat="45.73885713703930377960205078125" lon="126.570648886263370513916015625">
        <ele>126.8000030517578125</ele>
        <time>2026-07-31T22:41:39.000Z</time>
        <extensions>
          <ns3:TrackPointExtension>
            <ns3:hr>175</ns3:hr>
            <ns3:cad>85</ns3:cad>
          </ns3:TrackPointExtension>
        </extensions>
      </trkpt>
    </trkseg>
  </trk>
</gpx>
