<?xml version="1.0" encoding="UTF-8"?>
<gpx creator="Garmin Connect" version="1.1"
  xsi:schemaLocation="http://www.topografix.com/GPX/1/1 http://www.topografix.com/GPX/11.xsd"
  xmlns:ns3="http://www.garmin.com/xmlschemas/TrackPointExtension/v1"
  xmlns="http://www.topografix.com/GPX/1/1"
  xmlns:xsi="http://www.w3.org/2001/XMLSchema-instance" xmlns:ns2="http://www.garmin.com/xmlschemas/GpxExtensions/v3">
  <metadata>
    <link href="connect.garmin.com">
      <text>Garmin Connect</text>
    </link>
    <time>2026-08-06T23:11:50.000Z</time>
  </metadata>
  <trk>
    <name>哈尔滨市 - 基础训练</name>
    <type>running</type>
    <trkseg>
      <trkpt lat="45.70088191889226436614990234375" lon="126.59346836619079113006591796875">
        <ele>156.399993896484375</ele>
        <time>2026-08-06T23:11:56.000Z</time>
        <extensions>
          <ns3:TrackPointExtension>
            <ns3:hr>117</ns3:hr>
            <ns3:cad>85</ns3:cad>
          </ns3:TrackPointExtension>
        </extensions>
      </trkpt>
      <trkpt lat="45.700888372957706451416015625" lon="126.59347373060882091522216796875">
        <ele>156.1999969482421875</ele>
        <time>2026-08-06T23:11:57.000Z</time>
        <extensions>
          <ns3:TrackPointExtension>
            <ns3:hr>119</ns3:hr>
            <ns3:cad>85</ns3:cad>
          </ns3:TrackPointExtension>
        </extensions>
      </trkpt>
      <trkpt lat="45.70088041014969348907470703125" lon="126.59359040670096874237060546875">
        <ele>156</ele>
        <time>2026-08-06T23:11:59.000Z</time>
        <extensions>
          <ns3:TrackPointExtension>
            <ns3:hr>121</ns3:hr>
            <ns3:cad>85</ns3:cad>
          </ns3:TrackPointExtension>
        </extensions>
      </trkpt>
      <trkpt lat="45.700893066823482513427734375" lon="126.59364623017609119415283203125">
        <ele>156</ele>
        <time>2026-08-06T23:12:00.000Z</time>
        <extensions>
          <ns3:TrackPointExtension>
            <ns3:hr>122</ns3:hr>
            <ns3:cad>84</ns3:cad>
          </ns3:TrackPointExtension>
        </extensions>
      </trkpt>
      <trkpt lat="45.7008893787860870361328125" lon="126.5936731360852718353271484375">
        <ele>156</ele>
        <time>2026-08-06T23:12:01.000Z</time>
        <extensions>
          <ns3:TrackPointExtension>
            <ns3:hr>122</ns3:hr>
            <ns3:cad>84</ns3:cad>
          </ns3:TrackPointExtension>
        </extensions>
      </trkpt>
      <trkpt lat="45.70089851506054401397705078125" lon="126.59371362067759037017822265625">
        <ele>155.8000030517578125</ele>
        <time>2026-08-06T23:12:02.000Z</time>
        <extensions>
          <ns3:TrackPointExtension>
            <ns3:hr>123</ns3:hr>
            <ns3:cad>84</ns3:cad>
          </ns3:TrackPointExtension>
        </extensions>
      </trkpt>
      <trkpt lat="45.70090538822114467620849609375" lon="126.59374681301414966583251953125">
        <ele>155.600006103515625</ele>
        <time>2026-08-06T23:12:03.000Z</time>
        <extensions>
          <ns3:TrackPointExtension>
            <ns3:hr>124</ns3:hr>
            <ns3:cad>85</ns3:cad>
          </ns3:TrackPointExtension>
        </extensions>
      </trkpt>
      <trkpt lat="45.700909160077571868896484375" lon="126.5937911532819271087646484375">
        <ele>155.600006103515625</ele>
        <time>2026-08-06T23:12:04.000Z</time>
        <extensions>
          <ns3:TrackPointExtension>
            <ns3:hr>126</ns3:hr>
            <ns3:cad>86</ns3:cad>
          </ns3:TrackPointExtension>
        </extensions>
      </trkpt>
      <trkpt lat="45.70091226138174533843994140625" lon="126.593827195465564727783203125">
        <ele>155.399993896484375</ele>
        <time>2026-08-06T23:12:05.000Z</time>
        <extensions>
          <ns3:TrackPointExtension>
            <ns3:hr>127</ns3:hr>
            <ns3:cad>86</ns3:cad>
          </ns3:TrackPointExtension>
        </extensions>
      </trkpt>
      <trkpt lat="45.70091821253299713134765625" lon="126.59387052990496158599853515625">
        <ele>155.1999969482421875</ele>
        <time>2026-08-06T23:12:06.000Z</time>
        <extensions>
          <ns3:TrackPointExtension>
            <ns3:hr>128</ns3:hr>
            <ns3:cad>86</ns3:cad>
          </ns3:TrackPointExtension>
        </extensions>
      </trkpt>
      <trkpt lat="45.70092600770294666290283203125" lon="126.5939084999263286590576171875">
        <ele>155.1999969482421875</ele>
        <time>2026-08-06T23:12:07.000Z</time>
        <extensions>
          <ns3:TrackPointExtension>
            <ns3:hr>128</ns3:hr>
            <ns3:cad>86</ns3:cad>
          </ns3:TrackPointExtension>
        </extensions>
      </trkpt>
      <trkpt lat="45.70094042457640171051025390625" lon="126.593941859900951385498046875">
        <ele>155</ele>
        <time>2026-08-06T23:12:08.000Z</time>
        <extensions>
          <ns3:TrackPointExtension>
            <ns3:hr>129</ns3:hr>
            <ns3:cad>86</ns3:cad>
          </ns3:TrackPointExtension>
        </extensions>
      </trkpt>
      <trkpt lat="45.70093832910060882568359375" lon="126.5939856134355068206787109375">
        <ele>155</ele>
        <time>2026-08-06T23:12:09.000Z</time>
        <extensions>
          <ns3:TrackPointExtension>
            <ns3:hr>130</ns3:hr>
            <ns3:cad>86</ns3:cad>
          </ns3:TrackPointExtension>
        </extensions>
      </trkpt>
      <trkpt lat="45.70094260387122631072998046875" lon="126.59402106888592243194580078125">
        <ele>154.8000030517578125</ele>
        <time>2026-08-06T23:12:10.000Z</time>
        <extensions>
          <ns3:TrackPointExtension>
            <ns3:hr>130</ns3:hr>
            <ns3:cad>86</ns3:cad>
          </ns3:TrackPointExtension>
        </extensions>
      </trkpt>
      <trkpt lat="45.7009448669850826263427734375" lon="126.59406758844852447509765625">
        <ele>154.8000030517578125</ele>
        <time>2026-08-06T23:12:11.000Z</time>
        <extensions>
          <ns3:TrackPointExtension>
            <ns3:hr>131</ns3:hr>
            <ns3:cad>86</ns3:cad>
          </ns3:TrackPointExtension>
        </extensions>
      </trkpt>
      <trkpt lat="45.700950734317302703857421875" lon="126.59410178661346435546875">
        <ele>154.600006103515625</ele>
        <time>2026-08-06T23:12:12.000Z</time>
        <extensions>
          <ns3:TrackPointExtension>
            <ns3:hr>131</ns3:hr>
            <ns3:cad>86</ns3:cad>
          </ns3:TrackPointExtension>
        </extensions>
      </trkpt>
      <trkpt lat="45.70095500908792018890380859375" lon="126.594149060547351837158203125">
        <ele>154.399993896484375</ele>
        <time>2026-08-06T23:12:13.000Z</time>
        <extensions>
          <ns3:TrackPointExtension>
            <ns3:hr>130</ns3:hr>
            <ns3:cad>86</ns3:cad>
          </ns3:TrackPointExtension>
        </extensions>
      </trkpt>
      <trkpt lat="45.7009579427540302276611328125" lon="126.59418434835970401763916015625">
        <ele>154.399993896484375</ele>
        <time>2026-08-06T23:12:14.000Z</time>
        <extensions>
          <ns3:TrackPointExtension>
            <ns3:hr>130</ns3:hr>
            <ns3:cad>86</ns3:cad>
          </ns3:TrackPointExtension>
        </extensions>
      </trkpt>
      <trkpt lat="45.7009656541049480438232421875" lon="126.59422676078975200653076171875">
        <ele>154.1999969482421875</ele>
        <time>2026-08-06T23:12:15.000Z</time>
        <extensions>
          <ns3:TrackPointExtension>
            <ns3:hr>130</ns3:hr>
            <ns3:cad>86</ns3:cad>
          </ns3:TrackPointExtension>
        </extensions>
      </trkpt>
      <trkpt lat="45.70097311399877071380615234375" lon="126.59426347352564334869384765625">
        <ele>154.1999969482421875</ele>
        <time>2026-08-06T23:12:16.000Z</time>
        <extensions>
          <ns3:TrackPointExtension>
            <ns3:hr>129</ns3:hr>
            <ns3:cad>86</ns3:cad>
          </ns3:TrackPointExtension>
        </extensions>
      </trkpt>
      <trkpt lat="45.7009807415306568145751953125" lon="126.59429918043315410614013671875">
        <ele>154</ele>
        <time>2026-08-06T23:12:17.000Z</time>
        <extensions>
          <ns3:TrackPointExtension>
            <ns3:hr>130</ns3:hr>
            <ns3:cad>86</ns3:cad>
          </ns3:TrackPointExtension>
        </extensions>
      </trkpt>
      <trkpt lat="45.70098317228257656097412109375" lon="126.59434393979609012603759765625">
        <ele>154</ele>
        <time>2026-08-06T23:12:18.000Z</time>
        <extensions>
          <ns3:TrackPointExtension>
            <ns3:hr>130</ns3:hr>
            <ns3:cad>87</ns3:cad>
          </ns3:TrackPointExtension>
        </extensions>
      </trkpt>
      <trkpt lat="45.7009897939860820770263671875" lon="126.594372354447841644287109375">
        <ele>153.8000030517578125</ele>
        <time>2026-08-06T23:12:19.000Z</time>
        <extensions>
          <ns3:TrackPointExtension>
            <ns3:hr>130</ns3:hr>
            <ns3:cad>87</ns3:cad>
          </ns3:TrackPointExtension>
        </extensions>
      </trkpt>
      <trkpt lat="45.70099038071930408477783203125" lon="126.59441669471561908721923828125">
        <ele>153.600006103515625</ele>
        <time>2026-08-06T23:12:20.000Z</time>
        <extensions>
          <ns3:TrackPointExtension>
            <ns3:hr>130</ns3:hr>
            <ns3:cad>87</ns3:cad>
          </ns3:TrackPointExtension>
        </extensions>
      </trkpt>
      <trkpt lat="45.70098753087222576141357421875" lon="126.59444536082446575164794921875">
        <ele>153.399993896484375</ele>
        <time>2026-08-06T23:12:21.000Z</time>
        <extensions>
          <ns3:TrackPointExtension>
            <ns3:hr>130</ns3:hr>
            <ns3:cad>87</ns3:cad>
          </ns3:TrackPointExtension>
        </extensions>
      </trkpt>
      <trkpt lat="45.70095844566822052001953125" lon="126.59447151236236095428466796875">
        <ele>153.399993896484375</ele>
        <time>2026-08-06T23:12:22.000Z</time>
        <extensions>
          <ns3:TrackPointExtension>
            <ns3:hr>131</ns3:hr>
            <ns3:cad>86</ns3:cad>
          </ns3:TrackPointExtension>
        </extensions>
      </trkpt>
      <trkpt lat="45.70093707181513309478759765625" lon="126.59448224119842052459716796875">
        <ele>153.1999969482421875</ele>
        <time>2026-08-06T23:12:23.000Z</time>
        <extensions>
          <ns3:TrackPointExtension>
            <ns3:hr>132</ns3:hr>
            <ns3:cad>86</ns3:cad>
          </ns3:TrackPointExtension>
        </extensions>
      </trkpt>
      <trkpt lat="45.70089901797473430633544921875" lon="126.594487689435482025146484375">
        <ele>153</ele>
        <time>2026-08-06T23:12:24.000Z</time>
        <extensions>
          <ns3:TrackPointExtension>
            <ns3:hr>133</ns3:hr>
            <ns3:cad>86</ns3:cad>
          </ns3:TrackPointExtension>
        </extensions>
      </trkpt>
      <trkpt lat="45.70087018422782421112060546875" lon="126.59449112601578235626220703125">
        <ele>152.8000030517578125</ele>
        <time>2026-08-06T23:12:25.000Z</time>
        <extensions>
          <ns3:TrackPointExtension>
            <ns3:hr>134</ns3:hr>
            <ns3:cad>87</ns3:cad>
          </ns3:TrackPointExtension>
        </extensions>
      </trkpt>
      <trkpt lat="45.70083766244351863861083984375" lon="126.59449875354766845703125">
        <ele>152.8000030517578125</ele>
        <time>2026-08-06T23:12:26.000Z</time>
        <extensions>
          <ns3:TrackPointExtension>
            <ns3:hr>135</ns3:hr>
            <ns3:cad>88</ns3:cad>
          </ns3:TrackPointExtension>
        </extensions>
      </trkpt>
      <trkpt lat="45.70080497302114963531494140625" lon="126.5944989211857318878173828125">
        <ele>152.600006103515625</ele>
        <time>2026-08-06T23:12:27.000Z</time>
        <extensions>
          <ns3:TrackPointExtension>
            <ns3:hr>136</ns3:hr>
            <ns3:cad>88</ns3:cad>
          </ns3:TrackPointExtension>
        </extensions>
      </trkpt>
      <trkpt lat="45.70078016258776187896728515625" lon="126.59451409243047237396240234375">
        <ele>152.399993896484375</ele>
        <time>2026-08-06T23:12:28.000Z</time>
        <extensions>
          <ns3:TrackPointExtension>
            <ns3:hr>137</ns3:hr>
            <ns3:cad>88</ns3:cad>
          </ns3:TrackPointExtension>
        </extensions>
      </trkpt>
      <trkpt lat="45.70074864663183689117431640625" lon="126.59451660700142383575439453125">
        <ele>152.600006103515625</ele>
        <time>2026-08-06T23:12:29.000Z</time>
        <extensions>
          <ns3:TrackPointExtension>
            <ns3:hr>137</ns3:hr>
            <ns3:cad>88</ns3:cad>
          </ns3:TrackPointExtension>
        </extensions>
      </trkpt>
      <trkpt lat="45.7007316313683986663818359375" lon="126.59451819956302642822265625">
        <ele>152.600006103515625</ele>
        <time>2026-08-06T23:12:30.000Z</time>
        <extensions>
          <ns3:TrackPointExtension>
            <ns3:hr>138</ns3:hr>
            <ns3:cad>88</ns3:cad>
          </ns3:TrackPointExtension>
        </extensions>
      </trkpt>
      <trkpt lat="45.70070958696305751800537109375" lon="126.5945203788578510284423828125">
        <ele>152.600006103515625</ele>
        <time>2026-08-06T23:12:31.000Z</time>
        <extensions>
          <ns3:TrackPointExtension>
            <ns3:hr>138</ns3:hr>
            <ns3:cad>88</ns3:cad>
          </ns3:TrackPointExtension>
        </extensions>
      </trkpt>
      <trkpt lat="45.70069718174636363983154296875" lon="126.5945183672010898590087890625">
        <ele>152.8000030517578125</ele>
        <time>2026-08-06T23:12:32.000Z</time>
        <extensions>
          <ns3:TrackPointExtension>
            <ns3:hr>139</ns3:hr>
            <ns3:cad>88</ns3:cad>
          </ns3:TrackPointExtension>
        </extensions>
      </trkpt>
      <trkpt lat="45.7006592117249965667724609375" lon="126.594521217048168182373046875">
        <ele>152.8000030517578125</ele>
        <time>2026-08-06T23:12:33.000Z</time>
        <extensions>
          <ns3:TrackPointExtension>
            <ns3:hr>139</ns3:hr>
            <ns3:cad>88</ns3:cad>
          </ns3:TrackPointExtension>
        </extensions>
      </trkpt>
      <trkpt lat="45.7006327249109745025634765625" lon="126.59452331252396106719970703125">
        <ele>152.8000030517578125</ele>
        <time>2026-08-06T23:12:34.000Z</time>
        <extensions>
          <ns3:TrackPointExtension>
            <ns3:hr>139</ns3:hr>
            <ns3:cad>86</ns3:cad>
          </ns3:TrackPointExtension>
        </extensions>
      </trkpt>
      <trkpt lat="45.70060431025922298431396484375" lon="126.59453487955033779144287109375">
        <ele>152.8000030517578125</ele>
        <time>2026-08-06T23:12:35.000Z</time>
        <extensions>
          <ns3:TrackPointExtension>
            <ns3:hr>140</ns3:hr>
            <ns3:cad>86</ns3:cad>
          </ns3:TrackPointExtension>
        </extensions>
      </trkpt>
      <trkpt lat="45.70057363249361515045166015625" lon="126.59454376436769962310791015625">
        <ele>153</ele>
        <time>2026-08-06T23:12:36.000Z</time>
        <extensions>
          <ns3:TrackPointExtension>
            <ns3:hr>140</ns3:hr>
            <ns3:cad>86</ns3:cad>
          </ns3:TrackPointExtension>
        </extensions>
      </trkpt>
      <trkpt lat="45.700548402965068817138671875" lon="126.59455818124115467071533203125">
        <ele>153</ele>
        <time>2026-08-06T23:12:37.000Z</time>
        <extensions>
          <ns3:TrackPointExtension>
            <ns3:hr>140</ns3:hr>
            <ns3:cad>86</ns3:cad>
          </ns3:TrackPointExtension>
        </extensions>
      </trkpt>
      <trkpt lat="45.70051881484687328338623046875" lon="126.59457226283848285675048828125">
        <ele>153</ele>
        <time>2026-08-06T23:12:38.000Z</time>
        <extensions>
          <ns3:TrackPointExtension>
            <ns3:hr>140</ns3:hr>
            <ns3:cad>86</ns3:cad>
          </ns3:TrackPointExtension>
        </extensions>
      </trkpt>
      <trkpt lat="45.70049501024186611175537109375" lon="126.59458533860743045806884765625">
        <ele>153</ele>
        <time>2026-08-06T23:12:39.000Z</time>
        <extensions>
          <ns3:TrackPointExtension>
            <ns3:hr>141</ns3:hr>
            <ns3:cad>86</ns3:cad>
          </ns3:TrackPointExtension>
        </extensions>
      </trkpt>
      <trkpt lat="45.70046165026724338531494140625" lon="126.59459237940609455108642578125">
        <ele>153</ele>
        <time>2026-08-06T23:12:40.000Z</time>
        <extensions>
          <ns3:TrackPointExtension>
            <ns3:hr>141</ns3:hr>
            <ns3:cad>86</ns3:cad>
          </ns3:TrackPointExtension>
        </extensions>
      </trkpt>
      <trkpt lat="45.7004402764141559600830078125" lon="126.594603359699249267578125">
        <ele>153</ele>
        <time>2026-08-06T23:12:41.000Z</time>
        <extensions>
          <ns3:TrackPointExtension>
            <ns3:hr>141</ns3:hr>
            <ns3:cad>86</ns3:cad>
          </ns3:TrackPointExtension>
        </extensions>
      </trkpt>
      <trkpt lat="45.70040817372500896453857421875" lon="126.59460796974599361419677734375">
        <ele>153</ele>
        <time>2026-08-06T23:12:42.000Z</time>
        <extensions>
          <ns3:TrackPointExtension>
            <ns3:hr>141</ns3:hr>
            <ns3:cad>87</ns3:cad>
          </ns3:TrackPointExtension>
        </extensions>
      </trkpt>
      <trkpt lat="45.7003805972635746002197265625" lon="126.59461249597370624542236328125">
        <ele>153.1999969482421875</ele>
        <time>2026-08-06T23:12:43.000Z</time>
        <extensions>
          <ns3:TrackPointExtension>
            <ns3:hr>140</ns3:hr>
            <ns3:cad>87</ns3:cad>
          </ns3:TrackPointExtension>
        </extensions>
      </trkpt>
      <trkpt lat="45.700350590050220489501953125" lon="126.594620458781719207763671875">
        <ele>153.1999969482421875</ele>
        <time>2026-08-06T23:12:44.000Z</time>
        <extensions>
          <ns3:TrackPointExtension>
            <ns3:hr>140</ns3:hr>
            <ns3:cad>87</ns3:cad>
          </ns3:TrackPointExtension>
        </extensions>
      </trkpt>
      <trkpt lat="45.70032284595072269439697265625" lon="126.5946209616959095001220703125">
        <ele>153.1999969482421875</ele>
        <time>2026-08-06T23:12:45.000Z</time>
        <extensions>
          <ns3:TrackPointExtension>
            <ns3:hr>141</ns3:hr>
            <ns3:cad>87</ns3:cad>
          </ns3:TrackPointExtension>
        </extensions>
      </trkpt>
      <trkpt lat="45.70029728114604949951171875" lon="126.5946253202855587005615234375">
        <ele>153.1999969482421875</ele>
        <time>2026-08-06T23:12:46.000Z</time>
        <extensions>
          <ns3:TrackPointExtension>
            <ns3:hr>141</ns3:hr>
            <ns3:cad>87</ns3:cad>
          </ns3:TrackPointExtension>
        </extensions>
      </trkpt>
      <trkpt lat="45.70027314126491546630859375" lon="126.594625152647495269775390625">
        <ele>153.1999969482421875</ele>
        <time>2026-08-06T23:12:47.000Z</time>
        <extensions>
          <ns3:TrackPointExtension>
            <ns3:hr>142</ns3:hr>
            <ns3:cad>87</ns3:cad>
          </ns3:TrackPointExtension>
        </extensions>
      </trkpt>
      <trkpt lat="45.70024766027927398681640625" lon="126.5946303494274616241455078125">
        <ele>153.1999969482421875</ele>
        <time>2026-08-06T23:12:48.000Z</time>
        <extensions>
          <ns3:TrackPointExtension>
            <ns3:hr>143</ns3:hr>
            <ns3:cad>87</ns3:cad>
          </ns3:TrackPointExtension>
        </extensions>
      </trkpt>
      <trkpt lat="45.70022075437009334564208984375" lon="126.59462976269423961639404296875">
        <ele>153.399993896484375</ele>
        <time>2026-08-06T23:12:49.000Z</time>
        <extensions>
          <ns3:TrackPointExtension>
            <ns3:hr>143</ns3:hr>
            <ns3:cad>87</ns3:cad>
          </ns3:TrackPointExtension>
        </extensions>
      </trkpt>
      <trkpt lat="45.70019938051700592041015625" lon="126.5946353785693645477294921875">
        <ele>153.399993896484375</ele>
        <time>2026-08-06T23:12:50.000Z</time>
        <extensions>
          <ns3:TrackPointExtension>
            <ns3:hr>143</ns3:hr>
            <ns3:cad>87</ns3:cad>
          </ns3:TrackPointExtension>
        </extensions>
      </trkpt>
      <trkpt lat="45.70016811601817607879638671875" lon="126.59463822841644287109375">
        <ele>153.399993896484375</ele>
        <time>2026-08-06T23:12:51.000Z</time>
        <extensions>
          <ns3:TrackPointExtension>
            <ns3:hr>143</ns3:hr>
            <ns3:cad>87</ns3:cad>
          </ns3:TrackPointExtension>
        </extensions>
      </trkpt>
      <trkpt lat="45.70014397613704204559326171875" lon="126.59464895725250244140625">
        <ele>153.1999969482421875</ele>
        <time>2026-08-06T23:12:52.000Z</time>
        <extensions>
          <ns3:TrackPointExtension>
            <ns3:hr>143</ns3:hr>
            <ns3:cad>88</ns3:cad>
          </ns3:TrackPointExtension>
        </extensions>
      </trkpt>
      <trkpt lat="45.70011086761951446533203125" lon="126.5946521423757076263427734375">
        <ele>153.1999969482421875</ele>
        <time>2026-08-06T23:12:53.000Z</time>
        <extensions>
          <ns3:TrackPointExtension>
            <ns3:hr>143</ns3:hr>
            <ns3:cad>89</ns3:cad>
          </ns3:TrackPointExtension>
        </extensions>
      </trkpt>
      <trkpt lat="45.7000929303467273712158203125" lon="126.5946528129279613494873046875">
        <ele>153</ele>
        <time>2026-08-06T23:12:54.000Z</time>
        <extensions>
          <ns3:TrackPointExtension>
            <ns3:hr>144</ns3:hr>
            <ns3:cad>89</ns3:cad>
          </ns3:TrackPointExtension>
        </extensions>
      </trkpt>
      <trkpt lat="45.7000587321817874908447265625" lon="126.59464786760509014129638671875">
        <ele>153</ele>
        <time>2026-08-06T23:12:55.000Z</time>
        <extensions>
          <ns3:TrackPointExtension>
            <ns3:hr>144</ns3:hr>
            <ns3:cad>89</ns3:cad>
          </ns3:TrackPointExtension>
        </extensions>
      </trkpt>
      <trkpt lat="45.70003786124289035797119140625" lon="126.59463780932128429412841796875">
        <ele>153</ele>
        <time>2026-08-06T23:12:56.000Z</time>
        <extensions>
          <ns3:TrackPointExtension>
            <ns3:hr>145</ns3:hr>
            <ns3:cad>89</ns3:cad>
          </ns3:TrackPointExtension>
        </extensions>
      </trkpt>
      <trkpt lat="45.70001355372369289398193359375" lon="126.594617776572704315185546875">
        <ele>153</ele>
        <time>2026-08-06T23:12:57.000Z</time>
        <extensions>
          <ns3:TrackPointExtension>
            <ns3:hr>146</ns3:hr>
            <ns3:cad>89</ns3:cad>
          </ns3:TrackPointExtension>
        </extensions>
      </trkpt>
      <trkpt lat="45.69999863393604755401611328125" lon="126.5945850871503353118896484375">
        <ele>153</ele>
        <time>2026-08-06T23:12:58.000Z</time>
        <extensions>
          <ns3:TrackPointExtension>
            <ns3:hr>147</ns3:hr>
            <ns3:cad>86</ns3:cad>
          </ns3:TrackPointExtension>
        </extensions>
      </trkpt>
      <trkpt lat="45.69998404942452907562255859375" lon="126.59455818124115467071533203125">
        <ele>153</ele>
        <time>2026-08-06T23:12:59.000Z</time>
        <extensions>
          <ns3:TrackPointExtension>
            <ns3:hr>147</ns3:hr>
            <ns3:cad>86</ns3:cad>
          </ns3:TrackPointExtension>
        </extensions>
      </trkpt>
      <trkpt lat="45.6999665312469005584716796875" lon="126.59451819956302642822265625">
        <ele>153.1999969482421875</ele>
        <time>2026-08-06T23:13:00.000Z</time>
        <extensions>
          <ns3:TrackPointExtension>
            <ns3:hr>148</ns3:hr>
            <ns3:cad>86</ns3:cad>
          </ns3:TrackPointExtension>
        </extensions>
      </trkpt>
      <trkpt lat="45.69995529949665069580078125" lon="126.594493724405765533447265625">
        <ele>153.1999969482421875</ele>
        <time>2026-08-06T23:13:01.000Z</time>
        <extensions>
          <ns3:TrackPointExtension>
            <ns3:hr>148</ns3:hr>
            <ns3:cad>86</ns3:cad>
          </ns3:TrackPointExtension>
        </extensions>
      </trkpt>
      <trkpt lat="45.699935853481292724609375" lon="126.59445382654666900634765625">
        <ele>153.1999969482421875</ele>
        <time>2026-08-06T23:13:02.000Z</time>
        <extensions>
          <ns3:TrackPointExtension>
            <ns3:hr>148</ns3:hr>
            <ns3:cad>87</ns3:cad>
          </ns3:TrackPointExtension>
        </extensions>
      </trkpt>
      <trkpt lat="45.69992177188396453857421875" lon="126.59443236887454986572265625">
        <ele>153.1999969482421875</ele>
        <time>2026-08-06T23:13:03.000Z</time>
        <extensions>
          <ns3:TrackPointExtension>
            <ns3:hr>148</ns3:hr>
            <ns3:cad>87</ns3:cad>
          </ns3:TrackPointExtension>
        </extensions>
      </trkpt>
      <trkpt lat="45.6998951174318790435791015625" lon="126.594404540956020355224609375">
        <ele>153.1999969482421875</ele>
        <time>2026-08-06T23:13:04.000Z</time>
        <extensions>
          <ns3:TrackPointExtension>
            <ns3:hr>149</ns3:hr>
            <ns3:cad>87</ns3:cad>
          </ns3:TrackPointExtension>
        </extensions>
      </trkpt>
      <trkpt lat="45.6998780183494091033935546875" lon="126.59439071081578731536865234375">
        <ele>153.399993896484375</ele>
        <time>2026-08-06T23:13:05.000Z</time>
        <extensions>
          <ns3:TrackPointExtension>
            <ns3:hr>148</ns3:hr>
            <ns3:cad>87</ns3:cad>
          </ns3:TrackPointExtension>
        </extensions>
      </trkpt>
      <trkpt lat="45.69985278882086277008056640625" lon="126.59438920207321643829345703125">
        <ele>153.399993896484375</ele>
        <time>2026-08-06T23:13:06.000Z</time>
        <extensions>
          <ns3:TrackPointExtension>
            <ns3:hr>148</ns3:hr>
            <ns3:cad>87</ns3:cad>
          </ns3:TrackPointExtension>
        </extensions>
      </trkpt>
      <trkpt lat="45.69982311688363552093505859375" lon="126.5943928062915802001953125">
        <ele>153.399993896484375</ele>
        <time>2026-08-06T23:13:07.000Z</time>
        <extensions>
          <ns3:TrackPointExtension>
            <ns3:hr>149</ns3:hr>
            <ns3:cad>87</ns3:cad>
          </ns3:TrackPointExtension>
        </extensions>
      </trkpt>
      <trkpt lat="45.6997952051460742950439453125" lon="126.594397835433483123779296875">
        <ele>153.600006103515625</ele>
        <time>2026-08-06T23:13:08.000Z</time>
        <extensions>
          <ns3:TrackPointExtension>
            <ns3:hr>148</ns3:hr>
            <ns3:cad>87</ns3:cad>
          </ns3:TrackPointExtension>
        </extensions>
      </trkpt>
      <trkpt lat="45.69976611994206905364990234375" lon="126.59440428949892520904541015625">
        <ele>153.8000030517578125</ele>
        <time>2026-08-06T23:13:09.000Z</time>
        <extensions>
          <ns3:TrackPointExtension>
            <ns3:hr>148</ns3:hr>
            <ns3:cad>87</ns3:cad>
          </ns3:TrackPointExtension>
        </extensions>
      </trkpt>
      <trkpt lat="45.699742399156093597412109375" lon="126.59440864808857440948486328125">
        <ele>153.8000030517578125</ele>
        <time>2026-08-06T23:13:10.000Z</time>
        <extensions>
          <ns3:TrackPointExtension>
            <ns3:hr>149</ns3:hr>
            <ns3:cad>87</ns3:cad>
          </ns3:TrackPointExtension>
        </extensions>
      </trkpt>
      <trkpt lat="45.69970727898180484771728515625" lon="126.5944115817546844482421875">
        <ele>153.8000030517578125</ele>
        <time>2026-08-06T23:13:11.000Z</time>
        <extensions>
          <ns3:TrackPointExtension>
            <ns3:hr>149</ns3:hr>
            <ns3:cad>87</ns3:cad>
          </ns3:TrackPointExtension>
        </extensions>
      </trkpt>
      <trkpt lat="45.6996850669384002685546875" lon="126.59441619180142879486083984375">
        <ele>154</ele>
        <time>2026-08-06T23:13:12.000Z</time>
        <extensions>
          <ns3:TrackPointExtension>
            <ns3:hr>149</ns3:hr>
            <ns3:cad>87</ns3:cad>
          </ns3:TrackPointExtension>
        </extensions>
      </trkpt>
      <trkpt lat="45.69964810274541378021240234375" lon="126.59441350959241390228271484375">
        <ele>154</ele>
        <time>2026-08-06T23:13:13.000Z</time>
        <extensions>
          <ns3:TrackPointExtension>
            <ns3:hr>150</ns3:hr>
            <ns3:cad>88</ns3:cad>
          </ns3:TrackPointExtension>
        </extensions>
      </trkpt>
      <trkpt lat="45.6996248848736286163330078125" lon="126.59441971220076084136962890625">
        <ele>154</ele>
        <time>2026-08-06T23:13:14.000Z</time>
        <extensions>
          <ns3:TrackPointExtension>
            <ns3:hr>151</ns3:hr>
            <ns3:cad>87</ns3:cad>
          </ns3:TrackPointExtension>
        </extensions>
      </trkpt>
      <trkpt lat="45.69959211163222789764404296875" lon="126.5944276750087738037109375">
        <ele>154</ele>
        <time>2026-08-06T23:13:15.000Z</time>
        <extensions>
          <ns3:TrackPointExtension>
            <ns3:hr>152</ns3:hr>
            <ns3:cad>87</ns3:cad>
          </ns3:TrackPointExtension>
        </extensions>
      </trkpt>
      <trkpt lat="45.69956696592271327972412109375" lon="126.59443345852196216583251953125">
        <ele>154</ele>
        <time>2026-08-06T23:13:16.000Z</time>
        <extensions>
          <ns3:TrackPointExtension>
            <ns3:hr>152</ns3:hr>
            <ns3:cad>88</ns3:cad>
          </ns3:TrackPointExtension>
        </extensions>
      </trkpt>
      <trkpt lat="45.69953419268131256103515625" lon="126.5944399125874042510986328125">
        <ele>153.8000030517578125</ele>
        <time>2026-08-06T23:13:17.000Z</time>
        <extensions>
          <ns3:TrackPointExtension>
            <ns3:hr>153</ns3:hr>
            <ns3:cad>88</ns3:cad>
          </ns3:TrackPointExtension>
        </extensions>
      </trkpt>
      <trkpt lat="45.69951080717146396636962890625" lon="126.59444016404449939727783203125">
        <ele>153.8000030517578125</ele>
        <time>2026-08-06T23:13:18.000Z</time>
        <extensions>
          <ns3:TrackPointExtension>
            <ns3:hr>153</ns3:hr>
            <ns3:cad>88</ns3:cad>
          </ns3:TrackPointExtension>
        </extensions>
      </trkpt>
      <trkpt lat="45.69948364980518817901611328125" lon="126.5944464504718780517578125">
        <ele>153.8000030517578125</ele>
        <time>2026-08-06T23:13:19.000Z</time>
        <extensions>
          <ns3:TrackPointExtension>
            <ns3:hr>153</ns3:hr>
            <ns3:cad>88</ns3:cad>
          </ns3:TrackPointExtension>
        </extensions>
      </trkpt>
      <trkpt lat="45.69945397786796092987060546875" lon="126.59444670192897319793701171875">
        <ele>153.8000030517578125</ele>
        <time>2026-08-06T23:13:20.000Z</time>
        <extensions>
          <ns3:TrackPointExtension>
            <ns3:hr>154</ns3:hr>
            <ns3:cad>88</ns3:cad>
          </ns3:TrackPointExtension>
        </extensions>
      </trkpt>
      <trkpt lat="45.69943117909133434295654296875" lon="126.5944519825279712677001953125">
        <ele>153.8000030517578125</ele>
        <time>2026-08-06T23:13:21.000Z</time>
        <extensions>
          <ns3:TrackPointExtension>
            <ns3:hr>154</ns3:hr>
            <ns3:cad>88</ns3:cad>
          </ns3:TrackPointExtension>
        </extensions>
      </trkpt>
      <trkpt lat="45.69940016604959964752197265625" lon="126.59445022232830524444580078125">
        <ele>153.8000030517578125</ele>
        <time>2026-08-06T23:13:22.000Z</time>
        <extensions>
          <ns3:TrackPointExtension>
            <ns3:hr>154</ns3:hr>
            <ns3:cad>87</ns3:cad>
          </ns3:TrackPointExtension>
        </extensions>
      </trkpt>
      <trkpt lat="45.69938130676746368408203125" lon="126.5944583527743816375732421875">
        <ele>153.8000030517578125</ele>
        <time>2026-08-06T23:13:23.000Z</time>
        <extensions>
          <ns3:TrackPointExtension>
            <ns3:hr>154</ns3:hr>
            <ns3:cad>87</ns3:cad>
          </ns3:TrackPointExtension>
        </extensions>
      </trkpt>
      <trkpt lat="45.699349455535411834716796875" lon="126.59445709548890590667724609375">
        <ele>153.8000030517578125</ele>
        <time>2026-08-06T23:13:24.000Z</time>
        <extensions>
          <ns3:TrackPointExtension>
            <ns3:hr>153</ns3:hr>
            <ns3:cad>87</ns3:cad>
          </ns3:TrackPointExtension>
        </extensions>
      </trkpt>
      <trkpt lat="45.6993285007774829864501953125" lon="126.5944640524685382843017578125">
        <ele>154</ele>
        <time>2026-08-06T23:13:25.000Z</time>
        <extensions>
          <ns3:TrackPointExtension>
            <ns3:hr>153</ns3:hr>
            <ns3:cad>87</ns3:cad>
          </ns3:TrackPointExtension>
        </extensions>
      </trkpt>
      <trkpt lat="45.69929656572639942169189453125" lon="126.59446631558239459991455078125">
        <ele>154</ele>
        <time>2026-08-06T23:13:26.000Z</time>
        <extensions>
          <ns3:TrackPointExtension>
            <ns3:hr>153</ns3:hr>
            <ns3:cad>87</ns3:cad>
          </ns3:TrackPointExtension>
        </extensions>
      </trkpt>
      <trkpt lat="45.6992735154926776885986328125" lon="126.59447394311428070068359375">
        <ele>154</ele>
        <time>2026-08-06T23:13:27.000Z</time>
        <extensions>
          <ns3:TrackPointExtension>
            <ns3:hr>153</ns3:hr>
            <ns3:cad>87</ns3:cad>
          </ns3:TrackPointExtension>
        </extensions>
      </trkpt>
      <trkpt lat="45.69924090988934040069580078125" lon="126.59448090009391307830810546875">
        <ele>154</ele>
        <time>2026-08-06T23:13:28.000Z</time>
        <extensions>
          <ns3:TrackPointExtension>
            <ns3:hr>153</ns3:hr>
            <ns3:cad>87</ns3:cad>
          </ns3:TrackPointExtension>
        </extensions>
      </trkpt>
      <trkpt lat="45.69921408779919147491455078125" lon="126.59448869526386260986328125">
        <ele>154</ele>
        <time>2026-08-06T23:13:29.000Z</time>
        <extensions>
          <ns3:TrackPointExtension>
            <ns3:hr>153</ns3:hr>
            <ns3:cad>87</ns3:cad>
          </ns3:TrackPointExtension>
        </extensions>
      </trkpt>
      <trkpt lat="45.6991886906325817108154296875" lon="126.59449833445250988006591796875">
        <ele>154.1999969482421875</ele>
        <time>2026-08-06T23:13:30.000Z</time>
        <extensions>
          <ns3:TrackPointExtension>
            <ns3:hr>153</ns3:hr>
            <ns3:cad>87</ns3:cad>
          </ns3:TrackPointExtension>
        </extensions>
      </trkpt>
      <trkpt lat="45.6991561688482761383056640625" lon="126.594497077167034149169921875">
        <ele>154.1999969482421875</ele>
        <time>2026-08-06T23:13:31.000Z</time>
        <extensions>
          <ns3:TrackPointExtension>
            <ns3:hr>153</ns3:hr>
            <ns3:cad>87</ns3:cad>
          </ns3:TrackPointExtension>
        </extensions>
      </trkpt>
      <trkpt lat="45.699136555194854736328125" lon="126.5945019386708736419677734375">
        <ele>154.1999969482421875</ele>
        <time>2026-08-06T23:13:32.000Z</time>
        <extensions>
          <ns3:TrackPointExtension>
            <ns3:hr>153</ns3:hr>
            <ns3:cad>87</ns3:cad>
          </ns3:TrackPointExtension>
        </extensions>
      </trkpt>
      <trkpt lat="45.6991015188395977020263671875" lon="126.59449380822479724884033203125">
        <ele>154.1999969482421875</ele>
        <time>2026-08-06T23:13:33.000Z</time>
        <extensions>
          <ns3:TrackPointExtension>
            <ns3:hr>154</ns3:hr>
            <ns3:cad>87</ns3:cad>
          </ns3:TrackPointExtension>
        </extensions>
      </trkpt>
      <trkpt lat="45.69908014498651027679443359375" lon="126.59450420178472995758056640625">
        <ele>154.399993896484375</ele>
        <time>2026-08-06T23:13:34.000Z</time>
        <extensions>
          <ns3:TrackPointExtension>
            <ns3:hr>153</ns3:hr>
            <ns3:cad>87</ns3:cad>
          </ns3:TrackPointExtension>
        </extensions>
      </trkpt>
      <trkpt lat="45.6990518979728221893310546875" lon="126.59452733583748340606689453125">
        <ele>154.1999969482421875</ele>
        <time>2026-08-06T23:13:35.000Z</time>
        <extensions>
          <ns3:TrackPointExtension>
            <ns3:hr>153</ns3:hr>
            <ns3:cad>85</ns3:cad>
          </ns3:TrackPointExtension>
        </extensions>
      </trkpt>
      <trkpt lat="45.699032284319400787353515625" lon="126.5945485420525074005126953125">
        <ele>154.399993896484375</ele>
        <time>2026-08-06T23:13:36.000Z</time>
        <extensions>
          <ns3:TrackPointExtension>
            <ns3:hr>153</ns3:hr>
            <ns3:cad>85</ns3:cad>
          </ns3:TrackPointExtension>
        </extensions>
      </trkpt>
      <trkpt lat="45.69901107810437679290771484375" lon="126.59456773661077022552490234375">
        <ele>154.399993896484375</ele>
        <time>2026-08-06T23:13:37.000Z</time>
        <extensions>
          <ns3:TrackPointExtension>
            <ns3:hr>152</ns3:hr>
            <ns3:cad>85</ns3:cad>
          </ns3:TrackPointExtension>
        </extensions>
      </trkpt>
      <trkpt lat="45.69898894988000392913818359375" lon="126.59458550624549388885498046875">
        <ele>154.399993896484375</ele>
        <time>2026-08-06T23:13:38.000Z</time>
        <extensions>
          <ns3:TrackPointExtension>
            <ns3:hr>153</ns3:hr>
            <ns3:cad>86</ns3:cad>
          </ns3:TrackPointExtension>
        </extensions>
      </trkpt>
      <trkpt lat="45.69896480999886989593505859375" lon="126.5945934690535068511962890625">
        <ele>154.600006103515625</ele>
        <time>2026-08-06T23:13:39.000Z</time>
        <extensions>
          <ns3:TrackPointExtension>
            <ns3:hr>153</ns3:hr>
            <ns3:cad>86</ns3:cad>
          </ns3:TrackPointExtension>
        </extensions>
      </trkpt>
      <trkpt lat="45.69893480278551578521728515625" lon="126.59458902664482593536376953125">
        <ele>154.8000030517578125</ele>
        <time>2026-08-06T23:13:40.000Z</time>
        <extensions>
          <ns3:TrackPointExtension>
            <ns3:hr>153</ns3:hr>
            <ns3:cad>86</ns3:cad>
          </ns3:TrackPointExtension>
        </extensions>
      </trkpt>
      <trkpt lat="45.6989125907421112060546875" lon="126.59458533860743045806884765625">
        <ele>154.600006103515625</ele>
        <time>2026-08-06T23:13:41.000Z</time>
        <extensions>
          <ns3:TrackPointExtension>
            <ns3:hr>154</ns3:hr>
            <ns3:cad>87</ns3:cad>
          </ns3:TrackPointExtension>
        </extensions>
      </trkpt>
      <trkpt lat="45.698884427547454833984375" lon="126.5945596061646938323974609375">
        <ele>154.600006103515625</ele>
        <time>2026-08-06T23:13:42.000Z</time>
        <extensions>
          <ns3:TrackPointExtension>
            <ns3:hr>154</ns3:hr>
            <ns3:cad>87</ns3:cad>
          </ns3:TrackPointExtension>
        </extensions>
      </trkpt>
      <trkpt lat="45.69886288605630397796630859375" lon="126.5945542417466640472412109375">
        <ele>154.600006103515625</ele>
        <time>2026-08-06T23:13:43.000Z</time>
        <extensions>
          <ns3:TrackPointExtension>
            <ns3:hr>154</ns3:hr>
            <ns3:cad>87</ns3:cad>
          </ns3:TrackPointExtension>
        </extensions>
      </trkpt>
      <trkpt lat="45.6988306157290935516357421875" lon="126.59453957341611385345458984375">
        <ele>154.399993896484375</ele>
        <time>2026-08-06T23:13:44.000Z</time>
        <extensions>
          <ns3:TrackPointExtension>
            <ns3:hr>154</ns3:hr>
            <ns3:cad>87</ns3:cad>
          </ns3:TrackPointExtension>
        </extensions>
      </trkpt>
      <trkpt lat="45.69880622439086437225341796875" lon="126.5945361368358135223388671875">
        <ele>154.399993896484375</ele>
        <time>2026-08-06T23:13:45.000Z</time>
        <extensions>
          <ns3:TrackPointExtension>
            <ns3:hr>153</ns3:hr>
            <ns3:cad>87</ns3:cad>
          </ns3:TrackPointExtension>
        </extensions>
      </trkpt>
      <trkpt lat="45.69877102039754390716552734375" lon="126.59454560838639736175537109375">
        <ele>154.399993896484375</ele>
        <time>2026-08-06T23:13:46.000Z</time>
        <extensions>
          <ns3:TrackPointExtension>
            <ns3:hr>154</ns3:hr>
            <ns3:cad>87</ns3:cad>
          </ns3:TrackPointExtension>
        </extensions>
      </trkpt>
      <trkpt lat="45.69874302484095096588134765625" lon="126.59455365501344203948974609375">
        <ele>154.399993896484375</ele>
        <time>2026-08-06T23:13:47.000Z</time>
        <extensions>
          <ns3:TrackPointExtension>
            <ns3:hr>154</ns3:hr>
            <ns3:cad>87</ns3:cad>
          </ns3:TrackPointExtension>
        </extensions>
      </trkpt>
      <trkpt lat="45.6987142749130725860595703125" lon="126.59456337802112102508544921875">
        <ele>154.399993896484375</ele>
        <time>2026-08-06T23:13:48.000Z</time>
        <extensions>
          <ns3:TrackPointExtension>
            <ns3:hr>154</ns3:hr>
            <ns3:cad>87</ns3:cad>
          </ns3:TrackPointExtension>
        </extensions>
      </trkpt>
      <trkpt lat="45.69868133403360843658447265625" lon="126.5945616178214550018310546875">
        <ele>154.399993896484375</ele>
        <time>2026-08-06T23:13:49.000Z</time>
        <extensions>
          <ns3:TrackPointExtension>
            <ns3:hr>154</ns3:hr>
            <ns3:cad>87</ns3:cad>
          </ns3:TrackPointExtension>
        </extensions>
      </trkpt>
      <trkpt lat="45.69865803234279155731201171875" lon="126.59457025118172168731689453125">
        <ele>154.399993896484375</ele>
        <time>2026-08-06T23:13:50.000Z</time>
        <extensions>
          <ns3:TrackPointExtension>
            <ns3:hr>155</ns3:hr>
            <ns3:cad>87</ns3:cad>
          </ns3:TrackPointExtension>
        </extensions>
      </trkpt>
      <trkpt lat="45.69862450473010540008544921875" lon="126.59456790424883365631103515625">
        <ele>154.399993896484375</ele>
        <time>2026-08-06T23:13:51.000Z</time>
        <extensions>
          <ns3:TrackPointExtension>
            <ns3:hr>155</ns3:hr>
            <ns3:cad>87</ns3:cad>
          </ns3:TrackPointExtension>
        </extensions>
      </trkpt>
      <trkpt lat="45.69860220886766910552978515625" lon="126.5945730172097682952880859375">
        <ele>154.399993896484375</ele>
        <time>2026-08-06T23:13:52.000Z</time>
        <extensions>
          <ns3:TrackPointExtension>
            <ns3:hr>155</ns3:hr>
            <ns3:cad>87</ns3:cad>
          </ns3:TrackPointExtension>
        </extensions>
      </trkpt>
      <trkpt lat="45.69856993854045867919921875" lon="126.59457913599908351898193359375">
        <ele>154.600006103515625</ele>
        <time>2026-08-06T23:13:53.000Z</time>
        <extensions>
          <ns3:TrackPointExtension>
            <ns3:hr>156</ns3:hr>
            <ns3:cad>87</ns3:cad>
          </ns3:TrackPointExtension>
        </extensions>
      </trkpt>
      <trkpt lat="45.69854487664997577667236328125" lon="126.59458366222679615020751953125">
        <ele>154.600006103515625</ele>
        <time>2026-08-06T23:13:54.000Z</time>
        <extensions>
          <ns3:TrackPointExtension>
            <ns3:hr>156</ns3:hr>
            <ns3:cad>87</ns3:cad>
          </ns3:TrackPointExtension>
        </extensions>
      </trkpt>
      <trkpt lat="45.698515959084033966064453125" lon="126.5945870988070964813232421875">
        <ele>154.600006103515625</ele>
        <time>2026-08-06T23:13:55.000Z</time>
        <extensions>
          <ns3:TrackPointExtension>
            <ns3:hr>157</ns3:hr>
            <ns3:cad>87</ns3:cad>
          </ns3:TrackPointExtension>
        </extensions>
      </trkpt>
      <trkpt lat="45.6984869576990604400634765625" lon="126.5945921279489994049072265625">
        <ele>154.600006103515625</ele>
        <time>2026-08-06T23:13:56.000Z</time>
        <extensions>
          <ns3:TrackPointExtension>
            <ns3:hr>157</ns3:hr>
            <ns3:cad>87</ns3:cad>
          </ns3:TrackPointExtension>
        </extensions>
      </trkpt>
      <trkpt lat="45.6984618119895458221435546875" lon="126.594601683318614959716796875">
        <ele>154.600006103515625</ele>
        <time>2026-08-06T23:13:57.000Z</time>
        <extensions>
          <ns3:TrackPointExtension>
            <ns3:hr>157</ns3:hr>
            <ns3:cad>87</ns3:cad>
          </ns3:TrackPointExtension>
        </extensions>
      </trkpt>
      <trkpt lat="45.69842987693846225738525390625" lon="126.5946008451282978057861328125">
        <ele>154.600006103515625</ele>
        <time>2026-08-06T23:13:58.000Z</time>
        <extensions>
          <ns3:TrackPointExtension>
            <ns3:hr>157</ns3:hr>
            <ns3:cad>87</ns3:cad>
          </ns3:TrackPointExtension>
        </extensions>
      </trkpt>
      <trkpt lat="45.69840942509472370147705078125" lon="126.59460595808923244476318359375">
        <ele>154.600006103515625</ele>
        <time>2026-08-06T23:13:59.000Z</time>
        <extensions>
          <ns3:TrackPointExtension>
            <ns3:hr>156</ns3:hr>
            <ns3:cad>87</ns3:cad>
          </ns3:TrackPointExtension>
        </extensions>
      </trkpt>
      <trkpt lat="45.69837623275816440582275390625" lon="126.5946041978895664215087890625">
        <ele>154.600006103515625</ele>
        <time>2026-08-06T23:14:00.000Z</time>
        <extensions>
          <ns3:TrackPointExtension>
            <ns3:hr>156</ns3:hr>
            <ns3:cad>87</ns3:cad>
          </ns3:TrackPointExtension>
        </extensions>
      </trkpt>
      <trkpt lat="45.69835578091442584991455078125" lon="126.59460746683180332183837890625">
        <ele>154.600006103515625</ele>
        <time>2026-08-06T23:14:01.000Z</time>
        <extensions>
          <ns3:TrackPointExtension>
            <ns3:hr>157</ns3:hr>
            <ns3:cad>87</ns3:cad>
          </ns3:TrackPointExtension>
        </extensions>
      </trkpt>
      <trkpt lat="45.69832183420658111572265625" lon="126.594610400497913360595703125">
        <ele>154.399993896484375</ele>
        <time>2026-08-06T23:14:02.000Z</time>
        <extensions>
          <ns3:TrackPointExtension>
            <ns3:hr>157</ns3:hr>
            <ns3:cad>87</ns3:cad>
          </ns3:TrackPointExtension>
        </extensions>
      </trkpt>
      <trkpt lat="45.69829895161092281341552734375" lon="126.5946152620017528533935546875">
        <ele>154.399993896484375</ele>
        <time>2026-08-06T23:14:03.000Z</time>
        <extensions>
          <ns3:TrackPointExtension>
            <ns3:hr>158</ns3:hr>
            <ns3:cad>87</ns3:cad>
          </ns3:TrackPointExtension>
        </extensions>
      </trkpt>
      <trkpt lat="45.6982707045972347259521484375" lon="126.59462146461009979248046875">
        <ele>154.399993896484375</ele>
        <time>2026-08-06T23:14:04.000Z</time>
        <extensions>
          <ns3:TrackPointExtension>
            <ns3:hr>158</ns3:hr>
            <ns3:cad>87</ns3:cad>
          </ns3:TrackPointExtension>
        </extensions>
      </trkpt>
      <trkpt lat="45.6982418708503246307373046875" lon="126.59462171606719493865966796875">
        <ele>154.1999969482421875</ele>
        <time>2026-08-06T23:14:05.000Z</time>
        <extensions>
          <ns3:TrackPointExtension>
            <ns3:hr>158</ns3:hr>
            <ns3:cad>87</ns3:cad>
          </ns3:TrackPointExtension>
        </extensions>
      </trkpt>
      <trkpt lat="45.69821781478822231292724609375" lon="126.594629846513271331787109375">
        <ele>154.1999969482421875</ele>
        <time>2026-08-06T23:14:06.000Z</time>
        <extensions>
          <ns3:TrackPointExtension>
            <ns3:hr>159</ns3:hr>
            <ns3:cad>86</ns3:cad>
          </ns3:TrackPointExtension>
        </extensions>
      </trkpt>
      <trkpt lat="45.69818780757486820220947265625" lon="126.5946296788752079010009765625">
        <ele>154.1999969482421875</ele>
        <time>2026-08-06T23:14:07.000Z</time>
        <extensions>
          <ns3:TrackPointExtension>
            <ns3:hr>159</ns3:hr>
            <ns3:cad>86</ns3:cad>
          </ns3:TrackPointExtension>
        </extensions>
      </trkpt>
      <trkpt lat="45.6981667689979076385498046875" lon="126.594635881483554840087890625">
        <ele>154.1999969482421875</ele>
        <time>2026-08-06T23:14:08.000Z</time>
        <extensions>
          <ns3:TrackPointExtension>
            <ns3:hr>159</ns3:hr>
            <ns3:cad>87</ns3:cad>
          </ns3:TrackPointExtension>
        </extensions>
      </trkpt>
      <trkpt lat="45.6981329061090946197509765625" lon="126.59463579766452312469482421875">
        <ele>154.1999969482421875</ele>
        <time>2026-08-06T23:14:09.000Z</time>
        <extensions>
          <ns3:TrackPointExtension>
            <ns3:hr>159</ns3:hr>
            <ns3:cad>87</ns3:cad>
          </ns3:TrackPointExtension>
        </extensions>
      </trkpt>
      <trkpt lat="45.69810801185667514801025390625" lon="126.5946449339389801025390625">
        <ele>154.1999969482421875</ele>
        <time>2026-08-06T23:14:10.000Z</time>
        <extensions>
          <ns3:TrackPointExtension>
            <ns3:hr>159</ns3:hr>
            <ns3:cad>87</ns3:cad>
          </ns3:TrackPointExtension>
        </extensions>
      </trkpt>
      <trkpt lat="45.69807750172913074493408203125" lon="126.59464535303413867950439453125">
        <ele>154.1999969482421875</ele>
        <time>2026-08-06T23:14:11.000Z</time>
        <extensions>
          <ns3:TrackPointExtension>
            <ns3:hr>159</ns3:hr>
            <ns3:cad>87</ns3:cad>
          </ns3:TrackPointExtension>
        </extensions>
      </trkpt>
      <trkpt lat="45.69805369712412357330322265625" lon="126.59464099444448947906494140625">
        <ele>154.1999969482421875</ele>
        <time>2026-08-06T23:14:12.000Z</time>
        <extensions>
          <ns3:TrackPointExtension>
            <ns3:hr>159</ns3:hr>
            <ns3:cad>87</ns3:cad>
          </ns3:TrackPointExtension>
        </extensions>
      </trkpt>
      <trkpt lat="45.69802771322429180145263671875" lon="126.59462590701878070831298828125">
        <ele>154.1999969482421875</ele>
        <time>2026-08-06T23:14:13.000Z</time>
        <extensions>
          <ns3:TrackPointExtension>
            <ns3:hr>160</ns3:hr>
            <ns3:cad>87</ns3:cad>
          </ns3:TrackPointExtension>
        </extensions>
      </trkpt>
      <trkpt lat="45.6980068422853946685791015625" lon="126.5945988334715366363525390625">
        <ele>154.1999969482421875</ele>
        <time>2026-08-06T23:14:14.000Z</time>
        <extensions>
          <ns3:TrackPointExtension>
            <ns3:hr>160</ns3:hr>
            <ns3:cad>87</ns3:cad>
          </ns3:TrackPointExtension>
        </extensions>
      </trkpt>
      <trkpt lat="45.6979917548596858978271484375" lon="126.59456538967788219451904296875">
        <ele>154.1999969482421875</ele>
        <time>2026-08-06T23:14:15.000Z</time>
        <extensions>
          <ns3:TrackPointExtension>
            <ns3:hr>160</ns3:hr>
            <ns3:cad>87</ns3:cad>
          </ns3:TrackPointExtension>
        </extensions>
      </trkpt>
      <trkpt lat="45.697975493967533111572265625" lon="126.59452800638973712921142578125">
        <ele>154.1999969482421875</ele>
        <time>2026-08-06T23:14:16.000Z</time>
        <extensions>
          <ns3:TrackPointExtension>
            <ns3:hr>160</ns3:hr>
            <ns3:cad>87</ns3:cad>
          </ns3:TrackPointExtension>
        </extensions>
      </trkpt>
      <trkpt lat="45.69796065799891948699951171875" lon="126.59449447877705097198486328125">
        <ele>154</ele>
        <time>2026-08-06T23:14:17.000Z</time>
        <extensions>
          <ns3:TrackPointExtension>
            <ns3:hr>161</ns3:hr>
            <ns3:cad>87</ns3:cad>
          </ns3:TrackPointExtension>
        </extensions>
      </trkpt>
      <trkpt lat="45.6979401223361492156982421875" lon="126.59445575438439846038818359375">
        <ele>154</ele>
        <time>2026-08-06T23:14:18.000Z</time>
        <extensions>
          <ns3:TrackPointExtension>
            <ns3:hr>160</ns3:hr>
            <ns3:cad>87</ns3:cad>
          </ns3:TrackPointExtension>
        </extensions>
      </trkpt>
      <trkpt lat="45.69791958667337894439697265625" lon="126.5944342128932476043701171875">
        <ele>153.8000030517578125</ele>
        <time>2026-08-06T23:14:19.000Z</time>
        <extensions>
          <ns3:TrackPointExtension>
            <ns3:hr>160</ns3:hr>
            <ns3:cad>87</ns3:cad>
          </ns3:TrackPointExtension>
        </extensions>
      </trkpt>
      <trkpt lat="45.69789393804967403411865234375" lon="126.59441082738339900970458984375">
        <ele>153.8000030517578125</ele>
        <time>2026-08-06T23:14:20.000Z</time>
        <extensions>
          <ns3:TrackPointExtension>
            <ns3:hr>160</ns3:hr>
            <ns3:cad>87</ns3:cad>
          </ns3:TrackPointExtension>
        </extensions>
      </trkpt>
      <trkpt lat="45.69787298329174518585205078125" lon="126.5944003500044345855712890625">
        <ele>153.8000030517578125</ele>
        <time>2026-08-06T23:14:21.000Z</time>
        <extensions>
          <ns3:TrackPointExtension>
            <ns3:hr>161</ns3:hr>
            <ns3:cad>87</ns3:cad>
          </ns3:TrackPointExtension>
        </extensions>
      </trkpt>
      <trkpt lat="45.69784842431545257568359375" lon="126.59439674578607082366943359375">
        <ele>153.600006103515625</ele>
        <time>2026-08-06T23:14:22.000Z</time>
        <extensions>
          <ns3:TrackPointExtension>
            <ns3:hr>160</ns3:hr>
            <ns3:cad>87</ns3:cad>
          </ns3:TrackPointExtension>
        </extensions>
      </trkpt>
      <trkpt lat="45.69782654754817485809326171875" lon="126.59439674578607082366943359375">
        <ele>153.600006103515625</ele>
        <time>2026-08-06T23:14:23.000Z</time>
        <extensions>
          <ns3:TrackPointExtension>
            <ns3:hr>159</ns3:hr>
            <ns3:cad>87</ns3:cad>
          </ns3:TrackPointExtension>
        </extensions>
      </trkpt>
      <trkpt lat="45.69780014455318450927734375" lon="126.59440328367054462432861328125">
        <ele>153.600006103515625</ele>
        <time>2026-08-06T23:14:24.000Z</time>
        <extensions>
          <ns3:TrackPointExtension>
            <ns3:hr>159</ns3:hr>
            <ns3:cad>87</ns3:cad>
          </ns3:TrackPointExtension>
        </extensions>
      </trkpt>
      <trkpt lat="45.6977822072803974151611328125" lon="126.59441267140209674835205078125">
        <ele>153.600006103515625</ele>
        <time>2026-08-06T23:14:25.000Z</time>
        <extensions>
          <ns3:TrackPointExtension>
            <ns3:hr>159</ns3:hr>
            <ns3:cad>87</ns3:cad>
          </ns3:TrackPointExtension>
        </extensions>
      </trkpt>
      <trkpt lat="45.69776049815118312835693359375" lon="126.59442708827555179595947265625">
        <ele>153.399993896484375</ele>
        <time>2026-08-06T23:14:26.000Z</time>
        <extensions>
          <ns3:TrackPointExtension>
            <ns3:hr>159</ns3:hr>
            <ns3:cad>87</ns3:cad>
          </ns3:TrackPointExtension>
        </extensions>
      </trkpt>
      <trkpt lat="45.69773719646036624908447265625" lon="126.5944392420351505279541015625">
        <ele>153.399993896484375</ele>
        <time>2026-08-06T23:14:27.000Z</time>
        <extensions>
          <ns3:TrackPointExtension>
            <ns3:hr>159</ns3:hr>
            <ns3:cad>87</ns3:cad>
          </ns3:TrackPointExtension>
        </extensions>
      </trkpt>
      <trkpt lat="45.6977163255214691162109375" lon="126.5944482944905757904052734375">
        <ele>153.399993896484375</ele>
        <time>2026-08-06T23:14:28.000Z</time>
        <extensions>
          <ns3:TrackPointExtension>
            <ns3:hr>159</ns3:hr>
            <ns3:cad>87</ns3:cad>
          </ns3:TrackPointExtension>
        </extensions>
      </trkpt>
      <trkpt lat="45.697690509259700775146484375" lon="126.59445273689925670623779296875">
        <ele>153.399993896484375</ele>
        <time>2026-08-06T23:14:29.000Z</time>
        <extensions>
          <ns3:TrackPointExtension>
            <ns3:hr>159</ns3:hr>
            <ns3:cad>87</ns3:cad>
          </ns3:TrackPointExtension>
        </extensions>
      </trkpt>
      <trkpt lat="45.69766737520694732666015625" lon="126.59445458091795444488525390625">
        <ele>153.399993896484375</ele>
        <time>2026-08-06T23:14:30.000Z</time>
        <extensions>
          <ns3:TrackPointExtension>
            <ns3:hr>159</ns3:hr>
            <ns3:cad>87</ns3:cad>
          </ns3:TrackPointExtension>
        </extensions>
      </trkpt>
      <trkpt lat="45.6976380385458469390869140625" lon="126.59445491619408130645751953125">
        <ele>153.399993896484375</ele>
        <time>2026-08-06T23:14:31.000Z</time>
        <extensions>
          <ns3:TrackPointExtension>
            <ns3:hr>159</ns3:hr>
            <ns3:cad>87</ns3:cad>
          </ns3:TrackPointExtension>
        </extensions>
      </trkpt>
      <trkpt lat="45.6976179219782352447509765625" lon="126.5944550000131130218505859375">
        <ele>153.399993896484375</ele>
        <time>2026-08-06T23:14:32.000Z</time>
        <extensions>
          <ns3:TrackPointExtension>
            <ns3:hr>159</ns3:hr>
            <ns3:cad>87</ns3:cad>
          </ns3:TrackPointExtension>
        </extensions>
      </trkpt>
      <trkpt lat="45.69759034551680088043212890625" lon="126.59445508383214473724365234375">
        <ele>153.399993896484375</ele>
        <time>2026-08-06T23:14:33.000Z</time>
        <extensions>
          <ns3:TrackPointExtension>
            <ns3:hr>158</ns3:hr>
            <ns3:cad>87</ns3:cad>
          </ns3:TrackPointExtension>
        </extensions>
      </trkpt>
      <trkpt lat="45.6975689716637134552001953125" lon="126.594451479613780975341796875">
        <ele>153.600006103515625</ele>
        <time>2026-08-06T23:14:34.000Z</time>
        <extensions>
          <ns3:TrackPointExtension>
            <ns3:hr>158</ns3:hr>
            <ns3:cad>87</ns3:cad>
          </ns3:TrackPointExtension>
        </extensions>
      </trkpt>
      <trkpt lat="45.69753971882164478302001953125" lon="126.5944536589086055755615234375">
        <ele>153.600006103515625</ele>
        <time>2026-08-06T23:14:35.000Z</time>
        <extensions>
          <ns3:TrackPointExtension>
            <ns3:hr>158</ns3:hr>
            <ns3:cad>87</ns3:cad>
          </ns3:TrackPointExtension>
        </extensions>
      </trkpt>
      <trkpt lat="45.69751851260662078857421875" lon="126.59446044825017452239990234375">
        <ele>153.399993896484375</ele>
        <time>2026-08-06T23:14:36.000Z</time>
        <extensions>
          <ns3:TrackPointExtension>
            <ns3:hr>158</ns3:hr>
            <ns3:cad>87</ns3:cad>
          </ns3:TrackPointExtension>
        </extensions>
      </trkpt>
      <trkpt lat="45.6974895112216472625732421875" lon="126.5944707579910755157470703125">
        <ele>153.399993896484375</ele>
        <time>2026-08-06T23:14:37.000Z</time>
        <extensions>
          <ns3:TrackPointExtension>
            <ns3:hr>157</ns3:hr>
            <ns3:cad>87</ns3:cad>
          </ns3:TrackPointExtension>
        </extensions>
      </trkpt>
      <trkpt lat="45.69745791144669055938720703125" lon="126.5944831632077693939208984375">
        <ele>153.399993896484375</ele>
        <time>2026-08-06T23:14:38.000Z</time>
        <extensions>
          <ns3:TrackPointExtension>
            <ns3:hr>158</ns3:hr>
            <ns3:cad>87</ns3:cad>
          </ns3:TrackPointExtension>
        </extensions>
      </trkpt>
      <trkpt lat="45.69743310101330280303955078125" lon="126.59449934028089046478271484375">
        <ele>153.1999969482421875</ele>
        <time>2026-08-06T23:14:39.000Z</time>
        <extensions>
          <ns3:TrackPointExtension>
            <ns3:hr>158</ns3:hr>
            <ns3:cad>87</ns3:cad>
          </ns3:TrackPointExtension>
        </extensions>
      </trkpt>
      <trkpt lat="45.69740594364702701568603515625" lon="126.59451954066753387451171875">
        <ele>153.1999969482421875</ele>
        <time>2026-08-06T23:14:40.000Z</time>
        <extensions>
          <ns3:TrackPointExtension>
            <ns3:hr>157</ns3:hr>
            <ns3:cad>87</ns3:cad>
          </ns3:TrackPointExtension>
        </extensions>
      </trkpt>
      <trkpt lat="45.69738264195621013641357421875" lon="126.59453622065484523773193359375">
        <ele>153.1999969482421875</ele>
        <time>2026-08-06T23:14:41.000Z</time>
        <extensions>
          <ns3:TrackPointExtension>
            <ns3:hr>157</ns3:hr>
            <ns3:cad>87</ns3:cad>
          </ns3:TrackPointExtension>
        </extensions>
      </trkpt>
      <trkpt lat="45.6973523832857608795166015625" lon="126.59456036053597927093505859375">
        <ele>153.1999969482421875</ele>
        <time>2026-08-06T23:14:42.000Z</time>
        <extensions>
          <ns3:TrackPointExtension>
            <ns3:hr>158</ns3:hr>
            <ns3:cad>87</ns3:cad>
          </ns3:TrackPointExtension>
        </extensions>
      </trkpt>
      <trkpt lat="45.69732866249978542327880859375" lon="126.59457460977137088775634765625">
        <ele>153.1999969482421875</ele>
        <time>2026-08-06T23:14:43.000Z</time>
        <extensions>
          <ns3:TrackPointExtension>
            <ns3:hr>158</ns3:hr>
            <ns3:cad>87</ns3:cad>
          </ns3:TrackPointExtension>
        </extensions>
      </trkpt>
      <trkpt lat="45.69729387760162353515625" lon="126.5945958159863948822021484375">
        <ele>153</ele>
        <time>2026-08-06T23:14:44.000Z</time>
        <extensions>
          <ns3:TrackPointExtension>
            <ns3:hr>159</ns3:hr>
            <ns3:cad>87</ns3:cad>
          </ns3:TrackPointExtension>
        </extensions>
      </trkpt>
      <trkpt lat="45.69726563058793544769287109375" lon="126.59460939466953277587890625">
        <ele>152.8000030517578125</ele>
        <time>2026-08-06T23:14:45.000Z</time>
        <extensions>
          <ns3:TrackPointExtension>
            <ns3:hr>159</ns3:hr>
            <ns3:cad>87</ns3:cad>
          </ns3:TrackPointExtension>
        </extensions>
      </trkpt>
      <trkpt lat="45.69723696447908878326416015625" lon="126.59462322480976581573486328125">
        <ele>152.8000030517578125</ele>
        <time>2026-08-06T23:14:46.000Z</time>
        <extensions>
          <ns3:TrackPointExtension>
            <ns3:hr>159</ns3:hr>
            <ns3:cad>87</ns3:cad>
          </ns3:TrackPointExtension>
        </extensions>
      </trkpt>
      <trkpt lat="45.69720829837024211883544921875" lon="126.5946343727409839630126953125">
        <ele>152.600006103515625</ele>
        <time>2026-08-06T23:14:47.000Z</time>
        <extensions>
          <ns3:TrackPointExtension>
            <ns3:hr>159</ns3:hr>
            <ns3:cad>87</ns3:cad>
          </ns3:TrackPointExtension>
        </extensions>
      </trkpt>
      <trkpt lat="45.6971834041178226470947265625" lon="126.59464568831026554107666015625">
        <ele>152.399993896484375</ele>
        <time>2026-08-06T23:14:48.000Z</time>
        <extensions>
          <ns3:TrackPointExtension>
            <ns3:hr>159</ns3:hr>
            <ns3:cad>87</ns3:cad>
          </ns3:TrackPointExtension>
        </extensions>
      </trkpt>
      <trkpt lat="45.697156749665737152099609375" lon="126.59465507604181766510009765625">
        <ele>152.1999969482421875</ele>
        <time>2026-08-06T23:14:49.000Z</time>
        <extensions>
          <ns3:TrackPointExtension>
            <ns3:hr>159</ns3:hr>
            <ns3:cad>87</ns3:cad>
          </ns3:TrackPointExtension>
        </extensions>
      </trkpt>
      <trkpt lat="45.6971347890794277191162109375" lon="126.59466463141143321990966796875">
        <ele>152</ele>
        <time>2026-08-06T23:14:50.000Z</time>
        <extensions>
          <ns3:TrackPointExtension>
            <ns3:hr>160</ns3:hr>
            <ns3:cad>87</ns3:cad>
          </ns3:TrackPointExtension>
        </extensions>
      </trkpt>
      <trkpt lat="45.6971093080937862396240234375" lon="126.59468851983547210693359375">
        <ele>152</ele>
        <time>2026-08-06T23:14:51.000Z</time>
        <extensions>
          <ns3:TrackPointExtension>
            <ns3:hr>159</ns3:hr>
            <ns3:cad>87</ns3:cad>
          </ns3:TrackPointExtension>
        </extensions>
      </trkpt>
      <trkpt lat="45.69708935916423797607421875" lon="126.59470637328922748565673828125">
        <ele>151.8000030517578125</ele>
        <time>2026-08-06T23:14:52.000Z</time>
        <extensions>
          <ns3:TrackPointExtension>
            <ns3:hr>159</ns3:hr>
            <ns3:cad>87</ns3:cad>
          </ns3:TrackPointExtension>
        </extensions>
      </trkpt>
      <trkpt lat="45.69705943576991558074951171875" lon="126.5947275795042514801025390625">
        <ele>151.600006103515625</ele>
        <time>2026-08-06T23:14:53.000Z</time>
        <extensions>
          <ns3:TrackPointExtension>
            <ns3:hr>159</ns3:hr>
            <ns3:cad>87</ns3:cad>
          </ns3:TrackPointExtension>
        </extensions>
      </trkpt>
      <trkpt lat="45.697036720812320709228515625" lon="126.59474459476768970489501953125">
        <ele>151.600006103515625</ele>
        <time>2026-08-06T23:14:54.000Z</time>
        <extensions>
          <ns3:TrackPointExtension>
            <ns3:hr>159</ns3:hr>
            <ns3:cad>87</ns3:cad>
          </ns3:TrackPointExtension>
        </extensions>
      </trkpt>
      <trkpt lat="45.69700864143669605255126953125" lon="126.594765968620777130126953125">
        <ele>151.399993896484375</ele>
        <time>2026-08-06T23:14:55.000Z</time>
        <extensions>
          <ns3:TrackPointExtension>
            <ns3:hr>159</ns3:hr>
            <ns3:cad>88</ns3:cad>
          </ns3:TrackPointExtension>
        </extensions>
      </trkpt>
      <trkpt lat="45.69698265753686428070068359375" lon="126.59478214569389820098876953125">
        <ele>151.1999969482421875</ele>
        <time>2026-08-06T23:14:56.000Z</time>
        <extensions>
          <ns3:TrackPointExtension>
            <ns3:hr>159</ns3:hr>
            <ns3:cad>88</ns3:cad>
          </ns3:TrackPointExtension>
        </extensions>
      </trkpt>
      <trkpt lat="45.6969604454934597015380859375" lon="126.5948063693940639495849609375">
        <ele>151</ele>
        <time>2026-08-06T23:14:57.000Z</time>
        <extensions>
          <ns3:TrackPointExtension>
            <ns3:hr>159</ns3:hr>
            <ns3:cad>88</ns3:cad>
          </ns3:TrackPointExtension>
        </extensions>
      </trkpt>
      <trkpt lat="45.69693513214588165283203125" lon="126.594829000532627105712890625">
        <ele>151</ele>
        <time>2026-08-06T23:14:58.000Z</time>
        <extensions>
          <ns3:TrackPointExtension>
            <ns3:hr>159</ns3:hr>
            <ns3:cad>87</ns3:cad>
          </ns3:TrackPointExtension>
        </extensions>
      </trkpt>
      <trkpt lat="45.6969158537685871124267578125" lon="126.59485121257603168487548828125">
        <ele>150.8000030517578125</ele>
        <time>2026-08-06T23:14:59.000Z</time>
        <extensions>
          <ns3:TrackPointExtension>
            <ns3:hr>159</ns3:hr>
            <ns3:cad>87</ns3:cad>
          </ns3:TrackPointExtension>
        </extensions>
      </trkpt>
      <trkpt lat="45.696901939809322357177734375" lon="126.5948881767690181732177734375">
        <ele>150.600006103515625</ele>
        <time>2026-08-06T23:15:00.000Z</time>
        <extensions>
          <ns3:TrackPointExtension>
            <ns3:hr>159</ns3:hr>
            <ns3:cad>87</ns3:cad>
          </ns3:TrackPointExtension>
        </extensions>
      </trkpt>
      <trkpt lat="45.69689431227743625640869140625" lon="126.594909131526947021484375">
        <ele>150.600006103515625</ele>
        <time>2026-08-06T23:15:01.000Z</time>
        <extensions>
          <ns3:TrackPointExtension>
            <ns3:hr>158</ns3:hr>
            <ns3:cad>87</ns3:cad>
          </ns3:TrackPointExtension>
        </extensions>
      </trkpt>
      <trkpt lat="45.69687285460531711578369140625" lon="126.594939641654491424560546875">
        <ele>150.399993896484375</ele>
        <time>2026-08-06T23:15:02.000Z</time>
        <extensions>
          <ns3:TrackPointExtension>
            <ns3:hr>157</ns3:hr>
            <ns3:cad>87</ns3:cad>
          </ns3:TrackPointExtension>
        </extensions>
      </trkpt>
      <trkpt lat="45.69685600697994232177734375" lon="126.59495732747018337249755859375">
        <ele>150.399993896484375</ele>
        <time>2026-08-06T23:15:03.000Z</time>
        <extensions>
          <ns3:TrackPointExtension>
            <ns3:hr>157</ns3:hr>
            <ns3:cad>86</ns3:cad>
          </ns3:TrackPointExtension>
        </extensions>
      </trkpt>
      <trkpt lat="45.6968434341251850128173828125" lon="126.5949748456478118896484375">
        <ele>150.399993896484375</ele>
        <time>2026-08-06T23:15:04.000Z</time>
        <extensions>
          <ns3:TrackPointExtension>
            <ns3:hr>157</ns3:hr>
            <ns3:cad>86</ns3:cad>
          </ns3:TrackPointExtension>
        </extensions>
      </trkpt>
      <trkpt lat="45.69683228619396686553955078125" lon="126.595008037984371185302734375">
        <ele>150.600006103515625</ele>
        <time>2026-08-06T23:15:05.000Z</time>
        <extensions>
          <ns3:TrackPointExtension>
            <ns3:hr>157</ns3:hr>
            <ns3:cad>84</ns3:cad>
          </ns3:TrackPointExtension>
        </extensions>
      </trkpt>
      <trkpt lat="45.6968226470053195953369140625" lon="126.59503896720707416534423828125">
        <ele>150.8000030517578125</ele>
        <time>2026-08-06T23:15:06.000Z</time>
        <extensions>
          <ns3:TrackPointExtension>
            <ns3:hr>158</ns3:hr>
            <ns3:cad>84</ns3:cad>
          </ns3:TrackPointExtension>
        </extensions>
      </trkpt>
      <trkpt lat="45.696808397769927978515625" lon="126.5950678847730159759521484375">
        <ele>151</ele>
        <time>2026-08-06T23:15:07.000Z</time>
        <extensions>
          <ns3:TrackPointExtension>
            <ns3:hr>157</ns3:hr>
            <ns3:cad>84</ns3:cad>
          </ns3:TrackPointExtension>
        </extensions>
      </trkpt>
      <trkpt lat="45.69679691456258296966552734375" lon="126.59509110264480113983154296875">
        <ele>151.1999969482421875</ele>
        <time>2026-08-06T23:15:08.000Z</time>
        <extensions>
          <ns3:TrackPointExtension>
            <ns3:hr>156</ns3:hr>
            <ns3:cad>84</ns3:cad>
          </ns3:TrackPointExtension>
        </extensions>
      </trkpt>
      <trkpt lat="45.6967827491462230682373046875" lon="126.59512043930590152740478515625">
        <ele>151.1999969482421875</ele>
        <time>2026-08-06T23:15:09.000Z</time>
        <extensions>
          <ns3:TrackPointExtension>
            <ns3:hr>156</ns3:hr>
            <ns3:cad>85</ns3:cad>
          </ns3:TrackPointExtension>
        </extensions>
      </trkpt>
      <trkpt lat="45.69677017629146575927734375" lon="126.5951493568718433380126953125">
        <ele>151.1999969482421875</ele>
        <time>2026-08-06T23:15:10.000Z</time>
        <extensions>
          <ns3:TrackPointExtension>
            <ns3:hr>156</ns3:hr>
            <ns3:cad>86</ns3:cad>
          </ns3:TrackPointExtension>
        </extensions>
      </trkpt>
      <trkpt lat="45.6967542506754398345947265625" lon="126.59517609514296054840087890625">
        <ele>151.1999969482421875</ele>
        <time>2026-08-06T23:15:11.000Z</time>
        <extensions>
          <ns3:TrackPointExtension>
            <ns3:hr>156</ns3:hr>
            <ns3:cad>86</ns3:cad>
          </ns3:TrackPointExtension>
        </extensions>
      </trkpt>
      <trkpt lat="45.6967431865632534027099609375" lon="126.59520425833761692047119140625">
        <ele>151.1999969482421875</ele>
        <time>2026-08-06T23:15:12.000Z</time>
        <extensions>
          <ns3:TrackPointExtension>
            <ns3:hr>156</ns3:hr>
            <ns3:cad>86</ns3:cad>
          </ns3:TrackPointExtension>
        </extensions>
      </trkpt>
      <trkpt lat="45.69673656485974788665771484375" lon="126.5952284820377826690673828125">
        <ele>151.1999969482421875</ele>
        <time>2026-08-06T23:15:13.000Z</time>
        <extensions>
          <ns3:TrackPointExtension>
            <ns3:hr>156</ns3:hr>
            <ns3:cad>87</ns3:cad>
          </ns3:TrackPointExtension>
        </extensions>
      </trkpt>
      <trkpt lat="45.6967213936150074005126953125" lon="126.59526494331657886505126953125">
        <ele>151.1999969482421875</ele>
        <time>2026-08-06T23:15:14.000Z</time>
        <extensions>
          <ns3:TrackPointExtension>
            <ns3:hr>156</ns3:hr>
            <ns3:cad>87</ns3:cad>
          </ns3:TrackPointExtension>
        </extensions>
      </trkpt>
      <trkpt lat="45.69671309553086757659912109375" lon="126.595293022692203521728515625">
        <ele>151.1999969482421875</ele>
        <time>2026-08-06T23:15:15.000Z</time>
        <extensions>
          <ns3:TrackPointExtension>
            <ns3:hr>156</ns3:hr>
            <ns3:cad>87</ns3:cad>
          </ns3:TrackPointExtension>
        </extensions>
      </trkpt>
      <trkpt lat="45.69670270197093486785888671875" lon="126.59533149562776088714599609375">
        <ele>151</ele>
        <time>2026-08-06T23:15:16.000Z</time>
        <extensions>
          <ns3:TrackPointExtension>
            <ns3:hr>156</ns3:hr>
            <ns3:cad>87</ns3:cad>
          </ns3:TrackPointExtension>
        </extensions>
      </trkpt>
      <trkpt lat="45.69668811745941638946533203125" lon="126.59536837600171566009521484375">
        <ele>151</ele>
        <time>2026-08-06T23:15:17.000Z</time>
        <extensions>
          <ns3:TrackPointExtension>
            <ns3:hr>157</ns3:hr>
            <ns3:cad>86</ns3:cad>
          </ns3:TrackPointExtension>
        </extensions>
      </trkpt>
      <trkpt lat="45.6966737844049930572509765625" lon="126.59539930522441864013671875">
        <ele>150.8000030517578125</ele>
        <time>2026-08-06T23:15:18.000Z</time>
        <extensions>
          <ns3:TrackPointExtension>
            <ns3:hr>157</ns3:hr>
            <ns3:cad>86</ns3:cad>
          </ns3:TrackPointExtension>
        </extensions>
      </trkpt>
      <trkpt lat="45.69664872251451015472412109375" lon="126.59543157555162906646728515625">
        <ele>150.600006103515625</ele>
        <time>2026-08-06T23:15:19.000Z</time>
        <extensions>
          <ns3:TrackPointExtension>
            <ns3:hr>157</ns3:hr>
            <ns3:cad>85</ns3:cad>
          </ns3:TrackPointExtension>
        </extensions>
      </trkpt>
      <trkpt lat="45.6966325454413890838623046875" lon="126.59545973874628543853759765625">
        <ele>150.600006103515625</ele>
        <time>2026-08-06T23:15:20.000Z</time>
        <extensions>
          <ns3:TrackPointExtension>
            <ns3:hr>156</ns3:hr>
            <ns3:cad>85</ns3:cad>
          </ns3:TrackPointExtension>
        </extensions>
      </trkpt>
      <trkpt lat="45.69661033339798450469970703125" lon="126.5954920090734958648681640625">
        <ele>150.600006103515625</ele>
        <time>2026-08-06T23:15:21.000Z</time>
        <extensions>
          <ns3:TrackPointExtension>
            <ns3:hr>156</ns3:hr>
            <ns3:cad>85</ns3:cad>
          </ns3:TrackPointExtension>
        </extensions>
      </trkpt>
      <trkpt lat="45.696596167981624603271484375" lon="126.595518328249454498291015625">
        <ele>150.600006103515625</ele>
        <time>2026-08-06T23:15:22.000Z</time>
        <extensions>
          <ns3:TrackPointExtension>
            <ns3:hr>156</ns3:hr>
            <ns3:cad>85</ns3:cad>
          </ns3:TrackPointExtension>
        </extensions>
      </trkpt>
      <trkpt lat="45.69657596759498119354248046875" lon="126.59555193968117237091064453125">
        <ele>150.600006103515625</ele>
        <time>2026-08-06T23:15:23.000Z</time>
        <extensions>
          <ns3:TrackPointExtension>
            <ns3:hr>156</ns3:hr>
            <ns3:cad>85</ns3:cad>
          </ns3:TrackPointExtension>
        </extensions>
      </trkpt>
      <trkpt lat="45.69655803032219409942626953125" lon="126.59557457081973552703857421875">
        <ele>150.600006103515625</ele>
        <time>2026-08-06T23:15:24.000Z</time>
        <extensions>
          <ns3:TrackPointExtension>
            <ns3:hr>156</ns3:hr>
            <ns3:cad>86</ns3:cad>
          </ns3:TrackPointExtension>
        </extensions>
      </trkpt>
      <trkpt lat="45.6965493969619274139404296875" lon="126.59560474567115306854248046875">
        <ele>150.8000030517578125</ele>
        <time>2026-08-06T23:15:25.000Z</time>
        <extensions>
          <ns3:TrackPointExtension>
            <ns3:hr>156</ns3:hr>
            <ns3:cad>86</ns3:cad>
          </ns3:TrackPointExtension>
        </extensions>
      </trkpt>
      <trkpt lat="45.696543864905834197998046875" lon="126.595638692378997802734375">
        <ele>151</ele>
        <time>2026-08-06T23:15:26.000Z</time>
        <extensions>
          <ns3:TrackPointExtension>
            <ns3:hr>156</ns3:hr>
            <ns3:cad>87</ns3:cad>
          </ns3:TrackPointExtension>
        </extensions>
      </trkpt>
      <trkpt lat="45.69654026068747043609619140625" lon="126.595665514469146728515625">
        <ele>151.1999969482421875</ele>
        <time>2026-08-06T23:15:27.000Z</time>
        <extensions>
          <ns3:TrackPointExtension>
            <ns3:hr>156</ns3:hr>
            <ns3:cad>87</ns3:cad>
          </ns3:TrackPointExtension>
        </extensions>
      </trkpt>
      <trkpt lat="45.69654981605708599090576171875" lon="126.59568672068417072296142578125">
        <ele>151.399993896484375</ele>
        <time>2026-08-06T23:15:28.000Z</time>
        <extensions>
          <ns3:TrackPointExtension>
            <ns3:hr>156</ns3:hr>
            <ns3:cad>87</ns3:cad>
          </ns3:TrackPointExtension>
        </extensions>
      </trkpt>
      <trkpt lat="45.696570016443729400634765625" lon="126.59569610841572284698486328125">
        <ele>151.8000030517578125</ele>
        <time>2026-08-06T23:15:29.000Z</time>
        <extensions>
          <ns3:TrackPointExtension>
            <ns3:hr>156</ns3:hr>
            <ns3:cad>86</ns3:cad>
          </ns3:TrackPointExtension>
        </extensions>
      </trkpt>
      <trkpt lat="45.69659273140132427215576171875" lon="126.59569946117699146270751953125">
        <ele>152</ele>
        <time>2026-08-06T23:15:30.000Z</time>
        <extensions>
          <ns3:TrackPointExtension>
            <ns3:hr>156</ns3:hr>
            <ns3:cad>86</ns3:cad>
          </ns3:TrackPointExtension>
        </extensions>
      </trkpt>
      <trkpt lat="45.69661586545407772064208984375" lon="126.59570096991956233978271484375">
        <ele>152.1999969482421875</ele>
        <time>2026-08-06T23:15:31.000Z</time>
        <extensions>
          <ns3:TrackPointExtension>
            <ns3:hr>157</ns3:hr>
            <ns3:cad>84</ns3:cad>
          </ns3:TrackPointExtension>
        </extensions>
      </trkpt>
      <trkpt lat="45.69663765840232372283935546875" lon="126.59570264630019664764404296875">
        <ele>152.399993896484375</ele>
        <time>2026-08-06T23:15:32.000Z</time>
        <extensions>
          <ns3:TrackPointExtension>
            <ns3:hr>157</ns3:hr>
            <ns3:cad>84</ns3:cad>
          </ns3:TrackPointExtension>
        </extensions>
      </trkpt>
      <trkpt lat="45.69666565395891666412353515625" lon="126.59570767544209957122802734375">
        <ele>152.600006103515625</ele>
        <time>2026-08-06T23:15:33.000Z</time>
        <extensions>
          <ns3:TrackPointExtension>
            <ns3:hr>157</ns3:hr>
            <ns3:cad>84</ns3:cad>
          </ns3:TrackPointExtension>
        </extensions>
      </trkpt>
      <trkpt lat="45.69668543525040149688720703125" lon="126.595708765089511871337890625">
        <ele>152.600006103515625</ele>
        <time>2026-08-06T23:15:34.000Z</time>
        <extensions>
          <ns3:TrackPointExtension>
            <ns3:hr>157</ns3:hr>
            <ns3:cad>84</ns3:cad>
          </ns3:TrackPointExtension>
        </extensions>
      </trkpt>
      <trkpt lat="45.6967131793498992919921875" lon="126.595712788403034210205078125">
        <ele>152.600006103515625</ele>
        <time>2026-08-06T23:15:35.000Z</time>
        <extensions>
          <ns3:TrackPointExtension>
            <ns3:hr>158</ns3:hr>
            <ns3:cad>84</ns3:cad>
          </ns3:TrackPointExtension>
        </extensions>
      </trkpt>
      <trkpt lat="45.6967348046600818634033203125" lon="126.5957159735262393951416015625">
        <ele>152.600006103515625</ele>
        <time>2026-08-06T23:15:36.000Z</time>
        <extensions>
          <ns3:TrackPointExtension>
            <ns3:hr>158</ns3:hr>
            <ns3:cad>84</ns3:cad>
          </ns3:TrackPointExtension>
        </extensions>
      </trkpt>
      <trkpt lat="45.69675810635089874267578125" lon="126.59571572206914424896240234375">
        <ele>152.8000030517578125</ele>
        <time>2026-08-06T23:15:37.000Z</time>
        <extensions>
          <ns3:TrackPointExtension>
            <ns3:hr>159</ns3:hr>
            <ns3:cad>85</ns3:cad>
          </ns3:TrackPointExtension>
        </extensions>
      </trkpt>
      <trkpt lat="45.696787275373935699462890625" lon="126.59572125412523746490478515625">
        <ele>152.8000030517578125</ele>
        <time>2026-08-06T23:15:38.000Z</time>
        <extensions>
          <ns3:TrackPointExtension>
            <ns3:hr>161</ns3:hr>
            <ns3:cad>86</ns3:cad>
          </ns3:TrackPointExtension>
        </extensions>
      </trkpt>
      <trkpt lat="45.69680814631283283233642578125" lon="126.5957176499068737030029296875">
        <ele>153</ele>
        <time>2026-08-06T23:15:39.000Z</time>
        <extensions>
          <ns3:TrackPointExtension>
            <ns3:hr>162</ns3:hr>
            <ns3:cad>86</ns3:cad>
          </ns3:TrackPointExtension>
        </extensions>
      </trkpt>
      <trkpt lat="45.69683446548879146575927734375" lon="126.5957223437726497650146484375">
        <ele>153.1999969482421875</ele>
        <time>2026-08-06T23:15:40.000Z</time>
        <extensions>
          <ns3:TrackPointExtension>
            <ns3:hr>163</ns3:hr>
            <ns3:cad>85</ns3:cad>
          </ns3:TrackPointExtension>
        </extensions>
      </trkpt>
      <trkpt lat="45.69685609079897403717041015625" lon="126.59572117030620574951171875">
        <ele>153.1999969482421875</ele>
        <time>2026-08-06T23:15:41.000Z</time>
        <extensions>
          <ns3:TrackPointExtension>
            <ns3:hr>163</ns3:hr>
            <ns3:cad>85</ns3:cad>
          </ns3:TrackPointExtension>
        </extensions>
      </trkpt>
      <trkpt lat="45.69688626565039157867431640625" lon="126.5957213379442691802978515625">
        <ele>153.1999969482421875</ele>
        <time>2026-08-06T23:15:42.000Z</time>
        <extensions>
          <ns3:TrackPointExtension>
            <ns3:hr>164</ns3:hr>
            <ns3:cad>85</ns3:cad>
          </ns3:TrackPointExtension>
        </extensions>
      </trkpt>
      <trkpt lat="45.69691308774054050445556640625" lon="126.59572678618133068084716796875">
        <ele>153.399993896484375</ele>
        <time>2026-08-06T23:15:43.000Z</time>
        <extensions>
          <ns3:TrackPointExtension>
            <ns3:hr>164</ns3:hr>
            <ns3:cad>86</ns3:cad>
          </ns3:TrackPointExtension>
        </extensions>
      </trkpt>
      <trkpt lat="45.696942172944545745849609375" lon="126.59572695381939411163330078125">
        <ele>153.399993896484375</ele>
        <time>2026-08-06T23:15:44.000Z</time>
        <extensions>
          <ns3:TrackPointExtension>
            <ns3:hr>164</ns3:hr>
            <ns3:cad>86</ns3:cad>
          </ns3:TrackPointExtension>
        </extensions>
      </trkpt>
      <trkpt lat="45.69697092287242412567138671875" lon="126.59573181532323360443115234375">
        <ele>153.399993896484375</ele>
        <time>2026-08-06T23:15:45.000Z</time>
        <extensions>
          <ns3:TrackPointExtension>
            <ns3:hr>165</ns3:hr>
            <ns3:cad>86</ns3:cad>
          </ns3:TrackPointExtension>
        </extensions>
      </trkpt>
      <trkpt lat="45.69699824787676334381103515625" lon="126.595728211104869842529296875">
        <ele>153.600006103515625</ele>
        <time>2026-08-06T23:15:46.000Z</time>
        <extensions>
          <ns3:TrackPointExtension>
            <ns3:hr>165</ns3:hr>
            <ns3:cad>86</ns3:cad>
          </ns3:TrackPointExtension>
        </extensions>
      </trkpt>
      <trkpt lat="45.6970269978046417236328125" lon="126.59573315642774105072021484375">
        <ele>153.600006103515625</ele>
        <time>2026-08-06T23:15:47.000Z</time>
        <extensions>
          <ns3:TrackPointExtension>
            <ns3:hr>165</ns3:hr>
            <ns3:cad>86</ns3:cad>
          </ns3:TrackPointExtension>
        </extensions>
      </trkpt>
      <trkpt lat="45.69704937748610973358154296875" lon="126.59573634155094623565673828125">
        <ele>153.600006103515625</ele>
        <time>2026-08-06T23:15:48.000Z</time>
        <extensions>
          <ns3:TrackPointExtension>
            <ns3:hr>165</ns3:hr>
            <ns3:cad>86</ns3:cad>
          </ns3:TrackPointExtension>
        </extensions>
      </trkpt>
      <trkpt lat="45.6970798037946224212646484375" lon="126.5957473218441009521484375">
        <ele>153.600006103515625</ele>
        <time>2026-08-06T23:15:49.000Z</time>
        <extensions>
          <ns3:TrackPointExtension>
            <ns3:hr>166</ns3:hr>
            <ns3:cad>86</ns3:cad>
          </ns3:TrackPointExtension>
        </extensions>
      </trkpt>
      <trkpt lat="45.69710235111415386199951171875" lon="126.59576115198433399200439453125">
        <ele>153.600006103515625</ele>
        <time>2026-08-06T23:15:50.000Z</time>
        <extensions>
          <ns3:TrackPointExtension>
            <ns3:hr>166</ns3:hr>
            <ns3:cad>86</ns3:cad>
          </ns3:TrackPointExtension>
        </extensions>
      </trkpt>
      <trkpt lat="45.6971267424523830413818359375" lon="126.5957890637218952178955078125">
        <ele>153.600006103515625</ele>
        <time>2026-08-06T23:15:51.000Z</time>
        <extensions>
          <ns3:TrackPointExtension>
            <ns3:hr>166</ns3:hr>
            <ns3:cad>86</ns3:cad>
          </ns3:TrackPointExtension>
        </extensions>
      </trkpt>
      <trkpt lat="45.697148032486438751220703125" lon="126.59581907093524932861328125">
        <ele>153.8000030517578125</ele>
        <time>2026-08-06T23:15:52.000Z</time>
        <extensions>
          <ns3:TrackPointExtension>
            <ns3:hr>166</ns3:hr>
            <ns3:cad>86</ns3:cad>
          </ns3:TrackPointExtension>
        </extensions>
      </trkpt>
      <trkpt lat="45.69716471247375011444091796875" lon="126.59584899432957172393798828125">
        <ele>153.8000030517578125</ele>
        <time>2026-08-06T23:15:53.000Z</time>
        <extensions>
          <ns3:TrackPointExtension>
            <ns3:hr>165</ns3:hr>
            <ns3:cad>86</ns3:cad>
          </ns3:TrackPointExtension>
        </extensions>
      </trkpt>
      <trkpt lat="45.697182230651378631591796875" lon="126.59587883390486240386962890625">
        <ele>154</ele>
        <time>2026-08-06T23:15:54.000Z</time>
        <extensions>
          <ns3:TrackPointExtension>
            <ns3:hr>166</ns3:hr>
            <ns3:cad>86</ns3:cad>
          </ns3:TrackPointExtension>
        </extensions>
      </trkpt>
      <trkpt lat="45.6971959769725799560546875" lon="126.5959028899669647216796875">
        <ele>154.1999969482421875</ele>
        <time>2026-08-06T23:15:55.000Z</time>
        <extensions>
          <ns3:TrackPointExtension>
            <ns3:hr>166</ns3:hr>
            <ns3:cad>87</ns3:cad>
          </ns3:TrackPointExtension>
        </extensions>
      </trkpt>
      <trkpt lat="45.69720360450446605682373046875" lon="126.59594505093991756439208984375">
        <ele>154.399993896484375</ele>
        <time>2026-08-06T23:15:56.000Z</time>
        <extensions>
          <ns3:TrackPointExtension>
            <ns3:hr>166</ns3:hr>
            <ns3:cad>87</ns3:cad>
          </ns3:TrackPointExtension>
        </extensions>
      </trkpt>
      <trkpt lat="45.6972125731408596038818359375" lon="126.59597103483974933624267578125">
        <ele>154.600006103515625</ele>
        <time>2026-08-06T23:15:57.000Z</time>
        <extensions>
          <ns3:TrackPointExtension>
            <ns3:hr>167</ns3:hr>
            <ns3:cad>87</ns3:cad>
          </ns3:TrackPointExtension>
        </extensions>
      </trkpt>
      <trkpt lat="45.69722154177725315093994140625" lon="126.59600774757564067840576171875">
        <ele>154.8000030517578125</ele>
        <time>2026-08-06T23:15:58.000Z</time>
        <extensions>
          <ns3:TrackPointExtension>
            <ns3:hr>167</ns3:hr>
            <ns3:cad>87</ns3:cad>
          </ns3:TrackPointExtension>
        </extensions>
      </trkpt>
      <trkpt lat="45.697225145995616912841796875" lon="126.59603272564709186553955078125">
        <ele>155</ele>
        <time>2026-08-06T23:15:59.000Z</time>
        <extensions>
          <ns3:TrackPointExtension>
            <ns3:hr>167</ns3:hr>
            <ns3:cad>87</ns3:cad>
          </ns3:TrackPointExtension>
        </extensions>
      </trkpt>
      <trkpt lat="45.69722891785204410552978515625" lon="126.5960713662207126617431640625">
        <ele>155</ele>
        <time>2026-08-06T23:16:00.000Z</time>
        <extensions>
          <ns3:TrackPointExtension>
            <ns3:hr>167</ns3:hr>
            <ns3:cad>87</ns3:cad>
          </ns3:TrackPointExtension>
        </extensions>
      </trkpt>
      <trkpt lat="45.69723042659461498260498046875" lon="126.59609802067279815673828125">
        <ele>155.1999969482421875</ele>
        <time>2026-08-06T23:16:01.000Z</time>
        <extensions>
          <ns3:TrackPointExtension>
            <ns3:hr>167</ns3:hr>
            <ns3:cad>87</ns3:cad>
          </ns3:TrackPointExtension>
        </extensions>
      </trkpt>
      <trkpt lat="45.69723092950880527496337890625" lon="126.59612811170518398284912109375">
        <ele>155.1999969482421875</ele>
        <time>2026-08-06T23:16:02.000Z</time>
        <extensions>
          <ns3:TrackPointExtension>
            <ns3:hr>167</ns3:hr>
            <ns3:cad>87</ns3:cad>
          </ns3:TrackPointExtension>
        </extensions>
      </trkpt>
      <trkpt lat="45.69723176769912242889404296875" lon="126.59616767428815364837646484375">
        <ele>155.1999969482421875</ele>
        <time>2026-08-06T23:16:03.000Z</time>
        <extensions>
          <ns3:TrackPointExtension>
            <ns3:hr>167</ns3:hr>
            <ns3:cad>87</ns3:cad>
          </ns3:TrackPointExtension>
        </extensions>
      </trkpt>
      <trkpt lat="45.6972343660891056060791015625" lon="126.5962001122534275054931640625">
        <ele>155.399993896484375</ele>
        <time>2026-08-06T23:16:04.000Z</time>
        <extensions>
          <ns3:TrackPointExtension>
            <ns3:hr>167</ns3:hr>
            <ns3:cad>86</ns3:cad>
          </ns3:TrackPointExtension>
        </extensions>
      </trkpt>
      <trkpt lat="45.69723285734653472900390625" lon="126.59624244086444377899169921875">
        <ele>155.399993896484375</ele>
        <time>2026-08-06T23:16:05.000Z</time>
        <extensions>
          <ns3:TrackPointExtension>
            <ns3:hr>167</ns3:hr>
            <ns3:cad>85</ns3:cad>
          </ns3:TrackPointExtension>
        </extensions>
      </trkpt>
      <trkpt lat="45.6972387246787548065185546875" lon="126.596275381743907928466796875">
        <ele>155.600006103515625</ele>
        <time>2026-08-06T23:16:06.000Z</time>
        <extensions>
          <ns3:TrackPointExtension>
            <ns3:hr>167</ns3:hr>
            <ns3:cad>84</ns3:cad>
          </ns3:TrackPointExtension>
        </extensions>
      </trkpt>
      <trkpt lat="45.697254650294780731201171875" lon="126.59630128182470798492431640625">
        <ele>155.8000030517578125</ele>
        <time>2026-08-06T23:16:07.000Z</time>
        <extensions>
          <ns3:TrackPointExtension>
            <ns3:hr>167</ns3:hr>
            <ns3:cad>84</ns3:cad>
          </ns3:TrackPointExtension>
        </extensions>
      </trkpt>
      <trkpt lat="45.6972735933959484100341796875" lon="126.596324332058429718017578125">
        <ele>155.8000030517578125</ele>
        <time>2026-08-06T23:16:08.000Z</time>
        <extensions>
          <ns3:TrackPointExtension>
            <ns3:hr>167</ns3:hr>
            <ns3:cad>84</ns3:cad>
          </ns3:TrackPointExtension>
        </extensions>
      </trkpt>
      <trkpt lat="45.6972896866500377655029296875" lon="126.59633782692253589630126953125">
        <ele>155.600006103515625</ele>
        <time>2026-08-06T23:16:09.000Z</time>
        <extensions>
          <ns3:TrackPointExtension>
            <ns3:hr>167</ns3:hr>
            <ns3:cad>84</ns3:cad>
          </ns3:TrackPointExtension>
        </extensions>
      </trkpt>
      <trkpt lat="45.6973178498446941375732421875" lon="126.5963516570627689361572265625">
        <ele>155.399993896484375</ele>
        <time>2026-08-06T23:16:10.000Z</time>
        <extensions>
          <ns3:TrackPointExtension>
            <ns3:hr>167</ns3:hr>
            <ns3:cad>84</ns3:cad>
          </ns3:TrackPointExtension>
        </extensions>
      </trkpt>
      <trkpt lat="45.697335116565227508544921875" lon="126.59635861404240131378173828125">
        <ele>155.1999969482421875</ele>
        <time>2026-08-06T23:16:11.000Z</time>
        <extensions>
          <ns3:TrackPointExtension>
            <ns3:hr>167</ns3:hr>
            <ns3:cad>84</ns3:cad>
          </ns3:TrackPointExtension>
        </extensions>
      </trkpt>
      <trkpt lat="45.69735984317958354949951171875" lon="126.596365235745906829833984375">
        <ele>154.8000030517578125</ele>
        <time>2026-08-06T23:16:12.000Z</time>
        <extensions>
          <ns3:TrackPointExtension>
            <ns3:hr>168</ns3:hr>
            <ns3:cad>84</ns3:cad>
          </ns3:TrackPointExtension>
        </extensions>
      </trkpt>
      <trkpt lat="45.6973815523087978363037109375" lon="126.5963761322200298309326171875">
        <ele>154.8000030517578125</ele>
        <time>2026-08-06T23:16:13.000Z</time>
        <extensions>
          <ns3:TrackPointExtension>
            <ns3:hr>167</ns3:hr>
            <ns3:cad>84</ns3:cad>
          </ns3:TrackPointExtension>
        </extensions>
      </trkpt>
      <trkpt lat="45.69740477018058300018310546875" lon="126.59638090990483760833740234375">
        <ele>154.8000030517578125</ele>
        <time>2026-08-06T23:16:14.000Z</time>
        <extensions>
          <ns3:TrackPointExtension>
            <ns3:hr>167</ns3:hr>
            <ns3:cad>84</ns3:cad>
          </ns3:TrackPointExtension>
        </extensions>
      </trkpt>
      <trkpt lat="45.6974266469478607177734375" lon="126.59638677723705768585205078125">
        <ele>155</ele>
        <time>2026-08-06T23:16:15.000Z</time>
        <extensions>
          <ns3:TrackPointExtension>
            <ns3:hr>166</ns3:hr>
            <ns3:cad>84</ns3:cad>
          </ns3:TrackPointExtension>
        </extensions>
      </trkpt>
      <trkpt lat="45.69745237939059734344482421875" lon="126.596389375627040863037109375">
        <ele>155</ele>
        <time>2026-08-06T23:16:16.000Z</time>
        <extensions>
          <ns3:TrackPointExtension>
            <ns3:hr>166</ns3:hr>
            <ns3:cad>87</ns3:cad>
          </ns3:TrackPointExtension>
        </extensions>
      </trkpt>
      <trkpt lat="45.69747618399560451507568359375" lon="126.59639482386410236358642578125">
        <ele>155</ele>
        <time>2026-08-06T23:16:17.000Z</time>
        <extensions>
          <ns3:TrackPointExtension>
            <ns3:hr>165</ns3:hr>
            <ns3:cad>87</ns3:cad>
          </ns3:TrackPointExtension>
        </extensions>
      </trkpt>
      <trkpt lat="45.6974965520203113555908203125" lon="126.59639867953956127166748046875">
        <ele>155</ele>
        <time>2026-08-06T23:16:18.000Z</time>
        <extensions>
          <ns3:TrackPointExtension>
            <ns3:hr>164</ns3:hr>
            <ns3:cad>87</ns3:cad>
          </ns3:TrackPointExtension>
        </extensions>
      </trkpt>
      <trkpt lat="45.69752496667206287384033203125" lon="126.5963989309966564178466796875">
        <ele>155</ele>
        <time>2026-08-06T23:16:19.000Z</time>
        <extensions>
          <ns3:TrackPointExtension>
            <ns3:hr>163</ns3:hr>
            <ns3:cad>87</ns3:cad>
          </ns3:TrackPointExtension>
        </extensions>
      </trkpt>
      <trkpt lat="45.6975460052490234375" lon="126.59639767371118068695068359375">
        <ele>154.8000030517578125</ele>
        <time>2026-08-06T23:16:20.000Z</time>
        <extensions>
          <ns3:TrackPointExtension>
            <ns3:hr>163</ns3:hr>
            <ns3:cad>87</ns3:cad>
          </ns3:TrackPointExtension>
        </extensions>
      </trkpt>
      <trkpt lat="45.69756972603499889373779296875" lon="126.596400439739227294921875">
        <ele>154.8000030517578125</ele>
        <time>2026-08-06T23:16:21.000Z</time>
        <extensions>
          <ns3:TrackPointExtension>
            <ns3:hr>163</ns3:hr>
            <ns3:cad>87</ns3:cad>
          </ns3:TrackPointExtension>
        </extensions>
      </trkpt>
      <trkpt lat="45.69759403355419635772705078125" lon="126.5964053012430667877197265625">
        <ele>154.600006103515625</ele>
        <time>2026-08-06T23:16:22.000Z</time>
        <extensions>
          <ns3:TrackPointExtension>
            <ns3:hr>163</ns3:hr>
            <ns3:cad>87</ns3:cad>
          </ns3:TrackPointExtension>
        </extensions>
      </trkpt>
      <trkpt lat="45.69762445986270904541015625" lon="126.5964079834520816802978515625">
        <ele>154.8000030517578125</ele>
        <time>2026-08-06T23:16:23.000Z</time>
        <extensions>
          <ns3:TrackPointExtension>
            <ns3:hr>164</ns3:hr>
            <ns3:cad>87</ns3:cad>
          </ns3:TrackPointExtension>
        </extensions>
      </trkpt>
      <trkpt lat="45.697649605572223663330078125" lon="126.59640756435692310333251953125">
        <ele>155</ele>
        <time>2026-08-06T23:16:24.000Z</time>
        <extensions>
          <ns3:TrackPointExtension>
            <ns3:hr>164</ns3:hr>
            <ns3:cad>87</ns3:cad>
          </ns3:TrackPointExtension>
        </extensions>
      </trkpt>
      <trkpt lat="45.697673745453357696533203125" lon="126.59640890546143054962158203125">
        <ele>155</ele>
        <time>2026-08-06T23:16:25.000Z</time>
        <extensions>
          <ns3:TrackPointExtension>
            <ns3:hr>164</ns3:hr>
            <ns3:cad>87</ns3:cad>
          </ns3:TrackPointExtension>
        </extensions>
      </trkpt>
      <trkpt lat="45.69770132191479206085205078125" lon="126.59641326405107975006103515625">
        <ele>155.1999969482421875</ele>
        <time>2026-08-06T23:16:26.000Z</time>
        <extensions>
          <ns3:TrackPointExtension>
            <ns3:hr>164</ns3:hr>
            <ns3:cad>87</ns3:cad>
          </ns3:TrackPointExtension>
        </extensions>
      </trkpt>
      <trkpt lat="45.69772428832948207855224609375" lon="126.59641594626009464263916015625">
        <ele>155.399993896484375</ele>
        <time>2026-08-06T23:16:27.000Z</time>
        <extensions>
          <ns3:TrackPointExtension>
            <ns3:hr>165</ns3:hr>
            <ns3:cad>87</ns3:cad>
          </ns3:TrackPointExtension>
        </extensions>
      </trkpt>
      <trkpt lat="45.6977543793618679046630859375" lon="126.59642659127712249755859375">
        <ele>155.399993896484375</ele>
        <time>2026-08-06T23:16:28.000Z</time>
        <extensions>
          <ns3:TrackPointExtension>
            <ns3:hr>164</ns3:hr>
            <ns3:cad>87</ns3:cad>
          </ns3:TrackPointExtension>
        </extensions>
      </trkpt>
      <trkpt lat="45.697777010500431060791015625" lon="126.5964314527809619903564453125">
        <ele>155.399993896484375</ele>
        <time>2026-08-06T23:16:29.000Z</time>
        <extensions>
          <ns3:TrackPointExtension>
            <ns3:hr>164</ns3:hr>
            <ns3:cad>87</ns3:cad>
          </ns3:TrackPointExtension>
        </extensions>
      </trkpt>
      <trkpt lat="45.69780626334249973297119140625" lon="126.59643740393221378326416015625">
        <ele>155.1999969482421875</ele>
        <time>2026-08-06T23:16:30.000Z</time>
        <extensions>
          <ns3:TrackPointExtension>
            <ns3:hr>165</ns3:hr>
            <ns3:cad>87</ns3:cad>
          </ns3:TrackPointExtension>
        </extensions>
      </trkpt>
      <trkpt lat="45.69783090613782405853271484375" lon="126.5964431874454021453857421875">
        <ele>155.1999969482421875</ele>
        <time>2026-08-06T23:16:31.000Z</time>
        <extensions>
          <ns3:TrackPointExtension>
            <ns3:hr>165</ns3:hr>
            <ns3:cad>88</ns3:cad>
          </ns3:TrackPointExtension>
        </extensions>
      </trkpt>
      <trkpt lat="45.69786057807505130767822265625" lon="126.59644444473087787628173828125">
        <ele>155.1999969482421875</ele>
        <time>2026-08-06T23:16:32.000Z</time>
        <extensions>
          <ns3:TrackPointExtension>
            <ns3:hr>164</ns3:hr>
            <ns3:cad>88</ns3:cad>
          </ns3:TrackPointExtension>
        </extensions>
      </trkpt>
      <trkpt lat="45.6978908367455005645751953125" lon="126.59645098261535167694091796875">
        <ele>155.1999969482421875</ele>
        <time>2026-08-06T23:16:33.000Z</time>
        <extensions>
          <ns3:TrackPointExtension>
            <ns3:hr>165</ns3:hr>
            <ns3:cad>88</ns3:cad>
          </ns3:TrackPointExtension>
        </extensions>
      </trkpt>
      <trkpt lat="45.69791807793080806732177734375" lon="126.59645249135792255401611328125">
        <ele>155.1999969482421875</ele>
        <time>2026-08-06T23:16:34.000Z</time>
        <extensions>
          <ns3:TrackPointExtension>
            <ns3:hr>165</ns3:hr>
            <ns3:cad>88</ns3:cad>
          </ns3:TrackPointExtension>
        </extensions>
      </trkpt>
      <trkpt lat="45.69794372655451297760009765625" lon="126.59645835869014263153076171875">
        <ele>155.1999969482421875</ele>
        <time>2026-08-06T23:16:35.000Z</time>
        <extensions>
          <ns3:TrackPointExtension>
            <ns3:hr>165</ns3:hr>
            <ns3:cad>88</ns3:cad>
          </ns3:TrackPointExtension>
        </extensions>
      </trkpt>
      <trkpt lat="45.6979706324636936187744140625" lon="126.5964607894420623779296875">
        <ele>155.1999969482421875</ele>
        <time>2026-08-06T23:16:36.000Z</time>
        <extensions>
          <ns3:TrackPointExtension>
            <ns3:hr>165</ns3:hr>
            <ns3:cad>88</ns3:cad>
          </ns3:TrackPointExtension>
        </extensions>
      </trkpt>
      <trkpt lat="45.6980014778673648834228515625" lon="126.59647026099264621734619140625">
        <ele>155</ele>
        <time>2026-08-06T23:16:37.000Z</time>
        <extensions>
          <ns3:TrackPointExtension>
            <ns3:hr>166</ns3:hr>
            <ns3:cad>88</ns3:cad>
          </ns3:TrackPointExtension>
        </extensions>
      </trkpt>
      <trkpt lat="45.6980266235768795013427734375" lon="126.596477888524532318115234375">
        <ele>155</ele>
        <time>2026-08-06T23:16:38.000Z</time>
        <extensions>
          <ns3:TrackPointExtension>
            <ns3:hr>166</ns3:hr>
            <ns3:cad>88</ns3:cad>
          </ns3:TrackPointExtension>
        </extensions>
      </trkpt>
      <trkpt lat="45.69805654697120189666748046875" lon="126.596491634845733642578125">
        <ele>155</ele>
        <time>2026-08-06T23:16:39.000Z</time>
        <extensions>
          <ns3:TrackPointExtension>
            <ns3:hr>167</ns3:hr>
            <ns3:cad>88</ns3:cad>
          </ns3:TrackPointExtension>
        </extensions>
      </trkpt>
      <trkpt lat="45.6980784237384796142578125" lon="126.5964995138347148895263671875">
        <ele>154.8000030517578125</ele>
        <time>2026-08-06T23:16:40.000Z</time>
        <extensions>
          <ns3:TrackPointExtension>
            <ns3:hr>167</ns3:hr>
            <ns3:cad>88</ns3:cad>
          </ns3:TrackPointExtension>
        </extensions>
      </trkpt>
      <trkpt lat="45.6981080956757068634033203125" lon="126.59651602618396282196044921875">
        <ele>154.8000030517578125</ele>
        <time>2026-08-06T23:16:41.000Z</time>
        <extensions>
          <ns3:TrackPointExtension>
            <ns3:hr>168</ns3:hr>
            <ns3:cad>88</ns3:cad>
          </ns3:TrackPointExtension>
        </extensions>
      </trkpt>
      <trkpt lat="45.69813231937587261199951171875" lon="126.596524156630039215087890625">
        <ele>154.600006103515625</ele>
        <time>2026-08-06T23:16:42.000Z</time>
        <extensions>
          <ns3:TrackPointExtension>
            <ns3:hr>168</ns3:hr>
            <ns3:cad>88</ns3:cad>
          </ns3:TrackPointExtension>
        </extensions>
      </trkpt>
      <trkpt lat="45.6981603987514972686767578125" lon="126.5965340472757816314697265625">
        <ele>154.600006103515625</ele>
        <time>2026-08-06T23:16:43.000Z</time>
        <extensions>
          <ns3:TrackPointExtension>
            <ns3:hr>168</ns3:hr>
            <ns3:cad>87</ns3:cad>
          </ns3:TrackPointExtension>
        </extensions>
      </trkpt>
      <trkpt lat="45.6981845386326313018798828125" lon="126.59654217772185802459716796875">
        <ele>154.600006103515625</ele>
        <time>2026-08-06T23:16:44.000Z</time>
        <extensions>
          <ns3:TrackPointExtension>
            <ns3:hr>168</ns3:hr>
            <ns3:cad>87</ns3:cad>
          </ns3:TrackPointExtension>
        </extensions>
      </trkpt>
      <trkpt lat="45.6982127018272876739501953125" lon="126.59654670394957065582275390625">
        <ele>154.8000030517578125</ele>
        <time>2026-08-06T23:16:45.000Z</time>
        <extensions>
          <ns3:TrackPointExtension>
            <ns3:hr>168</ns3:hr>
            <ns3:cad>87</ns3:cad>
          </ns3:TrackPointExtension>
        </extensions>
      </trkpt>
      <trkpt lat="45.6982375122606754302978515625" lon="126.5965504758059978485107421875">
        <ele>154.8000030517578125</ele>
        <time>2026-08-06T23:16:46.000Z</time>
        <extensions>
          <ns3:TrackPointExtension>
            <ns3:hr>168</ns3:hr>
            <ns3:cad>88</ns3:cad>
          </ns3:TrackPointExtension>
        </extensions>
      </trkpt>
      <trkpt lat="45.69826575927436351776123046875" lon="126.59654737450182437896728515625">
        <ele>154.8000030517578125</ele>
        <time>2026-08-06T23:16:47.000Z</time>
        <extensions>
          <ns3:TrackPointExtension>
            <ns3:hr>168</ns3:hr>
            <ns3:cad>88</ns3:cad>
          </ns3:TrackPointExtension>
        </extensions>
      </trkpt>
      <trkpt lat="45.69829207845032215118408203125" lon="126.596559025347232818603515625">
        <ele>154.8000030517578125</ele>
        <time>2026-08-06T23:16:48.000Z</time>
        <extensions>
          <ns3:TrackPointExtension>
            <ns3:hr>169</ns3:hr>
            <ns3:cad>88</ns3:cad>
          </ns3:TrackPointExtension>
        </extensions>
      </trkpt>
      <trkpt lat="45.6983142904937267303466796875" lon="126.596563719213008880615234375">
        <ele>154.8000030517578125</ele>
        <time>2026-08-06T23:16:49.000Z</time>
        <extensions>
          <ns3:TrackPointExtension>
            <ns3:hr>169</ns3:hr>
            <ns3:cad>88</ns3:cad>
          </ns3:TrackPointExtension>
        </extensions>
      </trkpt>
      <trkpt lat="45.69834521971642971038818359375" lon="126.59657419659197330474853515625">
        <ele>154.8000030517578125</ele>
        <time>2026-08-06T23:16:50.000Z</time>
        <extensions>
          <ns3:TrackPointExtension>
            <ns3:hr>168</ns3:hr>
            <ns3:cad>88</ns3:cad>
          </ns3:TrackPointExtension>
        </extensions>
      </trkpt>
      <trkpt lat="45.698369778692722320556640625" lon="126.59657721407711505889892578125">
        <ele>154.600006103515625</ele>
        <time>2026-08-06T23:16:51.000Z</time>
        <extensions>
          <ns3:TrackPointExtension>
            <ns3:hr>168</ns3:hr>
            <ns3:cad>88</ns3:cad>
          </ns3:TrackPointExtension>
        </extensions>
      </trkpt>
      <trkpt lat="45.698401629924774169921875" lon="126.59658676944673061370849609375">
        <ele>154.399993896484375</ele>
        <time>2026-08-06T23:16:52.000Z</time>
        <extensions>
          <ns3:TrackPointExtension>
            <ns3:hr>168</ns3:hr>
            <ns3:cad>87</ns3:cad>
          </ns3:TrackPointExtension>
        </extensions>
      </trkpt>
      <trkpt lat="45.69842484779655933380126953125" lon="126.59659246914088726043701171875">
        <ele>154.399993896484375</ele>
        <time>2026-08-06T23:16:53.000Z</time>
        <extensions>
          <ns3:TrackPointExtension>
            <ns3:hr>169</ns3:hr>
            <ns3:cad>87</ns3:cad>
          </ns3:TrackPointExtension>
        </extensions>
      </trkpt>
      <trkpt lat="45.698452927172183990478515625" lon="126.59659917466342449188232421875">
        <ele>154.399993896484375</ele>
        <time>2026-08-06T23:16:54.000Z</time>
        <extensions>
          <ns3:TrackPointExtension>
            <ns3:hr>169</ns3:hr>
            <ns3:cad>87</ns3:cad>
          </ns3:TrackPointExtension>
        </extensions>
      </trkpt>
      <trkpt lat="45.698477067053318023681640625" lon="126.59660495817661285400390625">
        <ele>154.399993896484375</ele>
        <time>2026-08-06T23:16:55.000Z</time>
        <extensions>
          <ns3:TrackPointExtension>
            <ns3:hr>169</ns3:hr>
            <ns3:cad>88</ns3:cad>
          </ns3:TrackPointExtension>
        </extensions>
      </trkpt>
      <trkpt lat="45.698503889143466949462890625" lon="126.59661275334656238555908203125">
        <ele>154.399993896484375</ele>
        <time>2026-08-06T23:16:56.000Z</time>
        <extensions>
          <ns3:TrackPointExtension>
            <ns3:hr>169</ns3:hr>
            <ns3:cad>87</ns3:cad>
          </ns3:TrackPointExtension>
        </extensions>
      </trkpt>
      <trkpt lat="45.6985305435955524444580078125" lon="126.59662264399230480194091796875">
        <ele>154.600006103515625</ele>
        <time>2026-08-06T23:16:57.000Z</time>
        <extensions>
          <ns3:TrackPointExtension>
            <ns3:hr>169</ns3:hr>
            <ns3:cad>87</ns3:cad>
          </ns3:TrackPointExtension>
        </extensions>
      </trkpt>
      <trkpt lat="45.69855812005698680877685546875" lon="126.59662499092519283294677734375">
        <ele>154.8000030517578125</ele>
        <time>2026-08-06T23:16:58.000Z</time>
        <extensions>
          <ns3:TrackPointExtension>
            <ns3:hr>169</ns3:hr>
            <ns3:cad>87</ns3:cad>
          </ns3:TrackPointExtension>
        </extensions>
      </trkpt>
      <trkpt lat="45.698585696518421173095703125" lon="126.59663387574255466461181640625">
        <ele>154.8000030517578125</ele>
        <time>2026-08-06T23:16:59.000Z</time>
        <extensions>
          <ns3:TrackPointExtension>
            <ns3:hr>169</ns3:hr>
            <ns3:cad>87</ns3:cad>
          </ns3:TrackPointExtension>
        </extensions>
      </trkpt>
      <trkpt lat="45.6986103393137454986572265625" lon="126.59663722850382328033447265625">
        <ele>154.8000030517578125</ele>
        <time>2026-08-06T23:17:00.000Z</time>
        <extensions>
          <ns3:TrackPointExtension>
            <ns3:hr>169</ns3:hr>
            <ns3:cad>87</ns3:cad>
          </ns3:TrackPointExtension>
        </extensions>
      </trkpt>
      <trkpt lat="45.69863791577517986297607421875" lon="126.59664812497794628143310546875">
        <ele>154.8000030517578125</ele>
        <time>2026-08-06T23:17:01.000Z</time>
        <extensions>
          <ns3:TrackPointExtension>
            <ns3:hr>169</ns3:hr>
            <ns3:cad>87</ns3:cad>
          </ns3:TrackPointExtension>
        </extensions>
      </trkpt>
      <trkpt lat="45.69866104982793331146240234375" lon="126.5966550819575786590576171875">
        <ele>154.600006103515625</ele>
        <time>2026-08-06T23:17:02.000Z</time>
        <extensions>
          <ns3:TrackPointExtension>
            <ns3:hr>170</ns3:hr>
            <ns3:cad>87</ns3:cad>
          </ns3:TrackPointExtension>
        </extensions>
      </trkpt>
      <trkpt lat="45.69868552498519420623779296875" lon="126.59666472114622592926025390625">
        <ele>154.600006103515625</ele>
        <time>2026-08-06T23:17:03.000Z</time>
        <extensions>
          <ns3:TrackPointExtension>
            <ns3:hr>169</ns3:hr>
            <ns3:cad>87</ns3:cad>
          </ns3:TrackPointExtension>
        </extensions>
      </trkpt>
      <trkpt lat="45.6987109221518039703369140625" lon="126.5966711752116680145263671875">
        <ele>154.600006103515625</ele>
        <time>2026-08-06T23:17:04.000Z</time>
        <extensions>
          <ns3:TrackPointExtension>
            <ns3:hr>169</ns3:hr>
            <ns3:cad>87</ns3:cad>
          </ns3:TrackPointExtension>
        </extensions>
      </trkpt>
      <trkpt lat="45.69873732514679431915283203125" lon="126.5966819040477275848388671875">
        <ele>154.399993896484375</ele>
        <time>2026-08-06T23:17:05.000Z</time>
        <extensions>
          <ns3:TrackPointExtension>
            <ns3:hr>169</ns3:hr>
            <ns3:cad>87</ns3:cad>
          </ns3:TrackPointExtension>
        </extensions>
      </trkpt>
      <trkpt lat="45.69876582361757755279541015625" lon="126.59669405780732631683349609375">
        <ele>154.399993896484375</ele>
        <time>2026-08-06T23:17:06.000Z</time>
        <extensions>
          <ns3:TrackPointExtension>
            <ns3:hr>169</ns3:hr>
            <ns3:cad>87</ns3:cad>
          </ns3:TrackPointExtension>
        </extensions>
      </trkpt>
      <trkpt lat="45.69879096932709217071533203125" lon="126.5967030264437198638916015625">
        <ele>154.399993896484375</ele>
        <time>2026-08-06T23:17:07.000Z</time>
        <extensions>
          <ns3:TrackPointExtension>
            <ns3:hr>169</ns3:hr>
            <ns3:cad>86</ns3:cad>
          </ns3:TrackPointExtension>
        </extensions>
      </trkpt>
      <trkpt lat="45.69881510920822620391845703125" lon="126.59671953879296779632568359375">
        <ele>154.1999969482421875</ele>
        <time>2026-08-06T23:17:08.000Z</time>
        <extensions>
          <ns3:TrackPointExtension>
            <ns3:hr>170</ns3:hr>
            <ns3:cad>86</ns3:cad>
          </ns3:TrackPointExtension>
        </extensions>
      </trkpt>
      <trkpt lat="45.69883723743259906768798828125" lon="126.59672523848712444305419921875">
        <ele>154</ele>
        <time>2026-08-06T23:17:09.000Z</time>
        <extensions>
          <ns3:TrackPointExtension>
            <ns3:hr>169</ns3:hr>
            <ns3:cad>86</ns3:cad>
          </ns3:TrackPointExtension>
        </extensions>
      </trkpt>
      <trkpt lat="45.6988617964088916778564453125" lon="126.596737392246723175048828125">
        <ele>154</ele>
        <time>2026-08-06T23:17:10.000Z</time>
        <extensions>
          <ns3:TrackPointExtension>
            <ns3:hr>169</ns3:hr>
            <ns3:cad>86</ns3:cad>
          </ns3:TrackPointExtension>
        </extensions>
      </trkpt>
      <trkpt lat="45.6988825835287570953369140625" lon="126.59675055183470249176025390625">
        <ele>153.8000030517578125</ele>
        <time>2026-08-06T23:17:11.000Z</time>
        <extensions>
          <ns3:TrackPointExtension>
            <ns3:hr>170</ns3:hr>
            <ns3:cad>87</ns3:cad>
          </ns3:TrackPointExtension>
        </extensions>
      </trkpt>
      <trkpt lat="45.6989080645143985748291015625" lon="126.59676413051784038543701171875">
        <ele>153.8000030517578125</ele>
        <time>2026-08-06T23:17:12.000Z</time>
        <extensions>
          <ns3:TrackPointExtension>
            <ns3:hr>169</ns3:hr>
            <ns3:cad>88</ns3:cad>
          </ns3:TrackPointExtension>
        </extensions>
      </trkpt>
      <trkpt lat="45.69893044419586658477783203125" lon="126.59677083604037761688232421875">
        <ele>153.8000030517578125</ele>
        <time>2026-08-06T23:17:13.000Z</time>
        <extensions>
          <ns3:TrackPointExtension>
            <ns3:hr>169</ns3:hr>
            <ns3:cad>88</ns3:cad>
          </ns3:TrackPointExtension>
        </extensions>
      </trkpt>
      <trkpt lat="45.698955841362476348876953125" lon="126.59677821211516857147216796875">
        <ele>154</ele>
        <time>2026-08-06T23:17:14.000Z</time>
        <extensions>
          <ns3:TrackPointExtension>
            <ns3:hr>169</ns3:hr>
            <ns3:cad>88</ns3:cad>
          </ns3:TrackPointExtension>
        </extensions>
      </trkpt>
      <trkpt lat="45.69897972978651523590087890625" lon="126.59678609110414981842041015625">
        <ele>154.1999969482421875</ele>
        <time>2026-08-06T23:17:15.000Z</time>
        <extensions>
          <ns3:TrackPointExtension>
            <ns3:hr>169</ns3:hr>
            <ns3:cad>88</ns3:cad>
          </ns3:TrackPointExtension>
        </extensions>
      </trkpt>
      <trkpt lat="45.6990042887628078460693359375" lon="126.59679179079830646514892578125">
        <ele>154.399993896484375</ele>
        <time>2026-08-06T23:17:16.000Z</time>
        <extensions>
          <ns3:TrackPointExtension>
            <ns3:hr>169</ns3:hr>
            <ns3:cad>87</ns3:cad>
          </ns3:TrackPointExtension>
        </extensions>
      </trkpt>
      <trkpt lat="45.6990324519574642181396484375" lon="126.59680469892919063568115234375">
        <ele>154.600006103515625</ele>
        <time>2026-08-06T23:17:17.000Z</time>
        <extensions>
          <ns3:TrackPointExtension>
            <ns3:hr>169</ns3:hr>
            <ns3:cad>87</ns3:cad>
          </ns3:TrackPointExtension>
        </extensions>
      </trkpt>
      <trkpt lat="45.69905969314277172088623046875" lon="126.59681492485105991363525390625">
        <ele>154.600006103515625</ele>
        <time>2026-08-06T23:17:18.000Z</time>
        <extensions>
          <ns3:TrackPointExtension>
            <ns3:hr>169</ns3:hr>
            <ns3:cad>87</ns3:cad>
          </ns3:TrackPointExtension>
        </extensions>
      </trkpt>
      <trkpt lat="45.6990854255855083465576171875" lon="126.5968336164951324462890625">
        <ele>154.8000030517578125</ele>
        <time>2026-08-06T23:17:19.000Z</time>
        <extensions>
          <ns3:TrackPointExtension>
            <ns3:hr>169</ns3:hr>
            <ns3:cad>87</ns3:cad>
          </ns3:TrackPointExtension>
        </extensions>
      </trkpt>
      <trkpt lat="45.69910294376313686370849609375" lon="126.59684526734054088592529296875">
        <ele>154.600006103515625</ele>
        <time>2026-08-06T23:17:20.000Z</time>
        <extensions>
          <ns3:TrackPointExtension>
            <ns3:hr>169</ns3:hr>
            <ns3:cad>87</ns3:cad>
          </ns3:TrackPointExtension>
        </extensions>
      </trkpt>
      <trkpt lat="45.69912926293909549713134765625" lon="126.59686504863202571868896484375">
        <ele>154.600006103515625</ele>
        <time>2026-08-06T23:17:21.000Z</time>
        <extensions>
          <ns3:TrackPointExtension>
            <ns3:hr>169</ns3:hr>
            <ns3:cad>87</ns3:cad>
          </ns3:TrackPointExtension>
        </extensions>
      </trkpt>
      <trkpt lat="45.69915105588734149932861328125" lon="126.59687745384871959686279296875">
        <ele>154.600006103515625</ele>
        <time>2026-08-06T23:17:22.000Z</time>
        <extensions>
          <ns3:TrackPointExtension>
            <ns3:hr>168</ns3:hr>
            <ns3:cad>88</ns3:cad>
          </ns3:TrackPointExtension>
        </extensions>
      </trkpt>
      <trkpt lat="45.6991786323487758636474609375" lon="126.5968870930373668670654296875">
        <ele>154.600006103515625</ele>
        <time>2026-08-06T23:17:23.000Z</time>
        <extensions>
          <ns3:TrackPointExtension>
            <ns3:hr>169</ns3:hr>
            <ns3:cad>88</ns3:cad>
          </ns3:TrackPointExtension>
        </extensions>
      </trkpt>
      <trkpt lat="45.69920034147799015045166015625" lon="126.59690000116825103759765625">
        <ele>154.399993896484375</ele>
        <time>2026-08-06T23:17:24.000Z</time>
        <extensions>
          <ns3:TrackPointExtension>
            <ns3:hr>168</ns3:hr>
            <ns3:cad>88</ns3:cad>
          </ns3:TrackPointExtension>
        </extensions>
      </trkpt>
      <trkpt lat="45.69922498427331447601318359375" lon="126.5969122387468814849853515625">
        <ele>154.399993896484375</ele>
        <time>2026-08-06T23:17:25.000Z</time>
        <extensions>
          <ns3:TrackPointExtension>
            <ns3:hr>168</ns3:hr>
            <ns3:cad>88</ns3:cad>
          </ns3:TrackPointExtension>
        </extensions>
      </trkpt>
      <trkpt lat="45.69925029762089252471923828125" lon="126.59692137502133846282958984375">
        <ele>154.399993896484375</ele>
        <time>2026-08-06T23:17:26.000Z</time>
        <extensions>
          <ns3:TrackPointExtension>
            <ns3:hr>168</ns3:hr>
            <ns3:cad>87</ns3:cad>
          </ns3:TrackPointExtension>
        </extensions>
      </trkpt>
      <trkpt lat="45.69927125237882137298583984375" lon="126.5969279967248439788818359375">
        <ele>154.399993896484375</ele>
        <time>2026-08-06T23:17:27.000Z</time>
        <extensions>
          <ns3:TrackPointExtension>
            <ns3:hr>168</ns3:hr>
            <ns3:cad>87</ns3:cad>
          </ns3:TrackPointExtension>
        </extensions>
      </trkpt>
      <trkpt lat="45.69929187186062335968017578125" lon="126.59693646244704723358154296875">
        <ele>154.600006103515625</ele>
        <time>2026-08-06T23:17:28.000Z</time>
        <extensions>
          <ns3:TrackPointExtension>
            <ns3:hr>168</ns3:hr>
            <ns3:cad>86</ns3:cad>
          </ns3:TrackPointExtension>
        </extensions>
      </trkpt>
      <trkpt lat="45.699316598474979400634765625" lon="126.5969410724937915802001953125">
        <ele>154.8000030517578125</ele>
        <time>2026-08-06T23:17:29.000Z</time>
        <extensions>
          <ns3:TrackPointExtension>
            <ns3:hr>167</ns3:hr>
            <ns3:cad>86</ns3:cad>
          </ns3:TrackPointExtension>
        </extensions>
      </trkpt>
      <trkpt lat="45.69934015162289142608642578125" lon="126.5969471074640750885009765625">
        <ele>155</ele>
        <time>2026-08-06T23:17:30.000Z</time>
        <extensions>
          <ns3:TrackPointExtension>
            <ns3:hr>168</ns3:hr>
            <ns3:cad>86</ns3:cad>
          </ns3:TrackPointExtension>
        </extensions>
      </trkpt>
      <trkpt lat="45.6993606872856616973876953125" lon="126.59695624373853206634521484375">
        <ele>155</ele>
        <time>2026-08-06T23:17:31.000Z</time>
        <extensions>
          <ns3:TrackPointExtension>
            <ns3:hr>168</ns3:hr>
            <ns3:cad>86</ns3:cad>
          </ns3:TrackPointExtension>
        </extensions>
      </trkpt>
      <trkpt lat="45.6993895210325717926025390625" lon="126.596969068050384521484375">
        <ele>155</ele>
        <time>2026-08-06T23:17:32.000Z</time>
        <extensions>
          <ns3:TrackPointExtension>
            <ns3:hr>168</ns3:hr>
            <ns3:cad>86</ns3:cad>
          </ns3:TrackPointExtension>
        </extensions>
      </trkpt>
      <trkpt lat="45.69941324181854724884033203125" lon="126.59698155708611011505126953125">
        <ele>155</ele>
        <time>2026-08-06T23:17:33.000Z</time>
        <extensions>
          <ns3:TrackPointExtension>
            <ns3:hr>168</ns3:hr>
            <ns3:cad>86</ns3:cad>
          </ns3:TrackPointExtension>
        </extensions>
      </trkpt>
      <trkpt lat="45.6994401477277278900146484375" lon="126.5969846583902835845947265625">
        <ele>155.1999969482421875</ele>
        <time>2026-08-06T23:17:34.000Z</time>
        <extensions>
          <ns3:TrackPointExtension>
            <ns3:hr>168</ns3:hr>
            <ns3:cad>86</ns3:cad>
          </ns3:TrackPointExtension>
        </extensions>
      </trkpt>
      <trkpt lat="45.69946990348398685455322265625" lon="126.596988178789615631103515625">
        <ele>155.1999969482421875</ele>
        <time>2026-08-06T23:17:35.000Z</time>
        <extensions>
          <ns3:TrackPointExtension>
            <ns3:hr>168</ns3:hr>
            <ns3:cad>86</ns3:cad>
          </ns3:TrackPointExtension>
        </extensions>
      </trkpt>
      <trkpt lat="45.69949823431670665740966796875" lon="126.5969918668270111083984375">
        <ele>155.399993896484375</ele>
        <time>2026-08-06T23:17:36.000Z</time>
        <extensions>
          <ns3:TrackPointExtension>
            <ns3:hr>168</ns3:hr>
            <ns3:cad>87</ns3:cad>
          </ns3:TrackPointExtension>
        </extensions>
      </trkpt>
      <trkpt lat="45.69952405057847499847412109375" lon="126.59699714742600917816162109375">
        <ele>155.600006103515625</ele>
        <time>2026-08-06T23:17:37.000Z</time>
        <extensions>
          <ns3:TrackPointExtension>
            <ns3:hr>169</ns3:hr>
            <ns3:cad>86</ns3:cad>
          </ns3:TrackPointExtension>
        </extensions>
      </trkpt>
      <trkpt lat="45.69954969920217990875244140625" lon="126.59700301475822925567626953125">
        <ele>155.600006103515625</ele>
        <time>2026-08-06T23:17:38.000Z</time>
        <extensions>
          <ns3:TrackPointExtension>
            <ns3:hr>169</ns3:hr>
            <ns3:cad>86</ns3:cad>
          </ns3:TrackPointExtension>
        </extensions>
      </trkpt>
      <trkpt lat="45.69957585074007511138916015625" lon="126.59701391123235225677490234375">
        <ele>155.600006103515625</ele>
        <time>2026-08-06T23:17:39.000Z</time>
        <extensions>
          <ns3:TrackPointExtension>
            <ns3:hr>170</ns3:hr>
            <ns3:cad>86</ns3:cad>
          </ns3:TrackPointExtension>
        </extensions>
      </trkpt>
      <trkpt lat="45.6995987333357334136962890625" lon="126.597019694745540618896484375">
        <ele>155.399993896484375</ele>
        <time>2026-08-06T23:17:40.000Z</time>
        <extensions>
          <ns3:TrackPointExtension>
            <ns3:hr>170</ns3:hr>
            <ns3:cad>86</ns3:cad>
          </ns3:TrackPointExtension>
        </extensions>
      </trkpt>
      <trkpt lat="45.6996233761310577392578125" lon="126.59702899865806102752685546875">
        <ele>155.1999969482421875</ele>
        <time>2026-08-06T23:17:41.000Z</time>
        <extensions>
          <ns3:TrackPointExtension>
            <ns3:hr>171</ns3:hr>
            <ns3:cad>86</ns3:cad>
          </ns3:TrackPointExtension>
        </extensions>
      </trkpt>
      <trkpt lat="45.69964441470801830291748046875" lon="126.59703386016190052032470703125">
        <ele>155.1999969482421875</ele>
        <time>2026-08-06T23:17:42.000Z</time>
        <extensions>
          <ns3:TrackPointExtension>
            <ns3:hr>171</ns3:hr>
            <ns3:cad>86</ns3:cad>
          </ns3:TrackPointExtension>
        </extensions>
      </trkpt>
      <trkpt lat="45.69967173971235752105712890625" lon="126.59703771583735942840576171875">
        <ele>155</ele>
        <time>2026-08-06T23:17:43.000Z</time>
        <extensions>
          <ns3:TrackPointExtension>
            <ns3:hr>171</ns3:hr>
            <ns3:cad>86</ns3:cad>
          </ns3:TrackPointExtension>
        </extensions>
      </trkpt>
      <trkpt lat="45.6996949575841426849365234375" lon="126.5970419906079769134521484375">
        <ele>155.1999969482421875</ele>
        <time>2026-08-06T23:17:44.000Z</time>
        <extensions>
          <ns3:TrackPointExtension>
            <ns3:hr>171</ns3:hr>
            <ns3:cad>86</ns3:cad>
          </ns3:TrackPointExtension>
        </extensions>
      </trkpt>
      <trkpt lat="45.69972119294106960296630859375" lon="126.59704475663602352142333984375">
        <ele>155.399993896484375</ele>
        <time>2026-08-06T23:17:45.000Z</time>
        <extensions>
          <ns3:TrackPointExtension>
            <ns3:hr>170</ns3:hr>
            <ns3:cad>87</ns3:cad>
          </ns3:TrackPointExtension>
        </extensions>
      </trkpt>
      <trkpt lat="45.69974918849766254425048828125" lon="126.59705012105405330657958984375">
        <ele>155.8000030517578125</ele>
        <time>2026-08-06T23:17:46.000Z</time>
        <extensions>
          <ns3:TrackPointExtension>
            <ns3:hr>170</ns3:hr>
            <ns3:cad>87</ns3:cad>
          </ns3:TrackPointExtension>
        </extensions>
      </trkpt>
      <trkpt lat="45.69977416656911373138427734375" lon="126.59705012105405330657958984375">
        <ele>156.1999969482421875</ele>
        <time>2026-08-06T23:17:47.000Z</time>
        <extensions>
          <ns3:TrackPointExtension>
            <ns3:hr>170</ns3:hr>
            <ns3:cad>87</ns3:cad>
          </ns3:TrackPointExtension>
        </extensions>
      </trkpt>
      <trkpt lat="45.6998039223253726959228515625" lon="126.5970533899962902069091796875">
        <ele>156.399993896484375</ele>
        <time>2026-08-06T23:17:48.000Z</time>
        <extensions>
          <ns3:TrackPointExtension>
            <ns3:hr>170</ns3:hr>
            <ns3:cad>87</ns3:cad>
          </ns3:TrackPointExtension>
        </extensions>
      </trkpt>
      <trkpt lat="45.6998267211019992828369140625" lon="126.59705313853919506072998046875">
        <ele>156.399993896484375</ele>
        <time>2026-08-06T23:17:49.000Z</time>
        <extensions>
          <ns3:TrackPointExtension>
            <ns3:hr>171</ns3:hr>
            <ns3:cad>87</ns3:cad>
          </ns3:TrackPointExtension>
        </extensions>
      </trkpt>
      <trkpt lat="45.69985714741051197052001953125" lon="126.59705330617725849151611328125">
        <ele>156.1999969482421875</ele>
        <time>2026-08-06T23:17:50.000Z</time>
        <extensions>
          <ns3:TrackPointExtension>
            <ns3:hr>171</ns3:hr>
            <ns3:cad>87</ns3:cad>
          </ns3:TrackPointExtension>
        </extensions>
      </trkpt>
      <trkpt lat="45.699882544577121734619140625" lon="126.59705498255789279937744140625">
        <ele>156</ele>
        <time>2026-08-06T23:17:51.000Z</time>
        <extensions>
          <ns3:TrackPointExtension>
            <ns3:hr>171</ns3:hr>
            <ns3:cad>87</ns3:cad>
          </ns3:TrackPointExtension>
        </extensions>
      </trkpt>
      <trkpt lat="45.69991012103855609893798828125" lon="126.59705959260463714599609375">
        <ele>156</ele>
        <time>2026-08-06T23:17:52.000Z</time>
        <extensions>
          <ns3:TrackPointExtension>
            <ns3:hr>171</ns3:hr>
            <ns3:cad>87</ns3:cad>
          </ns3:TrackPointExtension>
        </extensions>
      </trkpt>
      <trkpt lat="45.699934847652912139892578125" lon="126.5970604307949542999267578125">
        <ele>155.8000030517578125</ele>
        <time>2026-08-06T23:17:53.000Z</time>
        <extensions>
          <ns3:TrackPointExtension>
            <ns3:hr>171</ns3:hr>
            <ns3:cad>87</ns3:cad>
          </ns3:TrackPointExtension>
        </extensions>
      </trkpt>
      <trkpt lat="45.69996074773371219635009765625" lon="126.59706386737525463104248046875">
        <ele>156</ele>
        <time>2026-08-06T23:17:54.000Z</time>
        <extensions>
          <ns3:TrackPointExtension>
            <ns3:hr>170</ns3:hr>
            <ns3:cad>87</ns3:cad>
          </ns3:TrackPointExtension>
        </extensions>
      </trkpt>
      <trkpt lat="45.69998555816709995269775390625" lon="126.59706889651715755462646484375">
        <ele>156.1999969482421875</ele>
        <time>2026-08-06T23:17:55.000Z</time>
        <extensions>
          <ns3:TrackPointExtension>
            <ns3:hr>171</ns3:hr>
            <ns3:cad>87</ns3:cad>
          </ns3:TrackPointExtension>
        </extensions>
      </trkpt>
      <trkpt lat="45.700009949505329132080078125" lon="126.59706638194620609283447265625">
        <ele>156.600006103515625</ele>
        <time>2026-08-06T23:17:56.000Z</time>
        <extensions>
          <ns3:TrackPointExtension>
            <ns3:hr>171</ns3:hr>
            <ns3:cad>87</ns3:cad>
          </ns3:TrackPointExtension>
        </extensions>
      </trkpt>
      <trkpt lat="45.700034759938716888427734375" lon="126.5970674715936183929443359375">
        <ele>156.8000030517578125</ele>
        <time>2026-08-06T23:17:57.000Z</time>
        <extensions>
          <ns3:TrackPointExtension>
            <ns3:hr>170</ns3:hr>
            <ns3:cad>87</ns3:cad>
          </ns3:TrackPointExtension>
        </extensions>
      </trkpt>
      <trkpt lat="45.70006015710532665252685546875" lon="126.597066633403301239013671875">
        <ele>156.8000030517578125</ele>
        <time>2026-08-06T23:17:58.000Z</time>
        <extensions>
          <ns3:TrackPointExtension>
            <ns3:hr>170</ns3:hr>
            <ns3:cad>87</ns3:cad>
          </ns3:TrackPointExtension>
        </extensions>
      </trkpt>
      <trkpt lat="45.700087063014507293701171875" lon="126.5970661304891109466552734375">
        <ele>156.600006103515625</ele>
        <time>2026-08-06T23:17:59.000Z</time>
        <extensions>
          <ns3:TrackPointExtension>
            <ns3:hr>170</ns3:hr>
            <ns3:cad>87</ns3:cad>
          </ns3:TrackPointExtension>
        </extensions>
      </trkpt>
      <trkpt lat="45.7001083530485630035400390625" lon="126.5970671363174915313720703125">
        <ele>156.600006103515625</ele>
        <time>2026-08-06T23:18:00.000Z</time>
        <extensions>
          <ns3:TrackPointExtension>
            <ns3:hr>170</ns3:hr>
            <ns3:cad>87</ns3:cad>
          </ns3:TrackPointExtension>
        </extensions>
      </trkpt>
      <trkpt lat="45.7001328282058238983154296875" lon="126.597065962851047515869140625">
        <ele>156.600006103515625</ele>
        <time>2026-08-06T23:18:01.000Z</time>
        <extensions>
          <ns3:TrackPointExtension>
            <ns3:hr>170</ns3:hr>
            <ns3:cad>87</ns3:cad>
          </ns3:TrackPointExtension>
        </extensions>
      </trkpt>
      <trkpt lat="45.70015847682952880859375" lon="126.59706755541265010833740234375">
        <ele>156.600006103515625</ele>
        <time>2026-08-06T23:18:02.000Z</time>
        <extensions>
          <ns3:TrackPointExtension>
            <ns3:hr>170</ns3:hr>
            <ns3:cad>87</ns3:cad>
          </ns3:TrackPointExtension>
        </extensions>
      </trkpt>
      <trkpt lat="45.70019342936575412750244140625" lon="126.5970637835562229156494140625">
        <ele>156.600006103515625</ele>
        <time>2026-08-06T23:18:03.000Z</time>
        <extensions>
          <ns3:TrackPointExtension>
            <ns3:hr>170</ns3:hr>
            <ns3:cad>87</ns3:cad>
          </ns3:TrackPointExtension>
        </extensions>
      </trkpt>
      <trkpt lat="45.70021891035139560699462890625" lon="126.59706789068877696990966796875">
        <ele>156.600006103515625</ele>
        <time>2026-08-06T23:18:04.000Z</time>
        <extensions>
          <ns3:TrackPointExtension>
            <ns3:hr>170</ns3:hr>
            <ns3:cad>87</ns3:cad>
          </ns3:TrackPointExtension>
        </extensions>
      </trkpt>
      <trkpt lat="45.7002411223948001861572265625" lon="126.5970731712877750396728515625">
        <ele>156.600006103515625</ele>
        <time>2026-08-06T23:18:05.000Z</time>
        <extensions>
          <ns3:TrackPointExtension>
            <ns3:hr>170</ns3:hr>
            <ns3:cad>87</ns3:cad>
          </ns3:TrackPointExtension>
        </extensions>
      </trkpt>
      <trkpt lat="45.70026777684688568115234375" lon="126.59707493148744106292724609375">
        <ele>156.600006103515625</ele>
        <time>2026-08-06T23:18:06.000Z</time>
        <extensions>
          <ns3:TrackPointExtension>
            <ns3:hr>170</ns3:hr>
            <ns3:cad>88</ns3:cad>
          </ns3:TrackPointExtension>
        </extensions>
      </trkpt>
      <trkpt lat="45.700290240347385406494140625" lon="126.59707744605839252471923828125">
        <ele>156.600006103515625</ele>
        <time>2026-08-06T23:18:07.000Z</time>
        <extensions>
          <ns3:TrackPointExtension>
            <ns3:hr>170</ns3:hr>
            <ns3:cad>88</ns3:cad>
          </ns3:TrackPointExtension>
        </extensions>
      </trkpt>
      <trkpt lat="45.70031731389462947845458984375" lon="126.5970761887729167938232421875">
        <ele>156.399993896484375</ele>
        <time>2026-08-06T23:18:08.000Z</time>
        <extensions>
          <ns3:TrackPointExtension>
            <ns3:hr>170</ns3:hr>
            <ns3:cad>88</ns3:cad>
          </ns3:TrackPointExtension>
        </extensions>
      </trkpt>
      <trkpt lat="45.70034086704254150390625" lon="126.5970775298774242401123046875">
        <ele>156.399993896484375</ele>
        <time>2026-08-06T23:18:09.000Z</time>
        <extensions>
          <ns3:TrackPointExtension>
            <ns3:hr>170</ns3:hr>
            <ns3:cad>88</ns3:cad>
          </ns3:TrackPointExtension>
        </extensions>
      </trkpt>
      <trkpt lat="45.70036877878010272979736328125" lon="126.59708096645772457122802734375">
        <ele>156.399993896484375</ele>
        <time>2026-08-06T23:18:10.000Z</time>
        <extensions>
          <ns3:TrackPointExtension>
            <ns3:hr>169</ns3:hr>
            <ns3:cad>87</ns3:cad>
          </ns3:TrackPointExtension>
        </extensions>
      </trkpt>
      <trkpt lat="45.7003926672041416168212890625" lon="126.597086079418659210205078125">
        <ele>156.399993896484375</ele>
        <time>2026-08-06T23:18:11.000Z</time>
        <extensions>
          <ns3:TrackPointExtension>
            <ns3:hr>169</ns3:hr>
            <ns3:cad>87</ns3:cad>
          </ns3:TrackPointExtension>
        </extensions>
      </trkpt>
      <trkpt lat="45.7004208303987979888916015625" lon="126.5970855765044689178466796875">
        <ele>156.399993896484375</ele>
        <time>2026-08-06T23:18:12.000Z</time>
        <extensions>
          <ns3:TrackPointExtension>
            <ns3:hr>169</ns3:hr>
            <ns3:cad>87</ns3:cad>
          </ns3:TrackPointExtension>
        </extensions>
      </trkpt>
      <trkpt lat="45.7004466466605663299560546875" lon="126.59708641469478607177734375">
        <ele>156.399993896484375</ele>
        <time>2026-08-06T23:18:13.000Z</time>
        <extensions>
          <ns3:TrackPointExtension>
            <ns3:hr>169</ns3:hr>
            <ns3:cad>87</ns3:cad>
          </ns3:TrackPointExtension>
        </extensions>
      </trkpt>
      <trkpt lat="45.70047388784587383270263671875" lon="126.59708750434219837188720703125">
        <ele>156.399993896484375</ele>
        <time>2026-08-06T23:18:14.000Z</time>
        <extensions>
          <ns3:TrackPointExtension>
            <ns3:hr>170</ns3:hr>
            <ns3:cad>87</ns3:cad>
          </ns3:TrackPointExtension>
        </extensions>
      </trkpt>
      <trkpt lat="45.700501464307308197021484375" lon="126.5970889292657375335693359375">
        <ele>156.399993896484375</ele>
        <time>2026-08-06T23:18:15.000Z</time>
        <extensions>
          <ns3:TrackPointExtension>
            <ns3:hr>169</ns3:hr>
            <ns3:cad>87</ns3:cad>
          </ns3:TrackPointExtension>
        </extensions>
      </trkpt>
      <trkpt lat="45.70052652619779109954833984375" lon="126.59708314575254917144775390625">
        <ele>156.1999969482421875</ele>
        <time>2026-08-06T23:18:16.000Z</time>
        <extensions>
          <ns3:TrackPointExtension>
            <ns3:hr>169</ns3:hr>
            <ns3:cad>87</ns3:cad>
          </ns3:TrackPointExtension>
        </extensions>
      </trkpt>
      <trkpt lat="45.70055519230663776397705078125" lon="126.5970815531909465789794921875">
        <ele>156.1999969482421875</ele>
        <time>2026-08-06T23:18:17.000Z</time>
        <extensions>
          <ns3:TrackPointExtension>
            <ns3:hr>170</ns3:hr>
            <ns3:cad>87</ns3:cad>
          </ns3:TrackPointExtension>
        </extensions>
      </trkpt>
      <trkpt lat="45.70058050565421581268310546875" lon="126.5970782004296779632568359375">
        <ele>156.1999969482421875</ele>
        <time>2026-08-06T23:18:18.000Z</time>
        <extensions>
          <ns3:TrackPointExtension>
            <ns3:hr>169</ns3:hr>
            <ns3:cad>87</ns3:cad>
          </ns3:TrackPointExtension>
        </extensions>
      </trkpt>
      <trkpt lat="45.700608082115650177001953125" lon="126.59707509912550449371337890625">
        <ele>156</ele>
        <time>2026-08-06T23:18:19.000Z</time>
        <extensions>
          <ns3:TrackPointExtension>
            <ns3:hr>169</ns3:hr>
            <ns3:cad>87</ns3:cad>
          </ns3:TrackPointExtension>
        </extensions>
      </trkpt>
      <trkpt lat="45.70063197053968906402587890625" lon="126.59707291983067989349365234375">
        <ele>156</ele>
        <time>2026-08-06T23:18:20.000Z</time>
        <extensions>
          <ns3:TrackPointExtension>
            <ns3:hr>170</ns3:hr>
            <ns3:cad>88</ns3:cad>
          </ns3:TrackPointExtension>
        </extensions>
      </trkpt>
      <trkpt lat="45.70065812207758426666259765625" lon="126.59707459621131420135498046875">
        <ele>156</ele>
        <time>2026-08-06T23:18:21.000Z</time>
        <extensions>
          <ns3:TrackPointExtension>
            <ns3:hr>169</ns3:hr>
            <ns3:cad>88</ns3:cad>
          </ns3:TrackPointExtension>
        </extensions>
      </trkpt>
      <trkpt lat="45.700683183968067169189453125" lon="126.59707711078226566314697265625">
        <ele>156</ele>
        <time>2026-08-06T23:18:22.000Z</time>
        <extensions>
          <ns3:TrackPointExtension>
            <ns3:hr>169</ns3:hr>
            <ns3:cad>87</ns3:cad>
          </ns3:TrackPointExtension>
        </extensions>
      </trkpt>
      <trkpt lat="45.70070841349661350250244140625" lon="126.5970775298774242401123046875">
        <ele>156</ele>
        <time>2026-08-06T23:18:23.000Z</time>
        <extensions>
          <ns3:TrackPointExtension>
            <ns3:hr>169</ns3:hr>
            <ns3:cad>87</ns3:cad>
          </ns3:TrackPointExtension>
        </extensions>
      </trkpt>
      <trkpt lat="45.700735487043857574462890625" lon="126.5970728360116481781005859375">
        <ele>156</ele>
        <time>2026-08-06T23:18:24.000Z</time>
        <extensions>
          <ns3:TrackPointExtension>
            <ns3:hr>170</ns3:hr>
            <ns3:cad>87</ns3:cad>
          </ns3:TrackPointExtension>
        </extensions>
      </trkpt>
      <trkpt lat="45.700769014656543731689453125" lon="126.5970567427575588226318359375">
        <ele>156.1999969482421875</ele>
        <time>2026-08-06T23:18:25.000Z</time>
        <extensions>
          <ns3:TrackPointExtension>
            <ns3:hr>169</ns3:hr>
            <ns3:cad>87</ns3:cad>
          </ns3:TrackPointExtension>
        </extensions>
      </trkpt>
      <trkpt lat="45.70079290308058261871337890625" lon="126.5970440022647380828857421875">
        <ele>156.1999969482421875</ele>
        <time>2026-08-06T23:18:26.000Z</time>
        <extensions>
          <ns3:TrackPointExtension>
            <ns3:hr>170</ns3:hr>
            <ns3:cad>87</ns3:cad>
          </ns3:TrackPointExtension>
        </extensions>
      </trkpt>
      <trkpt lat="45.700804889202117919921875" lon="126.5970252268016338348388671875">
        <ele>156.1999969482421875</ele>
        <time>2026-08-06T23:18:27.000Z</time>
        <extensions>
          <ns3:TrackPointExtension>
            <ns3:hr>169</ns3:hr>
            <ns3:cad>88</ns3:cad>
          </ns3:TrackPointExtension>
        </extensions>
      </trkpt>
      <trkpt lat="45.7008167915046215057373046875" lon="126.5969890169799327850341796875">
        <ele>156</ele>
        <time>2026-08-06T23:18:28.000Z</time>
        <extensions>
          <ns3:TrackPointExtension>
            <ns3:hr>169</ns3:hr>
            <ns3:cad>88</ns3:cad>
          </ns3:TrackPointExtension>
        </extensions>
      </trkpt>
      <trkpt lat="45.70081737823784351348876953125" lon="126.59695540554821491241455078125">
        <ele>156</ele>
        <time>2026-08-06T23:18:29.000Z</time>
        <extensions>
          <ns3:TrackPointExtension>
            <ns3:hr>169</ns3:hr>
            <ns3:cad>87</ns3:cad>
          </ns3:TrackPointExtension>
        </extensions>
      </trkpt>
      <trkpt lat="45.70081897079944610595703125" lon="126.59691902808845043182373046875">
        <ele>155.8000030517578125</ele>
        <time>2026-08-06T23:18:30.000Z</time>
        <extensions>
          <ns3:TrackPointExtension>
            <ns3:hr>169</ns3:hr>
            <ns3:cad>87</ns3:cad>
          </ns3:TrackPointExtension>
        </extensions>
      </trkpt>
      <trkpt lat="45.700823999941349029541015625" lon="126.59688365645706653594970703125">
        <ele>155.600006103515625</ele>
        <time>2026-08-06T23:18:31.000Z</time>
        <extensions>
          <ns3:TrackPointExtension>
            <ns3:hr>169</ns3:hr>
            <ns3:cad>84</ns3:cad>
          </ns3:TrackPointExtension>
        </extensions>
      </trkpt>
      <trkpt lat="45.70082341320812702178955078125" lon="126.596853397786617279052734375">
        <ele>155.399993896484375</ele>
        <time>2026-08-06T23:18:32.000Z</time>
        <extensions>
          <ns3:TrackPointExtension>
            <ns3:hr>169</ns3:hr>
            <ns3:cad>84</ns3:cad>
          </ns3:TrackPointExtension>
        </extensions>
      </trkpt>
      <trkpt lat="45.7008224911987781524658203125" lon="126.59681475721299648284912109375">
        <ele>155.1999969482421875</ele>
        <time>2026-08-06T23:18:33.000Z</time>
        <extensions>
          <ns3:TrackPointExtension>
            <ns3:hr>168</ns3:hr>
            <ns3:cad>84</ns3:cad>
          </ns3:TrackPointExtension>
        </extensions>
      </trkpt>
      <trkpt lat="45.7008221559226512908935546875" lon="126.5967858396470546722412109375">
        <ele>154.8000030517578125</ele>
        <time>2026-08-06T23:18:34.000Z</time>
        <extensions>
          <ns3:TrackPointExtension>
            <ns3:hr>168</ns3:hr>
            <ns3:cad>84</ns3:cad>
          </ns3:TrackPointExtension>
        </extensions>
      </trkpt>
      <trkpt lat="45.70081989280879497528076171875" lon="126.59674870781600475311279296875">
        <ele>154.8000030517578125</ele>
        <time>2026-08-06T23:18:35.000Z</time>
        <extensions>
          <ns3:TrackPointExtension>
            <ns3:hr>168</ns3:hr>
            <ns3:cad>84</ns3:cad>
          </ns3:TrackPointExtension>
        </extensions>
      </trkpt>
      <trkpt lat="45.7008188031613826751708984375" lon="126.596711911261081695556640625">
        <ele>154.399993896484375</ele>
        <time>2026-08-06T23:18:36.000Z</time>
        <extensions>
          <ns3:TrackPointExtension>
            <ns3:hr>168</ns3:hr>
            <ns3:cad>85</ns3:cad>
          </ns3:TrackPointExtension>
        </extensions>
      </trkpt>
      <trkpt lat="45.7008151151239871978759765625" lon="126.59668332897126674652099609375">
        <ele>154.1999969482421875</ele>
        <time>2026-08-06T23:18:37.000Z</time>
        <extensions>
          <ns3:TrackPointExtension>
            <ns3:hr>168</ns3:hr>
            <ns3:cad>85</ns3:cad>
          </ns3:TrackPointExtension>
        </extensions>
      </trkpt>
      <trkpt lat="45.70081226527690887451171875" lon="126.59664209000766277313232421875">
        <ele>154</ele>
        <time>2026-08-06T23:18:38.000Z</time>
        <extensions>
          <ns3:TrackPointExtension>
            <ns3:hr>167</ns3:hr>
            <ns3:cad>85</ns3:cad>
          </ns3:TrackPointExtension>
        </extensions>
      </trkpt>
      <trkpt lat="45.70081016980111598968505859375" lon="126.5966088138520717620849609375">
        <ele>153.8000030517578125</ele>
        <time>2026-08-06T23:18:39.000Z</time>
        <extensions>
          <ns3:TrackPointExtension>
            <ns3:hr>167</ns3:hr>
            <ns3:cad>85</ns3:cad>
          </ns3:TrackPointExtension>
        </extensions>
      </trkpt>
      <trkpt lat="45.70080597884953022003173828125" lon="126.59656397067010402679443359375">
        <ele>153.399993896484375</ele>
        <time>2026-08-06T23:18:40.000Z</time>
        <extensions>
          <ns3:TrackPointExtension>
            <ns3:hr>167</ns3:hr>
            <ns3:cad>85</ns3:cad>
          </ns3:TrackPointExtension>
        </extensions>
      </trkpt>
      <trkpt lat="45.700807236135005950927734375" lon="126.59653111360967159271240234375">
        <ele>153.1999969482421875</ele>
        <time>2026-08-06T23:18:41.000Z</time>
        <extensions>
          <ns3:TrackPointExtension>
            <ns3:hr>167</ns3:hr>
            <ns3:cad>85</ns3:cad>
          </ns3:TrackPointExtension>
        </extensions>
      </trkpt>
      <trkpt lat="45.700799524784088134765625" lon="126.59649691544473171234130859375">
        <ele>153.1999969482421875</ele>
        <time>2026-08-06T23:18:42.000Z</time>
        <extensions>
          <ns3:TrackPointExtension>
            <ns3:hr>167</ns3:hr>
            <ns3:cad>85</ns3:cad>
          </ns3:TrackPointExtension>
        </extensions>
      </trkpt>
      <trkpt lat="45.70079826749861240386962890625" lon="126.59645701758563518524169921875">
        <ele>153</ele>
        <time>2026-08-06T23:18:43.000Z</time>
        <extensions>
          <ns3:TrackPointExtension>
            <ns3:hr>166</ns3:hr>
            <ns3:cad>85</ns3:cad>
          </ns3:TrackPointExtension>
        </extensions>
      </trkpt>
      <trkpt lat="45.7007990218698978424072265625" lon="126.59642483107745647430419921875">
        <ele>152.8000030517578125</ele>
        <time>2026-08-06T23:18:44.000Z</time>
        <extensions>
          <ns3:TrackPointExtension>
            <ns3:hr>167</ns3:hr>
            <ns3:cad>85</ns3:cad>
          </ns3:TrackPointExtension>
        </extensions>
      </trkpt>
      <trkpt lat="45.70079751312732696533203125" lon="126.59638174809515476226806640625">
        <ele>152.399993896484375</ele>
        <time>2026-08-06T23:18:45.000Z</time>
        <extensions>
          <ns3:TrackPointExtension>
            <ns3:hr>166</ns3:hr>
            <ns3:cad>85</ns3:cad>
          </ns3:TrackPointExtension>
        </extensions>
      </trkpt>
      <trkpt lat="45.70079374127089977264404296875" lon="126.59635056741535663604736328125">
        <ele>152.1999969482421875</ele>
        <time>2026-08-06T23:18:46.000Z</time>
        <extensions>
          <ns3:TrackPointExtension>
            <ns3:hr>166</ns3:hr>
            <ns3:cad>85</ns3:cad>
          </ns3:TrackPointExtension>
        </extensions>
      </trkpt>
      <trkpt lat="45.70078753866255283355712890625" lon="126.59631033428013324737548828125">
        <ele>152</ele>
        <time>2026-08-06T23:18:47.000Z</time>
        <extensions>
          <ns3:TrackPointExtension>
            <ns3:hr>166</ns3:hr>
            <ns3:cad>85</ns3:cad>
          </ns3:TrackPointExtension>
        </extensions>
      </trkpt>
      <trkpt lat="45.70078820921480655670166015625" lon="126.596275381743907928466796875">
        <ele>151.8000030517578125</ele>
        <time>2026-08-06T23:18:48.000Z</time>
        <extensions>
          <ns3:TrackPointExtension>
            <ns3:hr>166</ns3:hr>
            <ns3:cad>85</ns3:cad>
          </ns3:TrackPointExtension>
        </extensions>
      </trkpt>
      <trkpt lat="45.70078636519610881805419921875" lon="126.5962366573512554168701171875">
        <ele>151.600006103515625</ele>
        <time>2026-08-06T23:18:49.000Z</time>
        <extensions>
          <ns3:TrackPointExtension>
            <ns3:hr>165</ns3:hr>
            <ns3:cad>85</ns3:cad>
          </ns3:TrackPointExtension>
        </extensions>
      </trkpt>
      <trkpt lat="45.700783766806125640869140625" lon="126.596196591854095458984375">
        <ele>151.399993896484375</ele>
        <time>2026-08-06T23:18:50.000Z</time>
        <extensions>
          <ns3:TrackPointExtension>
            <ns3:hr>165</ns3:hr>
            <ns3:cad>86</ns3:cad>
          </ns3:TrackPointExtension>
        </extensions>
      </trkpt>
      <trkpt lat="45.70077630691230297088623046875" lon="126.59615828655660152435302734375">
        <ele>151.399993896484375</ele>
        <time>2026-08-06T23:18:51.000Z</time>
        <extensions>
          <ns3:TrackPointExtension>
            <ns3:hr>164</ns3:hr>
            <ns3:cad>86</ns3:cad>
          </ns3:TrackPointExtension>
        </extensions>
      </trkpt>
      <trkpt lat="45.70077630691230297088623046875" lon="126.5961176343262195587158203125">
        <ele>151.1999969482421875</ele>
        <time>2026-08-06T23:18:52.000Z</time>
        <extensions>
          <ns3:TrackPointExtension>
            <ns3:hr>164</ns3:hr>
            <ns3:cad>86</ns3:cad>
          </ns3:TrackPointExtension>
        </extensions>
      </trkpt>
      <trkpt lat="45.70076423697173595428466796875" lon="126.59608997404575347900390625">
        <ele>151</ele>
        <time>2026-08-06T23:18:53.000Z</time>
        <extensions>
          <ns3:TrackPointExtension>
            <ns3:hr>164</ns3:hr>
            <ns3:cad>86</ns3:cad>
          </ns3:TrackPointExtension>
        </extensions>
      </trkpt>
      <trkpt lat="45.700753591954708099365234375" lon="126.59605217166244983673095703125">
        <ele>150.8000030517578125</ele>
        <time>2026-08-06T23:18:54.000Z</time>
        <extensions>
          <ns3:TrackPointExtension>
            <ns3:hr>165</ns3:hr>
            <ns3:cad>86</ns3:cad>
          </ns3:TrackPointExtension>
        </extensions>
      </trkpt>
      <trkpt lat="45.70074143819510936737060546875" lon="126.59602769650518894195556640625">
        <ele>150.600006103515625</ele>
        <time>2026-08-06T23:18:55.000Z</time>
        <extensions>
          <ns3:TrackPointExtension>
            <ns3:hr>165</ns3:hr>
            <ns3:cad>86</ns3:cad>
          </ns3:TrackPointExtension>
        </extensions>
      </trkpt>
      <trkpt lat="45.70072182454168796539306640625" lon="126.5959962643682956695556640625">
        <ele>150.600006103515625</ele>
        <time>2026-08-06T23:18:56.000Z</time>
        <extensions>
          <ns3:TrackPointExtension>
            <ns3:hr>165</ns3:hr>
            <ns3:cad>86</ns3:cad>
          </ns3:TrackPointExtension>
        </extensions>
      </trkpt>
      <trkpt lat="45.700702629983425140380859375" lon="126.5959835238754749298095703125">
        <ele>150.399993896484375</ele>
        <time>2026-08-06T23:18:57.000Z</time>
        <extensions>
          <ns3:TrackPointExtension>
            <ns3:hr>165</ns3:hr>
            <ns3:cad>88</ns3:cad>
          </ns3:TrackPointExtension>
        </extensions>
      </trkpt>
      <trkpt lat="45.7006732933223247528076171875" lon="126.59597690217196941375732421875">
        <ele>150.399993896484375</ele>
        <time>2026-08-06T23:18:58.000Z</time>
        <extensions>
          <ns3:TrackPointExtension>
            <ns3:hr>165</ns3:hr>
            <ns3:cad>88</ns3:cad>
          </ns3:TrackPointExtension>
        </extensions>
      </trkpt>
      <trkpt lat="45.70064638741314411163330078125" lon="126.59598142839968204498291015625">
        <ele>150.1999969482421875</ele>
        <time>2026-08-06T23:18:59.000Z</time>
        <extensions>
          <ns3:TrackPointExtension>
            <ns3:hr>165</ns3:hr>
            <ns3:cad>88</ns3:cad>
          </ns3:TrackPointExtension>
        </extensions>
      </trkpt>
      <trkpt lat="45.700616799294948577880859375" lon="126.59598109312355518341064453125">
        <ele>150.1999969482421875</ele>
        <time>2026-08-06T23:19:00.000Z</time>
        <extensions>
          <ns3:TrackPointExtension>
            <ns3:hr>165</ns3:hr>
            <ns3:cad>87</ns3:cad>
          </ns3:TrackPointExtension>
        </extensions>
      </trkpt>
      <trkpt lat="45.7005945034325122833251953125" lon="126.5959825180470943450927734375">
        <ele>150.1999969482421875</ele>
        <time>2026-08-06T23:19:01.000Z</time>
        <extensions>
          <ns3:TrackPointExtension>
            <ns3:hr>165</ns3:hr>
            <ns3:cad>87</ns3:cad>
          </ns3:TrackPointExtension>
        </extensions>
      </trkpt>
      <trkpt lat="45.70056994445621967315673828125" lon="126.595983020961284637451171875">
        <ele>150.1999969482421875</ele>
        <time>2026-08-06T23:19:02.000Z</time>
        <extensions>
          <ns3:TrackPointExtension>
            <ns3:hr>165</ns3:hr>
            <ns3:cad>87</ns3:cad>
          </ns3:TrackPointExtension>
        </extensions>
      </trkpt>
      <trkpt lat="45.7005422003567218780517578125" lon="126.59598696045577526092529296875">
        <ele>150.1999969482421875</ele>
        <time>2026-08-06T23:19:03.000Z</time>
        <extensions>
          <ns3:TrackPointExtension>
            <ns3:hr>165</ns3:hr>
            <ns3:cad>87</ns3:cad>
          </ns3:TrackPointExtension>
        </extensions>
      </trkpt>
      <trkpt lat="45.7005180604755878448486328125" lon="126.59598863683640956878662109375">
        <ele>150.1999969482421875</ele>
        <time>2026-08-06T23:19:04.000Z</time>
        <extensions>
          <ns3:TrackPointExtension>
            <ns3:hr>165</ns3:hr>
            <ns3:cad>87</ns3:cad>
          </ns3:TrackPointExtension>
        </extensions>
      </trkpt>
      <trkpt lat="45.70048696361482143402099609375" lon="126.5959898941218852996826171875">
        <ele>150</ele>
        <time>2026-08-06T23:19:05.000Z</time>
        <extensions>
          <ns3:TrackPointExtension>
            <ns3:hr>166</ns3:hr>
            <ns3:cad>87</ns3:cad>
          </ns3:TrackPointExtension>
        </extensions>
      </trkpt>
      <trkpt lat="45.70046215318143367767333984375" lon="126.59599483944475650787353515625">
        <ele>150</ele>
        <time>2026-08-06T23:19:06.000Z</time>
        <extensions>
          <ns3:TrackPointExtension>
            <ns3:hr>166</ns3:hr>
            <ns3:cad>86</ns3:cad>
          </ns3:TrackPointExtension>
        </extensions>
      </trkpt>
      <trkpt lat="45.70043114013969898223876953125" lon="126.59599416889250278472900390625">
        <ele>150</ele>
        <time>2026-08-06T23:19:07.000Z</time>
        <extensions>
          <ns3:TrackPointExtension>
            <ns3:hr>166</ns3:hr>
            <ns3:cad>86</ns3:cad>
          </ns3:TrackPointExtension>
        </extensions>
      </trkpt>
      <trkpt lat="45.70040985010564327239990234375" lon="126.59599685110151767730712890625">
        <ele>149.8000030517578125</ele>
        <time>2026-08-06T23:19:08.000Z</time>
        <extensions>
          <ns3:TrackPointExtension>
            <ns3:hr>166</ns3:hr>
            <ns3:cad>87</ns3:cad>
          </ns3:TrackPointExtension>
        </extensions>
      </trkpt>
      <trkpt lat="45.70038118399679660797119140625" lon="126.5959914028644561767578125">
        <ele>149.8000030517578125</ele>
        <time>2026-08-06T23:19:09.000Z</time>
        <extensions>
          <ns3:TrackPointExtension>
            <ns3:hr>166</ns3:hr>
            <ns3:cad>87</ns3:cad>
          </ns3:TrackPointExtension>
        </extensions>
      </trkpt>
      <trkpt lat="45.7003598101437091827392578125" lon="126.595995426177978515625">
        <ele>149.8000030517578125</ele>
        <time>2026-08-06T23:19:10.000Z</time>
        <extensions>
          <ns3:TrackPointExtension>
            <ns3:hr>165</ns3:hr>
            <ns3:cad>87</ns3:cad>
          </ns3:TrackPointExtension>
        </extensions>
      </trkpt>
      <trkpt lat="45.70033038966357707977294921875" lon="126.59600892104208469390869140625">
        <ele>149.8000030517578125</ele>
        <time>2026-08-06T23:19:11.000Z</time>
        <extensions>
          <ns3:TrackPointExtension>
            <ns3:hr>165</ns3:hr>
            <ns3:cad>87</ns3:cad>
          </ns3:TrackPointExtension>
        </extensions>
      </trkpt>
      <trkpt lat="45.70030759088695049285888671875" lon="126.5960116870701313018798828125">
        <ele>149.8000030517578125</ele>
        <time>2026-08-06T23:19:12.000Z</time>
        <extensions>
          <ns3:TrackPointExtension>
            <ns3:hr>165</ns3:hr>
            <ns3:cad>87</ns3:cad>
          </ns3:TrackPointExtension>
        </extensions>
      </trkpt>
      <trkpt lat="45.700284540653228759765625" lon="126.59601327963173389434814453125">
        <ele>149.8000030517578125</ele>
        <time>2026-08-06T23:19:13.000Z</time>
        <extensions>
          <ns3:TrackPointExtension>
            <ns3:hr>165</ns3:hr>
            <ns3:cad>87</ns3:cad>
          </ns3:TrackPointExtension>
        </extensions>
      </trkpt>
      <trkpt lat="45.7002644240856170654296875" lon="126.5959898941218852996826171875">
        <ele>149.8000030517578125</ele>
        <time>2026-08-06T23:19:14.000Z</time>
        <extensions>
          <ns3:TrackPointExtension>
            <ns3:hr>166</ns3:hr>
            <ns3:cad>87</ns3:cad>
          </ns3:TrackPointExtension>
        </extensions>
      </trkpt>
      <trkpt lat="45.70025294087827205657958984375" lon="126.5959620662033557891845703125">
        <ele>149.8000030517578125</ele>
        <time>2026-08-06T23:19:15.000Z</time>
        <extensions>
          <ns3:TrackPointExtension>
            <ns3:hr>166</ns3:hr>
            <ns3:cad>86</ns3:cad>
          </ns3:TrackPointExtension>
        </extensions>
      </trkpt>
      <trkpt lat="45.7002354227006435394287109375" lon="126.59592208452522754669189453125">
        <ele>149.8000030517578125</ele>
        <time>2026-08-06T23:19:16.000Z</time>
        <extensions>
          <ns3:TrackPointExtension>
            <ns3:hr>166</ns3:hr>
            <ns3:cad>86</ns3:cad>
          </ns3:TrackPointExtension>
        </extensions>
      </trkpt>
      <trkpt lat="45.7002146355807781219482421875" lon="126.5959027223289012908935546875">
        <ele>149.8000030517578125</ele>
        <time>2026-08-06T23:19:17.000Z</time>
        <extensions>
          <ns3:TrackPointExtension>
            <ns3:hr>166</ns3:hr>
            <ns3:cad>86</ns3:cad>
          </ns3:TrackPointExtension>
        </extensions>
      </trkpt>
      <trkpt lat="45.7001918368041515350341796875" lon="126.595875062048435211181640625">
        <ele>149.8000030517578125</ele>
        <time>2026-08-06T23:19:18.000Z</time>
        <extensions>
          <ns3:TrackPointExtension>
            <ns3:hr>165</ns3:hr>
            <ns3:cad>86</ns3:cad>
          </ns3:TrackPointExtension>
        </extensions>
      </trkpt>
      <trkpt lat="45.70017364807426929473876953125" lon="126.5958524309098720550537109375">
        <ele>150</ele>
        <time>2026-08-06T23:19:19.000Z</time>
        <extensions>
          <ns3:TrackPointExtension>
            <ns3:hr>165</ns3:hr>
            <ns3:cad>86</ns3:cad>
          </ns3:TrackPointExtension>
        </extensions>
      </trkpt>
      <trkpt lat="45.7001636736094951629638671875" lon="126.59581446088850498199462890625">
        <ele>149.8000030517578125</ele>
        <time>2026-08-06T23:19:20.000Z</time>
        <extensions>
          <ns3:TrackPointExtension>
            <ns3:hr>165</ns3:hr>
            <ns3:cad>87</ns3:cad>
          </ns3:TrackPointExtension>
        </extensions>
      </trkpt>
      <trkpt lat="45.7001630030572414398193359375" lon="126.595778167247772216796875">
        <ele>149.8000030517578125</ele>
        <time>2026-08-06T23:19:21.000Z</time>
        <extensions>
          <ns3:TrackPointExtension>
            <ns3:hr>166</ns3:hr>
            <ns3:cad>87</ns3:cad>
          </ns3:TrackPointExtension>
        </extensions>
      </trkpt>
      <trkpt lat="45.70015671662986278533935546875" lon="126.59574405290186405181884765625">
        <ele>149.8000030517578125</ele>
        <time>2026-08-06T23:19:22.000Z</time>
        <extensions>
          <ns3:TrackPointExtension>
            <ns3:hr>166</ns3:hr>
            <ns3:cad>88</ns3:cad>
          </ns3:TrackPointExtension>
        </extensions>
      </trkpt>
      <trkpt lat="45.70015034638345241546630859375" lon="126.59570046700537204742431640625">
        <ele>149.600006103515625</ele>
        <time>2026-08-06T23:19:23.000Z</time>
        <extensions>
          <ns3:TrackPointExtension>
            <ns3:hr>166</ns3:hr>
            <ns3:cad>88</ns3:cad>
          </ns3:TrackPointExtension>
        </extensions>
      </trkpt>
      <trkpt lat="45.7001445628702640533447265625" lon="126.595669873058795928955078125">
        <ele>149.600006103515625</ele>
        <time>2026-08-06T23:19:24.000Z</time>
        <extensions>
          <ns3:TrackPointExtension>
            <ns3:hr>166</ns3:hr>
            <ns3:cad>88</ns3:cad>
          </ns3:TrackPointExtension>
        </extensions>
      </trkpt>
      <trkpt lat="45.70013609714806079864501953125" lon="126.59562653861939907073974609375">
        <ele>149.600006103515625</ele>
        <time>2026-08-06T23:19:25.000Z</time>
        <extensions>
          <ns3:TrackPointExtension>
            <ns3:hr>166</ns3:hr>
            <ns3:cad>88</ns3:cad>
          </ns3:TrackPointExtension>
        </extensions>
      </trkpt>
      <trkpt lat="45.70012302137911319732666015625" lon="126.59559912979602813720703125">
        <ele>149.8000030517578125</ele>
        <time>2026-08-06T23:19:26.000Z</time>
        <extensions>
          <ns3:TrackPointExtension>
            <ns3:hr>165</ns3:hr>
            <ns3:cad>85</ns3:cad>
          </ns3:TrackPointExtension>
        </extensions>
      </trkpt>
      <trkpt lat="45.70011095143854618072509765625" lon="126.59556317143142223358154296875">
        <ele>149.8000030517578125</ele>
        <time>2026-08-06T23:19:27.000Z</time>
        <extensions>
          <ns3:TrackPointExtension>
            <ns3:hr>165</ns3:hr>
            <ns3:cad>85</ns3:cad>
          </ns3:TrackPointExtension>
        </extensions>
      </trkpt>
      <trkpt lat="45.70010256953537464141845703125" lon="126.59552880562841892242431640625">
        <ele>149.8000030517578125</ele>
        <time>2026-08-06T23:19:28.000Z</time>
        <extensions>
          <ns3:TrackPointExtension>
            <ns3:hr>165</ns3:hr>
            <ns3:cad>85</ns3:cad>
          </ns3:TrackPointExtension>
        </extensions>
      </trkpt>
      <trkpt lat="45.7000895775854587554931640625" lon="126.59549980424344539642333984375">
        <ele>150</ele>
        <time>2026-08-06T23:19:29.000Z</time>
        <extensions>
          <ns3:TrackPointExtension>
            <ns3:hr>164</ns3:hr>
            <ns3:cad>87</ns3:cad>
          </ns3:TrackPointExtension>
        </extensions>
      </trkpt>
      <trkpt lat="45.7000766694545745849609375" lon="126.59546677954494953155517578125">
        <ele>150</ele>
        <time>2026-08-06T23:19:30.000Z</time>
        <extensions>
          <ns3:TrackPointExtension>
            <ns3:hr>164</ns3:hr>
            <ns3:cad>87</ns3:cad>
          </ns3:TrackPointExtension>
        </extensions>
      </trkpt>
      <trkpt lat="45.700066275894641876220703125" lon="126.59543995745480060577392578125">
        <ele>150</ele>
        <time>2026-08-06T23:19:31.000Z</time>
        <extensions>
          <ns3:TrackPointExtension>
            <ns3:hr>164</ns3:hr>
            <ns3:cad>87</ns3:cad>
          </ns3:TrackPointExtension>
        </extensions>
      </trkpt>
      <trkpt lat="45.7000526972115039825439453125" lon="126.59540391527116298675537109375">
        <ele>150.1999969482421875</ele>
        <time>2026-08-06T23:19:32.000Z</time>
        <extensions>
          <ns3:TrackPointExtension>
            <ns3:hr>165</ns3:hr>
            <ns3:cad>87</ns3:cad>
          </ns3:TrackPointExtension>
        </extensions>
      </trkpt>
      <trkpt lat="45.7000473327934741973876953125" lon="126.59537650644779205322265625">
        <ele>150.1999969482421875</ele>
        <time>2026-08-06T23:19:33.000Z</time>
        <extensions>
          <ns3:TrackPointExtension>
            <ns3:hr>165</ns3:hr>
            <ns3:cad>87</ns3:cad>
          </ns3:TrackPointExtension>
        </extensions>
      </trkpt>
      <trkpt lat="45.70004104636609554290771484375" lon="126.59534239210188388824462890625">
        <ele>150.399993896484375</ele>
        <time>2026-08-06T23:19:34.000Z</time>
        <extensions>
          <ns3:TrackPointExtension>
            <ns3:hr>165</ns3:hr>
            <ns3:cad>87</ns3:cad>
          </ns3:TrackPointExtension>
        </extensions>
      </trkpt>
      <trkpt lat="45.70003702305257320404052734375" lon="126.595306098461151123046875">
        <ele>150.399993896484375</ele>
        <time>2026-08-06T23:19:35.000Z</time>
        <extensions>
          <ns3:TrackPointExtension>
            <ns3:hr>165</ns3:hr>
            <ns3:cad>87</ns3:cad>
          </ns3:TrackPointExtension>
        </extensions>
      </trkpt>
      <trkpt lat="45.7000285573303699493408203125" lon="126.59527399577200412750244140625">
        <ele>150.399993896484375</ele>
        <time>2026-08-06T23:19:36.000Z</time>
        <extensions>
          <ns3:TrackPointExtension>
            <ns3:hr>165</ns3:hr>
            <ns3:cad>86</ns3:cad>
          </ns3:TrackPointExtension>
        </extensions>
      </trkpt>
      <trkpt lat="45.70001992397010326385498046875" lon="126.59523996524512767791748046875">
        <ele>150.600006103515625</ele>
        <time>2026-08-06T23:19:37.000Z</time>
        <extensions>
          <ns3:TrackPointExtension>
            <ns3:hr>166</ns3:hr>
            <ns3:cad>85</ns3:cad>
          </ns3:TrackPointExtension>
        </extensions>
      </trkpt>
      <trkpt lat="45.70001573301851749420166015625" lon="126.595209874212741851806640625">
        <ele>150.8000030517578125</ele>
        <time>2026-08-06T23:19:38.000Z</time>
        <extensions>
          <ns3:TrackPointExtension>
            <ns3:hr>166</ns3:hr>
            <ns3:cad>85</ns3:cad>
          </ns3:TrackPointExtension>
        </extensions>
      </trkpt>
      <trkpt lat="45.70001137442886829376220703125" lon="126.595170982182025909423828125">
        <ele>150.8000030517578125</ele>
        <time>2026-08-06T23:19:39.000Z</time>
        <extensions>
          <ns3:TrackPointExtension>
            <ns3:hr>167</ns3:hr>
            <ns3:cad>85</ns3:cad>
          </ns3:TrackPointExtension>
        </extensions>
      </trkpt>
      <trkpt lat="45.7000067643821239471435546875" lon="126.5951411426067352294921875">
        <ele>150.8000030517578125</ele>
        <time>2026-08-06T23:19:40.000Z</time>
        <extensions>
          <ns3:TrackPointExtension>
            <ns3:hr>167</ns3:hr>
            <ns3:cad>86</ns3:cad>
          </ns3:TrackPointExtension>
        </extensions>
      </trkpt>
      <trkpt lat="45.69999963976442813873291015625" lon="126.59509797580540180206298828125">
        <ele>150.8000030517578125</ele>
        <time>2026-08-06T23:19:41.000Z</time>
        <extensions>
          <ns3:TrackPointExtension>
            <ns3:hr>168</ns3:hr>
            <ns3:cad>87</ns3:cad>
          </ns3:TrackPointExtension>
        </extensions>
      </trkpt>
      <trkpt lat="45.699992515146732330322265625" lon="126.59507098607718944549560546875">
        <ele>150.8000030517578125</ele>
        <time>2026-08-06T23:19:42.000Z</time>
        <extensions>
          <ns3:TrackPointExtension>
            <ns3:hr>168</ns3:hr>
            <ns3:cad>87</ns3:cad>
          </ns3:TrackPointExtension>
        </extensions>
      </trkpt>
      <trkpt lat="45.69998756982386112213134765625" lon="126.5950242988765239715576171875">
        <ele>150.8000030517578125</ele>
        <time>2026-08-06T23:19:43.000Z</time>
        <extensions>
          <ns3:TrackPointExtension>
            <ns3:hr>167</ns3:hr>
            <ns3:cad>86</ns3:cad>
          </ns3:TrackPointExtension>
        </extensions>
      </trkpt>
      <trkpt lat="45.699985139071941375732421875" lon="126.59499521367251873016357421875">
        <ele>151</ele>
        <time>2026-08-06T23:19:44.000Z</time>
        <extensions>
          <ns3:TrackPointExtension>
            <ns3:hr>167</ns3:hr>
            <ns3:cad>86</ns3:cad>
          </ns3:TrackPointExtension>
        </extensions>
      </trkpt>
      <trkpt lat="45.6999792717397212982177734375" lon="126.5949532203376293182373046875">
        <ele>151</ele>
        <time>2026-08-06T23:19:45.000Z</time>
        <extensions>
          <ns3:TrackPointExtension>
            <ns3:hr>167</ns3:hr>
            <ns3:cad>86</ns3:cad>
          </ns3:TrackPointExtension>
        </extensions>
      </trkpt>
      <trkpt lat="45.69997608661651611328125" lon="126.59491810016334056854248046875">
        <ele>151</ele>
        <time>2026-08-06T23:19:46.000Z</time>
        <extensions>
          <ns3:TrackPointExtension>
            <ns3:hr>166</ns3:hr>
            <ns3:cad>86</ns3:cad>
          </ns3:TrackPointExtension>
        </extensions>
      </trkpt>
      <trkpt lat="45.69997365586459636688232421875" lon="126.59488608129322528839111328125">
        <ele>151.1999969482421875</ele>
        <time>2026-08-06T23:19:47.000Z</time>
        <extensions>
          <ns3:TrackPointExtension>
            <ns3:hr>166</ns3:hr>
            <ns3:cad>86</ns3:cad>
          </ns3:TrackPointExtension>
        </extensions>
      </trkpt>
      <trkpt lat="45.69997231476008892059326171875" lon="126.59484115429222583770751953125">
        <ele>151.399993896484375</ele>
        <time>2026-08-06T23:19:48.000Z</time>
        <extensions>
          <ns3:TrackPointExtension>
            <ns3:hr>167</ns3:hr>
            <ns3:cad>86</ns3:cad>
          </ns3:TrackPointExtension>
        </extensions>
      </trkpt>
      <trkpt lat="45.69996695034205913543701171875" lon="126.5948140807449817657470703125">
        <ele>151.399993896484375</ele>
        <time>2026-08-06T23:19:49.000Z</time>
        <extensions>
          <ns3:TrackPointExtension>
            <ns3:hr>167</ns3:hr>
            <ns3:cad>86</ns3:cad>
          </ns3:TrackPointExtension>
        </extensions>
      </trkpt>
      <trkpt lat="45.69996477104723453521728515625" lon="126.5947798825800418853759765625">
        <ele>151.600006103515625</ele>
        <time>2026-08-06T23:19:50.000Z</time>
        <extensions>
          <ns3:TrackPointExtension>
            <ns3:hr>167</ns3:hr>
            <ns3:cad>86</ns3:cad>
          </ns3:TrackPointExtension>
        </extensions>
      </trkpt>
      <trkpt lat="45.69996829144656658172607421875" lon="126.5947483666241168975830078125">
        <ele>151.8000030517578125</ele>
        <time>2026-08-06T23:19:51.000Z</time>
        <extensions>
          <ns3:TrackPointExtension>
            <ns3:hr>167</ns3:hr>
            <ns3:cad>86</ns3:cad>
          </ns3:TrackPointExtension>
        </extensions>
      </trkpt>
      <trkpt lat="45.6999672017991542816162109375" lon="126.59471844322979450225830078125">
        <ele>151.8000030517578125</ele>
        <time>2026-08-06T23:19:52.000Z</time>
        <extensions>
          <ns3:TrackPointExtension>
            <ns3:hr>168</ns3:hr>
            <ns3:cad>86</ns3:cad>
          </ns3:TrackPointExtension>
        </extensions>
      </trkpt>
      <trkpt lat="45.69996946491301059722900390625" lon="126.5946833230555057525634765625">
        <ele>152</ele>
        <time>2026-08-06T23:19:53.000Z</time>
        <extensions>
          <ns3:TrackPointExtension>
            <ns3:hr>168</ns3:hr>
            <ns3:cad>86</ns3:cad>
          </ns3:TrackPointExtension>
        </extensions>
      </trkpt>
      <trkpt lat="45.69996594451367855072021484375" lon="126.594643257558345794677734375">
        <ele>152</ele>
        <time>2026-08-06T23:19:54.000Z</time>
        <extensions>
          <ns3:TrackPointExtension>
            <ns3:hr>168</ns3:hr>
            <ns3:cad>86</ns3:cad>
          </ns3:TrackPointExtension>
        </extensions>
      </trkpt>
      <trkpt lat="45.6999672017991542816162109375" lon="126.5946018509566783905029296875">
        <ele>152.1999969482421875</ele>
        <time>2026-08-06T23:19:55.000Z</time>
        <extensions>
          <ns3:TrackPointExtension>
            <ns3:hr>169</ns3:hr>
            <ns3:cad>86</ns3:cad>
          </ns3:TrackPointExtension>
        </extensions>
      </trkpt>
      <trkpt lat="45.6999640166759490966796875" lon="126.5945689938962459564208984375">
        <ele>152.399993896484375</ele>
        <time>2026-08-06T23:19:56.000Z</time>
        <extensions>
          <ns3:TrackPointExtension>
            <ns3:hr>169</ns3:hr>
            <ns3:cad>86</ns3:cad>
          </ns3:TrackPointExtension>
        </extensions>
      </trkpt>
      <trkpt lat="45.6999604962766170501708984375" lon="126.594529263675212860107421875">
        <ele>152.399993896484375</ele>
        <time>2026-08-06T23:19:57.000Z</time>
        <extensions>
          <ns3:TrackPointExtension>
            <ns3:hr>170</ns3:hr>
            <ns3:cad>86</ns3:cad>
          </ns3:TrackPointExtension>
        </extensions>
      </trkpt>
      <trkpt lat="45.699952952563762664794921875" lon="126.5944955684244632720947265625">
        <ele>152.600006103515625</ele>
        <time>2026-08-06T23:19:58.000Z</time>
        <extensions>
          <ns3:TrackPointExtension>
            <ns3:hr>170</ns3:hr>
            <ns3:cad>87</ns3:cad>
          </ns3:TrackPointExtension>
        </extensions>
      </trkpt>
      <trkpt lat="45.699942223727703094482421875" lon="126.59445625729858875274658203125">
        <ele>152.600006103515625</ele>
        <time>2026-08-06T23:19:59.000Z</time>
        <extensions>
          <ns3:TrackPointExtension>
            <ns3:hr>171</ns3:hr>
            <ns3:cad>87</ns3:cad>
          </ns3:TrackPointExtension>
        </extensions>
      </trkpt>
      <trkpt lat="45.69993040524423122406005859375" lon="126.594424657523632049560546875">
        <ele>152.600006103515625</ele>
        <time>2026-08-06T23:20:00.000Z</time>
        <extensions>
          <ns3:TrackPointExtension>
            <ns3:hr>172</ns3:hr>
            <ns3:cad>87</ns3:cad>
          </ns3:TrackPointExtension>
        </extensions>
      </trkpt>
      <trkpt lat="45.6999145634472370147705078125" lon="126.59439791925251483917236328125">
        <ele>152.600006103515625</ele>
        <time>2026-08-06T23:20:01.000Z</time>
        <extensions>
          <ns3:TrackPointExtension>
            <ns3:hr>173</ns3:hr>
            <ns3:cad>87</ns3:cad>
          </ns3:TrackPointExtension>
        </extensions>
      </trkpt>
      <trkpt lat="45.69989318959414958953857421875" lon="126.5943792276084423065185546875">
        <ele>152.8000030517578125</ele>
        <time>2026-08-06T23:20:02.000Z</time>
        <extensions>
          <ns3:TrackPointExtension>
            <ns3:hr>173</ns3:hr>
            <ns3:cad>86</ns3:cad>
          </ns3:TrackPointExtension>
        </extensions>
      </trkpt>
      <trkpt lat="45.6998676247894763946533203125" lon="126.5943718515336513519287109375">
        <ele>152.8000030517578125</ele>
        <time>2026-08-06T23:20:03.000Z</time>
        <extensions>
          <ns3:TrackPointExtension>
            <ns3:hr>173</ns3:hr>
            <ns3:cad>86</ns3:cad>
          </ns3:TrackPointExtension>
        </extensions>
      </trkpt>
      <trkpt lat="45.69984105415642261505126953125" lon="126.59437260590493679046630859375">
        <ele>152.8000030517578125</ele>
        <time>2026-08-06T23:20:04.000Z</time>
        <extensions>
          <ns3:TrackPointExtension>
            <ns3:hr>174</ns3:hr>
            <ns3:cad>86</ns3:cad>
          </ns3:TrackPointExtension>
        </extensions>
      </trkpt>
      <trkpt lat="45.69981976412236690521240234375" lon="126.59437746740877628326416015625">
        <ele>152.8000030517578125</ele>
        <time>2026-08-06T23:20:05.000Z</time>
        <extensions>
          <ns3:TrackPointExtension>
            <ns3:hr>174</ns3:hr>
            <ns3:cad>86</ns3:cad>
          </ns3:TrackPointExtension>
        </extensions>
      </trkpt>
      <trkpt lat="45.6997945345938205718994140625" lon="126.594381742179393768310546875">
        <ele>152.8000030517578125</ele>
        <time>2026-08-06T23:20:06.000Z</time>
        <extensions>
          <ns3:TrackPointExtension>
            <ns3:hr>173</ns3:hr>
            <ns3:cad>86</ns3:cad>
          </ns3:TrackPointExtension>
        </extensions>
      </trkpt>
      <trkpt lat="45.6997754238545894622802734375" lon="126.59438811242580413818359375">
        <ele>152.8000030517578125</ele>
        <time>2026-08-06T23:20:07.000Z</time>
        <extensions>
          <ns3:TrackPointExtension>
            <ns3:hr>172</ns3:hr>
            <ns3:cad>87</ns3:cad>
          </ns3:TrackPointExtension>
        </extensions>
      </trkpt>
      <trkpt lat="45.69974332116544246673583984375" lon="126.59438970498740673065185546875">
        <ele>152.600006103515625</ele>
        <time>2026-08-06T23:20:08.000Z</time>
        <extensions>
          <ns3:TrackPointExtension>
            <ns3:hr>172</ns3:hr>
            <ns3:cad>87</ns3:cad>
          </ns3:TrackPointExtension>
        </extensions>
      </trkpt>
      <trkpt lat="45.69972085766494274139404296875" lon="126.59439557231962680816650390625">
        <ele>152.600006103515625</ele>
        <time>2026-08-06T23:20:09.000Z</time>
        <extensions>
          <ns3:TrackPointExtension>
            <ns3:hr>172</ns3:hr>
            <ns3:cad>87</ns3:cad>
          </ns3:TrackPointExtension>
        </extensions>
      </trkpt>
      <trkpt lat="45.69969051517546176910400390625" lon="126.59440361894667148590087890625">
        <ele>152.600006103515625</ele>
        <time>2026-08-06T23:20:10.000Z</time>
        <extensions>
          <ns3:TrackPointExtension>
            <ns3:hr>171</ns3:hr>
            <ns3:cad>87</ns3:cad>
          </ns3:TrackPointExtension>
        </extensions>
      </trkpt>
      <trkpt lat="45.69966738112270832061767578125" lon="126.5944087319076061248779296875">
        <ele>152.600006103515625</ele>
        <time>2026-08-06T23:20:11.000Z</time>
        <extensions>
          <ns3:TrackPointExtension>
            <ns3:hr>171</ns3:hr>
            <ns3:cad>87</ns3:cad>
          </ns3:TrackPointExtension>
        </extensions>
      </trkpt>
      <trkpt lat="45.69963879883289337158203125" lon="126.59441359341144561767578125">
        <ele>152.600006103515625</ele>
        <time>2026-08-06T23:20:12.000Z</time>
        <extensions>
          <ns3:TrackPointExtension>
            <ns3:hr>171</ns3:hr>
            <ns3:cad>87</ns3:cad>
          </ns3:TrackPointExtension>
        </extensions>
      </trkpt>
      <trkpt lat="45.69961172528564929962158203125" lon="126.59441627562046051025390625">
        <ele>152.600006103515625</ele>
        <time>2026-08-06T23:20:13.000Z</time>
        <extensions>
          <ns3:TrackPointExtension>
            <ns3:hr>171</ns3:hr>
            <ns3:cad>87</ns3:cad>
          </ns3:TrackPointExtension>
        </extensions>
      </trkpt>
      <trkpt lat="45.6995883397758007049560546875" lon="126.59442474134266376495361328125">
        <ele>152.600006103515625</ele>
        <time>2026-08-06T23:20:14.000Z</time>
        <extensions>
          <ns3:TrackPointExtension>
            <ns3:hr>171</ns3:hr>
            <ns3:cad>87</ns3:cad>
          </ns3:TrackPointExtension>
        </extensions>
      </trkpt>
      <trkpt lat="45.69955958984792232513427734375" lon="126.59442625008523464202880859375">
        <ele>152.600006103515625</ele>
        <time>2026-08-06T23:20:15.000Z</time>
        <extensions>
          <ns3:TrackPointExtension>
            <ns3:hr>171</ns3:hr>
            <ns3:cad>87</ns3:cad>
          </ns3:TrackPointExtension>
        </extensions>
      </trkpt>
      <trkpt lat="45.69953947328031063079833984375" lon="126.59443102777004241943359375">
        <ele>152.600006103515625</ele>
        <time>2026-08-06T23:20:16.000Z</time>
        <extensions>
          <ns3:TrackPointExtension>
            <ns3:hr>171</ns3:hr>
            <ns3:cad>87</ns3:cad>
          </ns3:TrackPointExtension>
        </extensions>
      </trkpt>
      <trkpt lat="45.69950728677213191986083984375" lon="126.594426669180393218994140625">
        <ele>152.399993896484375</ele>
        <time>2026-08-06T23:20:17.000Z</time>
        <extensions>
          <ns3:TrackPointExtension>
            <ns3:hr>171</ns3:hr>
            <ns3:cad>87</ns3:cad>
          </ns3:TrackPointExtension>
        </extensions>
      </trkpt>
      <trkpt lat="45.6994860805571079254150390625" lon="126.59442775882780551910400390625">
        <ele>152.399993896484375</ele>
        <time>2026-08-06T23:20:18.000Z</time>
        <extensions>
          <ns3:TrackPointExtension>
            <ns3:hr>171</ns3:hr>
            <ns3:cad>87</ns3:cad>
          </ns3:TrackPointExtension>
        </extensions>
      </trkpt>
      <trkpt lat="45.69945699535310268402099609375" lon="126.5944278426468372344970703125">
        <ele>152.399993896484375</ele>
        <time>2026-08-06T23:20:19.000Z</time>
        <extensions>
          <ns3:TrackPointExtension>
            <ns3:hr>171</ns3:hr>
            <ns3:cad>87</ns3:cad>
          </ns3:TrackPointExtension>
        </extensions>
      </trkpt>
      <trkpt lat="45.69943302311003208160400390625" lon="126.5944318659603595733642578125">
        <ele>152.399993896484375</ele>
        <time>2026-08-06T23:20:20.000Z</time>
        <extensions>
          <ns3:TrackPointExtension>
            <ns3:hr>171</ns3:hr>
            <ns3:cad>87</ns3:cad>
          </ns3:TrackPointExtension>
        </extensions>
      </trkpt>
      <trkpt lat="45.69940678775310516357421875" lon="126.594436727464199066162109375">
        <ele>152.399993896484375</ele>
        <time>2026-08-06T23:20:21.000Z</time>
        <extensions>
          <ns3:TrackPointExtension>
            <ns3:hr>171</ns3:hr>
            <ns3:cad>87</ns3:cad>
          </ns3:TrackPointExtension>
        </extensions>
      </trkpt>
      <trkpt lat="45.6993821449577808380126953125" lon="126.5944410860538482666015625">
        <ele>152.399993896484375</ele>
        <time>2026-08-06T23:20:22.000Z</time>
        <extensions>
          <ns3:TrackPointExtension>
            <ns3:hr>171</ns3:hr>
            <ns3:cad>87</ns3:cad>
          </ns3:TrackPointExtension>
        </extensions>
      </trkpt>
      <trkpt lat="45.6993523053824901580810546875" lon="126.594447791576385498046875">
        <ele>152.399993896484375</ele>
        <time>2026-08-06T23:20:23.000Z</time>
        <extensions>
          <ns3:TrackPointExtension>
            <ns3:hr>171</ns3:hr>
            <ns3:cad>87</ns3:cad>
          </ns3:TrackPointExtension>
        </extensions>
      </trkpt>
      <trkpt lat="45.69932472892105579376220703125" lon="126.594450809061527252197265625">
        <ele>152.399993896484375</ele>
        <time>2026-08-06T23:20:24.000Z</time>
        <extensions>
          <ns3:TrackPointExtension>
            <ns3:hr>171</ns3:hr>
            <ns3:cad>88</ns3:cad>
          </ns3:TrackPointExtension>
        </extensions>
      </trkpt>
      <trkpt lat="45.69929547607898712158203125" lon="126.59445977769792079925537109375">
        <ele>152.600006103515625</ele>
        <time>2026-08-06T23:20:25.000Z</time>
        <extensions>
          <ns3:TrackPointExtension>
            <ns3:hr>171</ns3:hr>
            <ns3:cad>88</ns3:cad>
          </ns3:TrackPointExtension>
        </extensions>
      </trkpt>
      <trkpt lat="45.6992661394178867340087890625" lon="126.594461537897586822509765625">
        <ele>152.600006103515625</ele>
        <time>2026-08-06T23:20:26.000Z</time>
        <extensions>
          <ns3:TrackPointExtension>
            <ns3:hr>172</ns3:hr>
            <ns3:cad>88</ns3:cad>
          </ns3:TrackPointExtension>
        </extensions>
      </trkpt>
      <trkpt lat="45.69924183189868927001953125" lon="126.59446564503014087677001953125">
        <ele>152.600006103515625</ele>
        <time>2026-08-06T23:20:27.000Z</time>
        <extensions>
          <ns3:TrackPointExtension>
            <ns3:hr>172</ns3:hr>
            <ns3:cad>88</ns3:cad>
          </ns3:TrackPointExtension>
        </extensions>
      </trkpt>
      <trkpt lat="45.69921140559017658233642578125" lon="126.5944694168865680694580078125">
        <ele>152.8000030517578125</ele>
        <time>2026-08-06T23:20:28.000Z</time>
        <extensions>
          <ns3:TrackPointExtension>
            <ns3:hr>172</ns3:hr>
            <ns3:cad>88</ns3:cad>
          </ns3:TrackPointExtension>
        </extensions>
      </trkpt>
      <trkpt lat="45.69919045083224773406982421875" lon="126.59447084181010723114013671875">
        <ele>152.600006103515625</ele>
        <time>2026-08-06T23:20:29.000Z</time>
        <extensions>
          <ns3:TrackPointExtension>
            <ns3:hr>172</ns3:hr>
            <ns3:cad>88</ns3:cad>
          </ns3:TrackPointExtension>
        </extensions>
      </trkpt>
      <trkpt lat="45.6991585157811641693115234375" lon="126.5944759547710418701171875">
        <ele>152.600006103515625</ele>
        <time>2026-08-06T23:20:30.000Z</time>
        <extensions>
          <ns3:TrackPointExtension>
            <ns3:hr>172</ns3:hr>
            <ns3:cad>88</ns3:cad>
          </ns3:TrackPointExtension>
        </extensions>
      </trkpt>
      <trkpt lat="45.699136219918727874755859375" lon="126.59448374994099140167236328125">
        <ele>152.600006103515625</ele>
        <time>2026-08-06T23:20:31.000Z</time>
        <extensions>
          <ns3:TrackPointExtension>
            <ns3:hr>172</ns3:hr>
            <ns3:cad>88</ns3:cad>
          </ns3:TrackPointExtension>
        </extensions>
      </trkpt>
      <trkpt lat="45.69910478778183460235595703125" lon="126.5944972448050975799560546875">
        <ele>152.399993896484375</ele>
        <time>2026-08-06T23:20:32.000Z</time>
        <extensions>
          <ns3:TrackPointExtension>
            <ns3:hr>172</ns3:hr>
            <ns3:cad>87</ns3:cad>
          </ns3:TrackPointExtension>
        </extensions>
      </trkpt>
      <trkpt lat="45.69908299483358860015869140625" lon="126.5945126675069332122802734375">
        <ele>152.399993896484375</ele>
        <time>2026-08-06T23:20:33.000Z</time>
        <extensions>
          <ns3:TrackPointExtension>
            <ns3:hr>171</ns3:hr>
            <ns3:cad>88</ns3:cad>
          </ns3:TrackPointExtension>
        </extensions>
      </trkpt>
      <trkpt lat="45.69905768148601055145263671875" lon="126.5945269167423248291015625">
        <ele>152.399993896484375</ele>
        <time>2026-08-06T23:20:34.000Z</time>
        <extensions>
          <ns3:TrackPointExtension>
            <ns3:hr>171</ns3:hr>
            <ns3:cad>88</ns3:cad>
          </ns3:TrackPointExtension>
        </extensions>
      </trkpt>
      <trkpt lat="45.6990337930619716644287109375" lon="126.59453856758773326873779296875">
        <ele>152.1999969482421875</ele>
        <time>2026-08-06T23:20:35.000Z</time>
        <extensions>
          <ns3:TrackPointExtension>
            <ns3:hr>171</ns3:hr>
            <ns3:cad>88</ns3:cad>
          </ns3:TrackPointExtension>
        </extensions>
      </trkpt>
      <trkpt lat="45.69901376031339168548583984375" lon="126.59456203691661357879638671875">
        <ele>152.399993896484375</ele>
        <time>2026-08-06T23:20:36.000Z</time>
        <extensions>
          <ns3:TrackPointExtension>
            <ns3:hr>171</ns3:hr>
            <ns3:cad>88</ns3:cad>
          </ns3:TrackPointExtension>
        </extensions>
      </trkpt>
      <trkpt lat="45.69899029098451137542724609375" lon="126.59457863308489322662353515625">
        <ele>152.399993896484375</ele>
        <time>2026-08-06T23:20:37.000Z</time>
        <extensions>
          <ns3:TrackPointExtension>
            <ns3:hr>171</ns3:hr>
            <ns3:cad>88</ns3:cad>
          </ns3:TrackPointExtension>
        </extensions>
      </trkpt>
      <trkpt lat="45.69896799512207508087158203125" lon="126.59458659589290618896484375">
        <ele>152.600006103515625</ele>
        <time>2026-08-06T23:20:38.000Z</time>
        <extensions>
          <ns3:TrackPointExtension>
            <ns3:hr>171</ns3:hr>
            <ns3:cad>87</ns3:cad>
          </ns3:TrackPointExtension>
        </extensions>
      </trkpt>
      <trkpt lat="45.69894008338451385498046875" lon="126.59458315931260585784912109375">
        <ele>152.600006103515625</ele>
        <time>2026-08-06T23:20:39.000Z</time>
        <extensions>
          <ns3:TrackPointExtension>
            <ns3:hr>171</ns3:hr>
            <ns3:cad>87</ns3:cad>
          </ns3:TrackPointExtension>
        </extensions>
      </trkpt>
      <trkpt lat="45.69891770370304584503173828125" lon="126.59458148293197154998779296875">
        <ele>152.8000030517578125</ele>
        <time>2026-08-06T23:20:40.000Z</time>
        <extensions>
          <ns3:TrackPointExtension>
            <ns3:hr>171</ns3:hr>
            <ns3:cad>87</ns3:cad>
          </ns3:TrackPointExtension>
        </extensions>
      </trkpt>
      <trkpt lat="45.69888736121356487274169921875" lon="126.59455566667020320892333984375">
        <ele>152.8000030517578125</ele>
        <time>2026-08-06T23:20:41.000Z</time>
        <extensions>
          <ns3:TrackPointExtension>
            <ns3:hr>171</ns3:hr>
            <ns3:cad>87</ns3:cad>
          </ns3:TrackPointExtension>
        </extensions>
      </trkpt>
      <trkpt lat="45.69886674173176288604736328125" lon="126.59454577602446079254150390625">
        <ele>152.8000030517578125</ele>
        <time>2026-08-06T23:20:42.000Z</time>
        <extensions>
          <ns3:TrackPointExtension>
            <ns3:hr>171</ns3:hr>
            <ns3:cad>87</ns3:cad>
          </ns3:TrackPointExtension>
        </extensions>
      </trkpt>
      <trkpt lat="45.69883656688034534454345703125" lon="126.594537980854511260986328125">
        <ele>152.600006103515625</ele>
        <time>2026-08-06T23:20:43.000Z</time>
        <extensions>
          <ns3:TrackPointExtension>
            <ns3:hr>171</ns3:hr>
            <ns3:cad>87</ns3:cad>
          </ns3:TrackPointExtension>
        </extensions>
      </trkpt>
      <trkpt lat="45.6988138519227504730224609375" lon="126.59453202970325946807861328125">
        <ele>152.399993896484375</ele>
        <time>2026-08-06T23:20:44.000Z</time>
        <extensions>
          <ns3:TrackPointExtension>
            <ns3:hr>171</ns3:hr>
            <ns3:cad>88</ns3:cad>
          </ns3:TrackPointExtension>
        </extensions>
      </trkpt>
      <trkpt lat="45.69878526963293552398681640625" lon="126.5945347957313060760498046875">
        <ele>152.399993896484375</ele>
        <time>2026-08-06T23:20:45.000Z</time>
        <extensions>
          <ns3:TrackPointExtension>
            <ns3:hr>171</ns3:hr>
            <ns3:cad>88</ns3:cad>
          </ns3:TrackPointExtension>
        </extensions>
      </trkpt>
      <trkpt lat="45.6987623870372772216796875" lon="126.5945351310074329376220703125">
        <ele>152.600006103515625</ele>
        <time>2026-08-06T23:20:46.000Z</time>
        <extensions>
          <ns3:TrackPointExtension>
            <ns3:hr>170</ns3:hr>
            <ns3:cad>88</ns3:cad>
          </ns3:TrackPointExtension>
        </extensions>
      </trkpt>
      <trkpt lat="45.69873749278485774993896484375" lon="126.59454342909157276153564453125">
        <ele>152.600006103515625</ele>
        <time>2026-08-06T23:20:47.000Z</time>
        <extensions>
          <ns3:TrackPointExtension>
            <ns3:hr>171</ns3:hr>
            <ns3:cad>87</ns3:cad>
          </ns3:TrackPointExtension>
        </extensions>
      </trkpt>
      <trkpt lat="45.69871134124696254730224609375" lon="126.59454728476703166961669921875">
        <ele>152.8000030517578125</ele>
        <time>2026-08-06T23:20:48.000Z</time>
        <extensions>
          <ns3:TrackPointExtension>
            <ns3:hr>171</ns3:hr>
            <ns3:cad>87</ns3:cad>
          </ns3:TrackPointExtension>
        </extensions>
      </trkpt>
      <trkpt lat="45.698688291013240814208984375" lon="126.59455248154699802398681640625">
        <ele>152.8000030517578125</ele>
        <time>2026-08-06T23:20:49.000Z</time>
        <extensions>
          <ns3:TrackPointExtension>
            <ns3:hr>171</ns3:hr>
            <ns3:cad>88</ns3:cad>
          </ns3:TrackPointExtension>
        </extensions>
      </trkpt>
      <trkpt lat="45.69865887053310871124267578125" lon="126.59455306828022003173828125">
        <ele>152.8000030517578125</ele>
        <time>2026-08-06T23:20:50.000Z</time>
        <extensions>
          <ns3:TrackPointExtension>
            <ns3:hr>171</ns3:hr>
            <ns3:cad>89</ns3:cad>
          </ns3:TrackPointExtension>
        </extensions>
      </trkpt>
      <trkpt lat="45.69863858632743358612060546875" lon="126.59455868415534496307373046875">
        <ele>152.8000030517578125</ele>
        <time>2026-08-06T23:20:51.000Z</time>
        <extensions>
          <ns3:TrackPointExtension>
            <ns3:hr>171</ns3:hr>
            <ns3:cad>89</ns3:cad>
          </ns3:TrackPointExtension>
        </extensions>
      </trkpt>
      <trkpt lat="45.69860723800957202911376953125" lon="126.59456103108823299407958984375">
        <ele>152.8000030517578125</ele>
        <time>2026-08-06T23:20:52.000Z</time>
        <extensions>
          <ns3:TrackPointExtension>
            <ns3:hr>171</ns3:hr>
            <ns3:cad>88</ns3:cad>
          </ns3:TrackPointExtension>
        </extensions>
      </trkpt>
      <trkpt lat="45.69858594797551631927490234375" lon="126.5945656411349773406982421875">
        <ele>152.8000030517578125</ele>
        <time>2026-08-06T23:20:53.000Z</time>
        <extensions>
          <ns3:TrackPointExtension>
            <ns3:hr>171</ns3:hr>
            <ns3:cad>86</ns3:cad>
          </ns3:TrackPointExtension>
        </extensions>
      </trkpt>
      <trkpt lat="45.69855895824730396270751953125" lon="126.59457075409591197967529296875">
        <ele>152.8000030517578125</ele>
        <time>2026-08-06T23:20:54.000Z</time>
        <extensions>
          <ns3:TrackPointExtension>
            <ns3:hr>170</ns3:hr>
            <ns3:cad>86</ns3:cad>
          </ns3:TrackPointExtension>
        </extensions>
      </trkpt>
      <trkpt lat="45.69853699766099452972412109375" lon="126.59457108937203884124755859375">
        <ele>153</ele>
        <time>2026-08-06T23:20:55.000Z</time>
        <extensions>
          <ns3:TrackPointExtension>
            <ns3:hr>171</ns3:hr>
            <ns3:cad>86</ns3:cad>
          </ns3:TrackPointExtension>
        </extensions>
      </trkpt>
      <trkpt lat="45.69851235486567020416259765625" lon="126.59457561559975147247314453125">
        <ele>153</ele>
        <time>2026-08-06T23:20:56.000Z</time>
        <extensions>
          <ns3:TrackPointExtension>
            <ns3:hr>171</ns3:hr>
            <ns3:cad>86</ns3:cad>
          </ns3:TrackPointExtension>
        </extensions>
      </trkpt>
      <trkpt lat="45.69848704151809215545654296875" lon="126.594585590064525604248046875">
        <ele>153</ele>
        <time>2026-08-06T23:20:57.000Z</time>
        <extensions>
          <ns3:TrackPointExtension>
            <ns3:hr>171</ns3:hr>
            <ns3:cad>86</ns3:cad>
          </ns3:TrackPointExtension>
        </extensions>
      </trkpt>
      <trkpt lat="45.69846223108470439910888671875" lon="126.5945941396057605743408203125">
        <ele>153</ele>
        <time>2026-08-06T23:20:58.000Z</time>
        <extensions>
          <ns3:TrackPointExtension>
            <ns3:hr>171</ns3:hr>
            <ns3:cad>86</ns3:cad>
          </ns3:TrackPointExtension>
        </extensions>
      </trkpt>
      <trkpt lat="45.6984351575374603271484375" lon="126.59459288232028484344482421875">
        <ele>152.8000030517578125</ele>
        <time>2026-08-06T23:20:59.000Z</time>
        <extensions>
          <ns3:TrackPointExtension>
            <ns3:hr>170</ns3:hr>
            <ns3:cad>86</ns3:cad>
          </ns3:TrackPointExtension>
        </extensions>
      </trkpt>
      <trkpt lat="45.69841294549405574798583984375" lon="126.5945978276431560516357421875">
        <ele>152.8000030517578125</ele>
        <time>2026-08-06T23:21:00.000Z</time>
        <extensions>
          <ns3:TrackPointExtension>
            <ns3:hr>171</ns3:hr>
            <ns3:cad>87</ns3:cad>
          </ns3:TrackPointExtension>
        </extensions>
      </trkpt>
      <trkpt lat="45.698383189737796783447265625" lon="126.59460193477571010589599609375">
        <ele>152.8000030517578125</ele>
        <time>2026-08-06T23:21:01.000Z</time>
        <extensions>
          <ns3:TrackPointExtension>
            <ns3:hr>171</ns3:hr>
            <ns3:cad>87</ns3:cad>
          </ns3:TrackPointExtension>
        </extensions>
      </trkpt>
      <trkpt lat="45.69836399517953395843505859375" lon="126.5946052037179470062255859375">
        <ele>152.8000030517578125</ele>
        <time>2026-08-06T23:21:02.000Z</time>
        <extensions>
          <ns3:TrackPointExtension>
            <ns3:hr>170</ns3:hr>
            <ns3:cad>87</ns3:cad>
          </ns3:TrackPointExtension>
        </extensions>
      </trkpt>
      <trkpt lat="45.6983354128897190093994140625" lon="126.59460897557437419891357421875">
        <ele>152.600006103515625</ele>
        <time>2026-08-06T23:21:03.000Z</time>
        <extensions>
          <ns3:TrackPointExtension>
            <ns3:hr>171</ns3:hr>
            <ns3:cad>87</ns3:cad>
          </ns3:TrackPointExtension>
        </extensions>
      </trkpt>
      <trkpt lat="45.69831605069339275360107421875" lon="126.59461081959307193756103515625">
        <ele>152.600006103515625</ele>
        <time>2026-08-06T23:21:04.000Z</time>
        <extensions>
          <ns3:TrackPointExtension>
            <ns3:hr>171</ns3:hr>
            <ns3:cad>87</ns3:cad>
          </ns3:TrackPointExtension>
        </extensions>
      </trkpt>
      <trkpt lat="45.6982888095080852508544921875" lon="126.59461802802979946136474609375">
        <ele>152.600006103515625</ele>
        <time>2026-08-06T23:21:05.000Z</time>
        <extensions>
          <ns3:TrackPointExtension>
            <ns3:hr>171</ns3:hr>
            <ns3:cad>87</ns3:cad>
          </ns3:TrackPointExtension>
        </extensions>
      </trkpt>
      <trkpt lat="45.69826508872210979461669921875" lon="126.59461769275367259979248046875">
        <ele>152.600006103515625</ele>
        <time>2026-08-06T23:21:06.000Z</time>
        <extensions>
          <ns3:TrackPointExtension>
            <ns3:hr>171</ns3:hr>
            <ns3:cad>87</ns3:cad>
          </ns3:TrackPointExtension>
        </extensions>
      </trkpt>
      <trkpt lat="45.69823776371777057647705078125" lon="126.59462540410459041595458984375">
        <ele>152.600006103515625</ele>
        <time>2026-08-06T23:21:07.000Z</time>
        <extensions>
          <ns3:TrackPointExtension>
            <ns3:hr>172</ns3:hr>
            <ns3:cad>87</ns3:cad>
          </ns3:TrackPointExtension>
        </extensions>
      </trkpt>
      <trkpt lat="45.69820918142795562744140625" lon="126.5946261584758758544921875">
        <ele>152.399993896484375</ele>
        <time>2026-08-06T23:21:08.000Z</time>
        <extensions>
          <ns3:TrackPointExtension>
            <ns3:hr>172</ns3:hr>
            <ns3:cad>87</ns3:cad>
          </ns3:TrackPointExtension>
        </extensions>
      </trkpt>
      <trkpt lat="45.69818512536585330963134765625" lon="126.59463345073163509368896484375">
        <ele>152.399993896484375</ele>
        <time>2026-08-06T23:21:09.000Z</time>
        <extensions>
          <ns3:TrackPointExtension>
            <ns3:hr>172</ns3:hr>
            <ns3:cad>87</ns3:cad>
          </ns3:TrackPointExtension>
        </extensions>
      </trkpt>
      <trkpt lat="45.69815495051443576812744140625" lon="126.59463864751160144805908203125">
        <ele>152.399993896484375</ele>
        <time>2026-08-06T23:21:10.000Z</time>
        <extensions>
          <ns3:TrackPointExtension>
            <ns3:hr>172</ns3:hr>
            <ns3:cad>87</ns3:cad>
          </ns3:TrackPointExtension>
        </extensions>
      </trkpt>
      <trkpt lat="45.69813449867069721221923828125" lon="126.59464401192963123321533203125">
        <ele>152.399993896484375</ele>
        <time>2026-08-06T23:21:11.000Z</time>
        <extensions>
          <ns3:TrackPointExtension>
            <ns3:hr>173</ns3:hr>
            <ns3:cad>87</ns3:cad>
          </ns3:TrackPointExtension>
        </extensions>
      </trkpt>
      <trkpt lat="45.6981027312576770782470703125" lon="126.59464426338672637939453125">
        <ele>152.1999969482421875</ele>
        <time>2026-08-06T23:21:12.000Z</time>
        <extensions>
          <ns3:TrackPointExtension>
            <ns3:hr>173</ns3:hr>
            <ns3:cad>87</ns3:cad>
          </ns3:TrackPointExtension>
        </extensions>
      </trkpt>
      <trkpt lat="45.6980795972049236297607421875" lon="126.5946449339389801025390625">
        <ele>152.1999969482421875</ele>
        <time>2026-08-06T23:21:13.000Z</time>
        <extensions>
          <ns3:TrackPointExtension>
            <ns3:hr>173</ns3:hr>
            <ns3:cad>87</ns3:cad>
          </ns3:TrackPointExtension>
        </extensions>
      </trkpt>
      <trkpt lat="45.69804615341126918792724609375" lon="126.594635546207427978515625">
        <ele>152.1999969482421875</ele>
        <time>2026-08-06T23:21:14.000Z</time>
        <extensions>
          <ns3:TrackPointExtension>
            <ns3:hr>172</ns3:hr>
            <ns3:cad>87</ns3:cad>
          </ns3:TrackPointExtension>
        </extensions>
      </trkpt>
      <trkpt lat="45.69802000187337398529052734375" lon="126.59462339244782924652099609375">
        <ele>152.1999969482421875</ele>
        <time>2026-08-06T23:21:15.000Z</time>
        <extensions>
          <ns3:TrackPointExtension>
            <ns3:hr>172</ns3:hr>
            <ns3:cad>87</ns3:cad>
          </ns3:TrackPointExtension>
        </extensions>
      </trkpt>
      <trkpt lat="45.697993598878383636474609375" lon="126.594597995281219482421875">
        <ele>152</ele>
        <time>2026-08-06T23:21:16.000Z</time>
        <extensions>
          <ns3:TrackPointExtension>
            <ns3:hr>172</ns3:hr>
            <ns3:cad>87</ns3:cad>
          </ns3:TrackPointExtension>
        </extensions>
      </trkpt>
      <trkpt lat="45.69797825999557971954345703125" lon="126.59456656314432621002197265625">
        <ele>152</ele>
        <time>2026-08-06T23:21:17.000Z</time>
        <extensions>
          <ns3:TrackPointExtension>
            <ns3:hr>172</ns3:hr>
            <ns3:cad>87</ns3:cad>
          </ns3:TrackPointExtension>
        </extensions>
      </trkpt>
      <trkpt lat="45.6979609094560146331787109375" lon="126.5945364721119403839111328125">
        <ele>152</ele>
        <time>2026-08-06T23:21:18.000Z</time>
        <extensions>
          <ns3:TrackPointExtension>
            <ns3:hr>173</ns3:hr>
            <ns3:cad>87</ns3:cad>
          </ns3:TrackPointExtension>
        </extensions>
      </trkpt>
      <trkpt lat="45.6979443132877349853515625" lon="126.59449875354766845703125">
        <ele>152</ele>
        <time>2026-08-06T23:21:19.000Z</time>
        <extensions>
          <ns3:TrackPointExtension>
            <ns3:hr>173</ns3:hr>
            <ns3:cad>87</ns3:cad>
          </ns3:TrackPointExtension>
        </extensions>
      </trkpt>
      <trkpt lat="45.69792746566236019134521484375" lon="126.5944697521626949310302734375">
        <ele>152</ele>
        <time>2026-08-06T23:21:20.000Z</time>
        <extensions>
          <ns3:TrackPointExtension>
            <ns3:hr>173</ns3:hr>
            <ns3:cad>87</ns3:cad>
          </ns3:TrackPointExtension>
        </extensions>
      </trkpt>
      <trkpt lat="45.69790617562830448150634765625" lon="126.5944335423409938812255859375">
        <ele>152</ele>
        <time>2026-08-06T23:21:21.000Z</time>
        <extensions>
          <ns3:TrackPointExtension>
            <ns3:hr>173</ns3:hr>
            <ns3:cad>87</ns3:cad>
          </ns3:TrackPointExtension>
        </extensions>
      </trkpt>
      <trkpt lat="45.69788731634616851806640625" lon="126.59441568888723850250244140625">
        <ele>152</ele>
        <time>2026-08-06T23:21:22.000Z</time>
        <extensions>
          <ns3:TrackPointExtension>
            <ns3:hr>173</ns3:hr>
            <ns3:cad>87</ns3:cad>
          </ns3:TrackPointExtension>
        </extensions>
      </trkpt>
      <trkpt lat="45.6978609971702098846435546875" lon="126.59440445713698863983154296875">
        <ele>152</ele>
        <time>2026-08-06T23:21:23.000Z</time>
        <extensions>
          <ns3:TrackPointExtension>
            <ns3:hr>173</ns3:hr>
            <ns3:cad>87</ns3:cad>
          </ns3:TrackPointExtension>
        </extensions>
      </trkpt>
      <trkpt lat="45.697839371860027313232421875" lon="126.59441334195435047149658203125">
        <ele>152</ele>
        <time>2026-08-06T23:21:24.000Z</time>
        <extensions>
          <ns3:TrackPointExtension>
            <ns3:hr>174</ns3:hr>
            <ns3:cad>88</ns3:cad>
          </ns3:TrackPointExtension>
        </extensions>
      </trkpt>
      <trkpt lat="45.69781221449375152587890625" lon="126.59442725591361522674560546875">
        <ele>152</ele>
        <time>2026-08-06T23:21:25.000Z</time>
        <extensions>
          <ns3:TrackPointExtension>
            <ns3:hr>173</ns3:hr>
            <ns3:cad>88</ns3:cad>
          </ns3:TrackPointExtension>
        </extensions>
      </trkpt>
      <trkpt lat="45.6977899186313152313232421875" lon="126.5944278426468372344970703125">
        <ele>152</ele>
        <time>2026-08-06T23:21:26.000Z</time>
        <extensions>
          <ns3:TrackPointExtension>
            <ns3:hr>173</ns3:hr>
            <ns3:cad>87</ns3:cad>
          </ns3:TrackPointExtension>
        </extensions>
      </trkpt>
      <trkpt lat="45.6977647729218006134033203125" lon="126.59442876465618610382080078125">
        <ele>152</ele>
        <time>2026-08-06T23:21:27.000Z</time>
        <extensions>
          <ns3:TrackPointExtension>
            <ns3:hr>173</ns3:hr>
            <ns3:cad>87</ns3:cad>
          </ns3:TrackPointExtension>
        </extensions>
      </trkpt>
      <trkpt lat="45.69774004630744457244873046875" lon="126.5944268368184566497802734375">
        <ele>152</ele>
        <time>2026-08-06T23:21:28.000Z</time>
        <extensions>
          <ns3:TrackPointExtension>
            <ns3:hr>173</ns3:hr>
            <ns3:cad>87</ns3:cad>
          </ns3:TrackPointExtension>
        </extensions>
      </trkpt>
      <trkpt lat="45.69771674461662769317626953125" lon="126.5944328717887401580810546875">
        <ele>152</ele>
        <time>2026-08-06T23:21:29.000Z</time>
        <extensions>
          <ns3:TrackPointExtension>
            <ns3:hr>173</ns3:hr>
            <ns3:cad>88</ns3:cad>
          </ns3:TrackPointExtension>
        </extensions>
      </trkpt>
      <trkpt lat="45.6976920180022716522216796875" lon="126.5944348834455013275146484375">
        <ele>152.1999969482421875</ele>
        <time>2026-08-06T23:21:30.000Z</time>
        <extensions>
          <ns3:TrackPointExtension>
            <ns3:hr>173</ns3:hr>
            <ns3:cad>88</ns3:cad>
          </ns3:TrackPointExtension>
        </extensions>
      </trkpt>
      <trkpt lat="45.6976651959121227264404296875" lon="126.59444150514900684356689453125">
        <ele>152</ele>
        <time>2026-08-06T23:21:31.000Z</time>
        <extensions>
          <ns3:TrackPointExtension>
            <ns3:hr>172</ns3:hr>
            <ns3:cad>88</ns3:cad>
          </ns3:TrackPointExtension>
        </extensions>
      </trkpt>
      <trkpt lat="45.697638206183910369873046875" lon="126.594442762434482574462890625">
        <ele>152.1999969482421875</ele>
        <time>2026-08-06T23:21:32.000Z</time>
        <extensions>
          <ns3:TrackPointExtension>
            <ns3:hr>172</ns3:hr>
            <ns3:cad>88</ns3:cad>
          </ns3:TrackPointExtension>
        </extensions>
      </trkpt>
      <trkpt lat="45.6976185925304889678955078125" lon="126.59444536082446575164794921875">
        <ele>152.1999969482421875</ele>
        <time>2026-08-06T23:21:33.000Z</time>
        <extensions>
          <ns3:TrackPointExtension>
            <ns3:hr>172</ns3:hr>
            <ns3:cad>87</ns3:cad>
          </ns3:TrackPointExtension>
        </extensions>
      </trkpt>
      <trkpt lat="45.6975924409925937652587890625" lon="126.5944503061473369598388671875">
        <ele>152.1999969482421875</ele>
        <time>2026-08-06T23:21:34.000Z</time>
        <extensions>
          <ns3:TrackPointExtension>
            <ns3:hr>172</ns3:hr>
            <ns3:cad>87</ns3:cad>
          </ns3:TrackPointExtension>
        </extensions>
      </trkpt>
      <trkpt lat="45.697573162615299224853515625" lon="126.59445474855601787567138671875">
        <ele>152.1999969482421875</ele>
        <time>2026-08-06T23:21:35.000Z</time>
        <extensions>
          <ns3:TrackPointExtension>
            <ns3:hr>172</ns3:hr>
            <ns3:cad>87</ns3:cad>
          </ns3:TrackPointExtension>
        </extensions>
      </trkpt>
      <trkpt lat="45.6975515373051166534423828125" lon="126.594462208449840545654296875">
        <ele>152.399993896484375</ele>
        <time>2026-08-06T23:21:36.000Z</time>
        <extensions>
          <ns3:TrackPointExtension>
            <ns3:hr>172</ns3:hr>
            <ns3:cad>88</ns3:cad>
          </ns3:TrackPointExtension>
        </extensions>
      </trkpt>
      <trkpt lat="45.69752731360495090484619140625" lon="126.59446530975401401519775390625">
        <ele>152.399993896484375</ele>
        <time>2026-08-06T23:21:37.000Z</time>
        <extensions>
          <ns3:TrackPointExtension>
            <ns3:hr>172</ns3:hr>
            <ns3:cad>88</ns3:cad>
          </ns3:TrackPointExtension>
        </extensions>
      </trkpt>
      <trkpt lat="45.69750501774251461029052734375" lon="126.59447352401912212371826171875">
        <ele>152.399993896484375</ele>
        <time>2026-08-06T23:21:38.000Z</time>
        <extensions>
          <ns3:TrackPointExtension>
            <ns3:hr>171</ns3:hr>
            <ns3:cad>87</ns3:cad>
          </ns3:TrackPointExtension>
        </extensions>
      </trkpt>
      <trkpt lat="45.69748230278491973876953125" lon="126.59448224119842052459716796875">
        <ele>152.1999969482421875</ele>
        <time>2026-08-06T23:21:39.000Z</time>
        <extensions>
          <ns3:TrackPointExtension>
            <ns3:hr>171</ns3:hr>
            <ns3:cad>87</ns3:cad>
          </ns3:TrackPointExtension>
        </extensions>
      </trkpt>
      <trkpt lat="45.6974586658179759979248046875" lon="126.59449540078639984130859375">
        <ele>152.1999969482421875</ele>
        <time>2026-08-06T23:21:40.000Z</time>
        <extensions>
          <ns3:TrackPointExtension>
            <ns3:hr>171</ns3:hr>
            <ns3:cad>87</ns3:cad>
          </ns3:TrackPointExtension>
        </extensions>
      </trkpt>
      <trkpt lat="45.69743293337523937225341796875" lon="126.59450721926987171173095703125">
        <ele>152.1999969482421875</ele>
        <time>2026-08-06T23:21:41.000Z</time>
        <extensions>
          <ns3:TrackPointExtension>
            <ns3:hr>170</ns3:hr>
            <ns3:cad>87</ns3:cad>
          </ns3:TrackPointExtension>
        </extensions>
      </trkpt>
      <trkpt lat="45.69741164334118366241455078125" lon="126.594517193734645843505859375">
        <ele>152.1999969482421875</ele>
        <time>2026-08-06T23:21:42.000Z</time>
        <extensions>
          <ns3:TrackPointExtension>
            <ns3:hr>170</ns3:hr>
            <ns3:cad>87</ns3:cad>
          </ns3:TrackPointExtension>
        </extensions>
      </trkpt>
      <trkpt lat="45.697387419641017913818359375" lon="126.59453295171260833740234375">
        <ele>152</ele>
        <time>2026-08-06T23:21:43.000Z</time>
        <extensions>
          <ns3:TrackPointExtension>
            <ns3:hr>171</ns3:hr>
            <ns3:cad>87</ns3:cad>
          </ns3:TrackPointExtension>
        </extensions>
      </trkpt>
      <trkpt lat="45.69736587814986705780029296875" lon="126.59454544074833393096923828125">
        <ele>152</ele>
        <time>2026-08-06T23:21:44.000Z</time>
        <extensions>
          <ns3:TrackPointExtension>
            <ns3:hr>171</ns3:hr>
            <ns3:cad>88</ns3:cad>
          </ns3:TrackPointExtension>
        </extensions>
      </trkpt>
      <trkpt lat="45.69733821786940097808837890625" lon="126.59456069581210613250732421875">
        <ele>151.8000030517578125</ele>
        <time>2026-08-06T23:21:45.000Z</time>
        <extensions>
          <ns3:TrackPointExtension>
            <ns3:hr>172</ns3:hr>
            <ns3:cad>88</ns3:cad>
          </ns3:TrackPointExtension>
        </extensions>
      </trkpt>
      <trkpt lat="45.697317011654376983642578125" lon="126.59457318484783172607421875">
        <ele>151.600006103515625</ele>
        <time>2026-08-06T23:21:46.000Z</time>
        <extensions>
          <ns3:TrackPointExtension>
            <ns3:hr>173</ns3:hr>
            <ns3:cad>88</ns3:cad>
          </ns3:TrackPointExtension>
        </extensions>
      </trkpt>
      <trkpt lat="45.69729194976389408111572265625" lon="126.5945897810161113739013671875">
        <ele>151.399993896484375</ele>
        <time>2026-08-06T23:21:47.000Z</time>
        <extensions>
          <ns3:TrackPointExtension>
            <ns3:hr>173</ns3:hr>
            <ns3:cad>88</ns3:cad>
          </ns3:TrackPointExtension>
        </extensions>
      </trkpt>
      <trkpt lat="45.6972662173211574554443359375" lon="126.59460361115634441375732421875">
        <ele>151.399993896484375</ele>
        <time>2026-08-06T23:21:48.000Z</time>
        <extensions>
          <ns3:TrackPointExtension>
            <ns3:hr>173</ns3:hr>
            <ns3:cad>88</ns3:cad>
          </ns3:TrackPointExtension>
        </extensions>
      </trkpt>
      <trkpt lat="45.69724635221064090728759765625" lon="126.59462322480976581573486328125">
        <ele>151.1999969482421875</ele>
        <time>2026-08-06T23:21:49.000Z</time>
        <extensions>
          <ns3:TrackPointExtension>
            <ns3:hr>172</ns3:hr>
            <ns3:cad>88</ns3:cad>
          </ns3:TrackPointExtension>
        </extensions>
      </trkpt>
      <trkpt lat="45.69722254760563373565673828125" lon="126.59463697113096714019775390625">
        <ele>151</ele>
        <time>2026-08-06T23:21:50.000Z</time>
        <extensions>
          <ns3:TrackPointExtension>
            <ns3:hr>172</ns3:hr>
            <ns3:cad>87</ns3:cad>
          </ns3:TrackPointExtension>
        </extensions>
      </trkpt>
      <trkpt lat="45.69720092229545116424560546875" lon="126.59464895725250244140625">
        <ele>150.8000030517578125</ele>
        <time>2026-08-06T23:21:51.000Z</time>
        <extensions>
          <ns3:TrackPointExtension>
            <ns3:hr>172</ns3:hr>
            <ns3:cad>86</ns3:cad>
          </ns3:TrackPointExtension>
        </extensions>
      </trkpt>
      <trkpt lat="45.6971750222146511077880859375" lon="126.59466035664081573486328125">
        <ele>150.600006103515625</ele>
        <time>2026-08-06T23:21:52.000Z</time>
        <extensions>
          <ns3:TrackPointExtension>
            <ns3:hr>172</ns3:hr>
            <ns3:cad>86</ns3:cad>
          </ns3:TrackPointExtension>
        </extensions>
      </trkpt>
      <trkpt lat="45.697153396904468536376953125" lon="126.59467108547687530517578125">
        <ele>150.399993896484375</ele>
        <time>2026-08-06T23:21:53.000Z</time>
        <extensions>
          <ns3:TrackPointExtension>
            <ns3:hr>172</ns3:hr>
            <ns3:cad>87</ns3:cad>
          </ns3:TrackPointExtension>
        </extensions>
      </trkpt>
      <trkpt lat="45.69712691009044647216796875" lon="126.59468692727386951446533203125">
        <ele>150.1999969482421875</ele>
        <time>2026-08-06T23:21:54.000Z</time>
        <extensions>
          <ns3:TrackPointExtension>
            <ns3:hr>172</ns3:hr>
            <ns3:cad>87</ns3:cad>
          </ns3:TrackPointExtension>
        </extensions>
      </trkpt>
      <trkpt lat="45.69710545241832733154296875" lon="126.5946990810334682464599609375">
        <ele>150</ele>
        <time>2026-08-06T23:21:55.000Z</time>
        <extensions>
          <ns3:TrackPointExtension>
            <ns3:hr>172</ns3:hr>
            <ns3:cad>87</ns3:cad>
          </ns3:TrackPointExtension>
        </extensions>
      </trkpt>
      <trkpt lat="45.6970752775669097900390625" lon="126.59471894614398479461669921875">
        <ele>150</ele>
        <time>2026-08-06T23:21:56.000Z</time>
        <extensions>
          <ns3:TrackPointExtension>
            <ns3:hr>172</ns3:hr>
            <ns3:cad>87</ns3:cad>
          </ns3:TrackPointExtension>
        </extensions>
      </trkpt>
      <trkpt lat="45.69705021567642688751220703125" lon="126.5947309322655200958251953125">
        <ele>149.8000030517578125</ele>
        <time>2026-08-06T23:21:57.000Z</time>
        <extensions>
          <ns3:TrackPointExtension>
            <ns3:hr>172</ns3:hr>
            <ns3:cad>87</ns3:cad>
          </ns3:TrackPointExtension>
        </extensions>
      </trkpt>
      <trkpt lat="45.69702607579529285430908203125" lon="126.59475146792829036712646484375">
        <ele>149.8000030517578125</ele>
        <time>2026-08-06T23:21:58.000Z</time>
        <extensions>
          <ns3:TrackPointExtension>
            <ns3:hr>172</ns3:hr>
            <ns3:cad>87</ns3:cad>
          </ns3:TrackPointExtension>
        </extensions>
      </trkpt>
      <trkpt lat="45.69699925370514392852783203125" lon="126.5947671420872211456298828125">
        <ele>149.600006103515625</ele>
        <time>2026-08-06T23:21:59.000Z</time>
        <extensions>
          <ns3:TrackPointExtension>
            <ns3:hr>172</ns3:hr>
            <ns3:cad>88</ns3:cad>
          </ns3:TrackPointExtension>
        </extensions>
      </trkpt>
      <trkpt lat="45.6969802267849445343017578125" lon="126.59478784538805484771728515625">
        <ele>149.399993896484375</ele>
        <time>2026-08-06T23:22:00.000Z</time>
        <extensions>
          <ns3:TrackPointExtension>
            <ns3:hr>173</ns3:hr>
            <ns3:cad>88</ns3:cad>
          </ns3:TrackPointExtension>
        </extensions>
      </trkpt>
      <trkpt lat="45.69695432670414447784423828125" lon="126.59480393864214420318603515625">
        <ele>149.1999969482421875</ele>
        <time>2026-08-06T23:22:01.000Z</time>
        <extensions>
          <ns3:TrackPointExtension>
            <ns3:hr>173</ns3:hr>
            <ns3:cad>88</ns3:cad>
          </ns3:TrackPointExtension>
        </extensions>
      </trkpt>
      <trkpt lat="45.69693789817392826080322265625" lon="126.59481919370591640472412109375">
        <ele>149</ele>
        <time>2026-08-06T23:22:02.000Z</time>
        <extensions>
          <ns3:TrackPointExtension>
            <ns3:hr>173</ns3:hr>
            <ns3:cad>87</ns3:cad>
          </ns3:TrackPointExtension>
        </extensions>
      </trkpt>
      <trkpt lat="45.69691744633018970489501953125" lon="126.5948405675590038299560546875">
        <ele>148.8000030517578125</ele>
        <time>2026-08-06T23:22:03.000Z</time>
        <extensions>
          <ns3:TrackPointExtension>
            <ns3:hr>174</ns3:hr>
            <ns3:cad>87</ns3:cad>
          </ns3:TrackPointExtension>
        </extensions>
      </trkpt>
      <trkpt lat="45.6969034485518932342529296875" lon="126.59486177377402782440185546875">
        <ele>148.600006103515625</ele>
        <time>2026-08-06T23:22:04.000Z</time>
        <extensions>
          <ns3:TrackPointExtension>
            <ns3:hr>174</ns3:hr>
            <ns3:cad>86</ns3:cad>
          </ns3:TrackPointExtension>
        </extensions>
      </trkpt>
      <trkpt lat="45.69688458926975727081298828125" lon="126.59488809294998645782470703125">
        <ele>148.399993896484375</ele>
        <time>2026-08-06T23:22:05.000Z</time>
        <extensions>
          <ns3:TrackPointExtension>
            <ns3:hr>174</ns3:hr>
            <ns3:cad>86</ns3:cad>
          </ns3:TrackPointExtension>
        </extensions>
      </trkpt>
      <trkpt lat="45.6968665681779384613037109375" lon="126.59490804187953472137451171875">
        <ele>148</ele>
        <time>2026-08-06T23:22:06.000Z</time>
        <extensions>
          <ns3:TrackPointExtension>
            <ns3:hr>174</ns3:hr>
            <ns3:cad>86</ns3:cad>
          </ns3:TrackPointExtension>
        </extensions>
      </trkpt>
      <trkpt lat="45.69685189984738826751708984375" lon="126.59493000246584415435791015625">
        <ele>147.8000030517578125</ele>
        <time>2026-08-06T23:22:07.000Z</time>
        <extensions>
          <ns3:TrackPointExtension>
            <ns3:hr>174</ns3:hr>
            <ns3:cad>86</ns3:cad>
          </ns3:TrackPointExtension>
        </extensions>
      </trkpt>
      <trkpt lat="45.6968390755355358123779296875" lon="126.59496151842176914215087890625">
        <ele>147.600006103515625</ele>
        <time>2026-08-06T23:22:08.000Z</time>
        <extensions>
          <ns3:TrackPointExtension>
            <ns3:hr>174</ns3:hr>
            <ns3:cad>85</ns3:cad>
          </ns3:TrackPointExtension>
        </extensions>
      </trkpt>
      <trkpt lat="45.6968310289084911346435546875" lon="126.59498482011258602142333984375">
        <ele>147.8000030517578125</ele>
        <time>2026-08-06T23:22:09.000Z</time>
        <extensions>
          <ns3:TrackPointExtension>
            <ns3:hr>174</ns3:hr>
            <ns3:cad>84</ns3:cad>
          </ns3:TrackPointExtension>
        </extensions>
      </trkpt>
      <trkpt lat="45.696820132434368133544921875" lon="126.59501566551625728607177734375">
        <ele>148</ele>
        <time>2026-08-06T23:22:10.000Z</time>
        <extensions>
          <ns3:TrackPointExtension>
            <ns3:hr>174</ns3:hr>
            <ns3:cad>84</ns3:cad>
          </ns3:TrackPointExtension>
        </extensions>
      </trkpt>
      <trkpt lat="45.69681116379797458648681640625" lon="126.595048941671848297119140625">
        <ele>148</ele>
        <time>2026-08-06T23:22:11.000Z</time>
        <extensions>
          <ns3:TrackPointExtension>
            <ns3:hr>174</ns3:hr>
            <ns3:cad>84</ns3:cad>
          </ns3:TrackPointExtension>
        </extensions>
      </trkpt>
      <trkpt lat="45.69679808802902698516845703125" lon="126.59507534466683864593505859375">
        <ele>148.1999969482421875</ele>
        <time>2026-08-06T23:22:12.000Z</time>
        <extensions>
          <ns3:TrackPointExtension>
            <ns3:hr>173</ns3:hr>
            <ns3:cad>84</ns3:cad>
          </ns3:TrackPointExtension>
        </extensions>
      </trkpt>
      <trkpt lat="45.6967817433178424835205078125" lon="126.595111303031444549560546875">
        <ele>148.399993896484375</ele>
        <time>2026-08-06T23:22:13.000Z</time>
        <extensions>
          <ns3:TrackPointExtension>
            <ns3:hr>173</ns3:hr>
            <ns3:cad>84</ns3:cad>
          </ns3:TrackPointExtension>
        </extensions>
      </trkpt>
      <trkpt lat="45.69677151739597320556640625" lon="126.5951356105506420135498046875">
        <ele>148.399993896484375</ele>
        <time>2026-08-06T23:22:14.000Z</time>
        <extensions>
          <ns3:TrackPointExtension>
            <ns3:hr>173</ns3:hr>
            <ns3:cad>84</ns3:cad>
          </ns3:TrackPointExtension>
        </extensions>
      </trkpt>
      <trkpt lat="45.69675634615123271942138671875" lon="126.59517240710556507110595703125">
        <ele>148.399993896484375</ele>
        <time>2026-08-06T23:22:15.000Z</time>
        <extensions>
          <ns3:TrackPointExtension>
            <ns3:hr>173</ns3:hr>
            <ns3:cad>84</ns3:cad>
          </ns3:TrackPointExtension>
        </extensions>
      </trkpt>
      <trkpt lat="45.696743018925189971923828125" lon="126.5951947867870330810546875">
        <ele>148.399993896484375</ele>
        <time>2026-08-06T23:22:16.000Z</time>
        <extensions>
          <ns3:TrackPointExtension>
            <ns3:hr>173</ns3:hr>
            <ns3:cad>85</ns3:cad>
          </ns3:TrackPointExtension>
        </extensions>
      </trkpt>
      <trkpt lat="45.69672851823270320892333984375" lon="126.595226638019084930419921875">
        <ele>148.399993896484375</ele>
        <time>2026-08-06T23:22:17.000Z</time>
        <extensions>
          <ns3:TrackPointExtension>
            <ns3:hr>173</ns3:hr>
            <ns3:cad>86</ns3:cad>
          </ns3:TrackPointExtension>
        </extensions>
      </trkpt>
      <trkpt lat="45.69671376608312129974365234375" lon="126.59525421448051929473876953125">
        <ele>148.399993896484375</ele>
        <time>2026-08-06T23:22:18.000Z</time>
        <extensions>
          <ns3:TrackPointExtension>
            <ns3:hr>173</ns3:hr>
            <ns3:cad>86</ns3:cad>
          </ns3:TrackPointExtension>
        </extensions>
      </trkpt>
      <trkpt lat="45.696701109409332275390625" lon="126.595288999378681182861328125">
        <ele>148.600006103515625</ele>
        <time>2026-08-06T23:22:19.000Z</time>
        <extensions>
          <ns3:TrackPointExtension>
            <ns3:hr>174</ns3:hr>
            <ns3:cad>86</ns3:cad>
          </ns3:TrackPointExtension>
        </extensions>
      </trkpt>
      <trkpt lat="45.69668459706008434295654296875" lon="126.5953262150287628173828125">
        <ele>148.399993896484375</ele>
        <time>2026-08-06T23:22:20.000Z</time>
        <extensions>
          <ns3:TrackPointExtension>
            <ns3:hr>173</ns3:hr>
            <ns3:cad>87</ns3:cad>
          </ns3:TrackPointExtension>
        </extensions>
      </trkpt>
      <trkpt lat="45.69667085073888301849365234375" lon="126.59535613842308521270751953125">
        <ele>148.399993896484375</ele>
        <time>2026-08-06T23:22:21.000Z</time>
        <extensions>
          <ns3:TrackPointExtension>
            <ns3:hr>173</ns3:hr>
            <ns3:cad>87</ns3:cad>
          </ns3:TrackPointExtension>
        </extensions>
      </trkpt>
      <trkpt lat="45.69665350019931793212890625" lon="126.5953914262354373931884765625">
        <ele>148.399993896484375</ele>
        <time>2026-08-06T23:22:22.000Z</time>
        <extensions>
          <ns3:TrackPointExtension>
            <ns3:hr>173</ns3:hr>
            <ns3:cad>87</ns3:cad>
          </ns3:TrackPointExtension>
        </extensions>
      </trkpt>
      <trkpt lat="45.6966389156877994537353515625" lon="126.59541967324912548065185546875">
        <ele>148.1999969482421875</ele>
        <time>2026-08-06T23:22:23.000Z</time>
        <extensions>
          <ns3:TrackPointExtension>
            <ns3:hr>173</ns3:hr>
            <ns3:cad>87</ns3:cad>
          </ns3:TrackPointExtension>
        </extensions>
      </trkpt>
      <trkpt lat="45.69661804474890232086181640625" lon="126.5954521112143993377685546875">
        <ele>148</ele>
        <time>2026-08-06T23:22:24.000Z</time>
        <extensions>
          <ns3:TrackPointExtension>
            <ns3:hr>173</ns3:hr>
            <ns3:cad>87</ns3:cad>
          </ns3:TrackPointExtension>
        </extensions>
      </trkpt>
      <trkpt lat="45.6966053880751132965087890625" lon="126.595477759838104248046875">
        <ele>148</ele>
        <time>2026-08-06T23:22:25.000Z</time>
        <extensions>
          <ns3:TrackPointExtension>
            <ns3:hr>174</ns3:hr>
            <ns3:cad>87</ns3:cad>
          </ns3:TrackPointExtension>
        </extensions>
      </trkpt>
      <trkpt lat="45.696583092212677001953125" lon="126.59550818614661693572998046875">
        <ele>148</ele>
        <time>2026-08-06T23:22:26.000Z</time>
        <extensions>
          <ns3:TrackPointExtension>
            <ns3:hr>173</ns3:hr>
            <ns3:cad>87</ns3:cad>
          </ns3:TrackPointExtension>
        </extensions>
      </trkpt>
      <trkpt lat="45.69656322710216045379638671875" lon="126.59553266130387783050537109375">
        <ele>147.8000030517578125</ele>
        <time>2026-08-06T23:22:27.000Z</time>
        <extensions>
          <ns3:TrackPointExtension>
            <ns3:hr>173</ns3:hr>
            <ns3:cad>86</ns3:cad>
          </ns3:TrackPointExtension>
        </extensions>
      </trkpt>
      <trkpt lat="45.69654218852519989013671875" lon="126.59555755555629730224609375">
        <ele>148</ele>
        <time>2026-08-06T23:22:28.000Z</time>
        <extensions>
          <ns3:TrackPointExtension>
            <ns3:hr>173</ns3:hr>
            <ns3:cad>86</ns3:cad>
          </ns3:TrackPointExtension>
        </extensions>
      </trkpt>
      <trkpt lat="45.69652852602303028106689453125" lon="126.5955909155309200286865234375">
        <ele>148.399993896484375</ele>
        <time>2026-08-06T23:22:29.000Z</time>
        <extensions>
          <ns3:TrackPointExtension>
            <ns3:hr>173</ns3:hr>
            <ns3:cad>86</ns3:cad>
          </ns3:TrackPointExtension>
        </extensions>
      </trkpt>
      <trkpt lat="45.69652249105274677276611328125" lon="126.59562000073492527008056640625">
        <ele>148.8000030517578125</ele>
        <time>2026-08-06T23:22:30.000Z</time>
        <extensions>
          <ns3:TrackPointExtension>
            <ns3:hr>173</ns3:hr>
            <ns3:cad>87</ns3:cad>
          </ns3:TrackPointExtension>
        </extensions>
      </trkpt>
      <trkpt lat="45.6965242512524127960205078125" lon="126.595660150051116943359375">
        <ele>149.1999969482421875</ele>
        <time>2026-08-06T23:22:31.000Z</time>
        <extensions>
          <ns3:TrackPointExtension>
            <ns3:hr>173</ns3:hr>
            <ns3:cad>87</ns3:cad>
          </ns3:TrackPointExtension>
        </extensions>
      </trkpt>
      <trkpt lat="45.69653808139264583587646484375" lon="126.59567649476230144500732421875">
        <ele>149.8000030517578125</ele>
        <time>2026-08-06T23:22:32.000Z</time>
        <extensions>
          <ns3:TrackPointExtension>
            <ns3:hr>173</ns3:hr>
            <ns3:cad>86</ns3:cad>
          </ns3:TrackPointExtension>
        </extensions>
      </trkpt>
      <trkpt lat="45.69656607694923877716064453125" lon="126.595696695148944854736328125">
        <ele>150.1999969482421875</ele>
        <time>2026-08-06T23:22:33.000Z</time>
        <extensions>
          <ns3:TrackPointExtension>
            <ns3:hr>173</ns3:hr>
            <ns3:cad>86</ns3:cad>
          </ns3:TrackPointExtension>
        </extensions>
      </trkpt>
      <trkpt lat="45.69658510386943817138671875" lon="126.59570834599435329437255859375">
        <ele>150.1999969482421875</ele>
        <time>2026-08-06T23:22:34.000Z</time>
        <extensions>
          <ns3:TrackPointExtension>
            <ns3:hr>174</ns3:hr>
            <ns3:cad>86</ns3:cad>
          </ns3:TrackPointExtension>
        </extensions>
      </trkpt>
      <trkpt lat="45.69661620073020458221435546875" lon="126.595719158649444580078125">
        <ele>150.399993896484375</ele>
        <time>2026-08-06T23:22:35.000Z</time>
        <extensions>
          <ns3:TrackPointExtension>
            <ns3:hr>173</ns3:hr>
            <ns3:cad>84</ns3:cad>
          </ns3:TrackPointExtension>
        </extensions>
      </trkpt>
      <trkpt lat="45.696637071669101715087890625" lon="126.5957243554294109344482421875">
        <ele>150.399993896484375</ele>
        <time>2026-08-06T23:22:36.000Z</time>
        <extensions>
          <ns3:TrackPointExtension>
            <ns3:hr>174</ns3:hr>
            <ns3:cad>84</ns3:cad>
          </ns3:TrackPointExtension>
        </extensions>
      </trkpt>
      <trkpt lat="45.6966637261211872100830078125" lon="126.59572561271488666534423828125">
        <ele>150.600006103515625</ele>
        <time>2026-08-06T23:22:37.000Z</time>
        <extensions>
          <ns3:TrackPointExtension>
            <ns3:hr>174</ns3:hr>
            <ns3:cad>84</ns3:cad>
          </ns3:TrackPointExtension>
        </extensions>
      </trkpt>
      <trkpt lat="45.69668979384005069732666015625" lon="126.59572863020002841949462890625">
        <ele>150.600006103515625</ele>
        <time>2026-08-06T23:22:38.000Z</time>
        <extensions>
          <ns3:TrackPointExtension>
            <ns3:hr>174</ns3:hr>
            <ns3:cad>85</ns3:cad>
          </ns3:TrackPointExtension>
        </extensions>
      </trkpt>
      <trkpt lat="45.696711502969264984130859375" lon="126.59572930075228214263916015625">
        <ele>150.600006103515625</ele>
        <time>2026-08-06T23:22:39.000Z</time>
        <extensions>
          <ns3:TrackPointExtension>
            <ns3:hr>175</ns3:hr>
            <ns3:cad>86</ns3:cad>
          </ns3:TrackPointExtension>
        </extensions>
      </trkpt>
      <trkpt lat="45.69674209691584110260009765625" lon="126.595728211104869842529296875">
        <ele>150.600006103515625</ele>
        <time>2026-08-06T23:22:40.000Z</time>
        <extensions>
          <ns3:TrackPointExtension>
            <ns3:hr>175</ns3:hr>
            <ns3:cad>86</ns3:cad>
          </ns3:TrackPointExtension>
        </extensions>
      </trkpt>
      <trkpt lat="45.69676070474088191986083984375" lon="126.59572561271488666534423828125">
        <ele>150.8000030517578125</ele>
        <time>2026-08-06T23:22:41.000Z</time>
        <extensions>
          <ns3:TrackPointExtension>
            <ns3:hr>176</ns3:hr>
            <ns3:cad>86</ns3:cad>
          </ns3:TrackPointExtension>
        </extensions>
      </trkpt>
      <trkpt lat="45.6967918016016483306884765625" lon="126.59573097713291645050048828125">
        <ele>151</ele>
        <time>2026-08-06T23:22:42.000Z</time>
        <extensions>
          <ns3:TrackPointExtension>
            <ns3:hr>176</ns3:hr>
            <ns3:cad>86</ns3:cad>
          </ns3:TrackPointExtension>
        </extensions>
      </trkpt>
      <trkpt lat="45.69681250490248203277587890625" lon="126.59573533572256565093994140625">
        <ele>151.1999969482421875</ele>
        <time>2026-08-06T23:22:43.000Z</time>
        <extensions>
          <ns3:TrackPointExtension>
            <ns3:hr>177</ns3:hr>
            <ns3:cad>86</ns3:cad>
          </ns3:TrackPointExtension>
        </extensions>
      </trkpt>
      <trkpt lat="45.696838237345218658447265625" lon="126.5957411192357540130615234375">
        <ele>151.399993896484375</ele>
        <time>2026-08-06T23:22:44.000Z</time>
        <extensions>
          <ns3:TrackPointExtension>
            <ns3:hr>178</ns3:hr>
            <ns3:cad>86</ns3:cad>
          </ns3:TrackPointExtension>
        </extensions>
      </trkpt>
      <trkpt lat="45.6968593597412109375" lon="126.59574941731989383697509765625">
        <ele>151.399993896484375</ele>
        <time>2026-08-06T23:22:45.000Z</time>
        <extensions>
          <ns3:TrackPointExtension>
            <ns3:hr>178</ns3:hr>
            <ns3:cad>86</ns3:cad>
          </ns3:TrackPointExtension>
        </extensions>
      </trkpt>
      <trkpt lat="45.69688106887042522430419921875" lon="126.595750339329242706298828125">
        <ele>151.600006103515625</ele>
        <time>2026-08-06T23:22:46.000Z</time>
        <extensions>
          <ns3:TrackPointExtension>
            <ns3:hr>179</ns3:hr>
            <ns3:cad>86</ns3:cad>
          </ns3:TrackPointExtension>
        </extensions>
      </trkpt>
      <trkpt lat="45.696908645331859588623046875" lon="126.595756709575653076171875">
        <ele>151.600006103515625</ele>
        <time>2026-08-06T23:22:47.000Z</time>
        <extensions>
          <ns3:TrackPointExtension>
            <ns3:hr>180</ns3:hr>
            <ns3:cad>86</ns3:cad>
          </ns3:TrackPointExtension>
        </extensions>
      </trkpt>
      <trkpt lat="45.69692867808043956756591796875" lon="126.59575612284243106842041015625">
        <ele>151.600006103515625</ele>
        <time>2026-08-06T23:22:48.000Z</time>
        <extensions>
          <ns3:TrackPointExtension>
            <ns3:hr>180</ns3:hr>
            <ns3:cad>86</ns3:cad>
          </ns3:TrackPointExtension>
        </extensions>
      </trkpt>
      <trkpt lat="45.69695935584604740142822265625" lon="126.59576140344142913818359375">
        <ele>151.8000030517578125</ele>
        <time>2026-08-06T23:22:49.000Z</time>
        <extensions>
          <ns3:TrackPointExtension>
            <ns3:hr>181</ns3:hr>
            <ns3:cad>86</ns3:cad>
          </ns3:TrackPointExtension>
        </extensions>
      </trkpt>
      <trkpt lat="45.69698265753686428070068359375" lon="126.5957682766020298004150390625">
        <ele>151.8000030517578125</ele>
        <time>2026-08-06T23:22:50.000Z</time>
        <extensions>
          <ns3:TrackPointExtension>
            <ns3:hr>181</ns3:hr>
            <ns3:cad>86</ns3:cad>
          </ns3:TrackPointExtension>
        </extensions>
      </trkpt>
      <trkpt lat="45.6970090605318546295166015625" lon="126.5957719646394252777099609375">
        <ele>152</ele>
        <time>2026-08-06T23:22:51.000Z</time>
        <extensions>
          <ns3:TrackPointExtension>
            <ns3:hr>182</ns3:hr>
            <ns3:cad>86</ns3:cad>
          </ns3:TrackPointExtension>
        </extensions>
      </trkpt>
      <trkpt lat="45.6970296800136566162109375" lon="126.5957701206207275390625">
        <ele>152</ele>
        <time>2026-08-06T23:22:52.000Z</time>
        <extensions>
          <ns3:TrackPointExtension>
            <ns3:hr>182</ns3:hr>
            <ns3:cad>86</ns3:cad>
          </ns3:TrackPointExtension>
        </extensions>
      </trkpt>
      <trkpt lat="45.69704904220998287200927734375" lon="126.5957669354975223541259765625">
        <ele>151.8000030517578125</ele>
        <time>2026-08-06T23:22:53.000Z</time>
        <extensions>
          <ns3:TrackPointExtension>
            <ns3:hr>183</ns3:hr>
            <ns3:cad>87</ns3:cad>
          </ns3:TrackPointExtension>
        </extensions>
      </trkpt>
      <trkpt lat="45.69707594811916351318359375" lon="126.5957729704678058624267578125">
        <ele>151.8000030517578125</ele>
        <time>2026-08-06T23:22:54.000Z</time>
        <extensions>
          <ns3:TrackPointExtension>
            <ns3:hr>183</ns3:hr>
            <ns3:cad>87</ns3:cad>
          </ns3:TrackPointExtension>
        </extensions>
      </trkpt>
      <trkpt lat="45.69709916599094867706298828125" lon="126.5957746468484401702880859375">
        <ele>151.600006103515625</ele>
        <time>2026-08-06T23:22:55.000Z</time>
        <extensions>
          <ns3:TrackPointExtension>
            <ns3:hr>182</ns3:hr>
            <ns3:cad>87</ns3:cad>
          </ns3:TrackPointExtension>
        </extensions>
      </trkpt>
      <trkpt lat="45.69712020456790924072265625" lon="126.595796607434749603271484375">
        <ele>151.399993896484375</ele>
        <time>2026-08-06T23:22:56.000Z</time>
        <extensions>
          <ns3:TrackPointExtension>
            <ns3:hr>182</ns3:hr>
            <ns3:cad>87</ns3:cad>
          </ns3:TrackPointExtension>
        </extensions>
      </trkpt>
      <trkpt lat="45.69713269360363483428955078125" lon="126.5958202444016933441162109375">
        <ele>151.399993896484375</ele>
        <time>2026-08-06T23:22:57.000Z</time>
        <extensions>
          <ns3:TrackPointExtension>
            <ns3:hr>181</ns3:hr>
            <ns3:cad>87</ns3:cad>
          </ns3:TrackPointExtension>
        </extensions>
      </trkpt>
      <trkpt lat="45.6971512176096439361572265625" lon="126.59585201181471347808837890625">
        <ele>151.399993896484375</ele>
        <time>2026-08-06T23:22:58.000Z</time>
        <extensions>
          <ns3:TrackPointExtension>
            <ns3:hr>178</ns3:hr>
            <ns3:cad>87</ns3:cad>
          </ns3:TrackPointExtension>
        </extensions>
      </trkpt>
      <trkpt lat="45.69715884514153003692626953125" lon="126.59587866626679897308349609375">
        <ele>151.600006103515625</ele>
        <time>2026-08-06T23:22:59.000Z</time>
        <extensions>
          <ns3:TrackPointExtension>
            <ns3:hr>176</ns3:hr>
            <ns3:cad>86</ns3:cad>
          </ns3:TrackPointExtension>
        </extensions>
      </trkpt>
      <trkpt lat="45.69716446101665496826171875" lon="126.5959131158888339996337890625">
        <ele>151.600006103515625</ele>
        <time>2026-08-06T23:23:00.000Z</time>
        <extensions>
          <ns3:TrackPointExtension>
            <ns3:hr>175</ns3:hr>
            <ns3:cad>86</ns3:cad>
          </ns3:TrackPointExtension>
        </extensions>
      </trkpt>
      <trkpt lat="45.69716337136924266815185546875" lon="126.59595443867146968841552734375">
        <ele>151.8000030517578125</ele>
        <time>2026-08-06T23:23:01.000Z</time>
        <extensions>
          <ns3:TrackPointExtension>
            <ns3:hr>175</ns3:hr>
            <ns3:cad>86</ns3:cad>
          </ns3:TrackPointExtension>
        </extensions>
      </trkpt>
      <trkpt lat="45.6971664726734161376953125" lon="126.595987379550933837890625">
        <ele>152</ele>
        <time>2026-08-06T23:23:02.000Z</time>
        <extensions>
          <ns3:TrackPointExtension>
            <ns3:hr>175</ns3:hr>
            <ns3:cad>86</ns3:cad>
          </ns3:TrackPointExtension>
        </extensions>
      </trkpt>
      <trkpt lat="45.6971649639308452606201171875" lon="126.59603121690452098846435546875">
        <ele>152</ele>
        <time>2026-08-06T23:23:03.000Z</time>
        <extensions>
          <ns3:TrackPointExtension>
            <ns3:hr>175</ns3:hr>
            <ns3:cad>86</ns3:cad>
          </ns3:TrackPointExtension>
        </extensions>
      </trkpt>
      <trkpt lat="45.69716446101665496826171875" lon="126.596062816679477691650390625">
        <ele>152</ele>
        <time>2026-08-06T23:23:04.000Z</time>
        <extensions>
          <ns3:TrackPointExtension>
            <ns3:hr>174</ns3:hr>
            <ns3:cad>86</ns3:cad>
          </ns3:TrackPointExtension>
        </extensions>
      </trkpt>
      <trkpt lat="45.69716504774987697601318359375" lon="126.5961018763482570648193359375">
        <ele>152</ele>
        <time>2026-08-06T23:23:05.000Z</time>
        <extensions>
          <ns3:TrackPointExtension>
            <ns3:hr>174</ns3:hr>
            <ns3:cad>86</ns3:cad>
          </ns3:TrackPointExtension>
        </extensions>
      </trkpt>
      <trkpt lat="45.6971703283488750457763671875" lon="126.59613816998898983001708984375">
        <ele>152</ele>
        <time>2026-08-06T23:23:06.000Z</time>
        <extensions>
          <ns3:TrackPointExtension>
            <ns3:hr>174</ns3:hr>
            <ns3:cad>86</ns3:cad>
          </ns3:TrackPointExtension>
        </extensions>
      </trkpt>
      <trkpt lat="45.6971763633191585540771484375" lon="126.5961657464504241943359375">
        <ele>152</ele>
        <time>2026-08-06T23:23:07.000Z</time>
        <extensions>
          <ns3:TrackPointExtension>
            <ns3:hr>174</ns3:hr>
            <ns3:cad>86</ns3:cad>
          </ns3:TrackPointExtension>
        </extensions>
      </trkpt>
      <trkpt lat="45.69718533195555210113525390625" lon="126.59620463848114013671875">
        <ele>152.1999969482421875</ele>
        <time>2026-08-06T23:23:08.000Z</time>
        <extensions>
          <ns3:TrackPointExtension>
            <ns3:hr>174</ns3:hr>
            <ns3:cad>86</ns3:cad>
          </ns3:TrackPointExtension>
        </extensions>
      </trkpt>
      <trkpt lat="45.697197653353214263916015625" lon="126.596230454742908477783203125">
        <ele>152.1999969482421875</ele>
        <time>2026-08-06T23:23:09.000Z</time>
        <extensions>
          <ns3:TrackPointExtension>
            <ns3:hr>175</ns3:hr>
            <ns3:cad>85</ns3:cad>
          </ns3:TrackPointExtension>
        </extensions>
      </trkpt>
      <trkpt lat="45.69720913656055927276611328125" lon="126.596265323460102081298828125">
        <ele>152.399993896484375</ele>
        <time>2026-08-06T23:23:10.000Z</time>
        <extensions>
          <ns3:TrackPointExtension>
            <ns3:hr>175</ns3:hr>
            <ns3:cad>85</ns3:cad>
          </ns3:TrackPointExtension>
        </extensions>
      </trkpt>
      <trkpt lat="45.69722087122499942779541015625" lon="126.5962837636470794677734375">
        <ele>152.600006103515625</ele>
        <time>2026-08-06T23:23:11.000Z</time>
        <extensions>
          <ns3:TrackPointExtension>
            <ns3:hr>175</ns3:hr>
            <ns3:cad>86</ns3:cad>
          </ns3:TrackPointExtension>
        </extensions>
      </trkpt>
      <trkpt lat="45.69723411463201045989990234375" lon="126.5963131003081798553466796875">
        <ele>152.600006103515625</ele>
        <time>2026-08-06T23:23:12.000Z</time>
        <extensions>
          <ns3:TrackPointExtension>
            <ns3:hr>175</ns3:hr>
            <ns3:cad>86</ns3:cad>
          </ns3:TrackPointExtension>
        </extensions>
      </trkpt>
      <trkpt lat="45.69725205190479755401611328125" lon="126.59633598290383815765380859375">
        <ele>152.8000030517578125</ele>
        <time>2026-08-06T23:23:13.000Z</time>
        <extensions>
          <ns3:TrackPointExtension>
            <ns3:hr>174</ns3:hr>
            <ns3:cad>86</ns3:cad>
          </ns3:TrackPointExtension>
        </extensions>
      </trkpt>
      <trkpt lat="45.69727619178593158721923828125" lon="126.59634654410183429718017578125">
        <ele>153</ele>
        <time>2026-08-06T23:23:14.000Z</time>
        <extensions>
          <ns3:TrackPointExtension>
            <ns3:hr>174</ns3:hr>
            <ns3:cad>85</ns3:cad>
          </ns3:TrackPointExtension>
        </extensions>
      </trkpt>
      <trkpt lat="45.69729597307741641998291015625" lon="126.5963603742420673370361328125">
        <ele>153</ele>
        <time>2026-08-06T23:23:15.000Z</time>
        <extensions>
          <ns3:TrackPointExtension>
            <ns3:hr>174</ns3:hr>
            <ns3:cad>84</ns3:cad>
          </ns3:TrackPointExtension>
        </extensions>
      </trkpt>
      <trkpt lat="45.69731726311147212982177734375" lon="126.5963647328317165374755859375">
        <ele>153</ele>
        <time>2026-08-06T23:23:16.000Z</time>
        <extensions>
          <ns3:TrackPointExtension>
            <ns3:hr>175</ns3:hr>
            <ns3:cad>84</ns3:cad>
          </ns3:TrackPointExtension>
        </extensions>
      </trkpt>
      <trkpt lat="45.6973389722406864166259765625" lon="126.59637303091585636138916015625">
        <ele>153</ele>
        <time>2026-08-06T23:23:17.000Z</time>
        <extensions>
          <ns3:TrackPointExtension>
            <ns3:hr>175</ns3:hr>
            <ns3:cad>85</ns3:cad>
          </ns3:TrackPointExtension>
        </extensions>
      </trkpt>
      <trkpt lat="45.697359926998615264892578125" lon="126.59637688659131526947021484375">
        <ele>153</ele>
        <time>2026-08-06T23:23:18.000Z</time>
        <extensions>
          <ns3:TrackPointExtension>
            <ns3:hr>175</ns3:hr>
            <ns3:cad>85</ns3:cad>
          </ns3:TrackPointExtension>
        </extensions>
      </trkpt>
      <trkpt lat="45.6973828934133052825927734375" lon="126.596379987895488739013671875">
        <ele>153</ele>
        <time>2026-08-06T23:23:19.000Z</time>
        <extensions>
          <ns3:TrackPointExtension>
            <ns3:hr>175</ns3:hr>
            <ns3:cad>86</ns3:cad>
          </ns3:TrackPointExtension>
        </extensions>
      </trkpt>
      <trkpt lat="45.697403512895107269287109375" lon="126.59638627432286739349365234375">
        <ele>153</ele>
        <time>2026-08-06T23:23:20.000Z</time>
        <extensions>
          <ns3:TrackPointExtension>
            <ns3:hr>175</ns3:hr>
            <ns3:cad>87</ns3:cad>
          </ns3:TrackPointExtension>
        </extensions>
      </trkpt>
      <trkpt lat="45.69743092171847820281982421875" lon="126.5963923931121826171875">
        <ele>152.8000030517578125</ele>
        <time>2026-08-06T23:23:21.000Z</time>
        <extensions>
          <ns3:TrackPointExtension>
            <ns3:hr>175</ns3:hr>
            <ns3:cad>87</ns3:cad>
          </ns3:TrackPointExtension>
        </extensions>
      </trkpt>
      <trkpt lat="45.6974519602954387664794921875" lon="126.5964046306908130645751953125">
        <ele>153</ele>
        <time>2026-08-06T23:23:22.000Z</time>
        <extensions>
          <ns3:TrackPointExtension>
            <ns3:hr>175</ns3:hr>
            <ns3:cad>87</ns3:cad>
          </ns3:TrackPointExtension>
        </extensions>
      </trkpt>
      <trkpt lat="45.69747450761497020721435546875" lon="126.59641049802303314208984375">
        <ele>153</ele>
        <time>2026-08-06T23:23:23.000Z</time>
        <extensions>
          <ns3:TrackPointExtension>
            <ns3:hr>175</ns3:hr>
            <ns3:cad>86</ns3:cad>
          </ns3:TrackPointExtension>
        </extensions>
      </trkpt>
      <trkpt lat="45.697499401867389678955078125" lon="126.59641192294657230377197265625">
        <ele>153</ele>
        <time>2026-08-06T23:23:24.000Z</time>
        <extensions>
          <ns3:TrackPointExtension>
            <ns3:hr>175</ns3:hr>
            <ns3:cad>86</ns3:cad>
          </ns3:TrackPointExtension>
        </extensions>
      </trkpt>
      <trkpt lat="45.69752027280628681182861328125" lon="126.59641209058463573455810546875">
        <ele>153.1999969482421875</ele>
        <time>2026-08-06T23:23:25.000Z</time>
        <extensions>
          <ns3:TrackPointExtension>
            <ns3:hr>175</ns3:hr>
            <ns3:cad>87</ns3:cad>
          </ns3:TrackPointExtension>
        </extensions>
      </trkpt>
      <trkpt lat="45.6975485198199748992919921875" lon="126.596405804157257080078125">
        <ele>153.1999969482421875</ele>
        <time>2026-08-06T23:23:26.000Z</time>
        <extensions>
          <ns3:TrackPointExtension>
            <ns3:hr>175</ns3:hr>
            <ns3:cad>87</ns3:cad>
          </ns3:TrackPointExtension>
        </extensions>
      </trkpt>
      <trkpt lat="45.69757349789142608642578125" lon="126.5964022837579250335693359375">
        <ele>153.399993896484375</ele>
        <time>2026-08-06T23:23:27.000Z</time>
        <extensions>
          <ns3:TrackPointExtension>
            <ns3:hr>175</ns3:hr>
            <ns3:cad>87</ns3:cad>
          </ns3:TrackPointExtension>
        </extensions>
      </trkpt>
      <trkpt lat="45.69760576821863651275634765625" lon="126.59640354104340076446533203125">
        <ele>153.399993896484375</ele>
        <time>2026-08-06T23:23:28.000Z</time>
        <extensions>
          <ns3:TrackPointExtension>
            <ns3:hr>175</ns3:hr>
            <ns3:cad>87</ns3:cad>
          </ns3:TrackPointExtension>
        </extensions>
      </trkpt>
      <trkpt lat="45.69763175211846828460693359375" lon="126.59640639089047908782958984375">
        <ele>153.399993896484375</ele>
        <time>2026-08-06T23:23:29.000Z</time>
        <extensions>
          <ns3:TrackPointExtension>
            <ns3:hr>175</ns3:hr>
            <ns3:cad>87</ns3:cad>
          </ns3:TrackPointExtension>
        </extensions>
      </trkpt>
      <trkpt lat="45.69765958003699779510498046875" lon="126.59640789963304996490478515625">
        <ele>153.399993896484375</ele>
        <time>2026-08-06T23:23:30.000Z</time>
        <extensions>
          <ns3:TrackPointExtension>
            <ns3:hr>175</ns3:hr>
            <ns3:cad>87</ns3:cad>
          </ns3:TrackPointExtension>
        </extensions>
      </trkpt>
      <trkpt lat="45.6976826302707195281982421875" lon="126.5964125096797943115234375">
        <ele>153.399993896484375</ele>
        <time>2026-08-06T23:23:31.000Z</time>
        <extensions>
          <ns3:TrackPointExtension>
            <ns3:hr>175</ns3:hr>
            <ns3:cad>87</ns3:cad>
          </ns3:TrackPointExtension>
        </extensions>
      </trkpt>
      <trkpt lat="45.69770752452313899993896484375" lon="126.59641896374523639678955078125">
        <ele>153.399993896484375</ele>
        <time>2026-08-06T23:23:32.000Z</time>
        <extensions>
          <ns3:TrackPointExtension>
            <ns3:hr>175</ns3:hr>
            <ns3:cad>87</ns3:cad>
          </ns3:TrackPointExtension>
        </extensions>
      </trkpt>
      <trkpt lat="45.697732754051685333251953125" lon="126.59642432816326618194580078125">
        <ele>153.399993896484375</ele>
        <time>2026-08-06T23:23:33.000Z</time>
        <extensions>
          <ns3:TrackPointExtension>
            <ns3:hr>176</ns3:hr>
            <ns3:cad>87</ns3:cad>
          </ns3:TrackPointExtension>
        </extensions>
      </trkpt>
      <trkpt lat="45.69776058197021484375" lon="126.596428267657756805419921875">
        <ele>153.399993896484375</ele>
        <time>2026-08-06T23:23:34.000Z</time>
        <extensions>
          <ns3:TrackPointExtension>
            <ns3:hr>176</ns3:hr>
            <ns3:cad>87</ns3:cad>
          </ns3:TrackPointExtension>
        </extensions>
      </trkpt>
      <trkpt lat="45.69778815843164920806884765625" lon="126.59643329679965972900390625">
        <ele>153.399993896484375</ele>
        <time>2026-08-06T23:23:35.000Z</time>
        <extensions>
          <ns3:TrackPointExtension>
            <ns3:hr>176</ns3:hr>
            <ns3:cad>87</ns3:cad>
          </ns3:TrackPointExtension>
        </extensions>
      </trkpt>
      <trkpt lat="45.697813890874385833740234375" lon="126.59643505699932575225830078125">
        <ele>153.399993896484375</ele>
        <time>2026-08-06T23:23:36.000Z</time>
        <extensions>
          <ns3:TrackPointExtension>
            <ns3:hr>176</ns3:hr>
            <ns3:cad>87</ns3:cad>
          </ns3:TrackPointExtension>
        </extensions>
      </trkpt>
      <trkpt lat="45.697843395173549652099609375" lon="126.5964500606060028076171875">
        <ele>153.399993896484375</ele>
        <time>2026-08-06T23:23:37.000Z</time>
        <extensions>
          <ns3:TrackPointExtension>
            <ns3:hr>177</ns3:hr>
            <ns3:cad>86</ns3:cad>
          </ns3:TrackPointExtension>
        </extensions>
      </trkpt>
      <trkpt lat="45.69786895997822284698486328125" lon="126.596456430852413177490234375">
        <ele>153.399993896484375</ele>
        <time>2026-08-06T23:23:38.000Z</time>
        <extensions>
          <ns3:TrackPointExtension>
            <ns3:hr>176</ns3:hr>
            <ns3:cad>86</ns3:cad>
          </ns3:TrackPointExtension>
        </extensions>
      </trkpt>
      <trkpt lat="45.69789410568773746490478515625" lon="126.59646305255591869354248046875">
        <ele>153.399993896484375</ele>
        <time>2026-08-06T23:23:39.000Z</time>
        <extensions>
          <ns3:TrackPointExtension>
            <ns3:hr>176</ns3:hr>
            <ns3:cad>86</ns3:cad>
          </ns3:TrackPointExtension>
        </extensions>
      </trkpt>
      <trkpt lat="45.69791757501661777496337890625" lon="126.59647126682102680206298828125">
        <ele>153.1999969482421875</ele>
        <time>2026-08-06T23:23:40.000Z</time>
        <extensions>
          <ns3:TrackPointExtension>
            <ns3:hr>176</ns3:hr>
            <ns3:cad>86</ns3:cad>
          </ns3:TrackPointExtension>
        </extensions>
      </trkpt>
      <trkpt lat="45.69794355891644954681396484375" lon="126.59647143445909023284912109375">
        <ele>153</ele>
        <time>2026-08-06T23:23:41.000Z</time>
        <extensions>
          <ns3:TrackPointExtension>
            <ns3:hr>175</ns3:hr>
            <ns3:cad>87</ns3:cad>
          </ns3:TrackPointExtension>
        </extensions>
      </trkpt>
      <trkpt lat="45.6979672797024250030517578125" lon="126.59647713415324687957763671875">
        <ele>153</ele>
        <time>2026-08-06T23:23:42.000Z</time>
        <extensions>
          <ns3:TrackPointExtension>
            <ns3:hr>175</ns3:hr>
            <ns3:cad>88</ns3:cad>
          </ns3:TrackPointExtension>
        </extensions>
      </trkpt>
      <trkpt lat="45.69799301214516162872314453125" lon="126.596479229629039764404296875">
        <ele>153</ele>
        <time>2026-08-06T23:23:43.000Z</time>
        <extensions>
          <ns3:TrackPointExtension>
            <ns3:hr>175</ns3:hr>
            <ns3:cad>88</ns3:cad>
          </ns3:TrackPointExtension>
        </extensions>
      </trkpt>
      <trkpt lat="45.69801949895918369293212890625" lon="126.5964881144464015960693359375">
        <ele>153.1999969482421875</ele>
        <time>2026-08-06T23:23:44.000Z</time>
        <extensions>
          <ns3:TrackPointExtension>
            <ns3:hr>175</ns3:hr>
            <ns3:cad>88</ns3:cad>
          </ns3:TrackPointExtension>
        </extensions>
      </trkpt>
      <trkpt lat="45.69804028607904911041259765625" lon="126.5964951552450656890869140625">
        <ele>153.399993896484375</ele>
        <time>2026-08-06T23:23:45.000Z</time>
        <extensions>
          <ns3:TrackPointExtension>
            <ns3:hr>174</ns3:hr>
            <ns3:cad>88</ns3:cad>
          </ns3:TrackPointExtension>
        </extensions>
      </trkpt>
      <trkpt lat="45.69806811399757862091064453125" lon="126.59650571644306182861328125">
        <ele>153.399993896484375</ele>
        <time>2026-08-06T23:23:46.000Z</time>
        <extensions>
          <ns3:TrackPointExtension>
            <ns3:hr>174</ns3:hr>
            <ns3:cad>87</ns3:cad>
          </ns3:TrackPointExtension>
        </extensions>
      </trkpt>
      <trkpt lat="45.69808957166969776153564453125" lon="126.5965095721185207366943359375">
        <ele>153.1999969482421875</ele>
        <time>2026-08-06T23:23:47.000Z</time>
        <extensions>
          <ns3:TrackPointExtension>
            <ns3:hr>173</ns3:hr>
            <ns3:cad>87</ns3:cad>
          </ns3:TrackPointExtension>
        </extensions>
      </trkpt>
      <trkpt lat="45.69811798632144927978515625" lon="126.5965169481933116912841796875">
        <ele>153</ele>
        <time>2026-08-06T23:23:48.000Z</time>
        <extensions>
          <ns3:TrackPointExtension>
            <ns3:hr>173</ns3:hr>
            <ns3:cad>87</ns3:cad>
          </ns3:TrackPointExtension>
        </extensions>
      </trkpt>
      <trkpt lat="45.6981436349451541900634765625" lon="126.5965249948203563690185546875">
        <ele>153</ele>
        <time>2026-08-06T23:23:49.000Z</time>
        <extensions>
          <ns3:TrackPointExtension>
            <ns3:hr>173</ns3:hr>
            <ns3:cad>87</ns3:cad>
          </ns3:TrackPointExtension>
        </extensions>
      </trkpt>
      <trkpt lat="45.69817473180592060089111328125" lon="126.59653195179998874664306640625">
        <ele>153</ele>
        <time>2026-08-06T23:23:50.000Z</time>
        <extensions>
          <ns3:TrackPointExtension>
            <ns3:hr>173</ns3:hr>
            <ns3:cad>87</ns3:cad>
          </ns3:TrackPointExtension>
        </extensions>
      </trkpt>
      <trkpt lat="45.69820255972445011138916015625" lon="126.596544943749904632568359375">
        <ele>153</ele>
        <time>2026-08-06T23:23:51.000Z</time>
        <extensions>
          <ns3:TrackPointExtension>
            <ns3:hr>173</ns3:hr>
            <ns3:cad>87</ns3:cad>
          </ns3:TrackPointExtension>
        </extensions>
      </trkpt>
      <trkpt lat="45.698229968547821044921875" lon="126.5965541638433933258056640625">
        <ele>153.1999969482421875</ele>
        <time>2026-08-06T23:23:52.000Z</time>
        <extensions>
          <ns3:TrackPointExtension>
            <ns3:hr>173</ns3:hr>
            <ns3:cad>86</ns3:cad>
          </ns3:TrackPointExtension>
        </extensions>
      </trkpt>
      <trkpt lat="45.69826240651309490203857421875" lon="126.5965625457465648651123046875">
        <ele>153.399993896484375</ele>
        <time>2026-08-06T23:23:53.000Z</time>
        <extensions>
          <ns3:TrackPointExtension>
            <ns3:hr>172</ns3:hr>
            <ns3:cad>86</ns3:cad>
          </ns3:TrackPointExtension>
        </extensions>
      </trkpt>
      <trkpt lat="45.69828419946134090423583984375" lon="126.59657050855457782745361328125">
        <ele>153.1999969482421875</ele>
        <time>2026-08-06T23:23:54.000Z</time>
        <extensions>
          <ns3:TrackPointExtension>
            <ns3:hr>172</ns3:hr>
            <ns3:cad>86</ns3:cad>
          </ns3:TrackPointExtension>
        </extensions>
      </trkpt>
      <trkpt lat="45.6983149610459804534912109375" lon="126.59658006392419338226318359375">
        <ele>153.1999969482421875</ele>
        <time>2026-08-06T23:23:55.000Z</time>
        <extensions>
          <ns3:TrackPointExtension>
            <ns3:hr>172</ns3:hr>
            <ns3:cad>87</ns3:cad>
          </ns3:TrackPointExtension>
        </extensions>
      </trkpt>
      <trkpt lat="45.6983374245464801788330078125" lon="126.59659112803637981414794921875">
        <ele>153</ele>
        <time>2026-08-06T23:23:56.000Z</time>
        <extensions>
          <ns3:TrackPointExtension>
            <ns3:hr>172</ns3:hr>
            <ns3:cad>86</ns3:cad>
          </ns3:TrackPointExtension>
        </extensions>
      </trkpt>
      <trkpt lat="45.69836231879889965057373046875" lon="126.5966064669191837310791015625">
        <ele>152.8000030517578125</ele>
        <time>2026-08-06T23:23:57.000Z</time>
        <extensions>
          <ns3:TrackPointExtension>
            <ns3:hr>172</ns3:hr>
            <ns3:cad>87</ns3:cad>
          </ns3:TrackPointExtension>
        </extensions>
      </trkpt>
      <trkpt lat="45.698381848633289337158203125" lon="126.5966195426881313323974609375">
        <ele>152.8000030517578125</ele>
        <time>2026-08-06T23:23:58.000Z</time>
        <extensions>
          <ns3:TrackPointExtension>
            <ns3:hr>172</ns3:hr>
            <ns3:cad>87</ns3:cad>
          </ns3:TrackPointExtension>
        </extensions>
      </trkpt>
      <trkpt lat="45.69840967655181884765625" lon="126.59663446247577667236328125">
        <ele>152.8000030517578125</ele>
        <time>2026-08-06T23:23:59.000Z</time>
        <extensions>
          <ns3:TrackPointExtension>
            <ns3:hr>173</ns3:hr>
            <ns3:cad>87</ns3:cad>
          </ns3:TrackPointExtension>
        </extensions>
      </trkpt>
      <trkpt lat="45.69843406789004802703857421875" lon="126.5966399945318698883056640625">
        <ele>153</ele>
        <time>2026-08-06T23:24:00.000Z</time>
        <extensions>
          <ns3:TrackPointExtension>
            <ns3:hr>172</ns3:hr>
            <ns3:cad>87</ns3:cad>
          </ns3:TrackPointExtension>
        </extensions>
      </trkpt>
      <trkpt lat="45.6984591297805309295654296875" lon="126.596639156341552734375">
        <ele>153</ele>
        <time>2026-08-06T23:24:01.000Z</time>
        <extensions>
          <ns3:TrackPointExtension>
            <ns3:hr>172</ns3:hr>
            <ns3:cad>87</ns3:cad>
          </ns3:TrackPointExtension>
        </extensions>
      </trkpt>
      <trkpt lat="45.6984822638332843780517578125" lon="126.5966477058827877044677734375">
        <ele>153.1999969482421875</ele>
        <time>2026-08-06T23:24:02.000Z</time>
        <extensions>
          <ns3:TrackPointExtension>
            <ns3:hr>172</ns3:hr>
            <ns3:cad>87</ns3:cad>
          </ns3:TrackPointExtension>
        </extensions>
      </trkpt>
      <trkpt lat="45.69850464351475238800048828125" lon="126.59665281884372234344482421875">
        <ele>153.1999969482421875</ele>
        <time>2026-08-06T23:24:03.000Z</time>
        <extensions>
          <ns3:TrackPointExtension>
            <ns3:hr>171</ns3:hr>
            <ns3:cad>87</ns3:cad>
          </ns3:TrackPointExtension>
        </extensions>
      </trkpt>
      <trkpt lat="45.698528699576854705810546875" lon="126.59665860235691070556640625">
        <ele>153</ele>
        <time>2026-08-06T23:24:04.000Z</time>
        <extensions>
          <ns3:TrackPointExtension>
            <ns3:hr>171</ns3:hr>
            <ns3:cad>87</ns3:cad>
          </ns3:TrackPointExtension>
        </extensions>
      </trkpt>
      <trkpt lat="45.6985483132302761077880859375" lon="126.59666321240365505218505859375">
        <ele>153</ele>
        <time>2026-08-06T23:24:05.000Z</time>
        <extensions>
          <ns3:TrackPointExtension>
            <ns3:hr>171</ns3:hr>
            <ns3:cad>87</ns3:cad>
          </ns3:TrackPointExtension>
        </extensions>
      </trkpt>
      <trkpt lat="45.69857060909271240234375" lon="126.59667042084038257598876953125">
        <ele>153</ele>
        <time>2026-08-06T23:24:06.000Z</time>
        <extensions>
          <ns3:TrackPointExtension>
            <ns3:hr>172</ns3:hr>
            <ns3:cad>87</ns3:cad>
          </ns3:TrackPointExtension>
        </extensions>
      </trkpt>
      <trkpt lat="45.69859315641224384307861328125" lon="126.59667343832552433013916015625">
        <ele>153</ele>
        <time>2026-08-06T23:24:07.000Z</time>
        <extensions>
          <ns3:TrackPointExtension>
            <ns3:hr>172</ns3:hr>
            <ns3:cad>87</ns3:cad>
          </ns3:TrackPointExtension>
        </extensions>
      </trkpt>
      <trkpt lat="45.698621571063995361328125" lon="126.59667880274355411529541015625">
        <ele>153.399993896484375</ele>
        <time>2026-08-06T23:24:08.000Z</time>
        <extensions>
          <ns3:TrackPointExtension>
            <ns3:hr>173</ns3:hr>
            <ns3:cad>87</ns3:cad>
          </ns3:TrackPointExtension>
        </extensions>
      </trkpt>
      <trkpt lat="45.698640011250972747802734375" lon="126.5966812334954738616943359375">
        <ele>153.8000030517578125</ele>
        <time>2026-08-06T23:24:09.000Z</time>
        <extensions>
          <ns3:TrackPointExtension>
            <ns3:hr>173</ns3:hr>
            <ns3:cad>87</ns3:cad>
          </ns3:TrackPointExtension>
        </extensions>
      </trkpt>
      <trkpt lat="45.6986676715314388275146484375" lon="126.59668634645640850067138671875">
        <ele>154</ele>
        <time>2026-08-06T23:24:10.000Z</time>
        <extensions>
          <ns3:TrackPointExtension>
            <ns3:hr>173</ns3:hr>
            <ns3:cad>87</ns3:cad>
          </ns3:TrackPointExtension>
        </extensions>
      </trkpt>
      <trkpt lat="45.6986904703080654144287109375" lon="126.596697829663753509521484375">
        <ele>154</ele>
        <time>2026-08-06T23:24:11.000Z</time>
        <extensions>
          <ns3:TrackPointExtension>
            <ns3:hr>173</ns3:hr>
            <ns3:cad>88</ns3:cad>
          </ns3:TrackPointExtension>
        </extensions>
      </trkpt>
      <trkpt lat="45.698715783655643463134765625" lon="126.596704535186290740966796875">
        <ele>154</ele>
        <time>2026-08-06T23:24:12.000Z</time>
        <extensions>
          <ns3:TrackPointExtension>
            <ns3:hr>173</ns3:hr>
            <ns3:cad>88</ns3:cad>
          </ns3:TrackPointExtension>
        </extensions>
      </trkpt>
      <trkpt lat="45.69874101318418979644775390625" lon="126.596710570156574249267578125">
        <ele>154</ele>
        <time>2026-08-06T23:24:13.000Z</time>
        <extensions>
          <ns3:TrackPointExtension>
            <ns3:hr>173</ns3:hr>
            <ns3:cad>88</ns3:cad>
          </ns3:TrackPointExtension>
        </extensions>
      </trkpt>
      <trkpt lat="45.69876431487500667572021484375" lon="126.59671635366976261138916015625">
        <ele>153.8000030517578125</ele>
        <time>2026-08-06T23:24:14.000Z</time>
        <extensions>
          <ns3:TrackPointExtension>
            <ns3:hr>174</ns3:hr>
            <ns3:cad>88</ns3:cad>
          </ns3:TrackPointExtension>
        </extensions>
      </trkpt>
      <trkpt lat="45.69878719747066497802734375" lon="126.59673077054321765899658203125">
        <ele>153.8000030517578125</ele>
        <time>2026-08-06T23:24:15.000Z</time>
        <extensions>
          <ns3:TrackPointExtension>
            <ns3:hr>173</ns3:hr>
            <ns3:cad>88</ns3:cad>
          </ns3:TrackPointExtension>
        </extensions>
      </trkpt>
      <trkpt lat="45.6988084875047206878662109375" lon="126.596739403903484344482421875">
        <ele>153.8000030517578125</ele>
        <time>2026-08-06T23:24:16.000Z</time>
        <extensions>
          <ns3:TrackPointExtension>
            <ns3:hr>174</ns3:hr>
            <ns3:cad>88</ns3:cad>
          </ns3:TrackPointExtension>
        </extensions>
      </trkpt>
      <trkpt lat="45.69883572869002819061279296875" lon="126.5967469476163387298583984375">
        <ele>153.8000030517578125</ele>
        <time>2026-08-06T23:24:17.000Z</time>
        <extensions>
          <ns3:TrackPointExtension>
            <ns3:hr>174</ns3:hr>
            <ns3:cad>88</ns3:cad>
          </ns3:TrackPointExtension>
        </extensions>
      </trkpt>
      <trkpt lat="45.6988591141998767852783203125" lon="126.5967580117285251617431640625">
        <ele>153.600006103515625</ele>
        <time>2026-08-06T23:24:18.000Z</time>
        <extensions>
          <ns3:TrackPointExtension>
            <ns3:hr>174</ns3:hr>
            <ns3:cad>88</ns3:cad>
          </ns3:TrackPointExtension>
        </extensions>
      </trkpt>
      <trkpt lat="45.69888434372842311859130859375" lon="126.59676748327910900115966796875">
        <ele>153.399993896484375</ele>
        <time>2026-08-06T23:24:19.000Z</time>
        <extensions>
          <ns3:TrackPointExtension>
            <ns3:hr>174</ns3:hr>
            <ns3:cad>88</ns3:cad>
          </ns3:TrackPointExtension>
        </extensions>
      </trkpt>
      <trkpt lat="45.6989040412008762359619140625" lon="126.59677066840231418609619140625">
        <ele>153.399993896484375</ele>
        <time>2026-08-06T23:24:20.000Z</time>
        <extensions>
          <ns3:TrackPointExtension>
            <ns3:hr>174</ns3:hr>
            <ns3:cad>88</ns3:cad>
          </ns3:TrackPointExtension>
        </extensions>
      </trkpt>
      <trkpt lat="45.69892826490104198455810546875" lon="126.59677661955356597900390625">
        <ele>153.1999969482421875</ele>
        <time>2026-08-06T23:24:21.000Z</time>
        <extensions>
          <ns3:TrackPointExtension>
            <ns3:hr>174</ns3:hr>
            <ns3:cad>88</ns3:cad>
          </ns3:TrackPointExtension>
        </extensions>
      </trkpt>
      <trkpt lat="45.69894972257316112518310546875" lon="126.59677972085773944854736328125">
        <ele>153.1999969482421875</ele>
        <time>2026-08-06T23:24:22.000Z</time>
        <extensions>
          <ns3:TrackPointExtension>
            <ns3:hr>174</ns3:hr>
            <ns3:cad>88</ns3:cad>
          </ns3:TrackPointExtension>
        </extensions>
      </trkpt>
      <trkpt lat="45.69897486828267574310302734375" lon="126.5967851690948009490966796875">
        <ele>153</ele>
        <time>2026-08-06T23:24:23.000Z</time>
        <extensions>
          <ns3:TrackPointExtension>
            <ns3:hr>174</ns3:hr>
            <ns3:cad>87</ns3:cad>
          </ns3:TrackPointExtension>
        </extensions>
      </trkpt>
      <trkpt lat="45.69899649359285831451416015625" lon="126.59679514355957508087158203125">
        <ele>153</ele>
        <time>2026-08-06T23:24:24.000Z</time>
        <extensions>
          <ns3:TrackPointExtension>
            <ns3:hr>174</ns3:hr>
            <ns3:cad>88</ns3:cad>
          </ns3:TrackPointExtension>
        </extensions>
      </trkpt>
      <trkpt lat="45.69902046583592891693115234375" lon="126.59679749049246311187744140625">
        <ele>153</ele>
        <time>2026-08-06T23:24:25.000Z</time>
        <extensions>
          <ns3:TrackPointExtension>
            <ns3:hr>174</ns3:hr>
            <ns3:cad>88</ns3:cad>
          </ns3:TrackPointExtension>
        </extensions>
      </trkpt>
      <trkpt lat="45.6990455277264118194580078125" lon="126.59680620767176151275634765625">
        <ele>153.1999969482421875</ele>
        <time>2026-08-06T23:24:26.000Z</time>
        <extensions>
          <ns3:TrackPointExtension>
            <ns3:hr>174</ns3:hr>
            <ns3:cad>88</ns3:cad>
          </ns3:TrackPointExtension>
        </extensions>
      </trkpt>
      <trkpt lat="45.69906656630337238311767578125" lon="126.5968148410320281982421875">
        <ele>153.399993896484375</ele>
        <time>2026-08-06T23:24:27.000Z</time>
        <extensions>
          <ns3:TrackPointExtension>
            <ns3:hr>174</ns3:hr>
            <ns3:cad>88</ns3:cad>
          </ns3:TrackPointExtension>
        </extensions>
      </trkpt>
      <trkpt lat="45.699089951813220977783203125" lon="126.59683604724705219268798828125">
        <ele>153.600006103515625</ele>
        <time>2026-08-06T23:24:28.000Z</time>
        <extensions>
          <ns3:TrackPointExtension>
            <ns3:hr>173</ns3:hr>
            <ns3:cad>88</ns3:cad>
          </ns3:TrackPointExtension>
        </extensions>
      </trkpt>
      <trkpt lat="45.699109397828578948974609375" lon="126.5968515537679195404052734375">
        <ele>153.8000030517578125</ele>
        <time>2026-08-06T23:24:29.000Z</time>
        <extensions>
          <ns3:TrackPointExtension>
            <ns3:hr>174</ns3:hr>
            <ns3:cad>88</ns3:cad>
          </ns3:TrackPointExtension>
        </extensions>
      </trkpt>
      <trkpt lat="45.69913722574710845947265625" lon="126.59687292762100696563720703125">
        <ele>154</ele>
        <time>2026-08-06T23:24:30.000Z</time>
        <extensions>
          <ns3:TrackPointExtension>
            <ns3:hr>174</ns3:hr>
            <ns3:cad>88</ns3:cad>
          </ns3:TrackPointExtension>
        </extensions>
      </trkpt>
      <trkpt lat="45.6991620361804962158203125" lon="126.59688550047576427459716796875">
        <ele>154.1999969482421875</ele>
        <time>2026-08-06T23:24:31.000Z</time>
        <extensions>
          <ns3:TrackPointExtension>
            <ns3:hr>173</ns3:hr>
            <ns3:cad>88</ns3:cad>
          </ns3:TrackPointExtension>
        </extensions>
      </trkpt>
      <trkpt lat="45.69918927736580371856689453125" lon="126.596894301474094390869140625">
        <ele>154.1999969482421875</ele>
        <time>2026-08-06T23:24:32.000Z</time>
        <extensions>
          <ns3:TrackPointExtension>
            <ns3:hr>173</ns3:hr>
            <ns3:cad>88</ns3:cad>
          </ns3:TrackPointExtension>
        </extensions>
      </trkpt>
      <trkpt lat="45.69921542890369892120361328125" lon="126.59690561704337596893310546875">
        <ele>154.1999969482421875</ele>
        <time>2026-08-06T23:24:33.000Z</time>
        <extensions>
          <ns3:TrackPointExtension>
            <ns3:hr>173</ns3:hr>
            <ns3:cad>87</ns3:cad>
          </ns3:TrackPointExtension>
        </extensions>
      </trkpt>
      <trkpt lat="45.699241161346435546875" lon="126.5969132445752620697021484375">
        <ele>154.1999969482421875</ele>
        <time>2026-08-06T23:24:34.000Z</time>
        <extensions>
          <ns3:TrackPointExtension>
            <ns3:hr>173</ns3:hr>
            <ns3:cad>87</ns3:cad>
          </ns3:TrackPointExtension>
        </extensions>
      </trkpt>
      <trkpt lat="45.69926320575177669525146484375" lon="126.596923135221004486083984375">
        <ele>154.399993896484375</ele>
        <time>2026-08-06T23:24:35.000Z</time>
        <extensions>
          <ns3:TrackPointExtension>
            <ns3:hr>173</ns3:hr>
            <ns3:cad>86</ns3:cad>
          </ns3:TrackPointExtension>
        </extensions>
      </trkpt>
      <trkpt lat="45.6992854177951812744140625" lon="126.5969316847622394561767578125">
        <ele>154.399993896484375</ele>
        <time>2026-08-06T23:24:36.000Z</time>
        <extensions>
          <ns3:TrackPointExtension>
            <ns3:hr>174</ns3:hr>
            <ns3:cad>86</ns3:cad>
          </ns3:TrackPointExtension>
        </extensions>
      </trkpt>
      <trkpt lat="45.699309222400188446044921875" lon="126.596939228475093841552734375">
        <ele>154.399993896484375</ele>
        <time>2026-08-06T23:24:37.000Z</time>
        <extensions>
          <ns3:TrackPointExtension>
            <ns3:hr>173</ns3:hr>
            <ns3:cad>86</ns3:cad>
          </ns3:TrackPointExtension>
        </extensions>
      </trkpt>
      <trkpt lat="45.69933168590068817138671875" lon="126.59694333560764789581298828125">
        <ele>154.600006103515625</ele>
        <time>2026-08-06T23:24:38.000Z</time>
        <extensions>
          <ns3:TrackPointExtension>
            <ns3:hr>173</ns3:hr>
            <ns3:cad>86</ns3:cad>
          </ns3:TrackPointExtension>
        </extensions>
      </trkpt>
      <trkpt lat="45.69935792125761508941650390625" lon="126.5969487838447093963623046875">
        <ele>154.600006103515625</ele>
        <time>2026-08-06T23:24:39.000Z</time>
        <extensions>
          <ns3:TrackPointExtension>
            <ns3:hr>173</ns3:hr>
            <ns3:cad>87</ns3:cad>
          </ns3:TrackPointExtension>
        </extensions>
      </trkpt>
      <trkpt lat="45.6993797980248928070068359375" lon="126.596956662833690643310546875">
        <ele>154.8000030517578125</ele>
        <time>2026-08-06T23:24:40.000Z</time>
        <extensions>
          <ns3:TrackPointExtension>
            <ns3:hr>174</ns3:hr>
            <ns3:cad>87</ns3:cad>
          </ns3:TrackPointExtension>
        </extensions>
      </trkpt>
      <trkpt lat="45.699402429163455963134765625" lon="126.59696110524237155914306640625">
        <ele>154.8000030517578125</ele>
        <time>2026-08-06T23:24:41.000Z</time>
        <extensions>
          <ns3:TrackPointExtension>
            <ns3:hr>173</ns3:hr>
            <ns3:cad>87</ns3:cad>
          </ns3:TrackPointExtension>
        </extensions>
      </trkpt>
      <trkpt lat="45.6994227133691310882568359375" lon="126.59697367809712886810302734375">
        <ele>154.8000030517578125</ele>
        <time>2026-08-06T23:24:42.000Z</time>
        <extensions>
          <ns3:TrackPointExtension>
            <ns3:hr>173</ns3:hr>
            <ns3:cad>87</ns3:cad>
          </ns3:TrackPointExtension>
        </extensions>
      </trkpt>
      <trkpt lat="45.69944878108799457550048828125" lon="126.5969789586961269378662109375">
        <ele>154.8000030517578125</ele>
        <time>2026-08-06T23:24:43.000Z</time>
        <extensions>
          <ns3:TrackPointExtension>
            <ns3:hr>174</ns3:hr>
            <ns3:cad>88</ns3:cad>
          </ns3:TrackPointExtension>
        </extensions>
      </trkpt>
      <trkpt lat="45.6994699873030185699462890625" lon="126.59698859788477420806884765625">
        <ele>154.600006103515625</ele>
        <time>2026-08-06T23:24:44.000Z</time>
        <extensions>
          <ns3:TrackPointExtension>
            <ns3:hr>174</ns3:hr>
            <ns3:cad>88</ns3:cad>
          </ns3:TrackPointExtension>
        </extensions>
      </trkpt>
      <trkpt lat="45.69948968477547168731689453125" lon="126.59699857234954833984375">
        <ele>154.600006103515625</ele>
        <time>2026-08-06T23:24:45.000Z</time>
        <extensions>
          <ns3:TrackPointExtension>
            <ns3:hr>174</ns3:hr>
            <ns3:cad>86</ns3:cad>
          </ns3:TrackPointExtension>
        </extensions>
      </trkpt>
      <trkpt lat="45.69951181299984455108642578125" lon="126.59700754098594188690185546875">
        <ele>154.600006103515625</ele>
        <time>2026-08-06T23:24:46.000Z</time>
        <extensions>
          <ns3:TrackPointExtension>
            <ns3:hr>173</ns3:hr>
            <ns3:cad>86</ns3:cad>
          </ns3:TrackPointExtension>
        </extensions>
      </trkpt>
      <trkpt lat="45.6995343603193759918212890625" lon="126.597011648118495941162109375">
        <ele>154.600006103515625</ele>
        <time>2026-08-06T23:24:47.000Z</time>
        <extensions>
          <ns3:TrackPointExtension>
            <ns3:hr>174</ns3:hr>
            <ns3:cad>86</ns3:cad>
          </ns3:TrackPointExtension>
        </extensions>
      </trkpt>
      <trkpt lat="45.6995605118572711944580078125" lon="126.5970178507268428802490234375">
        <ele>154.600006103515625</ele>
        <time>2026-08-06T23:24:48.000Z</time>
        <extensions>
          <ns3:TrackPointExtension>
            <ns3:hr>174</ns3:hr>
            <ns3:cad>86</ns3:cad>
          </ns3:TrackPointExtension>
        </extensions>
      </trkpt>
      <trkpt lat="45.6995812989771366119384765625" lon="126.59702246077358722686767578125">
        <ele>154.600006103515625</ele>
        <time>2026-08-06T23:24:49.000Z</time>
        <extensions>
          <ns3:TrackPointExtension>
            <ns3:hr>174</ns3:hr>
            <ns3:cad>86</ns3:cad>
          </ns3:TrackPointExtension>
        </extensions>
      </trkpt>
      <trkpt lat="45.6996046006679534912109375" lon="126.59703084267675876617431640625">
        <ele>154.399993896484375</ele>
        <time>2026-08-06T23:24:50.000Z</time>
        <extensions>
          <ns3:TrackPointExtension>
            <ns3:hr>174</ns3:hr>
            <ns3:cad>86</ns3:cad>
          </ns3:TrackPointExtension>
        </extensions>
      </trkpt>
      <trkpt lat="45.69962538778781890869140625" lon="126.597039140760898590087890625">
        <ele>154.1999969482421875</ele>
        <time>2026-08-06T23:24:51.000Z</time>
        <extensions>
          <ns3:TrackPointExtension>
            <ns3:hr>174</ns3:hr>
            <ns3:cad>87</ns3:cad>
          </ns3:TrackPointExtension>
        </extensions>
      </trkpt>
      <trkpt lat="45.699653886258602142333984375" lon="126.59704215824604034423828125">
        <ele>154.1999969482421875</ele>
        <time>2026-08-06T23:24:52.000Z</time>
        <extensions>
          <ns3:TrackPointExtension>
            <ns3:hr>174</ns3:hr>
            <ns3:cad>87</ns3:cad>
          </ns3:TrackPointExtension>
        </extensions>
      </trkpt>
      <trkpt lat="45.69967961870133876800537109375" lon="126.5970455110073089599609375">
        <ele>154</ele>
        <time>2026-08-06T23:24:53.000Z</time>
        <extensions>
          <ns3:TrackPointExtension>
            <ns3:hr>174</ns3:hr>
            <ns3:cad>87</ns3:cad>
          </ns3:TrackPointExtension>
        </extensions>
      </trkpt>
      <trkpt lat="45.69970585405826568603515625" lon="126.597050540149211883544921875">
        <ele>154</ele>
        <time>2026-08-06T23:24:54.000Z</time>
        <extensions>
          <ns3:TrackPointExtension>
            <ns3:hr>174</ns3:hr>
            <ns3:cad>87</ns3:cad>
          </ns3:TrackPointExtension>
        </extensions>
      </trkpt>
      <trkpt lat="45.69973343051970005035400390625" lon="126.59705816768109798431396484375">
        <ele>154</ele>
        <time>2026-08-06T23:24:55.000Z</time>
        <extensions>
          <ns3:TrackPointExtension>
            <ns3:hr>174</ns3:hr>
            <ns3:cad>87</ns3:cad>
          </ns3:TrackPointExtension>
        </extensions>
      </trkpt>
      <trkpt lat="45.699759162962436676025390625" lon="126.59705883823335170745849609375">
        <ele>154</ele>
        <time>2026-08-06T23:24:56.000Z</time>
        <extensions>
          <ns3:TrackPointExtension>
            <ns3:hr>174</ns3:hr>
            <ns3:cad>87</ns3:cad>
          </ns3:TrackPointExtension>
        </extensions>
      </trkpt>
      <trkpt lat="45.699787996709346771240234375" lon="126.59706638194620609283447265625">
        <ele>154.1999969482421875</ele>
        <time>2026-08-06T23:24:57.000Z</time>
        <extensions>
          <ns3:TrackPointExtension>
            <ns3:hr>174</ns3:hr>
            <ns3:cad>87</ns3:cad>
          </ns3:TrackPointExtension>
        </extensions>
      </trkpt>
      <trkpt lat="45.69981289096176624298095703125" lon="126.5970691479742527008056640625">
        <ele>154.399993896484375</ele>
        <time>2026-08-06T23:24:58.000Z</time>
        <extensions>
          <ns3:TrackPointExtension>
            <ns3:hr>174</ns3:hr>
            <ns3:cad>87</ns3:cad>
          </ns3:TrackPointExtension>
        </extensions>
      </trkpt>
      <trkpt lat="45.6998391263186931610107421875" lon="126.59707275219261646270751953125">
        <ele>154.399993896484375</ele>
        <time>2026-08-06T23:24:59.000Z</time>
        <extensions>
          <ns3:TrackPointExtension>
            <ns3:hr>174</ns3:hr>
            <ns3:cad>87</ns3:cad>
          </ns3:TrackPointExtension>
        </extensions>
      </trkpt>
      <trkpt lat="45.6998605839908123016357421875" lon="126.59707074053585529327392578125">
        <ele>154.8000030517578125</ele>
        <time>2026-08-06T23:25:00.000Z</time>
        <extensions>
          <ns3:TrackPointExtension>
            <ns3:hr>174</ns3:hr>
            <ns3:cad>87</ns3:cad>
          </ns3:TrackPointExtension>
        </extensions>
      </trkpt>
      <trkpt lat="45.6998890824615955352783203125" lon="126.59707224927842617034912109375">
        <ele>155</ele>
        <time>2026-08-06T23:25:01.000Z</time>
        <extensions>
          <ns3:TrackPointExtension>
            <ns3:hr>173</ns3:hr>
            <ns3:cad>87</ns3:cad>
          </ns3:TrackPointExtension>
        </extensions>
      </trkpt>
      <trkpt lat="45.69991230033338069915771484375" lon="126.59707308746874332427978515625">
        <ele>155.1999969482421875</ele>
        <time>2026-08-06T23:25:02.000Z</time>
        <extensions>
          <ns3:TrackPointExtension>
            <ns3:hr>173</ns3:hr>
            <ns3:cad>87</ns3:cad>
          </ns3:TrackPointExtension>
        </extensions>
      </trkpt>
      <trkpt lat="45.6999425590038299560546875" lon="126.5970795415341854095458984375">
        <ele>155.399993896484375</ele>
        <time>2026-08-06T23:25:03.000Z</time>
        <extensions>
          <ns3:TrackPointExtension>
            <ns3:hr>173</ns3:hr>
            <ns3:cad>87</ns3:cad>
          </ns3:TrackPointExtension>
        </extensions>
      </trkpt>
      <trkpt lat="45.69996871054172515869140625" lon="126.59708264283835887908935546875">
        <ele>155.399993896484375</ele>
        <time>2026-08-06T23:25:04.000Z</time>
        <extensions>
          <ns3:TrackPointExtension>
            <ns3:hr>173</ns3:hr>
            <ns3:cad>86</ns3:cad>
          </ns3:TrackPointExtension>
        </extensions>
      </trkpt>
      <trkpt lat="45.69999687373638153076171875" lon="126.59708314575254917144775390625">
        <ele>155.600006103515625</ele>
        <time>2026-08-06T23:25:05.000Z</time>
        <extensions>
          <ns3:TrackPointExtension>
            <ns3:hr>173</ns3:hr>
            <ns3:cad>86</ns3:cad>
          </ns3:TrackPointExtension>
        </extensions>
      </trkpt>
      <trkpt lat="45.70002369582653045654296875" lon="126.59708281047642230987548828125">
        <ele>155.600006103515625</ele>
        <time>2026-08-06T23:25:06.000Z</time>
        <extensions>
          <ns3:TrackPointExtension>
            <ns3:hr>173</ns3:hr>
            <ns3:cad>86</ns3:cad>
          </ns3:TrackPointExtension>
        </extensions>
      </trkpt>
      <trkpt lat="45.70004825480282306671142578125" lon="126.59708348102867603302001953125">
        <ele>155.600006103515625</ele>
        <time>2026-08-06T23:25:07.000Z</time>
        <extensions>
          <ns3:TrackPointExtension>
            <ns3:hr>173</ns3:hr>
            <ns3:cad>86</ns3:cad>
          </ns3:TrackPointExtension>
        </extensions>
      </trkpt>
      <trkpt lat="45.7000778429210186004638671875" lon="126.597082056105136871337890625">
        <ele>155.8000030517578125</ele>
        <time>2026-08-06T23:25:08.000Z</time>
        <extensions>
          <ns3:TrackPointExtension>
            <ns3:hr>173</ns3:hr>
            <ns3:cad>87</ns3:cad>
          </ns3:TrackPointExtension>
        </extensions>
      </trkpt>
      <trkpt lat="45.70010189898312091827392578125" lon="126.59708331339061260223388671875">
        <ele>155.8000030517578125</ele>
        <time>2026-08-06T23:25:09.000Z</time>
        <extensions>
          <ns3:TrackPointExtension>
            <ns3:hr>173</ns3:hr>
            <ns3:cad>87</ns3:cad>
          </ns3:TrackPointExtension>
        </extensions>
      </trkpt>
      <trkpt lat="45.70012704469263553619384765625" lon="126.59708364866673946380615234375">
        <ele>155.600006103515625</ele>
        <time>2026-08-06T23:25:10.000Z</time>
        <extensions>
          <ns3:TrackPointExtension>
            <ns3:hr>174</ns3:hr>
            <ns3:cad>87</ns3:cad>
          </ns3:TrackPointExtension>
        </extensions>
      </trkpt>
      <trkpt lat="45.7001539506018161773681640625" lon="126.59708314575254917144775390625">
        <ele>155.600006103515625</ele>
        <time>2026-08-06T23:25:11.000Z</time>
        <extensions>
          <ns3:TrackPointExtension>
            <ns3:hr>174</ns3:hr>
            <ns3:cad>87</ns3:cad>
          </ns3:TrackPointExtension>
        </extensions>
      </trkpt>
      <trkpt lat="45.700182951986789703369140625" lon="126.59707694314420223236083984375">
        <ele>155.399993896484375</ele>
        <time>2026-08-06T23:25:12.000Z</time>
        <extensions>
          <ns3:TrackPointExtension>
            <ns3:hr>174</ns3:hr>
            <ns3:cad>86</ns3:cad>
          </ns3:TrackPointExtension>
        </extensions>
      </trkpt>
      <trkpt lat="45.70021052844822406768798828125" lon="126.597075350582599639892578125">
        <ele>155.399993896484375</ele>
        <time>2026-08-06T23:25:13.000Z</time>
        <extensions>
          <ns3:TrackPointExtension>
            <ns3:hr>174</ns3:hr>
            <ns3:cad>86</ns3:cad>
          </ns3:TrackPointExtension>
        </extensions>
      </trkpt>
      <trkpt lat="45.7002364285290241241455078125" lon="126.5970778651535511016845703125">
        <ele>155.1999969482421875</ele>
        <time>2026-08-06T23:25:14.000Z</time>
        <extensions>
          <ns3:TrackPointExtension>
            <ns3:hr>175</ns3:hr>
            <ns3:cad>86</ns3:cad>
          </ns3:TrackPointExtension>
        </extensions>
      </trkpt>
      <trkpt lat="45.70026911795139312744140625" lon="126.59707610495388507843017578125">
        <ele>155</ele>
        <time>2026-08-06T23:25:15.000Z</time>
        <extensions>
          <ns3:TrackPointExtension>
            <ns3:hr>175</ns3:hr>
            <ns3:cad>87</ns3:cad>
          </ns3:TrackPointExtension>
        </extensions>
      </trkpt>
      <trkpt lat="45.70029065944254398345947265625" lon="126.597071327269077301025390625">
        <ele>155</ele>
        <time>2026-08-06T23:25:16.000Z</time>
        <extensions>
          <ns3:TrackPointExtension>
            <ns3:hr>175</ns3:hr>
            <ns3:cad>87</ns3:cad>
          </ns3:TrackPointExtension>
        </extensions>
      </trkpt>
      <trkpt lat="45.7003195770084857940673828125" lon="126.59706889651715755462646484375">
        <ele>155</ele>
        <time>2026-08-06T23:25:17.000Z</time>
        <extensions>
          <ns3:TrackPointExtension>
            <ns3:hr>175</ns3:hr>
            <ns3:cad>86</ns3:cad>
          </ns3:TrackPointExtension>
        </extensions>
      </trkpt>
      <trkpt lat="45.70034380070865154266357421875" lon="126.5970698185265064239501953125">
        <ele>155</ele>
        <time>2026-08-06T23:25:18.000Z</time>
        <extensions>
          <ns3:TrackPointExtension>
            <ns3:hr>175</ns3:hr>
            <ns3:cad>86</ns3:cad>
          </ns3:TrackPointExtension>
        </extensions>
      </trkpt>
      <trkpt lat="45.70036827586591243743896484375" lon="126.597068645060062408447265625">
        <ele>155</ele>
        <time>2026-08-06T23:25:19.000Z</time>
        <extensions>
          <ns3:TrackPointExtension>
            <ns3:hr>175</ns3:hr>
            <ns3:cad>86</ns3:cad>
          </ns3:TrackPointExtension>
        </extensions>
      </trkpt>
      <trkpt lat="45.70039493031799793243408203125" lon="126.597073338925838470458984375">
        <ele>155</ele>
        <time>2026-08-06T23:25:20.000Z</time>
        <extensions>
          <ns3:TrackPointExtension>
            <ns3:hr>175</ns3:hr>
            <ns3:cad>87</ns3:cad>
          </ns3:TrackPointExtension>
        </extensions>
      </trkpt>
      <trkpt lat="45.700419656932353973388671875" lon="126.59707124345004558563232421875">
        <ele>155.1999969482421875</ele>
        <time>2026-08-06T23:25:21.000Z</time>
        <extensions>
          <ns3:TrackPointExtension>
            <ns3:hr>175</ns3:hr>
            <ns3:cad>87</ns3:cad>
          </ns3:TrackPointExtension>
        </extensions>
      </trkpt>
      <trkpt lat="45.70044589228928089141845703125" lon="126.59707325510680675506591796875">
        <ele>155</ele>
        <time>2026-08-06T23:25:22.000Z</time>
        <extensions>
          <ns3:TrackPointExtension>
            <ns3:hr>175</ns3:hr>
            <ns3:cad>87</ns3:cad>
          </ns3:TrackPointExtension>
        </extensions>
      </trkpt>
      <trkpt lat="45.70046952925622463226318359375" lon="126.5970728360116481781005859375">
        <ele>155</ele>
        <time>2026-08-06T23:25:23.000Z</time>
        <extensions>
          <ns3:TrackPointExtension>
            <ns3:hr>175</ns3:hr>
            <ns3:cad>87</ns3:cad>
          </ns3:TrackPointExtension>
        </extensions>
      </trkpt>
      <trkpt lat="45.70049853064119815826416015625" lon="126.597074009478092193603515625">
        <ele>155</ele>
        <time>2026-08-06T23:25:24.000Z</time>
        <extensions>
          <ns3:TrackPointExtension>
            <ns3:hr>175</ns3:hr>
            <ns3:cad>86</ns3:cad>
          </ns3:TrackPointExtension>
        </extensions>
      </trkpt>
      <trkpt lat="45.7005194015800952911376953125" lon="126.59706923179328441619873046875">
        <ele>154.8000030517578125</ele>
        <time>2026-08-06T23:25:25.000Z</time>
        <extensions>
          <ns3:TrackPointExtension>
            <ns3:hr>176</ns3:hr>
            <ns3:cad>86</ns3:cad>
          </ns3:TrackPointExtension>
        </extensions>
      </trkpt>
      <trkpt lat="45.7005455531179904937744140625" lon="126.5970678068697452545166015625">
        <ele>154.8000030517578125</ele>
        <time>2026-08-06T23:25:26.000Z</time>
        <extensions>
          <ns3:TrackPointExtension>
            <ns3:hr>175</ns3:hr>
            <ns3:cad>86</ns3:cad>
          </ns3:TrackPointExtension>
        </extensions>
      </trkpt>
      <trkpt lat="45.7005683518946170806884765625" lon="126.59707107581198215484619140625">
        <ele>154.8000030517578125</ele>
        <time>2026-08-06T23:25:27.000Z</time>
        <extensions>
          <ns3:TrackPointExtension>
            <ns3:hr>175</ns3:hr>
            <ns3:cad>86</ns3:cad>
          </ns3:TrackPointExtension>
        </extensions>
      </trkpt>
      <trkpt lat="45.7005921564996242523193359375" lon="126.5970671363174915313720703125">
        <ele>155</ele>
        <time>2026-08-06T23:25:28.000Z</time>
        <extensions>
          <ns3:TrackPointExtension>
            <ns3:hr>176</ns3:hr>
            <ns3:cad>86</ns3:cad>
          </ns3:TrackPointExtension>
        </extensions>
      </trkpt>
      <trkpt lat="45.700617134571075439453125" lon="126.59706705249845981597900390625">
        <ele>155.1999969482421875</ele>
        <time>2026-08-06T23:25:29.000Z</time>
        <extensions>
          <ns3:TrackPointExtension>
            <ns3:hr>176</ns3:hr>
            <ns3:cad>86</ns3:cad>
          </ns3:TrackPointExtension>
        </extensions>
      </trkpt>
      <trkpt lat="45.70064370520412921905517578125" lon="126.5970637835562229156494140625">
        <ele>155.399993896484375</ele>
        <time>2026-08-06T23:25:30.000Z</time>
        <extensions>
          <ns3:TrackPointExtension>
            <ns3:hr>176</ns3:hr>
            <ns3:cad>87</ns3:cad>
          </ns3:TrackPointExtension>
        </extensions>
      </trkpt>
      <trkpt lat="45.70067086257040500640869140625" lon="126.5970684774219989776611328125">
        <ele>155.399993896484375</ele>
        <time>2026-08-06T23:25:31.000Z</time>
        <extensions>
          <ns3:TrackPointExtension>
            <ns3:hr>175</ns3:hr>
            <ns3:cad>87</ns3:cad>
          </ns3:TrackPointExtension>
        </extensions>
      </trkpt>
      <trkpt lat="45.7006944157183170318603515625" lon="126.59706495702266693115234375">
        <ele>155.1999969482421875</ele>
        <time>2026-08-06T23:25:32.000Z</time>
        <extensions>
          <ns3:TrackPointExtension>
            <ns3:hr>175</ns3:hr>
            <ns3:cad>87</ns3:cad>
          </ns3:TrackPointExtension>
        </extensions>
      </trkpt>
      <trkpt lat="45.70072869770228862762451171875" lon="126.597068309783935546875">
        <ele>155.1999969482421875</ele>
        <time>2026-08-06T23:25:33.000Z</time>
        <extensions>
          <ns3:TrackPointExtension>
            <ns3:hr>175</ns3:hr>
            <ns3:cad>87</ns3:cad>
          </ns3:TrackPointExtension>
        </extensions>
      </trkpt>
      <trkpt lat="45.7007561065256595611572265625" lon="126.59705934114754199981689453125">
        <ele>155.1999969482421875</ele>
        <time>2026-08-06T23:25:34.000Z</time>
        <extensions>
          <ns3:TrackPointExtension>
            <ns3:hr>175</ns3:hr>
            <ns3:cad>88</ns3:cad>
          </ns3:TrackPointExtension>
        </extensions>
      </trkpt>
      <trkpt lat="45.7007812522351741790771484375" lon="126.59704693593084812164306640625">
        <ele>155</ele>
        <time>2026-08-06T23:25:35.000Z</time>
        <extensions>
          <ns3:TrackPointExtension>
            <ns3:hr>176</ns3:hr>
            <ns3:cad>88</ns3:cad>
          </ns3:TrackPointExtension>
        </extensions>
      </trkpt>
      <trkpt lat="45.700803212821483612060546875" lon="126.59702606499195098876953125">
        <ele>155</ele>
        <time>2026-08-06T23:25:36.000Z</time>
        <extensions>
          <ns3:TrackPointExtension>
            <ns3:hr>176</ns3:hr>
            <ns3:cad>88</ns3:cad>
          </ns3:TrackPointExtension>
        </extensions>
      </trkpt>
      <trkpt lat="45.7008214853703975677490234375" lon="126.59699077717959880828857421875">
        <ele>155</ele>
        <time>2026-08-06T23:25:37.000Z</time>
        <extensions>
          <ns3:TrackPointExtension>
            <ns3:hr>176</ns3:hr>
            <ns3:cad>88</ns3:cad>
          </ns3:TrackPointExtension>
        </extensions>
      </trkpt>
      <trkpt lat="45.70083095692098140716552734375" lon="126.5969489514827728271484375">
        <ele>155</ele>
        <time>2026-08-06T23:25:38.000Z</time>
        <extensions>
          <ns3:TrackPointExtension>
            <ns3:hr>176</ns3:hr>
            <ns3:cad>87</ns3:cad>
          </ns3:TrackPointExtension>
        </extensions>
      </trkpt>
      <trkpt lat="45.70083196274936199188232421875" lon="126.5969155915081501007080078125">
        <ele>154.8000030517578125</ele>
        <time>2026-08-06T23:25:39.000Z</time>
        <extensions>
          <ns3:TrackPointExtension>
            <ns3:hr>177</ns3:hr>
            <ns3:cad>87</ns3:cad>
          </ns3:TrackPointExtension>
        </extensions>
      </trkpt>
      <trkpt lat="45.700829029083251953125" lon="126.5968750230967998504638671875">
        <ele>154.8000030517578125</ele>
        <time>2026-08-06T23:25:40.000Z</time>
        <extensions>
          <ns3:TrackPointExtension>
            <ns3:hr>177</ns3:hr>
            <ns3:cad>87</ns3:cad>
          </ns3:TrackPointExtension>
        </extensions>
      </trkpt>
      <trkpt lat="45.7008315436542034149169921875" lon="126.5968384779989719390869140625">
        <ele>154.600006103515625</ele>
        <time>2026-08-06T23:25:41.000Z</time>
        <extensions>
          <ns3:TrackPointExtension>
            <ns3:hr>177</ns3:hr>
            <ns3:cad>86</ns3:cad>
          </ns3:TrackPointExtension>
        </extensions>
      </trkpt>
      <trkpt lat="45.70083280093967914581298828125" lon="126.5967995859682559967041015625">
        <ele>154.399993896484375</ele>
        <time>2026-08-06T23:25:42.000Z</time>
        <extensions>
          <ns3:TrackPointExtension>
            <ns3:hr>177</ns3:hr>
            <ns3:cad>85</ns3:cad>
          </ns3:TrackPointExtension>
        </extensions>
      </trkpt>
      <trkpt lat="45.70082659833133220672607421875" lon="126.5967700816690921783447265625">
        <ele>154.1999969482421875</ele>
        <time>2026-08-06T23:25:43.000Z</time>
        <extensions>
          <ns3:TrackPointExtension>
            <ns3:hr>177</ns3:hr>
            <ns3:cad>85</ns3:cad>
          </ns3:TrackPointExtension>
        </extensions>
      </trkpt>
      <trkpt lat="45.70082006044685840606689453125" lon="126.59673965536057949066162109375">
        <ele>153.8000030517578125</ele>
        <time>2026-08-06T23:25:44.000Z</time>
        <extensions>
          <ns3:TrackPointExtension>
            <ns3:hr>177</ns3:hr>
            <ns3:cad>84</ns3:cad>
          </ns3:TrackPointExtension>
        </extensions>
      </trkpt>
      <trkpt lat="45.7008151151239871978759765625" lon="126.5967010147869586944580078125">
        <ele>153.600006103515625</ele>
        <time>2026-08-06T23:25:45.000Z</time>
        <extensions>
          <ns3:TrackPointExtension>
            <ns3:hr>176</ns3:hr>
            <ns3:cad>84</ns3:cad>
          </ns3:TrackPointExtension>
        </extensions>
      </trkpt>
      <trkpt lat="45.70080832578241825103759765625" lon="126.5966775454580783843994140625">
        <ele>153.399993896484375</ele>
        <time>2026-08-06T23:25:46.000Z</time>
        <extensions>
          <ns3:TrackPointExtension>
            <ns3:hr>176</ns3:hr>
            <ns3:cad>84</ns3:cad>
          </ns3:TrackPointExtension>
        </extensions>
      </trkpt>
      <trkpt lat="45.70080262608826160430908203125" lon="126.5966458618640899658203125">
        <ele>153.1999969482421875</ele>
        <time>2026-08-06T23:25:47.000Z</time>
        <extensions>
          <ns3:TrackPointExtension>
            <ns3:hr>175</ns3:hr>
            <ns3:cad>84</ns3:cad>
          </ns3:TrackPointExtension>
        </extensions>
      </trkpt>
      <trkpt lat="45.70079617202281951904296875" lon="126.59661124460399150848388671875">
        <ele>152.8000030517578125</ele>
        <time>2026-08-06T23:25:48.000Z</time>
        <extensions>
          <ns3:TrackPointExtension>
            <ns3:hr>175</ns3:hr>
            <ns3:cad>84</ns3:cad>
          </ns3:TrackPointExtension>
        </extensions>
      </trkpt>
      <trkpt lat="45.70079323835670948028564453125" lon="126.59658341668546199798583984375">
        <ele>152.600006103515625</ele>
        <time>2026-08-06T23:25:49.000Z</time>
        <extensions>
          <ns3:TrackPointExtension>
            <ns3:hr>175</ns3:hr>
            <ns3:cad>84</ns3:cad>
          </ns3:TrackPointExtension>
        </extensions>
      </trkpt>
      <trkpt lat="45.70078468881547451019287109375" lon="126.59654938615858554840087890625">
        <ele>152.399993896484375</ele>
        <time>2026-08-06T23:25:50.000Z</time>
        <extensions>
          <ns3:TrackPointExtension>
            <ns3:hr>175</ns3:hr>
            <ns3:cad>84</ns3:cad>
          </ns3:TrackPointExtension>
        </extensions>
      </trkpt>
      <trkpt lat="45.70077739655971527099609375" lon="126.59651778638362884521484375">
        <ele>152.1999969482421875</ele>
        <time>2026-08-06T23:25:51.000Z</time>
        <extensions>
          <ns3:TrackPointExtension>
            <ns3:hr>175</ns3:hr>
            <ns3:cad>84</ns3:cad>
          </ns3:TrackPointExtension>
        </extensions>
      </trkpt>
      <trkpt lat="45.7007748819887638092041015625" lon="126.59648182801902294158935546875">
        <ele>151.8000030517578125</ele>
        <time>2026-08-06T23:25:52.000Z</time>
        <extensions>
          <ns3:TrackPointExtension>
            <ns3:hr>175</ns3:hr>
            <ns3:cad>84</ns3:cad>
          </ns3:TrackPointExtension>
        </extensions>
      </trkpt>
      <trkpt lat="45.7007708586752414703369140625" lon="126.5964482165873050689697265625">
        <ele>151.600006103515625</ele>
        <time>2026-08-06T23:25:53.000Z</time>
        <extensions>
          <ns3:TrackPointExtension>
            <ns3:hr>175</ns3:hr>
            <ns3:cad>84</ns3:cad>
          </ns3:TrackPointExtension>
        </extensions>
      </trkpt>
      <trkpt lat="45.700771026313304901123046875" lon="126.59640454687178134918212890625">
        <ele>151.399993896484375</ele>
        <time>2026-08-06T23:25:54.000Z</time>
        <extensions>
          <ns3:TrackPointExtension>
            <ns3:hr>175</ns3:hr>
            <ns3:cad>84</ns3:cad>
          </ns3:TrackPointExtension>
        </extensions>
      </trkpt>
      <trkpt lat="45.7007698528468608856201171875" lon="126.59636582247912883758544921875">
        <ele>151</ele>
        <time>2026-08-06T23:25:55.000Z</time>
        <extensions>
          <ns3:TrackPointExtension>
            <ns3:hr>174</ns3:hr>
            <ns3:cad>85</ns3:cad>
          </ns3:TrackPointExtension>
        </extensions>
      </trkpt>
      <trkpt lat="45.70076591335237026214599609375" lon="126.596329696476459503173828125">
        <ele>150.600006103515625</ele>
        <time>2026-08-06T23:25:56.000Z</time>
        <extensions>
          <ns3:TrackPointExtension>
            <ns3:hr>174</ns3:hr>
            <ns3:cad>85</ns3:cad>
          </ns3:TrackPointExtension>
        </extensions>
      </trkpt>
      <trkpt lat="45.70076541043817996978759765625" lon="126.59628971479833126068115234375">
        <ele>150.399993896484375</ele>
        <time>2026-08-06T23:25:57.000Z</time>
        <extensions>
          <ns3:TrackPointExtension>
            <ns3:hr>174</ns3:hr>
            <ns3:cad>85</ns3:cad>
          </ns3:TrackPointExtension>
        </extensions>
      </trkpt>
      <trkpt lat="45.7007621414959430694580078125" lon="126.59625585190951824188232421875">
        <ele>150.1999969482421875</ele>
        <time>2026-08-06T23:25:58.000Z</time>
        <extensions>
          <ns3:TrackPointExtension>
            <ns3:hr>174</ns3:hr>
            <ns3:cad>85</ns3:cad>
          </ns3:TrackPointExtension>
        </extensions>
      </trkpt>
      <trkpt lat="45.70076406933367252349853515625" lon="126.59621478058397769927978515625">
        <ele>150</ele>
        <time>2026-08-06T23:25:59.000Z</time>
        <extensions>
          <ns3:TrackPointExtension>
            <ns3:hr>174</ns3:hr>
            <ns3:cad>86</ns3:cad>
          </ns3:TrackPointExtension>
        </extensions>
      </trkpt>
      <trkpt lat="45.70076256059110164642333984375" lon="126.59617873840034008026123046875">
        <ele>149.8000030517578125</ele>
        <time>2026-08-06T23:26:00.000Z</time>
        <extensions>
          <ns3:TrackPointExtension>
            <ns3:hr>173</ns3:hr>
            <ns3:cad>86</ns3:cad>
          </ns3:TrackPointExtension>
        </extensions>
      </trkpt>
      <trkpt lat="45.70075987838208675384521484375" lon="126.596141271293163299560546875">
        <ele>149.8000030517578125</ele>
        <time>2026-08-06T23:26:01.000Z</time>
        <extensions>
          <ns3:TrackPointExtension>
            <ns3:hr>173</ns3:hr>
            <ns3:cad>86</ns3:cad>
          </ns3:TrackPointExtension>
        </extensions>
      </trkpt>
      <trkpt lat="45.7007539272308349609375" lon="126.5961092524230480194091796875">
        <ele>149.8000030517578125</ele>
        <time>2026-08-06T23:26:02.000Z</time>
        <extensions>
          <ns3:TrackPointExtension>
            <ns3:hr>173</ns3:hr>
            <ns3:cad>86</ns3:cad>
          </ns3:TrackPointExtension>
        </extensions>
      </trkpt>
      <trkpt lat="45.7007457129657268524169921875" lon="126.5960825979709625244140625">
        <ele>149.600006103515625</ele>
        <time>2026-08-06T23:26:03.000Z</time>
        <extensions>
          <ns3:TrackPointExtension>
            <ns3:hr>173</ns3:hr>
            <ns3:cad>86</ns3:cad>
          </ns3:TrackPointExtension>
        </extensions>
      </trkpt>
      <trkpt lat="45.70073255337774753570556640625" lon="126.59605870954692363739013671875">
        <ele>149.600006103515625</ele>
        <time>2026-08-06T23:26:04.000Z</time>
        <extensions>
          <ns3:TrackPointExtension>
            <ns3:hr>173</ns3:hr>
            <ns3:cad>86</ns3:cad>
          </ns3:TrackPointExtension>
        </extensions>
      </trkpt>
      <trkpt lat="45.70071713067591190338134765625" lon="126.596047393977642059326171875">
        <ele>149.600006103515625</ele>
        <time>2026-08-06T23:26:05.000Z</time>
        <extensions>
          <ns3:TrackPointExtension>
            <ns3:hr>173</ns3:hr>
            <ns3:cad>86</ns3:cad>
          </ns3:TrackPointExtension>
        </extensions>
      </trkpt>
      <trkpt lat="45.7006977684795856475830078125" lon="126.59602769650518894195556640625">
        <ele>149.399993896484375</ele>
        <time>2026-08-06T23:26:06.000Z</time>
        <extensions>
          <ns3:TrackPointExtension>
            <ns3:hr>172</ns3:hr>
            <ns3:cad>86</ns3:cad>
          </ns3:TrackPointExtension>
        </extensions>
      </trkpt>
      <trkpt lat="45.70068075321614742279052734375" lon="126.59601512365043163299560546875">
        <ele>149.399993896484375</ele>
        <time>2026-08-06T23:26:07.000Z</time>
        <extensions>
          <ns3:TrackPointExtension>
            <ns3:hr>172</ns3:hr>
            <ns3:cad>86</ns3:cad>
          </ns3:TrackPointExtension>
        </extensions>
      </trkpt>
      <trkpt lat="45.70065443404018878936767578125" lon="126.5960106812417507171630859375">
        <ele>149.399993896484375</ele>
        <time>2026-08-06T23:26:08.000Z</time>
        <extensions>
          <ns3:TrackPointExtension>
            <ns3:hr>171</ns3:hr>
            <ns3:cad>86</ns3:cad>
          </ns3:TrackPointExtension>
        </extensions>
      </trkpt>
      <trkpt lat="45.70063448511064052581787109375" lon="126.59600875340402126312255859375">
        <ele>149.399993896484375</ele>
        <time>2026-08-06T23:26:09.000Z</time>
        <extensions>
          <ns3:TrackPointExtension>
            <ns3:hr>170</ns3:hr>
            <ns3:cad>86</ns3:cad>
          </ns3:TrackPointExtension>
        </extensions>
      </trkpt>
      <trkpt lat="45.7006122730672359466552734375" lon="126.59600288607180118560791015625">
        <ele>149.399993896484375</ele>
        <time>2026-08-06T23:26:10.000Z</time>
        <extensions>
          <ns3:TrackPointExtension>
            <ns3:hr>170</ns3:hr>
            <ns3:cad>86</ns3:cad>
          </ns3:TrackPointExtension>
        </extensions>
      </trkpt>
      <trkpt lat="45.70058838464319705963134765625" lon="126.59599198959767818450927734375">
        <ele>149.399993896484375</ele>
        <time>2026-08-06T23:26:11.000Z</time>
        <extensions>
          <ns3:TrackPointExtension>
            <ns3:hr>169</ns3:hr>
            <ns3:cad>86</ns3:cad>
          </ns3:TrackPointExtension>
        </extensions>
      </trkpt>
      <trkpt lat="45.70056592114269733428955078125" lon="126.59598595462739467620849609375">
        <ele>149.399993896484375</ele>
        <time>2026-08-06T23:26:12.000Z</time>
        <extensions>
          <ns3:TrackPointExtension>
            <ns3:hr>169</ns3:hr>
            <ns3:cad>86</ns3:cad>
          </ns3:TrackPointExtension>
        </extensions>
      </trkpt>
      <trkpt lat="45.70053675211966037750244140625" lon="126.59598805010318756103515625">
        <ele>149.600006103515625</ele>
        <time>2026-08-06T23:26:13.000Z</time>
        <extensions>
          <ns3:TrackPointExtension>
            <ns3:hr>169</ns3:hr>
            <ns3:cad>86</ns3:cad>
          </ns3:TrackPointExtension>
        </extensions>
      </trkpt>
      <trkpt lat="45.70051143877208232879638671875" lon="126.5959875471889972686767578125">
        <ele>149.600006103515625</ele>
        <time>2026-08-06T23:26:14.000Z</time>
        <extensions>
          <ns3:TrackPointExtension>
            <ns3:hr>168</ns3:hr>
            <ns3:cad>86</ns3:cad>
          </ns3:TrackPointExtension>
        </extensions>
      </trkpt>
      <trkpt lat="45.70048235356807708740234375" lon="126.59599006175994873046875">
        <ele>149.600006103515625</ele>
        <time>2026-08-06T23:26:15.000Z</time>
        <extensions>
          <ns3:TrackPointExtension>
            <ns3:hr>168</ns3:hr>
            <ns3:cad>86</ns3:cad>
          </ns3:TrackPointExtension>
        </extensions>
      </trkpt>
      <trkpt lat="45.70045142434537410736083984375" lon="126.59599835984408855438232421875">
        <ele>149.600006103515625</ele>
        <time>2026-08-06T23:26:16.000Z</time>
        <extensions>
          <ns3:TrackPointExtension>
            <ns3:hr>168</ns3:hr>
            <ns3:cad>86</ns3:cad>
          </ns3:TrackPointExtension>
        </extensions>
      </trkpt>
      <trkpt lat="45.700427703559398651123046875" lon="126.5960036404430866241455078125">
        <ele>149.600006103515625</ele>
        <time>2026-08-06T23:26:17.000Z</time>
        <extensions>
          <ns3:TrackPointExtension>
            <ns3:hr>168</ns3:hr>
            <ns3:cad>86</ns3:cad>
          </ns3:TrackPointExtension>
        </extensions>
      </trkpt>
      <trkpt lat="45.70040532387793064117431640625" lon="126.5960073284804821014404296875">
        <ele>149.600006103515625</ele>
        <time>2026-08-06T23:26:18.000Z</time>
        <extensions>
          <ns3:TrackPointExtension>
            <ns3:hr>168</ns3:hr>
            <ns3:cad>86</ns3:cad>
          </ns3:TrackPointExtension>
        </extensions>
      </trkpt>
      <trkpt lat="45.7003832794725894927978515625" lon="126.596014201641082763671875">
        <ele>149.600006103515625</ele>
        <time>2026-08-06T23:26:19.000Z</time>
        <extensions>
          <ns3:TrackPointExtension>
            <ns3:hr>168</ns3:hr>
            <ns3:cad>86</ns3:cad>
          </ns3:TrackPointExtension>
        </extensions>
      </trkpt>
      <trkpt lat="45.70036232471466064453125" lon="126.59601663239300251007080078125">
        <ele>149.600006103515625</ele>
        <time>2026-08-06T23:26:20.000Z</time>
        <extensions>
          <ns3:TrackPointExtension>
            <ns3:hr>168</ns3:hr>
            <ns3:cad>86</ns3:cad>
          </ns3:TrackPointExtension>
        </extensions>
      </trkpt>
      <trkpt lat="45.70034480653703212738037109375" lon="126.59602300263941287994384765625">
        <ele>149.600006103515625</ele>
        <time>2026-08-06T23:26:21.000Z</time>
        <extensions>
          <ns3:TrackPointExtension>
            <ns3:hr>168</ns3:hr>
            <ns3:cad>86</ns3:cad>
          </ns3:TrackPointExtension>
        </extensions>
      </trkpt>
      <trkpt lat="45.7003192417323589324951171875" lon="126.596027947962284088134765625">
        <ele>149.600006103515625</ele>
        <time>2026-08-06T23:26:22.000Z</time>
        <extensions>
          <ns3:TrackPointExtension>
            <ns3:hr>168</ns3:hr>
            <ns3:cad>86</ns3:cad>
          </ns3:TrackPointExtension>
        </extensions>
      </trkpt>
      <trkpt lat="45.700299628078937530517578125" lon="126.59602819941937923431396484375">
        <ele>149.600006103515625</ele>
        <time>2026-08-06T23:26:23.000Z</time>
        <extensions>
          <ns3:TrackPointExtension>
            <ns3:hr>168</ns3:hr>
            <ns3:cad>86</ns3:cad>
          </ns3:TrackPointExtension>
        </extensions>
      </trkpt>
      <trkpt lat="45.7002724707126617431640625" lon="126.59602333791553974151611328125">
        <ele>149.600006103515625</ele>
        <time>2026-08-06T23:26:24.000Z</time>
        <extensions>
          <ns3:TrackPointExtension>
            <ns3:hr>168</ns3:hr>
            <ns3:cad>86</ns3:cad>
          </ns3:TrackPointExtension>
        </extensions>
      </trkpt>
      <trkpt lat="45.7002536952495574951171875" lon="126.59600070677697658538818359375">
        <ele>149.8000030517578125</ele>
        <time>2026-08-06T23:26:25.000Z</time>
        <extensions>
          <ns3:TrackPointExtension>
            <ns3:hr>168</ns3:hr>
            <ns3:cad>86</ns3:cad>
          </ns3:TrackPointExtension>
        </extensions>
      </trkpt>
      <trkpt lat="45.7002404518425464630126953125" lon="126.59597086720168590545654296875">
        <ele>149.8000030517578125</ele>
        <time>2026-08-06T23:26:26.000Z</time>
        <extensions>
          <ns3:TrackPointExtension>
            <ns3:hr>168</ns3:hr>
            <ns3:cad>84</ns3:cad>
          </ns3:TrackPointExtension>
        </extensions>
      </trkpt>
      <trkpt lat="45.7002268731594085693359375" lon="126.595938764512538909912109375">
        <ele>149.600006103515625</ele>
        <time>2026-08-06T23:26:27.000Z</time>
        <extensions>
          <ns3:TrackPointExtension>
            <ns3:hr>168</ns3:hr>
            <ns3:cad>84</ns3:cad>
          </ns3:TrackPointExtension>
        </extensions>
      </trkpt>
      <trkpt lat="45.700211115181446075439453125" lon="126.595924012362957000732421875">
        <ele>149.600006103515625</ele>
        <time>2026-08-06T23:26:28.000Z</time>
        <extensions>
          <ns3:TrackPointExtension>
            <ns3:hr>168</ns3:hr>
            <ns3:cad>84</ns3:cad>
          </ns3:TrackPointExtension>
        </extensions>
      </trkpt>
      <trkpt lat="45.700190998613834381103515625" lon="126.5958943404257297515869140625">
        <ele>149.399993896484375</ele>
        <time>2026-08-06T23:26:29.000Z</time>
        <extensions>
          <ns3:TrackPointExtension>
            <ns3:hr>168</ns3:hr>
            <ns3:cad>84</ns3:cad>
          </ns3:TrackPointExtension>
        </extensions>
      </trkpt>
      <trkpt lat="45.70017901249229907989501953125" lon="126.59586994908750057220458984375">
        <ele>149.399993896484375</ele>
        <time>2026-08-06T23:26:30.000Z</time>
        <extensions>
          <ns3:TrackPointExtension>
            <ns3:hr>168</ns3:hr>
            <ns3:cad>85</ns3:cad>
          </ns3:TrackPointExtension>
        </extensions>
      </trkpt>
      <trkpt lat="45.700166188180446624755859375" lon="126.59584178589284420013427734375">
        <ele>149.399993896484375</ele>
        <time>2026-08-06T23:26:31.000Z</time>
        <extensions>
          <ns3:TrackPointExtension>
            <ns3:hr>167</ns3:hr>
            <ns3:cad>85</ns3:cad>
          </ns3:TrackPointExtension>
        </extensions>
      </trkpt>
      <trkpt lat="45.700158141553401947021484375" lon="126.59581077285110950469970703125">
        <ele>149.399993896484375</ele>
        <time>2026-08-06T23:26:32.000Z</time>
        <extensions>
          <ns3:TrackPointExtension>
            <ns3:hr>167</ns3:hr>
            <ns3:cad>85</ns3:cad>
          </ns3:TrackPointExtension>
        </extensions>
      </trkpt>
      <trkpt lat="45.70015420205891132354736328125" lon="126.5957739762961864471435546875">
        <ele>149.399993896484375</ele>
        <time>2026-08-06T23:26:33.000Z</time>
        <extensions>
          <ns3:TrackPointExtension>
            <ns3:hr>167</ns3:hr>
            <ns3:cad>86</ns3:cad>
          </ns3:TrackPointExtension>
        </extensions>
      </trkpt>
      <trkpt lat="45.70014481432735919952392578125" lon="126.5957370959222316741943359375">
        <ele>149.399993896484375</ele>
        <time>2026-08-06T23:26:34.000Z</time>
        <extensions>
          <ns3:TrackPointExtension>
            <ns3:hr>167</ns3:hr>
            <ns3:cad>86</ns3:cad>
          </ns3:TrackPointExtension>
        </extensions>
      </trkpt>
      <trkpt lat="45.70014028809964656829833984375" lon="126.59570482559502124786376953125">
        <ele>149.1999969482421875</ele>
        <time>2026-08-06T23:26:35.000Z</time>
        <extensions>
          <ns3:TrackPointExtension>
            <ns3:hr>167</ns3:hr>
            <ns3:cad>86</ns3:cad>
          </ns3:TrackPointExtension>
        </extensions>
      </trkpt>
      <trkpt lat="45.7001324929296970367431640625" lon="126.5956660173833370208740234375">
        <ele>149.1999969482421875</ele>
        <time>2026-08-06T23:26:36.000Z</time>
        <extensions>
          <ns3:TrackPointExtension>
            <ns3:hr>167</ns3:hr>
            <ns3:cad>86</ns3:cad>
          </ns3:TrackPointExtension>
        </extensions>
      </trkpt>
      <trkpt lat="45.7001281343400478363037109375" lon="126.59563659690320491790771484375">
        <ele>149.1999969482421875</ele>
        <time>2026-08-06T23:26:37.000Z</time>
        <extensions>
          <ns3:TrackPointExtension>
            <ns3:hr>167</ns3:hr>
            <ns3:cad>86</ns3:cad>
          </ns3:TrackPointExtension>
        </extensions>
      </trkpt>
      <trkpt lat="45.70012017153203487396240234375" lon="126.5956019796431064605712890625">
        <ele>149.399993896484375</ele>
        <time>2026-08-06T23:26:38.000Z</time>
        <extensions>
          <ns3:TrackPointExtension>
            <ns3:hr>167</ns3:hr>
            <ns3:cad>86</ns3:cad>
          </ns3:TrackPointExtension>
        </extensions>
      </trkpt>
      <trkpt lat="45.70011178962886333465576171875" lon="126.59557163715362548828125">
        <ele>149.399993896484375</ele>
        <time>2026-08-06T23:26:39.000Z</time>
        <extensions>
          <ns3:TrackPointExtension>
            <ns3:hr>167</ns3:hr>
            <ns3:cad>85</ns3:cad>
          </ns3:TrackPointExtension>
        </extensions>
      </trkpt>
      <trkpt lat="45.700102150440216064453125" lon="126.59554121084511280059814453125">
        <ele>149.399993896484375</ele>
        <time>2026-08-06T23:26:40.000Z</time>
        <extensions>
          <ns3:TrackPointExtension>
            <ns3:hr>166</ns3:hr>
            <ns3:cad>85</ns3:cad>
          </ns3:TrackPointExtension>
        </extensions>
      </trkpt>
      <trkpt lat="45.70009334944188594818115234375" lon="126.59551003016531467437744140625">
        <ele>149.600006103515625</ele>
        <time>2026-08-06T23:26:41.000Z</time>
        <extensions>
          <ns3:TrackPointExtension>
            <ns3:hr>166</ns3:hr>
            <ns3:cad>85</ns3:cad>
          </ns3:TrackPointExtension>
        </extensions>
      </trkpt>
      <trkpt lat="45.70008362643420696258544921875" lon="126.59548371098935604095458984375">
        <ele>149.600006103515625</ele>
        <time>2026-08-06T23:26:42.000Z</time>
        <extensions>
          <ns3:TrackPointExtension>
            <ns3:hr>165</ns3:hr>
            <ns3:cad>85</ns3:cad>
          </ns3:TrackPointExtension>
        </extensions>
      </trkpt>
      <trkpt lat="45.7000761665403842926025390625" lon="126.5954500995576381683349609375">
        <ele>149.8000030517578125</ele>
        <time>2026-08-06T23:26:43.000Z</time>
        <extensions>
          <ns3:TrackPointExtension>
            <ns3:hr>165</ns3:hr>
            <ns3:cad>85</ns3:cad>
          </ns3:TrackPointExtension>
        </extensions>
      </trkpt>
      <trkpt lat="45.7000694610178470611572265625" lon="126.59541942179203033447265625">
        <ele>149.8000030517578125</ele>
        <time>2026-08-06T23:26:44.000Z</time>
        <extensions>
          <ns3:TrackPointExtension>
            <ns3:hr>165</ns3:hr>
            <ns3:cad>85</ns3:cad>
          </ns3:TrackPointExtension>
        </extensions>
      </trkpt>
      <trkpt lat="45.70006133057177066802978515625" lon="126.595391593873500823974609375">
        <ele>150</ele>
        <time>2026-08-06T23:26:45.000Z</time>
        <extensions>
          <ns3:TrackPointExtension>
            <ns3:hr>165</ns3:hr>
            <ns3:cad>86</ns3:cad>
          </ns3:TrackPointExtension>
        </extensions>
      </trkpt>
      <trkpt lat="45.700056217610836029052734375" lon="126.595360077917575836181640625">
        <ele>150</ele>
        <time>2026-08-06T23:26:46.000Z</time>
        <extensions>
          <ns3:TrackPointExtension>
            <ns3:hr>166</ns3:hr>
            <ns3:cad>86</ns3:cad>
          </ns3:TrackPointExtension>
        </extensions>
      </trkpt>
      <trkpt lat="45.70004808716475963592529296875" lon="126.5953273884952068328857421875">
        <ele>150</ele>
        <time>2026-08-06T23:26:47.000Z</time>
        <extensions>
          <ns3:TrackPointExtension>
            <ns3:hr>166</ns3:hr>
            <ns3:cad>86</ns3:cad>
          </ns3:TrackPointExtension>
        </extensions>
      </trkpt>
      <trkpt lat="45.70004439912736415863037109375" lon="126.59528925083577632904052734375">
        <ele>150.1999969482421875</ele>
        <time>2026-08-06T23:26:48.000Z</time>
        <extensions>
          <ns3:TrackPointExtension>
            <ns3:hr>167</ns3:hr>
            <ns3:cad>85</ns3:cad>
          </ns3:TrackPointExtension>
        </extensions>
      </trkpt>
      <trkpt lat="45.7000399567186832427978515625" lon="126.59525874070823192596435546875">
        <ele>150.1999969482421875</ele>
        <time>2026-08-06T23:26:49.000Z</time>
        <extensions>
          <ns3:TrackPointExtension>
            <ns3:hr>168</ns3:hr>
            <ns3:cad>86</ns3:cad>
          </ns3:TrackPointExtension>
        </extensions>
      </trkpt>
      <trkpt lat="45.70003333501517772674560546875" lon="126.595223955810070037841796875">
        <ele>150</ele>
        <time>2026-08-06T23:26:50.000Z</time>
        <extensions>
          <ns3:TrackPointExtension>
            <ns3:hr>168</ns3:hr>
            <ns3:cad>86</ns3:cad>
          </ns3:TrackPointExtension>
        </extensions>
      </trkpt>
      <trkpt lat="45.70002512075006961822509765625" lon="126.59519411623477935791015625">
        <ele>150</ele>
        <time>2026-08-06T23:26:51.000Z</time>
        <extensions>
          <ns3:TrackPointExtension>
            <ns3:hr>169</ns3:hr>
            <ns3:cad>86</ns3:cad>
          </ns3:TrackPointExtension>
        </extensions>
      </trkpt>
      <trkpt lat="45.70001699030399322509765625" lon="126.595160253345966339111328125">
        <ele>150</ele>
        <time>2026-08-06T23:26:52.000Z</time>
        <extensions>
          <ns3:TrackPointExtension>
            <ns3:hr>169</ns3:hr>
            <ns3:cad>86</ns3:cad>
          </ns3:TrackPointExtension>
        </extensions>
      </trkpt>
      <trkpt lat="45.70001221261918544769287109375" lon="126.59512831829488277435302734375">
        <ele>150</ele>
        <time>2026-08-06T23:26:53.000Z</time>
        <extensions>
          <ns3:TrackPointExtension>
            <ns3:hr>170</ns3:hr>
            <ns3:cad>87</ns3:cad>
          </ns3:TrackPointExtension>
        </extensions>
      </trkpt>
      <trkpt lat="45.70000626146793365478515625" lon="126.59509487450122833251953125">
        <ele>150</ele>
        <time>2026-08-06T23:26:54.000Z</time>
        <extensions>
          <ns3:TrackPointExtension>
            <ns3:hr>170</ns3:hr>
            <ns3:cad>87</ns3:cad>
          </ns3:TrackPointExtension>
        </extensions>
      </trkpt>
      <trkpt lat="45.6999997235834598541259765625" lon="126.59506260417401790618896484375">
        <ele>150.1999969482421875</ele>
        <time>2026-08-06T23:26:55.000Z</time>
        <extensions>
          <ns3:TrackPointExtension>
            <ns3:hr>171</ns3:hr>
            <ns3:cad>87</ns3:cad>
          </ns3:TrackPointExtension>
        </extensions>
      </trkpt>
      <trkpt lat="45.699991844594478607177734375" lon="126.5950360335409641265869140625">
        <ele>150.399993896484375</ele>
        <time>2026-08-06T23:26:56.000Z</time>
        <extensions>
          <ns3:TrackPointExtension>
            <ns3:hr>171</ns3:hr>
            <ns3:cad>87</ns3:cad>
          </ns3:TrackPointExtension>
        </extensions>
      </trkpt>
      <trkpt lat="45.69998773746192455291748046875" lon="126.595008373260498046875">
        <ele>150.399993896484375</ele>
        <time>2026-08-06T23:26:57.000Z</time>
        <extensions>
          <ns3:TrackPointExtension>
            <ns3:hr>171</ns3:hr>
            <ns3:cad>86</ns3:cad>
          </ns3:TrackPointExtension>
        </extensions>
      </trkpt>
      <trkpt lat="45.69998471997678279876708984375" lon="126.594983227550983428955078125">
        <ele>150.600006103515625</ele>
        <time>2026-08-06T23:26:58.000Z</time>
        <extensions>
          <ns3:TrackPointExtension>
            <ns3:hr>171</ns3:hr>
            <ns3:cad>86</ns3:cad>
          </ns3:TrackPointExtension>
        </extensions>
      </trkpt>
      <trkpt lat="45.69998078048229217529296875" lon="126.59495531581342220306396484375">
        <ele>150.8000030517578125</ele>
        <time>2026-08-06T23:26:59.000Z</time>
        <extensions>
          <ns3:TrackPointExtension>
            <ns3:hr>170</ns3:hr>
            <ns3:cad>86</ns3:cad>
          </ns3:TrackPointExtension>
        </extensions>
      </trkpt>
      <trkpt lat="45.69998036138713359832763671875" lon="126.59492631442844867706298828125">
        <ele>151</ele>
        <time>2026-08-06T23:27:00.000Z</time>
        <extensions>
          <ns3:TrackPointExtension>
            <ns3:hr>170</ns3:hr>
            <ns3:cad>86</ns3:cad>
          </ns3:TrackPointExtension>
        </extensions>
      </trkpt>
      <trkpt lat="45.699974410235881805419921875" lon="126.59489261917769908905029296875">
        <ele>151.1999969482421875</ele>
        <time>2026-08-06T23:27:01.000Z</time>
        <extensions>
          <ns3:TrackPointExtension>
            <ns3:hr>170</ns3:hr>
            <ns3:cad>86</ns3:cad>
          </ns3:TrackPointExtension>
        </extensions>
      </trkpt>
      <trkpt lat="45.69997181184589862823486328125" lon="126.594862528145313262939453125">
        <ele>151.1999969482421875</ele>
        <time>2026-08-06T23:27:02.000Z</time>
        <extensions>
          <ns3:TrackPointExtension>
            <ns3:hr>170</ns3:hr>
            <ns3:cad>86</ns3:cad>
          </ns3:TrackPointExtension>
        </extensions>
      </trkpt>
      <trkpt lat="45.69997080601751804351806640625" lon="126.59482925198972225189208984375">
        <ele>151.399993896484375</ele>
        <time>2026-08-06T23:27:03.000Z</time>
        <extensions>
          <ns3:TrackPointExtension>
            <ns3:hr>170</ns3:hr>
            <ns3:cad>85</ns3:cad>
          </ns3:TrackPointExtension>
        </extensions>
      </trkpt>
      <trkpt lat="45.69997139275074005126953125" lon="126.59479991532862186431884765625">
        <ele>151.399993896484375</ele>
        <time>2026-08-06T23:27:04.000Z</time>
        <extensions>
          <ns3:TrackPointExtension>
            <ns3:hr>170</ns3:hr>
            <ns3:cad>85</ns3:cad>
          </ns3:TrackPointExtension>
        </extensions>
      </trkpt>
      <trkpt lat="45.69996762089431285858154296875" lon="126.59477208741009235382080078125">
        <ele>151.399993896484375</ele>
        <time>2026-08-06T23:27:05.000Z</time>
        <extensions>
          <ns3:TrackPointExtension>
            <ns3:hr>170</ns3:hr>
            <ns3:cad>85</ns3:cad>
          </ns3:TrackPointExtension>
        </extensions>
      </trkpt>
      <trkpt lat="45.699969716370105743408203125" lon="126.5947399847209453582763671875">
        <ele>151.399993896484375</ele>
        <time>2026-08-06T23:27:06.000Z</time>
        <extensions>
          <ns3:TrackPointExtension>
            <ns3:hr>171</ns3:hr>
            <ns3:cad>85</ns3:cad>
          </ns3:TrackPointExtension>
        </extensions>
      </trkpt>
      <trkpt lat="45.69997097365558147430419921875" lon="126.59471106715500354766845703125">
        <ele>151.399993896484375</ele>
        <time>2026-08-06T23:27:07.000Z</time>
        <extensions>
          <ns3:TrackPointExtension>
            <ns3:hr>171</ns3:hr>
            <ns3:cad>85</ns3:cad>
          </ns3:TrackPointExtension>
        </extensions>
      </trkpt>
      <trkpt lat="45.69996577687561511993408203125" lon="126.59467804245650768280029296875">
        <ele>151.399993896484375</ele>
        <time>2026-08-06T23:27:08.000Z</time>
        <extensions>
          <ns3:TrackPointExtension>
            <ns3:hr>172</ns3:hr>
            <ns3:cad>85</ns3:cad>
          </ns3:TrackPointExtension>
        </extensions>
      </trkpt>
      <trkpt lat="45.6999692134559154510498046875" lon="126.5946437604725360870361328125">
        <ele>151.399993896484375</ele>
        <time>2026-08-06T23:27:09.000Z</time>
        <extensions>
          <ns3:TrackPointExtension>
            <ns3:hr>172</ns3:hr>
            <ns3:cad>85</ns3:cad>
          </ns3:TrackPointExtension>
        </extensions>
      </trkpt>
      <trkpt lat="45.699968039989471435546875" lon="126.594616435468196868896484375">
        <ele>151.399993896484375</ele>
        <time>2026-08-06T23:27:10.000Z</time>
        <extensions>
          <ns3:TrackPointExtension>
            <ns3:hr>172</ns3:hr>
            <ns3:cad>86</ns3:cad>
          </ns3:TrackPointExtension>
        </extensions>
      </trkpt>
      <trkpt lat="45.69996544159948825836181640625" lon="126.5945827402174472808837890625">
        <ele>151.399993896484375</ele>
        <time>2026-08-06T23:27:11.000Z</time>
        <extensions>
          <ns3:TrackPointExtension>
            <ns3:hr>172</ns3:hr>
            <ns3:cad>86</ns3:cad>
          </ns3:TrackPointExtension>
        </extensions>
      </trkpt>
      <trkpt lat="45.6999645195901393890380859375" lon="126.5945470333099365234375">
        <ele>151.600006103515625</ele>
        <time>2026-08-06T23:27:12.000Z</time>
        <extensions>
          <ns3:TrackPointExtension>
            <ns3:hr>172</ns3:hr>
            <ns3:cad>86</ns3:cad>
          </ns3:TrackPointExtension>
        </extensions>
      </trkpt>
      <trkpt lat="45.6999571435153484344482421875" lon="126.59450503997504711151123046875">
        <ele>151.600006103515625</ele>
        <time>2026-08-06T23:27:13.000Z</time>
        <extensions>
          <ns3:TrackPointExtension>
            <ns3:hr>172</ns3:hr>
            <ns3:cad>86</ns3:cad>
          </ns3:TrackPointExtension>
        </extensions>
      </trkpt>
      <trkpt lat="45.6999470852315425872802734375" lon="126.59447335638105869293212890625">
        <ele>151.600006103515625</ele>
        <time>2026-08-06T23:27:14.000Z</time>
        <extensions>
          <ns3:TrackPointExtension>
            <ns3:hr>172</ns3:hr>
            <ns3:cad>86</ns3:cad>
          </ns3:TrackPointExtension>
        </extensions>
      </trkpt>
      <trkpt lat="45.69993275217711925506591796875" lon="126.59444309771060943603515625">
        <ele>151.8000030517578125</ele>
        <time>2026-08-06T23:27:15.000Z</time>
        <extensions>
          <ns3:TrackPointExtension>
            <ns3:hr>171</ns3:hr>
            <ns3:cad>86</ns3:cad>
          </ns3:TrackPointExtension>
        </extensions>
      </trkpt>
      <trkpt lat="45.6999157369136810302734375" lon="126.594421304762363433837890625">
        <ele>151.8000030517578125</ele>
        <time>2026-08-06T23:27:16.000Z</time>
        <extensions>
          <ns3:TrackPointExtension>
            <ns3:hr>171</ns3:hr>
            <ns3:cad>86</ns3:cad>
          </ns3:TrackPointExtension>
        </extensions>
      </trkpt>
      <trkpt lat="45.69989704526960849761962890625" lon="126.5944060496985912322998046875">
        <ele>151.8000030517578125</ele>
        <time>2026-08-06T23:27:17.000Z</time>
        <extensions>
          <ns3:TrackPointExtension>
            <ns3:hr>171</ns3:hr>
            <ns3:cad>87</ns3:cad>
          </ns3:TrackPointExtension>
        </extensions>
      </trkpt>
      <trkpt lat="45.69986888207495212554931640625" lon="126.59440152347087860107421875">
        <ele>152</ele>
        <time>2026-08-06T23:27:18.000Z</time>
        <extensions>
          <ns3:TrackPointExtension>
            <ns3:hr>171</ns3:hr>
            <ns3:cad>87</ns3:cad>
          </ns3:TrackPointExtension>
        </extensions>
      </trkpt>
      <trkpt lat="45.69984801113605499267578125" lon="126.5943963266909122467041015625">
        <ele>152.1999969482421875</ele>
        <time>2026-08-06T23:27:19.000Z</time>
        <extensions>
          <ns3:TrackPointExtension>
            <ns3:hr>171</ns3:hr>
            <ns3:cad>87</ns3:cad>
          </ns3:TrackPointExtension>
        </extensions>
      </trkpt>
      <trkpt lat="45.6998218595981597900390625" lon="126.59439892508089542388916015625">
        <ele>152.1999969482421875</ele>
        <time>2026-08-06T23:27:20.000Z</time>
        <extensions>
          <ns3:TrackPointExtension>
            <ns3:hr>170</ns3:hr>
            <ns3:cad>87</ns3:cad>
          </ns3:TrackPointExtension>
        </extensions>
      </trkpt>
      <trkpt lat="45.69979746825993061065673828125" lon="126.59439758397638797760009765625">
        <ele>152.399993896484375</ele>
        <time>2026-08-06T23:27:21.000Z</time>
        <extensions>
          <ns3:TrackPointExtension>
            <ns3:hr>170</ns3:hr>
            <ns3:cad>86</ns3:cad>
          </ns3:TrackPointExtension>
        </extensions>
      </trkpt>
      <trkpt lat="45.69976997561752796173095703125" lon="126.59440060146152973175048828125">
        <ele>152.399993896484375</ele>
        <time>2026-08-06T23:27:22.000Z</time>
        <extensions>
          <ns3:TrackPointExtension>
            <ns3:hr>170</ns3:hr>
            <ns3:cad>86</ns3:cad>
          </ns3:TrackPointExtension>
        </extensions>
      </trkpt>
      <trkpt lat="45.69974700920283794403076171875" lon="126.59440043382346630096435546875">
        <ele>152.399993896484375</ele>
        <time>2026-08-06T23:27:23.000Z</time>
        <extensions>
          <ns3:TrackPointExtension>
            <ns3:hr>170</ns3:hr>
            <ns3:cad>86</ns3:cad>
          </ns3:TrackPointExtension>
        </extensions>
      </trkpt>
      <trkpt lat="45.69972001947462558746337890625" lon="126.594403870403766632080078125">
        <ele>152.1999969482421875</ele>
        <time>2026-08-06T23:27:24.000Z</time>
        <extensions>
          <ns3:TrackPointExtension>
            <ns3:hr>170</ns3:hr>
            <ns3:cad>86</ns3:cad>
          </ns3:TrackPointExtension>
        </extensions>
      </trkpt>
      <trkpt lat="45.69969017989933490753173828125" lon="126.594407223165035247802734375">
        <ele>152.1999969482421875</ele>
        <time>2026-08-06T23:27:25.000Z</time>
        <extensions>
          <ns3:TrackPointExtension>
            <ns3:hr>170</ns3:hr>
            <ns3:cad>86</ns3:cad>
          </ns3:TrackPointExtension>
        </extensions>
      </trkpt>
      <trkpt lat="45.69966654293239116668701171875" lon="126.59440915100276470184326171875">
        <ele>152.1999969482421875</ele>
        <time>2026-08-06T23:27:26.000Z</time>
        <extensions>
          <ns3:TrackPointExtension>
            <ns3:hr>170</ns3:hr>
            <ns3:cad>86</ns3:cad>
          </ns3:TrackPointExtension>
        </extensions>
      </trkpt>
      <trkpt lat="45.6996352784335613250732421875" lon="126.5944088995456695556640625">
        <ele>152.1999969482421875</ele>
        <time>2026-08-06T23:27:27.000Z</time>
        <extensions>
          <ns3:TrackPointExtension>
            <ns3:hr>170</ns3:hr>
            <ns3:cad>87</ns3:cad>
          </ns3:TrackPointExtension>
        </extensions>
      </trkpt>
      <trkpt lat="45.6996161676943302154541015625" lon="126.59441434778273105621337890625">
        <ele>152.1999969482421875</ele>
        <time>2026-08-06T23:27:28.000Z</time>
        <extensions>
          <ns3:TrackPointExtension>
            <ns3:hr>171</ns3:hr>
            <ns3:cad>87</ns3:cad>
          </ns3:TrackPointExtension>
        </extensions>
      </trkpt>
      <trkpt lat="45.6995886750519275665283203125" lon="126.5944191254675388336181640625">
        <ele>152.1999969482421875</ele>
        <time>2026-08-06T23:27:29.000Z</time>
        <extensions>
          <ns3:TrackPointExtension>
            <ns3:hr>171</ns3:hr>
            <ns3:cad>87</ns3:cad>
          </ns3:TrackPointExtension>
        </extensions>
      </trkpt>
      <trkpt lat="45.6995678879320621490478515625" lon="126.59441920928657054901123046875">
        <ele>152.1999969482421875</ele>
        <time>2026-08-06T23:27:30.000Z</time>
        <extensions>
          <ns3:TrackPointExtension>
            <ns3:hr>172</ns3:hr>
            <ns3:cad>86</ns3:cad>
          </ns3:TrackPointExtension>
        </extensions>
      </trkpt>
      <trkpt lat="45.69954332895576953887939453125" lon="126.5944214724004268646240234375">
        <ele>152.1999969482421875</ele>
        <time>2026-08-06T23:27:31.000Z</time>
        <extensions>
          <ns3:TrackPointExtension>
            <ns3:hr>173</ns3:hr>
            <ns3:cad>86</ns3:cad>
          </ns3:TrackPointExtension>
        </extensions>
      </trkpt>
      <trkpt lat="45.6995145790278911590576171875" lon="126.594423316419124603271484375">
        <ele>152</ele>
        <time>2026-08-06T23:27:32.000Z</time>
        <extensions>
          <ns3:TrackPointExtension>
            <ns3:hr>173</ns3:hr>
            <ns3:cad>86</ns3:cad>
          </ns3:TrackPointExtension>
        </extensions>
      </trkpt>
      <trkpt lat="45.699486918747425079345703125" lon="126.59442943520843982696533203125">
        <ele>152</ele>
        <time>2026-08-06T23:27:33.000Z</time>
        <extensions>
          <ns3:TrackPointExtension>
            <ns3:hr>172</ns3:hr>
            <ns3:cad>86</ns3:cad>
          </ns3:TrackPointExtension>
        </extensions>
      </trkpt>
      <trkpt lat="45.69946085102856159210205078125" lon="126.59443077631294727325439453125">
        <ele>152</ele>
        <time>2026-08-06T23:27:34.000Z</time>
        <extensions>
          <ns3:TrackPointExtension>
            <ns3:hr>172</ns3:hr>
            <ns3:cad>86</ns3:cad>
          </ns3:TrackPointExtension>
        </extensions>
      </trkpt>
      <trkpt lat="45.69943629205226898193359375" lon="126.5944384038448333740234375">
        <ele>151.8000030517578125</ele>
        <time>2026-08-06T23:27:35.000Z</time>
        <extensions>
          <ns3:TrackPointExtension>
            <ns3:hr>171</ns3:hr>
            <ns3:cad>86</ns3:cad>
          </ns3:TrackPointExtension>
        </extensions>
      </trkpt>
      <trkpt lat="45.6994069553911685943603515625" lon="126.5944357216358184814453125">
        <ele>151.8000030517578125</ele>
        <time>2026-08-06T23:27:36.000Z</time>
        <extensions>
          <ns3:TrackPointExtension>
            <ns3:hr>170</ns3:hr>
            <ns3:cad>87</ns3:cad>
          </ns3:TrackPointExtension>
        </extensions>
      </trkpt>
      <trkpt lat="45.69938826374709606170654296875" lon="126.59444016404449939727783203125">
        <ele>151.8000030517578125</ele>
        <time>2026-08-06T23:27:37.000Z</time>
        <extensions>
          <ns3:TrackPointExtension>
            <ns3:hr>170</ns3:hr>
            <ns3:cad>87</ns3:cad>
          </ns3:TrackPointExtension>
        </extensions>
      </trkpt>
      <trkpt lat="45.69935624487698078155517578125" lon="126.5944368951022624969482421875">
        <ele>151.8000030517578125</ele>
        <time>2026-08-06T23:27:38.000Z</time>
        <extensions>
          <ns3:TrackPointExtension>
            <ns3:hr>170</ns3:hr>
            <ns3:cad>87</ns3:cad>
          </ns3:TrackPointExtension>
        </extensions>
      </trkpt>
      <trkpt lat="45.6993390619754791259765625" lon="126.59444041550159454345703125">
        <ele>152</ele>
        <time>2026-08-06T23:27:39.000Z</time>
        <extensions>
          <ns3:TrackPointExtension>
            <ns3:hr>170</ns3:hr>
            <ns3:cad>87</ns3:cad>
          </ns3:TrackPointExtension>
        </extensions>
      </trkpt>
      <trkpt lat="45.69930628873407840728759765625" lon="126.59444619901478290557861328125">
        <ele>152</ele>
        <time>2026-08-06T23:27:40.000Z</time>
        <extensions>
          <ns3:TrackPointExtension>
            <ns3:hr>171</ns3:hr>
            <ns3:cad>87</ns3:cad>
          </ns3:TrackPointExtension>
        </extensions>
      </trkpt>
      <trkpt lat="45.6992859207093715667724609375" lon="126.59444804303348064422607421875">
        <ele>152</ele>
        <time>2026-08-06T23:27:41.000Z</time>
        <extensions>
          <ns3:TrackPointExtension>
            <ns3:hr>171</ns3:hr>
            <ns3:cad>87</ns3:cad>
          </ns3:TrackPointExtension>
        </extensions>
      </trkpt>
      <trkpt lat="45.699258930981159210205078125" lon="126.59446195699274539947509765625">
        <ele>152</ele>
        <time>2026-08-06T23:27:42.000Z</time>
        <extensions>
          <ns3:TrackPointExtension>
            <ns3:hr>171</ns3:hr>
            <ns3:cad>87</ns3:cad>
          </ns3:TrackPointExtension>
        </extensions>
      </trkpt>
      <trkpt lat="45.69923604838550090789794921875" lon="126.5944660641252994537353515625">
        <ele>152</ele>
        <time>2026-08-06T23:27:43.000Z</time>
        <extensions>
          <ns3:TrackPointExtension>
            <ns3:hr>171</ns3:hr>
            <ns3:cad>87</ns3:cad>
          </ns3:TrackPointExtension>
        </extensions>
      </trkpt>
      <trkpt lat="45.6992155127227306365966796875" lon="126.59447922371327877044677734375">
        <ele>151.8000030517578125</ele>
        <time>2026-08-06T23:27:44.000Z</time>
        <extensions>
          <ns3:TrackPointExtension>
            <ns3:hr>172</ns3:hr>
            <ns3:cad>87</ns3:cad>
          </ns3:TrackPointExtension>
        </extensions>
      </trkpt>
      <trkpt lat="45.699181146919727325439453125" lon="126.5944861806929111480712890625">
        <ele>151.8000030517578125</ele>
        <time>2026-08-06T23:27:45.000Z</time>
        <extensions>
          <ns3:TrackPointExtension>
            <ns3:hr>171</ns3:hr>
            <ns3:cad>87</ns3:cad>
          </ns3:TrackPointExtension>
        </extensions>
      </trkpt>
      <trkpt lat="45.69916077889502048492431640625" lon="126.594491712749004364013671875">
        <ele>151.8000030517578125</ele>
        <time>2026-08-06T23:27:46.000Z</time>
        <extensions>
          <ns3:TrackPointExtension>
            <ns3:hr>171</ns3:hr>
            <ns3:cad>87</ns3:cad>
          </ns3:TrackPointExtension>
        </extensions>
      </trkpt>
      <trkpt lat="45.6991310231387615203857421875" lon="126.5944969095289707183837890625">
        <ele>151.600006103515625</ele>
        <time>2026-08-06T23:27:47.000Z</time>
        <extensions>
          <ns3:TrackPointExtension>
            <ns3:hr>171</ns3:hr>
            <ns3:cad>87</ns3:cad>
          </ns3:TrackPointExtension>
        </extensions>
      </trkpt>
      <trkpt lat="45.69911350496113300323486328125" lon="126.59449766390025615692138671875">
        <ele>151.600006103515625</ele>
        <time>2026-08-06T23:27:48.000Z</time>
        <extensions>
          <ns3:TrackPointExtension>
            <ns3:hr>171</ns3:hr>
            <ns3:cad>87</ns3:cad>
          </ns3:TrackPointExtension>
        </extensions>
      </trkpt>
      <trkpt lat="45.69908366538584232330322265625" lon="126.59450118429958820343017578125">
        <ele>151.600006103515625</ele>
        <time>2026-08-06T23:27:49.000Z</time>
        <extensions>
          <ns3:TrackPointExtension>
            <ns3:hr>171</ns3:hr>
            <ns3:cad>86</ns3:cad>
          </ns3:TrackPointExtension>
        </extensions>
      </trkpt>
      <trkpt lat="45.699062459170818328857421875" lon="126.59450235776603221893310546875">
        <ele>151.600006103515625</ele>
        <time>2026-08-06T23:27:50.000Z</time>
        <extensions>
          <ns3:TrackPointExtension>
            <ns3:hr>171</ns3:hr>
            <ns3:cad>85</ns3:cad>
          </ns3:TrackPointExtension>
        </extensions>
      </trkpt>
      <trkpt lat="45.69904075004160404205322265625" lon="126.59451828338205814361572265625">
        <ele>151.8000030517578125</ele>
        <time>2026-08-06T23:27:51.000Z</time>
        <extensions>
          <ns3:TrackPointExtension>
            <ns3:hr>171</ns3:hr>
            <ns3:cad>86</ns3:cad>
          </ns3:TrackPointExtension>
        </extensions>
      </trkpt>
      <trkpt lat="45.6990156881511211395263671875" lon="126.59453487955033779144287109375">
        <ele>151.8000030517578125</ele>
        <time>2026-08-06T23:27:52.000Z</time>
        <extensions>
          <ns3:TrackPointExtension>
            <ns3:hr>171</ns3:hr>
            <ns3:cad>86</ns3:cad>
          </ns3:TrackPointExtension>
        </extensions>
      </trkpt>
      <trkpt lat="45.69899733178317546844482421875" lon="126.59455164335668087005615234375">
        <ele>152</ele>
        <time>2026-08-06T23:27:53.000Z</time>
        <extensions>
          <ns3:TrackPointExtension>
            <ns3:hr>170</ns3:hr>
            <ns3:cad>86</ns3:cad>
          </ns3:TrackPointExtension>
        </extensions>
      </trkpt>
      <trkpt lat="45.69896782748401165008544921875" lon="126.594566814601421356201171875">
        <ele>152</ele>
        <time>2026-08-06T23:27:54.000Z</time>
        <extensions>
          <ns3:TrackPointExtension>
            <ns3:hr>170</ns3:hr>
            <ns3:cad>86</ns3:cad>
          </ns3:TrackPointExtension>
        </extensions>
      </trkpt>
      <trkpt lat="45.69895039312541484832763671875" lon="126.59457511268556118011474609375">
        <ele>152</ele>
        <time>2026-08-06T23:27:55.000Z</time>
        <extensions>
          <ns3:TrackPointExtension>
            <ns3:hr>170</ns3:hr>
            <ns3:cad>86</ns3:cad>
          </ns3:TrackPointExtension>
        </extensions>
      </trkpt>
      <trkpt lat="45.69891552440822124481201171875" lon="126.59456589259207248687744140625">
        <ele>152</ele>
        <time>2026-08-06T23:27:56.000Z</time>
        <extensions>
          <ns3:TrackPointExtension>
            <ns3:hr>170</ns3:hr>
            <ns3:cad>86</ns3:cad>
          </ns3:TrackPointExtension>
        </extensions>
      </trkpt>
      <trkpt lat="45.6988953240215778350830078125" lon="126.594565473496913909912109375">
        <ele>152</ele>
        <time>2026-08-06T23:27:57.000Z</time>
        <extensions>
          <ns3:TrackPointExtension>
            <ns3:hr>171</ns3:hr>
            <ns3:cad>86</ns3:cad>
          </ns3:TrackPointExtension>
        </extensions>
      </trkpt>
      <trkpt lat="45.69886498153209686279296875" lon="126.59455818124115467071533203125">
        <ele>152</ele>
        <time>2026-08-06T23:27:58.000Z</time>
        <extensions>
          <ns3:TrackPointExtension>
            <ns3:hr>170</ns3:hr>
            <ns3:cad>87</ns3:cad>
          </ns3:TrackPointExtension>
        </extensions>
      </trkpt>
      <trkpt lat="45.69884084165096282958984375" lon="126.59455449320375919342041015625">
        <ele>152.1999969482421875</ele>
        <time>2026-08-06T23:27:59.000Z</time>
        <extensions>
          <ns3:TrackPointExtension>
            <ns3:hr>170</ns3:hr>
            <ns3:cad>87</ns3:cad>
          </ns3:TrackPointExtension>
        </extensions>
      </trkpt>
      <trkpt lat="45.69881259463727474212646484375" lon="126.59455306828022003173828125">
        <ele>152.1999969482421875</ele>
        <time>2026-08-06T23:28:00.000Z</time>
        <extensions>
          <ns3:TrackPointExtension>
            <ns3:hr>170</ns3:hr>
            <ns3:cad>87</ns3:cad>
          </ns3:TrackPointExtension>
        </extensions>
      </trkpt>
      <trkpt lat="45.698786191642284393310546875" lon="126.59454259090125560760498046875">
        <ele>152.1999969482421875</ele>
        <time>2026-08-06T23:28:01.000Z</time>
        <extensions>
          <ns3:TrackPointExtension>
            <ns3:hr>171</ns3:hr>
            <ns3:cad>87</ns3:cad>
          </ns3:TrackPointExtension>
        </extensions>
      </trkpt>
      <trkpt lat="45.69875861518085002899169921875" lon="126.5945448540151119232177734375">
        <ele>152.1999969482421875</ele>
        <time>2026-08-06T23:28:02.000Z</time>
        <extensions>
          <ns3:TrackPointExtension>
            <ns3:hr>170</ns3:hr>
            <ns3:cad>87</ns3:cad>
          </ns3:TrackPointExtension>
        </extensions>
      </trkpt>
      <trkpt lat="45.698732547461986541748046875" lon="126.59454829059541225433349609375">
        <ele>152.1999969482421875</ele>
        <time>2026-08-06T23:28:03.000Z</time>
        <extensions>
          <ns3:TrackPointExtension>
            <ns3:hr>170</ns3:hr>
            <ns3:cad>87</ns3:cad>
          </ns3:TrackPointExtension>
        </extensions>
      </trkpt>
      <trkpt lat="45.69871067069470882415771484375" lon="126.59455315209925174713134765625">
        <ele>152.1999969482421875</ele>
        <time>2026-08-06T23:28:04.000Z</time>
        <extensions>
          <ns3:TrackPointExtension>
            <ns3:hr>171</ns3:hr>
            <ns3:cad>87</ns3:cad>
          </ns3:TrackPointExtension>
        </extensions>
      </trkpt>
      <trkpt lat="45.69867982529103755950927734375" lon="126.594555415213108062744140625">
        <ele>152.1999969482421875</ele>
        <time>2026-08-06T23:28:05.000Z</time>
        <extensions>
          <ns3:TrackPointExtension>
            <ns3:hr>170</ns3:hr>
            <ns3:cad>87</ns3:cad>
          </ns3:TrackPointExtension>
        </extensions>
      </trkpt>
      <trkpt lat="45.69866222329437732696533203125" lon="126.594562791287899017333984375">
        <ele>152.1999969482421875</ele>
        <time>2026-08-06T23:28:06.000Z</time>
        <extensions>
          <ns3:TrackPointExtension>
            <ns3:hr>170</ns3:hr>
            <ns3:cad>87</ns3:cad>
          </ns3:TrackPointExtension>
        </extensions>
      </trkpt>
      <trkpt lat="45.69863053970038890838623046875" lon="126.5945666469633579254150390625">
        <ele>152</ele>
        <time>2026-08-06T23:28:07.000Z</time>
        <extensions>
          <ns3:TrackPointExtension>
            <ns3:hr>171</ns3:hr>
            <ns3:cad>87</ns3:cad>
          </ns3:TrackPointExtension>
        </extensions>
      </trkpt>
      <trkpt lat="45.69860707037150859832763671875" lon="126.59456388093531131744384765625">
        <ele>151.8000030517578125</ele>
        <time>2026-08-06T23:28:08.000Z</time>
        <extensions>
          <ns3:TrackPointExtension>
            <ns3:hr>170</ns3:hr>
            <ns3:cad>87</ns3:cad>
          </ns3:TrackPointExtension>
        </extensions>
      </trkpt>
      <trkpt lat="45.69858460687100887298583984375" lon="126.59457326866686344146728515625">
        <ele>151.8000030517578125</ele>
        <time>2026-08-06T23:28:09.000Z</time>
        <extensions>
          <ns3:TrackPointExtension>
            <ns3:hr>170</ns3:hr>
            <ns3:cad>87</ns3:cad>
          </ns3:TrackPointExtension>
        </extensions>
      </trkpt>
      <trkpt lat="45.698560886085033416748046875" lon="126.5945733524858951568603515625">
        <ele>151.600006103515625</ele>
        <time>2026-08-06T23:28:10.000Z</time>
        <extensions>
          <ns3:TrackPointExtension>
            <ns3:hr>171</ns3:hr>
            <ns3:cad>86</ns3:cad>
          </ns3:TrackPointExtension>
        </extensions>
      </trkpt>
      <trkpt lat="45.69854286499321460723876953125" lon="126.594577543437480926513671875">
        <ele>151.600006103515625</ele>
        <time>2026-08-06T23:28:11.000Z</time>
        <extensions>
          <ns3:TrackPointExtension>
            <ns3:hr>170</ns3:hr>
            <ns3:cad>86</ns3:cad>
          </ns3:TrackPointExtension>
        </extensions>
      </trkpt>
      <trkpt lat="45.6985156238079071044921875" lon="126.594581902027130126953125">
        <ele>151.600006103515625</ele>
        <time>2026-08-06T23:28:12.000Z</time>
        <extensions>
          <ns3:TrackPointExtension>
            <ns3:hr>170</ns3:hr>
            <ns3:cad>86</ns3:cad>
          </ns3:TrackPointExtension>
        </extensions>
      </trkpt>
      <trkpt lat="45.6984950043261051177978515625" lon="126.59458969719707965850830078125">
        <ele>151.600006103515625</ele>
        <time>2026-08-06T23:28:13.000Z</time>
        <extensions>
          <ns3:TrackPointExtension>
            <ns3:hr>171</ns3:hr>
            <ns3:cad>86</ns3:cad>
          </ns3:TrackPointExtension>
        </extensions>
      </trkpt>
      <trkpt lat="45.69846533238887786865234375" lon="126.59459254704415798187255859375">
        <ele>151.399993896484375</ele>
        <time>2026-08-06T23:28:14.000Z</time>
        <extensions>
          <ns3:TrackPointExtension>
            <ns3:hr>170</ns3:hr>
            <ns3:cad>86</ns3:cad>
          </ns3:TrackPointExtension>
        </extensions>
      </trkpt>
      <trkpt lat="45.69843926467001438140869140625" lon="126.594600342214107513427734375">
        <ele>151.399993896484375</ele>
        <time>2026-08-06T23:28:15.000Z</time>
        <extensions>
          <ns3:TrackPointExtension>
            <ns3:hr>170</ns3:hr>
            <ns3:cad>86</ns3:cad>
          </ns3:TrackPointExtension>
        </extensions>
      </trkpt>
      <trkpt lat="45.69840523414313793182373046875" lon="126.594605036079883575439453125">
        <ele>151.399993896484375</ele>
        <time>2026-08-06T23:28:16.000Z</time>
        <extensions>
          <ns3:TrackPointExtension>
            <ns3:hr>170</ns3:hr>
            <ns3:cad>86</ns3:cad>
          </ns3:TrackPointExtension>
        </extensions>
      </trkpt>
      <trkpt lat="45.6983843632042407989501953125" lon="126.594602353870868682861328125">
        <ele>151.399993896484375</ele>
        <time>2026-08-06T23:28:17.000Z</time>
        <extensions>
          <ns3:TrackPointExtension>
            <ns3:hr>171</ns3:hr>
            <ns3:cad>87</ns3:cad>
          </ns3:TrackPointExtension>
        </extensions>
      </trkpt>
      <trkpt lat="45.69835695438086986541748046875" lon="126.59461014904081821441650390625">
        <ele>151.1999969482421875</ele>
        <time>2026-08-06T23:28:18.000Z</time>
        <extensions>
          <ns3:TrackPointExtension>
            <ns3:hr>171</ns3:hr>
            <ns3:cad>87</ns3:cad>
          </ns3:TrackPointExtension>
        </extensions>
      </trkpt>
      <trkpt lat="45.69833583198487758636474609375" lon="126.59461199305951595306396484375">
        <ele>151.1999969482421875</ele>
        <time>2026-08-06T23:28:19.000Z</time>
        <extensions>
          <ns3:TrackPointExtension>
            <ns3:hr>172</ns3:hr>
            <ns3:cad>87</ns3:cad>
          </ns3:TrackPointExtension>
        </extensions>
      </trkpt>
      <trkpt lat="45.6983102671802043914794921875" lon="126.5946182794868946075439453125">
        <ele>151.1999969482421875</ele>
        <time>2026-08-06T23:28:20.000Z</time>
        <extensions>
          <ns3:TrackPointExtension>
            <ns3:hr>173</ns3:hr>
            <ns3:cad>87</ns3:cad>
          </ns3:TrackPointExtension>
        </extensions>
      </trkpt>
      <trkpt lat="45.69828755222260951995849609375" lon="126.59461677074432373046875">
        <ele>151.1999969482421875</ele>
        <time>2026-08-06T23:28:21.000Z</time>
        <extensions>
          <ns3:TrackPointExtension>
            <ns3:hr>174</ns3:hr>
            <ns3:cad>88</ns3:cad>
          </ns3:TrackPointExtension>
        </extensions>
      </trkpt>
      <trkpt lat="45.69826425053179264068603515625" lon="126.59462322480976581573486328125">
        <ele>151.1999969482421875</ele>
        <time>2026-08-06T23:28:22.000Z</time>
        <extensions>
          <ns3:TrackPointExtension>
            <ns3:hr>174</ns3:hr>
            <ns3:cad>88</ns3:cad>
          </ns3:TrackPointExtension>
        </extensions>
      </trkpt>
      <trkpt lat="45.698236338794231414794921875" lon="126.59462741576135158538818359375">
        <ele>151.1999969482421875</ele>
        <time>2026-08-06T23:28:23.000Z</time>
        <extensions>
          <ns3:TrackPointExtension>
            <ns3:hr>174</ns3:hr>
            <ns3:cad>88</ns3:cad>
          </ns3:TrackPointExtension>
        </extensions>
      </trkpt>
      <trkpt lat="45.69821798242628574371337890625" lon="126.59463512711226940155029296875">
        <ele>151.1999969482421875</ele>
        <time>2026-08-06T23:28:24.000Z</time>
        <extensions>
          <ns3:TrackPointExtension>
            <ns3:hr>174</ns3:hr>
            <ns3:cad>88</ns3:cad>
          </ns3:TrackPointExtension>
        </extensions>
      </trkpt>
      <trkpt lat="45.69818772375583648681640625" lon="126.594635881483554840087890625">
        <ele>151.399993896484375</ele>
        <time>2026-08-06T23:28:25.000Z</time>
        <extensions>
          <ns3:TrackPointExtension>
            <ns3:hr>174</ns3:hr>
            <ns3:cad>88</ns3:cad>
          </ns3:TrackPointExtension>
        </extensions>
      </trkpt>
      <trkpt lat="45.69816584698855876922607421875" lon="126.59464015625417232513427734375">
        <ele>151.600006103515625</ele>
        <time>2026-08-06T23:28:26.000Z</time>
        <extensions>
          <ns3:TrackPointExtension>
            <ns3:hr>174</ns3:hr>
            <ns3:cad>88</ns3:cad>
          </ns3:TrackPointExtension>
        </extensions>
      </trkpt>
      <trkpt lat="45.69813500158488750457763671875" lon="126.59464149735867977142333984375">
        <ele>151.600006103515625</ele>
        <time>2026-08-06T23:28:27.000Z</time>
        <extensions>
          <ns3:TrackPointExtension>
            <ns3:hr>174</ns3:hr>
            <ns3:cad>87</ns3:cad>
          </ns3:TrackPointExtension>
        </extensions>
      </trkpt>
      <trkpt lat="45.698112286627292633056640625" lon="126.59464837051928043365478515625">
        <ele>151.8000030517578125</ele>
        <time>2026-08-06T23:28:28.000Z</time>
        <extensions>
          <ns3:TrackPointExtension>
            <ns3:hr>175</ns3:hr>
            <ns3:cad>87</ns3:cad>
          </ns3:TrackPointExtension>
        </extensions>
      </trkpt>
      <trkpt lat="45.6980837881565093994140625" lon="126.59465339966118335723876953125">
        <ele>151.8000030517578125</ele>
        <time>2026-08-06T23:28:29.000Z</time>
        <extensions>
          <ns3:TrackPointExtension>
            <ns3:hr>175</ns3:hr>
            <ns3:cad>87</ns3:cad>
          </ns3:TrackPointExtension>
        </extensions>
      </trkpt>
      <trkpt lat="45.698060654103755950927734375" lon="126.59465222619473934173583984375">
        <ele>151.8000030517578125</ele>
        <time>2026-08-06T23:28:30.000Z</time>
        <extensions>
          <ns3:TrackPointExtension>
            <ns3:hr>175</ns3:hr>
            <ns3:cad>87</ns3:cad>
          </ns3:TrackPointExtension>
        </extensions>
      </trkpt>
      <trkpt lat="45.6980343349277973175048828125" lon="126.59464920870959758758544921875">
        <ele>152</ele>
        <time>2026-08-06T23:28:31.000Z</time>
        <extensions>
          <ns3:TrackPointExtension>
            <ns3:hr>176</ns3:hr>
            <ns3:cad>87</ns3:cad>
          </ns3:TrackPointExtension>
        </extensions>
      </trkpt>
      <trkpt lat="45.69801547564566135406494140625" lon="126.594615764915943145751953125">
        <ele>152</ele>
        <time>2026-08-06T23:28:32.000Z</time>
        <extensions>
          <ns3:TrackPointExtension>
            <ns3:hr>176</ns3:hr>
            <ns3:cad>87</ns3:cad>
          </ns3:TrackPointExtension>
        </extensions>
      </trkpt>
      <trkpt lat="45.697998963296413421630859375" lon="126.5945931337773799896240234375">
        <ele>152.1999969482421875</ele>
        <time>2026-08-06T23:28:33.000Z</time>
        <extensions>
          <ns3:TrackPointExtension>
            <ns3:hr>176</ns3:hr>
            <ns3:cad>87</ns3:cad>
          </ns3:TrackPointExtension>
        </extensions>
      </trkpt>
      <trkpt lat="45.6979830376803874969482421875" lon="126.59455516375601291656494140625">
        <ele>152.1999969482421875</ele>
        <time>2026-08-06T23:28:34.000Z</time>
        <extensions>
          <ns3:TrackPointExtension>
            <ns3:hr>176</ns3:hr>
            <ns3:cad>87</ns3:cad>
          </ns3:TrackPointExtension>
        </extensions>
      </trkpt>
      <trkpt lat="45.69797054864466190338134765625" lon="126.5945260785520076751708984375">
        <ele>152.1999969482421875</ele>
        <time>2026-08-06T23:28:35.000Z</time>
        <extensions>
          <ns3:TrackPointExtension>
            <ns3:hr>176</ns3:hr>
            <ns3:cad>88</ns3:cad>
          </ns3:TrackPointExtension>
        </extensions>
      </trkpt>
      <trkpt lat="45.69795177318155765533447265625" lon="126.59449003636837005615234375">
        <ele>152</ele>
        <time>2026-08-06T23:28:36.000Z</time>
        <extensions>
          <ns3:TrackPointExtension>
            <ns3:hr>175</ns3:hr>
            <ns3:cad>88</ns3:cad>
          </ns3:TrackPointExtension>
        </extensions>
      </trkpt>
      <trkpt lat="45.69793718867003917694091796875" lon="126.59446455538272857666015625">
        <ele>152</ele>
        <time>2026-08-06T23:28:37.000Z</time>
        <extensions>
          <ns3:TrackPointExtension>
            <ns3:hr>176</ns3:hr>
            <ns3:cad>88</ns3:cad>
          </ns3:TrackPointExtension>
        </extensions>
      </trkpt>
      <trkpt lat="45.6979179941117763519287109375" lon="126.59443329088389873504638671875">
        <ele>152</ele>
        <time>2026-08-06T23:28:38.000Z</time>
        <extensions>
          <ns3:TrackPointExtension>
            <ns3:hr>176</ns3:hr>
            <ns3:cad>88</ns3:cad>
          </ns3:TrackPointExtension>
        </extensions>
      </trkpt>
      <trkpt lat="45.69789427332580089569091796875" lon="126.59441887401044368743896484375">
        <ele>152</ele>
        <time>2026-08-06T23:28:39.000Z</time>
        <extensions>
          <ns3:TrackPointExtension>
            <ns3:hr>176</ns3:hr>
            <ns3:cad>87</ns3:cad>
          </ns3:TrackPointExtension>
        </extensions>
      </trkpt>
      <trkpt lat="45.6978683732450008392333984375" lon="126.59441334195435047149658203125">
        <ele>152</ele>
        <time>2026-08-06T23:28:40.000Z</time>
        <extensions>
          <ns3:TrackPointExtension>
            <ns3:hr>176</ns3:hr>
            <ns3:cad>86</ns3:cad>
          </ns3:TrackPointExtension>
        </extensions>
      </trkpt>
      <trkpt lat="45.69784599356353282928466796875" lon="126.59441099502146244049072265625">
        <ele>152</ele>
        <time>2026-08-06T23:28:41.000Z</time>
        <extensions>
          <ns3:TrackPointExtension>
            <ns3:hr>176</ns3:hr>
            <ns3:cad>86</ns3:cad>
          </ns3:TrackPointExtension>
        </extensions>
      </trkpt>
      <trkpt lat="45.69782604463398456573486328125" lon="126.5944107435643672943115234375">
        <ele>152.1999969482421875</ele>
        <time>2026-08-06T23:28:42.000Z</time>
        <extensions>
          <ns3:TrackPointExtension>
            <ns3:hr>177</ns3:hr>
            <ns3:cad>86</ns3:cad>
          </ns3:TrackPointExtension>
        </extensions>
      </trkpt>
      <trkpt lat="45.697798468172550201416015625" lon="126.59440998919308185577392578125">
        <ele>152.1999969482421875</ele>
        <time>2026-08-06T23:28:43.000Z</time>
        <extensions>
          <ns3:TrackPointExtension>
            <ns3:hr>177</ns3:hr>
            <ns3:cad>86</ns3:cad>
          </ns3:TrackPointExtension>
        </extensions>
      </trkpt>
      <trkpt lat="45.69777608849108219146728515625" lon="126.59441434778273105621337890625">
        <ele>152</ele>
        <time>2026-08-06T23:28:44.000Z</time>
        <extensions>
          <ns3:TrackPointExtension>
            <ns3:hr>177</ns3:hr>
            <ns3:cad>87</ns3:cad>
          </ns3:TrackPointExtension>
        </extensions>
      </trkpt>
      <trkpt lat="45.69774541072547435760498046875" lon="126.5944197960197925567626953125">
        <ele>152</ele>
        <time>2026-08-06T23:28:45.000Z</time>
        <extensions>
          <ns3:TrackPointExtension>
            <ns3:hr>177</ns3:hr>
            <ns3:cad>87</ns3:cad>
          </ns3:TrackPointExtension>
        </extensions>
      </trkpt>
      <trkpt lat="45.6977297365665435791015625" lon="126.594428680837154388427734375">
        <ele>152</ele>
        <time>2026-08-06T23:28:46.000Z</time>
        <extensions>
          <ns3:TrackPointExtension>
            <ns3:hr>177</ns3:hr>
            <ns3:cad>87</ns3:cad>
          </ns3:TrackPointExtension>
        </extensions>
      </trkpt>
      <trkpt lat="45.6977081112563610076904296875" lon="126.59444452263414859771728515625">
        <ele>152</ele>
        <time>2026-08-06T23:28:47.000Z</time>
        <extensions>
          <ns3:TrackPointExtension>
            <ns3:hr>177</ns3:hr>
            <ns3:cad>87</ns3:cad>
          </ns3:TrackPointExtension>
        </extensions>
      </trkpt>
      <trkpt lat="45.69768640212714672088623046875" lon="126.59444955177605152130126953125">
        <ele>151.8000030517578125</ele>
        <time>2026-08-06T23:28:48.000Z</time>
        <extensions>
          <ns3:TrackPointExtension>
            <ns3:hr>177</ns3:hr>
            <ns3:cad>87</ns3:cad>
          </ns3:TrackPointExtension>
        </extensions>
      </trkpt>
      <trkpt lat="45.69766829721629619598388671875" lon="126.59445743076503276824951171875">
        <ele>151.600006103515625</ele>
        <time>2026-08-06T23:28:49.000Z</time>
        <extensions>
          <ns3:TrackPointExtension>
            <ns3:hr>177</ns3:hr>
            <ns3:cad>87</ns3:cad>
          </ns3:TrackPointExtension>
        </extensions>
      </trkpt>
      <trkpt lat="45.69764147512614727020263671875" lon="126.59445474855601787567138671875">
        <ele>151.399993896484375</ele>
        <time>2026-08-06T23:28:50.000Z</time>
        <extensions>
          <ns3:TrackPointExtension>
            <ns3:hr>177</ns3:hr>
            <ns3:cad>87</ns3:cad>
          </ns3:TrackPointExtension>
        </extensions>
      </trkpt>
      <trkpt lat="45.69762177765369415283203125" lon="126.59445759840309619903564453125">
        <ele>151.1999969482421875</ele>
        <time>2026-08-06T23:28:51.000Z</time>
        <extensions>
          <ns3:TrackPointExtension>
            <ns3:hr>177</ns3:hr>
            <ns3:cad>87</ns3:cad>
          </ns3:TrackPointExtension>
        </extensions>
      </trkpt>
      <trkpt lat="45.6975967995822429656982421875" lon="126.59446178935468196868896484375">
        <ele>151</ele>
        <time>2026-08-06T23:28:52.000Z</time>
        <extensions>
          <ns3:TrackPointExtension>
            <ns3:hr>177</ns3:hr>
            <ns3:cad>87</ns3:cad>
          </ns3:TrackPointExtension>
        </extensions>
      </trkpt>
      <trkpt lat="45.69757710210978984832763671875" lon="126.59446430392563343048095703125">
        <ele>150.8000030517578125</ele>
        <time>2026-08-06T23:28:53.000Z</time>
        <extensions>
          <ns3:TrackPointExtension>
            <ns3:hr>177</ns3:hr>
            <ns3:cad>86</ns3:cad>
          </ns3:TrackPointExtension>
        </extensions>
      </trkpt>
      <trkpt lat="45.6975485198199748992919921875" lon="126.594470255076885223388671875">
        <ele>150.8000030517578125</ele>
        <time>2026-08-06T23:28:54.000Z</time>
        <extensions>
          <ns3:TrackPointExtension>
            <ns3:hr>177</ns3:hr>
            <ns3:cad>86</ns3:cad>
          </ns3:TrackPointExtension>
        </extensions>
      </trkpt>
      <trkpt lat="45.69752194918692111968994140625" lon="126.59447251819074153900146484375">
        <ele>150.8000030517578125</ele>
        <time>2026-08-06T23:28:55.000Z</time>
        <extensions>
          <ns3:TrackPointExtension>
            <ns3:hr>176</ns3:hr>
            <ns3:cad>86</ns3:cad>
          </ns3:TrackPointExtension>
        </extensions>
      </trkpt>
      <trkpt lat="45.6974948756396770477294921875" lon="126.59448333084583282470703125">
        <ele>150.8000030517578125</ele>
        <time>2026-08-06T23:28:56.000Z</time>
        <extensions>
          <ns3:TrackPointExtension>
            <ns3:hr>176</ns3:hr>
            <ns3:cad>86</ns3:cad>
          </ns3:TrackPointExtension>
        </extensions>
      </trkpt>
      <trkpt lat="45.6974737532436847686767578125" lon="126.59448911435902118682861328125">
        <ele>150.8000030517578125</ele>
        <time>2026-08-06T23:28:57.000Z</time>
        <extensions>
          <ns3:TrackPointExtension>
            <ns3:hr>176</ns3:hr>
            <ns3:cad>86</ns3:cad>
          </ns3:TrackPointExtension>
        </extensions>
      </trkpt>
      <trkpt lat="45.69744550622999668121337890625" lon="126.59449137747287750244140625">
        <ele>150.8000030517578125</ele>
        <time>2026-08-06T23:28:58.000Z</time>
        <extensions>
          <ns3:TrackPointExtension>
            <ns3:hr>176</ns3:hr>
            <ns3:cad>86</ns3:cad>
          </ns3:TrackPointExtension>
        </extensions>
      </trkpt>
      <trkpt lat="45.6974180974066257476806640625" lon="126.59449271857738494873046875">
        <ele>150.8000030517578125</ele>
        <time>2026-08-06T23:28:59.000Z</time>
        <extensions>
          <ns3:TrackPointExtension>
            <ns3:hr>175</ns3:hr>
            <ns3:cad>86</ns3:cad>
          </ns3:TrackPointExtension>
        </extensions>
      </trkpt>
      <trkpt lat="45.6973959691822528839111328125" lon="126.59450135193765163421630859375">
        <ele>150.8000030517578125</ele>
        <time>2026-08-06T23:29:00.000Z</time>
        <extensions>
          <ns3:TrackPointExtension>
            <ns3:hr>175</ns3:hr>
            <ns3:cad>88</ns3:cad>
          </ns3:TrackPointExtension>
        </extensions>
      </trkpt>
      <trkpt lat="45.697367973625659942626953125" lon="126.5945113264024257659912109375">
        <ele>150.600006103515625</ele>
        <time>2026-08-06T23:29:01.000Z</time>
        <extensions>
          <ns3:TrackPointExtension>
            <ns3:hr>175</ns3:hr>
            <ns3:cad>88</ns3:cad>
          </ns3:TrackPointExtension>
        </extensions>
      </trkpt>
      <trkpt lat="45.697346515953540802001953125" lon="126.594523899257183074951171875">
        <ele>150.600006103515625</ele>
        <time>2026-08-06T23:29:02.000Z</time>
        <extensions>
          <ns3:TrackPointExtension>
            <ns3:hr>175</ns3:hr>
            <ns3:cad>88</ns3:cad>
          </ns3:TrackPointExtension>
        </extensions>
      </trkpt>
      <trkpt lat="45.69732044823467731475830078125" lon="126.59454594366252422332763671875">
        <ele>150.600006103515625</ele>
        <time>2026-08-06T23:29:03.000Z</time>
        <extensions>
          <ns3:TrackPointExtension>
            <ns3:hr>175</ns3:hr>
            <ns3:cad>88</ns3:cad>
          </ns3:TrackPointExtension>
        </extensions>
      </trkpt>
      <trkpt lat="45.69729798473417758941650390625" lon="126.5945653058588504791259765625">
        <ele>150.600006103515625</ele>
        <time>2026-08-06T23:29:04.000Z</time>
        <extensions>
          <ns3:TrackPointExtension>
            <ns3:hr>175</ns3:hr>
            <ns3:cad>88</ns3:cad>
          </ns3:TrackPointExtension>
        </extensions>
      </trkpt>
      <trkpt lat="45.69727552123367786407470703125" lon="126.59458852373063564300537109375">
        <ele>150.600006103515625</ele>
        <time>2026-08-06T23:29:05.000Z</time>
        <extensions>
          <ns3:TrackPointExtension>
            <ns3:hr>175</ns3:hr>
            <ns3:cad>87</ns3:cad>
          </ns3:TrackPointExtension>
        </extensions>
      </trkpt>
      <trkpt lat="45.6972563266754150390625" lon="126.5946065448224544525146484375">
        <ele>150.600006103515625</ele>
        <time>2026-08-06T23:29:06.000Z</time>
        <extensions>
          <ns3:TrackPointExtension>
            <ns3:hr>176</ns3:hr>
            <ns3:cad>87</ns3:cad>
          </ns3:TrackPointExtension>
        </extensions>
      </trkpt>
      <trkpt lat="45.6972326897084712982177734375" lon="126.59462012350559234619140625">
        <ele>150.600006103515625</ele>
        <time>2026-08-06T23:29:07.000Z</time>
        <extensions>
          <ns3:TrackPointExtension>
            <ns3:hr>175</ns3:hr>
            <ns3:cad>87</ns3:cad>
          </ns3:TrackPointExtension>
        </extensions>
      </trkpt>
      <trkpt lat="45.69720804691314697265625" lon="126.59463043324649333953857421875">
        <ele>150.600006103515625</ele>
        <time>2026-08-06T23:29:08.000Z</time>
        <extensions>
          <ns3:TrackPointExtension>
            <ns3:hr>175</ns3:hr>
            <ns3:cad>87</ns3:cad>
          </ns3:TrackPointExtension>
        </extensions>
      </trkpt>
      <trkpt lat="45.69718591868877410888671875" lon="126.5946434251964092254638671875">
        <ele>150.8000030517578125</ele>
        <time>2026-08-06T23:29:09.000Z</time>
        <extensions>
          <ns3:TrackPointExtension>
            <ns3:hr>175</ns3:hr>
            <ns3:cad>87</ns3:cad>
          </ns3:TrackPointExtension>
        </extensions>
      </trkpt>
      <trkpt lat="45.69715775549411773681640625" lon="126.59465767443180084228515625">
        <ele>150.399993896484375</ele>
        <time>2026-08-06T23:29:10.000Z</time>
        <extensions>
          <ns3:TrackPointExtension>
            <ns3:hr>175</ns3:hr>
            <ns3:cad>87</ns3:cad>
          </ns3:TrackPointExtension>
        </extensions>
      </trkpt>
      <trkpt lat="45.6971347890794277191162109375" lon="126.59467284567654132843017578125">
        <ele>150.1999969482421875</ele>
        <time>2026-08-06T23:29:11.000Z</time>
        <extensions>
          <ns3:TrackPointExtension>
            <ns3:hr>174</ns3:hr>
            <ns3:cad>87</ns3:cad>
          </ns3:TrackPointExtension>
        </extensions>
      </trkpt>
      <trkpt lat="45.69711090065538883209228515625" lon="126.59468977712094783782958984375">
        <ele>150.1999969482421875</ele>
        <time>2026-08-06T23:29:12.000Z</time>
        <extensions>
          <ns3:TrackPointExtension>
            <ns3:hr>174</ns3:hr>
            <ns3:cad>87</ns3:cad>
          </ns3:TrackPointExtension>
        </extensions>
      </trkpt>
      <trkpt lat="45.6970932148396968841552734375" lon="126.59470251761376857757568359375">
        <ele>149.8000030517578125</ele>
        <time>2026-08-06T23:29:13.000Z</time>
        <extensions>
          <ns3:TrackPointExtension>
            <ns3:hr>173</ns3:hr>
            <ns3:cad>87</ns3:cad>
          </ns3:TrackPointExtension>
        </extensions>
      </trkpt>
      <trkpt lat="45.6970660574734210968017578125" lon="126.5947245620191097259521484375">
        <ele>149.600006103515625</ele>
        <time>2026-08-06T23:29:14.000Z</time>
        <extensions>
          <ns3:TrackPointExtension>
            <ns3:hr>173</ns3:hr>
            <ns3:cad>87</ns3:cad>
          </ns3:TrackPointExtension>
        </extensions>
      </trkpt>
      <trkpt lat="45.69704384543001651763916015625" lon="126.59474308602511882781982421875">
        <ele>149.600006103515625</ele>
        <time>2026-08-06T23:29:15.000Z</time>
        <extensions>
          <ns3:TrackPointExtension>
            <ns3:hr>172</ns3:hr>
            <ns3:cad>88</ns3:cad>
          </ns3:TrackPointExtension>
        </extensions>
      </trkpt>
      <trkpt lat="45.697018615901470184326171875" lon="126.594765298068523406982421875">
        <ele>149.600006103515625</ele>
        <time>2026-08-06T23:29:16.000Z</time>
        <extensions>
          <ns3:TrackPointExtension>
            <ns3:hr>171</ns3:hr>
            <ns3:cad>88</ns3:cad>
          </ns3:TrackPointExtension>
        </extensions>
      </trkpt>
      <trkpt lat="45.696995817124843597412109375" lon="126.59478365443646907806396484375">
        <ele>149.399993896484375</ele>
        <time>2026-08-06T23:29:17.000Z</time>
        <extensions>
          <ns3:TrackPointExtension>
            <ns3:hr>171</ns3:hr>
            <ns3:cad>88</ns3:cad>
          </ns3:TrackPointExtension>
        </extensions>
      </trkpt>
      <trkpt lat="45.69697511382400989532470703125" lon="126.5948013402521610260009765625">
        <ele>149.399993896484375</ele>
        <time>2026-08-06T23:29:18.000Z</time>
        <extensions>
          <ns3:TrackPointExtension>
            <ns3:hr>170</ns3:hr>
            <ns3:cad>87</ns3:cad>
          </ns3:TrackPointExtension>
        </extensions>
      </trkpt>
      <trkpt lat="45.6969517283141613006591796875" lon="126.594820283353328704833984375">
        <ele>149.1999969482421875</ele>
        <time>2026-08-06T23:29:19.000Z</time>
        <extensions>
          <ns3:TrackPointExtension>
            <ns3:hr>170</ns3:hr>
            <ns3:cad>87</ns3:cad>
          </ns3:TrackPointExtension>
        </extensions>
      </trkpt>
      <trkpt lat="45.6969296000897884368896484375" lon="126.5948368795216083526611328125">
        <ele>149</ele>
        <time>2026-08-06T23:29:20.000Z</time>
        <extensions>
          <ns3:TrackPointExtension>
            <ns3:hr>170</ns3:hr>
            <ns3:cad>87</ns3:cad>
          </ns3:TrackPointExtension>
        </extensions>
      </trkpt>
      <trkpt lat="45.696914009749889373779296875" lon="126.594861857593059539794921875">
        <ele>149</ele>
        <time>2026-08-06T23:29:21.000Z</time>
        <extensions>
          <ns3:TrackPointExtension>
            <ns3:hr>172</ns3:hr>
            <ns3:cad>86</ns3:cad>
          </ns3:TrackPointExtension>
        </extensions>
      </trkpt>
      <trkpt lat="45.69689850322902202606201171875" lon="126.5948854945600032806396484375">
        <ele>148.8000030517578125</ele>
        <time>2026-08-06T23:29:22.000Z</time>
        <extensions>
          <ns3:TrackPointExtension>
            <ns3:hr>173</ns3:hr>
            <ns3:cad>86</ns3:cad>
          </ns3:TrackPointExtension>
        </extensions>
      </trkpt>
      <trkpt lat="45.6968829967081546783447265625" lon="126.59491273574531078338623046875">
        <ele>148.600006103515625</ele>
        <time>2026-08-06T23:29:23.000Z</time>
        <extensions>
          <ns3:TrackPointExtension>
            <ns3:hr>173</ns3:hr>
            <ns3:cad>86</ns3:cad>
          </ns3:TrackPointExtension>
        </extensions>
      </trkpt>
      <trkpt lat="45.69686715491116046905517578125" lon="126.5949332714080810546875">
        <ele>148.600006103515625</ele>
        <time>2026-08-06T23:29:24.000Z</time>
        <extensions>
          <ns3:TrackPointExtension>
            <ns3:hr>173</ns3:hr>
            <ns3:cad>86</ns3:cad>
          </ns3:TrackPointExtension>
        </extensions>
      </trkpt>
      <trkpt lat="45.6968551687896251678466796875" lon="126.59495028667151927947998046875">
        <ele>148.399993896484375</ele>
        <time>2026-08-06T23:29:25.000Z</time>
        <extensions>
          <ns3:TrackPointExtension>
            <ns3:hr>172</ns3:hr>
            <ns3:cad>86</ns3:cad>
          </ns3:TrackPointExtension>
        </extensions>
      </trkpt>
      <trkpt lat="45.6968400813639163970947265625" lon="126.59497895278036594390869140625">
        <ele>148.399993896484375</ele>
        <time>2026-08-06T23:29:26.000Z</time>
        <extensions>
          <ns3:TrackPointExtension>
            <ns3:hr>172</ns3:hr>
            <ns3:cad>85</ns3:cad>
          </ns3:TrackPointExtension>
        </extensions>
      </trkpt>
      <trkpt lat="45.6968380697071552276611328125" lon="126.59500141628086566925048828125">
        <ele>148.399993896484375</ele>
        <time>2026-08-06T23:29:27.000Z</time>
        <extensions>
          <ns3:TrackPointExtension>
            <ns3:hr>172</ns3:hr>
            <ns3:cad>85</ns3:cad>
          </ns3:TrackPointExtension>
        </extensions>
      </trkpt>
      <trkpt lat="45.69682256318628787994384765625" lon="126.5950320102274417877197265625">
        <ele>148.600006103515625</ele>
        <time>2026-08-06T23:29:28.000Z</time>
        <extensions>
          <ns3:TrackPointExtension>
            <ns3:hr>170</ns3:hr>
            <ns3:cad>85</ns3:cad>
          </ns3:TrackPointExtension>
        </extensions>
      </trkpt>
      <trkpt lat="45.6968109123408794403076171875" lon="126.59504634328186511993408203125">
        <ele>148.600006103515625</ele>
        <time>2026-08-06T23:29:29.000Z</time>
        <extensions>
          <ns3:TrackPointExtension>
            <ns3:hr>170</ns3:hr>
            <ns3:cad>85</ns3:cad>
          </ns3:TrackPointExtension>
        </extensions>
      </trkpt>
      <trkpt lat="45.6967963278293609619140625" lon="126.59507484175264835357666015625">
        <ele>148.600006103515625</ele>
        <time>2026-08-06T23:29:30.000Z</time>
        <extensions>
          <ns3:TrackPointExtension>
            <ns3:hr>170</ns3:hr>
            <ns3:cad>85</ns3:cad>
          </ns3:TrackPointExtension>
        </extensions>
      </trkpt>
      <trkpt lat="45.6967842578887939453125" lon="126.5951007418334484100341796875">
        <ele>148.600006103515625</ele>
        <time>2026-08-06T23:29:31.000Z</time>
        <extensions>
          <ns3:TrackPointExtension>
            <ns3:hr>170</ns3:hr>
            <ns3:cad>85</ns3:cad>
          </ns3:TrackPointExtension>
        </extensions>
      </trkpt>
      <trkpt lat="45.696777887642383575439453125" lon="126.5951305814087390899658203125">
        <ele>148.600006103515625</ele>
        <time>2026-08-06T23:29:32.000Z</time>
        <extensions>
          <ns3:TrackPointExtension>
            <ns3:hr>170</ns3:hr>
            <ns3:cad>85</ns3:cad>
          </ns3:TrackPointExtension>
        </extensions>
      </trkpt>
      <trkpt lat="45.6967669911682605743408203125" lon="126.5951580740511417388916015625">
        <ele>148.600006103515625</ele>
        <time>2026-08-06T23:29:33.000Z</time>
        <extensions>
          <ns3:TrackPointExtension>
            <ns3:hr>169</ns3:hr>
            <ns3:cad>85</ns3:cad>
          </ns3:TrackPointExtension>
        </extensions>
      </trkpt>
      <trkpt lat="45.6967576034367084503173828125" lon="126.59518246538937091827392578125">
        <ele>148.600006103515625</ele>
        <time>2026-08-06T23:29:34.000Z</time>
        <extensions>
          <ns3:TrackPointExtension>
            <ns3:hr>169</ns3:hr>
            <ns3:cad>85</ns3:cad>
          </ns3:TrackPointExtension>
        </extensions>
      </trkpt>
      <trkpt lat="45.6967405043542385101318359375" lon="126.59521683119237422943115234375">
        <ele>148.600006103515625</ele>
        <time>2026-08-06T23:29:35.000Z</time>
        <extensions>
          <ns3:TrackPointExtension>
            <ns3:hr>169</ns3:hr>
            <ns3:cad>86</ns3:cad>
          </ns3:TrackPointExtension>
        </extensions>
      </trkpt>
      <trkpt lat="45.69673421792685985565185546875" lon="126.59524097107350826263427734375">
        <ele>148.600006103515625</ele>
        <time>2026-08-06T23:29:36.000Z</time>
        <extensions>
          <ns3:TrackPointExtension>
            <ns3:hr>169</ns3:hr>
            <ns3:cad>86</ns3:cad>
          </ns3:TrackPointExtension>
        </extensions>
      </trkpt>
      <trkpt lat="45.69672265090048313140869140625" lon="126.59527718089520931243896484375">
        <ele>148.600006103515625</ele>
        <time>2026-08-06T23:29:37.000Z</time>
        <extensions>
          <ns3:TrackPointExtension>
            <ns3:hr>170</ns3:hr>
            <ns3:cad>86</ns3:cad>
          </ns3:TrackPointExtension>
        </extensions>
      </trkpt>
      <trkpt lat="45.696712173521518707275390625" lon="126.5953039191663265228271484375">
        <ele>148.399993896484375</ele>
        <time>2026-08-06T23:29:38.000Z</time>
        <extensions>
          <ns3:TrackPointExtension>
            <ns3:hr>170</ns3:hr>
            <ns3:cad>86</ns3:cad>
          </ns3:TrackPointExtension>
        </extensions>
      </trkpt>
      <trkpt lat="45.69669784046709537506103515625" lon="126.5953423082828521728515625">
        <ele>148.1999969482421875</ele>
        <time>2026-08-06T23:29:39.000Z</time>
        <extensions>
          <ns3:TrackPointExtension>
            <ns3:hr>171</ns3:hr>
            <ns3:cad>86</ns3:cad>
          </ns3:TrackPointExtension>
        </extensions>
      </trkpt>
      <trkpt lat="45.69667906500399112701416015625" lon="126.59536871127784252166748046875">
        <ele>148</ele>
        <time>2026-08-06T23:29:40.000Z</time>
        <extensions>
          <ns3:TrackPointExtension>
            <ns3:hr>172</ns3:hr>
            <ns3:cad>86</ns3:cad>
          </ns3:TrackPointExtension>
        </extensions>
      </trkpt>
      <trkpt lat="45.696665905416011810302734375" lon="126.59539687447249889373779296875">
        <ele>147.8000030517578125</ele>
        <time>2026-08-06T23:29:41.000Z</time>
        <extensions>
          <ns3:TrackPointExtension>
            <ns3:hr>172</ns3:hr>
            <ns3:cad>86</ns3:cad>
          </ns3:TrackPointExtension>
        </extensions>
      </trkpt>
      <trkpt lat="45.6966459564864635467529296875" lon="126.59542771987617015838623046875">
        <ele>147.600006103515625</ele>
        <time>2026-08-06T23:29:42.000Z</time>
        <extensions>
          <ns3:TrackPointExtension>
            <ns3:hr>173</ns3:hr>
            <ns3:cad>87</ns3:cad>
          </ns3:TrackPointExtension>
        </extensions>
      </trkpt>
      <trkpt lat="45.69663078524172306060791015625" lon="126.5954544581472873687744140625">
        <ele>147.399993896484375</ele>
        <time>2026-08-06T23:29:43.000Z</time>
        <extensions>
          <ns3:TrackPointExtension>
            <ns3:hr>173</ns3:hr>
            <ns3:cad>87</ns3:cad>
          </ns3:TrackPointExtension>
        </extensions>
      </trkpt>
      <trkpt lat="45.69660178385674953460693359375" lon="126.59548589028418064117431640625">
        <ele>147</ele>
        <time>2026-08-06T23:29:44.000Z</time>
        <extensions>
          <ns3:TrackPointExtension>
            <ns3:hr>173</ns3:hr>
            <ns3:cad>87</ns3:cad>
          </ns3:TrackPointExtension>
        </extensions>
      </trkpt>
      <trkpt lat="45.6965852715075016021728515625" lon="126.59550248645246028900146484375">
        <ele>146.600006103515625</ele>
        <time>2026-08-06T23:29:45.000Z</time>
        <extensions>
          <ns3:TrackPointExtension>
            <ns3:hr>173</ns3:hr>
            <ns3:cad>87</ns3:cad>
          </ns3:TrackPointExtension>
        </extensions>
      </trkpt>
      <trkpt lat="45.69656054489314556121826171875" lon="126.59553852863609790802001953125">
        <ele>146.399993896484375</ele>
        <time>2026-08-06T23:29:46.000Z</time>
        <extensions>
          <ns3:TrackPointExtension>
            <ns3:hr>173</ns3:hr>
            <ns3:cad>87</ns3:cad>
          </ns3:TrackPointExtension>
        </extensions>
      </trkpt>
      <trkpt lat="45.69654352962970733642578125" lon="126.59556283615529537200927734375">
        <ele>146</ele>
        <time>2026-08-06T23:29:47.000Z</time>
        <extensions>
          <ns3:TrackPointExtension>
            <ns3:hr>173</ns3:hr>
            <ns3:cad>87</ns3:cad>
          </ns3:TrackPointExtension>
        </extensions>
      </trkpt>
      <trkpt lat="45.69653145968914031982421875" lon="126.595590412616729736328125">
        <ele>147.399993896484375</ele>
        <time>2026-08-06T23:29:48.000Z</time>
        <extensions>
          <ns3:TrackPointExtension>
            <ns3:hr>173</ns3:hr>
            <ns3:cad>87</ns3:cad>
          </ns3:TrackPointExtension>
        </extensions>
      </trkpt>
      <trkpt lat="45.69652534089982509613037109375" lon="126.59563140012323856353759765625">
        <ele>148.600006103515625</ele>
        <time>2026-08-06T23:29:49.000Z</time>
        <extensions>
          <ns3:TrackPointExtension>
            <ns3:hr>172</ns3:hr>
            <ns3:cad>85</ns3:cad>
          </ns3:TrackPointExtension>
        </extensions>
      </trkpt>
      <trkpt lat="45.69652232341468334197998046875" lon="126.59565989859402179718017578125">
        <ele>151</ele>
        <time>2026-08-06T23:29:50.000Z</time>
        <extensions>
          <ns3:TrackPointExtension>
            <ns3:hr>171</ns3:hr>
            <ns3:cad>85</ns3:cad>
          </ns3:TrackPointExtension>
        </extensions>
      </trkpt>
      <trkpt lat="45.696527101099491119384765625" lon="126.59569225274026393890380859375">
        <ele>151.399993896484375</ele>
        <time>2026-08-06T23:29:51.000Z</time>
        <extensions>
          <ns3:TrackPointExtension>
            <ns3:hr>171</ns3:hr>
            <ns3:cad>85</ns3:cad>
          </ns3:TrackPointExtension>
        </extensions>
      </trkpt>
      <trkpt lat="45.6965470500290393829345703125" lon="126.59571656025946140289306640625">
        <ele>151.8000030517578125</ele>
        <time>2026-08-06T23:29:52.000Z</time>
        <extensions>
          <ns3:TrackPointExtension>
            <ns3:hr>170</ns3:hr>
            <ns3:cad>84</ns3:cad>
          </ns3:TrackPointExtension>
        </extensions>
      </trkpt>
      <trkpt lat="45.6965648196637630462646484375" lon="126.5957272052764892578125">
        <ele>151.600006103515625</ele>
        <time>2026-08-06T23:29:53.000Z</time>
        <extensions>
          <ns3:TrackPointExtension>
            <ns3:hr>170</ns3:hr>
            <ns3:cad>83</ns3:cad>
          </ns3:TrackPointExtension>
        </extensions>
      </trkpt>
      <trkpt lat="45.69659289903938770294189453125" lon="126.5957330726087093353271484375">
        <ele>151.600006103515625</ele>
        <time>2026-08-06T23:29:54.000Z</time>
        <extensions>
          <ns3:TrackPointExtension>
            <ns3:hr>170</ns3:hr>
            <ns3:cad>83</ns3:cad>
          </ns3:TrackPointExtension>
        </extensions>
      </trkpt>
      <trkpt lat="45.6966112554073333740234375" lon="126.59573592245578765869140625">
        <ele>151.399993896484375</ele>
        <time>2026-08-06T23:29:55.000Z</time>
        <extensions>
          <ns3:TrackPointExtension>
            <ns3:hr>170</ns3:hr>
            <ns3:cad>84</ns3:cad>
          </ns3:TrackPointExtension>
        </extensions>
      </trkpt>
      <trkpt lat="45.69663514383137226104736328125" lon="126.59573600627481937408447265625">
        <ele>151.399993896484375</ele>
        <time>2026-08-06T23:29:56.000Z</time>
        <extensions>
          <ns3:TrackPointExtension>
            <ns3:hr>169</ns3:hr>
            <ns3:cad>84</ns3:cad>
          </ns3:TrackPointExtension>
        </extensions>
      </trkpt>
      <trkpt lat="45.69665743969380855560302734375" lon="126.59573969431221485137939453125">
        <ele>151.399993896484375</ele>
        <time>2026-08-06T23:29:57.000Z</time>
        <extensions>
          <ns3:TrackPointExtension>
            <ns3:hr>170</ns3:hr>
            <ns3:cad>84</ns3:cad>
          </ns3:TrackPointExtension>
        </extensions>
      </trkpt>
      <trkpt lat="45.696684010326862335205078125" lon="126.59573248587548732757568359375">
        <ele>151.600006103515625</ele>
        <time>2026-08-06T23:29:58.000Z</time>
        <extensions>
          <ns3:TrackPointExtension>
            <ns3:hr>170</ns3:hr>
            <ns3:cad>84</ns3:cad>
          </ns3:TrackPointExtension>
        </extensions>
      </trkpt>
      <trkpt lat="45.6967078149318695068359375" lon="126.595733575522899627685546875">
        <ele>151.600006103515625</ele>
        <time>2026-08-06T23:29:59.000Z</time>
        <extensions>
          <ns3:TrackPointExtension>
            <ns3:hr>171</ns3:hr>
            <ns3:cad>84</ns3:cad>
          </ns3:TrackPointExtension>
        </extensions>
      </trkpt>
      <trkpt lat="45.6967294402420520782470703125" lon="126.5957344137132167816162109375">
        <ele>151.8000030517578125</ele>
        <time>2026-08-06T23:30:00.000Z</time>
        <extensions>
          <ns3:TrackPointExtension>
            <ns3:hr>173</ns3:hr>
            <ns3:cad>84</ns3:cad>
          </ns3:TrackPointExtension>
        </extensions>
      </trkpt>
      <trkpt lat="45.69675617851316928863525390625" lon="126.59573868848383426666259765625">
        <ele>151.600006103515625</ele>
        <time>2026-08-06T23:30:01.000Z</time>
        <extensions>
          <ns3:TrackPointExtension>
            <ns3:hr>174</ns3:hr>
            <ns3:cad>85</ns3:cad>
          </ns3:TrackPointExtension>
        </extensions>
      </trkpt>
      <trkpt lat="45.6967757083475589752197265625" lon="126.59574304707348346710205078125">
        <ele>151.399993896484375</ele>
        <time>2026-08-06T23:30:02.000Z</time>
        <extensions>
          <ns3:TrackPointExtension>
            <ns3:hr>176</ns3:hr>
            <ns3:cad>85</ns3:cad>
          </ns3:TrackPointExtension>
        </extensions>
      </trkpt>
      <trkpt lat="45.69680177606642246246337890625" lon="126.5957478247582912445068359375">
        <ele>151.1999969482421875</ele>
        <time>2026-08-06T23:30:03.000Z</time>
        <extensions>
          <ns3:TrackPointExtension>
            <ns3:hr>176</ns3:hr>
            <ns3:cad>86</ns3:cad>
          </ns3:TrackPointExtension>
        </extensions>
      </trkpt>
      <trkpt lat="45.6968213059008121490478515625" lon="126.595751009881496429443359375">
        <ele>151</ele>
        <time>2026-08-06T23:30:04.000Z</time>
        <extensions>
          <ns3:TrackPointExtension>
            <ns3:hr>176</ns3:hr>
            <ns3:cad>86</ns3:cad>
          </ns3:TrackPointExtension>
        </extensions>
      </trkpt>
      <trkpt lat="45.6968434341251850128173828125" lon="126.59575209952890872955322265625">
        <ele>150.8000030517578125</ele>
        <time>2026-08-06T23:30:05.000Z</time>
        <extensions>
          <ns3:TrackPointExtension>
            <ns3:hr>176</ns3:hr>
            <ns3:cad>86</ns3:cad>
          </ns3:TrackPointExtension>
        </extensions>
      </trkpt>
      <trkpt lat="45.696867071092128753662109375" lon="126.59575729630887508392333984375">
        <ele>150.600006103515625</ele>
        <time>2026-08-06T23:30:06.000Z</time>
        <extensions>
          <ns3:TrackPointExtension>
            <ns3:hr>176</ns3:hr>
            <ns3:cad>87</ns3:cad>
          </ns3:TrackPointExtension>
        </extensions>
      </trkpt>
      <trkpt lat="45.69689079187810420989990234375" lon="126.5957548655569553375244140625">
        <ele>150.600006103515625</ele>
        <time>2026-08-06T23:30:07.000Z</time>
        <extensions>
          <ns3:TrackPointExtension>
            <ns3:hr>176</ns3:hr>
            <ns3:cad>87</ns3:cad>
          </ns3:TrackPointExtension>
        </extensions>
      </trkpt>
      <trkpt lat="45.6969171948730945587158203125" lon="126.59575863741338253021240234375">
        <ele>150.8000030517578125</ele>
        <time>2026-08-06T23:30:08.000Z</time>
        <extensions>
          <ns3:TrackPointExtension>
            <ns3:hr>176</ns3:hr>
            <ns3:cad>86</ns3:cad>
          </ns3:TrackPointExtension>
        </extensions>
      </trkpt>
      <trkpt lat="45.69693789817392826080322265625" lon="126.5957585535943508148193359375">
        <ele>151</ele>
        <time>2026-08-06T23:30:09.000Z</time>
        <extensions>
          <ns3:TrackPointExtension>
            <ns3:hr>176</ns3:hr>
            <ns3:cad>86</ns3:cad>
          </ns3:TrackPointExtension>
        </extensions>
      </trkpt>
      <trkpt lat="45.6969671510159969329833984375" lon="126.59575679339468479156494140625">
        <ele>151.1999969482421875</ele>
        <time>2026-08-06T23:30:10.000Z</time>
        <extensions>
          <ns3:TrackPointExtension>
            <ns3:hr>177</ns3:hr>
            <ns3:cad>86</ns3:cad>
          </ns3:TrackPointExtension>
        </extensions>
      </trkpt>
      <trkpt lat="45.6969867646694183349609375" lon="126.59576048143208026885986328125">
        <ele>151.1999969482421875</ele>
        <time>2026-08-06T23:30:11.000Z</time>
        <extensions>
          <ns3:TrackPointExtension>
            <ns3:hr>177</ns3:hr>
            <ns3:cad>85</ns3:cad>
          </ns3:TrackPointExtension>
        </extensions>
      </trkpt>
      <trkpt lat="45.697012580931186676025390625" lon="126.595765091478824615478515625">
        <ele>151.1999969482421875</ele>
        <time>2026-08-06T23:30:12.000Z</time>
        <extensions>
          <ns3:TrackPointExtension>
            <ns3:hr>177</ns3:hr>
            <ns3:cad>85</ns3:cad>
          </ns3:TrackPointExtension>
        </extensions>
      </trkpt>
      <trkpt lat="45.697038061916828155517578125" lon="126.59577188082039356231689453125">
        <ele>151.1999969482421875</ele>
        <time>2026-08-06T23:30:13.000Z</time>
        <extensions>
          <ns3:TrackPointExtension>
            <ns3:hr>177</ns3:hr>
            <ns3:cad>86</ns3:cad>
          </ns3:TrackPointExtension>
        </extensions>
      </trkpt>
      <trkpt lat="45.69706044159829616546630859375" lon="126.5957719646394252777099609375">
        <ele>151</ele>
        <time>2026-08-06T23:30:14.000Z</time>
        <extensions>
          <ns3:TrackPointExtension>
            <ns3:hr>177</ns3:hr>
            <ns3:cad>86</ns3:cad>
          </ns3:TrackPointExtension>
        </extensions>
      </trkpt>
      <trkpt lat="45.69708173163235187530517578125" lon="126.59577774815261363983154296875">
        <ele>150.8000030517578125</ele>
        <time>2026-08-06T23:30:15.000Z</time>
        <extensions>
          <ns3:TrackPointExtension>
            <ns3:hr>177</ns3:hr>
            <ns3:cad>86</ns3:cad>
          </ns3:TrackPointExtension>
        </extensions>
      </trkpt>
      <trkpt lat="45.6971005909144878387451171875" lon="126.595788896083831787109375">
        <ele>150.600006103515625</ele>
        <time>2026-08-06T23:30:16.000Z</time>
        <extensions>
          <ns3:TrackPointExtension>
            <ns3:hr>177</ns3:hr>
            <ns3:cad>86</ns3:cad>
          </ns3:TrackPointExtension>
        </extensions>
      </trkpt>
      <trkpt lat="45.69711844436824321746826171875" lon="126.59580607898533344268798828125">
        <ele>150.399993896484375</ele>
        <time>2026-08-06T23:30:17.000Z</time>
        <extensions>
          <ns3:TrackPointExtension>
            <ns3:hr>177</ns3:hr>
            <ns3:cad>86</ns3:cad>
          </ns3:TrackPointExtension>
        </extensions>
      </trkpt>
      <trkpt lat="45.6971331126987934112548828125" lon="126.59582837484776973724365234375">
        <ele>150.399993896484375</ele>
        <time>2026-08-06T23:30:18.000Z</time>
        <extensions>
          <ns3:TrackPointExtension>
            <ns3:hr>177</ns3:hr>
            <ns3:cad>86</ns3:cad>
          </ns3:TrackPointExtension>
        </extensions>
      </trkpt>
      <trkpt lat="45.69714241661131381988525390625" lon="126.59584857523441314697265625">
        <ele>150.399993896484375</ele>
        <time>2026-08-06T23:30:19.000Z</time>
        <extensions>
          <ns3:TrackPointExtension>
            <ns3:hr>177</ns3:hr>
            <ns3:cad>85</ns3:cad>
          </ns3:TrackPointExtension>
        </extensions>
      </trkpt>
      <trkpt lat="45.6971498765051364898681640625" lon="126.59587078727781772613525390625">
        <ele>150.399993896484375</ele>
        <time>2026-08-06T23:30:20.000Z</time>
        <extensions>
          <ns3:TrackPointExtension>
            <ns3:hr>177</ns3:hr>
            <ns3:cad>85</ns3:cad>
          </ns3:TrackPointExtension>
        </extensions>
      </trkpt>
      <trkpt lat="45.6971562467515468597412109375" lon="126.59589274786412715911865234375">
        <ele>150.399993896484375</ele>
        <time>2026-08-06T23:30:21.000Z</time>
        <extensions>
          <ns3:TrackPointExtension>
            <ns3:hr>177</ns3:hr>
            <ns3:cad>84</ns3:cad>
          </ns3:TrackPointExtension>
        </extensions>
      </trkpt>
      <trkpt lat="45.6971585936844348907470703125" lon="126.59592359326779842376708984375">
        <ele>150.399993896484375</ele>
        <time>2026-08-06T23:30:22.000Z</time>
        <extensions>
          <ns3:TrackPointExtension>
            <ns3:hr>177</ns3:hr>
            <ns3:cad>84</ns3:cad>
          </ns3:TrackPointExtension>
        </extensions>
      </trkpt>
      <trkpt lat="45.69715834222733974456787109375" lon="126.5959479846060276031494140625">
        <ele>150.600006103515625</ele>
        <time>2026-08-06T23:30:23.000Z</time>
        <extensions>
          <ns3:TrackPointExtension>
            <ns3:hr>177</ns3:hr>
            <ns3:cad>84</ns3:cad>
          </ns3:TrackPointExtension>
        </extensions>
      </trkpt>
      <trkpt lat="45.69715649820864200592041015625" lon="126.59598226658999919891357421875">
        <ele>150.600006103515625</ele>
        <time>2026-08-06T23:30:24.000Z</time>
        <extensions>
          <ns3:TrackPointExtension>
            <ns3:hr>176</ns3:hr>
            <ns3:cad>85</ns3:cad>
          </ns3:TrackPointExtension>
        </extensions>
      </trkpt>
      <trkpt lat="45.6971565820276737213134765625" lon="126.596017219126224517822265625">
        <ele>150.8000030517578125</ele>
        <time>2026-08-06T23:30:25.000Z</time>
        <extensions>
          <ns3:TrackPointExtension>
            <ns3:hr>177</ns3:hr>
            <ns3:cad>85</ns3:cad>
          </ns3:TrackPointExtension>
        </extensions>
      </trkpt>
      <trkpt lat="45.69715783931314945220947265625" lon="126.59604244865477085113525390625">
        <ele>151</ele>
        <time>2026-08-06T23:30:26.000Z</time>
        <extensions>
          <ns3:TrackPointExtension>
            <ns3:hr>177</ns3:hr>
            <ns3:cad>85</ns3:cad>
          </ns3:TrackPointExtension>
        </extensions>
      </trkpt>
      <trkpt lat="45.69715775549411773681640625" lon="126.596076227724552154541015625">
        <ele>151.1999969482421875</ele>
        <time>2026-08-06T23:30:27.000Z</time>
        <extensions>
          <ns3:TrackPointExtension>
            <ns3:hr>178</ns3:hr>
            <ns3:cad>85</ns3:cad>
          </ns3:TrackPointExtension>
        </extensions>
      </trkpt>
      <trkpt lat="45.6971599347889423370361328125" lon="126.596103720366954803466796875">
        <ele>151.399993896484375</ele>
        <time>2026-08-06T23:30:28.000Z</time>
        <extensions>
          <ns3:TrackPointExtension>
            <ns3:hr>179</ns3:hr>
            <ns3:cad>84</ns3:cad>
          </ns3:TrackPointExtension>
        </extensions>
      </trkpt>
      <trkpt lat="45.697164125740528106689453125" lon="126.596133895218372344970703125">
        <ele>151.8000030517578125</ele>
        <time>2026-08-06T23:30:29.000Z</time>
        <extensions>
          <ns3:TrackPointExtension>
            <ns3:hr>179</ns3:hr>
            <ns3:cad>83</ns3:cad>
          </ns3:TrackPointExtension>
        </extensions>
      </trkpt>
      <trkpt lat="45.697174854576587677001953125" lon="126.596162058413028717041015625">
        <ele>152</ele>
        <time>2026-08-06T23:30:30.000Z</time>
        <extensions>
          <ns3:TrackPointExtension>
            <ns3:hr>179</ns3:hr>
            <ns3:cad>83</ns3:cad>
          </ns3:TrackPointExtension>
        </extensions>
      </trkpt>
      <trkpt lat="45.697183907032012939453125" lon="126.59619064070284366607666015625">
        <ele>152.1999969482421875</ele>
        <time>2026-08-06T23:30:31.000Z</time>
        <extensions>
          <ns3:TrackPointExtension>
            <ns3:hr>179</ns3:hr>
            <ns3:cad>84</ns3:cad>
          </ns3:TrackPointExtension>
        </extensions>
      </trkpt>
      <trkpt lat="45.69718994200229644775390625" lon="126.59622617997229099273681640625">
        <ele>152.399993896484375</ele>
        <time>2026-08-06T23:30:32.000Z</time>
        <extensions>
          <ns3:TrackPointExtension>
            <ns3:hr>179</ns3:hr>
            <ns3:cad>84</ns3:cad>
          </ns3:TrackPointExtension>
        </extensions>
      </trkpt>
      <trkpt lat="45.69719689898192882537841796875" lon="126.596247889101505279541015625">
        <ele>152.600006103515625</ele>
        <time>2026-08-06T23:30:33.000Z</time>
        <extensions>
          <ns3:TrackPointExtension>
            <ns3:hr>179</ns3:hr>
            <ns3:cad>84</ns3:cad>
          </ns3:TrackPointExtension>
        </extensions>
      </trkpt>
      <trkpt lat="45.6972058676183223724365234375" lon="126.59626959823071956634521484375">
        <ele>152.600006103515625</ele>
        <time>2026-08-06T23:30:34.000Z</time>
        <extensions>
          <ns3:TrackPointExtension>
            <ns3:hr>180</ns3:hr>
            <ns3:cad>84</ns3:cad>
          </ns3:TrackPointExtension>
        </extensions>
      </trkpt>
      <trkpt lat="45.69722170941531658172607421875" lon="126.59630010835826396942138671875">
        <ele>152.600006103515625</ele>
        <time>2026-08-06T23:30:35.000Z</time>
        <extensions>
          <ns3:TrackPointExtension>
            <ns3:hr>180</ns3:hr>
            <ns3:cad>84</ns3:cad>
          </ns3:TrackPointExtension>
        </extensions>
      </trkpt>
      <trkpt lat="45.69723688066005706787109375" lon="126.5963171236217021942138671875">
        <ele>152.399993896484375</ele>
        <time>2026-08-06T23:30:36.000Z</time>
        <extensions>
          <ns3:TrackPointExtension>
            <ns3:hr>180</ns3:hr>
            <ns3:cad>84</ns3:cad>
          </ns3:TrackPointExtension>
        </extensions>
      </trkpt>
      <trkpt lat="45.69725967943668365478515625" lon="126.596331037580966949462890625">
        <ele>152.1999969482421875</ele>
        <time>2026-08-06T23:30:37.000Z</time>
        <extensions>
          <ns3:TrackPointExtension>
            <ns3:hr>180</ns3:hr>
            <ns3:cad>84</ns3:cad>
          </ns3:TrackPointExtension>
        </extensions>
      </trkpt>
      <trkpt lat="45.69728113710880279541015625" lon="126.5963419340550899505615234375">
        <ele>152.1999969482421875</ele>
        <time>2026-08-06T23:30:38.000Z</time>
        <extensions>
          <ns3:TrackPointExtension>
            <ns3:hr>179</ns3:hr>
            <ns3:cad>84</ns3:cad>
          </ns3:TrackPointExtension>
        </extensions>
      </trkpt>
      <trkpt lat="45.6973020918667316436767578125" lon="126.59635827876627445220947265625">
        <ele>152.1999969482421875</ele>
        <time>2026-08-06T23:30:39.000Z</time>
        <extensions>
          <ns3:TrackPointExtension>
            <ns3:hr>180</ns3:hr>
            <ns3:cad>84</ns3:cad>
          </ns3:TrackPointExtension>
        </extensions>
      </trkpt>
      <trkpt lat="45.69731977768242359161376953125" lon="126.5963707678020000457763671875">
        <ele>152.1999969482421875</ele>
        <time>2026-08-06T23:30:40.000Z</time>
        <extensions>
          <ns3:TrackPointExtension>
            <ns3:hr>179</ns3:hr>
            <ns3:cad>84</ns3:cad>
          </ns3:TrackPointExtension>
        </extensions>
      </trkpt>
      <trkpt lat="45.69733872078359127044677734375" lon="126.59637697041034698486328125">
        <ele>152</ele>
        <time>2026-08-06T23:30:41.000Z</time>
        <extensions>
          <ns3:TrackPointExtension>
            <ns3:hr>179</ns3:hr>
            <ns3:cad>84</ns3:cad>
          </ns3:TrackPointExtension>
        </extensions>
      </trkpt>
      <trkpt lat="45.6973611004650592803955078125" lon="126.59638577140867710113525390625">
        <ele>152</ele>
        <time>2026-08-06T23:30:42.000Z</time>
        <extensions>
          <ns3:TrackPointExtension>
            <ns3:hr>179</ns3:hr>
            <ns3:cad>85</ns3:cad>
          </ns3:TrackPointExtension>
        </extensions>
      </trkpt>
      <trkpt lat="45.6973837316036224365234375" lon="126.5963841788470745086669921875">
        <ele>152</ele>
        <time>2026-08-06T23:30:43.000Z</time>
        <extensions>
          <ns3:TrackPointExtension>
            <ns3:hr>179</ns3:hr>
            <ns3:cad>86</ns3:cad>
          </ns3:TrackPointExtension>
        </extensions>
      </trkpt>
      <trkpt lat="45.6974066980183124542236328125" lon="126.59638292156159877777099609375">
        <ele>151.8000030517578125</ele>
        <time>2026-08-06T23:30:44.000Z</time>
        <extensions>
          <ns3:TrackPointExtension>
            <ns3:hr>179</ns3:hr>
            <ns3:cad>86</ns3:cad>
          </ns3:TrackPointExtension>
        </extensions>
      </trkpt>
      <trkpt lat="45.69743058644235134124755859375" lon="126.5963821671903133392333984375">
        <ele>151.600006103515625</ele>
        <time>2026-08-06T23:30:45.000Z</time>
        <extensions>
          <ns3:TrackPointExtension>
            <ns3:hr>179</ns3:hr>
            <ns3:cad>86</ns3:cad>
          </ns3:TrackPointExtension>
        </extensions>
      </trkpt>
      <trkpt lat="45.69745573215186595916748046875" lon="126.59638459794223308563232421875">
        <ele>151.600006103515625</ele>
        <time>2026-08-06T23:30:46.000Z</time>
        <extensions>
          <ns3:TrackPointExtension>
            <ns3:hr>179</ns3:hr>
            <ns3:cad>86</ns3:cad>
          </ns3:TrackPointExtension>
        </extensions>
      </trkpt>
      <trkpt lat="45.69748054258525371551513671875" lon="126.59639080055058002471923828125">
        <ele>151.8000030517578125</ele>
        <time>2026-08-06T23:30:47.000Z</time>
        <extensions>
          <ns3:TrackPointExtension>
            <ns3:hr>179</ns3:hr>
            <ns3:cad>86</ns3:cad>
          </ns3:TrackPointExtension>
        </extensions>
      </trkpt>
      <trkpt lat="45.69751046597957611083984375" lon="126.59639775753021240234375">
        <ele>152</ele>
        <time>2026-08-06T23:30:48.000Z</time>
        <extensions>
          <ns3:TrackPointExtension>
            <ns3:hr>178</ns3:hr>
            <ns3:cad>86</ns3:cad>
          </ns3:TrackPointExtension>
        </extensions>
      </trkpt>
      <trkpt lat="45.69753720425069332122802734375" lon="126.59640672616660594940185546875">
        <ele>152.1999969482421875</ele>
        <time>2026-08-06T23:30:49.000Z</time>
        <extensions>
          <ns3:TrackPointExtension>
            <ns3:hr>178</ns3:hr>
            <ns3:cad>87</ns3:cad>
          </ns3:TrackPointExtension>
        </extensions>
      </trkpt>
      <trkpt lat="45.6975629366934299468994140625" lon="126.59640840254724025726318359375">
        <ele>152.399993896484375</ele>
        <time>2026-08-06T23:30:50.000Z</time>
        <extensions>
          <ns3:TrackPointExtension>
            <ns3:hr>178</ns3:hr>
            <ns3:cad>87</ns3:cad>
          </ns3:TrackPointExtension>
        </extensions>
      </trkpt>
      <trkpt lat="45.69758892059326171875" lon="126.596414186060428619384765625">
        <ele>152.600006103515625</ele>
        <time>2026-08-06T23:30:51.000Z</time>
        <extensions>
          <ns3:TrackPointExtension>
            <ns3:hr>178</ns3:hr>
            <ns3:cad>87</ns3:cad>
          </ns3:TrackPointExtension>
        </extensions>
      </trkpt>
      <trkpt lat="45.69761247374117374420166015625" lon="126.59641628153622150421142578125">
        <ele>152.8000030517578125</ele>
        <time>2026-08-06T23:30:52.000Z</time>
        <extensions>
          <ns3:TrackPointExtension>
            <ns3:hr>178</ns3:hr>
            <ns3:cad>87</ns3:cad>
          </ns3:TrackPointExtension>
        </extensions>
      </trkpt>
      <trkpt lat="45.697637535631656646728515625" lon="126.5964207239449024200439453125">
        <ele>152.8000030517578125</ele>
        <time>2026-08-06T23:30:53.000Z</time>
        <extensions>
          <ns3:TrackPointExtension>
            <ns3:hr>178</ns3:hr>
            <ns3:cad>87</ns3:cad>
          </ns3:TrackPointExtension>
        </extensions>
      </trkpt>
      <trkpt lat="45.69765924476087093353271484375" lon="126.596422232687473297119140625">
        <ele>152.600006103515625</ele>
        <time>2026-08-06T23:30:54.000Z</time>
        <extensions>
          <ns3:TrackPointExtension>
            <ns3:hr>178</ns3:hr>
            <ns3:cad>87</ns3:cad>
          </ns3:TrackPointExtension>
        </extensions>
      </trkpt>
      <trkpt lat="45.697684474289417266845703125" lon="126.5964259207248687744140625">
        <ele>152.600006103515625</ele>
        <time>2026-08-06T23:30:55.000Z</time>
        <extensions>
          <ns3:TrackPointExtension>
            <ns3:hr>178</ns3:hr>
            <ns3:cad>87</ns3:cad>
          </ns3:TrackPointExtension>
        </extensions>
      </trkpt>
      <trkpt lat="45.6977057643234729766845703125" lon="126.59643036313354969024658203125">
        <ele>152.399993896484375</ele>
        <time>2026-08-06T23:30:56.000Z</time>
        <extensions>
          <ns3:TrackPointExtension>
            <ns3:hr>178</ns3:hr>
            <ns3:cad>87</ns3:cad>
          </ns3:TrackPointExtension>
        </extensions>
      </trkpt>
      <trkpt lat="45.697730071842670440673828125" lon="126.59643371589481830596923828125">
        <ele>152.1999969482421875</ele>
        <time>2026-08-06T23:30:57.000Z</time>
        <extensions>
          <ns3:TrackPointExtension>
            <ns3:hr>179</ns3:hr>
            <ns3:cad>88</ns3:cad>
          </ns3:TrackPointExtension>
        </extensions>
      </trkpt>
      <trkpt lat="45.69775052368640899658203125" lon="126.59643589518964290618896484375">
        <ele>152</ele>
        <time>2026-08-06T23:30:58.000Z</time>
        <extensions>
          <ns3:TrackPointExtension>
            <ns3:hr>178</ns3:hr>
            <ns3:cad>87</ns3:cad>
          </ns3:TrackPointExtension>
        </extensions>
      </trkpt>
      <trkpt lat="45.6977761723101139068603515625" lon="126.59644025377929210662841796875">
        <ele>151.600006103515625</ele>
        <time>2026-08-06T23:30:59.000Z</time>
        <extensions>
          <ns3:TrackPointExtension>
            <ns3:hr>178</ns3:hr>
            <ns3:cad>87</ns3:cad>
          </ns3:TrackPointExtension>
        </extensions>
      </trkpt>
      <trkpt lat="45.69779989309608936309814453125" lon="126.59644444473087787628173828125">
        <ele>151.1999969482421875</ele>
        <time>2026-08-06T23:31:00.000Z</time>
        <extensions>
          <ns3:TrackPointExtension>
            <ns3:hr>177</ns3:hr>
            <ns3:cad>87</ns3:cad>
          </ns3:TrackPointExtension>
        </extensions>
      </trkpt>
      <trkpt lat="45.69782537408173084259033203125" lon="126.596449054777622222900390625">
        <ele>151</ele>
        <time>2026-08-06T23:31:01.000Z</time>
        <extensions>
          <ns3:TrackPointExtension>
            <ns3:hr>176</ns3:hr>
            <ns3:cad>86</ns3:cad>
          </ns3:TrackPointExtension>
        </extensions>
      </trkpt>
      <trkpt lat="45.69785638712346553802490234375" lon="126.59645718522369861602783203125">
        <ele>151.1999969482421875</ele>
        <time>2026-08-06T23:31:02.000Z</time>
        <extensions>
          <ns3:TrackPointExtension>
            <ns3:hr>175</ns3:hr>
            <ns3:cad>86</ns3:cad>
          </ns3:TrackPointExtension>
        </extensions>
      </trkpt>
      <trkpt lat="45.697884298861026763916015625" lon="126.59646145999431610107421875">
        <ele>151.399993896484375</ele>
        <time>2026-08-06T23:31:03.000Z</time>
        <extensions>
          <ns3:TrackPointExtension>
            <ns3:hr>174</ns3:hr>
            <ns3:cad>87</ns3:cad>
          </ns3:TrackPointExtension>
        </extensions>
      </trkpt>
      <trkpt lat="45.6979143060743808746337890625" lon="126.59646959044039249420166015625">
        <ele>151.600006103515625</ele>
        <time>2026-08-06T23:31:04.000Z</time>
        <extensions>
          <ns3:TrackPointExtension>
            <ns3:hr>174</ns3:hr>
            <ns3:cad>87</ns3:cad>
          </ns3:TrackPointExtension>
        </extensions>
      </trkpt>
      <trkpt lat="45.6979364342987537384033203125" lon="126.5964747034013271331787109375">
        <ele>151.8000030517578125</ele>
        <time>2026-08-06T23:31:05.000Z</time>
        <extensions>
          <ns3:TrackPointExtension>
            <ns3:hr>174</ns3:hr>
            <ns3:cad>87</ns3:cad>
          </ns3:TrackPointExtension>
        </extensions>
      </trkpt>
      <trkpt lat="45.697966776788234710693359375" lon="126.5964804030954837799072265625">
        <ele>151.8000030517578125</ele>
        <time>2026-08-06T23:31:06.000Z</time>
        <extensions>
          <ns3:TrackPointExtension>
            <ns3:hr>174</ns3:hr>
            <ns3:cad>87</ns3:cad>
          </ns3:TrackPointExtension>
        </extensions>
      </trkpt>
      <trkpt lat="45.6979907490313053131103515625" lon="126.59648786298930644989013671875">
        <ele>151.8000030517578125</ele>
        <time>2026-08-06T23:31:07.000Z</time>
        <extensions>
          <ns3:TrackPointExtension>
            <ns3:hr>175</ns3:hr>
            <ns3:cad>87</ns3:cad>
          </ns3:TrackPointExtension>
        </extensions>
      </trkpt>
      <trkpt lat="45.69801698438823223114013671875" lon="126.5964929759502410888671875">
        <ele>151.8000030517578125</ele>
        <time>2026-08-06T23:31:08.000Z</time>
        <extensions>
          <ns3:TrackPointExtension>
            <ns3:hr>175</ns3:hr>
            <ns3:cad>87</ns3:cad>
          </ns3:TrackPointExtension>
        </extensions>
      </trkpt>
      <trkpt lat="45.69804330356419086456298828125" lon="126.5965010225772857666015625">
        <ele>152</ele>
        <time>2026-08-06T23:31:09.000Z</time>
        <extensions>
          <ns3:TrackPointExtension>
            <ns3:hr>176</ns3:hr>
            <ns3:cad>87</ns3:cad>
          </ns3:TrackPointExtension>
        </extensions>
      </trkpt>
      <trkpt lat="45.69807012565433979034423828125" lon="126.59650814719498157501220703125">
        <ele>152</ele>
        <time>2026-08-06T23:31:10.000Z</time>
        <extensions>
          <ns3:TrackPointExtension>
            <ns3:hr>176</ns3:hr>
            <ns3:cad>87</ns3:cad>
          </ns3:TrackPointExtension>
        </extensions>
      </trkpt>
      <trkpt lat="45.69809979759156703948974609375" lon="126.5965197980403900146484375">
        <ele>152.1999969482421875</ele>
        <time>2026-08-06T23:31:11.000Z</time>
        <extensions>
          <ns3:TrackPointExtension>
            <ns3:hr>176</ns3:hr>
            <ns3:cad>87</ns3:cad>
          </ns3:TrackPointExtension>
        </extensions>
      </trkpt>
      <trkpt lat="45.698125027120113372802734375" lon="126.59652306698262691497802734375">
        <ele>152.399993896484375</ele>
        <time>2026-08-06T23:31:12.000Z</time>
        <extensions>
          <ns3:TrackPointExtension>
            <ns3:hr>175</ns3:hr>
            <ns3:cad>87</ns3:cad>
          </ns3:TrackPointExtension>
        </extensions>
      </trkpt>
      <trkpt lat="45.698155201971530914306640625" lon="126.59652977250516414642333984375">
        <ele>152.600006103515625</ele>
        <time>2026-08-06T23:31:13.000Z</time>
        <extensions>
          <ns3:TrackPointExtension>
            <ns3:hr>175</ns3:hr>
            <ns3:cad>87</ns3:cad>
          </ns3:TrackPointExtension>
        </extensions>
      </trkpt>
      <trkpt lat="45.69818026386201381683349609375" lon="126.59653781913220882415771484375">
        <ele>152.600006103515625</ele>
        <time>2026-08-06T23:31:14.000Z</time>
        <extensions>
          <ns3:TrackPointExtension>
            <ns3:hr>175</ns3:hr>
            <ns3:cad>87</ns3:cad>
          </ns3:TrackPointExtension>
        </extensions>
      </trkpt>
      <trkpt lat="45.698210857808589935302734375" lon="126.59655173309147357940673828125">
        <ele>152.8000030517578125</ele>
        <time>2026-08-06T23:31:15.000Z</time>
        <extensions>
          <ns3:TrackPointExtension>
            <ns3:hr>175</ns3:hr>
            <ns3:cad>87</ns3:cad>
          </ns3:TrackPointExtension>
        </extensions>
      </trkpt>
      <trkpt lat="45.6982355006039142608642578125" lon="126.596561372280120849609375">
        <ele>152.8000030517578125</ele>
        <time>2026-08-06T23:31:16.000Z</time>
        <extensions>
          <ns3:TrackPointExtension>
            <ns3:hr>175</ns3:hr>
            <ns3:cad>87</ns3:cad>
          </ns3:TrackPointExtension>
        </extensions>
      </trkpt>
      <trkpt lat="45.69826140068471431732177734375" lon="126.59656799398362636566162109375">
        <ele>152.8000030517578125</ele>
        <time>2026-08-06T23:31:17.000Z</time>
        <extensions>
          <ns3:TrackPointExtension>
            <ns3:hr>176</ns3:hr>
            <ns3:cad>87</ns3:cad>
          </ns3:TrackPointExtension>
        </extensions>
      </trkpt>
      <trkpt lat="45.6982881389558315277099609375" lon="126.596581824123859405517578125">
        <ele>152.8000030517578125</ele>
        <time>2026-08-06T23:31:18.000Z</time>
        <extensions>
          <ns3:TrackPointExtension>
            <ns3:hr>176</ns3:hr>
            <ns3:cad>87</ns3:cad>
          </ns3:TrackPointExtension>
        </extensions>
      </trkpt>
      <trkpt lat="45.6983139552175998687744140625" lon="126.59658752381801605224609375">
        <ele>152.8000030517578125</ele>
        <time>2026-08-06T23:31:19.000Z</time>
        <extensions>
          <ns3:TrackPointExtension>
            <ns3:hr>177</ns3:hr>
            <ns3:cad>87</ns3:cad>
          </ns3:TrackPointExtension>
        </extensions>
      </trkpt>
      <trkpt lat="45.6983411125838756561279296875" lon="126.59659397788345813751220703125">
        <ele>152.8000030517578125</ele>
        <time>2026-08-06T23:31:20.000Z</time>
        <extensions>
          <ns3:TrackPointExtension>
            <ns3:hr>177</ns3:hr>
            <ns3:cad>87</ns3:cad>
          </ns3:TrackPointExtension>
        </extensions>
      </trkpt>
      <trkpt lat="45.69836349226534366607666015625" lon="126.59660001285374164581298828125">
        <ele>152.8000030517578125</ele>
        <time>2026-08-06T23:31:21.000Z</time>
        <extensions>
          <ns3:TrackPointExtension>
            <ns3:hr>178</ns3:hr>
            <ns3:cad>87</ns3:cad>
          </ns3:TrackPointExtension>
        </extensions>
      </trkpt>
      <trkpt lat="45.69839282892644405364990234375" lon="126.59660604782402515411376953125">
        <ele>153</ele>
        <time>2026-08-06T23:31:22.000Z</time>
        <extensions>
          <ns3:TrackPointExtension>
            <ns3:hr>178</ns3:hr>
            <ns3:cad>87</ns3:cad>
          </ns3:TrackPointExtension>
        </extensions>
      </trkpt>
      <trkpt lat="45.6984155438840389251708984375" lon="126.59660655073821544647216796875">
        <ele>153</ele>
        <time>2026-08-06T23:31:23.000Z</time>
        <extensions>
          <ns3:TrackPointExtension>
            <ns3:hr>179</ns3:hr>
            <ns3:cad>87</ns3:cad>
          </ns3:TrackPointExtension>
        </extensions>
      </trkpt>
      <trkpt lat="45.6984433718025684356689453125" lon="126.59661325626075267791748046875">
        <ele>153</ele>
        <time>2026-08-06T23:31:24.000Z</time>
        <extensions>
          <ns3:TrackPointExtension>
            <ns3:hr>179</ns3:hr>
            <ns3:cad>87</ns3:cad>
          </ns3:TrackPointExtension>
        </extensions>
      </trkpt>
      <trkpt lat="45.698464997112751007080078125" lon="126.59662029705941677093505859375">
        <ele>153</ele>
        <time>2026-08-06T23:31:25.000Z</time>
        <extensions>
          <ns3:TrackPointExtension>
            <ns3:hr>179</ns3:hr>
            <ns3:cad>87</ns3:cad>
          </ns3:TrackPointExtension>
        </extensions>
      </trkpt>
      <trkpt lat="45.69849140010774135589599609375" lon="126.59663203172385692596435546875">
        <ele>153</ele>
        <time>2026-08-06T23:31:26.000Z</time>
        <extensions>
          <ns3:TrackPointExtension>
            <ns3:hr>179</ns3:hr>
            <ns3:cad>88</ns3:cad>
          </ns3:TrackPointExtension>
        </extensions>
      </trkpt>
      <trkpt lat="45.69851495325565338134765625" lon="126.596647202968597412109375">
        <ele>153</ele>
        <time>2026-08-06T23:31:27.000Z</time>
        <extensions>
          <ns3:TrackPointExtension>
            <ns3:hr>178</ns3:hr>
            <ns3:cad>88</ns3:cad>
          </ns3:TrackPointExtension>
        </extensions>
      </trkpt>
      <trkpt lat="45.69854043424129486083984375" lon="126.5966540761291980743408203125">
        <ele>153</ele>
        <time>2026-08-06T23:31:28.000Z</time>
        <extensions>
          <ns3:TrackPointExtension>
            <ns3:hr>178</ns3:hr>
            <ns3:cad>88</ns3:cad>
          </ns3:TrackPointExtension>
        </extensions>
      </trkpt>
      <trkpt lat="45.69856583140790462493896484375" lon="126.59666304476559162139892578125">
        <ele>153</ele>
        <time>2026-08-06T23:31:29.000Z</time>
        <extensions>
          <ns3:TrackPointExtension>
            <ns3:hr>179</ns3:hr>
            <ns3:cad>87</ns3:cad>
          </ns3:TrackPointExtension>
        </extensions>
      </trkpt>
      <trkpt lat="45.69858980365097522735595703125" lon="126.596668325364589691162109375">
        <ele>153</ele>
        <time>2026-08-06T23:31:30.000Z</time>
        <extensions>
          <ns3:TrackPointExtension>
            <ns3:hr>179</ns3:hr>
            <ns3:cad>87</ns3:cad>
          </ns3:TrackPointExtension>
        </extensions>
      </trkpt>
      <trkpt lat="45.698614530265331268310546875" lon="126.59667779691517353057861328125">
        <ele>152.8000030517578125</ele>
        <time>2026-08-06T23:31:31.000Z</time>
        <extensions>
          <ns3:TrackPointExtension>
            <ns3:hr>179</ns3:hr>
            <ns3:cad>87</ns3:cad>
          </ns3:TrackPointExtension>
        </extensions>
      </trkpt>
      <trkpt lat="45.69863875396549701690673828125" lon="126.59667846746742725372314453125">
        <ele>152.8000030517578125</ele>
        <time>2026-08-06T23:31:32.000Z</time>
        <extensions>
          <ns3:TrackPointExtension>
            <ns3:hr>178</ns3:hr>
            <ns3:cad>87</ns3:cad>
          </ns3:TrackPointExtension>
        </extensions>
      </trkpt>
      <trkpt lat="45.6986636482179164886474609375" lon="126.59668634645640850067138671875">
        <ele>152.8000030517578125</ele>
        <time>2026-08-06T23:31:33.000Z</time>
        <extensions>
          <ns3:TrackPointExtension>
            <ns3:hr>179</ns3:hr>
            <ns3:cad>87</ns3:cad>
          </ns3:TrackPointExtension>
        </extensions>
      </trkpt>
      <trkpt lat="45.6986857764422893524169921875" lon="126.5966886095702648162841796875">
        <ele>152.8000030517578125</ele>
        <time>2026-08-06T23:31:34.000Z</time>
        <extensions>
          <ns3:TrackPointExtension>
            <ns3:hr>178</ns3:hr>
            <ns3:cad>87</ns3:cad>
          </ns3:TrackPointExtension>
        </extensions>
      </trkpt>
      <trkpt lat="45.69871083833277225494384765625" lon="126.596693135797977447509765625">
        <ele>152.8000030517578125</ele>
        <time>2026-08-06T23:31:35.000Z</time>
        <extensions>
          <ns3:TrackPointExtension>
            <ns3:hr>178</ns3:hr>
            <ns3:cad>86</ns3:cad>
          </ns3:TrackPointExtension>
        </extensions>
      </trkpt>
      <trkpt lat="45.69873162545263767242431640625" lon="126.59669942222535610198974609375">
        <ele>152.8000030517578125</ele>
        <time>2026-08-06T23:31:36.000Z</time>
        <extensions>
          <ns3:TrackPointExtension>
            <ns3:hr>178</ns3:hr>
            <ns3:cad>86</ns3:cad>
          </ns3:TrackPointExtension>
        </extensions>
      </trkpt>
      <trkpt lat="45.69875660352408885955810546875" lon="126.59670419991016387939453125">
        <ele>152.8000030517578125</ele>
        <time>2026-08-06T23:31:37.000Z</time>
        <extensions>
          <ns3:TrackPointExtension>
            <ns3:hr>178</ns3:hr>
            <ns3:cad>86</ns3:cad>
          </ns3:TrackPointExtension>
        </extensions>
      </trkpt>
      <trkpt lat="45.69878057576715946197509765625" lon="126.59671400673687458038330078125">
        <ele>152.8000030517578125</ele>
        <time>2026-08-06T23:31:38.000Z</time>
        <extensions>
          <ns3:TrackPointExtension>
            <ns3:hr>178</ns3:hr>
            <ns3:cad>87</ns3:cad>
          </ns3:TrackPointExtension>
        </extensions>
      </trkpt>
      <trkpt lat="45.698804296553134918212890625" lon="126.59671953879296779632568359375">
        <ele>153</ele>
        <time>2026-08-06T23:31:39.000Z</time>
        <extensions>
          <ns3:TrackPointExtension>
            <ns3:hr>177</ns3:hr>
            <ns3:cad>87</ns3:cad>
          </ns3:TrackPointExtension>
        </extensions>
      </trkpt>
      <trkpt lat="45.69882818497717380523681640625" lon="126.5967263281345367431640625">
        <ele>152.8000030517578125</ele>
        <time>2026-08-06T23:31:40.000Z</time>
        <extensions>
          <ns3:TrackPointExtension>
            <ns3:hr>177</ns3:hr>
            <ns3:cad>86</ns3:cad>
          </ns3:TrackPointExtension>
        </extensions>
      </trkpt>
      <trkpt lat="45.69884888827800750732421875" lon="126.5967290103435516357421875">
        <ele>152.8000030517578125</ele>
        <time>2026-08-06T23:31:41.000Z</time>
        <extensions>
          <ns3:TrackPointExtension>
            <ns3:hr>176</ns3:hr>
            <ns3:cad>86</ns3:cad>
          </ns3:TrackPointExtension>
        </extensions>
      </trkpt>
      <trkpt lat="45.698870010673999786376953125" lon="126.5967345423996448516845703125">
        <ele>152.8000030517578125</ele>
        <time>2026-08-06T23:31:42.000Z</time>
        <extensions>
          <ns3:TrackPointExtension>
            <ns3:hr>175</ns3:hr>
            <ns3:cad>86</ns3:cad>
          </ns3:TrackPointExtension>
        </extensions>
      </trkpt>
      <trkpt lat="45.69888912141323089599609375" lon="126.59674116410315036773681640625">
        <ele>152.8000030517578125</ele>
        <time>2026-08-06T23:31:43.000Z</time>
        <extensions>
          <ns3:TrackPointExtension>
            <ns3:hr>175</ns3:hr>
            <ns3:cad>86</ns3:cad>
          </ns3:TrackPointExtension>
        </extensions>
      </trkpt>
      <trkpt lat="45.69891552440822124481201171875" lon="126.5967516414821147918701171875">
        <ele>152.8000030517578125</ele>
        <time>2026-08-06T23:31:44.000Z</time>
        <extensions>
          <ns3:TrackPointExtension>
            <ns3:hr>175</ns3:hr>
            <ns3:cad>87</ns3:cad>
          </ns3:TrackPointExtension>
        </extensions>
      </trkpt>
      <trkpt lat="45.69893396459519863128662109375" lon="126.5967543236911296844482421875">
        <ele>153</ele>
        <time>2026-08-06T23:31:45.000Z</time>
        <extensions>
          <ns3:TrackPointExtension>
            <ns3:hr>174</ns3:hr>
            <ns3:cad>87</ns3:cad>
          </ns3:TrackPointExtension>
        </extensions>
      </trkpt>
      <trkpt lat="45.6989583559334278106689453125" lon="126.5967667289078235626220703125">
        <ele>153</ele>
        <time>2026-08-06T23:31:46.000Z</time>
        <extensions>
          <ns3:TrackPointExtension>
            <ns3:hr>174</ns3:hr>
            <ns3:cad>87</ns3:cad>
          </ns3:TrackPointExtension>
        </extensions>
      </trkpt>
      <trkpt lat="45.69897889159619808197021484375" lon="126.5967744402587413787841796875">
        <ele>153.1999969482421875</ele>
        <time>2026-08-06T23:31:47.000Z</time>
        <extensions>
          <ns3:TrackPointExtension>
            <ns3:hr>173</ns3:hr>
            <ns3:cad>87</ns3:cad>
          </ns3:TrackPointExtension>
        </extensions>
      </trkpt>
      <trkpt lat="45.69900101982057094573974609375" lon="126.59678257070481777191162109375">
        <ele>153.1999969482421875</ele>
        <time>2026-08-06T23:31:48.000Z</time>
        <extensions>
          <ns3:TrackPointExtension>
            <ns3:hr>174</ns3:hr>
            <ns3:cad>87</ns3:cad>
          </ns3:TrackPointExtension>
        </extensions>
      </trkpt>
      <trkpt lat="45.69902365095913410186767578125" lon="126.59679765813052654266357421875">
        <ele>153</ele>
        <time>2026-08-06T23:31:49.000Z</time>
        <extensions>
          <ns3:TrackPointExtension>
            <ns3:hr>175</ns3:hr>
            <ns3:cad>87</ns3:cad>
          </ns3:TrackPointExtension>
        </extensions>
      </trkpt>
      <trkpt lat="45.69904225878417491912841796875" lon="126.596805788576602935791015625">
        <ele>153</ele>
        <time>2026-08-06T23:31:50.000Z</time>
        <extensions>
          <ns3:TrackPointExtension>
            <ns3:hr>176</ns3:hr>
            <ns3:cad>87</ns3:cad>
          </ns3:TrackPointExtension>
        </extensions>
      </trkpt>
      <trkpt lat="45.6990669853985309600830078125" lon="126.59683152101933956146240234375">
        <ele>153</ele>
        <time>2026-08-06T23:31:51.000Z</time>
        <extensions>
          <ns3:TrackPointExtension>
            <ns3:hr>176</ns3:hr>
            <ns3:cad>87</ns3:cad>
          </ns3:TrackPointExtension>
        </extensions>
      </trkpt>
      <trkpt lat="45.6990844197571277618408203125" lon="126.5968435071408748626708984375">
        <ele>153.1999969482421875</ele>
        <time>2026-08-06T23:31:52.000Z</time>
        <extensions>
          <ns3:TrackPointExtension>
            <ns3:hr>177</ns3:hr>
            <ns3:cad>87</ns3:cad>
          </ns3:TrackPointExtension>
        </extensions>
      </trkpt>
      <trkpt lat="45.69910814054310321807861328125" lon="126.596860773861408233642578125">
        <ele>153.399993896484375</ele>
        <time>2026-08-06T23:31:53.000Z</time>
        <extensions>
          <ns3:TrackPointExtension>
            <ns3:hr>177</ns3:hr>
            <ns3:cad>87</ns3:cad>
          </ns3:TrackPointExtension>
        </extensions>
      </trkpt>
      <trkpt lat="45.69912943057715892791748046875" lon="126.5968780405819416046142578125">
        <ele>153.399993896484375</ele>
        <time>2026-08-06T23:31:54.000Z</time>
        <extensions>
          <ns3:TrackPointExtension>
            <ns3:hr>177</ns3:hr>
            <ns3:cad>87</ns3:cad>
          </ns3:TrackPointExtension>
        </extensions>
      </trkpt>
      <trkpt lat="45.69915155880153179168701171875" lon="126.5968924574553966522216796875">
        <ele>153.399993896484375</ele>
        <time>2026-08-06T23:31:55.000Z</time>
        <extensions>
          <ns3:TrackPointExtension>
            <ns3:hr>177</ns3:hr>
            <ns3:cad>87</ns3:cad>
          </ns3:TrackPointExtension>
        </extensions>
      </trkpt>
      <trkpt lat="45.699172429740428924560546875" lon="126.59690327011048793792724609375">
        <ele>153.600006103515625</ele>
        <time>2026-08-06T23:31:56.000Z</time>
        <extensions>
          <ns3:TrackPointExtension>
            <ns3:hr>177</ns3:hr>
            <ns3:cad>87</ns3:cad>
          </ns3:TrackPointExtension>
        </extensions>
      </trkpt>
      <trkpt lat="45.6991940550506114959716796875" lon="126.59691098146140575408935546875">
        <ele>153.399993896484375</ele>
        <time>2026-08-06T23:31:57.000Z</time>
        <extensions>
          <ns3:TrackPointExtension>
            <ns3:hr>177</ns3:hr>
            <ns3:cad>86</ns3:cad>
          </ns3:TrackPointExtension>
        </extensions>
      </trkpt>
      <trkpt lat="45.6992178596556186676025390625" lon="126.596926152706146240234375">
        <ele>153.399993896484375</ele>
        <time>2026-08-06T23:31:58.000Z</time>
        <extensions>
          <ns3:TrackPointExtension>
            <ns3:hr>177</ns3:hr>
            <ns3:cad>87</ns3:cad>
          </ns3:TrackPointExtension>
        </extensions>
      </trkpt>
      <trkpt lat="45.69924090988934040069580078125" lon="126.59693512134253978729248046875">
        <ele>153.399993896484375</ele>
        <time>2026-08-06T23:31:59.000Z</time>
        <extensions>
          <ns3:TrackPointExtension>
            <ns3:hr>177</ns3:hr>
            <ns3:cad>87</ns3:cad>
          </ns3:TrackPointExtension>
        </extensions>
      </trkpt>
      <trkpt lat="45.69926991127431392669677734375" lon="126.59694333560764789581298828125">
        <ele>153.399993896484375</ele>
        <time>2026-08-06T23:32:00.000Z</time>
        <extensions>
          <ns3:TrackPointExtension>
            <ns3:hr>177</ns3:hr>
            <ns3:cad>86</ns3:cad>
          </ns3:TrackPointExtension>
        </extensions>
      </trkpt>
      <trkpt lat="45.69929187186062335968017578125" lon="126.5969504602253437042236328125">
        <ele>153.399993896484375</ele>
        <time>2026-08-06T23:32:01.000Z</time>
        <extensions>
          <ns3:TrackPointExtension>
            <ns3:hr>177</ns3:hr>
            <ns3:cad>86</ns3:cad>
          </ns3:TrackPointExtension>
        </extensions>
      </trkpt>
      <trkpt lat="45.69931819103658199310302734375" lon="126.59695230424404144287109375">
        <ele>153.399993896484375</ele>
        <time>2026-08-06T23:32:02.000Z</time>
        <extensions>
          <ns3:TrackPointExtension>
            <ns3:hr>177</ns3:hr>
            <ns3:cad>86</ns3:cad>
          </ns3:TrackPointExtension>
        </extensions>
      </trkpt>
      <trkpt lat="45.6993385590612888336181640625" lon="126.59695657901465892791748046875">
        <ele>153.1999969482421875</ele>
        <time>2026-08-06T23:32:03.000Z</time>
        <extensions>
          <ns3:TrackPointExtension>
            <ns3:hr>177</ns3:hr>
            <ns3:cad>86</ns3:cad>
          </ns3:TrackPointExtension>
        </extensions>
      </trkpt>
      <trkpt lat="45.69936060346662998199462890625" lon="126.59696714021265506744384765625">
        <ele>153.1999969482421875</ele>
        <time>2026-08-06T23:32:04.000Z</time>
        <extensions>
          <ns3:TrackPointExtension>
            <ns3:hr>176</ns3:hr>
            <ns3:cad>87</ns3:cad>
          </ns3:TrackPointExtension>
        </extensions>
      </trkpt>
      <trkpt lat="45.69938457570970058441162109375" lon="126.59697133116424083709716796875">
        <ele>153.1999969482421875</ele>
        <time>2026-08-06T23:32:05.000Z</time>
        <extensions>
          <ns3:TrackPointExtension>
            <ns3:hr>176</ns3:hr>
            <ns3:cad>87</ns3:cad>
          </ns3:TrackPointExtension>
        </extensions>
      </trkpt>
      <trkpt lat="45.699408464133739471435546875" lon="126.59697242081165313720703125">
        <ele>153.1999969482421875</ele>
        <time>2026-08-06T23:32:06.000Z</time>
        <extensions>
          <ns3:TrackPointExtension>
            <ns3:hr>176</ns3:hr>
            <ns3:cad>87</ns3:cad>
          </ns3:TrackPointExtension>
        </extensions>
      </trkpt>
      <trkpt lat="45.69943360984325408935546875" lon="126.5969789586961269378662109375">
        <ele>153.1999969482421875</ele>
        <time>2026-08-06T23:32:07.000Z</time>
        <extensions>
          <ns3:TrackPointExtension>
            <ns3:hr>176</ns3:hr>
            <ns3:cad>85</ns3:cad>
          </ns3:TrackPointExtension>
        </extensions>
      </trkpt>
      <trkpt lat="45.69945238530635833740234375" lon="126.59698717296123504638671875">
        <ele>153.1999969482421875</ele>
        <time>2026-08-06T23:32:08.000Z</time>
        <extensions>
          <ns3:TrackPointExtension>
            <ns3:hr>176</ns3:hr>
            <ns3:cad>85</ns3:cad>
          </ns3:TrackPointExtension>
        </extensions>
      </trkpt>
      <trkpt lat="45.6994753517210483551025390625" lon="126.59699765034019947052001953125">
        <ele>153.1999969482421875</ele>
        <time>2026-08-06T23:32:09.000Z</time>
        <extensions>
          <ns3:TrackPointExtension>
            <ns3:hr>175</ns3:hr>
            <ns3:cad>85</ns3:cad>
          </ns3:TrackPointExtension>
        </extensions>
      </trkpt>
      <trkpt lat="45.6994964741170406341552734375" lon="126.5970051102340221405029296875">
        <ele>153.1999969482421875</ele>
        <time>2026-08-06T23:32:10.000Z</time>
        <extensions>
          <ns3:TrackPointExtension>
            <ns3:hr>176</ns3:hr>
            <ns3:cad>86</ns3:cad>
          </ns3:TrackPointExtension>
        </extensions>
      </trkpt>
      <trkpt lat="45.69952673278748989105224609375" lon="126.597004942595958709716796875">
        <ele>153.399993896484375</ele>
        <time>2026-08-06T23:32:11.000Z</time>
        <extensions>
          <ns3:TrackPointExtension>
            <ns3:hr>176</ns3:hr>
            <ns3:cad>86</ns3:cad>
          </ns3:TrackPointExtension>
        </extensions>
      </trkpt>
      <trkpt lat="45.69955003447830677032470703125" lon="126.5970094688236713409423828125">
        <ele>153.399993896484375</ele>
        <time>2026-08-06T23:32:12.000Z</time>
        <extensions>
          <ns3:TrackPointExtension>
            <ns3:hr>176</ns3:hr>
            <ns3:cad>86</ns3:cad>
          </ns3:TrackPointExtension>
        </extensions>
      </trkpt>
      <trkpt lat="45.699573419988155364990234375" lon="126.5970121510326862335205078125">
        <ele>153.399993896484375</ele>
        <time>2026-08-06T23:32:13.000Z</time>
        <extensions>
          <ns3:TrackPointExtension>
            <ns3:hr>175</ns3:hr>
            <ns3:cad>85</ns3:cad>
          </ns3:TrackPointExtension>
        </extensions>
      </trkpt>
      <trkpt lat="45.69959730841219425201416015625" lon="126.597012989223003387451171875">
        <ele>153.399993896484375</ele>
        <time>2026-08-06T23:32:14.000Z</time>
        <extensions>
          <ns3:TrackPointExtension>
            <ns3:hr>176</ns3:hr>
            <ns3:cad>85</ns3:cad>
          </ns3:TrackPointExtension>
        </extensions>
      </trkpt>
      <trkpt lat="45.69961868226528167724609375" lon="126.597017012536525726318359375">
        <ele>153.600006103515625</ele>
        <time>2026-08-06T23:32:15.000Z</time>
        <extensions>
          <ns3:TrackPointExtension>
            <ns3:hr>175</ns3:hr>
            <ns3:cad>86</ns3:cad>
          </ns3:TrackPointExtension>
        </extensions>
      </trkpt>
      <trkpt lat="45.69964542053639888763427734375" lon="126.59702564589679241180419921875">
        <ele>153.600006103515625</ele>
        <time>2026-08-06T23:32:16.000Z</time>
        <extensions>
          <ns3:TrackPointExtension>
            <ns3:hr>175</ns3:hr>
            <ns3:cad>86</ns3:cad>
          </ns3:TrackPointExtension>
        </extensions>
      </trkpt>
      <trkpt lat="45.69966696202754974365234375" lon="126.59703033976256847381591796875">
        <ele>153.8000030517578125</ele>
        <time>2026-08-06T23:32:17.000Z</time>
        <extensions>
          <ns3:TrackPointExtension>
            <ns3:hr>175</ns3:hr>
            <ns3:cad>86</ns3:cad>
          </ns3:TrackPointExtension>
        </extensions>
      </trkpt>
      <trkpt lat="45.699694454669952392578125" lon="126.59703352488577365875244140625">
        <ele>154</ele>
        <time>2026-08-06T23:32:18.000Z</time>
        <extensions>
          <ns3:TrackPointExtension>
            <ns3:hr>176</ns3:hr>
            <ns3:cad>86</ns3:cad>
          </ns3:TrackPointExtension>
        </extensions>
      </trkpt>
      <trkpt lat="45.69971859455108642578125" lon="126.59704257734119892120361328125">
        <ele>154</ele>
        <time>2026-08-06T23:32:19.000Z</time>
        <extensions>
          <ns3:TrackPointExtension>
            <ns3:hr>175</ns3:hr>
            <ns3:cad>86</ns3:cad>
          </ns3:TrackPointExtension>
        </extensions>
      </trkpt>
      <trkpt lat="45.69974214769899845123291015625" lon="126.59705012105405330657958984375">
        <ele>154.1999969482421875</ele>
        <time>2026-08-06T23:32:20.000Z</time>
        <extensions>
          <ns3:TrackPointExtension>
            <ns3:hr>176</ns3:hr>
            <ns3:cad>86</ns3:cad>
          </ns3:TrackPointExtension>
        </extensions>
      </trkpt>
      <trkpt lat="45.69976729340851306915283203125" lon="126.59705380909144878387451171875">
        <ele>154.399993896484375</ele>
        <time>2026-08-06T23:32:21.000Z</time>
        <extensions>
          <ns3:TrackPointExtension>
            <ns3:hr>176</ns3:hr>
            <ns3:cad>86</ns3:cad>
          </ns3:TrackPointExtension>
        </extensions>
      </trkpt>
      <trkpt lat="45.69979277439415454864501953125" lon="126.597060263156890869140625">
        <ele>154.399993896484375</ele>
        <time>2026-08-06T23:32:22.000Z</time>
        <extensions>
          <ns3:TrackPointExtension>
            <ns3:hr>176</ns3:hr>
            <ns3:cad>86</ns3:cad>
          </ns3:TrackPointExtension>
        </extensions>
      </trkpt>
      <trkpt lat="45.69982177577912807464599609375" lon="126.5970674715936183929443359375">
        <ele>154.399993896484375</ele>
        <time>2026-08-06T23:32:23.000Z</time>
        <extensions>
          <ns3:TrackPointExtension>
            <ns3:hr>176</ns3:hr>
            <ns3:cad>87</ns3:cad>
          </ns3:TrackPointExtension>
        </extensions>
      </trkpt>
      <trkpt lat="45.69984122179448604583740234375" lon="126.59706889651715755462646484375">
        <ele>154.399993896484375</ele>
        <time>2026-08-06T23:32:24.000Z</time>
        <extensions>
          <ns3:TrackPointExtension>
            <ns3:hr>177</ns3:hr>
            <ns3:cad>87</ns3:cad>
          </ns3:TrackPointExtension>
        </extensions>
      </trkpt>
      <trkpt lat="45.69986678659915924072265625" lon="126.5970701538026332855224609375">
        <ele>154.399993896484375</ele>
        <time>2026-08-06T23:32:25.000Z</time>
        <extensions>
          <ns3:TrackPointExtension>
            <ns3:hr>177</ns3:hr>
            <ns3:cad>87</ns3:cad>
          </ns3:TrackPointExtension>
        </extensions>
      </trkpt>
      <trkpt lat="45.6998889148235321044921875" lon="126.59707032144069671630859375">
        <ele>154.399993896484375</ele>
        <time>2026-08-06T23:32:26.000Z</time>
        <extensions>
          <ns3:TrackPointExtension>
            <ns3:hr>178</ns3:hr>
            <ns3:cad>87</ns3:cad>
          </ns3:TrackPointExtension>
        </extensions>
      </trkpt>
      <trkpt lat="45.69991447962820529937744140625" lon="126.59706939943134784698486328125">
        <ele>154.1999969482421875</ele>
        <time>2026-08-06T23:32:27.000Z</time>
        <extensions>
          <ns3:TrackPointExtension>
            <ns3:hr>178</ns3:hr>
            <ns3:cad>87</ns3:cad>
          </ns3:TrackPointExtension>
        </extensions>
      </trkpt>
      <trkpt lat="45.6999360211193561553955078125" lon="126.597067303955554962158203125">
        <ele>154.399993896484375</ele>
        <time>2026-08-06T23:32:28.000Z</time>
        <extensions>
          <ns3:TrackPointExtension>
            <ns3:hr>178</ns3:hr>
            <ns3:cad>86</ns3:cad>
          </ns3:TrackPointExtension>
        </extensions>
      </trkpt>
      <trkpt lat="45.6999571435153484344482421875" lon="126.59706638194620609283447265625">
        <ele>154.399993896484375</ele>
        <time>2026-08-06T23:32:29.000Z</time>
        <extensions>
          <ns3:TrackPointExtension>
            <ns3:hr>178</ns3:hr>
            <ns3:cad>86</ns3:cad>
          </ns3:TrackPointExtension>
        </extensions>
      </trkpt>
      <trkpt lat="45.69998304359614849090576171875" lon="126.5970694832503795623779296875">
        <ele>154.399993896484375</ele>
        <time>2026-08-06T23:32:30.000Z</time>
        <extensions>
          <ns3:TrackPointExtension>
            <ns3:hr>177</ns3:hr>
            <ns3:cad>86</ns3:cad>
          </ns3:TrackPointExtension>
        </extensions>
      </trkpt>
      <trkpt lat="45.70000785402953624725341796875" lon="126.59707157872617244720458984375">
        <ele>154.600006103515625</ele>
        <time>2026-08-06T23:32:31.000Z</time>
        <extensions>
          <ns3:TrackPointExtension>
            <ns3:hr>178</ns3:hr>
            <ns3:cad>86</ns3:cad>
          </ns3:TrackPointExtension>
        </extensions>
      </trkpt>
      <trkpt lat="45.70003635250031948089599609375" lon="126.5970694832503795623779296875">
        <ele>154.600006103515625</ele>
        <time>2026-08-06T23:32:32.000Z</time>
        <extensions>
          <ns3:TrackPointExtension>
            <ns3:hr>178</ns3:hr>
            <ns3:cad>86</ns3:cad>
          </ns3:TrackPointExtension>
        </extensions>
      </trkpt>
      <trkpt lat="45.70005915127694606781005859375" lon="126.5970735065639019012451171875">
        <ele>154.600006103515625</ele>
        <time>2026-08-06T23:32:33.000Z</time>
        <extensions>
          <ns3:TrackPointExtension>
            <ns3:hr>178</ns3:hr>
            <ns3:cad>86</ns3:cad>
          </ns3:TrackPointExtension>
        </extensions>
      </trkpt>
      <trkpt lat="45.70008597336709499359130859375" lon="126.59707644023001194000244140625">
        <ele>154.399993896484375</ele>
        <time>2026-08-06T23:32:34.000Z</time>
        <extensions>
          <ns3:TrackPointExtension>
            <ns3:hr>178</ns3:hr>
            <ns3:cad>87</ns3:cad>
          </ns3:TrackPointExtension>
        </extensions>
      </trkpt>
      <trkpt lat="45.70011011324822902679443359375" lon="126.59707912243902683258056640625">
        <ele>154.399993896484375</ele>
        <time>2026-08-06T23:32:35.000Z</time>
        <extensions>
          <ns3:TrackPointExtension>
            <ns3:hr>178</ns3:hr>
            <ns3:cad>87</ns3:cad>
          </ns3:TrackPointExtension>
        </extensions>
      </trkpt>
      <trkpt lat="45.70013660006225109100341796875" lon="126.59707711078226566314697265625">
        <ele>154.399993896484375</ele>
        <time>2026-08-06T23:32:36.000Z</time>
        <extensions>
          <ns3:TrackPointExtension>
            <ns3:hr>178</ns3:hr>
            <ns3:cad>87</ns3:cad>
          </ns3:TrackPointExtension>
        </extensions>
      </trkpt>
      <trkpt lat="45.70016442798078060150146484375" lon="126.597078703343868255615234375">
        <ele>154.399993896484375</ele>
        <time>2026-08-06T23:32:37.000Z</time>
        <extensions>
          <ns3:TrackPointExtension>
            <ns3:hr>177</ns3:hr>
            <ns3:cad>87</ns3:cad>
          </ns3:TrackPointExtension>
        </extensions>
      </trkpt>
      <trkpt lat="45.70019024424254894256591796875" lon="126.59707526676356792449951171875">
        <ele>154.1999969482421875</ele>
        <time>2026-08-06T23:32:38.000Z</time>
        <extensions>
          <ns3:TrackPointExtension>
            <ns3:hr>177</ns3:hr>
            <ns3:cad>87</ns3:cad>
          </ns3:TrackPointExtension>
        </extensions>
      </trkpt>
      <trkpt lat="45.70021807216107845306396484375" lon="126.59707275219261646270751953125">
        <ele>154.1999969482421875</ele>
        <time>2026-08-06T23:32:39.000Z</time>
        <extensions>
          <ns3:TrackPointExtension>
            <ns3:hr>177</ns3:hr>
            <ns3:cad>87</ns3:cad>
          </ns3:TrackPointExtension>
        </extensions>
      </trkpt>
      <trkpt lat="45.70024254731833934783935546875" lon="126.59707325510680675506591796875">
        <ele>154.1999969482421875</ele>
        <time>2026-08-06T23:32:40.000Z</time>
        <extensions>
          <ns3:TrackPointExtension>
            <ns3:hr>178</ns3:hr>
            <ns3:cad>87</ns3:cad>
          </ns3:TrackPointExtension>
        </extensions>
      </trkpt>
      <trkpt lat="45.7002655975520610809326171875" lon="126.5970750153064727783203125">
        <ele>154</ele>
        <time>2026-08-06T23:32:41.000Z</time>
        <extensions>
          <ns3:TrackPointExtension>
            <ns3:hr>177</ns3:hr>
            <ns3:cad>86</ns3:cad>
          </ns3:TrackPointExtension>
        </extensions>
      </trkpt>
      <trkpt lat="45.700288228690624237060546875" lon="126.5970802120864391326904296875">
        <ele>154</ele>
        <time>2026-08-06T23:32:42.000Z</time>
        <extensions>
          <ns3:TrackPointExtension>
            <ns3:hr>177</ns3:hr>
            <ns3:cad>86</ns3:cad>
          </ns3:TrackPointExtension>
        </extensions>
      </trkpt>
      <trkpt lat="45.700315721333026885986328125" lon="126.59708130173385143280029296875">
        <ele>154</ele>
        <time>2026-08-06T23:32:43.000Z</time>
        <extensions>
          <ns3:TrackPointExtension>
            <ns3:hr>177</ns3:hr>
            <ns3:cad>86</ns3:cad>
          </ns3:TrackPointExtension>
        </extensions>
      </trkpt>
      <trkpt lat="45.70033910684287548065185546875" lon="126.59707828424870967864990234375">
        <ele>154</ele>
        <time>2026-08-06T23:32:44.000Z</time>
        <extensions>
          <ns3:TrackPointExtension>
            <ns3:hr>176</ns3:hr>
            <ns3:cad>86</ns3:cad>
          </ns3:TrackPointExtension>
        </extensions>
      </trkpt>
      <trkpt lat="45.7003628276288509368896484375" lon="126.59707409329712390899658203125">
        <ele>154</ele>
        <time>2026-08-06T23:32:45.000Z</time>
        <extensions>
          <ns3:TrackPointExtension>
            <ns3:hr>176</ns3:hr>
            <ns3:cad>86</ns3:cad>
          </ns3:TrackPointExtension>
        </extensions>
      </trkpt>
      <trkpt lat="45.70038805715739727020263671875" lon="126.59707141108810901641845703125">
        <ele>154</ele>
        <time>2026-08-06T23:32:46.000Z</time>
        <extensions>
          <ns3:TrackPointExtension>
            <ns3:hr>176</ns3:hr>
            <ns3:cad>86</ns3:cad>
          </ns3:TrackPointExtension>
        </extensions>
      </trkpt>
      <trkpt lat="45.70041085593402385711669921875" lon="126.5970721654593944549560546875">
        <ele>154</ele>
        <time>2026-08-06T23:32:47.000Z</time>
        <extensions>
          <ns3:TrackPointExtension>
            <ns3:hr>176</ns3:hr>
            <ns3:cad>86</ns3:cad>
          </ns3:TrackPointExtension>
        </extensions>
      </trkpt>
      <trkpt lat="45.70043281652033329010009765625" lon="126.59707275219261646270751953125">
        <ele>154.1999969482421875</ele>
        <time>2026-08-06T23:32:48.000Z</time>
        <extensions>
          <ns3:TrackPointExtension>
            <ns3:hr>176</ns3:hr>
            <ns3:cad>86</ns3:cad>
          </ns3:TrackPointExtension>
        </extensions>
      </trkpt>
      <trkpt lat="45.70045226253569126129150390625" lon="126.5970714949071407318115234375">
        <ele>154.1999969482421875</ele>
        <time>2026-08-06T23:32:49.000Z</time>
        <extensions>
          <ns3:TrackPointExtension>
            <ns3:hr>176</ns3:hr>
            <ns3:cad>86</ns3:cad>
          </ns3:TrackPointExtension>
        </extensions>
      </trkpt>
      <trkpt lat="45.70047724060714244842529296875" lon="126.59707627259194850921630859375">
        <ele>154.1999969482421875</ele>
        <time>2026-08-06T23:32:50.000Z</time>
        <extensions>
          <ns3:TrackPointExtension>
            <ns3:hr>176</ns3:hr>
            <ns3:cad>86</ns3:cad>
          </ns3:TrackPointExtension>
        </extensions>
      </trkpt>
      <trkpt lat="45.70050087757408618927001953125" lon="126.59708029590547084808349609375">
        <ele>154.1999969482421875</ele>
        <time>2026-08-06T23:32:51.000Z</time>
        <extensions>
          <ns3:TrackPointExtension>
            <ns3:hr>176</ns3:hr>
            <ns3:cad>85</ns3:cad>
          </ns3:TrackPointExtension>
        </extensions>
      </trkpt>
      <trkpt lat="45.70052283816039562225341796875" lon="126.5970828942954540252685546875">
        <ele>154.1999969482421875</ele>
        <time>2026-08-06T23:32:52.000Z</time>
        <extensions>
          <ns3:TrackPointExtension>
            <ns3:hr>176</ns3:hr>
            <ns3:cad>85</ns3:cad>
          </ns3:TrackPointExtension>
        </extensions>
      </trkpt>
      <trkpt lat="45.7005489058792591094970703125" lon="126.59708398394286632537841796875">
        <ele>154.1999969482421875</ele>
        <time>2026-08-06T23:32:53.000Z</time>
        <extensions>
          <ns3:TrackPointExtension>
            <ns3:hr>176</ns3:hr>
            <ns3:cad>86</ns3:cad>
          </ns3:TrackPointExtension>
        </extensions>
      </trkpt>
      <trkpt lat="45.70057111792266368865966796875" lon="126.597089432179927825927734375">
        <ele>154.1999969482421875</ele>
        <time>2026-08-06T23:32:54.000Z</time>
        <extensions>
          <ns3:TrackPointExtension>
            <ns3:hr>176</ns3:hr>
            <ns3:cad>86</ns3:cad>
          </ns3:TrackPointExtension>
        </extensions>
      </trkpt>
      <trkpt lat="45.70059475488960742950439453125" lon="126.5970902703702449798583984375">
        <ele>154.1999969482421875</ele>
        <time>2026-08-06T23:32:55.000Z</time>
        <extensions>
          <ns3:TrackPointExtension>
            <ns3:hr>176</ns3:hr>
            <ns3:cad>86</ns3:cad>
          </ns3:TrackPointExtension>
        </extensions>
      </trkpt>
      <trkpt lat="45.700617469847202301025390625" lon="126.59709152765572071075439453125">
        <ele>154.1999969482421875</ele>
        <time>2026-08-06T23:32:56.000Z</time>
        <extensions>
          <ns3:TrackPointExtension>
            <ns3:hr>175</ns3:hr>
            <ns3:cad>86</ns3:cad>
          </ns3:TrackPointExtension>
        </extensions>
      </trkpt>
      <trkpt lat="45.7006397657096385955810546875" lon="126.5970895998179912567138671875">
        <ele>154.1999969482421875</ele>
        <time>2026-08-06T23:32:57.000Z</time>
        <extensions>
          <ns3:TrackPointExtension>
            <ns3:hr>175</ns3:hr>
            <ns3:cad>86</ns3:cad>
          </ns3:TrackPointExtension>
        </extensions>
      </trkpt>
      <trkpt lat="45.7006649114191532135009765625" lon="126.597092114388942718505859375">
        <ele>154.1999969482421875</ele>
        <time>2026-08-06T23:32:58.000Z</time>
        <extensions>
          <ns3:TrackPointExtension>
            <ns3:hr>175</ns3:hr>
            <ns3:cad>85</ns3:cad>
          </ns3:TrackPointExtension>
        </extensions>
      </trkpt>
      <trkpt lat="45.70069047622382640838623046875" lon="126.597088091075420379638671875">
        <ele>154.1999969482421875</ele>
        <time>2026-08-06T23:32:59.000Z</time>
        <extensions>
          <ns3:TrackPointExtension>
            <ns3:hr>175</ns3:hr>
            <ns3:cad>85</ns3:cad>
          </ns3:TrackPointExtension>
        </extensions>
      </trkpt>
      <trkpt lat="45.70072266273200511932373046875" lon="126.597083397209644317626953125">
        <ele>154</ele>
        <time>2026-08-06T23:33:00.000Z</time>
        <extensions>
          <ns3:TrackPointExtension>
            <ns3:hr>175</ns3:hr>
            <ns3:cad>85</ns3:cad>
          </ns3:TrackPointExtension>
        </extensions>
      </trkpt>
      <trkpt lat="45.7007477246224880218505859375" lon="126.59707576967775821685791015625">
        <ele>154</ele>
        <time>2026-08-06T23:33:01.000Z</time>
        <extensions>
          <ns3:TrackPointExtension>
            <ns3:hr>175</ns3:hr>
            <ns3:cad>85</ns3:cad>
          </ns3:TrackPointExtension>
        </extensions>
      </trkpt>
      <trkpt lat="45.7007698528468608856201171875" lon="126.59705917350947856903076171875">
        <ele>154</ele>
        <time>2026-08-06T23:33:02.000Z</time>
        <extensions>
          <ns3:TrackPointExtension>
            <ns3:hr>175</ns3:hr>
            <ns3:cad>85</ns3:cad>
          </ns3:TrackPointExtension>
        </extensions>
      </trkpt>
      <trkpt lat="45.70078938268125057220458984375" lon="126.5970091335475444793701171875">
        <ele>154</ele>
        <time>2026-08-06T23:33:03.000Z</time>
        <extensions>
          <ns3:TrackPointExtension>
            <ns3:hr>175</ns3:hr>
            <ns3:cad>86</ns3:cad>
          </ns3:TrackPointExtension>
        </extensions>
      </trkpt>
      <trkpt lat="45.700801201164722442626953125" lon="126.59697719849646091461181640625">
        <ele>154</ele>
        <time>2026-08-06T23:33:04.000Z</time>
        <extensions>
          <ns3:TrackPointExtension>
            <ns3:hr>175</ns3:hr>
            <ns3:cad>86</ns3:cad>
          </ns3:TrackPointExtension>
        </extensions>
      </trkpt>
      <trkpt lat="45.70081151090562343597412109375" lon="126.59694157540798187255859375">
        <ele>153.8000030517578125</ele>
        <time>2026-08-06T23:33:05.000Z</time>
        <extensions>
          <ns3:TrackPointExtension>
            <ns3:hr>174</ns3:hr>
            <ns3:cad>86</ns3:cad>
          </ns3:TrackPointExtension>
        </extensions>
      </trkpt>
      <trkpt lat="45.700815953314304351806640625" lon="126.59691517241299152374267578125">
        <ele>153.8000030517578125</ele>
        <time>2026-08-06T23:33:06.000Z</time>
        <extensions>
          <ns3:TrackPointExtension>
            <ns3:hr>175</ns3:hr>
            <ns3:cad>85</ns3:cad>
          </ns3:TrackPointExtension>
        </extensions>
      </trkpt>
      <trkpt lat="45.70082056336104869842529296875" lon="126.5968709997832775115966796875">
        <ele>153.600006103515625</ele>
        <time>2026-08-06T23:33:07.000Z</time>
        <extensions>
          <ns3:TrackPointExtension>
            <ns3:hr>175</ns3:hr>
            <ns3:cad>85</ns3:cad>
          </ns3:TrackPointExtension>
        </extensions>
      </trkpt>
      <trkpt lat="45.70082341320812702178955078125" lon="126.5968357957899570465087890625">
        <ele>153.1999969482421875</ele>
        <time>2026-08-06T23:33:08.000Z</time>
        <extensions>
          <ns3:TrackPointExtension>
            <ns3:hr>176</ns3:hr>
            <ns3:cad>84</ns3:cad>
          </ns3:TrackPointExtension>
        </extensions>
      </trkpt>
      <trkpt lat="45.700826011598110198974609375" lon="126.5968069620430469512939453125">
        <ele>153</ele>
        <time>2026-08-06T23:33:09.000Z</time>
        <extensions>
          <ns3:TrackPointExtension>
            <ns3:hr>176</ns3:hr>
            <ns3:cad>84</ns3:cad>
          </ns3:TrackPointExtension>
        </extensions>
      </trkpt>
      <trkpt lat="45.7008255086839199066162109375" lon="126.5967677347362041473388671875">
        <ele>152.8000030517578125</ele>
        <time>2026-08-06T23:33:10.000Z</time>
        <extensions>
          <ns3:TrackPointExtension>
            <ns3:hr>176</ns3:hr>
            <ns3:cad>84</ns3:cad>
          </ns3:TrackPointExtension>
        </extensions>
      </trkpt>
      <trkpt lat="45.7008251734077930450439453125" lon="126.5967402420938014984130859375">
        <ele>152.600006103515625</ele>
        <time>2026-08-06T23:33:11.000Z</time>
        <extensions>
          <ns3:TrackPointExtension>
            <ns3:hr>176</ns3:hr>
            <ns3:cad>84</ns3:cad>
          </ns3:TrackPointExtension>
        </extensions>
      </trkpt>
      <trkpt lat="45.70082458667457103729248046875" lon="126.5966966561973094940185546875">
        <ele>152.1999969482421875</ele>
        <time>2026-08-06T23:33:12.000Z</time>
        <extensions>
          <ns3:TrackPointExtension>
            <ns3:hr>176</ns3:hr>
            <ns3:cad>84</ns3:cad>
          </ns3:TrackPointExtension>
        </extensions>
      </trkpt>
      <trkpt lat="45.7008234970271587371826171875" lon="126.59665499813854694366455078125">
        <ele>152</ele>
        <time>2026-08-06T23:33:13.000Z</time>
        <extensions>
          <ns3:TrackPointExtension>
            <ns3:hr>175</ns3:hr>
            <ns3:cad>84</ns3:cad>
          </ns3:TrackPointExtension>
        </extensions>
      </trkpt>
      <trkpt lat="45.700818635523319244384765625" lon="126.59662105143070220947265625">
        <ele>151.8000030517578125</ele>
        <time>2026-08-06T23:33:14.000Z</time>
        <extensions>
          <ns3:TrackPointExtension>
            <ns3:hr>175</ns3:hr>
            <ns3:cad>84</ns3:cad>
          </ns3:TrackPointExtension>
        </extensions>
      </trkpt>
      <trkpt lat="45.70081293582916259765625" lon="126.59657754935324192047119140625">
        <ele>151.399993896484375</ele>
        <time>2026-08-06T23:33:15.000Z</time>
        <extensions>
          <ns3:TrackPointExtension>
            <ns3:hr>175</ns3:hr>
            <ns3:cad>83</ns3:cad>
          </ns3:TrackPointExtension>
        </extensions>
      </trkpt>
      <trkpt lat="45.70080933161079883575439453125" lon="126.59654485993087291717529296875">
        <ele>151.1999969482421875</ele>
        <time>2026-08-06T23:33:16.000Z</time>
        <extensions>
          <ns3:TrackPointExtension>
            <ns3:hr>175</ns3:hr>
            <ns3:cad>83</ns3:cad>
          </ns3:TrackPointExtension>
        </extensions>
      </trkpt>
      <trkpt lat="45.70080379955470561981201171875" lon="126.59650227986276149749755859375">
        <ele>151</ele>
        <time>2026-08-06T23:33:17.000Z</time>
        <extensions>
          <ns3:TrackPointExtension>
            <ns3:hr>174</ns3:hr>
            <ns3:cad>84</ns3:cad>
          </ns3:TrackPointExtension>
        </extensions>
      </trkpt>
      <trkpt lat="45.7008035480976104736328125" lon="126.5964669920504093170166015625">
        <ele>150.8000030517578125</ele>
        <time>2026-08-06T23:33:18.000Z</time>
        <extensions>
          <ns3:TrackPointExtension>
            <ns3:hr>174</ns3:hr>
            <ns3:cad>84</ns3:cad>
          </ns3:TrackPointExtension>
        </extensions>
      </trkpt>
      <trkpt lat="45.70080044679343700408935546875" lon="126.5964327938854694366455078125">
        <ele>150.600006103515625</ele>
        <time>2026-08-06T23:33:19.000Z</time>
        <extensions>
          <ns3:TrackPointExtension>
            <ns3:hr>174</ns3:hr>
            <ns3:cad>84</ns3:cad>
          </ns3:TrackPointExtension>
        </extensions>
      </trkpt>
      <trkpt lat="45.7007955014705657958984375" lon="126.59639784134924411773681640625">
        <ele>150.1999969482421875</ele>
        <time>2026-08-06T23:33:20.000Z</time>
        <extensions>
          <ns3:TrackPointExtension>
            <ns3:hr>174</ns3:hr>
            <ns3:cad>84</ns3:cad>
          </ns3:TrackPointExtension>
        </extensions>
      </trkpt>
      <trkpt lat="45.70079005323350429534912109375" lon="126.5963697619736194610595703125">
        <ele>150</ele>
        <time>2026-08-06T23:33:21.000Z</time>
        <extensions>
          <ns3:TrackPointExtension>
            <ns3:hr>175</ns3:hr>
            <ns3:cad>84</ns3:cad>
          </ns3:TrackPointExtension>
        </extensions>
      </trkpt>
      <trkpt lat="45.70078602991998195648193359375" lon="126.59632693044841289520263671875">
        <ele>149.8000030517578125</ele>
        <time>2026-08-06T23:33:22.000Z</time>
        <extensions>
          <ns3:TrackPointExtension>
            <ns3:hr>174</ns3:hr>
            <ns3:cad>84</ns3:cad>
          </ns3:TrackPointExtension>
        </extensions>
      </trkpt>
      <trkpt lat="45.70078183896839618682861328125" lon="126.59629776142537593841552734375">
        <ele>149.600006103515625</ele>
        <time>2026-08-06T23:33:23.000Z</time>
        <extensions>
          <ns3:TrackPointExtension>
            <ns3:hr>174</ns3:hr>
            <ns3:cad>84</ns3:cad>
          </ns3:TrackPointExtension>
        </extensions>
      </trkpt>
      <trkpt lat="45.70078133605420589447021484375" lon="126.59625367261469364166259765625">
        <ele>149.399993896484375</ele>
        <time>2026-08-06T23:33:24.000Z</time>
        <extensions>
          <ns3:TrackPointExtension>
            <ns3:hr>174</ns3:hr>
            <ns3:cad>84</ns3:cad>
          </ns3:TrackPointExtension>
        </extensions>
      </trkpt>
      <trkpt lat="45.70077915675938129425048828125" lon="126.5962167084217071533203125">
        <ele>149.1999969482421875</ele>
        <time>2026-08-06T23:33:25.000Z</time>
        <extensions>
          <ns3:TrackPointExtension>
            <ns3:hr>174</ns3:hr>
            <ns3:cad>85</ns3:cad>
          </ns3:TrackPointExtension>
        </extensions>
      </trkpt>
      <trkpt lat="45.70077178068459033966064453125" lon="126.596178151667118072509765625">
        <ele>149.1999969482421875</ele>
        <time>2026-08-06T23:33:26.000Z</time>
        <extensions>
          <ns3:TrackPointExtension>
            <ns3:hr>174</ns3:hr>
            <ns3:cad>85</ns3:cad>
          </ns3:TrackPointExtension>
        </extensions>
      </trkpt>
      <trkpt lat="45.700766332447528839111328125" lon="126.596137247979640960693359375">
        <ele>149</ele>
        <time>2026-08-06T23:33:27.000Z</time>
        <extensions>
          <ns3:TrackPointExtension>
            <ns3:hr>174</ns3:hr>
            <ns3:cad>86</ns3:cad>
          </ns3:TrackPointExtension>
        </extensions>
      </trkpt>
      <trkpt lat="45.7007530890405178070068359375" lon="126.59610413946211338043212890625">
        <ele>148.8000030517578125</ele>
        <time>2026-08-06T23:33:28.000Z</time>
        <extensions>
          <ns3:TrackPointExtension>
            <ns3:hr>174</ns3:hr>
            <ns3:cad>86</ns3:cad>
          </ns3:TrackPointExtension>
        </extensions>
      </trkpt>
      <trkpt lat="45.70073582231998443603515625" lon="126.59606507979333400726318359375">
        <ele>148.8000030517578125</ele>
        <time>2026-08-06T23:33:29.000Z</time>
        <extensions>
          <ns3:TrackPointExtension>
            <ns3:hr>173</ns3:hr>
            <ns3:cad>86</ns3:cad>
          </ns3:TrackPointExtension>
        </extensions>
      </trkpt>
      <trkpt lat="45.7007232494652271270751953125" lon="126.5960385091602802276611328125">
        <ele>148.8000030517578125</ele>
        <time>2026-08-06T23:33:30.000Z</time>
        <extensions>
          <ns3:TrackPointExtension>
            <ns3:hr>173</ns3:hr>
            <ns3:cad>85</ns3:cad>
          </ns3:TrackPointExtension>
        </extensions>
      </trkpt>
      <trkpt lat="45.700699947774410247802734375" lon="126.59601160325109958648681640625">
        <ele>148.600006103515625</ele>
        <time>2026-08-06T23:33:31.000Z</time>
        <extensions>
          <ns3:TrackPointExtension>
            <ns3:hr>173</ns3:hr>
            <ns3:cad>85</ns3:cad>
          </ns3:TrackPointExtension>
        </extensions>
      </trkpt>
      <trkpt lat="45.7006756402552127838134765625" lon="126.59600087441504001617431640625">
        <ele>148.600006103515625</ele>
        <time>2026-08-06T23:33:32.000Z</time>
        <extensions>
          <ns3:TrackPointExtension>
            <ns3:hr>173</ns3:hr>
            <ns3:cad>85</ns3:cad>
          </ns3:TrackPointExtension>
        </extensions>
      </trkpt>
      <trkpt lat="45.70064638741314411163330078125" lon="126.5959922410547733306884765625">
        <ele>148.600006103515625</ele>
        <time>2026-08-06T23:33:33.000Z</time>
        <extensions>
          <ns3:TrackPointExtension>
            <ns3:hr>173</ns3:hr>
            <ns3:cad>86</ns3:cad>
          </ns3:TrackPointExtension>
        </extensions>
      </trkpt>
      <trkpt lat="45.70061914622783660888671875" lon="126.59598830156028270721435546875">
        <ele>148.600006103515625</ele>
        <time>2026-08-06T23:33:34.000Z</time>
        <extensions>
          <ns3:TrackPointExtension>
            <ns3:hr>173</ns3:hr>
            <ns3:cad>86</ns3:cad>
          </ns3:TrackPointExtension>
        </extensions>
      </trkpt>
      <trkpt lat="45.70060330443084239959716796875" lon="126.595991067588329315185546875">
        <ele>148.600006103515625</ele>
        <time>2026-08-06T23:33:35.000Z</time>
        <extensions>
          <ns3:TrackPointExtension>
            <ns3:hr>173</ns3:hr>
            <ns3:cad>86</ns3:cad>
          </ns3:TrackPointExtension>
        </extensions>
      </trkpt>
      <trkpt lat="45.7005948387086391448974609375" lon="126.5959858708083629608154296875">
        <ele>148.600006103515625</ele>
        <time>2026-08-06T23:33:36.000Z</time>
        <extensions>
          <ns3:TrackPointExtension>
            <ns3:hr>172</ns3:hr>
            <ns3:cad>86</ns3:cad>
          </ns3:TrackPointExtension>
        </extensions>
      </trkpt>
      <trkpt lat="45.70058000274002552032470703125" lon="126.5959835238754749298095703125">
        <ele>148.600006103515625</ele>
        <time>2026-08-06T23:33:37.000Z</time>
        <extensions>
          <ns3:TrackPointExtension>
            <ns3:hr>172</ns3:hr>
            <ns3:cad>86</ns3:cad>
          </ns3:TrackPointExtension>
        </extensions>
      </trkpt>
      <trkpt lat="45.70056323893368244171142578125" lon="126.595985032618045806884765625">
        <ele>148.600006103515625</ele>
        <time>2026-08-06T23:33:38.000Z</time>
        <extensions>
          <ns3:TrackPointExtension>
            <ns3:hr>172</ns3:hr>
            <ns3:cad>86</ns3:cad>
          </ns3:TrackPointExtension>
        </extensions>
      </trkpt>
    </trkseg>
  </trk>
</gpx>
