<?xml version="1.0" encoding="UTF-8"?>
<gpx creator="Garmin Connect" version="1.1"
  xsi:schemaLocation="http://www.topografix.com/GPX/1/1 http://www.topografix.com/GPX/11.xsd"
  xmlns:ns3="http://www.garmin.com/xmlschemas/TrackPointExtension/v1"
  xmlns="http://www.topografix.com/GPX/1/1"
  xmlns:xsi="http://www.w3.org/2001/XMLSchema-instance" xmlns:ns2="http://www.garmin.com/xmlschemas/GpxExtensions/v3">
  <metadata>
    <link href="connect.garmin.com">
      <text>Garmin Connect</text>
    </link>
    <time>2026-08-11T22:41:31.000Z</time>
  </metadata>
  <trk>
    <name>哈尔滨市 跑步</name>
    <type>running</type>
    <trkseg>
      <trkpt lat="45.70088024251163005828857421875" lon="126.5936945937573909759521484375">
        <ele>153.8000030517578125</ele>
        <time>2026-08-11T22:41:39.000Z</time>
        <extensions>
          <ns3:TrackPointExtension>
            <ns3:hr>87</ns3:hr>
            <ns3:cad>89</ns3:cad>
          </ns3:TrackPointExtension>
        </extensions>
      </trkpt>
      <trkpt lat="45.7008982636034488677978515625" lon="126.59375502727925777435302734375">
        <ele>153.8000030517578125</ele>
        <time>2026-08-11T22:41:40.000Z</time>
        <extensions>
          <ns3:TrackPointExtension>
            <ns3:hr>88</ns3:hr>
            <ns3:cad>86</ns3:cad>
          </ns3:TrackPointExtension>
        </extensions>
      </trkpt>
      <trkpt lat="45.70090186782181262969970703125" lon="126.5937951765954494476318359375">
        <ele>153.600006103515625</ele>
        <time>2026-08-11T22:41:41.000Z</time>
        <extensions>
          <ns3:TrackPointExtension>
            <ns3:hr>89</ns3:hr>
            <ns3:cad>86</ns3:cad>
          </ns3:TrackPointExtension>
        </extensions>
      </trkpt>
      <trkpt lat="45.700913853943347930908203125" lon="126.59383147023618221282958984375">
        <ele>153.399993896484375</ele>
        <time>2026-08-11T22:41:42.000Z</time>
        <extensions>
          <ns3:TrackPointExtension>
            <ns3:hr>91</ns3:hr>
            <ns3:cad>86</ns3:cad>
          </ns3:TrackPointExtension>
        </extensions>
      </trkpt>
      <trkpt lat="45.70092014037072658538818359375" lon="126.59389056265354156494140625">
        <ele>153.1999969482421875</ele>
        <time>2026-08-11T22:41:43.000Z</time>
        <extensions>
          <ns3:TrackPointExtension>
            <ns3:hr>91</ns3:hr>
            <ns3:cad>86</ns3:cad>
          </ns3:TrackPointExtension>
        </extensions>
      </trkpt>
      <trkpt lat="45.70093120448291301727294921875" lon="126.593927107751369476318359375">
        <ele>153.1999969482421875</ele>
        <time>2026-08-11T22:41:44.000Z</time>
        <extensions>
          <ns3:TrackPointExtension>
            <ns3:hr>93</ns3:hr>
            <ns3:cad>86</ns3:cad>
          </ns3:TrackPointExtension>
        </extensions>
      </trkpt>
      <trkpt lat="45.7009351439774036407470703125" lon="126.59396231174468994140625">
        <ele>153</ele>
        <time>2026-08-11T22:41:45.000Z</time>
        <extensions>
          <ns3:TrackPointExtension>
            <ns3:hr>95</ns3:hr>
            <ns3:cad>86</ns3:cad>
          </ns3:TrackPointExtension>
        </extensions>
      </trkpt>
      <trkpt lat="45.70093489252030849456787109375" lon="126.59399542026221752166748046875">
        <ele>152.8000030517578125</ele>
        <time>2026-08-11T22:41:46.000Z</time>
        <extensions>
          <ns3:TrackPointExtension>
            <ns3:hr>97</ns3:hr>
            <ns3:cad>85</ns3:cad>
          </ns3:TrackPointExtension>
        </extensions>
      </trkpt>
      <trkpt lat="45.7009374909102916717529296875" lon="126.59402190707623958587646484375">
        <ele>152.8000030517578125</ele>
        <time>2026-08-11T22:41:47.000Z</time>
        <extensions>
          <ns3:TrackPointExtension>
            <ns3:hr>98</ns3:hr>
            <ns3:cad>85</ns3:cad>
          </ns3:TrackPointExtension>
        </extensions>
      </trkpt>
      <trkpt lat="45.7009341381490230560302734375" lon="126.5940603800117969512939453125">
        <ele>152.600006103515625</ele>
        <time>2026-08-11T22:41:48.000Z</time>
        <extensions>
          <ns3:TrackPointExtension>
            <ns3:hr>99</ns3:hr>
            <ns3:cad>86</ns3:cad>
          </ns3:TrackPointExtension>
        </extensions>
      </trkpt>
      <trkpt lat="45.7009405083954334259033203125" lon="126.59408795647323131561279296875">
        <ele>152.600006103515625</ele>
        <time>2026-08-11T22:41:49.000Z</time>
        <extensions>
          <ns3:TrackPointExtension>
            <ns3:hr>101</ns3:hr>
            <ns3:cad>86</ns3:cad>
          </ns3:TrackPointExtension>
        </extensions>
      </trkpt>
      <trkpt lat="45.7009448669850826263427734375" lon="126.5941299498081207275390625">
        <ele>152.399993896484375</ele>
        <time>2026-08-11T22:41:50.000Z</time>
        <extensions>
          <ns3:TrackPointExtension>
            <ns3:hr>102</ns3:hr>
            <ns3:cad>86</ns3:cad>
          </ns3:TrackPointExtension>
        </extensions>
      </trkpt>
      <trkpt lat="45.70094713009893894195556640625" lon="126.59416993148624897003173828125">
        <ele>152.1999969482421875</ele>
        <time>2026-08-11T22:41:51.000Z</time>
        <extensions>
          <ns3:TrackPointExtension>
            <ns3:hr>104</ns3:hr>
            <ns3:cad>86</ns3:cad>
          </ns3:TrackPointExtension>
        </extensions>
      </trkpt>
      <trkpt lat="45.7009562663733959197998046875" lon="126.594204045832157135009765625">
        <ele>152</ele>
        <time>2026-08-11T22:41:52.000Z</time>
        <extensions>
          <ns3:TrackPointExtension>
            <ns3:hr>105</ns3:hr>
            <ns3:cad>85</ns3:cad>
          </ns3:TrackPointExtension>
        </extensions>
      </trkpt>
      <trkpt lat="45.70096020586788654327392578125" lon="126.59424553625285625457763671875">
        <ele>152</ele>
        <time>2026-08-11T22:41:53.000Z</time>
        <extensions>
          <ns3:TrackPointExtension>
            <ns3:hr>107</ns3:hr>
            <ns3:cad>85</ns3:cad>
          </ns3:TrackPointExtension>
        </extensions>
      </trkpt>
      <trkpt lat="45.70096691139042377471923828125" lon="126.59427680075168609619140625">
        <ele>151.8000030517578125</ele>
        <time>2026-08-11T22:41:54.000Z</time>
        <extensions>
          <ns3:TrackPointExtension>
            <ns3:hr>108</ns3:hr>
            <ns3:cad>85</ns3:cad>
          </ns3:TrackPointExtension>
        </extensions>
      </trkpt>
      <trkpt lat="45.7009698450565338134765625" lon="126.594321392476558685302734375">
        <ele>151.8000030517578125</ele>
        <time>2026-08-11T22:41:55.000Z</time>
        <extensions>
          <ns3:TrackPointExtension>
            <ns3:hr>110</ns3:hr>
            <ns3:cad>85</ns3:cad>
          </ns3:TrackPointExtension>
        </extensions>
      </trkpt>
      <trkpt lat="45.7009740360081195831298828125" lon="126.594352237880229949951171875">
        <ele>151.8000030517578125</ele>
        <time>2026-08-11T22:41:56.000Z</time>
        <extensions>
          <ns3:TrackPointExtension>
            <ns3:hr>111</ns3:hr>
            <ns3:cad>85</ns3:cad>
          </ns3:TrackPointExtension>
        </extensions>
      </trkpt>
      <trkpt lat="45.70096649229526519775390625" lon="126.59439473412930965423583984375">
        <ele>151.600006103515625</ele>
        <time>2026-08-11T22:41:57.000Z</time>
        <extensions>
          <ns3:TrackPointExtension>
            <ns3:hr>112</ns3:hr>
            <ns3:cad>85</ns3:cad>
          </ns3:TrackPointExtension>
        </extensions>
      </trkpt>
      <trkpt lat="45.700948722660541534423828125" lon="126.5944177843630313873291015625">
        <ele>151.600006103515625</ele>
        <time>2026-08-11T22:41:58.000Z</time>
        <extensions>
          <ns3:TrackPointExtension>
            <ns3:hr>114</ns3:hr>
            <ns3:cad>85</ns3:cad>
          </ns3:TrackPointExtension>
        </extensions>
      </trkpt>
      <trkpt lat="45.70092248730361461639404296875" lon="126.59444116987287998199462890625">
        <ele>151.600006103515625</ele>
        <time>2026-08-11T22:41:59.000Z</time>
        <extensions>
          <ns3:TrackPointExtension>
            <ns3:hr>115</ns3:hr>
            <ns3:cad>85</ns3:cad>
          </ns3:TrackPointExtension>
        </extensions>
      </trkpt>
      <trkpt lat="45.70089566521346569061279296875" lon="126.59445307217538356781005859375">
        <ele>151.600006103515625</ele>
        <time>2026-08-11T22:42:00.000Z</time>
        <extensions>
          <ns3:TrackPointExtension>
            <ns3:hr>116</ns3:hr>
            <ns3:cad>85</ns3:cad>
          </ns3:TrackPointExtension>
        </extensions>
      </trkpt>
      <trkpt lat="45.700874291360378265380859375" lon="126.59446631558239459991455078125">
        <ele>151.399993896484375</ele>
        <time>2026-08-11T22:42:01.000Z</time>
        <extensions>
          <ns3:TrackPointExtension>
            <ns3:hr>118</ns3:hr>
            <ns3:cad>85</ns3:cad>
          </ns3:TrackPointExtension>
        </extensions>
      </trkpt>
      <trkpt lat="45.70083950646221637725830078125" lon="126.594473607838153839111328125">
        <ele>151.399993896484375</ele>
        <time>2026-08-11T22:42:02.000Z</time>
        <extensions>
          <ns3:TrackPointExtension>
            <ns3:hr>118</ns3:hr>
            <ns3:cad>86</ns3:cad>
          </ns3:TrackPointExtension>
        </extensions>
      </trkpt>
      <trkpt lat="45.70081628859043121337890625" lon="126.5944808162748813629150390625">
        <ele>151.399993896484375</ele>
        <time>2026-08-11T22:42:03.000Z</time>
        <extensions>
          <ns3:TrackPointExtension>
            <ns3:hr>119</ns3:hr>
            <ns3:cad>86</ns3:cad>
          </ns3:TrackPointExtension>
        </extensions>
      </trkpt>
      <trkpt lat="45.700783431529998779296875" lon="126.5944878570735454559326171875">
        <ele>151.399993896484375</ele>
        <time>2026-08-11T22:42:04.000Z</time>
        <extensions>
          <ns3:TrackPointExtension>
            <ns3:hr>120</ns3:hr>
            <ns3:cad>86</ns3:cad>
          </ns3:TrackPointExtension>
        </extensions>
      </trkpt>
      <trkpt lat="45.7007624767720699310302734375" lon="126.59449271857738494873046875">
        <ele>151.600006103515625</ele>
        <time>2026-08-11T22:42:05.000Z</time>
        <extensions>
          <ns3:TrackPointExtension>
            <ns3:hr>121</ns3:hr>
            <ns3:cad>85</ns3:cad>
          </ns3:TrackPointExtension>
        </extensions>
      </trkpt>
      <trkpt lat="45.70074479095637798309326171875" lon="126.59450621344149112701416015625">
        <ele>151.600006103515625</ele>
        <time>2026-08-11T22:42:06.000Z</time>
        <extensions>
          <ns3:TrackPointExtension>
            <ns3:hr>122</ns3:hr>
            <ns3:cad>85</ns3:cad>
          </ns3:TrackPointExtension>
        </extensions>
      </trkpt>
      <trkpt lat="45.70072467438876628875732421875" lon="126.59451912157237529754638671875">
        <ele>151.600006103515625</ele>
        <time>2026-08-11T22:42:07.000Z</time>
        <extensions>
          <ns3:TrackPointExtension>
            <ns3:hr>122</ns3:hr>
            <ns3:cad>85</ns3:cad>
          </ns3:TrackPointExtension>
        </extensions>
      </trkpt>
      <trkpt lat="45.70070288144052028656005859375" lon="126.59452892839908599853515625">
        <ele>151.600006103515625</ele>
        <time>2026-08-11T22:42:08.000Z</time>
        <extensions>
          <ns3:TrackPointExtension>
            <ns3:hr>123</ns3:hr>
            <ns3:cad>85</ns3:cad>
          </ns3:TrackPointExtension>
        </extensions>
      </trkpt>
      <trkpt lat="45.70068729110062122344970703125" lon="126.59452398307621479034423828125">
        <ele>151.399993896484375</ele>
        <time>2026-08-11T22:42:09.000Z</time>
        <extensions>
          <ns3:TrackPointExtension>
            <ns3:hr>124</ns3:hr>
            <ns3:cad>85</ns3:cad>
          </ns3:TrackPointExtension>
        </extensions>
      </trkpt>
      <trkpt lat="45.70065845735371112823486328125" lon="126.59452113322913646697998046875">
        <ele>151.1999969482421875</ele>
        <time>2026-08-11T22:42:10.000Z</time>
        <extensions>
          <ns3:TrackPointExtension>
            <ns3:hr>125</ns3:hr>
            <ns3:cad>85</ns3:cad>
          </ns3:TrackPointExtension>
        </extensions>
      </trkpt>
      <trkpt lat="45.70063616149127483367919921875" lon="126.59452515654265880584716796875">
        <ele>151.1999969482421875</ele>
        <time>2026-08-11T22:42:11.000Z</time>
        <extensions>
          <ns3:TrackPointExtension>
            <ns3:hr>126</ns3:hr>
            <ns3:cad>85</ns3:cad>
          </ns3:TrackPointExtension>
        </extensions>
      </trkpt>
      <trkpt lat="45.70060716010630130767822265625" lon="126.59453094005584716796875">
        <ele>151</ele>
        <time>2026-08-11T22:42:12.000Z</time>
        <extensions>
          <ns3:TrackPointExtension>
            <ns3:hr>127</ns3:hr>
            <ns3:cad>83</ns3:cad>
          </ns3:TrackPointExtension>
        </extensions>
      </trkpt>
      <trkpt lat="45.7005831040441989898681640625" lon="126.5945349633693695068359375">
        <ele>150.8000030517578125</ele>
        <time>2026-08-11T22:42:13.000Z</time>
        <extensions>
          <ns3:TrackPointExtension>
            <ns3:hr>127</ns3:hr>
            <ns3:cad>83</ns3:cad>
          </ns3:TrackPointExtension>
        </extensions>
      </trkpt>
      <trkpt lat="45.700559131801128387451171875" lon="126.5945451892912387847900390625">
        <ele>150.8000030517578125</ele>
        <time>2026-08-11T22:42:14.000Z</time>
        <extensions>
          <ns3:TrackPointExtension>
            <ns3:hr>128</ns3:hr>
            <ns3:cad>83</ns3:cad>
          </ns3:TrackPointExtension>
        </extensions>
      </trkpt>
      <trkpt lat="45.70053708739578723907470703125" lon="126.59454829059541225433349609375">
        <ele>150.600006103515625</ele>
        <time>2026-08-11T22:42:15.000Z</time>
        <extensions>
          <ns3:TrackPointExtension>
            <ns3:hr>129</ns3:hr>
            <ns3:cad>83</ns3:cad>
          </ns3:TrackPointExtension>
        </extensions>
      </trkpt>
      <trkpt lat="45.70051797665655612945556640625" lon="126.59455977380275726318359375">
        <ele>150.600006103515625</ele>
        <time>2026-08-11T22:42:16.000Z</time>
        <extensions>
          <ns3:TrackPointExtension>
            <ns3:hr>130</ns3:hr>
            <ns3:cad>86</ns3:cad>
          </ns3:TrackPointExtension>
        </extensions>
      </trkpt>
      <trkpt lat="45.70049174129962921142578125" lon="126.59456606023013591766357421875">
        <ele>150.600006103515625</ele>
        <time>2026-08-11T22:42:17.000Z</time>
        <extensions>
          <ns3:TrackPointExtension>
            <ns3:hr>131</ns3:hr>
            <ns3:cad>86</ns3:cad>
          </ns3:TrackPointExtension>
        </extensions>
      </trkpt>
      <trkpt lat="45.70047439076006412506103515625" lon="126.5945767052471637725830078125">
        <ele>150.8000030517578125</ele>
        <time>2026-08-11T22:42:18.000Z</time>
        <extensions>
          <ns3:TrackPointExtension>
            <ns3:hr>133</ns3:hr>
            <ns3:cad>87</ns3:cad>
          </ns3:TrackPointExtension>
        </extensions>
      </trkpt>
      <trkpt lat="45.70044186897575855255126953125" lon="126.59457913599908351898193359375">
        <ele>150.8000030517578125</ele>
        <time>2026-08-11T22:42:19.000Z</time>
        <extensions>
          <ns3:TrackPointExtension>
            <ns3:hr>134</ns3:hr>
            <ns3:cad>87</ns3:cad>
          </ns3:TrackPointExtension>
        </extensions>
      </trkpt>
      <trkpt lat="45.700420998036861419677734375" lon="126.59458148293197154998779296875">
        <ele>150.8000030517578125</ele>
        <time>2026-08-11T22:42:20.000Z</time>
        <extensions>
          <ns3:TrackPointExtension>
            <ns3:hr>134</ns3:hr>
            <ns3:cad>87</ns3:cad>
          </ns3:TrackPointExtension>
        </extensions>
      </trkpt>
      <trkpt lat="45.70039342157542705535888671875" lon="126.5945844165980815887451171875">
        <ele>150.8000030517578125</ele>
        <time>2026-08-11T22:42:21.000Z</time>
        <extensions>
          <ns3:TrackPointExtension>
            <ns3:hr>135</ns3:hr>
            <ns3:cad>87</ns3:cad>
          </ns3:TrackPointExtension>
        </extensions>
      </trkpt>
      <trkpt lat="45.7003732211887836456298828125" lon="126.594590954482555389404296875">
        <ele>151</ele>
        <time>2026-08-11T22:42:22.000Z</time>
        <extensions>
          <ns3:TrackPointExtension>
            <ns3:hr>136</ns3:hr>
            <ns3:cad>87</ns3:cad>
          </ns3:TrackPointExtension>
        </extensions>
      </trkpt>
      <trkpt lat="45.70034866221249103546142578125" lon="126.5945984981954097747802734375">
        <ele>151</ele>
        <time>2026-08-11T22:42:23.000Z</time>
        <extensions>
          <ns3:TrackPointExtension>
            <ns3:hr>137</ns3:hr>
            <ns3:cad>87</ns3:cad>
          </ns3:TrackPointExtension>
        </extensions>
      </trkpt>
      <trkpt lat="45.70032552815973758697509765625" lon="126.59460344351828098297119140625">
        <ele>151</ele>
        <time>2026-08-11T22:42:24.000Z</time>
        <extensions>
          <ns3:TrackPointExtension>
            <ns3:hr>138</ns3:hr>
            <ns3:cad>87</ns3:cad>
          </ns3:TrackPointExtension>
        </extensions>
      </trkpt>
      <trkpt lat="45.70029887370765209197998046875" lon="126.59461149014532566070556640625">
        <ele>151.1999969482421875</ele>
        <time>2026-08-11T22:42:25.000Z</time>
        <extensions>
          <ns3:TrackPointExtension>
            <ns3:hr>138</ns3:hr>
            <ns3:cad>87</ns3:cad>
          </ns3:TrackPointExtension>
        </extensions>
      </trkpt>
      <trkpt lat="45.70027842186391353607177734375" lon="126.5946142561733722686767578125">
        <ele>151.1999969482421875</ele>
        <time>2026-08-11T22:42:26.000Z</time>
        <extensions>
          <ns3:TrackPointExtension>
            <ns3:hr>138</ns3:hr>
            <ns3:cad>87</ns3:cad>
          </ns3:TrackPointExtension>
        </extensions>
      </trkpt>
      <trkpt lat="45.70025947876274585723876953125" lon="126.59462288953363895416259765625">
        <ele>151.1999969482421875</ele>
        <time>2026-08-11T22:42:27.000Z</time>
        <extensions>
          <ns3:TrackPointExtension>
            <ns3:hr>137</ns3:hr>
            <ns3:cad>87</ns3:cad>
          </ns3:TrackPointExtension>
        </extensions>
      </trkpt>
      <trkpt lat="45.7002387754619121551513671875" lon="126.5946206264197826385498046875">
        <ele>151.399993896484375</ele>
        <time>2026-08-11T22:42:28.000Z</time>
        <extensions>
          <ns3:TrackPointExtension>
            <ns3:hr>137</ns3:hr>
            <ns3:cad>86</ns3:cad>
          </ns3:TrackPointExtension>
        </extensions>
      </trkpt>
      <trkpt lat="45.70022310130298137664794921875" lon="126.59462775103747844696044921875">
        <ele>151.399993896484375</ele>
        <time>2026-08-11T22:42:29.000Z</time>
        <extensions>
          <ns3:TrackPointExtension>
            <ns3:hr>137</ns3:hr>
            <ns3:cad>86</ns3:cad>
          </ns3:TrackPointExtension>
        </extensions>
      </trkpt>
      <trkpt lat="45.7001968659460544586181640625" lon="126.5946229733526706695556640625">
        <ele>151.399993896484375</ele>
        <time>2026-08-11T22:42:30.000Z</time>
        <extensions>
          <ns3:TrackPointExtension>
            <ns3:hr>137</ns3:hr>
            <ns3:cad>86</ns3:cad>
          </ns3:TrackPointExtension>
        </extensions>
      </trkpt>
      <trkpt lat="45.7001801021397113800048828125" lon="126.5946306847035884857177734375">
        <ele>151.600006103515625</ele>
        <time>2026-08-11T22:42:31.000Z</time>
        <extensions>
          <ns3:TrackPointExtension>
            <ns3:hr>137</ns3:hr>
            <ns3:cad>88</ns3:cad>
          </ns3:TrackPointExtension>
        </extensions>
      </trkpt>
      <trkpt lat="45.70014783181250095367431640625" lon="126.5946357138454914093017578125">
        <ele>151.600006103515625</ele>
        <time>2026-08-11T22:42:32.000Z</time>
        <extensions>
          <ns3:TrackPointExtension>
            <ns3:hr>137</ns3:hr>
            <ns3:cad>89</ns3:cad>
          </ns3:TrackPointExtension>
        </extensions>
      </trkpt>
      <trkpt lat="45.70013224147260189056396484375" lon="126.5946484543383121490478515625">
        <ele>151.8000030517578125</ele>
        <time>2026-08-11T22:42:33.000Z</time>
        <extensions>
          <ns3:TrackPointExtension>
            <ns3:hr>137</ns3:hr>
            <ns3:cad>89</ns3:cad>
          </ns3:TrackPointExtension>
        </extensions>
      </trkpt>
      <trkpt lat="45.70010525174438953399658203125" lon="126.594672761857509613037109375">
        <ele>151.8000030517578125</ele>
        <time>2026-08-11T22:42:34.000Z</time>
        <extensions>
          <ns3:TrackPointExtension>
            <ns3:hr>136</ns3:hr>
            <ns3:cad>89</ns3:cad>
          </ns3:TrackPointExtension>
        </extensions>
      </trkpt>
      <trkpt lat="45.70008479990065097808837890625" lon="126.5946829877793788909912109375">
        <ele>151.8000030517578125</ele>
        <time>2026-08-11T22:42:35.000Z</time>
        <extensions>
          <ns3:TrackPointExtension>
            <ns3:hr>136</ns3:hr>
            <ns3:cad>89</ns3:cad>
          </ns3:TrackPointExtension>
        </extensions>
      </trkpt>
      <trkpt lat="45.70005445741117000579833984375" lon="126.5946816466748714447021484375">
        <ele>151.8000030517578125</ele>
        <time>2026-08-11T22:42:36.000Z</time>
        <extensions>
          <ns3:TrackPointExtension>
            <ns3:hr>136</ns3:hr>
            <ns3:cad>89</ns3:cad>
          </ns3:TrackPointExtension>
        </extensions>
      </trkpt>
      <trkpt lat="45.7000329159200191497802734375" lon="126.59466840326786041259765625">
        <ele>151.8000030517578125</ele>
        <time>2026-08-11T22:42:37.000Z</time>
        <extensions>
          <ns3:TrackPointExtension>
            <ns3:hr>136</ns3:hr>
            <ns3:cad>87</ns3:cad>
          </ns3:TrackPointExtension>
        </extensions>
      </trkpt>
      <trkpt lat="45.7000117935240268707275390625" lon="126.594656668603420257568359375">
        <ele>151.8000030517578125</ele>
        <time>2026-08-11T22:42:38.000Z</time>
        <extensions>
          <ns3:TrackPointExtension>
            <ns3:hr>135</ns3:hr>
            <ns3:cad>87</ns3:cad>
          </ns3:TrackPointExtension>
        </extensions>
      </trkpt>
      <trkpt lat="45.6999987177550792694091796875" lon="126.594623140990734100341796875">
        <ele>151.8000030517578125</ele>
        <time>2026-08-11T22:42:39.000Z</time>
        <extensions>
          <ns3:TrackPointExtension>
            <ns3:hr>135</ns3:hr>
            <ns3:cad>87</ns3:cad>
          </ns3:TrackPointExtension>
        </extensions>
      </trkpt>
      <trkpt lat="45.69998941384255886077880859375" lon="126.59460662864148616790771484375">
        <ele>152</ele>
        <time>2026-08-11T22:42:40.000Z</time>
        <extensions>
          <ns3:TrackPointExtension>
            <ns3:hr>136</ns3:hr>
            <ns3:cad>87</ns3:cad>
          </ns3:TrackPointExtension>
        </extensions>
      </trkpt>
      <trkpt lat="45.69997902028262615203857421875" lon="126.594566814601421356201171875">
        <ele>152</ele>
        <time>2026-08-11T22:42:41.000Z</time>
        <extensions>
          <ns3:TrackPointExtension>
            <ns3:hr>135</ns3:hr>
            <ns3:cad>87</ns3:cad>
          </ns3:TrackPointExtension>
        </extensions>
      </trkpt>
      <trkpt lat="45.69996980018913745880126953125" lon="126.59454007633030414581298828125">
        <ele>152</ele>
        <time>2026-08-11T22:42:42.000Z</time>
        <extensions>
          <ns3:TrackPointExtension>
            <ns3:hr>135</ns3:hr>
            <ns3:cad>87</ns3:cad>
          </ns3:TrackPointExtension>
        </extensions>
      </trkpt>
      <trkpt lat="45.69995588622987270355224609375" lon="126.59450671635568141937255859375">
        <ele>152.1999969482421875</ele>
        <time>2026-08-11T22:42:43.000Z</time>
        <extensions>
          <ns3:TrackPointExtension>
            <ns3:hr>135</ns3:hr>
            <ns3:cad>86</ns3:cad>
          </ns3:TrackPointExtension>
        </extensions>
      </trkpt>
      <trkpt lat="45.69994465447962284088134765625" lon="126.594472937285900115966796875">
        <ele>152.1999969482421875</ele>
        <time>2026-08-11T22:42:44.000Z</time>
        <extensions>
          <ns3:TrackPointExtension>
            <ns3:hr>135</ns3:hr>
            <ns3:cad>86</ns3:cad>
          </ns3:TrackPointExtension>
        </extensions>
      </trkpt>
      <trkpt lat="45.6999299861490726470947265625" lon="126.59444904886186122894287109375">
        <ele>152.1999969482421875</ele>
        <time>2026-08-11T22:42:45.000Z</time>
        <extensions>
          <ns3:TrackPointExtension>
            <ns3:hr>135</ns3:hr>
            <ns3:cad>86</ns3:cad>
          </ns3:TrackPointExtension>
        </extensions>
      </trkpt>
      <trkpt lat="45.6999142281711101531982421875" lon="126.59442340023815631866455078125">
        <ele>152.1999969482421875</ele>
        <time>2026-08-11T22:42:46.000Z</time>
        <extensions>
          <ns3:TrackPointExtension>
            <ns3:hr>135</ns3:hr>
            <ns3:cad>86</ns3:cad>
          </ns3:TrackPointExtension>
        </extensions>
      </trkpt>
      <trkpt lat="45.6998994760215282440185546875" lon="126.5944120846688747406005859375">
        <ele>152.1999969482421875</ele>
        <time>2026-08-11T22:42:47.000Z</time>
        <extensions>
          <ns3:TrackPointExtension>
            <ns3:hr>135</ns3:hr>
            <ns3:cad>86</ns3:cad>
          </ns3:TrackPointExtension>
        </extensions>
      </trkpt>
      <trkpt lat="45.699877180159091949462890625" lon="126.594393812119960784912109375">
        <ele>152.1999969482421875</ele>
        <time>2026-08-11T22:42:48.000Z</time>
        <extensions>
          <ns3:TrackPointExtension>
            <ns3:hr>135</ns3:hr>
            <ns3:cad>86</ns3:cad>
          </ns3:TrackPointExtension>
        </extensions>
      </trkpt>
      <trkpt lat="45.6998589076101779937744140625" lon="126.59439121372997760772705078125">
        <ele>152</ele>
        <time>2026-08-11T22:42:49.000Z</time>
        <extensions>
          <ns3:TrackPointExtension>
            <ns3:hr>135</ns3:hr>
            <ns3:cad>86</ns3:cad>
          </ns3:TrackPointExtension>
        </extensions>
      </trkpt>
      <trkpt lat="45.69983015768229961395263671875" lon="126.59438677132129669189453125">
        <ele>152.1999969482421875</ele>
        <time>2026-08-11T22:42:50.000Z</time>
        <extensions>
          <ns3:TrackPointExtension>
            <ns3:hr>135</ns3:hr>
            <ns3:cad>87</ns3:cad>
          </ns3:TrackPointExtension>
        </extensions>
      </trkpt>
      <trkpt lat="45.6998139806091785430908203125" lon="126.59438945353031158447265625">
        <ele>152.1999969482421875</ele>
        <time>2026-08-11T22:42:51.000Z</time>
        <extensions>
          <ns3:TrackPointExtension>
            <ns3:hr>135</ns3:hr>
            <ns3:cad>87</ns3:cad>
          </ns3:TrackPointExtension>
        </extensions>
      </trkpt>
      <trkpt lat="45.699783973395824432373046875" lon="126.594387777149677276611328125">
        <ele>152.1999969482421875</ele>
        <time>2026-08-11T22:42:52.000Z</time>
        <extensions>
          <ns3:TrackPointExtension>
            <ns3:hr>136</ns3:hr>
            <ns3:cad>87</ns3:cad>
          </ns3:TrackPointExtension>
        </extensions>
      </trkpt>
      <trkpt lat="45.69975907914340496063232421875" lon="126.5943929739296436309814453125">
        <ele>152.1999969482421875</ele>
        <time>2026-08-11T22:42:53.000Z</time>
        <extensions>
          <ns3:TrackPointExtension>
            <ns3:hr>136</ns3:hr>
            <ns3:cad>87</ns3:cad>
          </ns3:TrackPointExtension>
        </extensions>
      </trkpt>
      <trkpt lat="45.69973292760550975799560546875" lon="126.59440194256603717803955078125">
        <ele>152.1999969482421875</ele>
        <time>2026-08-11T22:42:54.000Z</time>
        <extensions>
          <ns3:TrackPointExtension>
            <ns3:hr>136</ns3:hr>
            <ns3:cad>88</ns3:cad>
          </ns3:TrackPointExtension>
        </extensions>
      </trkpt>
      <trkpt lat="45.69970526732504367828369140625" lon="126.594407223165035247802734375">
        <ele>152</ele>
        <time>2026-08-11T22:42:55.000Z</time>
        <extensions>
          <ns3:TrackPointExtension>
            <ns3:hr>137</ns3:hr>
            <ns3:cad>88</ns3:cad>
          </ns3:TrackPointExtension>
        </extensions>
      </trkpt>
      <trkpt lat="45.69968246854841709136962890625" lon="126.5944167785346508026123046875">
        <ele>152</ele>
        <time>2026-08-11T22:42:56.000Z</time>
        <extensions>
          <ns3:TrackPointExtension>
            <ns3:hr>137</ns3:hr>
            <ns3:cad>88</ns3:cad>
          </ns3:TrackPointExtension>
        </extensions>
      </trkpt>
      <trkpt lat="45.69965489208698272705078125" lon="126.59441652707755565643310546875">
        <ele>152</ele>
        <time>2026-08-11T22:42:57.000Z</time>
        <extensions>
          <ns3:TrackPointExtension>
            <ns3:hr>137</ns3:hr>
            <ns3:cad>87</ns3:cad>
          </ns3:TrackPointExtension>
        </extensions>
      </trkpt>
      <trkpt lat="45.699635110795497894287109375" lon="126.5944174490869045257568359375">
        <ele>152</ele>
        <time>2026-08-11T22:42:58.000Z</time>
        <extensions>
          <ns3:TrackPointExtension>
            <ns3:hr>138</ns3:hr>
            <ns3:cad>87</ns3:cad>
          </ns3:TrackPointExtension>
        </extensions>
      </trkpt>
      <trkpt lat="45.699607618153095245361328125" lon="126.59441652707755565643310546875">
        <ele>152</ele>
        <time>2026-08-11T22:42:59.000Z</time>
        <extensions>
          <ns3:TrackPointExtension>
            <ns3:hr>138</ns3:hr>
            <ns3:cad>87</ns3:cad>
          </ns3:TrackPointExtension>
        </extensions>
      </trkpt>
      <trkpt lat="45.69958440028131008148193359375" lon="126.59441904164850711822509765625">
        <ele>152</ele>
        <time>2026-08-11T22:43:00.000Z</time>
        <extensions>
          <ns3:TrackPointExtension>
            <ns3:hr>139</ns3:hr>
            <ns3:cad>86</ns3:cad>
          </ns3:TrackPointExtension>
        </extensions>
      </trkpt>
      <trkpt lat="45.69955657236278057098388671875" lon="126.5944211371243000030517578125">
        <ele>152</ele>
        <time>2026-08-11T22:43:01.000Z</time>
        <extensions>
          <ns3:TrackPointExtension>
            <ns3:hr>139</ns3:hr>
            <ns3:cad>86</ns3:cad>
          </ns3:TrackPointExtension>
        </extensions>
      </trkpt>
      <trkpt lat="45.6995383836328983306884765625" lon="126.59443144686520099639892578125">
        <ele>152</ele>
        <time>2026-08-11T22:43:02.000Z</time>
        <extensions>
          <ns3:TrackPointExtension>
            <ns3:hr>139</ns3:hr>
            <ns3:cad>86</ns3:cad>
          </ns3:TrackPointExtension>
        </extensions>
      </trkpt>
      <trkpt lat="45.69950946606695652008056640625" lon="126.59442943520843982696533203125">
        <ele>152</ele>
        <time>2026-08-11T22:43:03.000Z</time>
        <extensions>
          <ns3:TrackPointExtension>
            <ns3:hr>140</ns3:hr>
            <ns3:cad>87</ns3:cad>
          </ns3:TrackPointExtension>
        </extensions>
      </trkpt>
      <trkpt lat="45.699493624269962310791015625" lon="126.5944372303783893585205078125">
        <ele>152</ele>
        <time>2026-08-11T22:43:04.000Z</time>
        <extensions>
          <ns3:TrackPointExtension>
            <ns3:hr>141</ns3:hr>
            <ns3:cad>87</ns3:cad>
          </ns3:TrackPointExtension>
        </extensions>
      </trkpt>
      <trkpt lat="45.69946152158081531524658203125" lon="126.59443580545485019683837890625">
        <ele>152</ele>
        <time>2026-08-11T22:43:05.000Z</time>
        <extensions>
          <ns3:TrackPointExtension>
            <ns3:hr>141</ns3:hr>
            <ns3:cad>88</ns3:cad>
          </ns3:TrackPointExtension>
        </extensions>
      </trkpt>
      <trkpt lat="45.699446685612201690673828125" lon="126.5944459475576877593994140625">
        <ele>152</ele>
        <time>2026-08-11T22:43:06.000Z</time>
        <extensions>
          <ns3:TrackPointExtension>
            <ns3:hr>142</ns3:hr>
            <ns3:cad>88</ns3:cad>
          </ns3:TrackPointExtension>
        </extensions>
      </trkpt>
      <trkpt lat="45.69941542111337184906005859375" lon="126.59445357508957386016845703125">
        <ele>152</ele>
        <time>2026-08-11T22:43:07.000Z</time>
        <extensions>
          <ns3:TrackPointExtension>
            <ns3:hr>142</ns3:hr>
            <ns3:cad>88</ns3:cad>
          </ns3:TrackPointExtension>
        </extensions>
      </trkpt>
      <trkpt lat="45.69939672946929931640625" lon="126.59446212463080883026123046875">
        <ele>152.1999969482421875</ele>
        <time>2026-08-11T22:43:08.000Z</time>
        <extensions>
          <ns3:TrackPointExtension>
            <ns3:hr>143</ns3:hr>
            <ns3:cad>88</ns3:cad>
          </ns3:TrackPointExtension>
        </extensions>
      </trkpt>
      <trkpt lat="45.6993683986365795135498046875" lon="126.594473607838153839111328125">
        <ele>152.1999969482421875</ele>
        <time>2026-08-11T22:43:09.000Z</time>
        <extensions>
          <ns3:TrackPointExtension>
            <ns3:hr>143</ns3:hr>
            <ns3:cad>88</ns3:cad>
          </ns3:TrackPointExtension>
        </extensions>
      </trkpt>
      <trkpt lat="45.69934736005961894989013671875" lon="126.5944811515510082244873046875">
        <ele>152</ele>
        <time>2026-08-11T22:43:10.000Z</time>
        <extensions>
          <ns3:TrackPointExtension>
            <ns3:hr>143</ns3:hr>
            <ns3:cad>88</ns3:cad>
          </ns3:TrackPointExtension>
        </extensions>
      </trkpt>
      <trkpt lat="45.69932271726429462432861328125" lon="126.5944881923496723175048828125">
        <ele>152</ele>
        <time>2026-08-11T22:43:11.000Z</time>
        <extensions>
          <ns3:TrackPointExtension>
            <ns3:hr>143</ns3:hr>
            <ns3:cad>88</ns3:cad>
          </ns3:TrackPointExtension>
        </extensions>
      </trkpt>
      <trkpt lat="45.69929908029735088348388671875" lon="126.59448609687387943267822265625">
        <ele>152</ele>
        <time>2026-08-11T22:43:12.000Z</time>
        <extensions>
          <ns3:TrackPointExtension>
            <ns3:hr>143</ns3:hr>
            <ns3:cad>88</ns3:cad>
          </ns3:TrackPointExtension>
        </extensions>
      </trkpt>
      <trkpt lat="45.6992792151868343353271484375" lon="126.594493724405765533447265625">
        <ele>152</ele>
        <time>2026-08-11T22:43:13.000Z</time>
        <extensions>
          <ns3:TrackPointExtension>
            <ns3:hr>143</ns3:hr>
            <ns3:cad>88</ns3:cad>
          </ns3:TrackPointExtension>
        </extensions>
      </trkpt>
      <trkpt lat="45.6992530636489391326904296875" lon="126.5944902040064334869384765625">
        <ele>152</ele>
        <time>2026-08-11T22:43:14.000Z</time>
        <extensions>
          <ns3:TrackPointExtension>
            <ns3:hr>143</ns3:hr>
            <ns3:cad>88</ns3:cad>
          </ns3:TrackPointExtension>
        </extensions>
      </trkpt>
      <trkpt lat="45.699236132204532623291015625" lon="126.59448961727321147918701171875">
        <ele>151.8000030517578125</ele>
        <time>2026-08-11T22:43:15.000Z</time>
        <extensions>
          <ns3:TrackPointExtension>
            <ns3:hr>142</ns3:hr>
            <ns3:cad>87</ns3:cad>
          </ns3:TrackPointExtension>
        </extensions>
      </trkpt>
      <trkpt lat="45.6992081366479396820068359375" lon="126.59448224119842052459716796875">
        <ele>151.8000030517578125</ele>
        <time>2026-08-11T22:43:16.000Z</time>
        <extensions>
          <ns3:TrackPointExtension>
            <ns3:hr>143</ns3:hr>
            <ns3:cad>87</ns3:cad>
          </ns3:TrackPointExtension>
        </extensions>
      </trkpt>
      <trkpt lat="45.69918894208967685699462890625" lon="126.594488359987735748291015625">
        <ele>151.8000030517578125</ele>
        <time>2026-08-11T22:43:17.000Z</time>
        <extensions>
          <ns3:TrackPointExtension>
            <ns3:hr>143</ns3:hr>
            <ns3:cad>87</ns3:cad>
          </ns3:TrackPointExtension>
        </extensions>
      </trkpt>
      <trkpt lat="45.6991571746766567230224609375" lon="126.594490706920623779296875">
        <ele>151.600006103515625</ele>
        <time>2026-08-11T22:43:18.000Z</time>
        <extensions>
          <ns3:TrackPointExtension>
            <ns3:hr>143</ns3:hr>
            <ns3:cad>87</ns3:cad>
          </ns3:TrackPointExtension>
        </extensions>
      </trkpt>
      <trkpt lat="45.69913747720420360565185546875" lon="126.59450436942279338836669921875">
        <ele>151.399993896484375</ele>
        <time>2026-08-11T22:43:19.000Z</time>
        <extensions>
          <ns3:TrackPointExtension>
            <ns3:hr>143</ns3:hr>
            <ns3:cad>87</ns3:cad>
          </ns3:TrackPointExtension>
        </extensions>
      </trkpt>
      <trkpt lat="45.69910562597215175628662109375" lon="126.59451258368790149688720703125">
        <ele>151.399993896484375</ele>
        <time>2026-08-11T22:43:20.000Z</time>
        <extensions>
          <ns3:TrackPointExtension>
            <ns3:hr>143</ns3:hr>
            <ns3:cad>87</ns3:cad>
          </ns3:TrackPointExtension>
        </extensions>
      </trkpt>
      <trkpt lat="45.699081905186176300048828125" lon="126.59451727755367755889892578125">
        <ele>151.399993896484375</ele>
        <time>2026-08-11T22:43:21.000Z</time>
        <extensions>
          <ns3:TrackPointExtension>
            <ns3:hr>144</ns3:hr>
            <ns3:cad>87</ns3:cad>
          </ns3:TrackPointExtension>
        </extensions>
      </trkpt>
      <trkpt lat="45.6990552507340908050537109375" lon="126.59453286789357662200927734375">
        <ele>151.399993896484375</ele>
        <time>2026-08-11T22:43:22.000Z</time>
        <extensions>
          <ns3:TrackPointExtension>
            <ns3:hr>144</ns3:hr>
            <ns3:cad>87</ns3:cad>
          </ns3:TrackPointExtension>
        </extensions>
      </trkpt>
      <trkpt lat="45.69903203286230564117431640625" lon="126.5945475362241268157958984375">
        <ele>151.399993896484375</ele>
        <time>2026-08-11T22:43:23.000Z</time>
        <extensions>
          <ns3:TrackPointExtension>
            <ns3:hr>144</ns3:hr>
            <ns3:cad>87</ns3:cad>
          </ns3:TrackPointExtension>
        </extensions>
      </trkpt>
      <trkpt lat="45.69901376031339168548583984375" lon="126.59456572495400905609130859375">
        <ele>151.399993896484375</ele>
        <time>2026-08-11T22:43:24.000Z</time>
        <extensions>
          <ns3:TrackPointExtension>
            <ns3:hr>144</ns3:hr>
            <ns3:cad>88</ns3:cad>
          </ns3:TrackPointExtension>
        </extensions>
      </trkpt>
      <trkpt lat="45.69898945279419422149658203125" lon="126.59457678906619548797607421875">
        <ele>151.399993896484375</ele>
        <time>2026-08-11T22:43:25.000Z</time>
        <extensions>
          <ns3:TrackPointExtension>
            <ns3:hr>144</ns3:hr>
            <ns3:cad>88</ns3:cad>
          </ns3:TrackPointExtension>
        </extensions>
      </trkpt>
      <trkpt lat="45.6989734433591365814208984375" lon="126.5945917926728725433349609375">
        <ele>151.600006103515625</ele>
        <time>2026-08-11T22:43:26.000Z</time>
        <extensions>
          <ns3:TrackPointExtension>
            <ns3:hr>144</ns3:hr>
            <ns3:cad>88</ns3:cad>
          </ns3:TrackPointExtension>
        </extensions>
      </trkpt>
      <trkpt lat="45.69894771091639995574951171875" lon="126.5945924632251262664794921875">
        <ele>151.600006103515625</ele>
        <time>2026-08-11T22:43:27.000Z</time>
        <extensions>
          <ns3:TrackPointExtension>
            <ns3:hr>144</ns3:hr>
            <ns3:cad>88</ns3:cad>
          </ns3:TrackPointExtension>
        </extensions>
      </trkpt>
      <trkpt lat="45.6989254988729953765869140625" lon="126.594599671661853790283203125">
        <ele>151.8000030517578125</ele>
        <time>2026-08-11T22:43:28.000Z</time>
        <extensions>
          <ns3:TrackPointExtension>
            <ns3:hr>144</ns3:hr>
            <ns3:cad>88</ns3:cad>
          </ns3:TrackPointExtension>
        </extensions>
      </trkpt>
      <trkpt lat="45.69889247417449951171875" lon="126.59458098001778125762939453125">
        <ele>151.8000030517578125</ele>
        <time>2026-08-11T22:43:29.000Z</time>
        <extensions>
          <ns3:TrackPointExtension>
            <ns3:hr>144</ns3:hr>
            <ns3:cad>88</ns3:cad>
          </ns3:TrackPointExtension>
        </extensions>
      </trkpt>
      <trkpt lat="45.6988708488643169403076171875" lon="126.5945693291723728179931640625">
        <ele>151.8000030517578125</ele>
        <time>2026-08-11T22:43:30.000Z</time>
        <extensions>
          <ns3:TrackPointExtension>
            <ns3:hr>144</ns3:hr>
            <ns3:cad>87</ns3:cad>
          </ns3:TrackPointExtension>
        </extensions>
      </trkpt>
      <trkpt lat="45.69884075783193111419677734375" lon="126.594554744660854339599609375">
        <ele>152</ele>
        <time>2026-08-11T22:43:31.000Z</time>
        <extensions>
          <ns3:TrackPointExtension>
            <ns3:hr>144</ns3:hr>
            <ns3:cad>87</ns3:cad>
          </ns3:TrackPointExtension>
        </extensions>
      </trkpt>
      <trkpt lat="45.698820054531097412109375" lon="126.5945478715002536773681640625">
        <ele>151.8000030517578125</ele>
        <time>2026-08-11T22:43:32.000Z</time>
        <extensions>
          <ns3:TrackPointExtension>
            <ns3:hr>144</ns3:hr>
            <ns3:cad>87</ns3:cad>
          </ns3:TrackPointExtension>
        </extensions>
      </trkpt>
      <trkpt lat="45.69879247806966304779052734375" lon="126.59454166889190673828125">
        <ele>152</ele>
        <time>2026-08-11T22:43:33.000Z</time>
        <extensions>
          <ns3:TrackPointExtension>
            <ns3:hr>144</ns3:hr>
            <ns3:cad>87</ns3:cad>
          </ns3:TrackPointExtension>
        </extensions>
      </trkpt>
      <trkpt lat="45.69876817055046558380126953125" lon="126.59453471191227436065673828125">
        <ele>152</ele>
        <time>2026-08-11T22:43:34.000Z</time>
        <extensions>
          <ns3:TrackPointExtension>
            <ns3:hr>145</ns3:hr>
            <ns3:cad>87</ns3:cad>
          </ns3:TrackPointExtension>
        </extensions>
      </trkpt>
      <trkpt lat="45.69874218665063381195068359375" lon="126.5945384837687015533447265625">
        <ele>152</ele>
        <time>2026-08-11T22:43:35.000Z</time>
        <extensions>
          <ns3:TrackPointExtension>
            <ns3:hr>144</ns3:hr>
            <ns3:cad>87</ns3:cad>
          </ns3:TrackPointExtension>
        </extensions>
      </trkpt>
      <trkpt lat="45.6987132690846920013427734375" lon="126.59453756175935268402099609375">
        <ele>152</ele>
        <time>2026-08-11T22:43:36.000Z</time>
        <extensions>
          <ns3:TrackPointExtension>
            <ns3:hr>145</ns3:hr>
            <ns3:cad>86</ns3:cad>
          </ns3:TrackPointExtension>
        </extensions>
      </trkpt>
      <trkpt lat="45.69869172759354114532470703125" lon="126.59454359672963619232177734375">
        <ele>152</ele>
        <time>2026-08-11T22:43:37.000Z</time>
        <extensions>
          <ns3:TrackPointExtension>
            <ns3:hr>145</ns3:hr>
            <ns3:cad>86</ns3:cad>
          </ns3:TrackPointExtension>
        </extensions>
      </trkpt>
      <trkpt lat="45.698662810027599334716796875" lon="126.5945465303957462310791015625">
        <ele>151.8000030517578125</ele>
        <time>2026-08-11T22:43:38.000Z</time>
        <extensions>
          <ns3:TrackPointExtension>
            <ns3:hr>145</ns3:hr>
            <ns3:cad>86</ns3:cad>
          </ns3:TrackPointExtension>
        </extensions>
      </trkpt>
      <trkpt lat="45.69863707758486270904541015625" lon="126.59455013461410999298095703125">
        <ele>151.600006103515625</ele>
        <time>2026-08-11T22:43:39.000Z</time>
        <extensions>
          <ns3:TrackPointExtension>
            <ns3:hr>145</ns3:hr>
            <ns3:cad>88</ns3:cad>
          </ns3:TrackPointExtension>
        </extensions>
      </trkpt>
      <trkpt lat="45.69861142896115779876708984375" lon="126.59455684013664722442626953125">
        <ele>151.600006103515625</ele>
        <time>2026-08-11T22:43:40.000Z</time>
        <extensions>
          <ns3:TrackPointExtension>
            <ns3:hr>145</ns3:hr>
            <ns3:cad>88</ns3:cad>
          </ns3:TrackPointExtension>
        </extensions>
      </trkpt>
      <trkpt lat="45.698589384555816650390625" lon="126.59456186927855014801025390625">
        <ele>151.399993896484375</ele>
        <time>2026-08-11T22:43:41.000Z</time>
        <extensions>
          <ns3:TrackPointExtension>
            <ns3:hr>146</ns3:hr>
            <ns3:cad>87</ns3:cad>
          </ns3:TrackPointExtension>
        </extensions>
      </trkpt>
      <trkpt lat="45.6985650770366191864013671875" lon="126.59456656314432621002197265625">
        <ele>151.399993896484375</ele>
        <time>2026-08-11T22:43:42.000Z</time>
        <extensions>
          <ns3:TrackPointExtension>
            <ns3:hr>146</ns3:hr>
            <ns3:cad>87</ns3:cad>
          </ns3:TrackPointExtension>
        </extensions>
      </trkpt>
      <trkpt lat="45.69854487664997577667236328125" lon="126.59457226283848285675048828125">
        <ele>151.399993896484375</ele>
        <time>2026-08-11T22:43:43.000Z</time>
        <extensions>
          <ns3:TrackPointExtension>
            <ns3:hr>146</ns3:hr>
            <ns3:cad>87</ns3:cad>
          </ns3:TrackPointExtension>
        </extensions>
      </trkpt>
      <trkpt lat="45.698518641293048858642578125" lon="126.5945751965045928955078125">
        <ele>151.600006103515625</ele>
        <time>2026-08-11T22:43:44.000Z</time>
        <extensions>
          <ns3:TrackPointExtension>
            <ns3:hr>146</ns3:hr>
            <ns3:cad>88</ns3:cad>
          </ns3:TrackPointExtension>
        </extensions>
      </trkpt>
      <trkpt lat="45.69849726743996143341064453125" lon="126.59458701498806476593017578125">
        <ele>151.8000030517578125</ele>
        <time>2026-08-11T22:43:45.000Z</time>
        <extensions>
          <ns3:TrackPointExtension>
            <ns3:hr>146</ns3:hr>
            <ns3:cad>88</ns3:cad>
          </ns3:TrackPointExtension>
        </extensions>
      </trkpt>
      <trkpt lat="45.6984708644449710845947265625" lon="126.59458927810192108154296875">
        <ele>151.8000030517578125</ele>
        <time>2026-08-11T22:43:46.000Z</time>
        <extensions>
          <ns3:TrackPointExtension>
            <ns3:hr>146</ns3:hr>
            <ns3:cad>89</ns3:cad>
          </ns3:TrackPointExtension>
        </extensions>
      </trkpt>
      <trkpt lat="45.698447562754154205322265625" lon="126.59459237940609455108642578125">
        <ele>151.8000030517578125</ele>
        <time>2026-08-11T22:43:47.000Z</time>
        <extensions>
          <ns3:TrackPointExtension>
            <ns3:hr>146</ns3:hr>
            <ns3:cad>90</ns3:cad>
          </ns3:TrackPointExtension>
        </extensions>
      </trkpt>
      <trkpt lat="45.69842241704463958740234375" lon="126.59459338523447513580322265625">
        <ele>151.8000030517578125</ele>
        <time>2026-08-11T22:43:48.000Z</time>
        <extensions>
          <ns3:TrackPointExtension>
            <ns3:hr>147</ns3:hr>
            <ns3:cad>90</ns3:cad>
          </ns3:TrackPointExtension>
        </extensions>
      </trkpt>
      <trkpt lat="45.69840137846767902374267578125" lon="126.5945958159863948822021484375">
        <ele>151.8000030517578125</ele>
        <time>2026-08-11T22:43:49.000Z</time>
        <extensions>
          <ns3:TrackPointExtension>
            <ns3:hr>147</ns3:hr>
            <ns3:cad>91</ns3:cad>
          </ns3:TrackPointExtension>
        </extensions>
      </trkpt>
      <trkpt lat="45.6983716227114200592041015625" lon="126.594592966139316558837890625">
        <ele>151.8000030517578125</ele>
        <time>2026-08-11T22:43:50.000Z</time>
        <extensions>
          <ns3:TrackPointExtension>
            <ns3:hr>147</ns3:hr>
            <ns3:cad>92</ns3:cad>
          </ns3:TrackPointExtension>
        </extensions>
      </trkpt>
      <trkpt lat="45.69834731519222259521484375" lon="126.59459858201444149017333984375">
        <ele>152</ele>
        <time>2026-08-11T22:43:51.000Z</time>
        <extensions>
          <ns3:TrackPointExtension>
            <ns3:hr>148</ns3:hr>
            <ns3:cad>92</ns3:cad>
          </ns3:TrackPointExtension>
        </extensions>
      </trkpt>
      <trkpt lat="45.69832510314881801605224609375" lon="126.5945981629192829132080078125">
        <ele>152</ele>
        <time>2026-08-11T22:43:52.000Z</time>
        <extensions>
          <ns3:TrackPointExtension>
            <ns3:hr>148</ns3:hr>
            <ns3:cad>92</ns3:cad>
          </ns3:TrackPointExtension>
        </extensions>
      </trkpt>
      <trkpt lat="45.69830565713346004486083984375" lon="126.5946055389940738677978515625">
        <ele>152</ele>
        <time>2026-08-11T22:43:53.000Z</time>
        <extensions>
          <ns3:TrackPointExtension>
            <ns3:hr>148</ns3:hr>
            <ns3:cad>91</ns3:cad>
          </ns3:TrackPointExtension>
        </extensions>
      </trkpt>
      <trkpt lat="45.6982794217765331268310546875" lon="126.59460537135601043701171875">
        <ele>152</ele>
        <time>2026-08-11T22:43:54.000Z</time>
        <extensions>
          <ns3:TrackPointExtension>
            <ns3:hr>148</ns3:hr>
            <ns3:cad>91</ns3:cad>
          </ns3:TrackPointExtension>
        </extensions>
      </trkpt>
      <trkpt lat="45.6982648372650146484375" lon="126.59461484290659427642822265625">
        <ele>152.1999969482421875</ele>
        <time>2026-08-11T22:43:55.000Z</time>
        <extensions>
          <ns3:TrackPointExtension>
            <ns3:hr>148</ns3:hr>
            <ns3:cad>90</ns3:cad>
          </ns3:TrackPointExtension>
        </extensions>
      </trkpt>
      <trkpt lat="45.69823541678488254547119140625" lon="126.59461668692529201507568359375">
        <ele>152</ele>
        <time>2026-08-11T22:43:56.000Z</time>
        <extensions>
          <ns3:TrackPointExtension>
            <ns3:hr>149</ns3:hr>
            <ns3:cad>90</ns3:cad>
          </ns3:TrackPointExtension>
        </extensions>
      </trkpt>
      <trkpt lat="45.6982153840363025665283203125" lon="126.59462389536201953887939453125">
        <ele>152</ele>
        <time>2026-08-11T22:43:57.000Z</time>
        <extensions>
          <ns3:TrackPointExtension>
            <ns3:hr>149</ns3:hr>
            <ns3:cad>91</ns3:cad>
          </ns3:TrackPointExtension>
        </extensions>
      </trkpt>
      <trkpt lat="45.69818696938455104827880859375" lon="126.59462188370525836944580078125">
        <ele>152</ele>
        <time>2026-08-11T22:43:58.000Z</time>
        <extensions>
          <ns3:TrackPointExtension>
            <ns3:hr>149</ns3:hr>
            <ns3:cad>91</ns3:cad>
          </ns3:TrackPointExtension>
        </extensions>
      </trkpt>
      <trkpt lat="45.69816098548471927642822265625" lon="126.594626493752002716064453125">
        <ele>152</ele>
        <time>2026-08-11T22:43:59.000Z</time>
        <extensions>
          <ns3:TrackPointExtension>
            <ns3:hr>149</ns3:hr>
            <ns3:cad>91</ns3:cad>
          </ns3:TrackPointExtension>
        </extensions>
      </trkpt>
      <trkpt lat="45.69813298992812633514404296875" lon="126.59462925978004932403564453125">
        <ele>151.8000030517578125</ele>
        <time>2026-08-11T22:44:00.000Z</time>
        <extensions>
          <ns3:TrackPointExtension>
            <ns3:hr>149</ns3:hr>
            <ns3:cad>88</ns3:cad>
          </ns3:TrackPointExtension>
        </extensions>
      </trkpt>
      <trkpt lat="45.69811086170375347137451171875" lon="126.59463261254131793975830078125">
        <ele>151.8000030517578125</ele>
        <time>2026-08-11T22:44:01.000Z</time>
        <extensions>
          <ns3:TrackPointExtension>
            <ns3:hr>149</ns3:hr>
            <ns3:cad>88</ns3:cad>
          </ns3:TrackPointExtension>
        </extensions>
      </trkpt>
      <trkpt lat="45.6980866380035877227783203125" lon="126.5946350432932376861572265625">
        <ele>151.8000030517578125</ele>
        <time>2026-08-11T22:44:02.000Z</time>
        <extensions>
          <ns3:TrackPointExtension>
            <ns3:hr>149</ns3:hr>
            <ns3:cad>88</ns3:cad>
          </ns3:TrackPointExtension>
        </extensions>
      </trkpt>
      <trkpt lat="45.69806207902729511260986328125" lon="126.594633199274539947509765625">
        <ele>151.8000030517578125</ele>
        <time>2026-08-11T22:44:03.000Z</time>
        <extensions>
          <ns3:TrackPointExtension>
            <ns3:hr>149</ns3:hr>
            <ns3:cad>88</ns3:cad>
          </ns3:TrackPointExtension>
        </extensions>
      </trkpt>
      <trkpt lat="45.69803617894649505615234375" lon="126.59462389536201953887939453125">
        <ele>151.8000030517578125</ele>
        <time>2026-08-11T22:44:04.000Z</time>
        <extensions>
          <ns3:TrackPointExtension>
            <ns3:hr>149</ns3:hr>
            <ns3:cad>89</ns3:cad>
          </ns3:TrackPointExtension>
        </extensions>
      </trkpt>
      <trkpt lat="45.69801606237888336181640625" lon="126.5946102328598499298095703125">
        <ele>151.8000030517578125</ele>
        <time>2026-08-11T22:44:05.000Z</time>
        <extensions>
          <ns3:TrackPointExtension>
            <ns3:hr>150</ns3:hr>
            <ns3:cad>90</ns3:cad>
          </ns3:TrackPointExtension>
        </extensions>
      </trkpt>
      <trkpt lat="45.69799485616385936737060546875" lon="126.59458550624549388885498046875">
        <ele>151.8000030517578125</ele>
        <time>2026-08-11T22:44:06.000Z</time>
        <extensions>
          <ns3:TrackPointExtension>
            <ns3:hr>150</ns3:hr>
            <ns3:cad>92</ns3:cad>
          </ns3:TrackPointExtension>
        </extensions>
      </trkpt>
      <trkpt lat="45.69797708652913570404052734375" lon="126.5945626236498355865478515625">
        <ele>151.8000030517578125</ele>
        <time>2026-08-11T22:44:07.000Z</time>
        <extensions>
          <ns3:TrackPointExtension>
            <ns3:hr>150</ns3:hr>
            <ns3:cad>92</ns3:cad>
          </ns3:TrackPointExtension>
        </extensions>
      </trkpt>
      <trkpt lat="45.69796375930309295654296875" lon="126.59453253261744976043701171875">
        <ele>151.8000030517578125</ele>
        <time>2026-08-11T22:44:08.000Z</time>
        <extensions>
          <ns3:TrackPointExtension>
            <ns3:hr>150</ns3:hr>
            <ns3:cad>92</ns3:cad>
          </ns3:TrackPointExtension>
        </extensions>
      </trkpt>
      <trkpt lat="45.69794925861060619354248046875" lon="126.5945106558501720428466796875">
        <ele>151.8000030517578125</ele>
        <time>2026-08-11T22:44:09.000Z</time>
        <extensions>
          <ns3:TrackPointExtension>
            <ns3:hr>149</ns3:hr>
            <ns3:cad>92</ns3:cad>
          </ns3:TrackPointExtension>
        </extensions>
      </trkpt>
      <trkpt lat="45.697937272489070892333984375" lon="126.59447603859007358551025390625">
        <ele>151.8000030517578125</ele>
        <time>2026-08-11T22:44:10.000Z</time>
        <extensions>
          <ns3:TrackPointExtension>
            <ns3:hr>149</ns3:hr>
            <ns3:cad>91</ns3:cad>
          </ns3:TrackPointExtension>
        </extensions>
      </trkpt>
      <trkpt lat="45.69791950285434722900390625" lon="126.59446262754499912261962890625">
        <ele>151.8000030517578125</ele>
        <time>2026-08-11T22:44:11.000Z</time>
        <extensions>
          <ns3:TrackPointExtension>
            <ns3:hr>149</ns3:hr>
            <ns3:cad>90</ns3:cad>
          </ns3:TrackPointExtension>
        </extensions>
      </trkpt>
      <trkpt lat="45.697893016040325164794921875" lon="126.59443832002580165863037109375">
        <ele>151.8000030517578125</ele>
        <time>2026-08-11T22:44:12.000Z</time>
        <extensions>
          <ns3:TrackPointExtension>
            <ns3:hr>148</ns3:hr>
            <ns3:cad>89</ns3:cad>
          </ns3:TrackPointExtension>
        </extensions>
      </trkpt>
      <trkpt lat="45.697878263890743255615234375" lon="126.59442901611328125">
        <ele>151.8000030517578125</ele>
        <time>2026-08-11T22:44:13.000Z</time>
        <extensions>
          <ns3:TrackPointExtension>
            <ns3:hr>148</ns3:hr>
            <ns3:cad>89</ns3:cad>
          </ns3:TrackPointExtension>
        </extensions>
      </trkpt>
      <trkpt lat="45.69785353727638721466064453125" lon="126.59442138858139514923095703125">
        <ele>152</ele>
        <time>2026-08-11T22:44:14.000Z</time>
        <extensions>
          <ns3:TrackPointExtension>
            <ns3:hr>148</ns3:hr>
            <ns3:cad>89</ns3:cad>
          </ns3:TrackPointExtension>
        </extensions>
      </trkpt>
      <trkpt lat="45.69783308543264865875244140625" lon="126.5944251604378223419189453125">
        <ele>151.8000030517578125</ele>
        <time>2026-08-11T22:44:15.000Z</time>
        <extensions>
          <ns3:TrackPointExtension>
            <ns3:hr>149</ns3:hr>
            <ns3:cad>89</ns3:cad>
          </ns3:TrackPointExtension>
        </extensions>
      </trkpt>
      <trkpt lat="45.69780525751411914825439453125" lon="126.59442943520843982696533203125">
        <ele>151.8000030517578125</ele>
        <time>2026-08-11T22:44:16.000Z</time>
        <extensions>
          <ns3:TrackPointExtension>
            <ns3:hr>149</ns3:hr>
            <ns3:cad>89</ns3:cad>
          </ns3:TrackPointExtension>
        </extensions>
      </trkpt>
      <trkpt lat="45.69778447039425373077392578125" lon="126.594437062740325927734375">
        <ele>151.8000030517578125</ele>
        <time>2026-08-11T22:44:17.000Z</time>
        <extensions>
          <ns3:TrackPointExtension>
            <ns3:hr>149</ns3:hr>
            <ns3:cad>88</ns3:cad>
          </ns3:TrackPointExtension>
        </extensions>
      </trkpt>
      <trkpt lat="45.69775932468473911285400390625" lon="126.594443432986736297607421875">
        <ele>151.8000030517578125</ele>
        <time>2026-08-11T22:44:18.000Z</time>
        <extensions>
          <ns3:TrackPointExtension>
            <ns3:hr>150</ns3:hr>
            <ns3:cad>88</ns3:cad>
          </ns3:TrackPointExtension>
        </extensions>
      </trkpt>
      <trkpt lat="45.69773317314684391021728515625" lon="126.59444443881511688232421875">
        <ele>151.8000030517578125</ele>
        <time>2026-08-11T22:44:19.000Z</time>
        <extensions>
          <ns3:TrackPointExtension>
            <ns3:hr>150</ns3:hr>
            <ns3:cad>88</ns3:cad>
          </ns3:TrackPointExtension>
        </extensions>
      </trkpt>
      <trkpt lat="45.69770492613315582275390625" lon="126.594450473785400390625">
        <ele>152</ele>
        <time>2026-08-11T22:44:20.000Z</time>
        <extensions>
          <ns3:TrackPointExtension>
            <ns3:hr>150</ns3:hr>
            <ns3:cad>88</ns3:cad>
          </ns3:TrackPointExtension>
        </extensions>
      </trkpt>
      <trkpt lat="45.697680450975894927978515625" lon="126.59444737248122692108154296875">
        <ele>152</ele>
        <time>2026-08-11T22:44:21.000Z</time>
        <extensions>
          <ns3:TrackPointExtension>
            <ns3:hr>150</ns3:hr>
            <ns3:cad>88</ns3:cad>
          </ns3:TrackPointExtension>
        </extensions>
      </trkpt>
      <trkpt lat="45.69765404798090457916259765625" lon="126.5944560058414936065673828125">
        <ele>152</ele>
        <time>2026-08-11T22:44:22.000Z</time>
        <extensions>
          <ns3:TrackPointExtension>
            <ns3:hr>150</ns3:hr>
            <ns3:cad>88</ns3:cad>
          </ns3:TrackPointExtension>
        </extensions>
      </trkpt>
      <trkpt lat="45.6976276449859142303466796875" lon="126.594457514584064483642578125">
        <ele>152</ele>
        <time>2026-08-11T22:44:23.000Z</time>
        <extensions>
          <ns3:TrackPointExtension>
            <ns3:hr>151</ns3:hr>
            <ns3:cad>88</ns3:cad>
          </ns3:TrackPointExtension>
        </extensions>
      </trkpt>
      <trkpt lat="45.6976045109331607818603515625" lon="126.59446229226887226104736328125">
        <ele>152</ele>
        <time>2026-08-11T22:44:24.000Z</time>
        <extensions>
          <ns3:TrackPointExtension>
            <ns3:hr>150</ns3:hr>
            <ns3:cad>88</ns3:cad>
          </ns3:TrackPointExtension>
        </extensions>
      </trkpt>
      <trkpt lat="45.697575844824314117431640625" lon="126.59446178935468196868896484375">
        <ele>151.8000030517578125</ele>
        <time>2026-08-11T22:44:25.000Z</time>
        <extensions>
          <ns3:TrackPointExtension>
            <ns3:hr>150</ns3:hr>
            <ns3:cad>87</ns3:cad>
          </ns3:TrackPointExtension>
        </extensions>
      </trkpt>
      <trkpt lat="45.69755229167640209197998046875" lon="126.59446899779140949249267578125">
        <ele>151.8000030517578125</ele>
        <time>2026-08-11T22:44:26.000Z</time>
        <extensions>
          <ns3:TrackPointExtension>
            <ns3:hr>151</ns3:hr>
            <ns3:cad>87</ns3:cad>
          </ns3:TrackPointExtension>
        </extensions>
      </trkpt>
      <trkpt lat="45.6975196860730648040771484375" lon="126.5944705903530120849609375">
        <ele>151.8000030517578125</ele>
        <time>2026-08-11T22:44:27.000Z</time>
        <extensions>
          <ns3:TrackPointExtension>
            <ns3:hr>151</ns3:hr>
            <ns3:cad>87</ns3:cad>
          </ns3:TrackPointExtension>
        </extensions>
      </trkpt>
      <trkpt lat="45.69750015623867511749267578125" lon="126.59447955898940563201904296875">
        <ele>151.8000030517578125</ele>
        <time>2026-08-11T22:44:28.000Z</time>
        <extensions>
          <ns3:TrackPointExtension>
            <ns3:hr>151</ns3:hr>
            <ns3:cad>87</ns3:cad>
          </ns3:TrackPointExtension>
        </extensions>
      </trkpt>
      <trkpt lat="45.6974673829972743988037109375" lon="126.5944875217974185943603515625">
        <ele>151.8000030517578125</ele>
        <time>2026-08-11T22:44:29.000Z</time>
        <extensions>
          <ns3:TrackPointExtension>
            <ns3:hr>150</ns3:hr>
            <ns3:cad>86</ns3:cad>
          </ns3:TrackPointExtension>
        </extensions>
      </trkpt>
      <trkpt lat="45.6974445842206478118896484375" lon="126.5944992564618587493896484375">
        <ele>151.8000030517578125</ele>
        <time>2026-08-11T22:44:30.000Z</time>
        <extensions>
          <ns3:TrackPointExtension>
            <ns3:hr>151</ns3:hr>
            <ns3:cad>86</ns3:cad>
          </ns3:TrackPointExtension>
        </extensions>
      </trkpt>
      <trkpt lat="45.69741248153150081634521484375" lon="126.594517529010772705078125">
        <ele>151.600006103515625</ele>
        <time>2026-08-11T22:44:31.000Z</time>
        <extensions>
          <ns3:TrackPointExtension>
            <ns3:hr>151</ns3:hr>
            <ns3:cad>86</ns3:cad>
          </ns3:TrackPointExtension>
        </extensions>
      </trkpt>
      <trkpt lat="45.69738884456455707550048828125" lon="126.59452633000910282135009765625">
        <ele>151.600006103515625</ele>
        <time>2026-08-11T22:44:32.000Z</time>
        <extensions>
          <ns3:TrackPointExtension>
            <ns3:hr>150</ns3:hr>
            <ns3:cad>88</ns3:cad>
          </ns3:TrackPointExtension>
        </extensions>
      </trkpt>
      <trkpt lat="45.69736185483634471893310546875" lon="126.59454443491995334625244140625">
        <ele>151.399993896484375</ele>
        <time>2026-08-11T22:44:33.000Z</time>
        <extensions>
          <ns3:TrackPointExtension>
            <ns3:hr>151</ns3:hr>
            <ns3:cad>88</ns3:cad>
          </ns3:TrackPointExtension>
        </extensions>
      </trkpt>
      <trkpt lat="45.69733905605971813201904296875" lon="126.5945549122989177703857421875">
        <ele>151.399993896484375</ele>
        <time>2026-08-11T22:44:34.000Z</time>
        <extensions>
          <ns3:TrackPointExtension>
            <ns3:hr>151</ns3:hr>
            <ns3:cad>88</ns3:cad>
          </ns3:TrackPointExtension>
        </extensions>
      </trkpt>
      <trkpt lat="45.6973139941692352294921875" lon="126.59456974826753139495849609375">
        <ele>151.1999969482421875</ele>
        <time>2026-08-11T22:44:35.000Z</time>
        <extensions>
          <ns3:TrackPointExtension>
            <ns3:hr>151</ns3:hr>
            <ns3:cad>88</ns3:cad>
          </ns3:TrackPointExtension>
        </extensions>
      </trkpt>
      <trkpt lat="45.69728826172649860382080078125" lon="126.594583578407764434814453125">
        <ele>151.1999969482421875</ele>
        <time>2026-08-11T22:44:36.000Z</time>
        <extensions>
          <ns3:TrackPointExtension>
            <ns3:hr>150</ns3:hr>
            <ns3:cad>88</ns3:cad>
          </ns3:TrackPointExtension>
        </extensions>
      </trkpt>
      <trkpt lat="45.69726596586406230926513671875" lon="126.59459724090993404388427734375">
        <ele>151</ele>
        <time>2026-08-11T22:44:37.000Z</time>
        <extensions>
          <ns3:TrackPointExtension>
            <ns3:hr>151</ns3:hr>
            <ns3:cad>88</ns3:cad>
          </ns3:TrackPointExtension>
        </extensions>
      </trkpt>
      <trkpt lat="45.6972336955368518829345703125" lon="126.59461651928722858428955078125">
        <ele>151</ele>
        <time>2026-08-11T22:44:38.000Z</time>
        <extensions>
          <ns3:TrackPointExtension>
            <ns3:hr>151</ns3:hr>
            <ns3:cad>88</ns3:cad>
          </ns3:TrackPointExtension>
        </extensions>
      </trkpt>
      <trkpt lat="45.69721181876957416534423828125" lon="126.59462959505617618560791015625">
        <ele>151</ele>
        <time>2026-08-11T22:44:39.000Z</time>
        <extensions>
          <ns3:TrackPointExtension>
            <ns3:hr>151</ns3:hr>
            <ns3:cad>88</ns3:cad>
          </ns3:TrackPointExtension>
        </extensions>
      </trkpt>
      <trkpt lat="45.69717921316623687744140625" lon="126.5946476161479949951171875">
        <ele>150.8000030517578125</ele>
        <time>2026-08-11T22:44:40.000Z</time>
        <extensions>
          <ns3:TrackPointExtension>
            <ns3:hr>151</ns3:hr>
            <ns3:cad>88</ns3:cad>
          </ns3:TrackPointExtension>
        </extensions>
      </trkpt>
      <trkpt lat="45.6971616111695766448974609375" lon="126.5946638770401477813720703125">
        <ele>150.8000030517578125</ele>
        <time>2026-08-11T22:44:41.000Z</time>
        <extensions>
          <ns3:TrackPointExtension>
            <ns3:hr>151</ns3:hr>
            <ns3:cad>88</ns3:cad>
          </ns3:TrackPointExtension>
        </extensions>
      </trkpt>
      <trkpt lat="45.69713537581264972686767578125" lon="126.5946806408464908599853515625">
        <ele>150.8000030517578125</ele>
        <time>2026-08-11T22:44:42.000Z</time>
        <extensions>
          <ns3:TrackPointExtension>
            <ns3:hr>151</ns3:hr>
            <ns3:cad>87</ns3:cad>
          </ns3:TrackPointExtension>
        </extensions>
      </trkpt>
      <trkpt lat="45.69711752235889434814453125" lon="126.594691537320613861083984375">
        <ele>150.8000030517578125</ele>
        <time>2026-08-11T22:44:43.000Z</time>
        <extensions>
          <ns3:TrackPointExtension>
            <ns3:hr>151</ns3:hr>
            <ns3:cad>87</ns3:cad>
          </ns3:TrackPointExtension>
        </extensions>
      </trkpt>
      <trkpt lat="45.69708692841231822967529296875" lon="126.59471157006919384002685546875">
        <ele>150.8000030517578125</ele>
        <time>2026-08-11T22:44:44.000Z</time>
        <extensions>
          <ns3:TrackPointExtension>
            <ns3:hr>151</ns3:hr>
            <ns3:cad>87</ns3:cad>
          </ns3:TrackPointExtension>
        </extensions>
      </trkpt>
      <trkpt lat="45.69706253707408905029296875" lon="126.5947252325713634490966796875">
        <ele>150.600006103515625</ele>
        <time>2026-08-11T22:44:45.000Z</time>
        <extensions>
          <ns3:TrackPointExtension>
            <ns3:hr>150</ns3:hr>
            <ns3:cad>87</ns3:cad>
          </ns3:TrackPointExtension>
        </extensions>
      </trkpt>
      <trkpt lat="45.69703169167041778564453125" lon="126.59475113265216350555419921875">
        <ele>150.600006103515625</ele>
        <time>2026-08-11T22:44:46.000Z</time>
        <extensions>
          <ns3:TrackPointExtension>
            <ns3:hr>150</ns3:hr>
            <ns3:cad>87</ns3:cad>
          </ns3:TrackPointExtension>
        </extensions>
      </trkpt>
      <trkpt lat="45.6970104016363620758056640625" lon="126.59476906992495059967041015625">
        <ele>150.600006103515625</ele>
        <time>2026-08-11T22:44:47.000Z</time>
        <extensions>
          <ns3:TrackPointExtension>
            <ns3:hr>150</ns3:hr>
            <ns3:cad>87</ns3:cad>
          </ns3:TrackPointExtension>
        </extensions>
      </trkpt>
      <trkpt lat="45.69698584266006946563720703125" lon="126.59479044377803802490234375">
        <ele>150.399993896484375</ele>
        <time>2026-08-11T22:44:48.000Z</time>
        <extensions>
          <ns3:TrackPointExtension>
            <ns3:hr>149</ns3:hr>
            <ns3:cad>87</ns3:cad>
          </ns3:TrackPointExtension>
        </extensions>
      </trkpt>
      <trkpt lat="45.6969627924263477325439453125" lon="126.59480527974665164947509765625">
        <ele>150.399993896484375</ele>
        <time>2026-08-11T22:44:49.000Z</time>
        <extensions>
          <ns3:TrackPointExtension>
            <ns3:hr>148</ns3:hr>
            <ns3:cad>87</ns3:cad>
          </ns3:TrackPointExtension>
        </extensions>
      </trkpt>
      <trkpt lat="45.69694242440164089202880859375" lon="126.59481969662010669708251953125">
        <ele>150.1999969482421875</ele>
        <time>2026-08-11T22:44:50.000Z</time>
        <extensions>
          <ns3:TrackPointExtension>
            <ns3:hr>148</ns3:hr>
            <ns3:cad>88</ns3:cad>
          </ns3:TrackPointExtension>
        </extensions>
      </trkpt>
      <trkpt lat="45.69690973497927188873291015625" lon="126.5948341973125934600830078125">
        <ele>150.1999969482421875</ele>
        <time>2026-08-11T22:44:51.000Z</time>
        <extensions>
          <ns3:TrackPointExtension>
            <ns3:hr>147</ns3:hr>
            <ns3:cad>88</ns3:cad>
          </ns3:TrackPointExtension>
        </extensions>
      </trkpt>
      <trkpt lat="45.69688978604972362518310546875" lon="126.59484551288187503814697265625">
        <ele>150</ele>
        <time>2026-08-11T22:44:52.000Z</time>
        <extensions>
          <ns3:TrackPointExtension>
            <ns3:hr>147</ns3:hr>
            <ns3:cad>88</ns3:cad>
          </ns3:TrackPointExtension>
        </extensions>
      </trkpt>
      <trkpt lat="45.69685508497059345245361328125" lon="126.59486554563045501708984375">
        <ele>149.8000030517578125</ele>
        <time>2026-08-11T22:44:53.000Z</time>
        <extensions>
          <ns3:TrackPointExtension>
            <ns3:hr>148</ns3:hr>
            <ns3:cad>87</ns3:cad>
          </ns3:TrackPointExtension>
        </extensions>
      </trkpt>
      <trkpt lat="45.69683295674622058868408203125" lon="126.5948784537613391876220703125">
        <ele>149.8000030517578125</ele>
        <time>2026-08-11T22:44:54.000Z</time>
        <extensions>
          <ns3:TrackPointExtension>
            <ns3:hr>148</ns3:hr>
            <ns3:cad>87</ns3:cad>
          </ns3:TrackPointExtension>
        </extensions>
      </trkpt>
      <trkpt lat="45.69680814631283283233642578125" lon="126.594910137355327606201171875">
        <ele>149.600006103515625</ele>
        <time>2026-08-11T22:44:55.000Z</time>
        <extensions>
          <ns3:TrackPointExtension>
            <ns3:hr>148</ns3:hr>
            <ns3:cad>86</ns3:cad>
          </ns3:TrackPointExtension>
        </extensions>
      </trkpt>
      <trkpt lat="45.69679590873420238494873046875" lon="126.594947017729282379150390625">
        <ele>149.600006103515625</ele>
        <time>2026-08-11T22:44:56.000Z</time>
        <extensions>
          <ns3:TrackPointExtension>
            <ns3:hr>147</ns3:hr>
            <ns3:cad>86</ns3:cad>
          </ns3:TrackPointExtension>
        </extensions>
      </trkpt>
      <trkpt lat="45.69678015075623989105224609375" lon="126.5949937887489795684814453125">
        <ele>149.600006103515625</ele>
        <time>2026-08-11T22:44:57.000Z</time>
        <extensions>
          <ns3:TrackPointExtension>
            <ns3:hr>148</ns3:hr>
            <ns3:cad>86</ns3:cad>
          </ns3:TrackPointExtension>
        </extensions>
      </trkpt>
      <trkpt lat="45.6967639736831188201904296875" lon="126.59503452479839324951171875">
        <ele>149.600006103515625</ele>
        <time>2026-08-11T22:44:58.000Z</time>
        <extensions>
          <ns3:TrackPointExtension>
            <ns3:hr>148</ns3:hr>
            <ns3:cad>87</ns3:cad>
          </ns3:TrackPointExtension>
        </extensions>
      </trkpt>
      <trkpt lat="45.69675601087510585784912109375" lon="126.5950749255716800689697265625">
        <ele>149.8000030517578125</ele>
        <time>2026-08-11T22:44:59.000Z</time>
        <extensions>
          <ns3:TrackPointExtension>
            <ns3:hr>147</ns3:hr>
            <ns3:cad>87</ns3:cad>
          </ns3:TrackPointExtension>
        </extensions>
      </trkpt>
      <trkpt lat="45.69674578495323657989501953125" lon="126.5951158292591571807861328125">
        <ele>150</ele>
        <time>2026-08-11T22:45:00.000Z</time>
        <extensions>
          <ns3:TrackPointExtension>
            <ns3:hr>147</ns3:hr>
            <ns3:cad>87</ns3:cad>
          </ns3:TrackPointExtension>
        </extensions>
      </trkpt>
      <trkpt lat="45.6967364810407161712646484375" lon="126.59514960832893848419189453125">
        <ele>150</ele>
        <time>2026-08-11T22:45:01.000Z</time>
        <extensions>
          <ns3:TrackPointExtension>
            <ns3:hr>148</ns3:hr>
            <ns3:cad>87</ns3:cad>
          </ns3:TrackPointExtension>
        </extensions>
      </trkpt>
      <trkpt lat="45.69672449491918087005615234375" lon="126.59518045373260974884033203125">
        <ele>150</ele>
        <time>2026-08-11T22:45:02.000Z</time>
        <extensions>
          <ns3:TrackPointExtension>
            <ns3:hr>148</ns3:hr>
            <ns3:cad>87</ns3:cad>
          </ns3:TrackPointExtension>
        </extensions>
      </trkpt>
      <trkpt lat="45.6967160291969776153564453125" lon="126.5952087007462978363037109375">
        <ele>150</ele>
        <time>2026-08-11T22:45:03.000Z</time>
        <extensions>
          <ns3:TrackPointExtension>
            <ns3:hr>148</ns3:hr>
            <ns3:cad>87</ns3:cad>
          </ns3:TrackPointExtension>
        </extensions>
      </trkpt>
      <trkpt lat="45.696700103580951690673828125" lon="126.59524616785347461700439453125">
        <ele>150</ele>
        <time>2026-08-11T22:45:04.000Z</time>
        <extensions>
          <ns3:TrackPointExtension>
            <ns3:hr>148</ns3:hr>
            <ns3:cad>87</ns3:cad>
          </ns3:TrackPointExtension>
        </extensions>
      </trkpt>
      <trkpt lat="45.69669331423938274383544921875" lon="126.595278270542621612548828125">
        <ele>149.8000030517578125</ele>
        <time>2026-08-11T22:45:05.000Z</time>
        <extensions>
          <ns3:TrackPointExtension>
            <ns3:hr>148</ns3:hr>
            <ns3:cad>87</ns3:cad>
          </ns3:TrackPointExtension>
        </extensions>
      </trkpt>
      <trkpt lat="45.696676634252071380615234375" lon="126.5953277237713336944580078125">
        <ele>149.8000030517578125</ele>
        <time>2026-08-11T22:45:06.000Z</time>
        <extensions>
          <ns3:TrackPointExtension>
            <ns3:hr>148</ns3:hr>
            <ns3:cad>87</ns3:cad>
          </ns3:TrackPointExtension>
        </extensions>
      </trkpt>
      <trkpt lat="45.69666154682636260986328125" lon="126.59536175429821014404296875">
        <ele>149.8000030517578125</ele>
        <time>2026-08-11T22:45:07.000Z</time>
        <extensions>
          <ns3:TrackPointExtension>
            <ns3:hr>149</ns3:hr>
            <ns3:cad>87</ns3:cad>
          </ns3:TrackPointExtension>
        </extensions>
      </trkpt>
      <trkpt lat="45.6966415978968143463134765625" lon="126.5954061783850193023681640625">
        <ele>149.8000030517578125</ele>
        <time>2026-08-11T22:45:08.000Z</time>
        <extensions>
          <ns3:TrackPointExtension>
            <ns3:hr>149</ns3:hr>
            <ns3:cad>88</ns3:cad>
          </ns3:TrackPointExtension>
        </extensions>
      </trkpt>
      <trkpt lat="45.696622990071773529052734375" lon="126.59543626941740512847900390625">
        <ele>149.600006103515625</ele>
        <time>2026-08-11T22:45:09.000Z</time>
        <extensions>
          <ns3:TrackPointExtension>
            <ns3:hr>150</ns3:hr>
            <ns3:cad>88</ns3:cad>
          </ns3:TrackPointExtension>
        </extensions>
      </trkpt>
      <trkpt lat="45.69660446606576442718505859375" lon="126.59546862356364727020263671875">
        <ele>149.600006103515625</ele>
        <time>2026-08-11T22:45:10.000Z</time>
        <extensions>
          <ns3:TrackPointExtension>
            <ns3:hr>150</ns3:hr>
            <ns3:cad>87</ns3:cad>
          </ns3:TrackPointExtension>
        </extensions>
      </trkpt>
      <trkpt lat="45.69658753462135791778564453125" lon="126.59549879841506481170654296875">
        <ele>149.8000030517578125</ele>
        <time>2026-08-11T22:45:11.000Z</time>
        <extensions>
          <ns3:TrackPointExtension>
            <ns3:hr>151</ns3:hr>
            <ns3:cad>87</ns3:cad>
          </ns3:TrackPointExtension>
        </extensions>
      </trkpt>
      <trkpt lat="45.6965688429772853851318359375" lon="126.59552880562841892242431640625">
        <ele>149.8000030517578125</ele>
        <time>2026-08-11T22:45:12.000Z</time>
        <extensions>
          <ns3:TrackPointExtension>
            <ns3:hr>151</ns3:hr>
            <ns3:cad>88</ns3:cad>
          </ns3:TrackPointExtension>
        </extensions>
      </trkpt>
      <trkpt lat="45.69655098952353000640869140625" lon="126.595554538071155548095703125">
        <ele>149.8000030517578125</ele>
        <time>2026-08-11T22:45:13.000Z</time>
        <extensions>
          <ns3:TrackPointExtension>
            <ns3:hr>152</ns3:hr>
            <ns3:cad>88</ns3:cad>
          </ns3:TrackPointExtension>
        </extensions>
      </trkpt>
      <trkpt lat="45.69653841666877269744873046875" lon="126.59558437764644622802734375">
        <ele>149.8000030517578125</ele>
        <time>2026-08-11T22:45:14.000Z</time>
        <extensions>
          <ns3:TrackPointExtension>
            <ns3:hr>152</ns3:hr>
            <ns3:cad>88</ns3:cad>
          </ns3:TrackPointExtension>
        </extensions>
      </trkpt>
      <trkpt lat="45.6965232454240322113037109375" lon="126.59561899490654468536376953125">
        <ele>149.8000030517578125</ele>
        <time>2026-08-11T22:45:15.000Z</time>
        <extensions>
          <ns3:TrackPointExtension>
            <ns3:hr>152</ns3:hr>
            <ns3:cad>88</ns3:cad>
          </ns3:TrackPointExtension>
        </extensions>
      </trkpt>
      <trkpt lat="45.696514360606670379638671875" lon="126.59563374705612659454345703125">
        <ele>150</ele>
        <time>2026-08-11T22:45:16.000Z</time>
        <extensions>
          <ns3:TrackPointExtension>
            <ns3:hr>153</ns3:hr>
            <ns3:cad>88</ns3:cad>
          </ns3:TrackPointExtension>
        </extensions>
      </trkpt>
      <trkpt lat="45.69651109166443347930908203125" lon="126.5956542827188968658447265625">
        <ele>150.399993896484375</ele>
        <time>2026-08-11T22:45:17.000Z</time>
        <extensions>
          <ns3:TrackPointExtension>
            <ns3:hr>153</ns3:hr>
            <ns3:cad>87</ns3:cad>
          </ns3:TrackPointExtension>
        </extensions>
      </trkpt>
      <trkpt lat="45.6965239159762859344482421875" lon="126.59568269737064838409423828125">
        <ele>150.600006103515625</ele>
        <time>2026-08-11T22:45:18.000Z</time>
        <extensions>
          <ns3:TrackPointExtension>
            <ns3:hr>153</ns3:hr>
            <ns3:cad>87</ns3:cad>
          </ns3:TrackPointExtension>
        </extensions>
      </trkpt>
      <trkpt lat="45.69653950631618499755859375" lon="126.595696024596691131591796875">
        <ele>150.8000030517578125</ele>
        <time>2026-08-11T22:45:19.000Z</time>
        <extensions>
          <ns3:TrackPointExtension>
            <ns3:hr>153</ns3:hr>
            <ns3:cad>86</ns3:cad>
          </ns3:TrackPointExtension>
        </extensions>
      </trkpt>
      <trkpt lat="45.69656993262469768524169921875" lon="126.5957079268991947174072265625">
        <ele>151.1999969482421875</ele>
        <time>2026-08-11T22:45:20.000Z</time>
        <extensions>
          <ns3:TrackPointExtension>
            <ns3:hr>154</ns3:hr>
            <ns3:cad>84</ns3:cad>
          </ns3:TrackPointExtension>
        </extensions>
      </trkpt>
      <trkpt lat="45.69659105502068996429443359375" lon="126.59570767544209957122802734375">
        <ele>151.1999969482421875</ele>
        <time>2026-08-11T22:45:21.000Z</time>
        <extensions>
          <ns3:TrackPointExtension>
            <ns3:hr>154</ns3:hr>
            <ns3:cad>83</ns3:cad>
          </ns3:TrackPointExtension>
        </extensions>
      </trkpt>
      <trkpt lat="45.6966288574039936065673828125" lon="126.595710106194019317626953125">
        <ele>151.399993896484375</ele>
        <time>2026-08-11T22:45:22.000Z</time>
        <extensions>
          <ns3:TrackPointExtension>
            <ns3:hr>154</ns3:hr>
            <ns3:cad>83</ns3:cad>
          </ns3:TrackPointExtension>
        </extensions>
      </trkpt>
      <trkpt lat="45.696652829647064208984375" lon="126.59570507705211639404296875">
        <ele>151.399993896484375</ele>
        <time>2026-08-11T22:45:23.000Z</time>
        <extensions>
          <ns3:TrackPointExtension>
            <ns3:hr>153</ns3:hr>
            <ns3:cad>83</ns3:cad>
          </ns3:TrackPointExtension>
        </extensions>
      </trkpt>
      <trkpt lat="45.696683339774608612060546875" lon="126.59569946117699146270751953125">
        <ele>151.399993896484375</ele>
        <time>2026-08-11T22:45:24.000Z</time>
        <extensions>
          <ns3:TrackPointExtension>
            <ns3:hr>154</ns3:hr>
            <ns3:cad>85</ns3:cad>
          </ns3:TrackPointExtension>
        </extensions>
      </trkpt>
      <trkpt lat="45.696706138551235198974609375" lon="126.59569711424410343170166015625">
        <ele>151.399993896484375</ele>
        <time>2026-08-11T22:45:25.000Z</time>
        <extensions>
          <ns3:TrackPointExtension>
            <ns3:hr>154</ns3:hr>
            <ns3:cad>86</ns3:cad>
          </ns3:TrackPointExtension>
        </extensions>
      </trkpt>
      <trkpt lat="45.696733295917510986328125" lon="126.59569527022540569305419921875">
        <ele>151.399993896484375</ele>
        <time>2026-08-11T22:45:26.000Z</time>
        <extensions>
          <ns3:TrackPointExtension>
            <ns3:hr>155</ns3:hr>
            <ns3:cad>86</ns3:cad>
          </ns3:TrackPointExtension>
        </extensions>
      </trkpt>
      <trkpt lat="45.69675743579864501953125" lon="126.59570415504276752471923828125">
        <ele>151.399993896484375</ele>
        <time>2026-08-11T22:45:27.000Z</time>
        <extensions>
          <ns3:TrackPointExtension>
            <ns3:hr>156</ns3:hr>
            <ns3:cad>86</ns3:cad>
          </ns3:TrackPointExtension>
        </extensions>
      </trkpt>
      <trkpt lat="45.6967830844223499298095703125" lon="126.59570499323308467864990234375">
        <ele>151.600006103515625</ele>
        <time>2026-08-11T22:45:28.000Z</time>
        <extensions>
          <ns3:TrackPointExtension>
            <ns3:hr>156</ns3:hr>
            <ns3:cad>86</ns3:cad>
          </ns3:TrackPointExtension>
        </extensions>
      </trkpt>
      <trkpt lat="45.69681107997894287109375" lon="126.59571387805044651031494140625">
        <ele>151.600006103515625</ele>
        <time>2026-08-11T22:45:29.000Z</time>
        <extensions>
          <ns3:TrackPointExtension>
            <ns3:hr>157</ns3:hr>
            <ns3:cad>86</ns3:cad>
          </ns3:TrackPointExtension>
        </extensions>
      </trkpt>
      <trkpt lat="45.69683446548879146575927734375" lon="126.5957153029739856719970703125">
        <ele>151.600006103515625</ele>
        <time>2026-08-11T22:45:30.000Z</time>
        <extensions>
          <ns3:TrackPointExtension>
            <ns3:hr>157</ns3:hr>
            <ns3:cad>86</ns3:cad>
          </ns3:TrackPointExtension>
        </extensions>
      </trkpt>
      <trkpt lat="45.69686472415924072265625" lon="126.59572787582874298095703125">
        <ele>151.600006103515625</ele>
        <time>2026-08-11T22:45:31.000Z</time>
        <extensions>
          <ns3:TrackPointExtension>
            <ns3:hr>157</ns3:hr>
            <ns3:cad>87</ns3:cad>
          </ns3:TrackPointExtension>
        </extensions>
      </trkpt>
      <trkpt lat="45.6968883611261844635009765625" lon="126.59572846256196498870849609375">
        <ele>151.8000030517578125</ele>
        <time>2026-08-11T22:45:32.000Z</time>
        <extensions>
          <ns3:TrackPointExtension>
            <ns3:hr>158</ns3:hr>
            <ns3:cad>87</ns3:cad>
          </ns3:TrackPointExtension>
        </extensions>
      </trkpt>
      <trkpt lat="45.69691509939730167388916015625" lon="126.59573516808450222015380859375">
        <ele>151.8000030517578125</ele>
        <time>2026-08-11T22:45:33.000Z</time>
        <extensions>
          <ns3:TrackPointExtension>
            <ns3:hr>159</ns3:hr>
            <ns3:cad>87</ns3:cad>
          </ns3:TrackPointExtension>
        </extensions>
      </trkpt>
      <trkpt lat="45.69693890400230884552001953125" lon="126.5957360900938510894775390625">
        <ele>151.8000030517578125</ele>
        <time>2026-08-11T22:45:34.000Z</time>
        <extensions>
          <ns3:TrackPointExtension>
            <ns3:hr>159</ns3:hr>
            <ns3:cad>87</ns3:cad>
          </ns3:TrackPointExtension>
        </extensions>
      </trkpt>
      <trkpt lat="45.69696857593953609466552734375" lon="126.595736257731914520263671875">
        <ele>152</ele>
        <time>2026-08-11T22:45:35.000Z</time>
        <extensions>
          <ns3:TrackPointExtension>
            <ns3:hr>160</ns3:hr>
            <ns3:cad>87</ns3:cad>
          </ns3:TrackPointExtension>
        </extensions>
      </trkpt>
      <trkpt lat="45.69699254818260669708251953125" lon="126.5957384370267391204833984375">
        <ele>152</ele>
        <time>2026-08-11T22:45:36.000Z</time>
        <extensions>
          <ns3:TrackPointExtension>
            <ns3:hr>160</ns3:hr>
            <ns3:cad>87</ns3:cad>
          </ns3:TrackPointExtension>
        </extensions>
      </trkpt>
      <trkpt lat="45.69701719097793102264404296875" lon="126.595739610493183135986328125">
        <ele>152</ele>
        <time>2026-08-11T22:45:37.000Z</time>
        <extensions>
          <ns3:TrackPointExtension>
            <ns3:hr>161</ns3:hr>
            <ns3:cad>87</ns3:cad>
          </ns3:TrackPointExtension>
        </extensions>
      </trkpt>
      <trkpt lat="45.6970378942787647247314453125" lon="126.59574841149151325225830078125">
        <ele>152</ele>
        <time>2026-08-11T22:45:38.000Z</time>
        <extensions>
          <ns3:TrackPointExtension>
            <ns3:hr>161</ns3:hr>
            <ns3:cad>87</ns3:cad>
          </ns3:TrackPointExtension>
        </extensions>
      </trkpt>
      <trkpt lat="45.69705985486507415771484375" lon="126.5957575477659702301025390625">
        <ele>152.1999969482421875</ele>
        <time>2026-08-11T22:45:39.000Z</time>
        <extensions>
          <ns3:TrackPointExtension>
            <ns3:hr>162</ns3:hr>
            <ns3:cad>87</ns3:cad>
          </ns3:TrackPointExtension>
        </extensions>
      </trkpt>
      <trkpt lat="45.69708374328911304473876953125" lon="126.595781855285167694091796875">
        <ele>152.1999969482421875</ele>
        <time>2026-08-11T22:45:40.000Z</time>
        <extensions>
          <ns3:TrackPointExtension>
            <ns3:hr>162</ns3:hr>
            <ns3:cad>87</ns3:cad>
          </ns3:TrackPointExtension>
        </extensions>
      </trkpt>
      <trkpt lat="45.69710411131381988525390625" lon="126.5957957692444324493408203125">
        <ele>152.1999969482421875</ele>
        <time>2026-08-11T22:45:41.000Z</time>
        <extensions>
          <ns3:TrackPointExtension>
            <ns3:hr>163</ns3:hr>
            <ns3:cad>87</ns3:cad>
          </ns3:TrackPointExtension>
        </extensions>
      </trkpt>
      <trkpt lat="45.69713051430881023406982421875" lon="126.5958229266107082366943359375">
        <ele>152.1999969482421875</ele>
        <time>2026-08-11T22:45:42.000Z</time>
        <extensions>
          <ns3:TrackPointExtension>
            <ns3:hr>163</ns3:hr>
            <ns3:cad>87</ns3:cad>
          </ns3:TrackPointExtension>
        </extensions>
      </trkpt>
      <trkpt lat="45.69714560173451900482177734375" lon="126.5958417020738124847412109375">
        <ele>152.399993896484375</ele>
        <time>2026-08-11T22:45:43.000Z</time>
        <extensions>
          <ns3:TrackPointExtension>
            <ns3:hr>163</ns3:hr>
            <ns3:cad>87</ns3:cad>
          </ns3:TrackPointExtension>
        </extensions>
      </trkpt>
      <trkpt lat="45.69716806523501873016357421875" lon="126.5958782471716403961181640625">
        <ele>152.399993896484375</ele>
        <time>2026-08-11T22:45:44.000Z</time>
        <extensions>
          <ns3:TrackPointExtension>
            <ns3:hr>164</ns3:hr>
            <ns3:cad>86</ns3:cad>
          </ns3:TrackPointExtension>
        </extensions>
      </trkpt>
      <trkpt lat="45.69718264974653720855712890625" lon="126.5958997048437595367431640625">
        <ele>152.600006103515625</ele>
        <time>2026-08-11T22:45:45.000Z</time>
        <extensions>
          <ns3:TrackPointExtension>
            <ns3:hr>164</ns3:hr>
            <ns3:cad>86</ns3:cad>
          </ns3:TrackPointExtension>
        </extensions>
      </trkpt>
      <trkpt lat="45.697200335562229156494140625" lon="126.59593398682773113250732421875">
        <ele>152.600006103515625</ele>
        <time>2026-08-11T22:45:46.000Z</time>
        <extensions>
          <ns3:TrackPointExtension>
            <ns3:hr>164</ns3:hr>
            <ns3:cad>87</ns3:cad>
          </ns3:TrackPointExtension>
        </extensions>
      </trkpt>
      <trkpt lat="45.6972093880176544189453125" lon="126.59596516750752925872802734375">
        <ele>152.600006103515625</ele>
        <time>2026-08-11T22:45:47.000Z</time>
        <extensions>
          <ns3:TrackPointExtension>
            <ns3:hr>164</ns3:hr>
            <ns3:cad>87</ns3:cad>
          </ns3:TrackPointExtension>
        </extensions>
      </trkpt>
      <trkpt lat="45.69721584208309650421142578125" lon="126.59599877893924713134765625">
        <ele>152.8000030517578125</ele>
        <time>2026-08-11T22:45:48.000Z</time>
        <extensions>
          <ns3:TrackPointExtension>
            <ns3:hr>165</ns3:hr>
            <ns3:cad>87</ns3:cad>
          </ns3:TrackPointExtension>
        </extensions>
      </trkpt>
      <trkpt lat="45.69721835665404796600341796875" lon="126.596041359007358551025390625">
        <ele>152.8000030517578125</ele>
        <time>2026-08-11T22:45:49.000Z</time>
        <extensions>
          <ns3:TrackPointExtension>
            <ns3:hr>165</ns3:hr>
            <ns3:cad>87</ns3:cad>
          </ns3:TrackPointExtension>
        </extensions>
      </trkpt>
      <trkpt lat="45.697223134338855743408203125" lon="126.59607547335326671600341796875">
        <ele>153</ele>
        <time>2026-08-11T22:45:50.000Z</time>
        <extensions>
          <ns3:TrackPointExtension>
            <ns3:hr>165</ns3:hr>
            <ns3:cad>88</ns3:cad>
          </ns3:TrackPointExtension>
        </extensions>
      </trkpt>
      <trkpt lat="45.697225816547870635986328125" lon="126.59611587412655353546142578125">
        <ele>153.1999969482421875</ele>
        <time>2026-08-11T22:45:51.000Z</time>
        <extensions>
          <ns3:TrackPointExtension>
            <ns3:hr>165</ns3:hr>
            <ns3:cad>88</ns3:cad>
          </ns3:TrackPointExtension>
        </extensions>
      </trkpt>
      <trkpt lat="45.69722875021398067474365234375" lon="126.59614655189216136932373046875">
        <ele>153.1999969482421875</ele>
        <time>2026-08-11T22:45:52.000Z</time>
        <extensions>
          <ns3:TrackPointExtension>
            <ns3:hr>165</ns3:hr>
            <ns3:cad>88</ns3:cad>
          </ns3:TrackPointExtension>
        </extensions>
      </trkpt>
      <trkpt lat="45.6972266547381877899169921875" lon="126.59618896432220935821533203125">
        <ele>153.399993896484375</ele>
        <time>2026-08-11T22:45:53.000Z</time>
        <extensions>
          <ns3:TrackPointExtension>
            <ns3:hr>166</ns3:hr>
            <ns3:cad>88</ns3:cad>
          </ns3:TrackPointExtension>
        </extensions>
      </trkpt>
      <trkpt lat="45.6972276605665683746337890625" lon="126.5962192229926586151123046875">
        <ele>153.399993896484375</ele>
        <time>2026-08-11T22:45:54.000Z</time>
        <extensions>
          <ns3:TrackPointExtension>
            <ns3:hr>166</ns3:hr>
            <ns3:cad>88</ns3:cad>
          </ns3:TrackPointExtension>
        </extensions>
      </trkpt>
      <trkpt lat="45.69722673855721950531005859375" lon="126.596259959042072296142578125">
        <ele>153.600006103515625</ele>
        <time>2026-08-11T22:45:55.000Z</time>
        <extensions>
          <ns3:TrackPointExtension>
            <ns3:hr>166</ns3:hr>
            <ns3:cad>88</ns3:cad>
          </ns3:TrackPointExtension>
        </extensions>
      </trkpt>
      <trkpt lat="45.69722657091915607452392578125" lon="126.596288122236728668212890625">
        <ele>153.600006103515625</ele>
        <time>2026-08-11T22:45:56.000Z</time>
        <extensions>
          <ns3:TrackPointExtension>
            <ns3:hr>165</ns3:hr>
            <ns3:cad>87</ns3:cad>
          </ns3:TrackPointExtension>
        </extensions>
      </trkpt>
      <trkpt lat="45.69723998196423053741455078125" lon="126.59631636925041675567626953125">
        <ele>153.8000030517578125</ele>
        <time>2026-08-11T22:45:57.000Z</time>
        <extensions>
          <ns3:TrackPointExtension>
            <ns3:hr>165</ns3:hr>
            <ns3:cad>87</ns3:cad>
          </ns3:TrackPointExtension>
        </extensions>
      </trkpt>
      <trkpt lat="45.6972554884850978851318359375" lon="126.5963312052190303802490234375">
        <ele>153.8000030517578125</ele>
        <time>2026-08-11T22:45:58.000Z</time>
        <extensions>
          <ns3:TrackPointExtension>
            <ns3:hr>166</ns3:hr>
            <ns3:cad>87</ns3:cad>
          </ns3:TrackPointExtension>
        </extensions>
      </trkpt>
      <trkpt lat="45.69727577269077301025390625" lon="126.5963472984731197357177734375">
        <ele>153.8000030517578125</ele>
        <time>2026-08-11T22:45:59.000Z</time>
        <extensions>
          <ns3:TrackPointExtension>
            <ns3:hr>166</ns3:hr>
            <ns3:cad>87</ns3:cad>
          </ns3:TrackPointExtension>
        </extensions>
      </trkpt>
      <trkpt lat="45.69729697890579700469970703125" lon="126.59635844640433788299560546875">
        <ele>153.8000030517578125</ele>
        <time>2026-08-11T22:46:00.000Z</time>
        <extensions>
          <ns3:TrackPointExtension>
            <ns3:hr>166</ns3:hr>
            <ns3:cad>87</ns3:cad>
          </ns3:TrackPointExtension>
        </extensions>
      </trkpt>
      <trkpt lat="45.69731868803501129150390625" lon="126.5963669121265411376953125">
        <ele>153.600006103515625</ele>
        <time>2026-08-11T22:46:01.000Z</time>
        <extensions>
          <ns3:TrackPointExtension>
            <ns3:hr>166</ns3:hr>
            <ns3:cad>87</ns3:cad>
          </ns3:TrackPointExtension>
        </extensions>
      </trkpt>
      <trkpt lat="45.6973434984683990478515625" lon="126.59637303091585636138916015625">
        <ele>153.600006103515625</ele>
        <time>2026-08-11T22:46:02.000Z</time>
        <extensions>
          <ns3:TrackPointExtension>
            <ns3:hr>166</ns3:hr>
            <ns3:cad>87</ns3:cad>
          </ns3:TrackPointExtension>
        </extensions>
      </trkpt>
      <trkpt lat="45.69736202247440814971923828125" lon="126.5963747911155223846435546875">
        <ele>153.399993896484375</ele>
        <time>2026-08-11T22:46:03.000Z</time>
        <extensions>
          <ns3:TrackPointExtension>
            <ns3:hr>166</ns3:hr>
            <ns3:cad>86</ns3:cad>
          </ns3:TrackPointExtension>
        </extensions>
      </trkpt>
      <trkpt lat="45.6973835639655590057373046875" lon="126.5963764674961566925048828125">
        <ele>153.399993896484375</ele>
        <time>2026-08-11T22:46:04.000Z</time>
        <extensions>
          <ns3:TrackPointExtension>
            <ns3:hr>166</ns3:hr>
            <ns3:cad>86</ns3:cad>
          </ns3:TrackPointExtension>
        </extensions>
      </trkpt>
      <trkpt lat="45.69740124978125095367431640625" lon="126.59637839533388614654541015625">
        <ele>153.399993896484375</ele>
        <time>2026-08-11T22:46:05.000Z</time>
        <extensions>
          <ns3:TrackPointExtension>
            <ns3:hr>166</ns3:hr>
            <ns3:cad>88</ns3:cad>
          </ns3:TrackPointExtension>
        </extensions>
      </trkpt>
      <trkpt lat="45.6974241323769092559814453125" lon="126.5963856875896453857421875">
        <ele>153.399993896484375</ele>
        <time>2026-08-11T22:46:06.000Z</time>
        <extensions>
          <ns3:TrackPointExtension>
            <ns3:hr>166</ns3:hr>
            <ns3:cad>88</ns3:cad>
          </ns3:TrackPointExtension>
        </extensions>
      </trkpt>
      <trkpt lat="45.69744634442031383514404296875" lon="126.596394740045070648193359375">
        <ele>153.399993896484375</ele>
        <time>2026-08-11T22:46:07.000Z</time>
        <extensions>
          <ns3:TrackPointExtension>
            <ns3:hr>166</ns3:hr>
            <ns3:cad>88</ns3:cad>
          </ns3:TrackPointExtension>
        </extensions>
      </trkpt>
      <trkpt lat="45.697473250329494476318359375" lon="126.59639381803572177886962890625">
        <ele>153.399993896484375</ele>
        <time>2026-08-11T22:46:08.000Z</time>
        <extensions>
          <ns3:TrackPointExtension>
            <ns3:hr>166</ns3:hr>
            <ns3:cad>87</ns3:cad>
          </ns3:TrackPointExtension>
        </extensions>
      </trkpt>
      <trkpt lat="45.6975022517144680023193359375" lon="126.59640069119632244110107421875">
        <ele>153.1999969482421875</ele>
        <time>2026-08-11T22:46:09.000Z</time>
        <extensions>
          <ns3:TrackPointExtension>
            <ns3:hr>166</ns3:hr>
            <ns3:cad>87</ns3:cad>
          </ns3:TrackPointExtension>
        </extensions>
      </trkpt>
      <trkpt lat="45.6975310854613780975341796875" lon="126.59640152938663959503173828125">
        <ele>153.1999969482421875</ele>
        <time>2026-08-11T22:46:10.000Z</time>
        <extensions>
          <ns3:TrackPointExtension>
            <ns3:hr>166</ns3:hr>
            <ns3:cad>87</ns3:cad>
          </ns3:TrackPointExtension>
        </extensions>
      </trkpt>
      <trkpt lat="45.69755430333316326141357421875" lon="126.59640437923371791839599609375">
        <ele>153.1999969482421875</ele>
        <time>2026-08-11T22:46:11.000Z</time>
        <extensions>
          <ns3:TrackPointExtension>
            <ns3:hr>165</ns3:hr>
            <ns3:cad>87</ns3:cad>
          </ns3:TrackPointExtension>
        </extensions>
      </trkpt>
      <trkpt lat="45.697584562003612518310546875" lon="126.59640781581401824951171875">
        <ele>153.1999969482421875</ele>
        <time>2026-08-11T22:46:12.000Z</time>
        <extensions>
          <ns3:TrackPointExtension>
            <ns3:hr>165</ns3:hr>
            <ns3:cad>87</ns3:cad>
          </ns3:TrackPointExtension>
        </extensions>
      </trkpt>
      <trkpt lat="45.6976145692169666290283203125" lon="126.5964136831462383270263671875">
        <ele>153.1999969482421875</ele>
        <time>2026-08-11T22:46:13.000Z</time>
        <extensions>
          <ns3:TrackPointExtension>
            <ns3:hr>165</ns3:hr>
            <ns3:cad>88</ns3:cad>
          </ns3:TrackPointExtension>
        </extensions>
      </trkpt>
      <trkpt lat="45.697641558945178985595703125" lon="126.59641812555491924285888671875">
        <ele>153.1999969482421875</ele>
        <time>2026-08-11T22:46:14.000Z</time>
        <extensions>
          <ns3:TrackPointExtension>
            <ns3:hr>165</ns3:hr>
            <ns3:cad>88</ns3:cad>
          </ns3:TrackPointExtension>
        </extensions>
      </trkpt>
      <trkpt lat="45.6976729072630405426025390625" lon="126.5964203886687755584716796875">
        <ele>153.399993896484375</ele>
        <time>2026-08-11T22:46:15.000Z</time>
        <extensions>
          <ns3:TrackPointExtension>
            <ns3:hr>165</ns3:hr>
            <ns3:cad>88</ns3:cad>
          </ns3:TrackPointExtension>
        </extensions>
      </trkpt>
      <trkpt lat="45.6976943649351596832275390625" lon="126.59642701037228107452392578125">
        <ele>153.399993896484375</ele>
        <time>2026-08-11T22:46:16.000Z</time>
        <extensions>
          <ns3:TrackPointExtension>
            <ns3:hr>165</ns3:hr>
            <ns3:cad>88</ns3:cad>
          </ns3:TrackPointExtension>
        </extensions>
      </trkpt>
      <trkpt lat="45.697727389633655548095703125" lon="126.5964358113706111907958984375">
        <ele>153.399993896484375</ele>
        <time>2026-08-11T22:46:17.000Z</time>
        <extensions>
          <ns3:TrackPointExtension>
            <ns3:hr>164</ns3:hr>
            <ns3:cad>88</ns3:cad>
          </ns3:TrackPointExtension>
        </extensions>
      </trkpt>
      <trkpt lat="45.69775027222931385040283203125" lon="126.59643606282770633697509765625">
        <ele>153.399993896484375</ele>
        <time>2026-08-11T22:46:18.000Z</time>
        <extensions>
          <ns3:TrackPointExtension>
            <ns3:hr>164</ns3:hr>
            <ns3:cad>88</ns3:cad>
          </ns3:TrackPointExtension>
        </extensions>
      </trkpt>
      <trkpt lat="45.69777659140527248382568359375" lon="126.5964364819228649139404296875">
        <ele>153.399993896484375</ele>
        <time>2026-08-11T22:46:19.000Z</time>
        <extensions>
          <ns3:TrackPointExtension>
            <ns3:hr>164</ns3:hr>
            <ns3:cad>88</ns3:cad>
          </ns3:TrackPointExtension>
        </extensions>
      </trkpt>
      <trkpt lat="45.69780006073415279388427734375" lon="126.59643723629415035247802734375">
        <ele>153.1999969482421875</ele>
        <time>2026-08-11T22:46:20.000Z</time>
        <extensions>
          <ns3:TrackPointExtension>
            <ns3:hr>164</ns3:hr>
            <ns3:cad>88</ns3:cad>
          </ns3:TrackPointExtension>
        </extensions>
      </trkpt>
      <trkpt lat="45.697827301919460296630859375" lon="126.5964415110647678375244140625">
        <ele>153.1999969482421875</ele>
        <time>2026-08-11T22:46:21.000Z</time>
        <extensions>
          <ns3:TrackPointExtension>
            <ns3:hr>164</ns3:hr>
            <ns3:cad>87</ns3:cad>
          </ns3:TrackPointExtension>
        </extensions>
      </trkpt>
      <trkpt lat="45.69785236380994319915771484375" lon="126.59644645638763904571533203125">
        <ele>153.1999969482421875</ele>
        <time>2026-08-11T22:46:22.000Z</time>
        <extensions>
          <ns3:TrackPointExtension>
            <ns3:hr>164</ns3:hr>
            <ns3:cad>87</ns3:cad>
          </ns3:TrackPointExtension>
        </extensions>
      </trkpt>
      <trkpt lat="45.6978794373571872711181640625" lon="126.5964519046247005462646484375">
        <ele>153.1999969482421875</ele>
        <time>2026-08-11T22:46:23.000Z</time>
        <extensions>
          <ns3:TrackPointExtension>
            <ns3:hr>164</ns3:hr>
            <ns3:cad>87</ns3:cad>
          </ns3:TrackPointExtension>
        </extensions>
      </trkpt>
      <trkpt lat="45.69790877401828765869140625" lon="126.596465148031711578369140625">
        <ele>153</ele>
        <time>2026-08-11T22:46:24.000Z</time>
        <extensions>
          <ns3:TrackPointExtension>
            <ns3:hr>164</ns3:hr>
            <ns3:cad>87</ns3:cad>
          </ns3:TrackPointExtension>
        </extensions>
      </trkpt>
      <trkpt lat="45.697935260832309722900390625" lon="126.5964710153639316558837890625">
        <ele>153</ele>
        <time>2026-08-11T22:46:25.000Z</time>
        <extensions>
          <ns3:TrackPointExtension>
            <ns3:hr>164</ns3:hr>
            <ns3:cad>86</ns3:cad>
          </ns3:TrackPointExtension>
        </extensions>
      </trkpt>
      <trkpt lat="45.697964765131473541259765625" lon="126.59648157656192779541015625">
        <ele>153</ele>
        <time>2026-08-11T22:46:26.000Z</time>
        <extensions>
          <ns3:TrackPointExtension>
            <ns3:hr>163</ns3:hr>
            <ns3:cad>86</ns3:cad>
          </ns3:TrackPointExtension>
        </extensions>
      </trkpt>
      <trkpt lat="45.69799217395484447479248046875" lon="126.596489287912845611572265625">
        <ele>153.1999969482421875</ele>
        <time>2026-08-11T22:46:27.000Z</time>
        <extensions>
          <ns3:TrackPointExtension>
            <ns3:hr>163</ns3:hr>
            <ns3:cad>87</ns3:cad>
          </ns3:TrackPointExtension>
        </extensions>
      </trkpt>
      <trkpt lat="45.69802419282495975494384765625" lon="126.59649943001568317413330078125">
        <ele>153.1999969482421875</ele>
        <time>2026-08-11T22:46:28.000Z</time>
        <extensions>
          <ns3:TrackPointExtension>
            <ns3:hr>163</ns3:hr>
            <ns3:cad>88</ns3:cad>
          </ns3:TrackPointExtension>
        </extensions>
      </trkpt>
      <trkpt lat="45.69804514758288860321044921875" lon="126.59650362096726894378662109375">
        <ele>153.1999969482421875</ele>
        <time>2026-08-11T22:46:29.000Z</time>
        <extensions>
          <ns3:TrackPointExtension>
            <ns3:hr>163</ns3:hr>
            <ns3:cad>88</ns3:cad>
          </ns3:TrackPointExtension>
        </extensions>
      </trkpt>
      <trkpt lat="45.6980785913765430450439453125" lon="126.596514768898487091064453125">
        <ele>153.1999969482421875</ele>
        <time>2026-08-11T22:46:30.000Z</time>
        <extensions>
          <ns3:TrackPointExtension>
            <ns3:hr>163</ns3:hr>
            <ns3:cad>88</ns3:cad>
          </ns3:TrackPointExtension>
        </extensions>
      </trkpt>
      <trkpt lat="45.698098875582218170166015625" lon="126.59651703201234340667724609375">
        <ele>153.1999969482421875</ele>
        <time>2026-08-11T22:46:31.000Z</time>
        <extensions>
          <ns3:TrackPointExtension>
            <ns3:hr>163</ns3:hr>
            <ns3:cad>88</ns3:cad>
          </ns3:TrackPointExtension>
        </extensions>
      </trkpt>
      <trkpt lat="45.698133744299411773681640625" lon="126.59652541391551494598388671875">
        <ele>153.1999969482421875</ele>
        <time>2026-08-11T22:46:32.000Z</time>
        <extensions>
          <ns3:TrackPointExtension>
            <ns3:hr>163</ns3:hr>
            <ns3:cad>88</ns3:cad>
          </ns3:TrackPointExtension>
        </extensions>
      </trkpt>
      <trkpt lat="45.69815847091376781463623046875" lon="126.59653094597160816192626953125">
        <ele>153.1999969482421875</ele>
        <time>2026-08-11T22:46:33.000Z</time>
        <extensions>
          <ns3:TrackPointExtension>
            <ns3:hr>163</ns3:hr>
            <ns3:cad>88</ns3:cad>
          </ns3:TrackPointExtension>
        </extensions>
      </trkpt>
      <trkpt lat="45.6981875561177730560302734375" lon="126.59654050134122371673583984375">
        <ele>153.1999969482421875</ele>
        <time>2026-08-11T22:46:34.000Z</time>
        <extensions>
          <ns3:TrackPointExtension>
            <ns3:hr>163</ns3:hr>
            <ns3:cad>87</ns3:cad>
          </ns3:TrackPointExtension>
        </extensions>
      </trkpt>
      <trkpt lat="45.6982125341892242431640625" lon="126.59654871560633182525634765625">
        <ele>153.1999969482421875</ele>
        <time>2026-08-11T22:46:35.000Z</time>
        <extensions>
          <ns3:TrackPointExtension>
            <ns3:hr>163</ns3:hr>
            <ns3:cad>87</ns3:cad>
          </ns3:TrackPointExtension>
        </extensions>
      </trkpt>
      <trkpt lat="45.698240697383880615234375" lon="126.59655357711017131805419921875">
        <ele>153.1999969482421875</ele>
        <time>2026-08-11T22:46:36.000Z</time>
        <extensions>
          <ns3:TrackPointExtension>
            <ns3:hr>163</ns3:hr>
            <ns3:cad>87</ns3:cad>
          </ns3:TrackPointExtension>
        </extensions>
      </trkpt>
      <trkpt lat="45.69826642982661724090576171875" lon="126.596561707556247711181640625">
        <ele>153.1999969482421875</ele>
        <time>2026-08-11T22:46:37.000Z</time>
        <extensions>
          <ns3:TrackPointExtension>
            <ns3:hr>163</ns3:hr>
            <ns3:cad>87</ns3:cad>
          </ns3:TrackPointExtension>
        </extensions>
      </trkpt>
      <trkpt lat="45.6982904858887195587158203125" lon="126.5965640544891357421875">
        <ele>153.1999969482421875</ele>
        <time>2026-08-11T22:46:38.000Z</time>
        <extensions>
          <ns3:TrackPointExtension>
            <ns3:hr>163</ns3:hr>
            <ns3:cad>87</ns3:cad>
          </ns3:TrackPointExtension>
        </extensions>
      </trkpt>
      <trkpt lat="45.69831957109272480010986328125" lon="126.59657771699130535125732421875">
        <ele>153.1999969482421875</ele>
        <time>2026-08-11T22:46:39.000Z</time>
        <extensions>
          <ns3:TrackPointExtension>
            <ns3:hr>162</ns3:hr>
            <ns3:cad>87</ns3:cad>
          </ns3:TrackPointExtension>
        </extensions>
      </trkpt>
      <trkpt lat="45.6983427889645099639892578125" lon="126.59658484160900115966796875">
        <ele>153.1999969482421875</ele>
        <time>2026-08-11T22:46:40.000Z</time>
        <extensions>
          <ns3:TrackPointExtension>
            <ns3:hr>163</ns3:hr>
            <ns3:cad>87</ns3:cad>
          </ns3:TrackPointExtension>
        </extensions>
      </trkpt>
      <trkpt lat="45.69837120361626148223876953125" lon="126.59660185687243938446044921875">
        <ele>153.399993896484375</ele>
        <time>2026-08-11T22:46:41.000Z</time>
        <extensions>
          <ns3:TrackPointExtension>
            <ns3:hr>162</ns3:hr>
            <ns3:cad>87</ns3:cad>
          </ns3:TrackPointExtension>
        </extensions>
      </trkpt>
      <trkpt lat="45.69839869625866413116455078125" lon="126.5966071374714374542236328125">
        <ele>153.399993896484375</ele>
        <time>2026-08-11T22:46:42.000Z</time>
        <extensions>
          <ns3:TrackPointExtension>
            <ns3:hr>162</ns3:hr>
            <ns3:cad>87</ns3:cad>
          </ns3:TrackPointExtension>
        </extensions>
      </trkpt>
      <trkpt lat="45.6984313018620014190673828125" lon="126.59661459736526012420654296875">
        <ele>153.399993896484375</ele>
        <time>2026-08-11T22:46:43.000Z</time>
        <extensions>
          <ns3:TrackPointExtension>
            <ns3:hr>162</ns3:hr>
            <ns3:cad>87</ns3:cad>
          </ns3:TrackPointExtension>
        </extensions>
      </trkpt>
      <trkpt lat="45.69845351390540599822998046875" lon="126.596618704497814178466796875">
        <ele>153.399993896484375</ele>
        <time>2026-08-11T22:46:44.000Z</time>
        <extensions>
          <ns3:TrackPointExtension>
            <ns3:hr>163</ns3:hr>
            <ns3:cad>87</ns3:cad>
          </ns3:TrackPointExtension>
        </extensions>
      </trkpt>
      <trkpt lat="45.698482096195220947265625" lon="126.59662465564906597137451171875">
        <ele>153.1999969482421875</ele>
        <time>2026-08-11T22:46:45.000Z</time>
        <extensions>
          <ns3:TrackPointExtension>
            <ns3:hr>162</ns3:hr>
            <ns3:cad>87</ns3:cad>
          </ns3:TrackPointExtension>
        </extensions>
      </trkpt>
      <trkpt lat="45.69850212894380092620849609375" lon="126.5966383181512355804443359375">
        <ele>153.1999969482421875</ele>
        <time>2026-08-11T22:46:46.000Z</time>
        <extensions>
          <ns3:TrackPointExtension>
            <ns3:hr>162</ns3:hr>
            <ns3:cad>87</ns3:cad>
          </ns3:TrackPointExtension>
        </extensions>
      </trkpt>
      <trkpt lat="45.69852811284363269805908203125" lon="126.59664326347410678863525390625">
        <ele>153.1999969482421875</ele>
        <time>2026-08-11T22:46:47.000Z</time>
        <extensions>
          <ns3:TrackPointExtension>
            <ns3:hr>162</ns3:hr>
            <ns3:cad>87</ns3:cad>
          </ns3:TrackPointExtension>
        </extensions>
      </trkpt>
      <trkpt lat="45.69855208508670330047607421875" lon="126.59664628095924854278564453125">
        <ele>153.1999969482421875</ele>
        <time>2026-08-11T22:46:48.000Z</time>
        <extensions>
          <ns3:TrackPointExtension>
            <ns3:hr>162</ns3:hr>
            <ns3:cad>87</ns3:cad>
          </ns3:TrackPointExtension>
        </extensions>
      </trkpt>
      <trkpt lat="45.69857555441558361053466796875" lon="126.59664527513086795806884765625">
        <ele>153.399993896484375</ele>
        <time>2026-08-11T22:46:49.000Z</time>
        <extensions>
          <ns3:TrackPointExtension>
            <ns3:hr>162</ns3:hr>
            <ns3:cad>87</ns3:cad>
          </ns3:TrackPointExtension>
        </extensions>
      </trkpt>
      <trkpt lat="45.6986041367053985595703125" lon="126.5966510586440563201904296875">
        <ele>153.399993896484375</ele>
        <time>2026-08-11T22:46:50.000Z</time>
        <extensions>
          <ns3:TrackPointExtension>
            <ns3:hr>162</ns3:hr>
            <ns3:cad>86</ns3:cad>
          </ns3:TrackPointExtension>
        </extensions>
      </trkpt>
      <trkpt lat="45.6986287795007228851318359375" lon="126.59664812497794628143310546875">
        <ele>153.399993896484375</ele>
        <time>2026-08-11T22:46:51.000Z</time>
        <extensions>
          <ns3:TrackPointExtension>
            <ns3:hr>162</ns3:hr>
            <ns3:cad>86</ns3:cad>
          </ns3:TrackPointExtension>
        </extensions>
      </trkpt>
      <trkpt lat="45.69865736179053783416748046875" lon="126.59665918909013271331787109375">
        <ele>153.399993896484375</ele>
        <time>2026-08-11T22:46:52.000Z</time>
        <extensions>
          <ns3:TrackPointExtension>
            <ns3:hr>162</ns3:hr>
            <ns3:cad>88</ns3:cad>
          </ns3:TrackPointExtension>
        </extensions>
      </trkpt>
      <trkpt lat="45.69867999292910099029541015625" lon="126.5966634638607501983642578125">
        <ele>153.399993896484375</ele>
        <time>2026-08-11T22:46:53.000Z</time>
        <extensions>
          <ns3:TrackPointExtension>
            <ns3:hr>163</ns3:hr>
            <ns3:cad>88</ns3:cad>
          </ns3:TrackPointExtension>
        </extensions>
      </trkpt>
      <trkpt lat="45.6987105868756771087646484375" lon="126.5966772101819515228271484375">
        <ele>153.600006103515625</ele>
        <time>2026-08-11T22:46:54.000Z</time>
        <extensions>
          <ns3:TrackPointExtension>
            <ns3:hr>162</ns3:hr>
            <ns3:cad>87</ns3:cad>
          </ns3:TrackPointExtension>
        </extensions>
      </trkpt>
      <trkpt lat="45.69873279891908168792724609375" lon="126.59668550826609134674072265625">
        <ele>153.600006103515625</ele>
        <time>2026-08-11T22:46:55.000Z</time>
        <extensions>
          <ns3:TrackPointExtension>
            <ns3:hr>162</ns3:hr>
            <ns3:cad>87</ns3:cad>
          </ns3:TrackPointExtension>
        </extensions>
      </trkpt>
      <trkpt lat="45.69876062683761119842529296875" lon="126.59669523127377033233642578125">
        <ele>153.399993896484375</ele>
        <time>2026-08-11T22:46:56.000Z</time>
        <extensions>
          <ns3:TrackPointExtension>
            <ns3:hr>162</ns3:hr>
            <ns3:cad>87</ns3:cad>
          </ns3:TrackPointExtension>
        </extensions>
      </trkpt>
      <trkpt lat="45.69878191687166690826416015625" lon="126.59670126624405384063720703125">
        <ele>153.399993896484375</ele>
        <time>2026-08-11T22:46:57.000Z</time>
        <extensions>
          <ns3:TrackPointExtension>
            <ns3:hr>162</ns3:hr>
            <ns3:cad>88</ns3:cad>
          </ns3:TrackPointExtension>
        </extensions>
      </trkpt>
      <trkpt lat="45.69881142117083072662353515625" lon="126.59671165980398654937744140625">
        <ele>153.399993896484375</ele>
        <time>2026-08-11T22:46:58.000Z</time>
        <extensions>
          <ns3:TrackPointExtension>
            <ns3:hr>162</ns3:hr>
            <ns3:cad>88</ns3:cad>
          </ns3:TrackPointExtension>
        </extensions>
      </trkpt>
      <trkpt lat="45.69883790798485279083251953125" lon="126.59672557376325130462646484375">
        <ele>153.399993896484375</ele>
        <time>2026-08-11T22:46:59.000Z</time>
        <extensions>
          <ns3:TrackPointExtension>
            <ns3:hr>163</ns3:hr>
            <ns3:cad>88</ns3:cad>
          </ns3:TrackPointExtension>
        </extensions>
      </trkpt>
      <trkpt lat="45.69886171258985996246337890625" lon="126.59673227928578853607177734375">
        <ele>153.399993896484375</ele>
        <time>2026-08-11T22:47:00.000Z</time>
        <extensions>
          <ns3:TrackPointExtension>
            <ns3:hr>162</ns3:hr>
            <ns3:cad>88</ns3:cad>
          </ns3:TrackPointExtension>
        </extensions>
      </trkpt>
      <trkpt lat="45.69888736121356487274169921875" lon="126.5967435948550701141357421875">
        <ele>153.399993896484375</ele>
        <time>2026-08-11T22:47:01.000Z</time>
        <extensions>
          <ns3:TrackPointExtension>
            <ns3:hr>162</ns3:hr>
            <ns3:cad>88</ns3:cad>
          </ns3:TrackPointExtension>
        </extensions>
      </trkpt>
      <trkpt lat="45.69891351275146007537841796875" lon="126.59675122238695621490478515625">
        <ele>153.399993896484375</ele>
        <time>2026-08-11T22:47:02.000Z</time>
        <extensions>
          <ns3:TrackPointExtension>
            <ns3:hr>162</ns3:hr>
            <ns3:cad>87</ns3:cad>
          </ns3:TrackPointExtension>
        </extensions>
      </trkpt>
      <trkpt lat="45.69894234649837017059326171875" lon="126.59676312468945980072021484375">
        <ele>153.399993896484375</ele>
        <time>2026-08-11T22:47:03.000Z</time>
        <extensions>
          <ns3:TrackPointExtension>
            <ns3:hr>162</ns3:hr>
            <ns3:cad>87</ns3:cad>
          </ns3:TrackPointExtension>
        </extensions>
      </trkpt>
      <trkpt lat="45.69896422326564788818359375" lon="126.5967727638781070709228515625">
        <ele>153.399993896484375</ele>
        <time>2026-08-11T22:47:04.000Z</time>
        <extensions>
          <ns3:TrackPointExtension>
            <ns3:hr>163</ns3:hr>
            <ns3:cad>87</ns3:cad>
          </ns3:TrackPointExtension>
        </extensions>
      </trkpt>
      <trkpt lat="45.6989898718893527984619140625" lon="126.59678994677960872650146484375">
        <ele>153.399993896484375</ele>
        <time>2026-08-11T22:47:05.000Z</time>
        <extensions>
          <ns3:TrackPointExtension>
            <ns3:hr>162</ns3:hr>
            <ns3:cad>87</ns3:cad>
          </ns3:TrackPointExtension>
        </extensions>
      </trkpt>
      <trkpt lat="45.69900940172374248504638671875" lon="126.59679095260798931121826171875">
        <ele>153.399993896484375</ele>
        <time>2026-08-11T22:47:06.000Z</time>
        <extensions>
          <ns3:TrackPointExtension>
            <ns3:hr>162</ns3:hr>
            <ns3:cad>87</ns3:cad>
          </ns3:TrackPointExtension>
        </extensions>
      </trkpt>
      <trkpt lat="45.69904075004160404205322265625" lon="126.59680989570915699005126953125">
        <ele>153.1999969482421875</ele>
        <time>2026-08-11T22:47:07.000Z</time>
        <extensions>
          <ns3:TrackPointExtension>
            <ns3:hr>162</ns3:hr>
            <ns3:cad>87</ns3:cad>
          </ns3:TrackPointExtension>
        </extensions>
      </trkpt>
      <trkpt lat="45.6990616209805011749267578125" lon="126.59682297147810459136962890625">
        <ele>153.1999969482421875</ele>
        <time>2026-08-11T22:47:08.000Z</time>
        <extensions>
          <ns3:TrackPointExtension>
            <ns3:hr>163</ns3:hr>
            <ns3:cad>87</ns3:cad>
          </ns3:TrackPointExtension>
        </extensions>
      </trkpt>
      <trkpt lat="45.699092634022235870361328125" lon="126.59684241749346256256103515625">
        <ele>153.399993896484375</ele>
        <time>2026-08-11T22:47:09.000Z</time>
        <extensions>
          <ns3:TrackPointExtension>
            <ns3:hr>162</ns3:hr>
            <ns3:cad>87</ns3:cad>
          </ns3:TrackPointExtension>
        </extensions>
      </trkpt>
      <trkpt lat="45.699114762246608734130859375" lon="126.59685566090047359466552734375">
        <ele>153.399993896484375</ele>
        <time>2026-08-11T22:47:10.000Z</time>
        <extensions>
          <ns3:TrackPointExtension>
            <ns3:hr>162</ns3:hr>
            <ns3:cad>87</ns3:cad>
          </ns3:TrackPointExtension>
        </extensions>
      </trkpt>
      <trkpt lat="45.6991414166986942291259765625" lon="126.59686856903135776519775390625">
        <ele>153.399993896484375</ele>
        <time>2026-08-11T22:47:11.000Z</time>
        <extensions>
          <ns3:TrackPointExtension>
            <ns3:hr>162</ns3:hr>
            <ns3:cad>87</ns3:cad>
          </ns3:TrackPointExtension>
        </extensions>
      </trkpt>
      <trkpt lat="45.69916446693241596221923828125" lon="126.596878878772258758544921875">
        <ele>153.600006103515625</ele>
        <time>2026-08-11T22:47:12.000Z</time>
        <extensions>
          <ns3:TrackPointExtension>
            <ns3:hr>162</ns3:hr>
            <ns3:cad>87</ns3:cad>
          </ns3:TrackPointExtension>
        </extensions>
      </trkpt>
      <trkpt lat="45.6991896964609622955322265625" lon="126.59688927233219146728515625">
        <ele>153.600006103515625</ele>
        <time>2026-08-11T22:47:13.000Z</time>
        <extensions>
          <ns3:TrackPointExtension>
            <ns3:hr>163</ns3:hr>
            <ns3:cad>87</ns3:cad>
          </ns3:TrackPointExtension>
        </extensions>
      </trkpt>
      <trkpt lat="45.69920805282890796661376953125" lon="126.59690670669078826904296875">
        <ele>153.600006103515625</ele>
        <time>2026-08-11T22:47:14.000Z</time>
        <extensions>
          <ns3:TrackPointExtension>
            <ns3:hr>162</ns3:hr>
            <ns3:cad>87</ns3:cad>
          </ns3:TrackPointExtension>
        </extensions>
      </trkpt>
      <trkpt lat="45.6992292590439319610595703125" lon="126.59691919572651386260986328125">
        <ele>153.8000030517578125</ele>
        <time>2026-08-11T22:47:15.000Z</time>
        <extensions>
          <ns3:TrackPointExtension>
            <ns3:hr>162</ns3:hr>
            <ns3:cad>87</ns3:cad>
          </ns3:TrackPointExtension>
        </extensions>
      </trkpt>
      <trkpt lat="45.69925448857247829437255859375" lon="126.59693093039095401763916015625">
        <ele>153.8000030517578125</ele>
        <time>2026-08-11T22:47:16.000Z</time>
        <extensions>
          <ns3:TrackPointExtension>
            <ns3:hr>162</ns3:hr>
            <ns3:cad>88</ns3:cad>
          </ns3:TrackPointExtension>
        </extensions>
      </trkpt>
      <trkpt lat="45.69927343167364597320556640625" lon="126.59693797118961811065673828125">
        <ele>153.8000030517578125</ele>
        <time>2026-08-11T22:47:17.000Z</time>
        <extensions>
          <ns3:TrackPointExtension>
            <ns3:hr>162</ns3:hr>
            <ns3:cad>88</ns3:cad>
          </ns3:TrackPointExtension>
        </extensions>
      </trkpt>
      <trkpt lat="45.69930008612573146820068359375" lon="126.59694517962634563446044921875">
        <ele>153.8000030517578125</ele>
        <time>2026-08-11T22:47:18.000Z</time>
        <extensions>
          <ns3:TrackPointExtension>
            <ns3:hr>162</ns3:hr>
            <ns3:cad>88</ns3:cad>
          </ns3:TrackPointExtension>
        </extensions>
      </trkpt>
      <trkpt lat="45.69932523183524608612060546875" lon="126.5969491191208362579345703125">
        <ele>153.8000030517578125</ele>
        <time>2026-08-11T22:47:19.000Z</time>
        <extensions>
          <ns3:TrackPointExtension>
            <ns3:hr>162</ns3:hr>
            <ns3:cad>88</ns3:cad>
          </ns3:TrackPointExtension>
        </extensions>
      </trkpt>
      <trkpt lat="45.69935121573507785797119140625" lon="126.596958003938198089599609375">
        <ele>153.8000030517578125</ele>
        <time>2026-08-11T22:47:20.000Z</time>
        <extensions>
          <ns3:TrackPointExtension>
            <ns3:hr>162</ns3:hr>
            <ns3:cad>88</ns3:cad>
          </ns3:TrackPointExtension>
        </extensions>
      </trkpt>
      <trkpt lat="45.69937133230268955230712890625" lon="126.59695875830948352813720703125">
        <ele>154</ele>
        <time>2026-08-11T22:47:21.000Z</time>
        <extensions>
          <ns3:TrackPointExtension>
            <ns3:hr>162</ns3:hr>
            <ns3:cad>88</ns3:cad>
          </ns3:TrackPointExtension>
        </extensions>
      </trkpt>
      <trkpt lat="45.69939932785928249359130859375" lon="126.59697082825005054473876953125">
        <ele>154</ele>
        <time>2026-08-11T22:47:22.000Z</time>
        <extensions>
          <ns3:TrackPointExtension>
            <ns3:hr>162</ns3:hr>
            <ns3:cad>88</ns3:cad>
          </ns3:TrackPointExtension>
        </extensions>
      </trkpt>
      <trkpt lat="45.69941885769367218017578125" lon="126.5969779528677463531494140625">
        <ele>154</ele>
        <time>2026-08-11T22:47:23.000Z</time>
        <extensions>
          <ns3:TrackPointExtension>
            <ns3:hr>162</ns3:hr>
            <ns3:cad>88</ns3:cad>
          </ns3:TrackPointExtension>
        </extensions>
      </trkpt>
      <trkpt lat="45.69944509305059909820556640625" lon="126.59699513576924800872802734375">
        <ele>154</ele>
        <time>2026-08-11T22:47:24.000Z</time>
        <extensions>
          <ns3:TrackPointExtension>
            <ns3:hr>162</ns3:hr>
            <ns3:cad>88</ns3:cad>
          </ns3:TrackPointExtension>
        </extensions>
      </trkpt>
      <trkpt lat="45.6994731724262237548828125" lon="126.5970067866146564483642578125">
        <ele>154</ele>
        <time>2026-08-11T22:47:25.000Z</time>
        <extensions>
          <ns3:TrackPointExtension>
            <ns3:hr>162</ns3:hr>
            <ns3:cad>88</ns3:cad>
          </ns3:TrackPointExtension>
        </extensions>
      </trkpt>
      <trkpt lat="45.69950007833540439605712890625" lon="126.5970160067081451416015625">
        <ele>154</ele>
        <time>2026-08-11T22:47:26.000Z</time>
        <extensions>
          <ns3:TrackPointExtension>
            <ns3:hr>162</ns3:hr>
            <ns3:cad>88</ns3:cad>
          </ns3:TrackPointExtension>
        </extensions>
      </trkpt>
      <trkpt lat="45.699522458016872406005859375" lon="126.5970240533351898193359375">
        <ele>154</ele>
        <time>2026-08-11T22:47:27.000Z</time>
        <extensions>
          <ns3:TrackPointExtension>
            <ns3:hr>163</ns3:hr>
            <ns3:cad>87</ns3:cad>
          </ns3:TrackPointExtension>
        </extensions>
      </trkpt>
      <trkpt lat="45.69955305196344852447509765625" lon="126.5970305912196636199951171875">
        <ele>154</ele>
        <time>2026-08-11T22:47:28.000Z</time>
        <extensions>
          <ns3:TrackPointExtension>
            <ns3:hr>162</ns3:hr>
            <ns3:cad>87</ns3:cad>
          </ns3:TrackPointExtension>
        </extensions>
      </trkpt>
      <trkpt lat="45.69957383908331394195556640625" lon="126.59703813493251800537109375">
        <ele>154</ele>
        <time>2026-08-11T22:47:29.000Z</time>
        <extensions>
          <ns3:TrackPointExtension>
            <ns3:hr>162</ns3:hr>
            <ns3:cad>87</ns3:cad>
          </ns3:TrackPointExtension>
        </extensions>
      </trkpt>
      <trkpt lat="45.699600242078304290771484375" lon="126.597041152417659759521484375">
        <ele>154</ele>
        <time>2026-08-11T22:47:30.000Z</time>
        <extensions>
          <ns3:TrackPointExtension>
            <ns3:hr>163</ns3:hr>
            <ns3:cad>87</ns3:cad>
          </ns3:TrackPointExtension>
        </extensions>
      </trkpt>
      <trkpt lat="45.69962614215910434722900390625" lon="126.5970476903021335601806640625">
        <ele>154.1999969482421875</ele>
        <time>2026-08-11T22:47:31.000Z</time>
        <extensions>
          <ns3:TrackPointExtension>
            <ns3:hr>162</ns3:hr>
            <ns3:cad>87</ns3:cad>
          </ns3:TrackPointExtension>
        </extensions>
      </trkpt>
      <trkpt lat="45.699650533497333526611328125" lon="126.5970507077872753143310546875">
        <ele>154.1999969482421875</ele>
        <time>2026-08-11T22:47:32.000Z</time>
        <extensions>
          <ns3:TrackPointExtension>
            <ns3:hr>162</ns3:hr>
            <ns3:cad>87</ns3:cad>
          </ns3:TrackPointExtension>
        </extensions>
      </trkpt>
      <trkpt lat="45.69967894814908504486083984375" lon="126.5970537252724170684814453125">
        <ele>154.1999969482421875</ele>
        <time>2026-08-11T22:47:33.000Z</time>
        <extensions>
          <ns3:TrackPointExtension>
            <ns3:hr>163</ns3:hr>
            <ns3:cad>88</ns3:cad>
          </ns3:TrackPointExtension>
        </extensions>
      </trkpt>
      <trkpt lat="45.6997046805918216705322265625" lon="126.59705196507275104522705078125">
        <ele>154.1999969482421875</ele>
        <time>2026-08-11T22:47:34.000Z</time>
        <extensions>
          <ns3:TrackPointExtension>
            <ns3:hr>162</ns3:hr>
            <ns3:cad>87</ns3:cad>
          </ns3:TrackPointExtension>
        </extensions>
      </trkpt>
      <trkpt lat="45.69974198006093502044677734375" lon="126.59706227481365203857421875">
        <ele>154.1999969482421875</ele>
        <time>2026-08-11T22:47:35.000Z</time>
        <extensions>
          <ns3:TrackPointExtension>
            <ns3:hr>162</ns3:hr>
            <ns3:cad>87</ns3:cad>
          </ns3:TrackPointExtension>
        </extensions>
      </trkpt>
      <trkpt lat="45.69976477883756160736083984375" lon="126.59706235863268375396728515625">
        <ele>154.1999969482421875</ele>
        <time>2026-08-11T22:47:36.000Z</time>
        <extensions>
          <ns3:TrackPointExtension>
            <ns3:hr>162</ns3:hr>
            <ns3:cad>87</ns3:cad>
          </ns3:TrackPointExtension>
        </extensions>
      </trkpt>
      <trkpt lat="45.6997972168028354644775390625" lon="126.5970694832503795623779296875">
        <ele>154.1999969482421875</ele>
        <time>2026-08-11T22:47:37.000Z</time>
        <extensions>
          <ns3:TrackPointExtension>
            <ns3:hr>163</ns3:hr>
            <ns3:cad>87</ns3:cad>
          </ns3:TrackPointExtension>
        </extensions>
      </trkpt>
      <trkpt lat="45.69982127286493778228759765625" lon="126.59707032144069671630859375">
        <ele>154.1999969482421875</ele>
        <time>2026-08-11T22:47:38.000Z</time>
        <extensions>
          <ns3:TrackPointExtension>
            <ns3:hr>162</ns3:hr>
            <ns3:cad>87</ns3:cad>
          </ns3:TrackPointExtension>
        </extensions>
      </trkpt>
      <trkpt lat="45.69985295645892620086669921875" lon="126.59707509912550449371337890625">
        <ele>154.1999969482421875</ele>
        <time>2026-08-11T22:47:39.000Z</time>
        <extensions>
          <ns3:TrackPointExtension>
            <ns3:hr>162</ns3:hr>
            <ns3:cad>88</ns3:cad>
          </ns3:TrackPointExtension>
        </extensions>
      </trkpt>
      <trkpt lat="45.69987952709197998046875" lon="126.59708247520029544830322265625">
        <ele>154.399993896484375</ele>
        <time>2026-08-11T22:47:40.000Z</time>
        <extensions>
          <ns3:TrackPointExtension>
            <ns3:hr>163</ns3:hr>
            <ns3:cad>88</ns3:cad>
          </ns3:TrackPointExtension>
        </extensions>
      </trkpt>
      <trkpt lat="45.69990777410566806793212890625" lon="126.5970859117805957794189453125">
        <ele>154.1999969482421875</ele>
        <time>2026-08-11T22:47:41.000Z</time>
        <extensions>
          <ns3:TrackPointExtension>
            <ns3:hr>162</ns3:hr>
            <ns3:cad>88</ns3:cad>
          </ns3:TrackPointExtension>
        </extensions>
      </trkpt>
      <trkpt lat="45.69993090815842151641845703125" lon="126.59709303639829158782958984375">
        <ele>154.1999969482421875</ele>
        <time>2026-08-11T22:47:42.000Z</time>
        <extensions>
          <ns3:TrackPointExtension>
            <ns3:hr>162</ns3:hr>
            <ns3:cad>88</ns3:cad>
          </ns3:TrackPointExtension>
        </extensions>
      </trkpt>
      <trkpt lat="45.69996359758079051971435546875" lon="126.59709446132183074951171875">
        <ele>154.1999969482421875</ele>
        <time>2026-08-11T22:47:43.000Z</time>
        <extensions>
          <ns3:TrackPointExtension>
            <ns3:hr>163</ns3:hr>
            <ns3:cad>88</ns3:cad>
          </ns3:TrackPointExtension>
        </extensions>
      </trkpt>
      <trkpt lat="45.6999881565570831298828125" lon="126.5971013344824314117431640625">
        <ele>154.1999969482421875</ele>
        <time>2026-08-11T22:47:44.000Z</time>
        <extensions>
          <ns3:TrackPointExtension>
            <ns3:hr>162</ns3:hr>
            <ns3:cad>89</ns3:cad>
          </ns3:TrackPointExtension>
        </extensions>
      </trkpt>
      <trkpt lat="45.7000176608562469482421875" lon="126.59710116684436798095703125">
        <ele>154.1999969482421875</ele>
        <time>2026-08-11T22:47:45.000Z</time>
        <extensions>
          <ns3:TrackPointExtension>
            <ns3:hr>162</ns3:hr>
            <ns3:cad>89</ns3:cad>
          </ns3:TrackPointExtension>
        </extensions>
      </trkpt>
      <trkpt lat="45.70004540495574474334716796875" lon="126.59710192121565341949462890625">
        <ele>154.1999969482421875</ele>
        <time>2026-08-11T22:47:46.000Z</time>
        <extensions>
          <ns3:TrackPointExtension>
            <ns3:hr>163</ns3:hr>
            <ns3:cad>89</ns3:cad>
          </ns3:TrackPointExtension>
        </extensions>
      </trkpt>
      <trkpt lat="45.7000701315701007843017578125" lon="126.59710519015789031982421875">
        <ele>154.1999969482421875</ele>
        <time>2026-08-11T22:47:47.000Z</time>
        <extensions>
          <ns3:TrackPointExtension>
            <ns3:hr>162</ns3:hr>
            <ns3:cad>89</ns3:cad>
          </ns3:TrackPointExtension>
        </extensions>
      </trkpt>
      <trkpt lat="45.7001003064215183258056640625" lon="126.5971013344824314117431640625">
        <ele>154.1999969482421875</ele>
        <time>2026-08-11T22:47:48.000Z</time>
        <extensions>
          <ns3:TrackPointExtension>
            <ns3:hr>162</ns3:hr>
            <ns3:cad>88</ns3:cad>
          </ns3:TrackPointExtension>
        </extensions>
      </trkpt>
      <trkpt lat="45.7001249492168426513671875" lon="126.5970885939896106719970703125">
        <ele>154.399993896484375</ele>
        <time>2026-08-11T22:47:49.000Z</time>
        <extensions>
          <ns3:TrackPointExtension>
            <ns3:hr>163</ns3:hr>
            <ns3:cad>88</ns3:cad>
          </ns3:TrackPointExtension>
        </extensions>
      </trkpt>
      <trkpt lat="45.70015504024922847747802734375" lon="126.5970788709819316864013671875">
        <ele>154.399993896484375</ele>
        <time>2026-08-11T22:47:50.000Z</time>
        <extensions>
          <ns3:TrackPointExtension>
            <ns3:hr>163</ns3:hr>
            <ns3:cad>88</ns3:cad>
          </ns3:TrackPointExtension>
        </extensions>
      </trkpt>
      <trkpt lat="45.70018035359680652618408203125" lon="126.59707174636423587799072265625">
        <ele>154.399993896484375</ele>
        <time>2026-08-11T22:47:51.000Z</time>
        <extensions>
          <ns3:TrackPointExtension>
            <ns3:hr>162</ns3:hr>
            <ns3:cad>88</ns3:cad>
          </ns3:TrackPointExtension>
        </extensions>
      </trkpt>
      <trkpt lat="45.7002134621143341064453125" lon="126.59706185571849346160888671875">
        <ele>154.399993896484375</ele>
        <time>2026-08-11T22:47:52.000Z</time>
        <extensions>
          <ns3:TrackPointExtension>
            <ns3:hr>162</ns3:hr>
            <ns3:cad>87</ns3:cad>
          </ns3:TrackPointExtension>
        </extensions>
      </trkpt>
      <trkpt lat="45.70024053566157817840576171875" lon="126.59706294536590576171875">
        <ele>154.399993896484375</ele>
        <time>2026-08-11T22:47:53.000Z</time>
        <extensions>
          <ns3:TrackPointExtension>
            <ns3:hr>162</ns3:hr>
            <ns3:cad>87</ns3:cad>
          </ns3:TrackPointExtension>
        </extensions>
      </trkpt>
      <trkpt lat="45.7002666033804416656494140625" lon="126.59706084989011287689208984375">
        <ele>154.399993896484375</ele>
        <time>2026-08-11T22:47:54.000Z</time>
        <extensions>
          <ns3:TrackPointExtension>
            <ns3:hr>163</ns3:hr>
            <ns3:cad>87</ns3:cad>
          </ns3:TrackPointExtension>
        </extensions>
      </trkpt>
      <trkpt lat="45.70029317401349544525146484375" lon="126.597057916224002838134765625">
        <ele>154.399993896484375</ele>
        <time>2026-08-11T22:47:55.000Z</time>
        <extensions>
          <ns3:TrackPointExtension>
            <ns3:hr>162</ns3:hr>
            <ns3:cad>86</ns3:cad>
          </ns3:TrackPointExtension>
        </extensions>
      </trkpt>
      <trkpt lat="45.70031873881816864013671875" lon="126.59705556929111480712890625">
        <ele>154.399993896484375</ele>
        <time>2026-08-11T22:47:56.000Z</time>
        <extensions>
          <ns3:TrackPointExtension>
            <ns3:hr>162</ns3:hr>
            <ns3:cad>86</ns3:cad>
          </ns3:TrackPointExtension>
        </extensions>
      </trkpt>
      <trkpt lat="45.70034564472734928131103515625" lon="126.59705431200563907623291015625">
        <ele>154.399993896484375</ele>
        <time>2026-08-11T22:47:57.000Z</time>
        <extensions>
          <ns3:TrackPointExtension>
            <ns3:hr>162</ns3:hr>
            <ns3:cad>87</ns3:cad>
          </ns3:TrackPointExtension>
        </extensions>
      </trkpt>
      <trkpt lat="45.7003685273230075836181640625" lon="126.59705062396824359893798828125">
        <ele>154.399993896484375</ele>
        <time>2026-08-11T22:47:58.000Z</time>
        <extensions>
          <ns3:TrackPointExtension>
            <ns3:hr>162</ns3:hr>
            <ns3:cad>87</ns3:cad>
          </ns3:TrackPointExtension>
        </extensions>
      </trkpt>
      <trkpt lat="45.70039945654571056365966796875" lon="126.59705062396824359893798828125">
        <ele>154.399993896484375</ele>
        <time>2026-08-11T22:47:59.000Z</time>
        <extensions>
          <ns3:TrackPointExtension>
            <ns3:hr>162</ns3:hr>
            <ns3:cad>87</ns3:cad>
          </ns3:TrackPointExtension>
        </extensions>
      </trkpt>
      <trkpt lat="45.7004245184361934661865234375" lon="126.59704894758760929107666015625">
        <ele>154.399993896484375</ele>
        <time>2026-08-11T22:48:00.000Z</time>
        <extensions>
          <ns3:TrackPointExtension>
            <ns3:hr>163</ns3:hr>
            <ns3:cad>87</ns3:cad>
          </ns3:TrackPointExtension>
        </extensions>
      </trkpt>
      <trkpt lat="45.70044857449829578399658203125" lon="126.59705422818660736083984375">
        <ele>154.399993896484375</ele>
        <time>2026-08-11T22:48:01.000Z</time>
        <extensions>
          <ns3:TrackPointExtension>
            <ns3:hr>162</ns3:hr>
            <ns3:cad>87</ns3:cad>
          </ns3:TrackPointExtension>
        </extensions>
      </trkpt>
      <trkpt lat="45.7004731334745883941650390625" lon="126.5970570780336856842041015625">
        <ele>154.399993896484375</ele>
        <time>2026-08-11T22:48:02.000Z</time>
        <extensions>
          <ns3:TrackPointExtension>
            <ns3:hr>162</ns3:hr>
            <ns3:cad>87</ns3:cad>
          </ns3:TrackPointExtension>
        </extensions>
      </trkpt>
      <trkpt lat="45.7004996202886104583740234375" lon="126.59705816768109798431396484375">
        <ele>154.399993896484375</ele>
        <time>2026-08-11T22:48:03.000Z</time>
        <extensions>
          <ns3:TrackPointExtension>
            <ns3:hr>162</ns3:hr>
            <ns3:cad>88</ns3:cad>
          </ns3:TrackPointExtension>
        </extensions>
      </trkpt>
      <trkpt lat="45.7005257718265056610107421875" lon="126.59705397672951221466064453125">
        <ele>154.399993896484375</ele>
        <time>2026-08-11T22:48:04.000Z</time>
        <extensions>
          <ns3:TrackPointExtension>
            <ns3:hr>162</ns3:hr>
            <ns3:cad>88</ns3:cad>
          </ns3:TrackPointExtension>
        </extensions>
      </trkpt>
      <trkpt lat="45.70055603049695491790771484375" lon="126.59705431200563907623291015625">
        <ele>154.399993896484375</ele>
        <time>2026-08-11T22:48:05.000Z</time>
        <extensions>
          <ns3:TrackPointExtension>
            <ns3:hr>162</ns3:hr>
            <ns3:cad>88</ns3:cad>
          </ns3:TrackPointExtension>
        </extensions>
      </trkpt>
      <trkpt lat="45.70057983510196208953857421875" lon="126.59705565311014652252197265625">
        <ele>154.399993896484375</ele>
        <time>2026-08-11T22:48:06.000Z</time>
        <extensions>
          <ns3:TrackPointExtension>
            <ns3:hr>162</ns3:hr>
            <ns3:cad>88</ns3:cad>
          </ns3:TrackPointExtension>
        </extensions>
      </trkpt>
      <trkpt lat="45.7006089203059673309326171875" lon="126.597056575119495391845703125">
        <ele>154.399993896484375</ele>
        <time>2026-08-11T22:48:07.000Z</time>
        <extensions>
          <ns3:TrackPointExtension>
            <ns3:hr>162</ns3:hr>
            <ns3:cad>90</ns3:cad>
          </ns3:TrackPointExtension>
        </extensions>
      </trkpt>
      <trkpt lat="45.70062794722616672515869140625" lon="126.59705816768109798431396484375">
        <ele>154.399993896484375</ele>
        <time>2026-08-11T22:48:08.000Z</time>
        <extensions>
          <ns3:TrackPointExtension>
            <ns3:hr>162</ns3:hr>
            <ns3:cad>90</ns3:cad>
          </ns3:TrackPointExtension>
        </extensions>
      </trkpt>
      <trkpt lat="45.700655020773410797119140625" lon="126.59706487320363521575927734375">
        <ele>154.600006103515625</ele>
        <time>2026-08-11T22:48:09.000Z</time>
        <extensions>
          <ns3:TrackPointExtension>
            <ns3:hr>162</ns3:hr>
            <ns3:cad>89</ns3:cad>
          </ns3:TrackPointExtension>
        </extensions>
      </trkpt>
      <trkpt lat="45.7006759755313396453857421875" lon="126.5970671363174915313720703125">
        <ele>154.600006103515625</ele>
        <time>2026-08-11T22:48:10.000Z</time>
        <extensions>
          <ns3:TrackPointExtension>
            <ns3:hr>163</ns3:hr>
            <ns3:cad>89</ns3:cad>
          </ns3:TrackPointExtension>
        </extensions>
      </trkpt>
      <trkpt lat="45.7007081620395183563232421875" lon="126.5970718301832675933837890625">
        <ele>154.399993896484375</ele>
        <time>2026-08-11T22:48:11.000Z</time>
        <extensions>
          <ns3:TrackPointExtension>
            <ns3:hr>162</ns3:hr>
            <ns3:cad>89</ns3:cad>
          </ns3:TrackPointExtension>
        </extensions>
      </trkpt>
      <trkpt lat="45.7007339783012866973876953125" lon="126.59707057289779186248779296875">
        <ele>154.399993896484375</ele>
        <time>2026-08-11T22:48:12.000Z</time>
        <extensions>
          <ns3:TrackPointExtension>
            <ns3:hr>162</ns3:hr>
            <ns3:cad>89</ns3:cad>
          </ns3:TrackPointExtension>
        </extensions>
      </trkpt>
      <trkpt lat="45.70076758973300457000732421875" lon="126.5970624424517154693603515625">
        <ele>154.399993896484375</ele>
        <time>2026-08-11T22:48:13.000Z</time>
        <extensions>
          <ns3:TrackPointExtension>
            <ns3:hr>162</ns3:hr>
            <ns3:cad>89</ns3:cad>
          </ns3:TrackPointExtension>
        </extensions>
      </trkpt>
      <trkpt lat="45.70078854449093341827392578125" lon="126.5970508754253387451171875">
        <ele>154.399993896484375</ele>
        <time>2026-08-11T22:48:14.000Z</time>
        <extensions>
          <ns3:TrackPointExtension>
            <ns3:hr>162</ns3:hr>
            <ns3:cad>89</ns3:cad>
          </ns3:TrackPointExtension>
        </extensions>
      </trkpt>
      <trkpt lat="45.7008037157356739044189453125" lon="126.59702246077358722686767578125">
        <ele>154.399993896484375</ele>
        <time>2026-08-11T22:48:15.000Z</time>
        <extensions>
          <ns3:TrackPointExtension>
            <ns3:hr>162</ns3:hr>
            <ns3:cad>88</ns3:cad>
          </ns3:TrackPointExtension>
        </extensions>
      </trkpt>
      <trkpt lat="45.70081519894301891326904296875" lon="126.59698273055255413055419921875">
        <ele>154.1999969482421875</ele>
        <time>2026-08-11T22:48:16.000Z</time>
        <extensions>
          <ns3:TrackPointExtension>
            <ns3:hr>162</ns3:hr>
            <ns3:cad>88</ns3:cad>
          </ns3:TrackPointExtension>
        </extensions>
      </trkpt>
      <trkpt lat="45.7008181326091289520263671875" lon="126.59695372916758060455322265625">
        <ele>154</ele>
        <time>2026-08-11T22:48:17.000Z</time>
        <extensions>
          <ns3:TrackPointExtension>
            <ns3:hr>162</ns3:hr>
            <ns3:cad>88</ns3:cad>
          </ns3:TrackPointExtension>
        </extensions>
      </trkpt>
      <trkpt lat="45.7008198089897632598876953125" lon="126.5969132445752620697021484375">
        <ele>153.8000030517578125</ele>
        <time>2026-08-11T22:48:18.000Z</time>
        <extensions>
          <ns3:TrackPointExtension>
            <ns3:hr>161</ns3:hr>
            <ns3:cad>88</ns3:cad>
          </ns3:TrackPointExtension>
        </extensions>
      </trkpt>
      <trkpt lat="45.7008174620568752288818359375" lon="126.5968845784664154052734375">
        <ele>153.600006103515625</ele>
        <time>2026-08-11T22:48:19.000Z</time>
        <extensions>
          <ns3:TrackPointExtension>
            <ns3:hr>161</ns3:hr>
            <ns3:cad>88</ns3:cad>
          </ns3:TrackPointExtension>
        </extensions>
      </trkpt>
      <trkpt lat="45.7008161209523677825927734375" lon="126.59683872945606708526611328125">
        <ele>153.1999969482421875</ele>
        <time>2026-08-11T22:48:20.000Z</time>
        <extensions>
          <ns3:TrackPointExtension>
            <ns3:hr>161</ns3:hr>
            <ns3:cad>87</ns3:cad>
          </ns3:TrackPointExtension>
        </extensions>
      </trkpt>
      <trkpt lat="45.700812600553035736083984375" lon="126.59680704586207866668701171875">
        <ele>153</ele>
        <time>2026-08-11T22:48:21.000Z</time>
        <extensions>
          <ns3:TrackPointExtension>
            <ns3:hr>161</ns3:hr>
            <ns3:cad>86</ns3:cad>
          </ns3:TrackPointExtension>
        </extensions>
      </trkpt>
      <trkpt lat="45.70080698467791080474853515625" lon="126.59676630981266498565673828125">
        <ele>152.8000030517578125</ele>
        <time>2026-08-11T22:48:22.000Z</time>
        <extensions>
          <ns3:TrackPointExtension>
            <ns3:hr>161</ns3:hr>
            <ns3:cad>86</ns3:cad>
          </ns3:TrackPointExtension>
        </extensions>
      </trkpt>
      <trkpt lat="45.70080497302114963531494140625" lon="126.59673647023737430572509765625">
        <ele>152.600006103515625</ele>
        <time>2026-08-11T22:48:23.000Z</time>
        <extensions>
          <ns3:TrackPointExtension>
            <ns3:hr>161</ns3:hr>
            <ns3:cad>86</ns3:cad>
          </ns3:TrackPointExtension>
        </extensions>
      </trkpt>
      <trkpt lat="45.70079927332699298858642578125" lon="126.59670327790081501007080078125">
        <ele>152.1999969482421875</ele>
        <time>2026-08-11T22:48:24.000Z</time>
        <extensions>
          <ns3:TrackPointExtension>
            <ns3:hr>160</ns3:hr>
            <ns3:cad>87</ns3:cad>
          </ns3:TrackPointExtension>
        </extensions>
      </trkpt>
      <trkpt lat="45.70079860277473926544189453125" lon="126.59666262567043304443359375">
        <ele>151.8000030517578125</ele>
        <time>2026-08-11T22:48:25.000Z</time>
        <extensions>
          <ns3:TrackPointExtension>
            <ns3:hr>160</ns3:hr>
            <ns3:cad>87</ns3:cad>
          </ns3:TrackPointExtension>
        </extensions>
      </trkpt>
      <trkpt lat="45.70079977624118328094482421875" lon="126.59662507474422454833984375">
        <ele>151.600006103515625</ele>
        <time>2026-08-11T22:48:26.000Z</time>
        <extensions>
          <ns3:TrackPointExtension>
            <ns3:hr>160</ns3:hr>
            <ns3:cad>87</ns3:cad>
          </ns3:TrackPointExtension>
        </extensions>
      </trkpt>
      <trkpt lat="45.7007960043847560882568359375" lon="126.59658492542803287506103515625">
        <ele>151.399993896484375</ele>
        <time>2026-08-11T22:48:27.000Z</time>
        <extensions>
          <ns3:TrackPointExtension>
            <ns3:hr>161</ns3:hr>
            <ns3:cad>87</ns3:cad>
          </ns3:TrackPointExtension>
        </extensions>
      </trkpt>
      <trkpt lat="45.70079206489026546478271484375" lon="126.59655131399631500244140625">
        <ele>151</ele>
        <time>2026-08-11T22:48:28.000Z</time>
        <extensions>
          <ns3:TrackPointExtension>
            <ns3:hr>160</ns3:hr>
            <ns3:cad>87</ns3:cad>
          </ns3:TrackPointExtension>
        </extensions>
      </trkpt>
      <trkpt lat="45.700786113739013671875" lon="126.59650512970983982086181640625">
        <ele>150.8000030517578125</ele>
        <time>2026-08-11T22:48:29.000Z</time>
        <extensions>
          <ns3:TrackPointExtension>
            <ns3:hr>160</ns3:hr>
            <ns3:cad>86</ns3:cad>
          </ns3:TrackPointExtension>
        </extensions>
      </trkpt>
      <trkpt lat="45.7007802464067935943603515625" lon="126.59646875225007534027099609375">
        <ele>150.600006103515625</ele>
        <time>2026-08-11T22:48:30.000Z</time>
        <extensions>
          <ns3:TrackPointExtension>
            <ns3:hr>160</ns3:hr>
            <ns3:cad>85</ns3:cad>
          </ns3:TrackPointExtension>
        </extensions>
      </trkpt>
      <trkpt lat="45.70077228359878063201904296875" lon="126.59642449580132961273193359375">
        <ele>150.399993896484375</ele>
        <time>2026-08-11T22:48:31.000Z</time>
        <extensions>
          <ns3:TrackPointExtension>
            <ns3:hr>160</ns3:hr>
            <ns3:cad>85</ns3:cad>
          </ns3:TrackPointExtension>
        </extensions>
      </trkpt>
      <trkpt lat="45.700770355761051177978515625" lon="126.596386693418025970458984375">
        <ele>150</ele>
        <time>2026-08-11T22:48:32.000Z</time>
        <extensions>
          <ns3:TrackPointExtension>
            <ns3:hr>159</ns3:hr>
            <ns3:cad>86</ns3:cad>
          </ns3:TrackPointExtension>
        </extensions>
      </trkpt>
      <trkpt lat="45.700763650238513946533203125" lon="126.59634520299732685089111328125">
        <ele>149.8000030517578125</ele>
        <time>2026-08-11T22:48:33.000Z</time>
        <extensions>
          <ns3:TrackPointExtension>
            <ns3:hr>159</ns3:hr>
            <ns3:cad>86</ns3:cad>
          </ns3:TrackPointExtension>
        </extensions>
      </trkpt>
      <trkpt lat="45.70076574571430683135986328125" lon="126.596305556595325469970703125">
        <ele>149.600006103515625</ele>
        <time>2026-08-11T22:48:34.000Z</time>
        <extensions>
          <ns3:TrackPointExtension>
            <ns3:hr>159</ns3:hr>
            <ns3:cad>86</ns3:cad>
          </ns3:TrackPointExtension>
        </extensions>
      </trkpt>
      <trkpt lat="45.7007591240108013153076171875" lon="126.5962691791355609893798828125">
        <ele>149.600006103515625</ele>
        <time>2026-08-11T22:48:35.000Z</time>
        <extensions>
          <ns3:TrackPointExtension>
            <ns3:hr>159</ns3:hr>
            <ns3:cad>86</ns3:cad>
          </ns3:TrackPointExtension>
        </extensions>
      </trkpt>
      <trkpt lat="45.70075727999210357666015625" lon="126.59622953273355960845947265625">
        <ele>149.600006103515625</ele>
        <time>2026-08-11T22:48:36.000Z</time>
        <extensions>
          <ns3:TrackPointExtension>
            <ns3:hr>159</ns3:hr>
            <ns3:cad>86</ns3:cad>
          </ns3:TrackPointExtension>
        </extensions>
      </trkpt>
      <trkpt lat="45.7007500715553760528564453125" lon="126.59619399346411228179931640625">
        <ele>149.399993896484375</ele>
        <time>2026-08-11T22:48:37.000Z</time>
        <extensions>
          <ns3:TrackPointExtension>
            <ns3:hr>158</ns3:hr>
            <ns3:cad>86</ns3:cad>
          </ns3:TrackPointExtension>
        </extensions>
      </trkpt>
      <trkpt lat="45.70073909126222133636474609375" lon="126.59615392796695232391357421875">
        <ele>149.399993896484375</ele>
        <time>2026-08-11T22:48:38.000Z</time>
        <extensions>
          <ns3:TrackPointExtension>
            <ns3:hr>158</ns3:hr>
            <ns3:cad>86</ns3:cad>
          </ns3:TrackPointExtension>
        </extensions>
      </trkpt>
      <trkpt lat="45.7007279433310031890869140625" lon="126.59611721523106098175048828125">
        <ele>149.1999969482421875</ele>
        <time>2026-08-11T22:48:39.000Z</time>
        <extensions>
          <ns3:TrackPointExtension>
            <ns3:hr>158</ns3:hr>
            <ns3:cad>86</ns3:cad>
          </ns3:TrackPointExtension>
        </extensions>
      </trkpt>
      <trkpt lat="45.70071226917207241058349609375" lon="126.59607765264809131622314453125">
        <ele>149</ele>
        <time>2026-08-11T22:48:40.000Z</time>
        <extensions>
          <ns3:TrackPointExtension>
            <ns3:hr>158</ns3:hr>
            <ns3:cad>88</ns3:cad>
          </ns3:TrackPointExtension>
        </extensions>
      </trkpt>
      <trkpt lat="45.700698606669902801513671875" lon="126.59605636261403560638427734375">
        <ele>149</ele>
        <time>2026-08-11T22:48:41.000Z</time>
        <extensions>
          <ns3:TrackPointExtension>
            <ns3:hr>157</ns3:hr>
            <ns3:cad>88</ns3:cad>
          </ns3:TrackPointExtension>
        </extensions>
      </trkpt>
      <trkpt lat="45.70066767744719982147216796875" lon="126.5960264392197132110595703125">
        <ele>149</ele>
        <time>2026-08-11T22:48:42.000Z</time>
        <extensions>
          <ns3:TrackPointExtension>
            <ns3:hr>157</ns3:hr>
            <ns3:cad>88</ns3:cad>
          </ns3:TrackPointExtension>
        </extensions>
      </trkpt>
      <trkpt lat="45.70064873434603214263916015625" lon="126.5960254333913326263427734375">
        <ele>149</ele>
        <time>2026-08-11T22:48:43.000Z</time>
        <extensions>
          <ns3:TrackPointExtension>
            <ns3:hr>157</ns3:hr>
            <ns3:cad>89</ns3:cad>
          </ns3:TrackPointExtension>
        </extensions>
      </trkpt>
      <trkpt lat="45.70061839185655117034912109375" lon="126.59602249972522258758544921875">
        <ele>149</ele>
        <time>2026-08-11T22:48:44.000Z</time>
        <extensions>
          <ns3:TrackPointExtension>
            <ns3:hr>157</ns3:hr>
            <ns3:cad>89</ns3:cad>
          </ns3:TrackPointExtension>
        </extensions>
      </trkpt>
      <trkpt lat="45.70060146041214466094970703125" lon="126.596015878021717071533203125">
        <ele>149</ele>
        <time>2026-08-11T22:48:45.000Z</time>
        <extensions>
          <ns3:TrackPointExtension>
            <ns3:hr>157</ns3:hr>
            <ns3:cad>89</ns3:cad>
          </ns3:TrackPointExtension>
        </extensions>
      </trkpt>
      <trkpt lat="45.7005730457603931427001953125" lon="126.596008501946926116943359375">
        <ele>149</ele>
        <time>2026-08-11T22:48:46.000Z</time>
        <extensions>
          <ns3:TrackPointExtension>
            <ns3:hr>157</ns3:hr>
            <ns3:cad>89</ns3:cad>
          </ns3:TrackPointExtension>
        </extensions>
      </trkpt>
      <trkpt lat="45.70055611431598663330078125" lon="126.59600707702338695526123046875">
        <ele>149</ele>
        <time>2026-08-11T22:48:47.000Z</time>
        <extensions>
          <ns3:TrackPointExtension>
            <ns3:hr>157</ns3:hr>
            <ns3:cad>89</ns3:cad>
          </ns3:TrackPointExtension>
        </extensions>
      </trkpt>
      <trkpt lat="45.70052987895905971527099609375" lon="126.59600523300468921661376953125">
        <ele>149</ele>
        <time>2026-08-11T22:48:48.000Z</time>
        <extensions>
          <ns3:TrackPointExtension>
            <ns3:hr>157</ns3:hr>
            <ns3:cad>89</ns3:cad>
          </ns3:TrackPointExtension>
        </extensions>
      </trkpt>
      <trkpt lat="45.700505487620830535888671875" lon="126.5960043109953403472900390625">
        <ele>149</ele>
        <time>2026-08-11T22:48:49.000Z</time>
        <extensions>
          <ns3:TrackPointExtension>
            <ns3:hr>157</ns3:hr>
            <ns3:cad>89</ns3:cad>
          </ns3:TrackPointExtension>
        </extensions>
      </trkpt>
      <trkpt lat="45.70048092864453792572021484375" lon="126.59600573591887950897216796875">
        <ele>149</ele>
        <time>2026-08-11T22:48:50.000Z</time>
        <extensions>
          <ns3:TrackPointExtension>
            <ns3:hr>157</ns3:hr>
            <ns3:cad>87</ns3:cad>
          </ns3:TrackPointExtension>
        </extensions>
      </trkpt>
      <trkpt lat="45.7004486583173274993896484375" lon="126.59600456245243549346923828125">
        <ele>149</ele>
        <time>2026-08-11T22:48:51.000Z</time>
        <extensions>
          <ns3:TrackPointExtension>
            <ns3:hr>157</ns3:hr>
            <ns3:cad>87</ns3:cad>
          </ns3:TrackPointExtension>
        </extensions>
      </trkpt>
      <trkpt lat="45.70042108185589313507080078125" lon="126.5960053168237209320068359375">
        <ele>149</ele>
        <time>2026-08-11T22:48:52.000Z</time>
        <extensions>
          <ns3:TrackPointExtension>
            <ns3:hr>157</ns3:hr>
            <ns3:cad>87</ns3:cad>
          </ns3:TrackPointExtension>
        </extensions>
      </trkpt>
      <trkpt lat="45.700390823185443878173828125" lon="126.59600120969116687774658203125">
        <ele>149</ele>
        <time>2026-08-11T22:48:53.000Z</time>
        <extensions>
          <ns3:TrackPointExtension>
            <ns3:hr>157</ns3:hr>
            <ns3:cad>87</ns3:cad>
          </ns3:TrackPointExtension>
        </extensions>
      </trkpt>
      <trkpt lat="45.70036609657108783721923828125" lon="126.59600087441504001617431640625">
        <ele>149</ele>
        <time>2026-08-11T22:48:54.000Z</time>
        <extensions>
          <ns3:TrackPointExtension>
            <ns3:hr>157</ns3:hr>
            <ns3:cad>87</ns3:cad>
          </ns3:TrackPointExtension>
        </extensions>
      </trkpt>
      <trkpt lat="45.70033340714871883392333984375" lon="126.5959919057786464691162109375">
        <ele>149</ele>
        <time>2026-08-11T22:48:55.000Z</time>
        <extensions>
          <ns3:TrackPointExtension>
            <ns3:hr>156</ns3:hr>
            <ns3:cad>87</ns3:cad>
          </ns3:TrackPointExtension>
        </extensions>
      </trkpt>
      <trkpt lat="45.70031178183853626251220703125" lon="126.59598327241837978363037109375">
        <ele>149</ele>
        <time>2026-08-11T22:48:56.000Z</time>
        <extensions>
          <ns3:TrackPointExtension>
            <ns3:hr>157</ns3:hr>
            <ns3:cad>87</ns3:cad>
          </ns3:TrackPointExtension>
        </extensions>
      </trkpt>
      <trkpt lat="45.7002853788435459136962890625" lon="126.59596751444041728973388671875">
        <ele>149</ele>
        <time>2026-08-11T22:48:57.000Z</time>
        <extensions>
          <ns3:TrackPointExtension>
            <ns3:hr>157</ns3:hr>
            <ns3:cad>87</ns3:cad>
          </ns3:TrackPointExtension>
        </extensions>
      </trkpt>
      <trkpt lat="45.7002642564475536346435546875" lon="126.5959538519382476806640625">
        <ele>148.8000030517578125</ele>
        <time>2026-08-11T22:48:58.000Z</time>
        <extensions>
          <ns3:TrackPointExtension>
            <ns3:hr>157</ns3:hr>
            <ns3:cad>87</ns3:cad>
          </ns3:TrackPointExtension>
        </extensions>
      </trkpt>
      <trkpt lat="45.70023802109062671661376953125" lon="126.595936082303524017333984375">
        <ele>148.8000030517578125</ele>
        <time>2026-08-11T22:48:59.000Z</time>
        <extensions>
          <ns3:TrackPointExtension>
            <ns3:hr>157</ns3:hr>
            <ns3:cad>87</ns3:cad>
          </ns3:TrackPointExtension>
        </extensions>
      </trkpt>
      <trkpt lat="45.7002146355807781219482421875" lon="126.5959137864410877227783203125">
        <ele>148.8000030517578125</ele>
        <time>2026-08-11T22:49:00.000Z</time>
        <extensions>
          <ns3:TrackPointExtension>
            <ns3:hr>157</ns3:hr>
            <ns3:cad>87</ns3:cad>
          </ns3:TrackPointExtension>
        </extensions>
      </trkpt>
      <trkpt lat="45.700191669166088104248046875" lon="126.59589040093123912811279296875">
        <ele>148.600006103515625</ele>
        <time>2026-08-11T22:49:01.000Z</time>
        <extensions>
          <ns3:TrackPointExtension>
            <ns3:hr>157</ns3:hr>
            <ns3:cad>87</ns3:cad>
          </ns3:TrackPointExtension>
        </extensions>
      </trkpt>
      <trkpt lat="45.70016962476074695587158203125" lon="126.59585704095661640167236328125">
        <ele>148.600006103515625</ele>
        <time>2026-08-11T22:49:02.000Z</time>
        <extensions>
          <ns3:TrackPointExtension>
            <ns3:hr>157</ns3:hr>
            <ns3:cad>87</ns3:cad>
          </ns3:TrackPointExtension>
        </extensions>
      </trkpt>
      <trkpt lat="45.70015151984989643096923828125" lon="126.59583206288516521453857421875">
        <ele>148.600006103515625</ele>
        <time>2026-08-11T22:49:03.000Z</time>
        <extensions>
          <ns3:TrackPointExtension>
            <ns3:hr>157</ns3:hr>
            <ns3:cad>87</ns3:cad>
          </ns3:TrackPointExtension>
        </extensions>
      </trkpt>
      <trkpt lat="45.70014129392802715301513671875" lon="126.59579384140670299530029296875">
        <ele>148.600006103515625</ele>
        <time>2026-08-11T22:49:04.000Z</time>
        <extensions>
          <ns3:TrackPointExtension>
            <ns3:hr>156</ns3:hr>
            <ns3:cad>87</ns3:cad>
          </ns3:TrackPointExtension>
        </extensions>
      </trkpt>
      <trkpt lat="45.700127296149730682373046875" lon="126.595756374299526214599609375">
        <ele>148.600006103515625</ele>
        <time>2026-08-11T22:49:05.000Z</time>
        <extensions>
          <ns3:TrackPointExtension>
            <ns3:hr>157</ns3:hr>
            <ns3:cad>87</ns3:cad>
          </ns3:TrackPointExtension>
        </extensions>
      </trkpt>
      <trkpt lat="45.70012025535106658935546875" lon="126.595716811716556549072265625">
        <ele>148.600006103515625</ele>
        <time>2026-08-11T22:49:06.000Z</time>
        <extensions>
          <ns3:TrackPointExtension>
            <ns3:hr>157</ns3:hr>
            <ns3:cad>87</ns3:cad>
          </ns3:TrackPointExtension>
        </extensions>
      </trkpt>
      <trkpt lat="45.70011296309530735015869140625" lon="126.595686636865139007568359375">
        <ele>148.600006103515625</ele>
        <time>2026-08-11T22:49:07.000Z</time>
        <extensions>
          <ns3:TrackPointExtension>
            <ns3:hr>157</ns3:hr>
            <ns3:cad>87</ns3:cad>
          </ns3:TrackPointExtension>
        </extensions>
      </trkpt>
      <trkpt lat="45.7001083530485630035400390625" lon="126.5956475771963596343994140625">
        <ele>148.600006103515625</ele>
        <time>2026-08-11T22:49:08.000Z</time>
        <extensions>
          <ns3:TrackPointExtension>
            <ns3:hr>157</ns3:hr>
            <ns3:cad>88</ns3:cad>
          </ns3:TrackPointExtension>
        </extensions>
      </trkpt>
      <trkpt lat="45.7001053355634212493896484375" lon="126.59561346285045146942138671875">
        <ele>148.8000030517578125</ele>
        <time>2026-08-11T22:49:09.000Z</time>
        <extensions>
          <ns3:TrackPointExtension>
            <ns3:hr>157</ns3:hr>
            <ns3:cad>88</ns3:cad>
          </ns3:TrackPointExtension>
        </extensions>
      </trkpt>
      <trkpt lat="45.700101815164089202880859375" lon="126.59556753002107143402099609375">
        <ele>148.8000030517578125</ele>
        <time>2026-08-11T22:49:10.000Z</time>
        <extensions>
          <ns3:TrackPointExtension>
            <ns3:hr>157</ns3:hr>
            <ns3:cad>88</ns3:cad>
          </ns3:TrackPointExtension>
        </extensions>
      </trkpt>
      <trkpt lat="45.70009619928896427154541015625" lon="126.5955392830073833465576171875">
        <ele>148.8000030517578125</ele>
        <time>2026-08-11T22:49:11.000Z</time>
        <extensions>
          <ns3:TrackPointExtension>
            <ns3:hr>157</ns3:hr>
            <ns3:cad>89</ns3:cad>
          </ns3:TrackPointExtension>
        </extensions>
      </trkpt>
      <trkpt lat="45.7000895775854587554931640625" lon="126.59549410454928874969482421875">
        <ele>149</ele>
        <time>2026-08-11T22:49:12.000Z</time>
        <extensions>
          <ns3:TrackPointExtension>
            <ns3:hr>157</ns3:hr>
            <ns3:cad>89</ns3:cad>
          </ns3:TrackPointExtension>
        </extensions>
      </trkpt>
      <trkpt lat="45.70008044131100177764892578125" lon="126.59547080285847187042236328125">
        <ele>149</ele>
        <time>2026-08-11T22:49:13.000Z</time>
        <extensions>
          <ns3:TrackPointExtension>
            <ns3:hr>157</ns3:hr>
            <ns3:cad>89</ns3:cad>
          </ns3:TrackPointExtension>
        </extensions>
      </trkpt>
      <trkpt lat="45.70007239468395709991455078125" lon="126.59542252309620380401611328125">
        <ele>149.1999969482421875</ele>
        <time>2026-08-11T22:49:14.000Z</time>
        <extensions>
          <ns3:TrackPointExtension>
            <ns3:hr>157</ns3:hr>
            <ns3:cad>89</ns3:cad>
          </ns3:TrackPointExtension>
        </extensions>
      </trkpt>
      <trkpt lat="45.70006350986659526824951171875" lon="126.595390923321247100830078125">
        <ele>149.399993896484375</ele>
        <time>2026-08-11T22:49:15.000Z</time>
        <extensions>
          <ns3:TrackPointExtension>
            <ns3:hr>158</ns3:hr>
            <ns3:cad>89</ns3:cad>
          </ns3:TrackPointExtension>
        </extensions>
      </trkpt>
      <trkpt lat="45.7000563852488994598388671875" lon="126.59534993581473827362060546875">
        <ele>149.399993896484375</ele>
        <time>2026-08-11T22:49:16.000Z</time>
        <extensions>
          <ns3:TrackPointExtension>
            <ns3:hr>157</ns3:hr>
            <ns3:cad>88</ns3:cad>
          </ns3:TrackPointExtension>
        </extensions>
      </trkpt>
      <trkpt lat="45.70005127228796482086181640625" lon="126.595321185886859893798828125">
        <ele>149.600006103515625</ele>
        <time>2026-08-11T22:49:17.000Z</time>
        <extensions>
          <ns3:TrackPointExtension>
            <ns3:hr>157</ns3:hr>
            <ns3:cad>88</ns3:cad>
          </ns3:TrackPointExtension>
        </extensions>
      </trkpt>
      <trkpt lat="45.7000391185283660888671875" lon="126.59528589807450771331787109375">
        <ele>149.600006103515625</ele>
        <time>2026-08-11T22:49:18.000Z</time>
        <extensions>
          <ns3:TrackPointExtension>
            <ns3:hr>158</ns3:hr>
            <ns3:cad>88</ns3:cad>
          </ns3:TrackPointExtension>
        </extensions>
      </trkpt>
      <trkpt lat="45.70003367029130458831787109375" lon="126.59525203518569469451904296875">
        <ele>149.600006103515625</ele>
        <time>2026-08-11T22:49:19.000Z</time>
        <extensions>
          <ns3:TrackPointExtension>
            <ns3:hr>158</ns3:hr>
            <ns3:cad>88</ns3:cad>
          </ns3:TrackPointExtension>
        </extensions>
      </trkpt>
      <trkpt lat="45.70002629421651363372802734375" lon="126.5952135622501373291015625">
        <ele>149.600006103515625</ele>
        <time>2026-08-11T22:49:20.000Z</time>
        <extensions>
          <ns3:TrackPointExtension>
            <ns3:hr>158</ns3:hr>
            <ns3:cad>88</ns3:cad>
          </ns3:TrackPointExtension>
        </extensions>
      </trkpt>
      <trkpt lat="45.700022689998149871826171875" lon="126.59517760388553142547607421875">
        <ele>149.600006103515625</ele>
        <time>2026-08-11T22:49:21.000Z</time>
        <extensions>
          <ns3:TrackPointExtension>
            <ns3:hr>158</ns3:hr>
            <ns3:cad>88</ns3:cad>
          </ns3:TrackPointExtension>
        </extensions>
      </trkpt>
      <trkpt lat="45.70001523010432720184326171875" lon="126.59514944069087505340576171875">
        <ele>149.600006103515625</ele>
        <time>2026-08-11T22:49:22.000Z</time>
        <extensions>
          <ns3:TrackPointExtension>
            <ns3:hr>158</ns3:hr>
            <ns3:cad>87</ns3:cad>
          </ns3:TrackPointExtension>
        </extensions>
      </trkpt>
      <trkpt lat="45.70001590065658092498779296875" lon="126.5951151587069034576416015625">
        <ele>149.600006103515625</ele>
        <time>2026-08-11T22:49:23.000Z</time>
        <extensions>
          <ns3:TrackPointExtension>
            <ns3:hr>158</ns3:hr>
            <ns3:cad>87</ns3:cad>
          </ns3:TrackPointExtension>
        </extensions>
      </trkpt>
      <trkpt lat="45.70001305080950260162353515625" lon="126.5950863249599933624267578125">
        <ele>149.600006103515625</ele>
        <time>2026-08-11T22:49:24.000Z</time>
        <extensions>
          <ns3:TrackPointExtension>
            <ns3:hr>159</ns3:hr>
            <ns3:cad>87</ns3:cad>
          </ns3:TrackPointExtension>
        </extensions>
      </trkpt>
      <trkpt lat="45.7000084407627582550048828125" lon="126.59504315815865993499755859375">
        <ele>149.8000030517578125</ele>
        <time>2026-08-11T22:49:25.000Z</time>
        <extensions>
          <ns3:TrackPointExtension>
            <ns3:hr>159</ns3:hr>
            <ns3:cad>87</ns3:cad>
          </ns3:TrackPointExtension>
        </extensions>
      </trkpt>
      <trkpt lat="45.7000040821731090545654296875" lon="126.5950142405927181243896484375">
        <ele>150</ele>
        <time>2026-08-11T22:49:26.000Z</time>
        <extensions>
          <ns3:TrackPointExtension>
            <ns3:hr>159</ns3:hr>
            <ns3:cad>87</ns3:cad>
          </ns3:TrackPointExtension>
        </extensions>
      </trkpt>
      <trkpt lat="45.7000027410686016082763671875" lon="126.59497660584747791290283203125">
        <ele>150.1999969482421875</ele>
        <time>2026-08-11T22:49:27.000Z</time>
        <extensions>
          <ns3:TrackPointExtension>
            <ns3:hr>160</ns3:hr>
            <ns3:cad>87</ns3:cad>
          </ns3:TrackPointExtension>
        </extensions>
      </trkpt>
      <trkpt lat="45.70000064559280872344970703125" lon="126.5949424915015697479248046875">
        <ele>150.1999969482421875</ele>
        <time>2026-08-11T22:49:28.000Z</time>
        <extensions>
          <ns3:TrackPointExtension>
            <ns3:hr>160</ns3:hr>
            <ns3:cad>87</ns3:cad>
          </ns3:TrackPointExtension>
        </extensions>
      </trkpt>
      <trkpt lat="45.6999980472028255462646484375" lon="126.59490846097469329833984375">
        <ele>150.399993896484375</ele>
        <time>2026-08-11T22:49:29.000Z</time>
        <extensions>
          <ns3:TrackPointExtension>
            <ns3:hr>160</ns3:hr>
            <ns3:cad>87</ns3:cad>
          </ns3:TrackPointExtension>
        </extensions>
      </trkpt>
      <trkpt lat="45.700000226497650146484375" lon="126.5948787890374660491943359375">
        <ele>150.600006103515625</ele>
        <time>2026-08-11T22:49:30.000Z</time>
        <extensions>
          <ns3:TrackPointExtension>
            <ns3:hr>160</ns3:hr>
            <ns3:cad>87</ns3:cad>
          </ns3:TrackPointExtension>
        </extensions>
      </trkpt>
      <trkpt lat="45.70000148378312587738037109375" lon="126.5948482789099216461181640625">
        <ele>150.600006103515625</ele>
        <time>2026-08-11T22:49:31.000Z</time>
        <extensions>
          <ns3:TrackPointExtension>
            <ns3:hr>161</ns3:hr>
            <ns3:cad>87</ns3:cad>
          </ns3:TrackPointExtension>
        </extensions>
      </trkpt>
      <trkpt lat="45.7000096142292022705078125" lon="126.5948130749166011810302734375">
        <ele>150.8000030517578125</ele>
        <time>2026-08-11T22:49:32.000Z</time>
        <extensions>
          <ns3:TrackPointExtension>
            <ns3:hr>161</ns3:hr>
            <ns3:cad>87</ns3:cad>
          </ns3:TrackPointExtension>
        </extensions>
      </trkpt>
      <trkpt lat="45.70001003332436084747314453125" lon="126.5947844088077545166015625">
        <ele>150.8000030517578125</ele>
        <time>2026-08-11T22:49:33.000Z</time>
        <extensions>
          <ns3:TrackPointExtension>
            <ns3:hr>161</ns3:hr>
            <ns3:cad>87</ns3:cad>
          </ns3:TrackPointExtension>
        </extensions>
      </trkpt>
      <trkpt lat="45.70001162588596343994140625" lon="126.5947403199970722198486328125">
        <ele>151</ele>
        <time>2026-08-11T22:49:34.000Z</time>
        <extensions>
          <ns3:TrackPointExtension>
            <ns3:hr>162</ns3:hr>
            <ns3:cad>87</ns3:cad>
          </ns3:TrackPointExtension>
        </extensions>
      </trkpt>
      <trkpt lat="45.7000104524195194244384765625" lon="126.5947165153920650482177734375">
        <ele>151</ele>
        <time>2026-08-11T22:49:35.000Z</time>
        <extensions>
          <ns3:TrackPointExtension>
            <ns3:hr>162</ns3:hr>
            <ns3:cad>87</ns3:cad>
          </ns3:TrackPointExtension>
        </extensions>
      </trkpt>
      <trkpt lat="45.6999993883073329925537109375" lon="126.5946705825626850128173828125">
        <ele>151</ele>
        <time>2026-08-11T22:49:36.000Z</time>
        <extensions>
          <ns3:TrackPointExtension>
            <ns3:hr>163</ns3:hr>
            <ns3:cad>87</ns3:cad>
          </ns3:TrackPointExtension>
        </extensions>
      </trkpt>
      <trkpt lat="45.69999176077544689178466796875" lon="126.5946511365473270416259765625">
        <ele>151</ele>
        <time>2026-08-11T22:49:37.000Z</time>
        <extensions>
          <ns3:TrackPointExtension>
            <ns3:hr>163</ns3:hr>
            <ns3:cad>87</ns3:cad>
          </ns3:TrackPointExtension>
        </extensions>
      </trkpt>
      <trkpt lat="45.69997801445424556732177734375" lon="126.5946202911436557769775390625">
        <ele>151</ele>
        <time>2026-08-11T22:49:38.000Z</time>
        <extensions>
          <ns3:TrackPointExtension>
            <ns3:hr>163</ns3:hr>
            <ns3:cad>87</ns3:cad>
          </ns3:TrackPointExtension>
        </extensions>
      </trkpt>
      <trkpt lat="45.699969716370105743408203125" lon="126.5945954807102680206298828125">
        <ele>151.1999969482421875</ele>
        <time>2026-08-11T22:49:39.000Z</time>
        <extensions>
          <ns3:TrackPointExtension>
            <ns3:hr>164</ns3:hr>
            <ns3:cad>88</ns3:cad>
          </ns3:TrackPointExtension>
        </extensions>
      </trkpt>
      <trkpt lat="45.69996275939047336578369140625" lon="126.5945606119930744171142578125">
        <ele>151.1999969482421875</ele>
        <time>2026-08-11T22:49:40.000Z</time>
        <extensions>
          <ns3:TrackPointExtension>
            <ns3:hr>164</ns3:hr>
            <ns3:cad>88</ns3:cad>
          </ns3:TrackPointExtension>
        </extensions>
      </trkpt>
      <trkpt lat="45.69995219819247722625732421875" lon="126.59452767111361026763916015625">
        <ele>151.1999969482421875</ele>
        <time>2026-08-11T22:49:41.000Z</time>
        <extensions>
          <ns3:TrackPointExtension>
            <ns3:hr>165</ns3:hr>
            <ns3:cad>88</ns3:cad>
          </ns3:TrackPointExtension>
        </extensions>
      </trkpt>
      <trkpt lat="45.69993962533771991729736328125" lon="126.59449313767254352569580078125">
        <ele>151.399993896484375</ele>
        <time>2026-08-11T22:49:42.000Z</time>
        <extensions>
          <ns3:TrackPointExtension>
            <ns3:hr>165</ns3:hr>
            <ns3:cad>89</ns3:cad>
          </ns3:TrackPointExtension>
        </extensions>
      </trkpt>
      <trkpt lat="45.69992621429264545440673828125" lon="126.59445692785084247589111328125">
        <ele>151.399993896484375</ele>
        <time>2026-08-11T22:49:43.000Z</time>
        <extensions>
          <ns3:TrackPointExtension>
            <ns3:hr>165</ns3:hr>
            <ns3:cad>89</ns3:cad>
          </ns3:TrackPointExtension>
        </extensions>
      </trkpt>
      <trkpt lat="45.6999135576188564300537109375" lon="126.59443630836904048919677734375">
        <ele>151.399993896484375</ele>
        <time>2026-08-11T22:49:44.000Z</time>
        <extensions>
          <ns3:TrackPointExtension>
            <ns3:hr>166</ns3:hr>
            <ns3:cad>89</ns3:cad>
          </ns3:TrackPointExtension>
        </extensions>
      </trkpt>
      <trkpt lat="45.699895285069942474365234375" lon="126.594415269792079925537109375">
        <ele>151.399993896484375</ele>
        <time>2026-08-11T22:49:45.000Z</time>
        <extensions>
          <ns3:TrackPointExtension>
            <ns3:hr>166</ns3:hr>
            <ns3:cad>89</ns3:cad>
          </ns3:TrackPointExtension>
        </extensions>
      </trkpt>
      <trkpt lat="45.69988078437745571136474609375" lon="126.59440211020410060882568359375">
        <ele>151.399993896484375</ele>
        <time>2026-08-11T22:49:46.000Z</time>
        <extensions>
          <ns3:TrackPointExtension>
            <ns3:hr>166</ns3:hr>
            <ns3:cad>88</ns3:cad>
          </ns3:TrackPointExtension>
        </extensions>
      </trkpt>
      <trkpt lat="45.69985362701117992401123046875" lon="126.5943879447877407073974609375">
        <ele>151.399993896484375</ele>
        <time>2026-08-11T22:49:47.000Z</time>
        <extensions>
          <ns3:TrackPointExtension>
            <ns3:hr>167</ns3:hr>
            <ns3:cad>88</ns3:cad>
          </ns3:TrackPointExtension>
        </extensions>
      </trkpt>
      <trkpt lat="45.69983602501451969146728515625" lon="126.59438299946486949920654296875">
        <ele>151.399993896484375</ele>
        <time>2026-08-11T22:49:48.000Z</time>
        <extensions>
          <ns3:TrackPointExtension>
            <ns3:hr>167</ns3:hr>
            <ns3:cad>88</ns3:cad>
          </ns3:TrackPointExtension>
        </extensions>
      </trkpt>
      <trkpt lat="45.69981087930500507354736328125" lon="126.59437545575201511383056640625">
        <ele>151.399993896484375</ele>
        <time>2026-08-11T22:49:49.000Z</time>
        <extensions>
          <ns3:TrackPointExtension>
            <ns3:hr>167</ns3:hr>
            <ns3:cad>88</ns3:cad>
          </ns3:TrackPointExtension>
        </extensions>
      </trkpt>
      <trkpt lat="45.699791014194488525390625" lon="126.594377048313617706298828125">
        <ele>151.399993896484375</ele>
        <time>2026-08-11T22:49:50.000Z</time>
        <extensions>
          <ns3:TrackPointExtension>
            <ns3:hr>167</ns3:hr>
            <ns3:cad>88</ns3:cad>
          </ns3:TrackPointExtension>
        </extensions>
      </trkpt>
      <trkpt lat="45.69975949823856353759765625" lon="126.5943753719329833984375">
        <ele>151.399993896484375</ele>
        <time>2026-08-11T22:49:51.000Z</time>
        <extensions>
          <ns3:TrackPointExtension>
            <ns3:hr>167</ns3:hr>
            <ns3:cad>88</ns3:cad>
          </ns3:TrackPointExtension>
        </extensions>
      </trkpt>
      <trkpt lat="45.69973795674741268157958984375" lon="126.5943815745413303375244140625">
        <ele>151.399993896484375</ele>
        <time>2026-08-11T22:49:52.000Z</time>
        <extensions>
          <ns3:TrackPointExtension>
            <ns3:hr>167</ns3:hr>
            <ns3:cad>88</ns3:cad>
          </ns3:TrackPointExtension>
        </extensions>
      </trkpt>
      <trkpt lat="45.6997046805918216705322265625" lon="126.5943866036832332611083984375">
        <ele>151.399993896484375</ele>
        <time>2026-08-11T22:49:53.000Z</time>
        <extensions>
          <ns3:TrackPointExtension>
            <ns3:hr>167</ns3:hr>
            <ns3:cad>88</ns3:cad>
          </ns3:TrackPointExtension>
        </extensions>
      </trkpt>
      <trkpt lat="45.6996825523674488067626953125" lon="126.59439087845385074615478515625">
        <ele>151.399993896484375</ele>
        <time>2026-08-11T22:49:54.000Z</time>
        <extensions>
          <ns3:TrackPointExtension>
            <ns3:hr>167</ns3:hr>
            <ns3:cad>88</ns3:cad>
          </ns3:TrackPointExtension>
        </extensions>
      </trkpt>
      <trkpt lat="45.69964961148798465728759765625" lon="126.5943959914147853851318359375">
        <ele>151.399993896484375</ele>
        <time>2026-08-11T22:49:55.000Z</time>
        <extensions>
          <ns3:TrackPointExtension>
            <ns3:hr>167</ns3:hr>
            <ns3:cad>88</ns3:cad>
          </ns3:TrackPointExtension>
        </extensions>
      </trkpt>
      <trkpt lat="45.6996235437691211700439453125" lon="126.594399176537990570068359375">
        <ele>151.600006103515625</ele>
        <time>2026-08-11T22:49:56.000Z</time>
        <extensions>
          <ns3:TrackPointExtension>
            <ns3:hr>167</ns3:hr>
            <ns3:cad>88</ns3:cad>
          </ns3:TrackPointExtension>
        </extensions>
      </trkpt>
      <trkpt lat="45.6995937041938304901123046875" lon="126.59440361894667148590087890625">
        <ele>151.600006103515625</ele>
        <time>2026-08-11T22:49:57.000Z</time>
        <extensions>
          <ns3:TrackPointExtension>
            <ns3:hr>167</ns3:hr>
            <ns3:cad>88</ns3:cad>
          </ns3:TrackPointExtension>
        </extensions>
      </trkpt>
      <trkpt lat="45.69956713356077671051025390625" lon="126.594405882060527801513671875">
        <ele>151.600006103515625</ele>
        <time>2026-08-11T22:49:58.000Z</time>
        <extensions>
          <ns3:TrackPointExtension>
            <ns3:hr>168</ns3:hr>
            <ns3:cad>88</ns3:cad>
          </ns3:TrackPointExtension>
        </extensions>
      </trkpt>
      <trkpt lat="45.6995383836328983306884765625" lon="126.59441602416336536407470703125">
        <ele>151.399993896484375</ele>
        <time>2026-08-11T22:49:59.000Z</time>
        <extensions>
          <ns3:TrackPointExtension>
            <ns3:hr>167</ns3:hr>
            <ns3:cad>88</ns3:cad>
          </ns3:TrackPointExtension>
        </extensions>
      </trkpt>
      <trkpt lat="45.69951114244759082794189453125" lon="126.5944201312959194183349609375">
        <ele>151.399993896484375</ele>
        <time>2026-08-11T22:50:00.000Z</time>
        <extensions>
          <ns3:TrackPointExtension>
            <ns3:hr>167</ns3:hr>
            <ns3:cad>88</ns3:cad>
          </ns3:TrackPointExtension>
        </extensions>
      </trkpt>
      <trkpt lat="45.69948934949934482574462890625" lon="126.5944268368184566497802734375">
        <ele>151.399993896484375</ele>
        <time>2026-08-11T22:50:01.000Z</time>
        <extensions>
          <ns3:TrackPointExtension>
            <ns3:hr>167</ns3:hr>
            <ns3:cad>87</ns3:cad>
          </ns3:TrackPointExtension>
        </extensions>
      </trkpt>
      <trkpt lat="45.69946470670402050018310546875" lon="126.59442692063748836517333984375">
        <ele>151.1999969482421875</ele>
        <time>2026-08-11T22:50:02.000Z</time>
        <extensions>
          <ns3:TrackPointExtension>
            <ns3:hr>167</ns3:hr>
            <ns3:cad>87</ns3:cad>
          </ns3:TrackPointExtension>
        </extensions>
      </trkpt>
      <trkpt lat="45.69943620823323726654052734375" lon="126.594433374702930450439453125">
        <ele>151.1999969482421875</ele>
        <time>2026-08-11T22:50:03.000Z</time>
        <extensions>
          <ns3:TrackPointExtension>
            <ns3:hr>167</ns3:hr>
            <ns3:cad>87</ns3:cad>
          </ns3:TrackPointExtension>
        </extensions>
      </trkpt>
      <trkpt lat="45.6994069553911685943603515625" lon="126.59443630836904048919677734375">
        <ele>151.1999969482421875</ele>
        <time>2026-08-11T22:50:04.000Z</time>
        <extensions>
          <ns3:TrackPointExtension>
            <ns3:hr>166</ns3:hr>
            <ns3:cad>87</ns3:cad>
          </ns3:TrackPointExtension>
        </extensions>
      </trkpt>
      <trkpt lat="45.6993794627487659454345703125" lon="126.59444083459675312042236328125">
        <ele>151.1999969482421875</ele>
        <time>2026-08-11T22:50:05.000Z</time>
        <extensions>
          <ns3:TrackPointExtension>
            <ns3:hr>166</ns3:hr>
            <ns3:cad>87</ns3:cad>
          </ns3:TrackPointExtension>
        </extensions>
      </trkpt>
      <trkpt lat="45.6993497908115386962890625" lon="126.59443832002580165863037109375">
        <ele>151.1999969482421875</ele>
        <time>2026-08-11T22:50:06.000Z</time>
        <extensions>
          <ns3:TrackPointExtension>
            <ns3:hr>166</ns3:hr>
            <ns3:cad>87</ns3:cad>
          </ns3:TrackPointExtension>
        </extensions>
      </trkpt>
      <trkpt lat="45.6993318535387516021728515625" lon="126.5944437682628631591796875">
        <ele>151.1999969482421875</ele>
        <time>2026-08-11T22:50:07.000Z</time>
        <extensions>
          <ns3:TrackPointExtension>
            <ns3:hr>166</ns3:hr>
            <ns3:cad>87</ns3:cad>
          </ns3:TrackPointExtension>
        </extensions>
      </trkpt>
      <trkpt lat="45.6992973200976848602294921875" lon="126.59444334916770458221435546875">
        <ele>151.1999969482421875</ele>
        <time>2026-08-11T22:50:08.000Z</time>
        <extensions>
          <ns3:TrackPointExtension>
            <ns3:hr>166</ns3:hr>
            <ns3:cad>88</ns3:cad>
          </ns3:TrackPointExtension>
        </extensions>
      </trkpt>
      <trkpt lat="45.699279047548770904541015625" lon="126.59445038996636867523193359375">
        <ele>151.1999969482421875</ele>
        <time>2026-08-11T22:50:09.000Z</time>
        <extensions>
          <ns3:TrackPointExtension>
            <ns3:hr>165</ns3:hr>
            <ns3:cad>88</ns3:cad>
          </ns3:TrackPointExtension>
        </extensions>
      </trkpt>
      <trkpt lat="45.6992406584322452545166015625" lon="126.59445743076503276824951171875">
        <ele>151.1999969482421875</ele>
        <time>2026-08-11T22:50:10.000Z</time>
        <extensions>
          <ns3:TrackPointExtension>
            <ns3:hr>165</ns3:hr>
            <ns3:cad>87</ns3:cad>
          </ns3:TrackPointExtension>
        </extensions>
      </trkpt>
      <trkpt lat="45.6992168538272380828857421875" lon="126.5944630466401576995849609375">
        <ele>151</ele>
        <time>2026-08-11T22:50:11.000Z</time>
        <extensions>
          <ns3:TrackPointExtension>
            <ns3:hr>165</ns3:hr>
            <ns3:cad>87</ns3:cad>
          </ns3:TrackPointExtension>
        </extensions>
      </trkpt>
      <trkpt lat="45.69918609224259853363037109375" lon="126.594472937285900115966796875">
        <ele>151</ele>
        <time>2026-08-11T22:50:12.000Z</time>
        <extensions>
          <ns3:TrackPointExtension>
            <ns3:hr>165</ns3:hr>
            <ns3:cad>88</ns3:cad>
          </ns3:TrackPointExtension>
        </extensions>
      </trkpt>
      <trkpt lat="45.69916010834276676177978515625" lon="126.59447452984750270843505859375">
        <ele>151</ele>
        <time>2026-08-11T22:50:13.000Z</time>
        <extensions>
          <ns3:TrackPointExtension>
            <ns3:hr>165</ns3:hr>
            <ns3:cad>88</ns3:cad>
          </ns3:TrackPointExtension>
        </extensions>
      </trkpt>
      <trkpt lat="45.6991313584148883819580078125" lon="126.59448525868356227874755859375">
        <ele>151</ele>
        <time>2026-08-11T22:50:14.000Z</time>
        <extensions>
          <ns3:TrackPointExtension>
            <ns3:hr>165</ns3:hr>
            <ns3:cad>88</ns3:cad>
          </ns3:TrackPointExtension>
        </extensions>
      </trkpt>
      <trkpt lat="45.699104368686676025390625" lon="126.5944895334541797637939453125">
        <ele>151</ele>
        <time>2026-08-11T22:50:15.000Z</time>
        <extensions>
          <ns3:TrackPointExtension>
            <ns3:hr>165</ns3:hr>
            <ns3:cad>88</ns3:cad>
          </ns3:TrackPointExtension>
        </extensions>
      </trkpt>
      <trkpt lat="45.699081905186176300048828125" lon="126.5944965742528438568115234375">
        <ele>151</ele>
        <time>2026-08-11T22:50:16.000Z</time>
        <extensions>
          <ns3:TrackPointExtension>
            <ns3:hr>164</ns3:hr>
            <ns3:cad>88</ns3:cad>
          </ns3:TrackPointExtension>
        </extensions>
      </trkpt>
      <trkpt lat="45.69905407726764678955078125" lon="126.59450302831828594207763671875">
        <ele>151</ele>
        <time>2026-08-11T22:50:17.000Z</time>
        <extensions>
          <ns3:TrackPointExtension>
            <ns3:hr>164</ns3:hr>
            <ns3:cad>88</ns3:cad>
          </ns3:TrackPointExtension>
        </extensions>
      </trkpt>
      <trkpt lat="45.69903689436614513397216796875" lon="126.59451560117304325103759765625">
        <ele>151</ele>
        <time>2026-08-11T22:50:18.000Z</time>
        <extensions>
          <ns3:TrackPointExtension>
            <ns3:hr>164</ns3:hr>
            <ns3:cad>88</ns3:cad>
          </ns3:TrackPointExtension>
        </extensions>
      </trkpt>
      <trkpt lat="45.69900956936180591583251953125" lon="126.5945341251790523529052734375">
        <ele>151</ele>
        <time>2026-08-11T22:50:19.000Z</time>
        <extensions>
          <ns3:TrackPointExtension>
            <ns3:hr>164</ns3:hr>
            <ns3:cad>87</ns3:cad>
          </ns3:TrackPointExtension>
        </extensions>
      </trkpt>
      <trkpt lat="45.6989965774118900299072265625" lon="126.594549715518951416015625">
        <ele>151</ele>
        <time>2026-08-11T22:50:20.000Z</time>
        <extensions>
          <ns3:TrackPointExtension>
            <ns3:hr>164</ns3:hr>
            <ns3:cad>87</ns3:cad>
          </ns3:TrackPointExtension>
        </extensions>
      </trkpt>
      <trkpt lat="45.6989657320082187652587890625" lon="126.594568826258182525634765625">
        <ele>151</ele>
        <time>2026-08-11T22:50:21.000Z</time>
        <extensions>
          <ns3:TrackPointExtension>
            <ns3:hr>164</ns3:hr>
            <ns3:cad>88</ns3:cad>
          </ns3:TrackPointExtension>
        </extensions>
      </trkpt>
      <trkpt lat="45.69894435815513134002685546875" lon="126.59457377158105373382568359375">
        <ele>151</ele>
        <time>2026-08-11T22:50:22.000Z</time>
        <extensions>
          <ns3:TrackPointExtension>
            <ns3:hr>164</ns3:hr>
            <ns3:cad>88</ns3:cad>
          </ns3:TrackPointExtension>
        </extensions>
      </trkpt>
      <trkpt lat="45.6989117525517940521240234375" lon="126.59456857480108737945556640625">
        <ele>151</ele>
        <time>2026-08-11T22:50:23.000Z</time>
        <extensions>
          <ns3:TrackPointExtension>
            <ns3:hr>164</ns3:hr>
            <ns3:cad>87</ns3:cad>
          </ns3:TrackPointExtension>
        </extensions>
      </trkpt>
      <trkpt lat="45.6988879479467868804931640625" lon="126.5945559181272983551025390625">
        <ele>151</ele>
        <time>2026-08-11T22:50:24.000Z</time>
        <extensions>
          <ns3:TrackPointExtension>
            <ns3:hr>163</ns3:hr>
            <ns3:cad>87</ns3:cad>
          </ns3:TrackPointExtension>
        </extensions>
      </trkpt>
      <trkpt lat="45.698857940733432769775390625" lon="126.594544686377048492431640625">
        <ele>151</ele>
        <time>2026-08-11T22:50:25.000Z</time>
        <extensions>
          <ns3:TrackPointExtension>
            <ns3:hr>163</ns3:hr>
            <ns3:cad>87</ns3:cad>
          </ns3:TrackPointExtension>
        </extensions>
      </trkpt>
      <trkpt lat="45.69883137010037899017333984375" lon="126.5945334546267986297607421875">
        <ele>151</ele>
        <time>2026-08-11T22:50:26.000Z</time>
        <extensions>
          <ns3:TrackPointExtension>
            <ns3:hr>163</ns3:hr>
            <ns3:cad>87</ns3:cad>
          </ns3:TrackPointExtension>
        </extensions>
      </trkpt>
      <trkpt lat="45.69880421273410320281982421875" lon="126.59452834166586399078369140625">
        <ele>151</ele>
        <time>2026-08-11T22:50:27.000Z</time>
        <extensions>
          <ns3:TrackPointExtension>
            <ns3:hr>163</ns3:hr>
            <ns3:cad>87</ns3:cad>
          </ns3:TrackPointExtension>
        </extensions>
      </trkpt>
      <trkpt lat="45.6987757980823516845703125" lon="126.594528257846832275390625">
        <ele>151</ele>
        <time>2026-08-11T22:50:28.000Z</time>
        <extensions>
          <ns3:TrackPointExtension>
            <ns3:hr>162</ns3:hr>
            <ns3:cad>87</ns3:cad>
          </ns3:TrackPointExtension>
        </extensions>
      </trkpt>
      <trkpt lat="45.698753334581851959228515625" lon="126.59453420899808406829833984375">
        <ele>151</ele>
        <time>2026-08-11T22:50:29.000Z</time>
        <extensions>
          <ns3:TrackPointExtension>
            <ns3:hr>162</ns3:hr>
            <ns3:cad>87</ns3:cad>
          </ns3:TrackPointExtension>
        </extensions>
      </trkpt>
      <trkpt lat="45.698724500834941864013671875" lon="126.59453404136002063751220703125">
        <ele>151</ele>
        <time>2026-08-11T22:50:30.000Z</time>
        <extensions>
          <ns3:TrackPointExtension>
            <ns3:hr>162</ns3:hr>
            <ns3:cad>87</ns3:cad>
          </ns3:TrackPointExtension>
        </extensions>
      </trkpt>
      <trkpt lat="45.69870430044829845428466796875" lon="126.5945408307015895843505859375">
        <ele>151</ele>
        <time>2026-08-11T22:50:31.000Z</time>
        <extensions>
          <ns3:TrackPointExtension>
            <ns3:hr>162</ns3:hr>
            <ns3:cad>87</ns3:cad>
          </ns3:TrackPointExtension>
        </extensions>
      </trkpt>
      <trkpt lat="45.698674209415912628173828125" lon="126.59453940577805042266845703125">
        <ele>151</ele>
        <time>2026-08-11T22:50:32.000Z</time>
        <extensions>
          <ns3:TrackPointExtension>
            <ns3:hr>163</ns3:hr>
            <ns3:cad>87</ns3:cad>
          </ns3:TrackPointExtension>
        </extensions>
      </trkpt>
      <trkpt lat="45.6986542604863643646240234375" lon="126.59454996697604656219482421875">
        <ele>151</ele>
        <time>2026-08-11T22:50:33.000Z</time>
        <extensions>
          <ns3:TrackPointExtension>
            <ns3:hr>162</ns3:hr>
            <ns3:cad>88</ns3:cad>
          </ns3:TrackPointExtension>
        </extensions>
      </trkpt>
      <trkpt lat="45.69862366653978824615478515625" lon="126.594555079936981201171875">
        <ele>151</ele>
        <time>2026-08-11T22:50:34.000Z</time>
        <extensions>
          <ns3:TrackPointExtension>
            <ns3:hr>162</ns3:hr>
            <ns3:cad>88</ns3:cad>
          </ns3:TrackPointExtension>
        </extensions>
      </trkpt>
      <trkpt lat="45.6986041367053985595703125" lon="126.59456170164048671722412109375">
        <ele>151</ele>
        <time>2026-08-11T22:50:35.000Z</time>
        <extensions>
          <ns3:TrackPointExtension>
            <ns3:hr>162</ns3:hr>
            <ns3:cad>87</ns3:cad>
          </ns3:TrackPointExtension>
        </extensions>
      </trkpt>
      <trkpt lat="45.698570273816585540771484375" lon="126.59456513822078704833984375">
        <ele>151</ele>
        <time>2026-08-11T22:50:36.000Z</time>
        <extensions>
          <ns3:TrackPointExtension>
            <ns3:hr>162</ns3:hr>
            <ns3:cad>87</ns3:cad>
          </ns3:TrackPointExtension>
        </extensions>
      </trkpt>
      <trkpt lat="45.6985516659915447235107421875" lon="126.594579555094242095947265625">
        <ele>151</ele>
        <time>2026-08-11T22:50:37.000Z</time>
        <extensions>
          <ns3:TrackPointExtension>
            <ns3:hr>162</ns3:hr>
            <ns3:cad>87</ns3:cad>
          </ns3:TrackPointExtension>
        </extensions>
      </trkpt>
      <trkpt lat="45.69851906038820743560791015625" lon="126.594586260616779327392578125">
        <ele>151</ele>
        <time>2026-08-11T22:50:38.000Z</time>
        <extensions>
          <ns3:TrackPointExtension>
            <ns3:hr>162</ns3:hr>
            <ns3:cad>87</ns3:cad>
          </ns3:TrackPointExtension>
        </extensions>
      </trkpt>
      <trkpt lat="45.69849793799221515655517578125" lon="126.59459598362445831298828125">
        <ele>151</ele>
        <time>2026-08-11T22:50:39.000Z</time>
        <extensions>
          <ns3:TrackPointExtension>
            <ns3:hr>162</ns3:hr>
            <ns3:cad>88</ns3:cad>
          </ns3:TrackPointExtension>
        </extensions>
      </trkpt>
      <trkpt lat="45.698469690978527069091796875" lon="126.59460545517504215240478515625">
        <ele>151</ele>
        <time>2026-08-11T22:50:40.000Z</time>
        <extensions>
          <ns3:TrackPointExtension>
            <ns3:hr>162</ns3:hr>
            <ns3:cad>88</ns3:cad>
          </ns3:TrackPointExtension>
        </extensions>
      </trkpt>
      <trkpt lat="45.69844697602093219757080078125" lon="126.59460864029824733734130859375">
        <ele>151</ele>
        <time>2026-08-11T22:50:41.000Z</time>
        <extensions>
          <ns3:TrackPointExtension>
            <ns3:hr>162</ns3:hr>
            <ns3:cad>88</ns3:cad>
          </ns3:TrackPointExtension>
        </extensions>
      </trkpt>
      <trkpt lat="45.69841696880757808685302734375" lon="126.59461450763046741485595703125">
        <ele>151</ele>
        <time>2026-08-11T22:50:42.000Z</time>
        <extensions>
          <ns3:TrackPointExtension>
            <ns3:hr>163</ns3:hr>
            <ns3:cad>88</ns3:cad>
          </ns3:TrackPointExtension>
        </extensions>
      </trkpt>
      <trkpt lat="45.698390901088714599609375" lon="126.59461802802979946136474609375">
        <ele>150.8000030517578125</ele>
        <time>2026-08-11T22:50:43.000Z</time>
        <extensions>
          <ns3:TrackPointExtension>
            <ns3:hr>162</ns3:hr>
            <ns3:cad>88</ns3:cad>
          </ns3:TrackPointExtension>
        </extensions>
      </trkpt>
      <trkpt lat="45.69836365990340709686279296875" lon="126.594624482095241546630859375">
        <ele>151</ele>
        <time>2026-08-11T22:50:44.000Z</time>
        <extensions>
          <ns3:TrackPointExtension>
            <ns3:hr>162</ns3:hr>
            <ns3:cad>88</ns3:cad>
          </ns3:TrackPointExtension>
        </extensions>
      </trkpt>
      <trkpt lat="45.69833851419389247894287109375" lon="126.59461936913430690765380859375">
        <ele>151</ele>
        <time>2026-08-11T22:50:45.000Z</time>
        <extensions>
          <ns3:TrackPointExtension>
            <ns3:hr>162</ns3:hr>
            <ns3:cad>89</ns3:cad>
          </ns3:TrackPointExtension>
        </extensions>
      </trkpt>
      <trkpt lat="45.69831554777920246124267578125" lon="126.5946216322481632232666015625">
        <ele>151</ele>
        <time>2026-08-11T22:50:46.000Z</time>
        <extensions>
          <ns3:TrackPointExtension>
            <ns3:hr>163</ns3:hr>
            <ns3:cad>89</ns3:cad>
          </ns3:TrackPointExtension>
        </extensions>
      </trkpt>
      <trkpt lat="45.6982901506125926971435546875" lon="126.594620458781719207763671875">
        <ele>151.1999969482421875</ele>
        <time>2026-08-11T22:50:47.000Z</time>
        <extensions>
          <ns3:TrackPointExtension>
            <ns3:hr>162</ns3:hr>
            <ns3:cad>89</ns3:cad>
          </ns3:TrackPointExtension>
        </extensions>
      </trkpt>
      <trkpt lat="45.69826953113079071044921875" lon="126.59462749958038330078125">
        <ele>151.399993896484375</ele>
        <time>2026-08-11T22:50:48.000Z</time>
        <extensions>
          <ns3:TrackPointExtension>
            <ns3:hr>162</ns3:hr>
            <ns3:cad>89</ns3:cad>
          </ns3:TrackPointExtension>
        </extensions>
      </trkpt>
      <trkpt lat="45.69824195466935634613037109375" lon="126.5946243144571781158447265625">
        <ele>151.600006103515625</ele>
        <time>2026-08-11T22:50:49.000Z</time>
        <extensions>
          <ns3:TrackPointExtension>
            <ns3:hr>162</ns3:hr>
            <ns3:cad>89</ns3:cad>
          </ns3:TrackPointExtension>
        </extensions>
      </trkpt>
      <trkpt lat="45.69822217337787151336669921875" lon="126.59462959505617618560791015625">
        <ele>151.600006103515625</ele>
        <time>2026-08-11T22:50:50.000Z</time>
        <extensions>
          <ns3:TrackPointExtension>
            <ns3:hr>162</ns3:hr>
            <ns3:cad>88</ns3:cad>
          </ns3:TrackPointExtension>
        </extensions>
      </trkpt>
      <trkpt lat="45.6981905736029148101806640625" lon="126.59462691284716129302978515625">
        <ele>151.399993896484375</ele>
        <time>2026-08-11T22:50:51.000Z</time>
        <extensions>
          <ns3:TrackPointExtension>
            <ns3:hr>162</ns3:hr>
            <ns3:cad>87</ns3:cad>
          </ns3:TrackPointExtension>
        </extensions>
      </trkpt>
      <trkpt lat="45.69817037321627140045166015625" lon="126.59463881514966487884521484375">
        <ele>151.399993896484375</ele>
        <time>2026-08-11T22:50:52.000Z</time>
        <extensions>
          <ns3:TrackPointExtension>
            <ns3:hr>162</ns3:hr>
            <ns3:cad>87</ns3:cad>
          </ns3:TrackPointExtension>
        </extensions>
      </trkpt>
      <trkpt lat="45.6981396116316318511962890625" lon="126.59464451484382152557373046875">
        <ele>151.1999969482421875</ele>
        <time>2026-08-11T22:50:53.000Z</time>
        <extensions>
          <ns3:TrackPointExtension>
            <ns3:hr>162</ns3:hr>
            <ns3:cad>87</ns3:cad>
          </ns3:TrackPointExtension>
        </extensions>
      </trkpt>
      <trkpt lat="45.69811555556952953338623046875" lon="126.5946541540324687957763671875">
        <ele>151.1999969482421875</ele>
        <time>2026-08-11T22:50:54.000Z</time>
        <extensions>
          <ns3:TrackPointExtension>
            <ns3:hr>162</ns3:hr>
            <ns3:cad>87</ns3:cad>
          </ns3:TrackPointExtension>
        </extensions>
      </trkpt>
      <trkpt lat="45.69808839820325374603271484375" lon="126.59465968608856201171875">
        <ele>151.1999969482421875</ele>
        <time>2026-08-11T22:50:55.000Z</time>
        <extensions>
          <ns3:TrackPointExtension>
            <ns3:hr>162</ns3:hr>
            <ns3:cad>87</ns3:cad>
          </ns3:TrackPointExtension>
        </extensions>
      </trkpt>
      <trkpt lat="45.69806476123631000518798828125" lon="126.5946554951369762420654296875">
        <ele>151.1999969482421875</ele>
        <time>2026-08-11T22:50:56.000Z</time>
        <extensions>
          <ns3:TrackPointExtension>
            <ns3:hr>162</ns3:hr>
            <ns3:cad>87</ns3:cad>
          </ns3:TrackPointExtension>
        </extensions>
      </trkpt>
      <trkpt lat="45.69803617894649505615234375" lon="126.5946484543383121490478515625">
        <ele>151.1999969482421875</ele>
        <time>2026-08-11T22:50:57.000Z</time>
        <extensions>
          <ns3:TrackPointExtension>
            <ns3:hr>162</ns3:hr>
            <ns3:cad>87</ns3:cad>
          </ns3:TrackPointExtension>
        </extensions>
      </trkpt>
      <trkpt lat="45.698012374341487884521484375" lon="126.594622470438480377197265625">
        <ele>151.1999969482421875</ele>
        <time>2026-08-11T22:50:58.000Z</time>
        <extensions>
          <ns3:TrackPointExtension>
            <ns3:hr>162</ns3:hr>
            <ns3:cad>87</ns3:cad>
          </ns3:TrackPointExtension>
        </extensions>
      </trkpt>
      <trkpt lat="45.6979937665164470672607421875" lon="126.59459556452929973602294921875">
        <ele>151.1999969482421875</ele>
        <time>2026-08-11T22:50:59.000Z</time>
        <extensions>
          <ns3:TrackPointExtension>
            <ns3:hr>161</ns3:hr>
            <ns3:cad>87</ns3:cad>
          </ns3:TrackPointExtension>
        </extensions>
      </trkpt>
      <trkpt lat="45.6979786790907382965087890625" lon="126.59455843269824981689453125">
        <ele>151.1999969482421875</ele>
        <time>2026-08-11T22:51:00.000Z</time>
        <extensions>
          <ns3:TrackPointExtension>
            <ns3:hr>161</ns3:hr>
            <ns3:cad>87</ns3:cad>
          </ns3:TrackPointExtension>
        </extensions>
      </trkpt>
      <trkpt lat="45.6979630887508392333984375" lon="126.594529263675212860107421875">
        <ele>151.1999969482421875</ele>
        <time>2026-08-11T22:51:01.000Z</time>
        <extensions>
          <ns3:TrackPointExtension>
            <ns3:hr>161</ns3:hr>
            <ns3:cad>87</ns3:cad>
          </ns3:TrackPointExtension>
        </extensions>
      </trkpt>
      <trkpt lat="45.69794096052646636962890625" lon="126.5944915451109409332275390625">
        <ele>151.1999969482421875</ele>
        <time>2026-08-11T22:51:02.000Z</time>
        <extensions>
          <ns3:TrackPointExtension>
            <ns3:hr>161</ns3:hr>
            <ns3:cad>87</ns3:cad>
          </ns3:TrackPointExtension>
        </extensions>
      </trkpt>
      <trkpt lat="45.6979216821491718292236328125" lon="126.5944734402000904083251953125">
        <ele>151</ele>
        <time>2026-08-11T22:51:03.000Z</time>
        <extensions>
          <ns3:TrackPointExtension>
            <ns3:hr>162</ns3:hr>
            <ns3:cad>87</ns3:cad>
          </ns3:TrackPointExtension>
        </extensions>
      </trkpt>
      <trkpt lat="45.69789469242095947265625" lon="126.59444469027221202850341796875">
        <ele>151</ele>
        <time>2026-08-11T22:51:04.000Z</time>
        <extensions>
          <ns3:TrackPointExtension>
            <ns3:hr>161</ns3:hr>
            <ns3:cad>87</ns3:cad>
          </ns3:TrackPointExtension>
        </extensions>
      </trkpt>
      <trkpt lat="45.6978740729391574859619140625" lon="126.5944358892738819122314453125">
        <ele>151.1999969482421875</ele>
        <time>2026-08-11T22:51:05.000Z</time>
        <extensions>
          <ns3:TrackPointExtension>
            <ns3:hr>161</ns3:hr>
            <ns3:cad>87</ns3:cad>
          </ns3:TrackPointExtension>
        </extensions>
      </trkpt>
      <trkpt lat="45.6978442333638668060302734375" lon="126.594425998628139495849609375">
        <ele>151.1999969482421875</ele>
        <time>2026-08-11T22:51:06.000Z</time>
        <extensions>
          <ns3:TrackPointExtension>
            <ns3:hr>162</ns3:hr>
            <ns3:cad>87</ns3:cad>
          </ns3:TrackPointExtension>
        </extensions>
      </trkpt>
      <trkpt lat="45.69782068021595478057861328125" lon="126.59442725591361522674560546875">
        <ele>151</ele>
        <time>2026-08-11T22:51:07.000Z</time>
        <extensions>
          <ns3:TrackPointExtension>
            <ns3:hr>161</ns3:hr>
            <ns3:cad>87</ns3:cad>
          </ns3:TrackPointExtension>
        </extensions>
      </trkpt>
      <trkpt lat="45.69779075682163238525390625" lon="126.59443044103682041168212890625">
        <ele>151</ele>
        <time>2026-08-11T22:51:08.000Z</time>
        <extensions>
          <ns3:TrackPointExtension>
            <ns3:hr>161</ns3:hr>
            <ns3:cad>87</ns3:cad>
          </ns3:TrackPointExtension>
        </extensions>
      </trkpt>
      <trkpt lat="45.69777172990143299102783203125" lon="126.5944318659603595733642578125">
        <ele>151</ele>
        <time>2026-08-11T22:51:09.000Z</time>
        <extensions>
          <ns3:TrackPointExtension>
            <ns3:hr>162</ns3:hr>
            <ns3:cad>87</ns3:cad>
          </ns3:TrackPointExtension>
        </extensions>
      </trkpt>
      <trkpt lat="45.69774113595485687255859375" lon="126.59443748183548450469970703125">
        <ele>151</ele>
        <time>2026-08-11T22:51:10.000Z</time>
        <extensions>
          <ns3:TrackPointExtension>
            <ns3:hr>161</ns3:hr>
            <ns3:cad>87</ns3:cad>
          </ns3:TrackPointExtension>
        </extensions>
      </trkpt>
      <trkpt lat="45.69771473295986652374267578125" lon="126.59444100223481655120849609375">
        <ele>151</ele>
        <time>2026-08-11T22:51:11.000Z</time>
        <extensions>
          <ns3:TrackPointExtension>
            <ns3:hr>161</ns3:hr>
            <ns3:cad>88</ns3:cad>
          </ns3:TrackPointExtension>
        </extensions>
      </trkpt>
      <trkpt lat="45.69768589921295642852783203125" lon="126.5944437682628631591796875">
        <ele>151</ele>
        <time>2026-08-11T22:51:12.000Z</time>
        <extensions>
          <ns3:TrackPointExtension>
            <ns3:hr>162</ns3:hr>
            <ns3:cad>88</ns3:cad>
          </ns3:TrackPointExtension>
        </extensions>
      </trkpt>
      <trkpt lat="45.6976588256657123565673828125" lon="126.5944466181099414825439453125">
        <ele>151</ele>
        <time>2026-08-11T22:51:13.000Z</time>
        <extensions>
          <ns3:TrackPointExtension>
            <ns3:hr>161</ns3:hr>
            <ns3:cad>88</ns3:cad>
          </ns3:TrackPointExtension>
        </extensions>
      </trkpt>
      <trkpt lat="45.697636865079402923583984375" lon="126.59445642493665218353271484375">
        <ele>150.8000030517578125</ele>
        <time>2026-08-11T22:51:14.000Z</time>
        <extensions>
          <ns3:TrackPointExtension>
            <ns3:hr>161</ns3:hr>
            <ns3:cad>88</ns3:cad>
          </ns3:TrackPointExtension>
        </extensions>
      </trkpt>
      <trkpt lat="45.69760643877089023590087890625" lon="126.5944625437259674072265625">
        <ele>150.8000030517578125</ele>
        <time>2026-08-11T22:51:15.000Z</time>
        <extensions>
          <ns3:TrackPointExtension>
            <ns3:hr>161</ns3:hr>
            <ns3:cad>88</ns3:cad>
          </ns3:TrackPointExtension>
        </extensions>
      </trkpt>
      <trkpt lat="45.69758313708007335662841796875" lon="126.59446933306753635406494140625">
        <ele>150.8000030517578125</ele>
        <time>2026-08-11T22:51:16.000Z</time>
        <extensions>
          <ns3:TrackPointExtension>
            <ns3:hr>161</ns3:hr>
            <ns3:cad>88</ns3:cad>
          </ns3:TrackPointExtension>
        </extensions>
      </trkpt>
      <trkpt lat="45.69755178876221179962158203125" lon="126.59447369165718555450439453125">
        <ele>150.8000030517578125</ele>
        <time>2026-08-11T22:51:17.000Z</time>
        <extensions>
          <ns3:TrackPointExtension>
            <ns3:hr>160</ns3:hr>
            <ns3:cad>88</ns3:cad>
          </ns3:TrackPointExtension>
        </extensions>
      </trkpt>
      <trkpt lat="45.69752882234752178192138671875" lon="126.594480313360691070556640625">
        <ele>150.600006103515625</ele>
        <time>2026-08-11T22:51:18.000Z</time>
        <extensions>
          <ns3:TrackPointExtension>
            <ns3:hr>160</ns3:hr>
            <ns3:cad>88</ns3:cad>
          </ns3:TrackPointExtension>
        </extensions>
      </trkpt>
      <trkpt lat="45.6974999047815799713134765625" lon="126.59448643215000629425048828125">
        <ele>150.600006103515625</ele>
        <time>2026-08-11T22:51:19.000Z</time>
        <extensions>
          <ns3:TrackPointExtension>
            <ns3:hr>160</ns3:hr>
            <ns3:cad>88</ns3:cad>
          </ns3:TrackPointExtension>
        </extensions>
      </trkpt>
      <trkpt lat="45.69748322479426860809326171875" lon="126.5944922156631946563720703125">
        <ele>150.399993896484375</ele>
        <time>2026-08-11T22:51:20.000Z</time>
        <extensions>
          <ns3:TrackPointExtension>
            <ns3:hr>160</ns3:hr>
            <ns3:cad>88</ns3:cad>
          </ns3:TrackPointExtension>
        </extensions>
      </trkpt>
      <trkpt lat="45.6974539719521999359130859375" lon="126.59450168721377849578857421875">
        <ele>150.399993896484375</ele>
        <time>2026-08-11T22:51:21.000Z</time>
        <extensions>
          <ns3:TrackPointExtension>
            <ns3:hr>160</ns3:hr>
            <ns3:cad>88</ns3:cad>
          </ns3:TrackPointExtension>
        </extensions>
      </trkpt>
      <trkpt lat="45.69743134081363677978515625" lon="126.59450755454599857330322265625">
        <ele>150.399993896484375</ele>
        <time>2026-08-11T22:51:22.000Z</time>
        <extensions>
          <ns3:TrackPointExtension>
            <ns3:hr>161</ns3:hr>
            <ns3:cad>88</ns3:cad>
          </ns3:TrackPointExtension>
        </extensions>
      </trkpt>
      <trkpt lat="45.69740158505737781524658203125" lon="126.59452029503881931304931640625">
        <ele>150.399993896484375</ele>
        <time>2026-08-11T22:51:23.000Z</time>
        <extensions>
          <ns3:TrackPointExtension>
            <ns3:hr>160</ns3:hr>
            <ns3:cad>87</ns3:cad>
          </ns3:TrackPointExtension>
        </extensions>
      </trkpt>
      <trkpt lat="45.69737912155687808990478515625" lon="126.5945269167423248291015625">
        <ele>150.600006103515625</ele>
        <time>2026-08-11T22:51:24.000Z</time>
        <extensions>
          <ns3:TrackPointExtension>
            <ns3:hr>160</ns3:hr>
            <ns3:cad>87</ns3:cad>
          </ns3:TrackPointExtension>
        </extensions>
      </trkpt>
      <trkpt lat="45.69735213182866573333740234375" lon="126.59454225562512874603271484375">
        <ele>150.600006103515625</ele>
        <time>2026-08-11T22:51:25.000Z</time>
        <extensions>
          <ns3:TrackPointExtension>
            <ns3:hr>160</ns3:hr>
            <ns3:cad>87</ns3:cad>
          </ns3:TrackPointExtension>
        </extensions>
      </trkpt>
      <trkpt lat="45.69732832722365856170654296875" lon="126.594553403556346893310546875">
        <ele>150.8000030517578125</ele>
        <time>2026-08-11T22:51:26.000Z</time>
        <extensions>
          <ns3:TrackPointExtension>
            <ns3:hr>160</ns3:hr>
            <ns3:cad>87</ns3:cad>
          </ns3:TrackPointExtension>
        </extensions>
      </trkpt>
      <trkpt lat="45.6973005831241607666015625" lon="126.59456991590559482574462890625">
        <ele>150.8000030517578125</ele>
        <time>2026-08-11T22:51:27.000Z</time>
        <extensions>
          <ns3:TrackPointExtension>
            <ns3:hr>160</ns3:hr>
            <ns3:cad>87</ns3:cad>
          </ns3:TrackPointExtension>
        </extensions>
      </trkpt>
      <trkpt lat="45.6972735933959484100341796875" lon="126.594584248960018157958984375">
        <ele>150.600006103515625</ele>
        <time>2026-08-11T22:51:28.000Z</time>
        <extensions>
          <ns3:TrackPointExtension>
            <ns3:hr>160</ns3:hr>
            <ns3:cad>87</ns3:cad>
          </ns3:TrackPointExtension>
        </extensions>
      </trkpt>
      <trkpt lat="45.69725071080029010772705078125" lon="126.5946011804044246673583984375">
        <ele>150.600006103515625</ele>
        <time>2026-08-11T22:51:29.000Z</time>
        <extensions>
          <ns3:TrackPointExtension>
            <ns3:hr>160</ns3:hr>
            <ns3:cad>87</ns3:cad>
          </ns3:TrackPointExtension>
        </extensions>
      </trkpt>
      <trkpt lat="45.6972212903201580047607421875" lon="126.5946162678301334381103515625">
        <ele>150.600006103515625</ele>
        <time>2026-08-11T22:51:30.000Z</time>
        <extensions>
          <ns3:TrackPointExtension>
            <ns3:hr>160</ns3:hr>
            <ns3:cad>87</ns3:cad>
          </ns3:TrackPointExtension>
        </extensions>
      </trkpt>
      <trkpt lat="45.69720461033284664154052734375" lon="126.5946290083229541778564453125">
        <ele>150.600006103515625</ele>
        <time>2026-08-11T22:51:31.000Z</time>
        <extensions>
          <ns3:TrackPointExtension>
            <ns3:hr>160</ns3:hr>
            <ns3:cad>87</ns3:cad>
          </ns3:TrackPointExtension>
        </extensions>
      </trkpt>
      <trkpt lat="45.69717460311949253082275390625" lon="126.59464149735867977142333984375">
        <ele>150.399993896484375</ele>
        <time>2026-08-11T22:51:32.000Z</time>
        <extensions>
          <ns3:TrackPointExtension>
            <ns3:hr>160</ns3:hr>
            <ns3:cad>87</ns3:cad>
          </ns3:TrackPointExtension>
        </extensions>
      </trkpt>
      <trkpt lat="45.6971595995128154754638671875" lon="126.5946531482040882110595703125">
        <ele>150.399993896484375</ele>
        <time>2026-08-11T22:51:33.000Z</time>
        <extensions>
          <ns3:TrackPointExtension>
            <ns3:hr>160</ns3:hr>
            <ns3:cad>87</ns3:cad>
          </ns3:TrackPointExtension>
        </extensions>
      </trkpt>
      <trkpt lat="45.69713294506072998046875" lon="126.59466731362044811248779296875">
        <ele>150.1999969482421875</ele>
        <time>2026-08-11T22:51:34.000Z</time>
        <extensions>
          <ns3:TrackPointExtension>
            <ns3:hr>160</ns3:hr>
            <ns3:cad>87</ns3:cad>
          </ns3:TrackPointExtension>
        </extensions>
      </trkpt>
      <trkpt lat="45.69711274467408657073974609375" lon="126.59468089230358600616455078125">
        <ele>150.1999969482421875</ele>
        <time>2026-08-11T22:51:35.000Z</time>
        <extensions>
          <ns3:TrackPointExtension>
            <ns3:hr>160</ns3:hr>
            <ns3:cad>87</ns3:cad>
          </ns3:TrackPointExtension>
        </extensions>
      </trkpt>
      <trkpt lat="45.697088353335857391357421875" lon="126.59469950012862682342529296875">
        <ele>150</ele>
        <time>2026-08-11T22:51:36.000Z</time>
        <extensions>
          <ns3:TrackPointExtension>
            <ns3:hr>161</ns3:hr>
            <ns3:cad>87</ns3:cad>
          </ns3:TrackPointExtension>
        </extensions>
      </trkpt>
      <trkpt lat="45.69706530310213565826416015625" lon="126.5947131626307964324951171875">
        <ele>150</ele>
        <time>2026-08-11T22:51:37.000Z</time>
        <extensions>
          <ns3:TrackPointExtension>
            <ns3:hr>160</ns3:hr>
            <ns3:cad>87</ns3:cad>
          </ns3:TrackPointExtension>
        </extensions>
      </trkpt>
      <trkpt lat="45.6970395706593990325927734375" lon="126.59473948180675506591796875">
        <ele>149.8000030517578125</ele>
        <time>2026-08-11T22:51:38.000Z</time>
        <extensions>
          <ns3:TrackPointExtension>
            <ns3:hr>160</ns3:hr>
            <ns3:cad>87</ns3:cad>
          </ns3:TrackPointExtension>
        </extensions>
      </trkpt>
      <trkpt lat="45.697011239826679229736328125" lon="126.5947590954601764678955078125">
        <ele>149.600006103515625</ele>
        <time>2026-08-11T22:51:39.000Z</time>
        <extensions>
          <ns3:TrackPointExtension>
            <ns3:hr>161</ns3:hr>
            <ns3:cad>87</ns3:cad>
          </ns3:TrackPointExtension>
        </extensions>
      </trkpt>
      <trkpt lat="45.696989111602306365966796875" lon="126.59477879293262958526611328125">
        <ele>149.600006103515625</ele>
        <time>2026-08-11T22:51:40.000Z</time>
        <extensions>
          <ns3:TrackPointExtension>
            <ns3:hr>160</ns3:hr>
            <ns3:cad>87</ns3:cad>
          </ns3:TrackPointExtension>
        </extensions>
      </trkpt>
      <trkpt lat="45.6969614513218402862548828125" lon="126.59479622729122638702392578125">
        <ele>149.399993896484375</ele>
        <time>2026-08-11T22:51:41.000Z</time>
        <extensions>
          <ns3:TrackPointExtension>
            <ns3:hr>160</ns3:hr>
            <ns3:cad>87</ns3:cad>
          </ns3:TrackPointExtension>
        </extensions>
      </trkpt>
      <trkpt lat="45.696938149631023406982421875" lon="126.5948150865733623504638671875">
        <ele>149.1999969482421875</ele>
        <time>2026-08-11T22:51:42.000Z</time>
        <extensions>
          <ns3:TrackPointExtension>
            <ns3:hr>160</ns3:hr>
            <ns3:cad>88</ns3:cad>
          </ns3:TrackPointExtension>
        </extensions>
      </trkpt>
      <trkpt lat="45.696911327540874481201171875" lon="126.59482690505683422088623046875">
        <ele>149</ele>
        <time>2026-08-11T22:51:43.000Z</time>
        <extensions>
          <ns3:TrackPointExtension>
            <ns3:hr>161</ns3:hr>
            <ns3:cad>88</ns3:cad>
          </ns3:TrackPointExtension>
        </extensions>
      </trkpt>
      <trkpt lat="45.69688928313553333282470703125" lon="126.59484065137803554534912109375">
        <ele>148.8000030517578125</ele>
        <time>2026-08-11T22:51:44.000Z</time>
        <extensions>
          <ns3:TrackPointExtension>
            <ns3:hr>160</ns3:hr>
            <ns3:cad>88</ns3:cad>
          </ns3:TrackPointExtension>
        </extensions>
      </trkpt>
      <trkpt lat="45.69685827009379863739013671875" lon="126.5948590077459812164306640625">
        <ele>148.600006103515625</ele>
        <time>2026-08-11T22:51:45.000Z</time>
        <extensions>
          <ns3:TrackPointExtension>
            <ns3:hr>160</ns3:hr>
            <ns3:cad>88</ns3:cad>
          </ns3:TrackPointExtension>
        </extensions>
      </trkpt>
      <trkpt lat="45.69683932699263095855712890625" lon="126.59487484954297542572021484375">
        <ele>148.399993896484375</ele>
        <time>2026-08-11T22:51:46.000Z</time>
        <extensions>
          <ns3:TrackPointExtension>
            <ns3:hr>160</ns3:hr>
            <ns3:cad>88</ns3:cad>
          </ns3:TrackPointExtension>
        </extensions>
      </trkpt>
      <trkpt lat="45.6968146003782749176025390625" lon="126.5949123166501522064208984375">
        <ele>148.1999969482421875</ele>
        <time>2026-08-11T22:51:47.000Z</time>
        <extensions>
          <ns3:TrackPointExtension>
            <ns3:hr>160</ns3:hr>
            <ns3:cad>88</ns3:cad>
          </ns3:TrackPointExtension>
        </extensions>
      </trkpt>
      <trkpt lat="45.6968038715422153472900390625" lon="126.5949384681880474090576171875">
        <ele>148.1999969482421875</ele>
        <time>2026-08-11T22:51:48.000Z</time>
        <extensions>
          <ns3:TrackPointExtension>
            <ns3:hr>160</ns3:hr>
            <ns3:cad>88</ns3:cad>
          </ns3:TrackPointExtension>
        </extensions>
      </trkpt>
      <trkpt lat="45.6967817433178424835205078125" lon="126.59498347900807857513427734375">
        <ele>148.1999969482421875</ele>
        <time>2026-08-11T22:51:49.000Z</time>
        <extensions>
          <ns3:TrackPointExtension>
            <ns3:hr>160</ns3:hr>
            <ns3:cad>88</ns3:cad>
          </ns3:TrackPointExtension>
        </extensions>
      </trkpt>
      <trkpt lat="45.69677243940532207489013671875" lon="126.59501348622143268585205078125">
        <ele>148.1999969482421875</ele>
        <time>2026-08-11T22:51:50.000Z</time>
        <extensions>
          <ns3:TrackPointExtension>
            <ns3:hr>160</ns3:hr>
            <ns3:cad>88</ns3:cad>
          </ns3:TrackPointExtension>
        </extensions>
      </trkpt>
      <trkpt lat="45.69675735197961330413818359375" lon="126.59505874849855899810791015625">
        <ele>148.399993896484375</ele>
        <time>2026-08-11T22:51:51.000Z</time>
        <extensions>
          <ns3:TrackPointExtension>
            <ns3:hr>160</ns3:hr>
            <ns3:cad>88</ns3:cad>
          </ns3:TrackPointExtension>
        </extensions>
      </trkpt>
      <trkpt lat="45.6967468746006488800048828125" lon="126.5950833074748516082763671875">
        <ele>148.600006103515625</ele>
        <time>2026-08-11T22:51:52.000Z</time>
        <extensions>
          <ns3:TrackPointExtension>
            <ns3:hr>160</ns3:hr>
            <ns3:cad>88</ns3:cad>
          </ns3:TrackPointExtension>
        </extensions>
      </trkpt>
      <trkpt lat="45.6967346370220184326171875" lon="126.59512379206717014312744140625">
        <ele>148.8000030517578125</ele>
        <time>2026-08-11T22:51:53.000Z</time>
        <extensions>
          <ns3:TrackPointExtension>
            <ns3:hr>160</ns3:hr>
            <ns3:cad>88</ns3:cad>
          </ns3:TrackPointExtension>
        </extensions>
      </trkpt>
      <trkpt lat="45.6967240758240222930908203125" lon="126.59515254199504852294921875">
        <ele>149</ele>
        <time>2026-08-11T22:51:54.000Z</time>
        <extensions>
          <ns3:TrackPointExtension>
            <ns3:hr>159</ns3:hr>
            <ns3:cad>88</ns3:cad>
          </ns3:TrackPointExtension>
        </extensions>
      </trkpt>
      <trkpt lat="45.69671141915023326873779296875" lon="126.5951838903129100799560546875">
        <ele>149</ele>
        <time>2026-08-11T22:51:55.000Z</time>
        <extensions>
          <ns3:TrackPointExtension>
            <ns3:hr>160</ns3:hr>
            <ns3:cad>87</ns3:cad>
          </ns3:TrackPointExtension>
        </extensions>
      </trkpt>
      <trkpt lat="45.69669800810515880584716796875" lon="126.59521331079304218292236328125">
        <ele>149</ele>
        <time>2026-08-11T22:51:56.000Z</time>
        <extensions>
          <ns3:TrackPointExtension>
            <ns3:hr>160</ns3:hr>
            <ns3:cad>87</ns3:cad>
          </ns3:TrackPointExtension>
        </extensions>
      </trkpt>
      <trkpt lat="45.69668811745941638946533203125" lon="126.59524507820606231689453125">
        <ele>148.8000030517578125</ele>
        <time>2026-08-11T22:51:57.000Z</time>
        <extensions>
          <ns3:TrackPointExtension>
            <ns3:hr>160</ns3:hr>
            <ns3:cad>87</ns3:cad>
          </ns3:TrackPointExtension>
        </extensions>
      </trkpt>
      <trkpt lat="45.69666816852986812591552734375" lon="126.5952727384865283966064453125">
        <ele>148.8000030517578125</ele>
        <time>2026-08-11T22:51:58.000Z</time>
        <extensions>
          <ns3:TrackPointExtension>
            <ns3:hr>159</ns3:hr>
            <ns3:cad>87</ns3:cad>
          </ns3:TrackPointExtension>
        </extensions>
      </trkpt>
      <trkpt lat="45.69665710441768169403076171875" lon="126.595300734043121337890625">
        <ele>148.8000030517578125</ele>
        <time>2026-08-11T22:51:59.000Z</time>
        <extensions>
          <ns3:TrackPointExtension>
            <ns3:hr>160</ns3:hr>
            <ns3:cad>87</ns3:cad>
          </ns3:TrackPointExtension>
        </extensions>
      </trkpt>
      <trkpt lat="45.69663849659264087677001953125" lon="126.5953391231596469879150390625">
        <ele>148.8000030517578125</ele>
        <time>2026-08-11T22:52:00.000Z</time>
        <extensions>
          <ns3:TrackPointExtension>
            <ns3:hr>160</ns3:hr>
            <ns3:cad>87</ns3:cad>
          </ns3:TrackPointExtension>
        </extensions>
      </trkpt>
      <trkpt lat="45.69662936031818389892578125" lon="126.595367453992366790771484375">
        <ele>148.8000030517578125</ele>
        <time>2026-08-11T22:52:01.000Z</time>
        <extensions>
          <ns3:TrackPointExtension>
            <ns3:hr>159</ns3:hr>
            <ns3:cad>87</ns3:cad>
          </ns3:TrackPointExtension>
        </extensions>
      </trkpt>
      <trkpt lat="45.6966110877692699432373046875" lon="126.5954095311462879180908203125">
        <ele>148.8000030517578125</ele>
        <time>2026-08-11T22:52:02.000Z</time>
        <extensions>
          <ns3:TrackPointExtension>
            <ns3:hr>159</ns3:hr>
            <ns3:cad>87</ns3:cad>
          </ns3:TrackPointExtension>
        </extensions>
      </trkpt>
      <trkpt lat="45.69660698063671588897705078125" lon="126.59543744288384914398193359375">
        <ele>148.8000030517578125</ele>
        <time>2026-08-11T22:52:03.000Z</time>
        <extensions>
          <ns3:TrackPointExtension>
            <ns3:hr>159</ns3:hr>
            <ns3:cad>87</ns3:cad>
          </ns3:TrackPointExtension>
        </extensions>
      </trkpt>
      <trkpt lat="45.69659256376326084136962890625" lon="126.59548287279903888702392578125">
        <ele>148.8000030517578125</ele>
        <time>2026-08-11T22:52:04.000Z</time>
        <extensions>
          <ns3:TrackPointExtension>
            <ns3:hr>159</ns3:hr>
            <ns3:cad>87</ns3:cad>
          </ns3:TrackPointExtension>
        </extensions>
      </trkpt>
      <trkpt lat="45.69658250547945499420166015625" lon="126.59551824443042278289794921875">
        <ele>148.8000030517578125</ele>
        <time>2026-08-11T22:52:05.000Z</time>
        <extensions>
          <ns3:TrackPointExtension>
            <ns3:hr>159</ns3:hr>
            <ns3:cad>87</ns3:cad>
          </ns3:TrackPointExtension>
        </extensions>
      </trkpt>
      <trkpt lat="45.696564652025699615478515625" lon="126.595559231936931610107421875">
        <ele>148.8000030517578125</ele>
        <time>2026-08-11T22:52:06.000Z</time>
        <extensions>
          <ns3:TrackPointExtension>
            <ns3:hr>159</ns3:hr>
            <ns3:cad>87</ns3:cad>
          </ns3:TrackPointExtension>
        </extensions>
      </trkpt>
      <trkpt lat="45.69654889404773712158203125" lon="126.59558697603642940521240234375">
        <ele>148.8000030517578125</ele>
        <time>2026-08-11T22:52:07.000Z</time>
        <extensions>
          <ns3:TrackPointExtension>
            <ns3:hr>160</ns3:hr>
            <ns3:cad>87</ns3:cad>
          </ns3:TrackPointExtension>
        </extensions>
      </trkpt>
      <trkpt lat="45.69653439335525035858154296875" lon="126.5956184081733226776123046875">
        <ele>149.1999969482421875</ele>
        <time>2026-08-11T22:52:08.000Z</time>
        <extensions>
          <ns3:TrackPointExtension>
            <ns3:hr>159</ns3:hr>
            <ns3:cad>87</ns3:cad>
          </ns3:TrackPointExtension>
        </extensions>
      </trkpt>
      <trkpt lat="45.69653087295591831207275390625" lon="126.595651097595691680908203125">
        <ele>149.399993896484375</ele>
        <time>2026-08-11T22:52:09.000Z</time>
        <extensions>
          <ns3:TrackPointExtension>
            <ns3:hr>159</ns3:hr>
            <ns3:cad>87</ns3:cad>
          </ns3:TrackPointExtension>
        </extensions>
      </trkpt>
      <trkpt lat="45.696531124413013458251953125" lon="126.59566727466881275177001953125">
        <ele>149.8000030517578125</ele>
        <time>2026-08-11T22:52:10.000Z</time>
        <extensions>
          <ns3:TrackPointExtension>
            <ns3:hr>159</ns3:hr>
            <ns3:cad>87</ns3:cad>
          </ns3:TrackPointExtension>
        </extensions>
      </trkpt>
      <trkpt lat="45.69653975777328014373779296875" lon="126.5956928394734859466552734375">
        <ele>150</ele>
        <time>2026-08-11T22:52:11.000Z</time>
        <extensions>
          <ns3:TrackPointExtension>
            <ns3:hr>159</ns3:hr>
            <ns3:cad>87</ns3:cad>
          </ns3:TrackPointExtension>
        </extensions>
      </trkpt>
      <trkpt lat="45.696548558771610260009765625" lon="126.59570373594760894775390625">
        <ele>150.399993896484375</ele>
        <time>2026-08-11T22:52:12.000Z</time>
        <extensions>
          <ns3:TrackPointExtension>
            <ns3:hr>160</ns3:hr>
            <ns3:cad>87</ns3:cad>
          </ns3:TrackPointExtension>
        </extensions>
      </trkpt>
      <trkpt lat="45.696572363376617431640625" lon="126.59571337513625621795654296875">
        <ele>150.600006103515625</ele>
        <time>2026-08-11T22:52:13.000Z</time>
        <extensions>
          <ns3:TrackPointExtension>
            <ns3:hr>160</ns3:hr>
            <ns3:cad>87</ns3:cad>
          </ns3:TrackPointExtension>
        </extensions>
      </trkpt>
      <trkpt lat="45.6965919770300388336181640625" lon="126.59571957774460315704345703125">
        <ele>150.600006103515625</ele>
        <time>2026-08-11T22:52:14.000Z</time>
        <extensions>
          <ns3:TrackPointExtension>
            <ns3:hr>160</ns3:hr>
            <ns3:cad>86</ns3:cad>
          </ns3:TrackPointExtension>
        </extensions>
      </trkpt>
      <trkpt lat="45.6966204755008220672607421875" lon="126.59571773372590541839599609375">
        <ele>150.600006103515625</ele>
        <time>2026-08-11T22:52:15.000Z</time>
        <extensions>
          <ns3:TrackPointExtension>
            <ns3:hr>160</ns3:hr>
            <ns3:cad>86</ns3:cad>
          </ns3:TrackPointExtension>
        </extensions>
      </trkpt>
      <trkpt lat="45.69664469920098781585693359375" lon="126.5957193262875080108642578125">
        <ele>150.600006103515625</ele>
        <time>2026-08-11T22:52:16.000Z</time>
        <extensions>
          <ns3:TrackPointExtension>
            <ns3:hr>160</ns3:hr>
            <ns3:cad>86</ns3:cad>
          </ns3:TrackPointExtension>
        </extensions>
      </trkpt>
      <trkpt lat="45.6966667436063289642333984375" lon="126.59571488387882709503173828125">
        <ele>150.600006103515625</ele>
        <time>2026-08-11T22:52:17.000Z</time>
        <extensions>
          <ns3:TrackPointExtension>
            <ns3:hr>160</ns3:hr>
            <ns3:cad>86</ns3:cad>
          </ns3:TrackPointExtension>
        </extensions>
      </trkpt>
      <trkpt lat="45.69669666700065135955810546875" lon="126.59572192467749118804931640625">
        <ele>150.600006103515625</ele>
        <time>2026-08-11T22:52:18.000Z</time>
        <extensions>
          <ns3:TrackPointExtension>
            <ns3:hr>161</ns3:hr>
            <ns3:cad>87</ns3:cad>
          </ns3:TrackPointExtension>
        </extensions>
      </trkpt>
      <trkpt lat="45.69671510718762874603271484375" lon="126.59571873955428600311279296875">
        <ele>150.8000030517578125</ele>
        <time>2026-08-11T22:52:19.000Z</time>
        <extensions>
          <ns3:TrackPointExtension>
            <ns3:hr>161</ns3:hr>
            <ns3:cad>87</ns3:cad>
          </ns3:TrackPointExtension>
        </extensions>
      </trkpt>
      <trkpt lat="45.69674477912485599517822265625" lon="126.59572242759168148040771484375">
        <ele>150.600006103515625</ele>
        <time>2026-08-11T22:52:20.000Z</time>
        <extensions>
          <ns3:TrackPointExtension>
            <ns3:hr>161</ns3:hr>
            <ns3:cad>87</ns3:cad>
          </ns3:TrackPointExtension>
        </extensions>
      </trkpt>
      <trkpt lat="45.69676456041634082794189453125" lon="126.59571739844977855682373046875">
        <ele>150.600006103515625</ele>
        <time>2026-08-11T22:52:21.000Z</time>
        <extensions>
          <ns3:TrackPointExtension>
            <ns3:hr>162</ns3:hr>
            <ns3:cad>87</ns3:cad>
          </ns3:TrackPointExtension>
        </extensions>
      </trkpt>
      <trkpt lat="45.6967911310493946075439453125" lon="126.5957223437726497650146484375">
        <ele>150.600006103515625</ele>
        <time>2026-08-11T22:52:22.000Z</time>
        <extensions>
          <ns3:TrackPointExtension>
            <ns3:hr>162</ns3:hr>
            <ns3:cad>87</ns3:cad>
          </ns3:TrackPointExtension>
        </extensions>
      </trkpt>
      <trkpt lat="45.69681099615991115570068359375" lon="126.59572293050587177276611328125">
        <ele>150.8000030517578125</ele>
        <time>2026-08-11T22:52:23.000Z</time>
        <extensions>
          <ns3:TrackPointExtension>
            <ns3:hr>162</ns3:hr>
            <ns3:cad>87</ns3:cad>
          </ns3:TrackPointExtension>
        </extensions>
      </trkpt>
      <trkpt lat="45.696839578449726104736328125" lon="126.59572628326714038848876953125">
        <ele>150.8000030517578125</ele>
        <time>2026-08-11T22:52:24.000Z</time>
        <extensions>
          <ns3:TrackPointExtension>
            <ns3:hr>163</ns3:hr>
            <ns3:cad>87</ns3:cad>
          </ns3:TrackPointExtension>
        </extensions>
      </trkpt>
      <trkpt lat="45.69686044938862323760986328125" lon="126.59572846256196498870849609375">
        <ele>150.8000030517578125</ele>
        <time>2026-08-11T22:52:25.000Z</time>
        <extensions>
          <ns3:TrackPointExtension>
            <ns3:hr>163</ns3:hr>
            <ns3:cad>87</ns3:cad>
          </ns3:TrackPointExtension>
        </extensions>
      </trkpt>
      <trkpt lat="45.696889869868755340576171875" lon="126.59572963602840900421142578125">
        <ele>151</ele>
        <time>2026-08-11T22:52:26.000Z</time>
        <extensions>
          <ns3:TrackPointExtension>
            <ns3:hr>163</ns3:hr>
            <ns3:cad>87</ns3:cad>
          </ns3:TrackPointExtension>
        </extensions>
      </trkpt>
      <trkpt lat="45.6969155184924602508544921875" lon="126.5957357548177242279052734375">
        <ele>151</ele>
        <time>2026-08-11T22:52:27.000Z</time>
        <extensions>
          <ns3:TrackPointExtension>
            <ns3:hr>163</ns3:hr>
            <ns3:cad>87</ns3:cad>
          </ns3:TrackPointExtension>
        </extensions>
      </trkpt>
      <trkpt lat="45.69694275967776775360107421875" lon="126.59573600627481937408447265625">
        <ele>151</ele>
        <time>2026-08-11T22:52:28.000Z</time>
        <extensions>
          <ns3:TrackPointExtension>
            <ns3:hr>163</ns3:hr>
            <ns3:cad>87</ns3:cad>
          </ns3:TrackPointExtension>
        </extensions>
      </trkpt>
      <trkpt lat="45.69696857593953609466552734375" lon="126.59574103541672229766845703125">
        <ele>150.8000030517578125</ele>
        <time>2026-08-11T22:52:29.000Z</time>
        <extensions>
          <ns3:TrackPointExtension>
            <ns3:hr>164</ns3:hr>
            <ns3:cad>87</ns3:cad>
          </ns3:TrackPointExtension>
        </extensions>
      </trkpt>
      <trkpt lat="45.6969936378300189971923828125" lon="126.59574271179735660552978515625">
        <ele>150.8000030517578125</ele>
        <time>2026-08-11T22:52:30.000Z</time>
        <extensions>
          <ns3:TrackPointExtension>
            <ns3:hr>164</ns3:hr>
            <ns3:cad>87</ns3:cad>
          </ns3:TrackPointExtension>
        </extensions>
      </trkpt>
      <trkpt lat="45.69701702333986759185791015625" lon="126.59574489109218120574951171875">
        <ele>150.8000030517578125</ele>
        <time>2026-08-11T22:52:31.000Z</time>
        <extensions>
          <ns3:TrackPointExtension>
            <ns3:hr>164</ns3:hr>
            <ns3:cad>87</ns3:cad>
          </ns3:TrackPointExtension>
        </extensions>
      </trkpt>
      <trkpt lat="45.69704242050647735595703125" lon="126.59575159661471843719482421875">
        <ele>151</ele>
        <time>2026-08-11T22:52:32.000Z</time>
        <extensions>
          <ns3:TrackPointExtension>
            <ns3:hr>164</ns3:hr>
            <ns3:cad>87</ns3:cad>
          </ns3:TrackPointExtension>
        </extensions>
      </trkpt>
      <trkpt lat="45.6970687396824359893798828125" lon="126.595769114792346954345703125">
        <ele>151</ele>
        <time>2026-08-11T22:52:33.000Z</time>
        <extensions>
          <ns3:TrackPointExtension>
            <ns3:hr>164</ns3:hr>
            <ns3:cad>87</ns3:cad>
          </ns3:TrackPointExtension>
        </extensions>
      </trkpt>
      <trkpt lat="45.6970915384590625762939453125" lon="126.59577640704810619354248046875">
        <ele>151.1999969482421875</ele>
        <time>2026-08-11T22:52:34.000Z</time>
        <extensions>
          <ns3:TrackPointExtension>
            <ns3:hr>165</ns3:hr>
            <ns3:cad>87</ns3:cad>
          </ns3:TrackPointExtension>
        </extensions>
      </trkpt>
      <trkpt lat="45.697115175426006317138671875" lon="126.59580306150019168853759765625">
        <ele>151.1999969482421875</ele>
        <time>2026-08-11T22:52:35.000Z</time>
        <extensions>
          <ns3:TrackPointExtension>
            <ns3:hr>164</ns3:hr>
            <ns3:cad>87</ns3:cad>
          </ns3:TrackPointExtension>
        </extensions>
      </trkpt>
      <trkpt lat="45.69713168777525424957275390625" lon="126.59582049585878849029541015625">
        <ele>151.1999969482421875</ele>
        <time>2026-08-11T22:52:36.000Z</time>
        <extensions>
          <ns3:TrackPointExtension>
            <ns3:hr>164</ns3:hr>
            <ns3:cad>88</ns3:cad>
          </ns3:TrackPointExtension>
        </extensions>
      </trkpt>
      <trkpt lat="45.69715364836156368255615234375" lon="126.5958494134247303009033203125">
        <ele>151.1999969482421875</ele>
        <time>2026-08-11T22:52:37.000Z</time>
        <extensions>
          <ns3:TrackPointExtension>
            <ns3:hr>164</ns3:hr>
            <ns3:cad>88</ns3:cad>
          </ns3:TrackPointExtension>
        </extensions>
      </trkpt>
      <trkpt lat="45.6971709989011287689208984375" lon="126.59586994908750057220458984375">
        <ele>151.399993896484375</ele>
        <time>2026-08-11T22:52:38.000Z</time>
        <extensions>
          <ns3:TrackPointExtension>
            <ns3:hr>164</ns3:hr>
            <ns3:cad>88</ns3:cad>
          </ns3:TrackPointExtension>
        </extensions>
      </trkpt>
      <trkpt lat="45.69718901999294757843017578125" lon="126.595898531377315521240234375">
        <ele>151.399993896484375</ele>
        <time>2026-08-11T22:52:39.000Z</time>
        <extensions>
          <ns3:TrackPointExtension>
            <ns3:hr>163</ns3:hr>
            <ns3:cad>88</ns3:cad>
          </ns3:TrackPointExtension>
        </extensions>
      </trkpt>
      <trkpt lat="45.69720075465738773345947265625" lon="126.59592501819133758544921875">
        <ele>151.600006103515625</ele>
        <time>2026-08-11T22:52:40.000Z</time>
        <extensions>
          <ns3:TrackPointExtension>
            <ns3:hr>163</ns3:hr>
            <ns3:cad>88</ns3:cad>
          </ns3:TrackPointExtension>
        </extensions>
      </trkpt>
      <trkpt lat="45.697212405502796173095703125" lon="126.5959523431956768035888671875">
        <ele>151.8000030517578125</ele>
        <time>2026-08-11T22:52:41.000Z</time>
        <extensions>
          <ns3:TrackPointExtension>
            <ns3:hr>163</ns3:hr>
            <ns3:cad>88</ns3:cad>
          </ns3:TrackPointExtension>
        </extensions>
      </trkpt>
      <trkpt lat="45.697215087711811065673828125" lon="126.59598536789417266845703125">
        <ele>151.8000030517578125</ele>
        <time>2026-08-11T22:52:42.000Z</time>
        <extensions>
          <ns3:TrackPointExtension>
            <ns3:hr>163</ns3:hr>
            <ns3:cad>88</ns3:cad>
          </ns3:TrackPointExtension>
        </extensions>
      </trkpt>
      <trkpt lat="45.69721852429211139678955078125" lon="126.59601596184074878692626953125">
        <ele>152</ele>
        <time>2026-08-11T22:52:43.000Z</time>
        <extensions>
          <ns3:TrackPointExtension>
            <ns3:hr>162</ns3:hr>
            <ns3:cad>88</ns3:cad>
          </ns3:TrackPointExtension>
        </extensions>
      </trkpt>
      <trkpt lat="45.6972186081111431121826171875" lon="126.596050746738910675048828125">
        <ele>152</ele>
        <time>2026-08-11T22:52:44.000Z</time>
        <extensions>
          <ns3:TrackPointExtension>
            <ns3:hr>162</ns3:hr>
            <ns3:cad>88</ns3:cad>
          </ns3:TrackPointExtension>
        </extensions>
      </trkpt>
      <trkpt lat="45.69722070358693599700927734375" lon="126.59607832320034503936767578125">
        <ele>152.1999969482421875</ele>
        <time>2026-08-11T22:52:45.000Z</time>
        <extensions>
          <ns3:TrackPointExtension>
            <ns3:hr>162</ns3:hr>
            <ns3:cad>88</ns3:cad>
          </ns3:TrackPointExtension>
        </extensions>
      </trkpt>
      <trkpt lat="45.69721651263535022735595703125" lon="126.5961109288036823272705078125">
        <ele>152.1999969482421875</ele>
        <time>2026-08-11T22:52:46.000Z</time>
        <extensions>
          <ns3:TrackPointExtension>
            <ns3:hr>162</ns3:hr>
            <ns3:cad>88</ns3:cad>
          </ns3:TrackPointExtension>
        </extensions>
      </trkpt>
      <trkpt lat="45.6972176022827625274658203125" lon="126.59613423049449920654296875">
        <ele>152.399993896484375</ele>
        <time>2026-08-11T22:52:47.000Z</time>
        <extensions>
          <ns3:TrackPointExtension>
            <ns3:hr>163</ns3:hr>
            <ns3:cad>87</ns3:cad>
          </ns3:TrackPointExtension>
        </extensions>
      </trkpt>
      <trkpt lat="45.69721668027341365814208984375" lon="126.5961675904691219329833984375">
        <ele>152.399993896484375</ele>
        <time>2026-08-11T22:52:48.000Z</time>
        <extensions>
          <ns3:TrackPointExtension>
            <ns3:hr>162</ns3:hr>
            <ns3:cad>87</ns3:cad>
          </ns3:TrackPointExtension>
        </extensions>
      </trkpt>
      <trkpt lat="45.6972119025886058807373046875" lon="126.59619726240634918212890625">
        <ele>152.399993896484375</ele>
        <time>2026-08-11T22:52:49.000Z</time>
        <extensions>
          <ns3:TrackPointExtension>
            <ns3:hr>162</ns3:hr>
            <ns3:cad>87</ns3:cad>
          </ns3:TrackPointExtension>
        </extensions>
      </trkpt>
      <trkpt lat="45.69721215404570102691650390625" lon="126.5962299518287181854248046875">
        <ele>152.600006103515625</ele>
        <time>2026-08-11T22:52:50.000Z</time>
        <extensions>
          <ns3:TrackPointExtension>
            <ns3:hr>163</ns3:hr>
            <ns3:cad>87</ns3:cad>
          </ns3:TrackPointExtension>
        </extensions>
      </trkpt>
      <trkpt lat="45.69721634499728679656982421875" lon="126.596268005669116973876953125">
        <ele>152.8000030517578125</ele>
        <time>2026-08-11T22:52:51.000Z</time>
        <extensions>
          <ns3:TrackPointExtension>
            <ns3:hr>162</ns3:hr>
            <ns3:cad>87</ns3:cad>
          </ns3:TrackPointExtension>
        </extensions>
      </trkpt>
      <trkpt lat="45.6972286663949489593505859375" lon="126.5962916426360607147216796875">
        <ele>152.8000030517578125</ele>
        <time>2026-08-11T22:52:52.000Z</time>
        <extensions>
          <ns3:TrackPointExtension>
            <ns3:hr>162</ns3:hr>
            <ns3:cad>87</ns3:cad>
          </ns3:TrackPointExtension>
        </extensions>
      </trkpt>
      <trkpt lat="45.697253309190273284912109375" lon="126.59632491879165172576904296875">
        <ele>153</ele>
        <time>2026-08-11T22:52:53.000Z</time>
        <extensions>
          <ns3:TrackPointExtension>
            <ns3:hr>163</ns3:hr>
            <ns3:cad>87</ns3:cad>
          </ns3:TrackPointExtension>
        </extensions>
      </trkpt>
      <trkpt lat="45.69727350957691669464111328125" lon="126.59633732400834560394287109375">
        <ele>153</ele>
        <time>2026-08-11T22:52:54.000Z</time>
        <extensions>
          <ns3:TrackPointExtension>
            <ns3:hr>163</ns3:hr>
            <ns3:cad>86</ns3:cad>
          </ns3:TrackPointExtension>
        </extensions>
      </trkpt>
      <trkpt lat="45.69730133749544620513916015625" lon="126.59635039977729320526123046875">
        <ele>153</ele>
        <time>2026-08-11T22:52:55.000Z</time>
        <extensions>
          <ns3:TrackPointExtension>
            <ns3:hr>163</ns3:hr>
            <ns3:cad>86</ns3:cad>
          </ns3:TrackPointExtension>
        </extensions>
      </trkpt>
      <trkpt lat="45.6973238848149776458740234375" lon="126.5963513217866420745849609375">
        <ele>152.8000030517578125</ele>
        <time>2026-08-11T22:52:56.000Z</time>
        <extensions>
          <ns3:TrackPointExtension>
            <ns3:hr>162</ns3:hr>
            <ns3:cad>86</ns3:cad>
          </ns3:TrackPointExtension>
        </extensions>
      </trkpt>
      <trkpt lat="45.69734894670546054840087890625" lon="126.59635358490049839019775390625">
        <ele>152.8000030517578125</ele>
        <time>2026-08-11T22:52:57.000Z</time>
        <extensions>
          <ns3:TrackPointExtension>
            <ns3:hr>163</ns3:hr>
            <ns3:cad>86</ns3:cad>
          </ns3:TrackPointExtension>
        </extensions>
      </trkpt>
      <trkpt lat="45.69737174548208713531494140625" lon="126.59636062569916248321533203125">
        <ele>152.600006103515625</ele>
        <time>2026-08-11T22:52:58.000Z</time>
        <extensions>
          <ns3:TrackPointExtension>
            <ns3:hr>162</ns3:hr>
            <ns3:cad>87</ns3:cad>
          </ns3:TrackPointExtension>
        </extensions>
      </trkpt>
      <trkpt lat="45.6973956339061260223388671875" lon="126.596361212432384490966796875">
        <ele>152.600006103515625</ele>
        <time>2026-08-11T22:52:59.000Z</time>
        <extensions>
          <ns3:TrackPointExtension>
            <ns3:hr>162</ns3:hr>
            <ns3:cad>86</ns3:cad>
          </ns3:TrackPointExtension>
        </extensions>
      </trkpt>
      <trkpt lat="45.6974170915782451629638671875" lon="126.59636632539331912994384765625">
        <ele>152.600006103515625</ele>
        <time>2026-08-11T22:53:00.000Z</time>
        <extensions>
          <ns3:TrackPointExtension>
            <ns3:hr>162</ns3:hr>
            <ns3:cad>87</ns3:cad>
          </ns3:TrackPointExtension>
        </extensions>
      </trkpt>
      <trkpt lat="45.6974402256309986114501953125" lon="126.59636984579265117645263671875">
        <ele>152.399993896484375</ele>
        <time>2026-08-11T22:53:01.000Z</time>
        <extensions>
          <ns3:TrackPointExtension>
            <ns3:hr>163</ns3:hr>
            <ns3:cad>87</ns3:cad>
          </ns3:TrackPointExtension>
        </extensions>
      </trkpt>
      <trkpt lat="45.6974657066166400909423828125" lon="126.59638208337128162384033203125">
        <ele>152.399993896484375</ele>
        <time>2026-08-11T22:53:02.000Z</time>
        <extensions>
          <ns3:TrackPointExtension>
            <ns3:hr>162</ns3:hr>
            <ns3:cad>87</ns3:cad>
          </ns3:TrackPointExtension>
        </extensions>
      </trkpt>
      <trkpt lat="45.69749026559293270111083984375" lon="126.59638225100934505462646484375">
        <ele>152.399993896484375</ele>
        <time>2026-08-11T22:53:03.000Z</time>
        <extensions>
          <ns3:TrackPointExtension>
            <ns3:hr>162</ns3:hr>
            <ns3:cad>87</ns3:cad>
          </ns3:TrackPointExtension>
        </extensions>
      </trkpt>
      <trkpt lat="45.69751046597957611083984375" lon="126.596391387283802032470703125">
        <ele>152.399993896484375</ele>
        <time>2026-08-11T22:53:04.000Z</time>
        <extensions>
          <ns3:TrackPointExtension>
            <ns3:hr>162</ns3:hr>
            <ns3:cad>88</ns3:cad>
          </ns3:TrackPointExtension>
        </extensions>
      </trkpt>
      <trkpt lat="45.6975357793271541595458984375" lon="126.5963915549218654632568359375">
        <ele>152.399993896484375</ele>
        <time>2026-08-11T22:53:05.000Z</time>
        <extensions>
          <ns3:TrackPointExtension>
            <ns3:hr>162</ns3:hr>
            <ns3:cad>88</ns3:cad>
          </ns3:TrackPointExtension>
        </extensions>
      </trkpt>
      <trkpt lat="45.69756184704601764678955078125" lon="126.5963912196457386016845703125">
        <ele>152.399993896484375</ele>
        <time>2026-08-11T22:53:06.000Z</time>
        <extensions>
          <ns3:TrackPointExtension>
            <ns3:hr>162</ns3:hr>
            <ns3:cad>88</ns3:cad>
          </ns3:TrackPointExtension>
        </extensions>
      </trkpt>
      <trkpt lat="45.69758330471813678741455078125" lon="126.5963871963322162628173828125">
        <ele>152.399993896484375</ele>
        <time>2026-08-11T22:53:07.000Z</time>
        <extensions>
          <ns3:TrackPointExtension>
            <ns3:hr>161</ns3:hr>
            <ns3:cad>88</ns3:cad>
          </ns3:TrackPointExtension>
        </extensions>
      </trkpt>
      <trkpt lat="45.6976112164556980133056640625" lon="126.59639297984540462493896484375">
        <ele>152.1999969482421875</ele>
        <time>2026-08-11T22:53:08.000Z</time>
        <extensions>
          <ns3:TrackPointExtension>
            <ns3:hr>161</ns3:hr>
            <ns3:cad>88</ns3:cad>
          </ns3:TrackPointExtension>
        </extensions>
      </trkpt>
      <trkpt lat="45.697634853422641754150390625" lon="126.5963912196457386016845703125">
        <ele>152.399993896484375</ele>
        <time>2026-08-11T22:53:09.000Z</time>
        <extensions>
          <ns3:TrackPointExtension>
            <ns3:hr>161</ns3:hr>
            <ns3:cad>89</ns3:cad>
          </ns3:TrackPointExtension>
        </extensions>
      </trkpt>
      <trkpt lat="45.69766142405569553375244140625" lon="126.5963918901979923248291015625">
        <ele>152.399993896484375</ele>
        <time>2026-08-11T22:53:10.000Z</time>
        <extensions>
          <ns3:TrackPointExtension>
            <ns3:hr>161</ns3:hr>
            <ns3:cad>89</ns3:cad>
          </ns3:TrackPointExtension>
        </extensions>
      </trkpt>
      <trkpt lat="45.6976822949945926666259765625" lon="126.59638258628547191619873046875">
        <ele>152.399993896484375</ele>
        <time>2026-08-11T22:53:11.000Z</time>
        <extensions>
          <ns3:TrackPointExtension>
            <ns3:hr>161</ns3:hr>
            <ns3:cad>89</ns3:cad>
          </ns3:TrackPointExtension>
        </extensions>
      </trkpt>
      <trkpt lat="45.697713308036327362060546875" lon="126.5963835082948207855224609375">
        <ele>152.399993896484375</ele>
        <time>2026-08-11T22:53:12.000Z</time>
        <extensions>
          <ns3:TrackPointExtension>
            <ns3:hr>161</ns3:hr>
            <ns3:cad>89</ns3:cad>
          </ns3:TrackPointExtension>
        </extensions>
      </trkpt>
      <trkpt lat="45.697735436260700225830078125" lon="126.5963878668844699859619140625">
        <ele>152.399993896484375</ele>
        <time>2026-08-11T22:53:13.000Z</time>
        <extensions>
          <ns3:TrackPointExtension>
            <ns3:hr>160</ns3:hr>
            <ns3:cad>89</ns3:cad>
          </ns3:TrackPointExtension>
        </extensions>
      </trkpt>
      <trkpt lat="45.697763264179229736328125" lon="126.5963972546160221099853515625">
        <ele>152.1999969482421875</ele>
        <time>2026-08-11T22:53:14.000Z</time>
        <extensions>
          <ns3:TrackPointExtension>
            <ns3:hr>160</ns3:hr>
            <ns3:cad>89</ns3:cad>
          </ns3:TrackPointExtension>
        </extensions>
      </trkpt>
      <trkpt lat="45.697784386575222015380859375" lon="126.59640236757695674896240234375">
        <ele>152.1999969482421875</ele>
        <time>2026-08-11T22:53:15.000Z</time>
        <extensions>
          <ns3:TrackPointExtension>
            <ns3:hr>160</ns3:hr>
            <ns3:cad>89</ns3:cad>
          </ns3:TrackPointExtension>
        </extensions>
      </trkpt>
      <trkpt lat="45.69781313650310039520263671875" lon="126.5964120067656040191650390625">
        <ele>152.1999969482421875</ele>
        <time>2026-08-11T22:53:16.000Z</time>
        <extensions>
          <ns3:TrackPointExtension>
            <ns3:hr>160</ns3:hr>
            <ns3:cad>88</ns3:cad>
          </ns3:TrackPointExtension>
        </extensions>
      </trkpt>
      <trkpt lat="45.69783744402229785919189453125" lon="126.5964153595268726348876953125">
        <ele>152.1999969482421875</ele>
        <time>2026-08-11T22:53:17.000Z</time>
        <extensions>
          <ns3:TrackPointExtension>
            <ns3:hr>160</ns3:hr>
            <ns3:cad>88</ns3:cad>
          </ns3:TrackPointExtension>
        </extensions>
      </trkpt>
      <trkpt lat="45.697867535054683685302734375" lon="126.596426926553249359130859375">
        <ele>152.1999969482421875</ele>
        <time>2026-08-11T22:53:18.000Z</time>
        <extensions>
          <ns3:TrackPointExtension>
            <ns3:hr>160</ns3:hr>
            <ns3:cad>89</ns3:cad>
          </ns3:TrackPointExtension>
        </extensions>
      </trkpt>
      <trkpt lat="45.6978894956409931182861328125" lon="126.5964307822287082672119140625">
        <ele>152.1999969482421875</ele>
        <time>2026-08-11T22:53:19.000Z</time>
        <extensions>
          <ns3:TrackPointExtension>
            <ns3:hr>160</ns3:hr>
            <ns3:cad>89</ns3:cad>
          </ns3:TrackPointExtension>
        </extensions>
      </trkpt>
      <trkpt lat="45.69791321642696857452392578125" lon="126.59644125960767269134521484375">
        <ele>152.1999969482421875</ele>
        <time>2026-08-11T22:53:20.000Z</time>
        <extensions>
          <ns3:TrackPointExtension>
            <ns3:hr>160</ns3:hr>
            <ns3:cad>89</ns3:cad>
          </ns3:TrackPointExtension>
        </extensions>
      </trkpt>
      <trkpt lat="45.697938613593578338623046875" lon="126.59645341336727142333984375">
        <ele>152.1999969482421875</ele>
        <time>2026-08-11T22:53:21.000Z</time>
        <extensions>
          <ns3:TrackPointExtension>
            <ns3:hr>159</ns3:hr>
            <ns3:cad>88</ns3:cad>
          </ns3:TrackPointExtension>
        </extensions>
      </trkpt>
      <trkpt lat="45.69796820171177387237548828125" lon="126.59646674059331417083740234375">
        <ele>152.399993896484375</ele>
        <time>2026-08-11T22:53:22.000Z</time>
        <extensions>
          <ns3:TrackPointExtension>
            <ns3:hr>159</ns3:hr>
            <ns3:cad>88</ns3:cad>
          </ns3:TrackPointExtension>
        </extensions>
      </trkpt>
      <trkpt lat="45.697990246117115020751953125" lon="126.59647730179131031036376953125">
        <ele>152.1999969482421875</ele>
        <time>2026-08-11T22:53:23.000Z</time>
        <extensions>
          <ns3:TrackPointExtension>
            <ns3:hr>159</ns3:hr>
            <ns3:cad>88</ns3:cad>
          </ns3:TrackPointExtension>
        </extensions>
      </trkpt>
      <trkpt lat="45.69801966659724712371826171875" lon="126.59648828208446502685546875">
        <ele>152.399993896484375</ele>
        <time>2026-08-11T22:53:24.000Z</time>
        <extensions>
          <ns3:TrackPointExtension>
            <ns3:hr>159</ns3:hr>
            <ns3:cad>88</ns3:cad>
          </ns3:TrackPointExtension>
        </extensions>
      </trkpt>
      <trkpt lat="45.69804422557353973388671875" lon="126.59649842418730258941650390625">
        <ele>152.399993896484375</ele>
        <time>2026-08-11T22:53:25.000Z</time>
        <extensions>
          <ns3:TrackPointExtension>
            <ns3:hr>159</ns3:hr>
            <ns3:cad>87</ns3:cad>
          </ns3:TrackPointExtension>
        </extensions>
      </trkpt>
      <trkpt lat="45.698074735701084136962890625" lon="126.5965105779469013214111328125">
        <ele>152.399993896484375</ele>
        <time>2026-08-11T22:53:26.000Z</time>
        <extensions>
          <ns3:TrackPointExtension>
            <ns3:hr>159</ns3:hr>
            <ns3:cad>87</ns3:cad>
          </ns3:TrackPointExtension>
        </extensions>
      </trkpt>
      <trkpt lat="45.69810315035283565521240234375" lon="126.5965199656784534454345703125">
        <ele>152.399993896484375</ele>
        <time>2026-08-11T22:53:27.000Z</time>
        <extensions>
          <ns3:TrackPointExtension>
            <ns3:hr>159</ns3:hr>
            <ns3:cad>88</ns3:cad>
          </ns3:TrackPointExtension>
        </extensions>
      </trkpt>
      <trkpt lat="45.69812879897654056549072265625" lon="126.59652583301067352294921875">
        <ele>152.399993896484375</ele>
        <time>2026-08-11T22:53:28.000Z</time>
        <extensions>
          <ns3:TrackPointExtension>
            <ns3:hr>159</ns3:hr>
            <ns3:cad>88</ns3:cad>
          </ns3:TrackPointExtension>
        </extensions>
      </trkpt>
      <trkpt lat="45.698155201971530914306640625" lon="126.59653463400900363922119140625">
        <ele>152.399993896484375</ele>
        <time>2026-08-11T22:53:29.000Z</time>
        <extensions>
          <ns3:TrackPointExtension>
            <ns3:hr>158</ns3:hr>
            <ns3:cad>88</ns3:cad>
          </ns3:TrackPointExtension>
        </extensions>
      </trkpt>
      <trkpt lat="45.698180682957172393798828125" lon="126.5965360589325428009033203125">
        <ele>152.399993896484375</ele>
        <time>2026-08-11T22:53:30.000Z</time>
        <extensions>
          <ns3:TrackPointExtension>
            <ns3:hr>158</ns3:hr>
            <ns3:cad>88</ns3:cad>
          </ns3:TrackPointExtension>
        </extensions>
      </trkpt>
      <trkpt lat="45.69820675067603588104248046875" lon="126.5965487994253635406494140625">
        <ele>152.1999969482421875</ele>
        <time>2026-08-11T22:53:31.000Z</time>
        <extensions>
          <ns3:TrackPointExtension>
            <ns3:hr>158</ns3:hr>
            <ns3:cad>88</ns3:cad>
          </ns3:TrackPointExtension>
        </extensions>
      </trkpt>
      <trkpt lat="45.69823022000491619110107421875" lon="126.596552319824695587158203125">
        <ele>152.1999969482421875</ele>
        <time>2026-08-11T22:53:32.000Z</time>
        <extensions>
          <ns3:TrackPointExtension>
            <ns3:hr>158</ns3:hr>
            <ns3:cad>89</ns3:cad>
          </ns3:TrackPointExtension>
        </extensions>
      </trkpt>
      <trkpt lat="45.6982586346566677093505859375" lon="126.59656262956559658050537109375">
        <ele>152</ele>
        <time>2026-08-11T22:53:33.000Z</time>
        <extensions>
          <ns3:TrackPointExtension>
            <ns3:hr>159</ns3:hr>
            <ns3:cad>89</ns3:cad>
          </ns3:TrackPointExtension>
        </extensions>
      </trkpt>
      <trkpt lat="45.6982787512242794036865234375" lon="126.59656899981200695037841796875">
        <ele>152</ele>
        <time>2026-08-11T22:53:34.000Z</time>
        <extensions>
          <ns3:TrackPointExtension>
            <ns3:hr>158</ns3:hr>
            <ns3:cad>89</ns3:cad>
          </ns3:TrackPointExtension>
        </extensions>
      </trkpt>
      <trkpt lat="45.69830666296184062957763671875" lon="126.59658081829547882080078125">
        <ele>152</ele>
        <time>2026-08-11T22:53:35.000Z</time>
        <extensions>
          <ns3:TrackPointExtension>
            <ns3:hr>158</ns3:hr>
            <ns3:cad>89</ns3:cad>
          </ns3:TrackPointExtension>
        </extensions>
      </trkpt>
      <trkpt lat="45.6983225047588348388671875" lon="126.59658081829547882080078125">
        <ele>152</ele>
        <time>2026-08-11T22:53:36.000Z</time>
        <extensions>
          <ns3:TrackPointExtension>
            <ns3:hr>158</ns3:hr>
            <ns3:cad>88</ns3:cad>
          </ns3:TrackPointExtension>
        </extensions>
      </trkpt>
      <trkpt lat="45.69834806956350803375244140625" lon="126.5965897031128406524658203125">
        <ele>152</ele>
        <time>2026-08-11T22:53:37.000Z</time>
        <extensions>
          <ns3:TrackPointExtension>
            <ns3:hr>158</ns3:hr>
            <ns3:cad>88</ns3:cad>
          </ns3:TrackPointExtension>
        </extensions>
      </trkpt>
      <trkpt lat="45.69836617447435855865478515625" lon="126.59659280441701412200927734375">
        <ele>152</ele>
        <time>2026-08-11T22:53:38.000Z</time>
        <extensions>
          <ns3:TrackPointExtension>
            <ns3:hr>158</ns3:hr>
            <ns3:cad>88</ns3:cad>
          </ns3:TrackPointExtension>
        </extensions>
      </trkpt>
      <trkpt lat="45.69839400239288806915283203125" lon="126.59660755656659603118896484375">
        <ele>152.1999969482421875</ele>
        <time>2026-08-11T22:53:39.000Z</time>
        <extensions>
          <ns3:TrackPointExtension>
            <ns3:hr>158</ns3:hr>
            <ns3:cad>88</ns3:cad>
          </ns3:TrackPointExtension>
        </extensions>
      </trkpt>
      <trkpt lat="45.69841110147535800933837890625" lon="126.5966151840984821319580078125">
        <ele>152.1999969482421875</ele>
        <time>2026-08-11T22:53:40.000Z</time>
        <extensions>
          <ns3:TrackPointExtension>
            <ns3:hr>157</ns3:hr>
            <ns3:cad>88</ns3:cad>
          </ns3:TrackPointExtension>
        </extensions>
      </trkpt>
      <trkpt lat="45.6984406895935535430908203125" lon="126.59662306308746337890625">
        <ele>152.1999969482421875</ele>
        <time>2026-08-11T22:53:41.000Z</time>
        <extensions>
          <ns3:TrackPointExtension>
            <ns3:hr>157</ns3:hr>
            <ns3:cad>88</ns3:cad>
          </ns3:TrackPointExtension>
        </extensions>
      </trkpt>
      <trkpt lat="45.6984621472656726837158203125" lon="126.59662381745874881744384765625">
        <ele>152.1999969482421875</ele>
        <time>2026-08-11T22:53:42.000Z</time>
        <extensions>
          <ns3:TrackPointExtension>
            <ns3:hr>157</ns3:hr>
            <ns3:cad>88</ns3:cad>
          </ns3:TrackPointExtension>
        </extensions>
      </trkpt>
      <trkpt lat="45.69849693216383457183837890625" lon="126.5966322831809520721435546875">
        <ele>152.1999969482421875</ele>
        <time>2026-08-11T22:53:43.000Z</time>
        <extensions>
          <ns3:TrackPointExtension>
            <ns3:hr>157</ns3:hr>
            <ns3:cad>88</ns3:cad>
          </ns3:TrackPointExtension>
        </extensions>
      </trkpt>
      <trkpt lat="45.698520652949810028076171875" lon="126.59663446247577667236328125">
        <ele>152.399993896484375</ele>
        <time>2026-08-11T22:53:44.000Z</time>
        <extensions>
          <ns3:TrackPointExtension>
            <ns3:hr>158</ns3:hr>
            <ns3:cad>88</ns3:cad>
          </ns3:TrackPointExtension>
        </extensions>
      </trkpt>
      <trkpt lat="45.6985469721257686614990234375" lon="126.5966363064944744110107421875">
        <ele>152.399993896484375</ele>
        <time>2026-08-11T22:53:45.000Z</time>
        <extensions>
          <ns3:TrackPointExtension>
            <ns3:hr>157</ns3:hr>
            <ns3:cad>88</ns3:cad>
          </ns3:TrackPointExtension>
        </extensions>
      </trkpt>
      <trkpt lat="45.69856801070272922515869140625" lon="126.5966426767408847808837890625">
        <ele>152.399993896484375</ele>
        <time>2026-08-11T22:53:46.000Z</time>
        <extensions>
          <ns3:TrackPointExtension>
            <ns3:hr>157</ns3:hr>
            <ns3:cad>88</ns3:cad>
          </ns3:TrackPointExtension>
        </extensions>
      </trkpt>
      <trkpt lat="45.698589384555816650390625" lon="126.59664896316826343536376953125">
        <ele>152.399993896484375</ele>
        <time>2026-08-11T22:53:47.000Z</time>
        <extensions>
          <ns3:TrackPointExtension>
            <ns3:hr>157</ns3:hr>
            <ns3:cad>88</ns3:cad>
          </ns3:TrackPointExtension>
        </extensions>
      </trkpt>
      <trkpt lat="45.69861360825598239898681640625" lon="126.596661619842052459716796875">
        <ele>152.399993896484375</ele>
        <time>2026-08-11T22:53:48.000Z</time>
        <extensions>
          <ns3:TrackPointExtension>
            <ns3:hr>157</ns3:hr>
            <ns3:cad>88</ns3:cad>
          </ns3:TrackPointExtension>
        </extensions>
      </trkpt>
      <trkpt lat="45.69863162934780120849609375" lon="126.5966634638607501983642578125">
        <ele>152.399993896484375</ele>
        <time>2026-08-11T22:53:49.000Z</time>
        <extensions>
          <ns3:TrackPointExtension>
            <ns3:hr>157</ns3:hr>
            <ns3:cad>88</ns3:cad>
          </ns3:TrackPointExtension>
        </extensions>
      </trkpt>
      <trkpt lat="45.69865518249571323394775390625" lon="126.5966698341071605682373046875">
        <ele>152.399993896484375</ele>
        <time>2026-08-11T22:53:50.000Z</time>
        <extensions>
          <ns3:TrackPointExtension>
            <ns3:hr>158</ns3:hr>
            <ns3:cad>87</ns3:cad>
          </ns3:TrackPointExtension>
        </extensions>
      </trkpt>
      <trkpt lat="45.69867026992142200469970703125" lon="126.59667444415390491485595703125">
        <ele>152.399993896484375</ele>
        <time>2026-08-11T22:53:51.000Z</time>
        <extensions>
          <ns3:TrackPointExtension>
            <ns3:hr>157</ns3:hr>
            <ns3:cad>87</ns3:cad>
          </ns3:TrackPointExtension>
        </extensions>
      </trkpt>
      <trkpt lat="45.69869440980255603790283203125" lon="126.596683077514171600341796875">
        <ele>152.399993896484375</ele>
        <time>2026-08-11T22:53:52.000Z</time>
        <extensions>
          <ns3:TrackPointExtension>
            <ns3:hr>157</ns3:hr>
            <ns3:cad>87</ns3:cad>
          </ns3:TrackPointExtension>
        </extensions>
      </trkpt>
      <trkpt lat="45.69871486164629459381103515625" lon="126.59668131731450557708740234375">
        <ele>152.399993896484375</ele>
        <time>2026-08-11T22:53:53.000Z</time>
        <extensions>
          <ns3:TrackPointExtension>
            <ns3:hr>157</ns3:hr>
            <ns3:cad>87</ns3:cad>
          </ns3:TrackPointExtension>
        </extensions>
      </trkpt>
      <trkpt lat="45.69873598404228687286376953125" lon="126.59668718464672565460205078125">
        <ele>152.600006103515625</ele>
        <time>2026-08-11T22:53:54.000Z</time>
        <extensions>
          <ns3:TrackPointExtension>
            <ns3:hr>157</ns3:hr>
            <ns3:cad>87</ns3:cad>
          </ns3:TrackPointExtension>
        </extensions>
      </trkpt>
      <trkpt lat="45.69876062683761119842529296875" lon="126.59668743610382080078125">
        <ele>152.600006103515625</ele>
        <time>2026-08-11T22:53:55.000Z</time>
        <extensions>
          <ns3:TrackPointExtension>
            <ns3:hr>157</ns3:hr>
            <ns3:cad>87</ns3:cad>
          </ns3:TrackPointExtension>
        </extensions>
      </trkpt>
      <trkpt lat="45.69878577254712581634521484375" lon="126.59669238142669200897216796875">
        <ele>152.600006103515625</ele>
        <time>2026-08-11T22:53:56.000Z</time>
        <extensions>
          <ns3:TrackPointExtension>
            <ns3:hr>157</ns3:hr>
            <ns3:cad>87</ns3:cad>
          </ns3:TrackPointExtension>
        </extensions>
      </trkpt>
      <trkpt lat="45.6988078169524669647216796875" lon="126.596699170768260955810546875">
        <ele>152.600006103515625</ele>
        <time>2026-08-11T22:53:57.000Z</time>
        <extensions>
          <ns3:TrackPointExtension>
            <ns3:hr>157</ns3:hr>
            <ns3:cad>88</ns3:cad>
          </ns3:TrackPointExtension>
        </extensions>
      </trkpt>
      <trkpt lat="45.69883413612842559814453125" lon="126.59671199508011341094970703125">
        <ele>152.600006103515625</ele>
        <time>2026-08-11T22:53:58.000Z</time>
        <extensions>
          <ns3:TrackPointExtension>
            <ns3:hr>156</ns3:hr>
            <ns3:cad>88</ns3:cad>
          </ns3:TrackPointExtension>
        </extensions>
      </trkpt>
      <trkpt lat="45.698854587972164154052734375" lon="126.59672155044972896575927734375">
        <ele>152.600006103515625</ele>
        <time>2026-08-11T22:53:59.000Z</time>
        <extensions>
          <ns3:TrackPointExtension>
            <ns3:hr>157</ns3:hr>
            <ns3:cad>89</ns3:cad>
          </ns3:TrackPointExtension>
        </extensions>
      </trkpt>
      <trkpt lat="45.698876045644283294677734375" lon="126.596728004515171051025390625">
        <ele>152.600006103515625</ele>
        <time>2026-08-11T22:54:00.000Z</time>
        <extensions>
          <ns3:TrackPointExtension>
            <ns3:hr>157</ns3:hr>
            <ns3:cad>89</ns3:cad>
          </ns3:TrackPointExtension>
        </extensions>
      </trkpt>
      <trkpt lat="45.69889741949737071990966796875" lon="126.59674401395022869110107421875">
        <ele>152.399993896484375</ele>
        <time>2026-08-11T22:54:01.000Z</time>
        <extensions>
          <ns3:TrackPointExtension>
            <ns3:hr>156</ns3:hr>
            <ns3:cad>89</ns3:cad>
          </ns3:TrackPointExtension>
        </extensions>
      </trkpt>
      <trkpt lat="45.6989152729511260986328125" lon="126.5967529825866222381591796875">
        <ele>152.399993896484375</ele>
        <time>2026-08-11T22:54:02.000Z</time>
        <extensions>
          <ns3:TrackPointExtension>
            <ns3:hr>157</ns3:hr>
            <ns3:cad>88</ns3:cad>
          </ns3:TrackPointExtension>
        </extensions>
      </trkpt>
      <trkpt lat="45.69893932901322841644287109375" lon="126.5967663936316967010498046875">
        <ele>152.399993896484375</ele>
        <time>2026-08-11T22:54:03.000Z</time>
        <extensions>
          <ns3:TrackPointExtension>
            <ns3:hr>157</ns3:hr>
            <ns3:cad>88</ns3:cad>
          </ns3:TrackPointExtension>
        </extensions>
      </trkpt>
      <trkpt lat="45.69896011613309383392333984375" lon="126.59677620045840740203857421875">
        <ele>152.399993896484375</ele>
        <time>2026-08-11T22:54:04.000Z</time>
        <extensions>
          <ns3:TrackPointExtension>
            <ns3:hr>156</ns3:hr>
            <ns3:cad>88</ns3:cad>
          </ns3:TrackPointExtension>
        </extensions>
      </trkpt>
      <trkpt lat="45.69898442365229129791259765625" lon="126.5967878513038158416748046875">
        <ele>152.399993896484375</ele>
        <time>2026-08-11T22:54:05.000Z</time>
        <extensions>
          <ns3:TrackPointExtension>
            <ns3:hr>156</ns3:hr>
            <ns3:cad>88</ns3:cad>
          </ns3:TrackPointExtension>
        </extensions>
      </trkpt>
      <trkpt lat="45.69901049137115478515625" lon="126.59679271280765533447265625">
        <ele>152.399993896484375</ele>
        <time>2026-08-11T22:54:06.000Z</time>
        <extensions>
          <ns3:TrackPointExtension>
            <ns3:hr>156</ns3:hr>
            <ns3:cad>88</ns3:cad>
          </ns3:TrackPointExtension>
        </extensions>
      </trkpt>
      <trkpt lat="45.6990394927561283111572265625" lon="126.5968093089759349822998046875">
        <ele>152.399993896484375</ele>
        <time>2026-08-11T22:54:07.000Z</time>
        <extensions>
          <ns3:TrackPointExtension>
            <ns3:hr>156</ns3:hr>
            <ns3:cad>88</ns3:cad>
          </ns3:TrackPointExtension>
        </extensions>
      </trkpt>
      <trkpt lat="45.69906338118016719818115234375" lon="126.5968146733939647674560546875">
        <ele>152.399993896484375</ele>
        <time>2026-08-11T22:54:08.000Z</time>
        <extensions>
          <ns3:TrackPointExtension>
            <ns3:hr>157</ns3:hr>
            <ns3:cad>88</ns3:cad>
          </ns3:TrackPointExtension>
        </extensions>
      </trkpt>
      <trkpt lat="45.69908894598484039306640625" lon="126.596829593181610107421875">
        <ele>152.399993896484375</ele>
        <time>2026-08-11T22:54:09.000Z</time>
        <extensions>
          <ns3:TrackPointExtension>
            <ns3:hr>156</ns3:hr>
            <ns3:cad>89</ns3:cad>
          </ns3:TrackPointExtension>
        </extensions>
      </trkpt>
      <trkpt lat="45.69911283440887928009033203125" lon="126.596837975084781646728515625">
        <ele>152.399993896484375</ele>
        <time>2026-08-11T22:54:10.000Z</time>
        <extensions>
          <ns3:TrackPointExtension>
            <ns3:hr>156</ns3:hr>
            <ns3:cad>89</ns3:cad>
          </ns3:TrackPointExtension>
        </extensions>
      </trkpt>
      <trkpt lat="45.6991420872509479522705078125" lon="126.5968572534620761871337890625">
        <ele>152.399993896484375</ele>
        <time>2026-08-11T22:54:11.000Z</time>
        <extensions>
          <ns3:TrackPointExtension>
            <ns3:hr>156</ns3:hr>
            <ns3:cad>89</ns3:cad>
          </ns3:TrackPointExtension>
        </extensions>
      </trkpt>
      <trkpt lat="45.6991655565798282623291015625" lon="126.59686923958361148834228515625">
        <ele>152.600006103515625</ele>
        <time>2026-08-11T22:54:12.000Z</time>
        <extensions>
          <ns3:TrackPointExtension>
            <ns3:hr>156</ns3:hr>
            <ns3:cad>88</ns3:cad>
          </ns3:TrackPointExtension>
        </extensions>
      </trkpt>
      <trkpt lat="45.69919346831738948822021484375" lon="126.59688114188611507415771484375">
        <ele>152.600006103515625</ele>
        <time>2026-08-11T22:54:13.000Z</time>
        <extensions>
          <ns3:TrackPointExtension>
            <ns3:hr>156</ns3:hr>
            <ns3:cad>88</ns3:cad>
          </ns3:TrackPointExtension>
        </extensions>
      </trkpt>
      <trkpt lat="45.69921861402690410614013671875" lon="126.59689061343669891357421875">
        <ele>152.600006103515625</ele>
        <time>2026-08-11T22:54:14.000Z</time>
        <extensions>
          <ns3:TrackPointExtension>
            <ns3:hr>156</ns3:hr>
            <ns3:cad>88</ns3:cad>
          </ns3:TrackPointExtension>
        </extensions>
      </trkpt>
      <trkpt lat="45.699241161346435546875" lon="126.59690159372985363006591796875">
        <ele>152.8000030517578125</ele>
        <time>2026-08-11T22:54:15.000Z</time>
        <extensions>
          <ns3:TrackPointExtension>
            <ns3:hr>156</ns3:hr>
            <ns3:cad>88</ns3:cad>
          </ns3:TrackPointExtension>
        </extensions>
      </trkpt>
      <trkpt lat="45.699261613190174102783203125" lon="126.5969082154333591461181640625">
        <ele>152.8000030517578125</ele>
        <time>2026-08-11T22:54:16.000Z</time>
        <extensions>
          <ns3:TrackPointExtension>
            <ns3:hr>156</ns3:hr>
            <ns3:cad>88</ns3:cad>
          </ns3:TrackPointExtension>
        </extensions>
      </trkpt>
      <trkpt lat="45.699285753071308135986328125" lon="126.59691668115556240081787109375">
        <ele>152.8000030517578125</ele>
        <time>2026-08-11T22:54:17.000Z</time>
        <extensions>
          <ns3:TrackPointExtension>
            <ns3:hr>156</ns3:hr>
            <ns3:cad>87</ns3:cad>
          </ns3:TrackPointExtension>
        </extensions>
      </trkpt>
      <trkpt lat="45.6993063725531101226806640625" lon="126.59692975692451000213623046875">
        <ele>152.8000030517578125</ele>
        <time>2026-08-11T22:54:18.000Z</time>
        <extensions>
          <ns3:TrackPointExtension>
            <ns3:hr>156</ns3:hr>
            <ns3:cad>87</ns3:cad>
          </ns3:TrackPointExtension>
        </extensions>
      </trkpt>
      <trkpt lat="45.69933277554810047149658203125" lon="126.59693486988544464111328125">
        <ele>153</ele>
        <time>2026-08-11T22:54:19.000Z</time>
        <extensions>
          <ns3:TrackPointExtension>
            <ns3:hr>156</ns3:hr>
            <ns3:cad>87</ns3:cad>
          </ns3:TrackPointExtension>
        </extensions>
      </trkpt>
      <trkpt lat="45.6993559934198856353759765625" lon="126.59694082103669643402099609375">
        <ele>153</ele>
        <time>2026-08-11T22:54:20.000Z</time>
        <extensions>
          <ns3:TrackPointExtension>
            <ns3:hr>156</ns3:hr>
            <ns3:cad>87</ns3:cad>
          </ns3:TrackPointExtension>
        </extensions>
      </trkpt>
      <trkpt lat="45.69938139058649539947509765625" lon="126.59694819711148738861083984375">
        <ele>153</ele>
        <time>2026-08-11T22:54:21.000Z</time>
        <extensions>
          <ns3:TrackPointExtension>
            <ns3:hr>156</ns3:hr>
            <ns3:cad>88</ns3:cad>
          </ns3:TrackPointExtension>
        </extensions>
      </trkpt>
      <trkpt lat="45.69940871559083461761474609375" lon="126.59695959649980068206787109375">
        <ele>153.1999969482421875</ele>
        <time>2026-08-11T22:54:22.000Z</time>
        <extensions>
          <ns3:TrackPointExtension>
            <ns3:hr>155</ns3:hr>
            <ns3:cad>88</ns3:cad>
          </ns3:TrackPointExtension>
        </extensions>
      </trkpt>
      <trkpt lat="45.69943201728165149688720703125" lon="126.59696479327976703643798828125">
        <ele>153.1999969482421875</ele>
        <time>2026-08-11T22:54:23.000Z</time>
        <extensions>
          <ns3:TrackPointExtension>
            <ns3:hr>156</ns3:hr>
            <ns3:cad>88</ns3:cad>
          </ns3:TrackPointExtension>
        </extensions>
      </trkpt>
      <trkpt lat="45.69946118630468845367431640625" lon="126.59697367809712886810302734375">
        <ele>153.1999969482421875</ele>
        <time>2026-08-11T22:54:24.000Z</time>
        <extensions>
          <ns3:TrackPointExtension>
            <ns3:hr>156</ns3:hr>
            <ns3:cad>88</ns3:cad>
          </ns3:TrackPointExtension>
        </extensions>
      </trkpt>
      <trkpt lat="45.69948457181453704833984375" lon="126.5969799645245075225830078125">
        <ele>153.1999969482421875</ele>
        <time>2026-08-11T22:54:25.000Z</time>
        <extensions>
          <ns3:TrackPointExtension>
            <ns3:hr>156</ns3:hr>
            <ns3:cad>88</ns3:cad>
          </ns3:TrackPointExtension>
        </extensions>
      </trkpt>
      <trkpt lat="45.69951499812304973602294921875" lon="126.59698910079896450042724609375">
        <ele>153.1999969482421875</ele>
        <time>2026-08-11T22:54:26.000Z</time>
        <extensions>
          <ns3:TrackPointExtension>
            <ns3:hr>156</ns3:hr>
            <ns3:cad>88</ns3:cad>
          </ns3:TrackPointExtension>
        </extensions>
      </trkpt>
      <trkpt lat="45.69953980855643749237060546875" lon="126.59699329175055027008056640625">
        <ele>153.1999969482421875</ele>
        <time>2026-08-11T22:54:27.000Z</time>
        <extensions>
          <ns3:TrackPointExtension>
            <ns3:hr>156</ns3:hr>
            <ns3:cad>88</ns3:cad>
          </ns3:TrackPointExtension>
        </extensions>
      </trkpt>
      <trkpt lat="45.69956797175109386444091796875" lon="126.59700326621532440185546875">
        <ele>153</ele>
        <time>2026-08-11T22:54:28.000Z</time>
        <extensions>
          <ns3:TrackPointExtension>
            <ns3:hr>155</ns3:hr>
            <ns3:cad>88</ns3:cad>
          </ns3:TrackPointExtension>
        </extensions>
      </trkpt>
      <trkpt lat="45.69959026761353015899658203125" lon="126.59700619988143444061279296875">
        <ele>153</ele>
        <time>2026-08-11T22:54:29.000Z</time>
        <extensions>
          <ns3:TrackPointExtension>
            <ns3:hr>156</ns3:hr>
            <ns3:cad>88</ns3:cad>
          </ns3:TrackPointExtension>
        </extensions>
      </trkpt>
      <trkpt lat="45.69961943663656711578369140625" lon="126.59701223485171794891357421875">
        <ele>153.1999969482421875</ele>
        <time>2026-08-11T22:54:30.000Z</time>
        <extensions>
          <ns3:TrackPointExtension>
            <ns3:hr>156</ns3:hr>
            <ns3:cad>88</ns3:cad>
          </ns3:TrackPointExtension>
        </extensions>
      </trkpt>
      <trkpt lat="45.69964307360351085662841796875" lon="126.59701407887041568756103515625">
        <ele>153.1999969482421875</ele>
        <time>2026-08-11T22:54:31.000Z</time>
        <extensions>
          <ns3:TrackPointExtension>
            <ns3:hr>156</ns3:hr>
            <ns3:cad>88</ns3:cad>
          </ns3:TrackPointExtension>
        </extensions>
      </trkpt>
      <trkpt lat="45.69967308081686496734619140625" lon="126.59702078439295291900634765625">
        <ele>153.1999969482421875</ele>
        <time>2026-08-11T22:54:32.000Z</time>
        <extensions>
          <ns3:TrackPointExtension>
            <ns3:hr>156</ns3:hr>
            <ns3:cad>88</ns3:cad>
          </ns3:TrackPointExtension>
        </extensions>
      </trkpt>
      <trkpt lat="45.69969512522220611572265625" lon="126.5970265679061412811279296875">
        <ele>153.1999969482421875</ele>
        <time>2026-08-11T22:54:33.000Z</time>
        <extensions>
          <ns3:TrackPointExtension>
            <ns3:hr>155</ns3:hr>
            <ns3:cad>88</ns3:cad>
          </ns3:TrackPointExtension>
        </extensions>
      </trkpt>
      <trkpt lat="45.69972270168364048004150390625" lon="126.59703151322901248931884765625">
        <ele>153.1999969482421875</ele>
        <time>2026-08-11T22:54:34.000Z</time>
        <extensions>
          <ns3:TrackPointExtension>
            <ns3:hr>155</ns3:hr>
            <ns3:cad>88</ns3:cad>
          </ns3:TrackPointExtension>
        </extensions>
      </trkpt>
      <trkpt lat="45.6997479312121868133544921875" lon="126.5970401465892791748046875">
        <ele>153.1999969482421875</ele>
        <time>2026-08-11T22:54:35.000Z</time>
        <extensions>
          <ns3:TrackPointExtension>
            <ns3:hr>155</ns3:hr>
            <ns3:cad>88</ns3:cad>
          </ns3:TrackPointExtension>
        </extensions>
      </trkpt>
      <trkpt lat="45.69977299310266971588134765625" lon="126.5970423258841037750244140625">
        <ele>153.1999969482421875</ele>
        <time>2026-08-11T22:54:36.000Z</time>
        <extensions>
          <ns3:TrackPointExtension>
            <ns3:hr>155</ns3:hr>
            <ns3:cad>88</ns3:cad>
          </ns3:TrackPointExtension>
        </extensions>
      </trkpt>
      <trkpt lat="45.69980241358280181884765625" lon="126.5970554016530513763427734375">
        <ele>153.1999969482421875</ele>
        <time>2026-08-11T22:54:37.000Z</time>
        <extensions>
          <ns3:TrackPointExtension>
            <ns3:hr>156</ns3:hr>
            <ns3:cad>87</ns3:cad>
          </ns3:TrackPointExtension>
        </extensions>
      </trkpt>
      <trkpt lat="45.69982789456844329833984375" lon="126.59706001169979572296142578125">
        <ele>153.1999969482421875</ele>
        <time>2026-08-11T22:54:38.000Z</time>
        <extensions>
          <ns3:TrackPointExtension>
            <ns3:hr>155</ns3:hr>
            <ns3:cad>87</ns3:cad>
          </ns3:TrackPointExtension>
        </extensions>
      </trkpt>
      <trkpt lat="45.69985714741051197052001953125" lon="126.5970651246607303619384765625">
        <ele>153.1999969482421875</ele>
        <time>2026-08-11T22:54:39.000Z</time>
        <extensions>
          <ns3:TrackPointExtension>
            <ns3:hr>155</ns3:hr>
            <ns3:cad>88</ns3:cad>
          </ns3:TrackPointExtension>
        </extensions>
      </trkpt>
      <trkpt lat="45.69987927563488483428955078125" lon="126.597067303955554962158203125">
        <ele>153.1999969482421875</ele>
        <time>2026-08-11T22:54:40.000Z</time>
        <extensions>
          <ns3:TrackPointExtension>
            <ns3:hr>156</ns3:hr>
            <ns3:cad>88</ns3:cad>
          </ns3:TrackPointExtension>
        </extensions>
      </trkpt>
      <trkpt lat="45.69990693591535091400146484375" lon="126.59707141108810901641845703125">
        <ele>153.1999969482421875</ele>
        <time>2026-08-11T22:54:41.000Z</time>
        <extensions>
          <ns3:TrackPointExtension>
            <ns3:hr>155</ns3:hr>
            <ns3:cad>88</ns3:cad>
          </ns3:TrackPointExtension>
        </extensions>
      </trkpt>
      <trkpt lat="45.69993023760616779327392578125" lon="126.59706939943134784698486328125">
        <ele>153.399993896484375</ele>
        <time>2026-08-11T22:54:42.000Z</time>
        <extensions>
          <ns3:TrackPointExtension>
            <ns3:hr>155</ns3:hr>
            <ns3:cad>88</ns3:cad>
          </ns3:TrackPointExtension>
        </extensions>
      </trkpt>
      <trkpt lat="45.69995856843888759613037109375" lon="126.59707208164036273956298828125">
        <ele>153.399993896484375</ele>
        <time>2026-08-11T22:54:43.000Z</time>
        <extensions>
          <ns3:TrackPointExtension>
            <ns3:hr>156</ns3:hr>
            <ns3:cad>87</ns3:cad>
          </ns3:TrackPointExtension>
        </extensions>
      </trkpt>
      <trkpt lat="45.699982456862926483154296875" lon="126.59707166254520416259765625">
        <ele>153.399993896484375</ele>
        <time>2026-08-11T22:54:44.000Z</time>
        <extensions>
          <ns3:TrackPointExtension>
            <ns3:hr>155</ns3:hr>
            <ns3:cad>87</ns3:cad>
          </ns3:TrackPointExtension>
        </extensions>
      </trkpt>
      <trkpt lat="45.70001170970499515533447265625" lon="126.59707074053585529327392578125">
        <ele>153.399993896484375</ele>
        <time>2026-08-11T22:54:45.000Z</time>
        <extensions>
          <ns3:TrackPointExtension>
            <ns3:hr>155</ns3:hr>
            <ns3:cad>87</ns3:cad>
          </ns3:TrackPointExtension>
        </extensions>
      </trkpt>
      <trkpt lat="45.700036771595478057861328125" lon="126.5970735065639019012451171875">
        <ele>153.1999969482421875</ele>
        <time>2026-08-11T22:54:46.000Z</time>
        <extensions>
          <ns3:TrackPointExtension>
            <ns3:hr>155</ns3:hr>
            <ns3:cad>87</ns3:cad>
          </ns3:TrackPointExtension>
        </extensions>
      </trkpt>
      <trkpt lat="45.70006686262786388397216796875" lon="126.5970678068697452545166015625">
        <ele>153.1999969482421875</ele>
        <time>2026-08-11T22:54:47.000Z</time>
        <extensions>
          <ns3:TrackPointExtension>
            <ns3:hr>156</ns3:hr>
            <ns3:cad>87</ns3:cad>
          </ns3:TrackPointExtension>
        </extensions>
      </trkpt>
      <trkpt lat="45.7000912539660930633544921875" lon="126.5970678068697452545166015625">
        <ele>153.1999969482421875</ele>
        <time>2026-08-11T22:54:48.000Z</time>
        <extensions>
          <ns3:TrackPointExtension>
            <ns3:hr>155</ns3:hr>
            <ns3:cad>87</ns3:cad>
          </ns3:TrackPointExtension>
        </extensions>
      </trkpt>
      <trkpt lat="45.70011598058044910430908203125" lon="126.5970631130039691925048828125">
        <ele>153.1999969482421875</ele>
        <time>2026-08-11T22:54:49.000Z</time>
        <extensions>
          <ns3:TrackPointExtension>
            <ns3:hr>155</ns3:hr>
            <ns3:cad>88</ns3:cad>
          </ns3:TrackPointExtension>
        </extensions>
      </trkpt>
      <trkpt lat="45.7001405395567417144775390625" lon="126.597060263156890869140625">
        <ele>153.1999969482421875</ele>
        <time>2026-08-11T22:54:50.000Z</time>
        <extensions>
          <ns3:TrackPointExtension>
            <ns3:hr>155</ns3:hr>
            <ns3:cad>88</ns3:cad>
          </ns3:TrackPointExtension>
        </extensions>
      </trkpt>
      <trkpt lat="45.7001663558185100555419921875" lon="126.59705682657659053802490234375">
        <ele>153.1999969482421875</ele>
        <time>2026-08-11T22:54:51.000Z</time>
        <extensions>
          <ns3:TrackPointExtension>
            <ns3:hr>155</ns3:hr>
            <ns3:cad>88</ns3:cad>
          </ns3:TrackPointExtension>
        </extensions>
      </trkpt>
      <trkpt lat="45.70019510574638843536376953125" lon="126.597060598433017730712890625">
        <ele>153.1999969482421875</ele>
        <time>2026-08-11T22:54:52.000Z</time>
        <extensions>
          <ns3:TrackPointExtension>
            <ns3:hr>155</ns3:hr>
            <ns3:cad>88</ns3:cad>
          </ns3:TrackPointExtension>
        </extensions>
      </trkpt>
      <trkpt lat="45.70021773688495159149169921875" lon="126.59705422818660736083984375">
        <ele>153.1999969482421875</ele>
        <time>2026-08-11T22:54:53.000Z</time>
        <extensions>
          <ns3:TrackPointExtension>
            <ns3:hr>155</ns3:hr>
            <ns3:cad>88</ns3:cad>
          </ns3:TrackPointExtension>
        </extensions>
      </trkpt>
      <trkpt lat="45.70024439133703708648681640625" lon="126.597057245671749114990234375">
        <ele>153.1999969482421875</ele>
        <time>2026-08-11T22:54:54.000Z</time>
        <extensions>
          <ns3:TrackPointExtension>
            <ns3:hr>155</ns3:hr>
            <ns3:cad>87</ns3:cad>
          </ns3:TrackPointExtension>
        </extensions>
      </trkpt>
      <trkpt lat="45.70026853121817111968994140625" lon="126.59705867059528827667236328125">
        <ele>153.1999969482421875</ele>
        <time>2026-08-11T22:54:55.000Z</time>
        <extensions>
          <ns3:TrackPointExtension>
            <ns3:hr>155</ns3:hr>
            <ns3:cad>87</ns3:cad>
          </ns3:TrackPointExtension>
        </extensions>
      </trkpt>
      <trkpt lat="45.70029594004154205322265625" lon="126.59706068225204944610595703125">
        <ele>153.1999969482421875</ele>
        <time>2026-08-11T22:54:56.000Z</time>
        <extensions>
          <ns3:TrackPointExtension>
            <ns3:hr>155</ns3:hr>
            <ns3:cad>87</ns3:cad>
          </ns3:TrackPointExtension>
        </extensions>
      </trkpt>
      <trkpt lat="45.70032033137977123260498046875" lon="126.59705431200563907623291015625">
        <ele>153.1999969482421875</ele>
        <time>2026-08-11T22:54:57.000Z</time>
        <extensions>
          <ns3:TrackPointExtension>
            <ns3:hr>155</ns3:hr>
            <ns3:cad>87</ns3:cad>
          </ns3:TrackPointExtension>
        </extensions>
      </trkpt>
      <trkpt lat="45.70034765638411045074462890625" lon="126.5970540605485439300537109375">
        <ele>153.399993896484375</ele>
        <time>2026-08-11T22:54:58.000Z</time>
        <extensions>
          <ns3:TrackPointExtension>
            <ns3:hr>155</ns3:hr>
            <ns3:cad>88</ns3:cad>
          </ns3:TrackPointExtension>
        </extensions>
      </trkpt>
      <trkpt lat="45.700370706617832183837890625" lon="126.5970550663769245147705078125">
        <ele>153.399993896484375</ele>
        <time>2026-08-11T22:54:59.000Z</time>
        <extensions>
          <ns3:TrackPointExtension>
            <ns3:hr>155</ns3:hr>
            <ns3:cad>88</ns3:cad>
          </ns3:TrackPointExtension>
        </extensions>
      </trkpt>
      <trkpt lat="45.700399540364742279052734375" lon="126.59705297090113162994384765625">
        <ele>153.399993896484375</ele>
        <time>2026-08-11T22:55:00.000Z</time>
        <extensions>
          <ns3:TrackPointExtension>
            <ns3:hr>155</ns3:hr>
            <ns3:cad>89</ns3:cad>
          </ns3:TrackPointExtension>
        </extensions>
      </trkpt>
      <trkpt lat="45.70042476989328861236572265625" lon="126.59704475663602352142333984375">
        <ele>153.399993896484375</ele>
        <time>2026-08-11T22:55:01.000Z</time>
        <extensions>
          <ns3:TrackPointExtension>
            <ns3:hr>155</ns3:hr>
            <ns3:cad>89</ns3:cad>
          </ns3:TrackPointExtension>
        </extensions>
      </trkpt>
      <trkpt lat="45.70044874213635921478271484375" lon="126.597039140760898590087890625">
        <ele>153.399993896484375</ele>
        <time>2026-08-11T22:55:02.000Z</time>
        <extensions>
          <ns3:TrackPointExtension>
            <ns3:hr>155</ns3:hr>
            <ns3:cad>88</ns3:cad>
          </ns3:TrackPointExtension>
        </extensions>
      </trkpt>
      <trkpt lat="45.70047304965555667877197265625" lon="126.59703637473285198211669921875">
        <ele>153.399993896484375</ele>
        <time>2026-08-11T22:55:03.000Z</time>
        <extensions>
          <ns3:TrackPointExtension>
            <ns3:hr>155</ns3:hr>
            <ns3:cad>87</ns3:cad>
          </ns3:TrackPointExtension>
        </extensions>
      </trkpt>
      <trkpt lat="45.7004996202886104583740234375" lon="126.597036458551883697509765625">
        <ele>153.399993896484375</ele>
        <time>2026-08-11T22:55:04.000Z</time>
        <extensions>
          <ns3:TrackPointExtension>
            <ns3:hr>155</ns3:hr>
            <ns3:cad>87</ns3:cad>
          </ns3:TrackPointExtension>
        </extensions>
      </trkpt>
      <trkpt lat="45.70052753202617168426513671875" lon="126.59704023040831089019775390625">
        <ele>153.1999969482421875</ele>
        <time>2026-08-11T22:55:05.000Z</time>
        <extensions>
          <ns3:TrackPointExtension>
            <ns3:hr>155</ns3:hr>
            <ns3:cad>88</ns3:cad>
          </ns3:TrackPointExtension>
        </extensions>
      </trkpt>
      <trkpt lat="45.70055351592600345611572265625" lon="126.597038470208644866943359375">
        <ele>153.1999969482421875</ele>
        <time>2026-08-11T22:55:06.000Z</time>
        <extensions>
          <ns3:TrackPointExtension>
            <ns3:hr>156</ns3:hr>
            <ns3:cad>88</ns3:cad>
          </ns3:TrackPointExtension>
        </extensions>
      </trkpt>
      <trkpt lat="45.70058184675872325897216796875" lon="126.59704458899796009063720703125">
        <ele>153.1999969482421875</ele>
        <time>2026-08-11T22:55:07.000Z</time>
        <extensions>
          <ns3:TrackPointExtension>
            <ns3:hr>157</ns3:hr>
            <ns3:cad>88</ns3:cad>
          </ns3:TrackPointExtension>
        </extensions>
      </trkpt>
      <trkpt lat="45.7006048969924449920654296875" lon="126.5970413200557231903076171875">
        <ele>153.1999969482421875</ele>
        <time>2026-08-11T22:55:08.000Z</time>
        <extensions>
          <ns3:TrackPointExtension>
            <ns3:hr>157</ns3:hr>
            <ns3:cad>88</ns3:cad>
          </ns3:TrackPointExtension>
        </extensions>
      </trkpt>
      <trkpt lat="45.7006359100341796875" lon="126.59704794175922870635986328125">
        <ele>153.1999969482421875</ele>
        <time>2026-08-11T22:55:09.000Z</time>
        <extensions>
          <ns3:TrackPointExtension>
            <ns3:hr>157</ns3:hr>
            <ns3:cad>88</ns3:cad>
          </ns3:TrackPointExtension>
        </extensions>
      </trkpt>
      <trkpt lat="45.70065996609628200531005859375" lon="126.59704995341598987579345703125">
        <ele>153.1999969482421875</ele>
        <time>2026-08-11T22:55:10.000Z</time>
        <extensions>
          <ns3:TrackPointExtension>
            <ns3:hr>158</ns3:hr>
            <ns3:cad>88</ns3:cad>
          </ns3:TrackPointExtension>
        </extensions>
      </trkpt>
      <trkpt lat="45.7006850279867649078369140625" lon="126.59705221652984619140625">
        <ele>153.1999969482421875</ele>
        <time>2026-08-11T22:55:11.000Z</time>
        <extensions>
          <ns3:TrackPointExtension>
            <ns3:hr>158</ns3:hr>
            <ns3:cad>87</ns3:cad>
          </ns3:TrackPointExtension>
        </extensions>
      </trkpt>
      <trkpt lat="45.7007048092782497406005859375" lon="126.5970493666827678680419921875">
        <ele>153.1999969482421875</ele>
        <time>2026-08-11T22:55:12.000Z</time>
        <extensions>
          <ns3:TrackPointExtension>
            <ns3:hr>157</ns3:hr>
            <ns3:cad>87</ns3:cad>
          </ns3:TrackPointExtension>
        </extensions>
      </trkpt>
      <trkpt lat="45.700735151767730712890625" lon="126.5970527194440364837646484375">
        <ele>153.399993896484375</ele>
        <time>2026-08-11T22:55:13.000Z</time>
        <extensions>
          <ns3:TrackPointExtension>
            <ns3:hr>158</ns3:hr>
            <ns3:cad>87</ns3:cad>
          </ns3:TrackPointExtension>
        </extensions>
      </trkpt>
      <trkpt lat="45.70075593888759613037109375" lon="126.59705447964370250701904296875">
        <ele>153.399993896484375</ele>
        <time>2026-08-11T22:55:14.000Z</time>
        <extensions>
          <ns3:TrackPointExtension>
            <ns3:hr>158</ns3:hr>
            <ns3:cad>87</ns3:cad>
          </ns3:TrackPointExtension>
        </extensions>
      </trkpt>
      <trkpt lat="45.700779743492603302001953125" lon="126.597046516835689544677734375">
        <ele>153.399993896484375</ele>
        <time>2026-08-11T22:55:15.000Z</time>
        <extensions>
          <ns3:TrackPointExtension>
            <ns3:hr>158</ns3:hr>
            <ns3:cad>87</ns3:cad>
          </ns3:TrackPointExtension>
        </extensions>
      </trkpt>
      <trkpt lat="45.70080279372632503509521484375" lon="126.59703771583735942840576171875">
        <ele>153.1999969482421875</ele>
        <time>2026-08-11T22:55:16.000Z</time>
        <extensions>
          <ns3:TrackPointExtension>
            <ns3:hr>158</ns3:hr>
            <ns3:cad>87</ns3:cad>
          </ns3:TrackPointExtension>
        </extensions>
      </trkpt>
      <trkpt lat="45.70081419311463832855224609375" lon="126.5970141626894474029541015625">
        <ele>153.1999969482421875</ele>
        <time>2026-08-11T22:55:17.000Z</time>
        <extensions>
          <ns3:TrackPointExtension>
            <ns3:hr>158</ns3:hr>
            <ns3:cad>87</ns3:cad>
          </ns3:TrackPointExtension>
        </extensions>
      </trkpt>
      <trkpt lat="45.70081922225654125213623046875" lon="126.596982479095458984375">
        <ele>153.1999969482421875</ele>
        <time>2026-08-11T22:55:18.000Z</time>
        <extensions>
          <ns3:TrackPointExtension>
            <ns3:hr>158</ns3:hr>
            <ns3:cad>87</ns3:cad>
          </ns3:TrackPointExtension>
        </extensions>
      </trkpt>
      <trkpt lat="45.70081628859043121337890625" lon="126.5969581715762615203857421875">
        <ele>153</ele>
        <time>2026-08-11T22:55:19.000Z</time>
        <extensions>
          <ns3:TrackPointExtension>
            <ns3:hr>158</ns3:hr>
            <ns3:cad>87</ns3:cad>
          </ns3:TrackPointExtension>
        </extensions>
      </trkpt>
      <trkpt lat="45.7008183002471923828125" lon="126.59691886045038700103759765625">
        <ele>152.8000030517578125</ele>
        <time>2026-08-11T22:55:20.000Z</time>
        <extensions>
          <ns3:TrackPointExtension>
            <ns3:hr>158</ns3:hr>
            <ns3:cad>87</ns3:cad>
          </ns3:TrackPointExtension>
        </extensions>
      </trkpt>
      <trkpt lat="45.70081603713333606719970703125" lon="126.59689455293118953704833984375">
        <ele>152.600006103515625</ele>
        <time>2026-08-11T22:55:21.000Z</time>
        <extensions>
          <ns3:TrackPointExtension>
            <ns3:hr>159</ns3:hr>
            <ns3:cad>87</ns3:cad>
          </ns3:TrackPointExtension>
        </extensions>
      </trkpt>
      <trkpt lat="45.70081318728625774383544921875" lon="126.59685499034821987152099609375">
        <ele>152.399993896484375</ele>
        <time>2026-08-11T22:55:22.000Z</time>
        <extensions>
          <ns3:TrackPointExtension>
            <ns3:hr>158</ns3:hr>
            <ns3:cad>87</ns3:cad>
          </ns3:TrackPointExtension>
        </extensions>
      </trkpt>
      <trkpt lat="45.70081268437206745147705078125" lon="126.59681928344070911407470703125">
        <ele>152.1999969482421875</ele>
        <time>2026-08-11T22:55:23.000Z</time>
        <extensions>
          <ns3:TrackPointExtension>
            <ns3:hr>158</ns3:hr>
            <ns3:cad>87</ns3:cad>
          </ns3:TrackPointExtension>
        </extensions>
      </trkpt>
      <trkpt lat="45.7008033804595470428466796875" lon="126.59679112024605274200439453125">
        <ele>152</ele>
        <time>2026-08-11T22:55:24.000Z</time>
        <extensions>
          <ns3:TrackPointExtension>
            <ns3:hr>158</ns3:hr>
            <ns3:cad>86</ns3:cad>
          </ns3:TrackPointExtension>
        </extensions>
      </trkpt>
      <trkpt lat="45.700804889202117919921875" lon="126.5967630408704280853271484375">
        <ele>151.8000030517578125</ele>
        <time>2026-08-11T22:55:25.000Z</time>
        <extensions>
          <ns3:TrackPointExtension>
            <ns3:hr>158</ns3:hr>
            <ns3:cad>86</ns3:cad>
          </ns3:TrackPointExtension>
        </extensions>
      </trkpt>
      <trkpt lat="45.70080329664051532745361328125" lon="126.5967338718473911285400390625">
        <ele>151.600006103515625</ele>
        <time>2026-08-11T22:55:26.000Z</time>
        <extensions>
          <ns3:TrackPointExtension>
            <ns3:hr>158</ns3:hr>
            <ns3:cad>86</ns3:cad>
          </ns3:TrackPointExtension>
        </extensions>
      </trkpt>
      <trkpt lat="45.70080379955470561981201171875" lon="126.596699170768260955810546875">
        <ele>151.1999969482421875</ele>
        <time>2026-08-11T22:55:27.000Z</time>
        <extensions>
          <ns3:TrackPointExtension>
            <ns3:hr>158</ns3:hr>
            <ns3:cad>86</ns3:cad>
          </ns3:TrackPointExtension>
        </extensions>
      </trkpt>
      <trkpt lat="45.7007996924221515655517578125" lon="126.5966725163161754608154296875">
        <ele>151</ele>
        <time>2026-08-11T22:55:28.000Z</time>
        <extensions>
          <ns3:TrackPointExtension>
            <ns3:hr>158</ns3:hr>
            <ns3:cad>86</ns3:cad>
          </ns3:TrackPointExtension>
        </extensions>
      </trkpt>
      <trkpt lat="45.7007956691086292266845703125" lon="126.59663622267544269561767578125">
        <ele>150.8000030517578125</ele>
        <time>2026-08-11T22:55:29.000Z</time>
        <extensions>
          <ns3:TrackPointExtension>
            <ns3:hr>158</ns3:hr>
            <ns3:cad>86</ns3:cad>
          </ns3:TrackPointExtension>
        </extensions>
      </trkpt>
      <trkpt lat="45.7007953338325023651123046875" lon="126.59659883938729763031005859375">
        <ele>150.399993896484375</ele>
        <time>2026-08-11T22:55:30.000Z</time>
        <extensions>
          <ns3:TrackPointExtension>
            <ns3:hr>158</ns3:hr>
            <ns3:cad>85</ns3:cad>
          </ns3:TrackPointExtension>
        </extensions>
      </trkpt>
      <trkpt lat="45.7007901370525360107421875" lon="126.5965652279555797576904296875">
        <ele>150.1999969482421875</ele>
        <time>2026-08-11T22:55:31.000Z</time>
        <extensions>
          <ns3:TrackPointExtension>
            <ns3:hr>157</ns3:hr>
            <ns3:cad>85</ns3:cad>
          </ns3:TrackPointExtension>
        </extensions>
      </trkpt>
      <trkpt lat="45.7007896341383457183837890625" lon="126.59652055241167545318603515625">
        <ele>150</ele>
        <time>2026-08-11T22:55:32.000Z</time>
        <extensions>
          <ns3:TrackPointExtension>
            <ns3:hr>157</ns3:hr>
            <ns3:cad>85</ns3:cad>
          </ns3:TrackPointExtension>
        </extensions>
      </trkpt>
      <trkpt lat="45.7007842697203159332275390625" lon="126.59648886881768703460693359375">
        <ele>149.8000030517578125</ele>
        <time>2026-08-11T22:55:33.000Z</time>
        <extensions>
          <ns3:TrackPointExtension>
            <ns3:hr>157</ns3:hr>
            <ns3:cad>86</ns3:cad>
          </ns3:TrackPointExtension>
        </extensions>
      </trkpt>
      <trkpt lat="45.70078234188258647918701171875" lon="126.59644394181668758392333984375">
        <ele>149.399993896484375</ele>
        <time>2026-08-11T22:55:34.000Z</time>
        <extensions>
          <ns3:TrackPointExtension>
            <ns3:hr>157</ns3:hr>
            <ns3:cad>86</ns3:cad>
          </ns3:TrackPointExtension>
        </extensions>
      </trkpt>
      <trkpt lat="45.7007775641977787017822265625" lon="126.5964022837579250335693359375">
        <ele>149.1999969482421875</ele>
        <time>2026-08-11T22:55:35.000Z</time>
        <extensions>
          <ns3:TrackPointExtension>
            <ns3:hr>157</ns3:hr>
            <ns3:cad>87</ns3:cad>
          </ns3:TrackPointExtension>
        </extensions>
      </trkpt>
      <trkpt lat="45.70077337324619293212890625" lon="126.59636464901268482208251953125">
        <ele>149</ele>
        <time>2026-08-11T22:55:36.000Z</time>
        <extensions>
          <ns3:TrackPointExtension>
            <ns3:hr>157</ns3:hr>
            <ns3:cad>87</ns3:cad>
          </ns3:TrackPointExtension>
        </extensions>
      </trkpt>
      <trkpt lat="45.70076842792332172393798828125" lon="126.59632273949682712554931640625">
        <ele>148.8000030517578125</ele>
        <time>2026-08-11T22:55:37.000Z</time>
        <extensions>
          <ns3:TrackPointExtension>
            <ns3:hr>156</ns3:hr>
            <ns3:cad>87</ns3:cad>
          </ns3:TrackPointExtension>
        </extensions>
      </trkpt>
      <trkpt lat="45.700763650238513946533203125" lon="126.5962886251509189605712890625">
        <ele>148.600006103515625</ele>
        <time>2026-08-11T22:55:38.000Z</time>
        <extensions>
          <ns3:TrackPointExtension>
            <ns3:hr>156</ns3:hr>
            <ns3:cad>84</ns3:cad>
          </ns3:TrackPointExtension>
        </extensions>
      </trkpt>
      <trkpt lat="45.7007574476301670074462890625" lon="126.59624344669282436370849609375">
        <ele>148.399993896484375</ele>
        <time>2026-08-11T22:55:39.000Z</time>
        <extensions>
          <ns3:TrackPointExtension>
            <ns3:hr>156</ns3:hr>
            <ns3:cad>83</ns3:cad>
          </ns3:TrackPointExtension>
        </extensions>
      </trkpt>
      <trkpt lat="45.70075032301247119903564453125" lon="126.59621025435626506805419921875">
        <ele>148.399993896484375</ele>
        <time>2026-08-11T22:55:40.000Z</time>
        <extensions>
          <ns3:TrackPointExtension>
            <ns3:hr>157</ns3:hr>
            <ns3:cad>83</ns3:cad>
          </ns3:TrackPointExtension>
        </extensions>
      </trkpt>
      <trkpt lat="45.70074009709060192108154296875" lon="126.5961669199168682098388671875">
        <ele>148.399993896484375</ele>
        <time>2026-08-11T22:55:41.000Z</time>
        <extensions>
          <ns3:TrackPointExtension>
            <ns3:hr>157</ns3:hr>
            <ns3:cad>83</ns3:cad>
          </ns3:TrackPointExtension>
        </extensions>
      </trkpt>
      <trkpt lat="45.70073003880679607391357421875" lon="126.59613532014191150665283203125">
        <ele>148.1999969482421875</ele>
        <time>2026-08-11T22:55:42.000Z</time>
        <extensions>
          <ns3:TrackPointExtension>
            <ns3:hr>157</ns3:hr>
            <ns3:cad>84</ns3:cad>
          </ns3:TrackPointExtension>
        </extensions>
      </trkpt>
      <trkpt lat="45.70071444846689701080322265625" lon="126.59609508700668811798095703125">
        <ele>148</ele>
        <time>2026-08-11T22:55:43.000Z</time>
        <extensions>
          <ns3:TrackPointExtension>
            <ns3:hr>156</ns3:hr>
            <ns3:cad>85</ns3:cad>
          </ns3:TrackPointExtension>
        </extensions>
      </trkpt>
      <trkpt lat="45.70070321671664714813232421875" lon="126.5960660018026828765869140625">
        <ele>148</ele>
        <time>2026-08-11T22:55:44.000Z</time>
        <extensions>
          <ns3:TrackPointExtension>
            <ns3:hr>156</ns3:hr>
            <ns3:cad>85</ns3:cad>
          </ns3:TrackPointExtension>
        </extensions>
      </trkpt>
      <trkpt lat="45.700683854520320892333984375" lon="126.5960348211228847503662109375">
        <ele>148</ele>
        <time>2026-08-11T22:55:45.000Z</time>
        <extensions>
          <ns3:TrackPointExtension>
            <ns3:hr>156</ns3:hr>
            <ns3:cad>86</ns3:cad>
          </ns3:TrackPointExtension>
        </extensions>
      </trkpt>
      <trkpt lat="45.7006640732288360595703125" lon="126.59601864404976367950439453125">
        <ele>147.8000030517578125</ele>
        <time>2026-08-11T22:55:46.000Z</time>
        <extensions>
          <ns3:TrackPointExtension>
            <ns3:hr>156</ns3:hr>
            <ns3:cad>87</ns3:cad>
          </ns3:TrackPointExtension>
        </extensions>
      </trkpt>
      <trkpt lat="45.7006377540528774261474609375" lon="126.5960130281746387481689453125">
        <ele>147.8000030517578125</ele>
        <time>2026-08-11T22:55:47.000Z</time>
        <extensions>
          <ns3:TrackPointExtension>
            <ns3:hr>157</ns3:hr>
            <ns3:cad>87</ns3:cad>
          </ns3:TrackPointExtension>
        </extensions>
      </trkpt>
      <trkpt lat="45.70061168633401393890380859375" lon="126.59601311199367046356201171875">
        <ele>147.8000030517578125</ele>
        <time>2026-08-11T22:55:48.000Z</time>
        <extensions>
          <ns3:TrackPointExtension>
            <ns3:hr>156</ns3:hr>
            <ns3:cad>87</ns3:cad>
          </ns3:TrackPointExtension>
        </extensions>
      </trkpt>
      <trkpt lat="45.70058754645287990570068359375" lon="126.596012525260448455810546875">
        <ele>147.8000030517578125</ele>
        <time>2026-08-11T22:55:49.000Z</time>
        <extensions>
          <ns3:TrackPointExtension>
            <ns3:hr>156</ns3:hr>
            <ns3:cad>87</ns3:cad>
          </ns3:TrackPointExtension>
        </extensions>
      </trkpt>
      <trkpt lat="45.70056323893368244171142578125" lon="126.59601210616528987884521484375">
        <ele>147.600006103515625</ele>
        <time>2026-08-11T22:55:50.000Z</time>
        <extensions>
          <ns3:TrackPointExtension>
            <ns3:hr>156</ns3:hr>
            <ns3:cad>87</ns3:cad>
          </ns3:TrackPointExtension>
        </extensions>
      </trkpt>
      <trkpt lat="45.700543038547039031982421875" lon="126.59601160325109958648681640625">
        <ele>147.600006103515625</ele>
        <time>2026-08-11T22:55:51.000Z</time>
        <extensions>
          <ns3:TrackPointExtension>
            <ns3:hr>156</ns3:hr>
            <ns3:cad>87</ns3:cad>
          </ns3:TrackPointExtension>
        </extensions>
      </trkpt>
      <trkpt lat="45.700516887009143829345703125" lon="126.5960136987268924713134765625">
        <ele>147.600006103515625</ele>
        <time>2026-08-11T22:55:52.000Z</time>
        <extensions>
          <ns3:TrackPointExtension>
            <ns3:hr>156</ns3:hr>
            <ns3:cad>87</ns3:cad>
          </ns3:TrackPointExtension>
        </extensions>
      </trkpt>
      <trkpt lat="45.70049249567091464996337890625" lon="126.59601042978465557098388671875">
        <ele>147.600006103515625</ele>
        <time>2026-08-11T22:55:53.000Z</time>
        <extensions>
          <ns3:TrackPointExtension>
            <ns3:hr>156</ns3:hr>
            <ns3:cad>87</ns3:cad>
          </ns3:TrackPointExtension>
        </extensions>
      </trkpt>
      <trkpt lat="45.7004597224295139312744140625" lon="126.59600087441504001617431640625">
        <ele>147.600006103515625</ele>
        <time>2026-08-11T22:55:54.000Z</time>
        <extensions>
          <ns3:TrackPointExtension>
            <ns3:hr>155</ns3:hr>
            <ns3:cad>87</ns3:cad>
          </ns3:TrackPointExtension>
        </extensions>
      </trkpt>
      <trkpt lat="45.7004387676715850830078125" lon="126.5960036404430866241455078125">
        <ele>147.600006103515625</ele>
        <time>2026-08-11T22:55:55.000Z</time>
        <extensions>
          <ns3:TrackPointExtension>
            <ns3:hr>155</ns3:hr>
            <ns3:cad>87</ns3:cad>
          </ns3:TrackPointExtension>
        </extensions>
      </trkpt>
      <trkpt lat="45.7004092633724212646484375" lon="126.59600188024342060089111328125">
        <ele>147.600006103515625</ele>
        <time>2026-08-11T22:55:56.000Z</time>
        <extensions>
          <ns3:TrackPointExtension>
            <ns3:hr>155</ns3:hr>
            <ns3:cad>87</ns3:cad>
          </ns3:TrackPointExtension>
        </extensions>
      </trkpt>
      <trkpt lat="45.70038688369095325469970703125" lon="126.59600473009049892425537109375">
        <ele>147.600006103515625</ele>
        <time>2026-08-11T22:55:57.000Z</time>
        <extensions>
          <ns3:TrackPointExtension>
            <ns3:hr>155</ns3:hr>
            <ns3:cad>87</ns3:cad>
          </ns3:TrackPointExtension>
        </extensions>
      </trkpt>
      <trkpt lat="45.70035000331699848175048828125" lon="126.59599584527313709259033203125">
        <ele>147.600006103515625</ele>
        <time>2026-08-11T22:55:58.000Z</time>
        <extensions>
          <ns3:TrackPointExtension>
            <ns3:hr>155</ns3:hr>
            <ns3:cad>88</ns3:cad>
          </ns3:TrackPointExtension>
        </extensions>
      </trkpt>
      <trkpt lat="45.7003247737884521484375" lon="126.59599341452121734619140625">
        <ele>147.600006103515625</ele>
        <time>2026-08-11T22:55:59.000Z</time>
        <extensions>
          <ns3:TrackPointExtension>
            <ns3:hr>155</ns3:hr>
            <ns3:cad>88</ns3:cad>
          </ns3:TrackPointExtension>
        </extensions>
      </trkpt>
      <trkpt lat="45.7002930901944637298583984375" lon="126.5959848649799823760986328125">
        <ele>147.399993896484375</ele>
        <time>2026-08-11T22:56:00.000Z</time>
        <extensions>
          <ns3:TrackPointExtension>
            <ns3:hr>154</ns3:hr>
            <ns3:cad>89</ns3:cad>
          </ns3:TrackPointExtension>
        </extensions>
      </trkpt>
      <trkpt lat="45.70027138106524944305419921875" lon="126.59597220830619335174560546875">
        <ele>147.399993896484375</ele>
        <time>2026-08-11T22:56:01.000Z</time>
        <extensions>
          <ns3:TrackPointExtension>
            <ns3:hr>154</ns3:hr>
            <ns3:cad>89</ns3:cad>
          </ns3:TrackPointExtension>
        </extensions>
      </trkpt>
      <trkpt lat="45.7002468220889568328857421875" lon="126.59595259465277194976806640625">
        <ele>147.399993896484375</ele>
        <time>2026-08-11T22:56:02.000Z</time>
        <extensions>
          <ns3:TrackPointExtension>
            <ns3:hr>153</ns3:hr>
            <ns3:cad>89</ns3:cad>
          </ns3:TrackPointExtension>
        </extensions>
      </trkpt>
      <trkpt lat="45.70022444240748882293701171875" lon="126.5959372557699680328369140625">
        <ele>147.399993896484375</ele>
        <time>2026-08-11T22:56:03.000Z</time>
        <extensions>
          <ns3:TrackPointExtension>
            <ns3:hr>152</ns3:hr>
            <ns3:cad>89</ns3:cad>
          </ns3:TrackPointExtension>
        </extensions>
      </trkpt>
      <trkpt lat="45.70020080544054508209228515625" lon="126.59591697156429290771484375">
        <ele>147.399993896484375</ele>
        <time>2026-08-11T22:56:04.000Z</time>
        <extensions>
          <ns3:TrackPointExtension>
            <ns3:hr>152</ns3:hr>
            <ns3:cad>89</ns3:cad>
          </ns3:TrackPointExtension>
        </extensions>
      </trkpt>
      <trkpt lat="45.7001827843487262725830078125" lon="126.595885120332241058349609375">
        <ele>147.399993896484375</ele>
        <time>2026-08-11T22:56:05.000Z</time>
        <extensions>
          <ns3:TrackPointExtension>
            <ns3:hr>152</ns3:hr>
            <ns3:cad>89</ns3:cad>
          </ns3:TrackPointExtension>
        </extensions>
      </trkpt>
      <trkpt lat="45.70016576908528804779052734375" lon="126.59585528075695037841796875">
        <ele>147.399993896484375</ele>
        <time>2026-08-11T22:56:06.000Z</time>
        <extensions>
          <ns3:TrackPointExtension>
            <ns3:hr>153</ns3:hr>
            <ns3:cad>88</ns3:cad>
          </ns3:TrackPointExtension>
        </extensions>
      </trkpt>
      <trkpt lat="45.7001562975347042083740234375" lon="126.59581446088850498199462890625">
        <ele>147.399993896484375</ele>
        <time>2026-08-11T22:56:07.000Z</time>
        <extensions>
          <ns3:TrackPointExtension>
            <ns3:hr>152</ns3:hr>
            <ns3:cad>88</ns3:cad>
          </ns3:TrackPointExtension>
        </extensions>
      </trkpt>
      <trkpt lat="45.700144730508327484130859375" lon="126.59578613005578517913818359375">
        <ele>147.399993896484375</ele>
        <time>2026-08-11T22:56:08.000Z</time>
        <extensions>
          <ns3:TrackPointExtension>
            <ns3:hr>152</ns3:hr>
            <ns3:cad>88</ns3:cad>
          </ns3:TrackPointExtension>
        </extensions>
      </trkpt>
      <trkpt lat="45.70013341493904590606689453125" lon="126.595744304358959197998046875">
        <ele>147.399993896484375</ele>
        <time>2026-08-11T22:56:09.000Z</time>
        <extensions>
          <ns3:TrackPointExtension>
            <ns3:hr>153</ns3:hr>
            <ns3:cad>88</ns3:cad>
          </ns3:TrackPointExtension>
        </extensions>
      </trkpt>
      <trkpt lat="45.7001251168549060821533203125" lon="126.59571312367916107177734375">
        <ele>147.399993896484375</ele>
        <time>2026-08-11T22:56:10.000Z</time>
        <extensions>
          <ns3:TrackPointExtension>
            <ns3:hr>152</ns3:hr>
            <ns3:cad>88</ns3:cad>
          </ns3:TrackPointExtension>
        </extensions>
      </trkpt>
      <trkpt lat="45.7001142203807830810546875" lon="126.59567247144877910614013671875">
        <ele>147.399993896484375</ele>
        <time>2026-08-11T22:56:11.000Z</time>
        <extensions>
          <ns3:TrackPointExtension>
            <ns3:hr>152</ns3:hr>
            <ns3:cad>87</ns3:cad>
          </ns3:TrackPointExtension>
        </extensions>
      </trkpt>
      <trkpt lat="45.70010977797210216522216796875" lon="126.5956442244350910186767578125">
        <ele>147.399993896484375</ele>
        <time>2026-08-11T22:56:12.000Z</time>
        <extensions>
          <ns3:TrackPointExtension>
            <ns3:hr>153</ns3:hr>
            <ns3:cad>87</ns3:cad>
          </ns3:TrackPointExtension>
        </extensions>
      </trkpt>
      <trkpt lat="45.70010340772569179534912109375" lon="126.5956096909940242767333984375">
        <ele>147.399993896484375</ele>
        <time>2026-08-11T22:56:13.000Z</time>
        <extensions>
          <ns3:TrackPointExtension>
            <ns3:hr>152</ns3:hr>
            <ns3:cad>87</ns3:cad>
          </ns3:TrackPointExtension>
        </extensions>
      </trkpt>
      <trkpt lat="45.70009552873671054840087890625" lon="126.59557775594294071197509765625">
        <ele>147.399993896484375</ele>
        <time>2026-08-11T22:56:14.000Z</time>
        <extensions>
          <ns3:TrackPointExtension>
            <ns3:hr>153</ns3:hr>
            <ns3:cad>87</ns3:cad>
          </ns3:TrackPointExtension>
        </extensions>
      </trkpt>
      <trkpt lat="45.70008966140449047088623046875" lon="126.59554171375930309295654296875">
        <ele>147.600006103515625</ele>
        <time>2026-08-11T22:56:15.000Z</time>
        <extensions>
          <ns3:TrackPointExtension>
            <ns3:hr>153</ns3:hr>
            <ns3:cad>87</ns3:cad>
          </ns3:TrackPointExtension>
        </extensions>
      </trkpt>
      <trkpt lat="45.700086392462253570556640625" lon="126.59550583921372890472412109375">
        <ele>147.8000030517578125</ele>
        <time>2026-08-11T22:56:16.000Z</time>
        <extensions>
          <ns3:TrackPointExtension>
            <ns3:hr>153</ns3:hr>
            <ns3:cad>87</ns3:cad>
          </ns3:TrackPointExtension>
        </extensions>
      </trkpt>
      <trkpt lat="45.700081028044223785400390625" lon="126.59546962939202785491943359375">
        <ele>147.8000030517578125</ele>
        <time>2026-08-11T22:56:17.000Z</time>
        <extensions>
          <ns3:TrackPointExtension>
            <ns3:hr>153</ns3:hr>
            <ns3:cad>88</ns3:cad>
          </ns3:TrackPointExtension>
        </extensions>
      </trkpt>
      <trkpt lat="45.70007457397878170013427734375" lon="126.59542989917099475860595703125">
        <ele>147.8000030517578125</ele>
        <time>2026-08-11T22:56:18.000Z</time>
        <extensions>
          <ns3:TrackPointExtension>
            <ns3:hr>153</ns3:hr>
            <ns3:cad>88</ns3:cad>
          </ns3:TrackPointExtension>
        </extensions>
      </trkpt>
      <trkpt lat="45.70006602443754673004150390625" lon="126.59539955668151378631591796875">
        <ele>148</ele>
        <time>2026-08-11T22:56:19.000Z</time>
        <extensions>
          <ns3:TrackPointExtension>
            <ns3:hr>154</ns3:hr>
            <ns3:cad>87</ns3:cad>
          </ns3:TrackPointExtension>
        </extensions>
      </trkpt>
      <trkpt lat="45.70005730725824832916259765625" lon="126.5953646041452884674072265625">
        <ele>148</ele>
        <time>2026-08-11T22:56:20.000Z</time>
        <extensions>
          <ns3:TrackPointExtension>
            <ns3:hr>154</ns3:hr>
            <ns3:cad>87</ns3:cad>
          </ns3:TrackPointExtension>
        </extensions>
      </trkpt>
      <trkpt lat="45.70004657842218875885009765625" lon="126.5953377820551395416259765625">
        <ele>148.1999969482421875</ele>
        <time>2026-08-11T22:56:21.000Z</time>
        <extensions>
          <ns3:TrackPointExtension>
            <ns3:hr>154</ns3:hr>
            <ns3:cad>87</ns3:cad>
          </ns3:TrackPointExtension>
        </extensions>
      </trkpt>
      <trkpt lat="45.7000392861664295196533203125" lon="126.5952978841960430145263671875">
        <ele>148.1999969482421875</ele>
        <time>2026-08-11T22:56:22.000Z</time>
        <extensions>
          <ns3:TrackPointExtension>
            <ns3:hr>154</ns3:hr>
            <ns3:cad>87</ns3:cad>
          </ns3:TrackPointExtension>
        </extensions>
      </trkpt>
      <trkpt lat="45.7000309042632579803466796875" lon="126.59526829607784748077392578125">
        <ele>148.1999969482421875</ele>
        <time>2026-08-11T22:56:23.000Z</time>
        <extensions>
          <ns3:TrackPointExtension>
            <ns3:hr>155</ns3:hr>
            <ns3:cad>87</ns3:cad>
          </ns3:TrackPointExtension>
        </extensions>
      </trkpt>
      <trkpt lat="45.70002528838813304901123046875" lon="126.5952274762094020843505859375">
        <ele>148.1999969482421875</ele>
        <time>2026-08-11T22:56:24.000Z</time>
        <extensions>
          <ns3:TrackPointExtension>
            <ns3:hr>155</ns3:hr>
            <ns3:cad>87</ns3:cad>
          </ns3:TrackPointExtension>
        </extensions>
      </trkpt>
      <trkpt lat="45.70002076216042041778564453125" lon="126.59519503824412822723388671875">
        <ele>148.1999969482421875</ele>
        <time>2026-08-11T22:56:25.000Z</time>
        <extensions>
          <ns3:TrackPointExtension>
            <ns3:hr>155</ns3:hr>
            <ns3:cad>87</ns3:cad>
          </ns3:TrackPointExtension>
        </extensions>
      </trkpt>
      <trkpt lat="45.70001707412302494049072265625" lon="126.59515698440372943878173828125">
        <ele>148.1999969482421875</ele>
        <time>2026-08-11T22:56:26.000Z</time>
        <extensions>
          <ns3:TrackPointExtension>
            <ns3:hr>155</ns3:hr>
            <ns3:cad>87</ns3:cad>
          </ns3:TrackPointExtension>
        </extensions>
      </trkpt>
      <trkpt lat="45.7000149786472320556640625" lon="126.59512664191424846649169921875">
        <ele>148.399993896484375</ele>
        <time>2026-08-11T22:56:27.000Z</time>
        <extensions>
          <ns3:TrackPointExtension>
            <ns3:hr>155</ns3:hr>
            <ns3:cad>87</ns3:cad>
          </ns3:TrackPointExtension>
        </extensions>
      </trkpt>
      <trkpt lat="45.70001053623855113983154296875" lon="126.59508372657001018524169921875">
        <ele>148.399993896484375</ele>
        <time>2026-08-11T22:56:28.000Z</time>
        <extensions>
          <ns3:TrackPointExtension>
            <ns3:hr>156</ns3:hr>
            <ns3:cad>87</ns3:cad>
          </ns3:TrackPointExtension>
        </extensions>
      </trkpt>
      <trkpt lat="45.70000668056309223175048828125" lon="126.5950497798621654510498046875">
        <ele>148.399993896484375</ele>
        <time>2026-08-11T22:56:29.000Z</time>
        <extensions>
          <ns3:TrackPointExtension>
            <ns3:hr>156</ns3:hr>
            <ns3:cad>88</ns3:cad>
          </ns3:TrackPointExtension>
        </extensions>
      </trkpt>
      <trkpt lat="45.6999997235834598541259765625" lon="126.59501147456467151641845703125">
        <ele>148.600006103515625</ele>
        <time>2026-08-11T22:56:30.000Z</time>
        <extensions>
          <ns3:TrackPointExtension>
            <ns3:hr>156</ns3:hr>
            <ns3:cad>88</ns3:cad>
          </ns3:TrackPointExtension>
        </extensions>
      </trkpt>
      <trkpt lat="45.6999908387660980224609375" lon="126.5949723310768604278564453125">
        <ele>148.8000030517578125</ele>
        <time>2026-08-11T22:56:31.000Z</time>
        <extensions>
          <ns3:TrackPointExtension>
            <ns3:hr>156</ns3:hr>
            <ns3:cad>88</ns3:cad>
          </ns3:TrackPointExtension>
        </extensions>
      </trkpt>
      <trkpt lat="45.6999819539487361907958984375" lon="126.59494777210056781768798828125">
        <ele>149</ele>
        <time>2026-08-11T22:56:32.000Z</time>
        <extensions>
          <ns3:TrackPointExtension>
            <ns3:hr>157</ns3:hr>
            <ns3:cad>88</ns3:cad>
          </ns3:TrackPointExtension>
        </extensions>
      </trkpt>
      <trkpt lat="45.699974410235881805419921875" lon="126.594908125698566436767578125">
        <ele>149.1999969482421875</ele>
        <time>2026-08-11T22:56:33.000Z</time>
        <extensions>
          <ns3:TrackPointExtension>
            <ns3:hr>157</ns3:hr>
            <ns3:cad>88</ns3:cad>
          </ns3:TrackPointExtension>
        </extensions>
      </trkpt>
      <trkpt lat="45.69997080601751804351806640625" lon="126.59488297998905181884765625">
        <ele>149.399993896484375</ele>
        <time>2026-08-11T22:56:34.000Z</time>
        <extensions>
          <ns3:TrackPointExtension>
            <ns3:hr>157</ns3:hr>
            <ns3:cad>88</ns3:cad>
          </ns3:TrackPointExtension>
        </extensions>
      </trkpt>
      <trkpt lat="45.69996812380850315093994140625" lon="126.5948434174060821533203125">
        <ele>149.399993896484375</ele>
        <time>2026-08-11T22:56:35.000Z</time>
        <extensions>
          <ns3:TrackPointExtension>
            <ns3:hr>157</ns3:hr>
            <ns3:cad>87</ns3:cad>
          </ns3:TrackPointExtension>
        </extensions>
      </trkpt>
      <trkpt lat="45.69996845908463001251220703125" lon="126.5948117338120937347412109375">
        <ele>149.600006103515625</ele>
        <time>2026-08-11T22:56:36.000Z</time>
        <extensions>
          <ns3:TrackPointExtension>
            <ns3:hr>158</ns3:hr>
            <ns3:cad>87</ns3:cad>
          </ns3:TrackPointExtension>
        </extensions>
      </trkpt>
      <trkpt lat="45.69996678270399570465087890625" lon="126.59477971494197845458984375">
        <ele>149.600006103515625</ele>
        <time>2026-08-11T22:56:37.000Z</time>
        <extensions>
          <ns3:TrackPointExtension>
            <ns3:hr>158</ns3:hr>
            <ns3:cad>87</ns3:cad>
          </ns3:TrackPointExtension>
        </extensions>
      </trkpt>
      <trkpt lat="45.6999668665230274200439453125" lon="126.59474342130124568939208984375">
        <ele>149.8000030517578125</ele>
        <time>2026-08-11T22:56:38.000Z</time>
        <extensions>
          <ns3:TrackPointExtension>
            <ns3:hr>158</ns3:hr>
            <ns3:cad>87</ns3:cad>
          </ns3:TrackPointExtension>
        </extensions>
      </trkpt>
      <trkpt lat="45.69996493868529796600341796875" lon="126.59470905549824237823486328125">
        <ele>149.8000030517578125</ele>
        <time>2026-08-11T22:56:39.000Z</time>
        <extensions>
          <ns3:TrackPointExtension>
            <ns3:hr>159</ns3:hr>
            <ns3:cad>87</ns3:cad>
          </ns3:TrackPointExtension>
        </extensions>
      </trkpt>
      <trkpt lat="45.69996108300983905792236328125" lon="126.59467703662812709808349609375">
        <ele>149.8000030517578125</ele>
        <time>2026-08-11T22:56:40.000Z</time>
        <extensions>
          <ns3:TrackPointExtension>
            <ns3:hr>159</ns3:hr>
            <ns3:cad>87</ns3:cad>
          </ns3:TrackPointExtension>
        </extensions>
      </trkpt>
      <trkpt lat="45.6999544613063335418701171875" lon="126.594645939767360687255859375">
        <ele>149.8000030517578125</ele>
        <time>2026-08-11T22:56:41.000Z</time>
        <extensions>
          <ns3:TrackPointExtension>
            <ns3:hr>160</ns3:hr>
            <ns3:cad>87</ns3:cad>
          </ns3:TrackPointExtension>
        </extensions>
      </trkpt>
      <trkpt lat="45.69995203055441379547119140625" lon="126.594609059393405914306640625">
        <ele>149.8000030517578125</ele>
        <time>2026-08-11T22:56:42.000Z</time>
        <extensions>
          <ns3:TrackPointExtension>
            <ns3:hr>160</ns3:hr>
            <ns3:cad>87</ns3:cad>
          </ns3:TrackPointExtension>
        </extensions>
      </trkpt>
      <trkpt lat="45.6999479234218597412109375" lon="126.594585590064525604248046875">
        <ele>150</ele>
        <time>2026-08-11T22:56:43.000Z</time>
        <extensions>
          <ns3:TrackPointExtension>
            <ns3:hr>161</ns3:hr>
            <ns3:cad>87</ns3:cad>
          </ns3:TrackPointExtension>
        </extensions>
      </trkpt>
      <trkpt lat="45.69994213990867137908935546875" lon="126.5945555828511714935302734375">
        <ele>150</ele>
        <time>2026-08-11T22:56:44.000Z</time>
        <extensions>
          <ns3:TrackPointExtension>
            <ns3:hr>161</ns3:hr>
            <ns3:cad>87</ns3:cad>
          </ns3:TrackPointExtension>
        </extensions>
      </trkpt>
      <trkpt lat="45.69993727840483188629150390625" lon="126.59452565945684909820556640625">
        <ele>150</ele>
        <time>2026-08-11T22:56:45.000Z</time>
        <extensions>
          <ns3:TrackPointExtension>
            <ns3:hr>162</ns3:hr>
            <ns3:cad>87</ns3:cad>
          </ns3:TrackPointExtension>
        </extensions>
      </trkpt>
      <trkpt lat="45.69993241690099239349365234375" lon="126.59449028782546520233154296875">
        <ele>150.1999969482421875</ele>
        <time>2026-08-11T22:56:46.000Z</time>
        <extensions>
          <ns3:TrackPointExtension>
            <ns3:hr>162</ns3:hr>
            <ns3:cad>87</ns3:cad>
          </ns3:TrackPointExtension>
        </extensions>
      </trkpt>
      <trkpt lat="45.6999229453504085540771484375" lon="126.5944583527743816375732421875">
        <ele>150.1999969482421875</ele>
        <time>2026-08-11T22:56:47.000Z</time>
        <extensions>
          <ns3:TrackPointExtension>
            <ns3:hr>163</ns3:hr>
            <ns3:cad>87</ns3:cad>
          </ns3:TrackPointExtension>
        </extensions>
      </trkpt>
      <trkpt lat="45.6999076902866363525390625" lon="126.59443412907421588897705078125">
        <ele>150.1999969482421875</ele>
        <time>2026-08-11T22:56:48.000Z</time>
        <extensions>
          <ns3:TrackPointExtension>
            <ns3:hr>163</ns3:hr>
            <ns3:cad>87</ns3:cad>
          </ns3:TrackPointExtension>
        </extensions>
      </trkpt>
      <trkpt lat="45.69989201612770557403564453125" lon="126.59441501833498477935791015625">
        <ele>150.1999969482421875</ele>
        <time>2026-08-11T22:56:49.000Z</time>
        <extensions>
          <ns3:TrackPointExtension>
            <ns3:hr>163</ns3:hr>
            <ns3:cad>87</ns3:cad>
          </ns3:TrackPointExtension>
        </extensions>
      </trkpt>
      <trkpt lat="45.699871815741062164306640625" lon="126.594400517642498016357421875">
        <ele>150.1999969482421875</ele>
        <time>2026-08-11T22:56:50.000Z</time>
        <extensions>
          <ns3:TrackPointExtension>
            <ns3:hr>164</ns3:hr>
            <ns3:cad>87</ns3:cad>
          </ns3:TrackPointExtension>
        </extensions>
      </trkpt>
      <trkpt lat="45.6998527050018310546875" lon="126.59439540468156337738037109375">
        <ele>150.1999969482421875</ele>
        <time>2026-08-11T22:56:51.000Z</time>
        <extensions>
          <ns3:TrackPointExtension>
            <ns3:hr>164</ns3:hr>
            <ns3:cad>87</ns3:cad>
          </ns3:TrackPointExtension>
        </extensions>
      </trkpt>
      <trkpt lat="45.6998304091393947601318359375" lon="126.5943963266909122467041015625">
        <ele>150.399993896484375</ele>
        <time>2026-08-11T22:56:52.000Z</time>
        <extensions>
          <ns3:TrackPointExtension>
            <ns3:hr>164</ns3:hr>
            <ns3:cad>87</ns3:cad>
          </ns3:TrackPointExtension>
        </extensions>
      </trkpt>
      <trkpt lat="45.6998055987060070037841796875" lon="126.59440479241311550140380859375">
        <ele>150.600006103515625</ele>
        <time>2026-08-11T22:56:53.000Z</time>
        <extensions>
          <ns3:TrackPointExtension>
            <ns3:hr>164</ns3:hr>
            <ns3:cad>87</ns3:cad>
          </ns3:TrackPointExtension>
        </extensions>
      </trkpt>
      <trkpt lat="45.6997844763100147247314453125" lon="126.59440764226019382476806640625">
        <ele>150.600006103515625</ele>
        <time>2026-08-11T22:56:54.000Z</time>
        <extensions>
          <ns3:TrackPointExtension>
            <ns3:hr>164</ns3:hr>
            <ns3:cad>87</ns3:cad>
          </ns3:TrackPointExtension>
        </extensions>
      </trkpt>
      <trkpt lat="45.69975572638213634490966796875" lon="126.594409905374050140380859375">
        <ele>150.8000030517578125</ele>
        <time>2026-08-11T22:56:55.000Z</time>
        <extensions>
          <ns3:TrackPointExtension>
            <ns3:hr>165</ns3:hr>
            <ns3:cad>87</ns3:cad>
          </ns3:TrackPointExtension>
        </extensions>
      </trkpt>
      <trkpt lat="45.69973208941519260406494140625" lon="126.59441233612596988677978515625">
        <ele>151</ele>
        <time>2026-08-11T22:56:56.000Z</time>
        <extensions>
          <ns3:TrackPointExtension>
            <ns3:hr>165</ns3:hr>
            <ns3:cad>87</ns3:cad>
          </ns3:TrackPointExtension>
        </extensions>
      </trkpt>
      <trkpt lat="45.69970124401152133941650390625" lon="126.5944080613553524017333984375">
        <ele>151</ele>
        <time>2026-08-11T22:56:57.000Z</time>
        <extensions>
          <ns3:TrackPointExtension>
            <ns3:hr>165</ns3:hr>
            <ns3:cad>87</ns3:cad>
          </ns3:TrackPointExtension>
        </extensions>
      </trkpt>
      <trkpt lat="45.699676685035228729248046875" lon="126.59440713934600353240966796875">
        <ele>151</ele>
        <time>2026-08-11T22:56:58.000Z</time>
        <extensions>
          <ns3:TrackPointExtension>
            <ns3:hr>165</ns3:hr>
            <ns3:cad>87</ns3:cad>
          </ns3:TrackPointExtension>
        </extensions>
      </trkpt>
      <trkpt lat="45.69964609108865261077880859375" lon="126.59440764226019382476806640625">
        <ele>151</ele>
        <time>2026-08-11T22:56:59.000Z</time>
        <extensions>
          <ns3:TrackPointExtension>
            <ns3:hr>165</ns3:hr>
            <ns3:cad>87</ns3:cad>
          </ns3:TrackPointExtension>
        </extensions>
      </trkpt>
      <trkpt lat="45.69962195120751857757568359375" lon="126.5944088995456695556640625">
        <ele>150.8000030517578125</ele>
        <time>2026-08-11T22:57:00.000Z</time>
        <extensions>
          <ns3:TrackPointExtension>
            <ns3:hr>165</ns3:hr>
            <ns3:cad>88</ns3:cad>
          </ns3:TrackPointExtension>
        </extensions>
      </trkpt>
      <trkpt lat="45.69959378801286220550537109375" lon="126.59441468305885791778564453125">
        <ele>150.8000030517578125</ele>
        <time>2026-08-11T22:57:01.000Z</time>
        <extensions>
          <ns3:TrackPointExtension>
            <ns3:hr>166</ns3:hr>
            <ns3:cad>89</ns3:cad>
          </ns3:TrackPointExtension>
        </extensions>
      </trkpt>
      <trkpt lat="45.6995709054172039031982421875" lon="126.59441837109625339508056640625">
        <ele>150.8000030517578125</ele>
        <time>2026-08-11T22:57:02.000Z</time>
        <extensions>
          <ns3:TrackPointExtension>
            <ns3:hr>166</ns3:hr>
            <ns3:cad>89</ns3:cad>
          </ns3:TrackPointExtension>
        </extensions>
      </trkpt>
      <trkpt lat="45.69954098202288150787353515625" lon="126.59442105330526828765869140625">
        <ele>150.600006103515625</ele>
        <time>2026-08-11T22:57:03.000Z</time>
        <extensions>
          <ns3:TrackPointExtension>
            <ns3:hr>166</ns3:hr>
            <ns3:cad>89</ns3:cad>
          </ns3:TrackPointExtension>
        </extensions>
      </trkpt>
      <trkpt lat="45.69951675832271575927734375" lon="126.594426333904266357421875">
        <ele>150.600006103515625</ele>
        <time>2026-08-11T22:57:04.000Z</time>
        <extensions>
          <ns3:TrackPointExtension>
            <ns3:hr>167</ns3:hr>
            <ns3:cad>89</ns3:cad>
          </ns3:TrackPointExtension>
        </extensions>
      </trkpt>
      <trkpt lat="45.69948591291904449462890625" lon="126.59442993812263011932373046875">
        <ele>150.399993896484375</ele>
        <time>2026-08-11T22:57:05.000Z</time>
        <extensions>
          <ns3:TrackPointExtension>
            <ns3:hr>168</ns3:hr>
            <ns3:cad>89</ns3:cad>
          </ns3:TrackPointExtension>
        </extensions>
      </trkpt>
      <trkpt lat="45.69946906529366970062255859375" lon="126.5944379009306430816650390625">
        <ele>150.399993896484375</ele>
        <time>2026-08-11T22:57:06.000Z</time>
        <extensions>
          <ns3:TrackPointExtension>
            <ns3:hr>169</ns3:hr>
            <ns3:cad>89</ns3:cad>
          </ns3:TrackPointExtension>
        </extensions>
      </trkpt>
      <trkpt lat="45.69943754933774471282958984375" lon="126.59444049932062625885009765625">
        <ele>150.1999969482421875</ele>
        <time>2026-08-11T22:57:07.000Z</time>
        <extensions>
          <ns3:TrackPointExtension>
            <ns3:hr>171</ns3:hr>
            <ns3:cad>89</ns3:cad>
          </ns3:TrackPointExtension>
        </extensions>
      </trkpt>
      <trkpt lat="45.69941726513206958770751953125" lon="126.59444569610059261322021484375">
        <ele>150.399993896484375</ele>
        <time>2026-08-11T22:57:08.000Z</time>
        <extensions>
          <ns3:TrackPointExtension>
            <ns3:hr>173</ns3:hr>
            <ns3:cad>89</ns3:cad>
          </ns3:TrackPointExtension>
        </extensions>
      </trkpt>
      <trkpt lat="45.69939010776579380035400390625" lon="126.5944491326808929443359375">
        <ele>150.399993896484375</ele>
        <time>2026-08-11T22:57:09.000Z</time>
        <extensions>
          <ns3:TrackPointExtension>
            <ns3:hr>175</ns3:hr>
            <ns3:cad>89</ns3:cad>
          </ns3:TrackPointExtension>
        </extensions>
      </trkpt>
      <trkpt lat="45.69937015883624553680419921875" lon="126.59445038996636867523193359375">
        <ele>150.399993896484375</ele>
        <time>2026-08-11T22:57:10.000Z</time>
        <extensions>
          <ns3:TrackPointExtension>
            <ns3:hr>177</ns3:hr>
            <ns3:cad>89</ns3:cad>
          </ns3:TrackPointExtension>
        </extensions>
      </trkpt>
      <trkpt lat="45.69934283383190631866455078125" lon="126.5944556705653667449951171875">
        <ele>150.1999969482421875</ele>
        <time>2026-08-11T22:57:11.000Z</time>
        <extensions>
          <ns3:TrackPointExtension>
            <ns3:hr>178</ns3:hr>
            <ns3:cad>88</ns3:cad>
          </ns3:TrackPointExtension>
        </extensions>
      </trkpt>
      <trkpt lat="45.6993207894265651702880859375" lon="126.5944563411176204681396484375">
        <ele>150.1999969482421875</ele>
        <time>2026-08-11T22:57:12.000Z</time>
        <extensions>
          <ns3:TrackPointExtension>
            <ns3:hr>178</ns3:hr>
            <ns3:cad>88</ns3:cad>
          </ns3:TrackPointExtension>
        </extensions>
      </trkpt>
      <trkpt lat="45.69929388351738452911376953125" lon="126.59446145407855510711669921875">
        <ele>150.1999969482421875</ele>
        <time>2026-08-11T22:57:13.000Z</time>
        <extensions>
          <ns3:TrackPointExtension>
            <ns3:hr>178</ns3:hr>
            <ns3:cad>88</ns3:cad>
          </ns3:TrackPointExtension>
        </extensions>
      </trkpt>
      <trkpt lat="45.699273012578487396240234375" lon="126.59445919096469879150390625">
        <ele>150.1999969482421875</ele>
        <time>2026-08-11T22:57:14.000Z</time>
        <extensions>
          <ns3:TrackPointExtension>
            <ns3:hr>178</ns3:hr>
            <ns3:cad>88</ns3:cad>
          </ns3:TrackPointExtension>
        </extensions>
      </trkpt>
      <trkpt lat="45.6992473639547824859619140625" lon="126.59446313045918941497802734375">
        <ele>150.1999969482421875</ele>
        <time>2026-08-11T22:57:15.000Z</time>
        <extensions>
          <ns3:TrackPointExtension>
            <ns3:hr>179</ns3:hr>
            <ns3:cad>88</ns3:cad>
          </ns3:TrackPointExtension>
        </extensions>
      </trkpt>
      <trkpt lat="45.69922397844493389129638671875" lon="126.59446748904883861541748046875">
        <ele>150.1999969482421875</ele>
        <time>2026-08-11T22:57:16.000Z</time>
        <extensions>
          <ns3:TrackPointExtension>
            <ns3:hr>178</ns3:hr>
            <ns3:cad>88</ns3:cad>
          </ns3:TrackPointExtension>
        </extensions>
      </trkpt>
      <trkpt lat="45.69920067675411701202392578125" lon="126.59447637386620044708251953125">
        <ele>150.1999969482421875</ele>
        <time>2026-08-11T22:57:17.000Z</time>
        <extensions>
          <ns3:TrackPointExtension>
            <ns3:hr>178</ns3:hr>
            <ns3:cad>88</ns3:cad>
          </ns3:TrackPointExtension>
        </extensions>
      </trkpt>
      <trkpt lat="45.69917469285428524017333984375" lon="126.5944774635136127471923828125">
        <ele>150.1999969482421875</ele>
        <time>2026-08-11T22:57:18.000Z</time>
        <extensions>
          <ns3:TrackPointExtension>
            <ns3:hr>178</ns3:hr>
            <ns3:cad>88</ns3:cad>
          </ns3:TrackPointExtension>
        </extensions>
      </trkpt>
      <trkpt lat="45.69915105588734149932861328125" lon="126.59448735415935516357421875">
        <ele>150</ele>
        <time>2026-08-11T22:57:19.000Z</time>
        <extensions>
          <ns3:TrackPointExtension>
            <ns3:hr>178</ns3:hr>
            <ns3:cad>88</ns3:cad>
          </ns3:TrackPointExtension>
        </extensions>
      </trkpt>
      <trkpt lat="45.6991219706833362579345703125" lon="126.594487018883228302001953125">
        <ele>150</ele>
        <time>2026-08-11T22:57:20.000Z</time>
        <extensions>
          <ns3:TrackPointExtension>
            <ns3:hr>178</ns3:hr>
            <ns3:cad>88</ns3:cad>
          </ns3:TrackPointExtension>
        </extensions>
      </trkpt>
      <trkpt lat="45.69909858517348766326904296875" lon="126.59449674189090728759765625">
        <ele>150</ele>
        <time>2026-08-11T22:57:21.000Z</time>
        <extensions>
          <ns3:TrackPointExtension>
            <ns3:hr>178</ns3:hr>
            <ns3:cad>88</ns3:cad>
          </ns3:TrackPointExtension>
        </extensions>
      </trkpt>
      <trkpt lat="45.699072182178497314453125" lon="126.5945096500217914581298828125">
        <ele>150</ele>
        <time>2026-08-11T22:57:22.000Z</time>
        <extensions>
          <ns3:TrackPointExtension>
            <ns3:hr>178</ns3:hr>
            <ns3:cad>88</ns3:cad>
          </ns3:TrackPointExtension>
        </extensions>
      </trkpt>
      <trkpt lat="45.699053071439266204833984375" lon="126.59452482126653194427490234375">
        <ele>150</ele>
        <time>2026-08-11T22:57:23.000Z</time>
        <extensions>
          <ns3:TrackPointExtension>
            <ns3:hr>178</ns3:hr>
            <ns3:cad>88</ns3:cad>
          </ns3:TrackPointExtension>
        </extensions>
      </trkpt>
      <trkpt lat="45.6990240700542926788330078125" lon="126.59453571774065494537353515625">
        <ele>150</ele>
        <time>2026-08-11T22:57:24.000Z</time>
        <extensions>
          <ns3:TrackPointExtension>
            <ns3:hr>178</ns3:hr>
            <ns3:cad>88</ns3:cad>
          </ns3:TrackPointExtension>
        </extensions>
      </trkpt>
      <trkpt lat="45.699007809162139892578125" lon="126.59454904496669769287109375">
        <ele>150</ele>
        <time>2026-08-11T22:57:25.000Z</time>
        <extensions>
          <ns3:TrackPointExtension>
            <ns3:hr>177</ns3:hr>
            <ns3:cad>88</ns3:cad>
          </ns3:TrackPointExtension>
        </extensions>
      </trkpt>
      <trkpt lat="45.698979310691356658935546875" lon="126.59456253983080387115478515625">
        <ele>150</ele>
        <time>2026-08-11T22:57:26.000Z</time>
        <extensions>
          <ns3:TrackPointExtension>
            <ns3:hr>178</ns3:hr>
            <ns3:cad>88</ns3:cad>
          </ns3:TrackPointExtension>
        </extensions>
      </trkpt>
      <trkpt lat="45.6989593617618083953857421875" lon="126.5945763699710369110107421875">
        <ele>150</ele>
        <time>2026-08-11T22:57:27.000Z</time>
        <extensions>
          <ns3:TrackPointExtension>
            <ns3:hr>177</ns3:hr>
            <ns3:cad>88</ns3:cad>
          </ns3:TrackPointExtension>
        </extensions>
      </trkpt>
      <trkpt lat="45.69892709143459796905517578125" lon="126.59457528032362461090087890625">
        <ele>150</ele>
        <time>2026-08-11T22:57:28.000Z</time>
        <extensions>
          <ns3:TrackPointExtension>
            <ns3:hr>177</ns3:hr>
            <ns3:cad>88</ns3:cad>
          </ns3:TrackPointExtension>
        </extensions>
      </trkpt>
      <trkpt lat="45.69890529848635196685791015625" lon="126.59457393921911716461181640625">
        <ele>150</ele>
        <time>2026-08-11T22:57:29.000Z</time>
        <extensions>
          <ns3:TrackPointExtension>
            <ns3:hr>177</ns3:hr>
            <ns3:cad>88</ns3:cad>
          </ns3:TrackPointExtension>
        </extensions>
      </trkpt>
      <trkpt lat="45.6988750398159027099609375" lon="126.5945643000304698944091796875">
        <ele>150</ele>
        <time>2026-08-11T22:57:30.000Z</time>
        <extensions>
          <ns3:TrackPointExtension>
            <ns3:hr>177</ns3:hr>
            <ns3:cad>88</ns3:cad>
          </ns3:TrackPointExtension>
        </extensions>
      </trkpt>
      <trkpt lat="45.69884955883026123046875" lon="126.59455482847988605499267578125">
        <ele>150</ele>
        <time>2026-08-11T22:57:31.000Z</time>
        <extensions>
          <ns3:TrackPointExtension>
            <ns3:hr>177</ns3:hr>
            <ns3:cad>88</ns3:cad>
          </ns3:TrackPointExtension>
        </extensions>
      </trkpt>
      <trkpt lat="45.69881779141724109649658203125" lon="126.59454393200576305389404296875">
        <ele>149.8000030517578125</ele>
        <time>2026-08-11T22:57:32.000Z</time>
        <extensions>
          <ns3:TrackPointExtension>
            <ns3:hr>177</ns3:hr>
            <ns3:cad>88</ns3:cad>
          </ns3:TrackPointExtension>
        </extensions>
      </trkpt>
      <trkpt lat="45.698793567717075347900390625" lon="126.5945364721119403839111328125">
        <ele>149.8000030517578125</ele>
        <time>2026-08-11T22:57:33.000Z</time>
        <extensions>
          <ns3:TrackPointExtension>
            <ns3:hr>177</ns3:hr>
            <ns3:cad>88</ns3:cad>
          </ns3:TrackPointExtension>
        </extensions>
      </trkpt>
      <trkpt lat="45.6987632252275943756103515625" lon="126.59454225562512874603271484375">
        <ele>149.8000030517578125</ele>
        <time>2026-08-11T22:57:34.000Z</time>
        <extensions>
          <ns3:TrackPointExtension>
            <ns3:hr>178</ns3:hr>
            <ns3:cad>89</ns3:cad>
          </ns3:TrackPointExtension>
        </extensions>
      </trkpt>
      <trkpt lat="45.69873833097517490386962890625" lon="126.59454502165317535400390625">
        <ele>149.8000030517578125</ele>
        <time>2026-08-11T22:57:35.000Z</time>
        <extensions>
          <ns3:TrackPointExtension>
            <ns3:hr>178</ns3:hr>
            <ns3:cad>89</ns3:cad>
          </ns3:TrackPointExtension>
        </extensions>
      </trkpt>
      <trkpt lat="45.6987149454653263092041015625" lon="126.59454929642379283905029296875">
        <ele>149.8000030517578125</ele>
        <time>2026-08-11T22:57:36.000Z</time>
        <extensions>
          <ns3:TrackPointExtension>
            <ns3:hr>178</ns3:hr>
            <ns3:cad>89</ns3:cad>
          </ns3:TrackPointExtension>
        </extensions>
      </trkpt>
      <trkpt lat="45.69868887774646282196044921875" lon="126.5945518948137760162353515625">
        <ele>149.8000030517578125</ele>
        <time>2026-08-11T22:57:37.000Z</time>
        <extensions>
          <ns3:TrackPointExtension>
            <ns3:hr>178</ns3:hr>
            <ns3:cad>89</ns3:cad>
          </ns3:TrackPointExtension>
        </extensions>
      </trkpt>
      <trkpt lat="45.69867043755948543548583984375" lon="126.59455482847988605499267578125">
        <ele>149.8000030517578125</ele>
        <time>2026-08-11T22:57:38.000Z</time>
        <extensions>
          <ns3:TrackPointExtension>
            <ns3:hr>178</ns3:hr>
            <ns3:cad>89</ns3:cad>
          </ns3:TrackPointExtension>
        </extensions>
      </trkpt>
      <trkpt lat="45.69864227436482906341552734375" lon="126.59455516375601291656494140625">
        <ele>149.8000030517578125</ele>
        <time>2026-08-11T22:57:39.000Z</time>
        <extensions>
          <ns3:TrackPointExtension>
            <ns3:hr>178</ns3:hr>
            <ns3:cad>89</ns3:cad>
          </ns3:TrackPointExtension>
        </extensions>
      </trkpt>
      <trkpt lat="45.6986291147768497467041015625" lon="126.59456522203981876373291015625">
        <ele>149.8000030517578125</ele>
        <time>2026-08-11T22:57:40.000Z</time>
        <extensions>
          <ns3:TrackPointExtension>
            <ns3:hr>179</ns3:hr>
            <ns3:cad>88</ns3:cad>
          </ns3:TrackPointExtension>
        </extensions>
      </trkpt>
      <trkpt lat="45.69860019721090793609619140625" lon="126.59457008354365825653076171875">
        <ele>149.8000030517578125</ele>
        <time>2026-08-11T22:57:41.000Z</time>
        <extensions>
          <ns3:TrackPointExtension>
            <ns3:hr>179</ns3:hr>
            <ns3:cad>88</ns3:cad>
          </ns3:TrackPointExtension>
        </extensions>
      </trkpt>
      <trkpt lat="45.69858192466199398040771484375" lon="126.5945750288665294647216796875">
        <ele>149.8000030517578125</ele>
        <time>2026-08-11T22:57:42.000Z</time>
        <extensions>
          <ns3:TrackPointExtension>
            <ns3:hr>178</ns3:hr>
            <ns3:cad>87</ns3:cad>
          </ns3:TrackPointExtension>
        </extensions>
      </trkpt>
      <trkpt lat="45.6985533423721790313720703125" lon="126.59458131529390811920166015625">
        <ele>149.8000030517578125</ele>
        <time>2026-08-11T22:57:43.000Z</time>
        <extensions>
          <ns3:TrackPointExtension>
            <ns3:hr>178</ns3:hr>
            <ns3:cad>87</ns3:cad>
          </ns3:TrackPointExtension>
        </extensions>
      </trkpt>
      <trkpt lat="45.6985312141478061676025390625" lon="126.59458751790225505828857421875">
        <ele>150</ele>
        <time>2026-08-11T22:57:44.000Z</time>
        <extensions>
          <ns3:TrackPointExtension>
            <ns3:hr>178</ns3:hr>
            <ns3:cad>87</ns3:cad>
          </ns3:TrackPointExtension>
        </extensions>
      </trkpt>
      <trkpt lat="45.6985048949718475341796875" lon="126.59459455870091915130615234375">
        <ele>150</ele>
        <time>2026-08-11T22:57:45.000Z</time>
        <extensions>
          <ns3:TrackPointExtension>
            <ns3:hr>178</ns3:hr>
            <ns3:cad>87</ns3:cad>
          </ns3:TrackPointExtension>
        </extensions>
      </trkpt>
      <trkpt lat="45.698479078710079193115234375" lon="126.5945966541767120361328125">
        <ele>150</ele>
        <time>2026-08-11T22:57:46.000Z</time>
        <extensions>
          <ns3:TrackPointExtension>
            <ns3:hr>178</ns3:hr>
            <ns3:cad>87</ns3:cad>
          </ns3:TrackPointExtension>
        </extensions>
      </trkpt>
      <trkpt lat="45.69845787249505519866943359375" lon="126.5946015156805515289306640625">
        <ele>149.8000030517578125</ele>
        <time>2026-08-11T22:57:47.000Z</time>
        <extensions>
          <ns3:TrackPointExtension>
            <ns3:hr>178</ns3:hr>
            <ns3:cad>87</ns3:cad>
          </ns3:TrackPointExtension>
        </extensions>
      </trkpt>
      <trkpt lat="45.69842702709138393402099609375" lon="126.594599001109600067138671875">
        <ele>150</ele>
        <time>2026-08-11T22:57:48.000Z</time>
        <extensions>
          <ns3:TrackPointExtension>
            <ns3:hr>178</ns3:hr>
            <ns3:cad>87</ns3:cad>
          </ns3:TrackPointExtension>
        </extensions>
      </trkpt>
      <trkpt lat="45.6984054856002330780029296875" lon="126.59460310824215412139892578125">
        <ele>149.8000030517578125</ele>
        <time>2026-08-11T22:57:49.000Z</time>
        <extensions>
          <ns3:TrackPointExtension>
            <ns3:hr>177</ns3:hr>
            <ns3:cad>87</ns3:cad>
          </ns3:TrackPointExtension>
        </extensions>
      </trkpt>
      <trkpt lat="45.698377154767513275146484375" lon="126.594603024423122406005859375">
        <ele>149.8000030517578125</ele>
        <time>2026-08-11T22:57:50.000Z</time>
        <extensions>
          <ns3:TrackPointExtension>
            <ns3:hr>177</ns3:hr>
            <ns3:cad>87</ns3:cad>
          </ns3:TrackPointExtension>
        </extensions>
      </trkpt>
      <trkpt lat="45.69835796020925045013427734375" lon="126.5946119092404842376708984375">
        <ele>150</ele>
        <time>2026-08-11T22:57:51.000Z</time>
        <extensions>
          <ns3:TrackPointExtension>
            <ns3:hr>177</ns3:hr>
            <ns3:cad>87</ns3:cad>
          </ns3:TrackPointExtension>
        </extensions>
      </trkpt>
      <trkpt lat="45.6983287073671817779541015625" lon="126.59461735747754573822021484375">
        <ele>150</ele>
        <time>2026-08-11T22:57:52.000Z</time>
        <extensions>
          <ns3:TrackPointExtension>
            <ns3:hr>177</ns3:hr>
            <ns3:cad>87</ns3:cad>
          </ns3:TrackPointExtension>
        </extensions>
      </trkpt>
      <trkpt lat="45.69830800406634807586669921875" lon="126.59462456591427326202392578125">
        <ele>150</ele>
        <time>2026-08-11T22:57:53.000Z</time>
        <extensions>
          <ns3:TrackPointExtension>
            <ns3:hr>177</ns3:hr>
            <ns3:cad>87</ns3:cad>
          </ns3:TrackPointExtension>
        </extensions>
      </trkpt>
      <trkpt lat="45.69827782921493053436279296875" lon="126.59463294781744480133056640625">
        <ele>150</ele>
        <time>2026-08-11T22:57:54.000Z</time>
        <extensions>
          <ns3:TrackPointExtension>
            <ns3:hr>177</ns3:hr>
            <ns3:cad>87</ns3:cad>
          </ns3:TrackPointExtension>
        </extensions>
      </trkpt>
      <trkpt lat="45.6982515938580036163330078125" lon="126.59463755786418914794921875">
        <ele>150</ele>
        <time>2026-08-11T22:57:55.000Z</time>
        <extensions>
          <ns3:TrackPointExtension>
            <ns3:hr>177</ns3:hr>
            <ns3:cad>87</ns3:cad>
          </ns3:TrackPointExtension>
        </extensions>
      </trkpt>
      <trkpt lat="45.6982247717678546905517578125" lon="126.59464233554899692535400390625">
        <ele>150</ele>
        <time>2026-08-11T22:57:56.000Z</time>
        <extensions>
          <ns3:TrackPointExtension>
            <ns3:hr>177</ns3:hr>
            <ns3:cad>87</ns3:cad>
          </ns3:TrackPointExtension>
        </extensions>
      </trkpt>
      <trkpt lat="45.698201470077037811279296875" lon="126.59464292228221893310546875">
        <ele>150</ele>
        <time>2026-08-11T22:57:57.000Z</time>
        <extensions>
          <ns3:TrackPointExtension>
            <ns3:hr>177</ns3:hr>
            <ns3:cad>88</ns3:cad>
          </ns3:TrackPointExtension>
        </extensions>
      </trkpt>
      <trkpt lat="45.69817674346268177032470703125" lon="126.59464937634766101837158203125">
        <ele>150</ele>
        <time>2026-08-11T22:57:58.000Z</time>
        <extensions>
          <ns3:TrackPointExtension>
            <ns3:hr>177</ns3:hr>
            <ns3:cad>88</ns3:cad>
          </ns3:TrackPointExtension>
        </extensions>
      </trkpt>
      <trkpt lat="45.69815285503864288330078125" lon="126.5946494601666927337646484375">
        <ele>150</ele>
        <time>2026-08-11T22:57:59.000Z</time>
        <extensions>
          <ns3:TrackPointExtension>
            <ns3:hr>177</ns3:hr>
            <ns3:cad>87</ns3:cad>
          </ns3:TrackPointExtension>
        </extensions>
      </trkpt>
      <trkpt lat="45.6981305591762065887451171875" lon="126.59465641714632511138916015625">
        <ele>150</ele>
        <time>2026-08-11T22:58:00.000Z</time>
        <extensions>
          <ns3:TrackPointExtension>
            <ns3:hr>177</ns3:hr>
            <ns3:cad>87</ns3:cad>
          </ns3:TrackPointExtension>
        </extensions>
      </trkpt>
      <trkpt lat="45.69810247980058193206787109375" lon="126.5946575067937374114990234375">
        <ele>150</ele>
        <time>2026-08-11T22:58:01.000Z</time>
        <extensions>
          <ns3:TrackPointExtension>
            <ns3:hr>177</ns3:hr>
            <ns3:cad>87</ns3:cad>
          </ns3:TrackPointExtension>
        </extensions>
      </trkpt>
      <trkpt lat="45.698080100119113922119140625" lon="126.594655998051166534423828125">
        <ele>150</ele>
        <time>2026-08-11T22:58:02.000Z</time>
        <extensions>
          <ns3:TrackPointExtension>
            <ns3:hr>177</ns3:hr>
            <ns3:cad>88</ns3:cad>
          </ns3:TrackPointExtension>
        </extensions>
      </trkpt>
      <trkpt lat="45.69804984144866466522216796875" lon="126.594644598662853240966796875">
        <ele>150</ele>
        <time>2026-08-11T22:58:03.000Z</time>
        <extensions>
          <ns3:TrackPointExtension>
            <ns3:hr>176</ns3:hr>
            <ns3:cad>89</ns3:cad>
          </ns3:TrackPointExtension>
        </extensions>
      </trkpt>
      <trkpt lat="45.698031149804592132568359375" lon="126.5946340374648571014404296875">
        <ele>150.1999969482421875</ele>
        <time>2026-08-11T22:58:04.000Z</time>
        <extensions>
          <ns3:TrackPointExtension>
            <ns3:hr>177</ns3:hr>
            <ns3:cad>89</ns3:cad>
          </ns3:TrackPointExtension>
        </extensions>
      </trkpt>
      <trkpt lat="45.698008351027965545654296875" lon="126.59460268914699554443359375">
        <ele>150.1999969482421875</ele>
        <time>2026-08-11T22:58:05.000Z</time>
        <extensions>
          <ns3:TrackPointExtension>
            <ns3:hr>177</ns3:hr>
            <ns3:cad>88</ns3:cad>
          </ns3:TrackPointExtension>
        </extensions>
      </trkpt>
      <trkpt lat="45.6979951076209545135498046875" lon="126.5945790521800518035888671875">
        <ele>150.1999969482421875</ele>
        <time>2026-08-11T22:58:06.000Z</time>
        <extensions>
          <ns3:TrackPointExtension>
            <ns3:hr>177</ns3:hr>
            <ns3:cad>88</ns3:cad>
          </ns3:TrackPointExtension>
        </extensions>
      </trkpt>
      <trkpt lat="45.69797641597688198089599609375" lon="126.594547368586063385009765625">
        <ele>150.1999969482421875</ele>
        <time>2026-08-11T22:58:07.000Z</time>
        <extensions>
          <ns3:TrackPointExtension>
            <ns3:hr>177</ns3:hr>
            <ns3:cad>88</ns3:cad>
          </ns3:TrackPointExtension>
        </extensions>
      </trkpt>
      <trkpt lat="45.69796535186469554901123046875" lon="126.59451610408723354339599609375">
        <ele>150.1999969482421875</ele>
        <time>2026-08-11T22:58:08.000Z</time>
        <extensions>
          <ns3:TrackPointExtension>
            <ns3:hr>177</ns3:hr>
            <ns3:cad>89</ns3:cad>
          </ns3:TrackPointExtension>
        </extensions>
      </trkpt>
      <trkpt lat="45.6979505158960819244384765625" lon="126.59448735415935516357421875">
        <ele>150.1999969482421875</ele>
        <time>2026-08-11T22:58:09.000Z</time>
        <extensions>
          <ns3:TrackPointExtension>
            <ns3:hr>177</ns3:hr>
            <ns3:cad>89</ns3:cad>
          </ns3:TrackPointExtension>
        </extensions>
      </trkpt>
      <trkpt lat="45.6979317404329776763916015625" lon="126.5944593586027622222900390625">
        <ele>150.1999969482421875</ele>
        <time>2026-08-11T22:58:10.000Z</time>
        <extensions>
          <ns3:TrackPointExtension>
            <ns3:hr>177</ns3:hr>
            <ns3:cad>88</ns3:cad>
          </ns3:TrackPointExtension>
        </extensions>
      </trkpt>
      <trkpt lat="45.6979121267795562744140625" lon="126.59444586373865604400634765625">
        <ele>150</ele>
        <time>2026-08-11T22:58:11.000Z</time>
        <extensions>
          <ns3:TrackPointExtension>
            <ns3:hr>177</ns3:hr>
            <ns3:cad>87</ns3:cad>
          </ns3:TrackPointExtension>
        </extensions>
      </trkpt>
      <trkpt lat="45.69788689725100994110107421875" lon="126.59442675299942493438720703125">
        <ele>150</ele>
        <time>2026-08-11T22:58:12.000Z</time>
        <extensions>
          <ns3:TrackPointExtension>
            <ns3:hr>178</ns3:hr>
            <ns3:cad>87</ns3:cad>
          </ns3:TrackPointExtension>
        </extensions>
      </trkpt>
      <trkpt lat="45.69786644540727138519287109375" lon="126.594421304762363433837890625">
        <ele>149.8000030517578125</ele>
        <time>2026-08-11T22:58:13.000Z</time>
        <extensions>
          <ns3:TrackPointExtension>
            <ns3:hr>178</ns3:hr>
            <ns3:cad>87</ns3:cad>
          </ns3:TrackPointExtension>
        </extensions>
      </trkpt>
      <trkpt lat="45.6978392042219638824462890625" lon="126.5944161079823970794677734375">
        <ele>149.8000030517578125</ele>
        <time>2026-08-11T22:58:14.000Z</time>
        <extensions>
          <ns3:TrackPointExtension>
            <ns3:hr>178</ns3:hr>
            <ns3:cad>87</ns3:cad>
          </ns3:TrackPointExtension>
        </extensions>
      </trkpt>
      <trkpt lat="45.697816908359527587890625" lon="126.5944151021540164947509765625">
        <ele>149.8000030517578125</ele>
        <time>2026-08-11T22:58:15.000Z</time>
        <extensions>
          <ns3:TrackPointExtension>
            <ns3:hr>177</ns3:hr>
            <ns3:cad>88</ns3:cad>
          </ns3:TrackPointExtension>
        </extensions>
      </trkpt>
      <trkpt lat="45.6977899186313152313232421875" lon="126.594415269792079925537109375">
        <ele>149.8000030517578125</ele>
        <time>2026-08-11T22:58:16.000Z</time>
        <extensions>
          <ns3:TrackPointExtension>
            <ns3:hr>178</ns3:hr>
            <ns3:cad>88</ns3:cad>
          </ns3:TrackPointExtension>
        </extensions>
      </trkpt>
      <trkpt lat="45.697768628597259521484375" lon="126.5944228135049343109130859375">
        <ele>149.8000030517578125</ele>
        <time>2026-08-11T22:58:17.000Z</time>
        <extensions>
          <ns3:TrackPointExtension>
            <ns3:hr>178</ns3:hr>
            <ns3:cad>88</ns3:cad>
          </ns3:TrackPointExtension>
        </extensions>
      </trkpt>
      <trkpt lat="45.69774406962096691131591796875" lon="126.59442901611328125">
        <ele>149.8000030517578125</ele>
        <time>2026-08-11T22:58:18.000Z</time>
        <extensions>
          <ns3:TrackPointExtension>
            <ns3:hr>178</ns3:hr>
            <ns3:cad>87</ns3:cad>
          </ns3:TrackPointExtension>
        </extensions>
      </trkpt>
      <trkpt lat="45.69772127084434032440185546875" lon="126.59443144686520099639892578125">
        <ele>149.8000030517578125</ele>
        <time>2026-08-11T22:58:19.000Z</time>
        <extensions>
          <ns3:TrackPointExtension>
            <ns3:hr>178</ns3:hr>
            <ns3:cad>87</ns3:cad>
          </ns3:TrackPointExtension>
        </extensions>
      </trkpt>
      <trkpt lat="45.697698555886745452880859375" lon="126.5944357216358184814453125">
        <ele>149.8000030517578125</ele>
        <time>2026-08-11T22:58:20.000Z</time>
        <extensions>
          <ns3:TrackPointExtension>
            <ns3:hr>179</ns3:hr>
            <ns3:cad>87</ns3:cad>
          </ns3:TrackPointExtension>
        </extensions>
      </trkpt>
      <trkpt lat="45.69767248816788196563720703125" lon="126.5944362245500087738037109375">
        <ele>149.8000030517578125</ele>
        <time>2026-08-11T22:58:21.000Z</time>
        <extensions>
          <ns3:TrackPointExtension>
            <ns3:hr>179</ns3:hr>
            <ns3:cad>87</ns3:cad>
          </ns3:TrackPointExtension>
        </extensions>
      </trkpt>
      <trkpt lat="45.69765396416187286376953125" lon="126.59444334916770458221435546875">
        <ele>149.8000030517578125</ele>
        <time>2026-08-11T22:58:22.000Z</time>
        <extensions>
          <ns3:TrackPointExtension>
            <ns3:hr>180</ns3:hr>
            <ns3:cad>87</ns3:cad>
          </ns3:TrackPointExtension>
        </extensions>
      </trkpt>
      <trkpt lat="45.69762739352881908416748046875" lon="126.59445206634700298309326171875">
        <ele>149.8000030517578125</ele>
        <time>2026-08-11T22:58:23.000Z</time>
        <extensions>
          <ns3:TrackPointExtension>
            <ns3:hr>180</ns3:hr>
            <ns3:cad>87</ns3:cad>
          </ns3:TrackPointExtension>
        </extensions>
      </trkpt>
      <trkpt lat="45.6976071931421756744384765625" lon="126.59445944242179393768310546875">
        <ele>149.8000030517578125</ele>
        <time>2026-08-11T22:58:24.000Z</time>
        <extensions>
          <ns3:TrackPointExtension>
            <ns3:hr>180</ns3:hr>
            <ns3:cad>87</ns3:cad>
          </ns3:TrackPointExtension>
        </extensions>
      </trkpt>
      <trkpt lat="45.69758112542331218719482421875" lon="126.59446748904883861541748046875">
        <ele>149.8000030517578125</ele>
        <time>2026-08-11T22:58:25.000Z</time>
        <extensions>
          <ns3:TrackPointExtension>
            <ns3:hr>180</ns3:hr>
            <ns3:cad>87</ns3:cad>
          </ns3:TrackPointExtension>
        </extensions>
      </trkpt>
      <trkpt lat="45.69756142795085906982421875" lon="126.59446363337337970733642578125">
        <ele>149.8000030517578125</ele>
        <time>2026-08-11T22:58:26.000Z</time>
        <extensions>
          <ns3:TrackPointExtension>
            <ns3:hr>180</ns3:hr>
            <ns3:cad>87</ns3:cad>
          </ns3:TrackPointExtension>
        </extensions>
      </trkpt>
      <trkpt lat="45.69753653369843959808349609375" lon="126.5944710932672023773193359375">
        <ele>149.600006103515625</ele>
        <time>2026-08-11T22:58:27.000Z</time>
        <extensions>
          <ns3:TrackPointExtension>
            <ns3:hr>180</ns3:hr>
            <ns3:cad>87</ns3:cad>
          </ns3:TrackPointExtension>
        </extensions>
      </trkpt>
      <trkpt lat="45.697510801255702972412109375" lon="126.59447704441845417022705078125">
        <ele>149.600006103515625</ele>
        <time>2026-08-11T22:58:28.000Z</time>
        <extensions>
          <ns3:TrackPointExtension>
            <ns3:hr>180</ns3:hr>
            <ns3:cad>86</ns3:cad>
          </ns3:TrackPointExtension>
        </extensions>
      </trkpt>
      <trkpt lat="45.69748456589877605438232421875" lon="126.5944858454167842864990234375">
        <ele>149.600006103515625</ele>
        <time>2026-08-11T22:58:29.000Z</time>
        <extensions>
          <ns3:TrackPointExtension>
            <ns3:hr>180</ns3:hr>
            <ns3:cad>86</ns3:cad>
          </ns3:TrackPointExtension>
        </extensions>
      </trkpt>
      <trkpt lat="45.69746294058859348297119140625" lon="126.59449280239641666412353515625">
        <ele>149.600006103515625</ele>
        <time>2026-08-11T22:58:30.000Z</time>
        <extensions>
          <ns3:TrackPointExtension>
            <ns3:hr>180</ns3:hr>
            <ns3:cad>87</ns3:cad>
          </ns3:TrackPointExtension>
        </extensions>
      </trkpt>
      <trkpt lat="45.69743678905069828033447265625" lon="126.59450403414666652679443359375">
        <ele>149.600006103515625</ele>
        <time>2026-08-11T22:58:31.000Z</time>
        <extensions>
          <ns3:TrackPointExtension>
            <ns3:hr>179</ns3:hr>
            <ns3:cad>88</ns3:cad>
          </ns3:TrackPointExtension>
        </extensions>
      </trkpt>
      <trkpt lat="45.69740795530378818511962890625" lon="126.59451409243047237396240234375">
        <ele>149.600006103515625</ele>
        <time>2026-08-11T22:58:32.000Z</time>
        <extensions>
          <ns3:TrackPointExtension>
            <ns3:hr>179</ns3:hr>
            <ns3:cad>88</ns3:cad>
          </ns3:TrackPointExtension>
        </extensions>
      </trkpt>
      <trkpt lat="45.69738331250846385955810546875" lon="126.59452599473297595977783203125">
        <ele>149.600006103515625</ele>
        <time>2026-08-11T22:58:33.000Z</time>
        <extensions>
          <ns3:TrackPointExtension>
            <ns3:hr>179</ns3:hr>
            <ns3:cad>88</ns3:cad>
          </ns3:TrackPointExtension>
        </extensions>
      </trkpt>
      <trkpt lat="45.69735682569444179534912109375" lon="126.59453655593097209930419921875">
        <ele>149.600006103515625</ele>
        <time>2026-08-11T22:58:34.000Z</time>
        <extensions>
          <ns3:TrackPointExtension>
            <ns3:hr>179</ns3:hr>
            <ns3:cad>88</ns3:cad>
          </ns3:TrackPointExtension>
        </extensions>
      </trkpt>
      <trkpt lat="45.69733754731714725494384765625" lon="126.59455046989023685455322265625">
        <ele>149.600006103515625</ele>
        <time>2026-08-11T22:58:35.000Z</time>
        <extensions>
          <ns3:TrackPointExtension>
            <ns3:hr>179</ns3:hr>
            <ns3:cad>88</ns3:cad>
          </ns3:TrackPointExtension>
        </extensions>
      </trkpt>
      <trkpt lat="45.69731139577925205230712890625" lon="126.59456673078238964080810546875">
        <ele>149.399993896484375</ele>
        <time>2026-08-11T22:58:36.000Z</time>
        <extensions>
          <ns3:TrackPointExtension>
            <ns3:hr>179</ns3:hr>
            <ns3:cad>88</ns3:cad>
          </ns3:TrackPointExtension>
        </extensions>
      </trkpt>
      <trkpt lat="45.69729379378259181976318359375" lon="126.59458081237971782684326171875">
        <ele>149.399993896484375</ele>
        <time>2026-08-11T22:58:37.000Z</time>
        <extensions>
          <ns3:TrackPointExtension>
            <ns3:hr>178</ns3:hr>
            <ns3:cad>88</ns3:cad>
          </ns3:TrackPointExtension>
        </extensions>
      </trkpt>
      <trkpt lat="45.69726764224469661712646484375" lon="126.59459531307220458984375">
        <ele>149.399993896484375</ele>
        <time>2026-08-11T22:58:38.000Z</time>
        <extensions>
          <ns3:TrackPointExtension>
            <ns3:hr>178</ns3:hr>
            <ns3:cad>88</ns3:cad>
          </ns3:TrackPointExtension>
        </extensions>
      </trkpt>
      <trkpt lat="45.69725104607641696929931640625" lon="126.5946078859269618988037109375">
        <ele>149.1999969482421875</ele>
        <time>2026-08-11T22:58:39.000Z</time>
        <extensions>
          <ns3:TrackPointExtension>
            <ns3:hr>178</ns3:hr>
            <ns3:cad>88</ns3:cad>
          </ns3:TrackPointExtension>
        </extensions>
      </trkpt>
      <trkpt lat="45.69722522981464862823486328125" lon="126.5946207940578460693359375">
        <ele>149.1999969482421875</ele>
        <time>2026-08-11T22:58:40.000Z</time>
        <extensions>
          <ns3:TrackPointExtension>
            <ns3:hr>179</ns3:hr>
            <ns3:cad>87</ns3:cad>
          </ns3:TrackPointExtension>
        </extensions>
      </trkpt>
      <trkpt lat="45.6972075439989566802978515625" lon="126.59463412128388881683349609375">
        <ele>149.1999969482421875</ele>
        <time>2026-08-11T22:58:41.000Z</time>
        <extensions>
          <ns3:TrackPointExtension>
            <ns3:hr>178</ns3:hr>
            <ns3:cad>87</ns3:cad>
          </ns3:TrackPointExtension>
        </extensions>
      </trkpt>
      <trkpt lat="45.69718013517558574676513671875" lon="126.59465096890926361083984375">
        <ele>149</ele>
        <time>2026-08-11T22:58:42.000Z</time>
        <extensions>
          <ns3:TrackPointExtension>
            <ns3:hr>178</ns3:hr>
            <ns3:cad>87</ns3:cad>
          </ns3:TrackPointExtension>
        </extensions>
      </trkpt>
      <trkpt lat="45.6971622817218303680419921875" lon="126.59465893171727657318115234375">
        <ele>149</ele>
        <time>2026-08-11T22:58:43.000Z</time>
        <extensions>
          <ns3:TrackPointExtension>
            <ns3:hr>178</ns3:hr>
            <ns3:cad>87</ns3:cad>
          </ns3:TrackPointExtension>
        </extensions>
      </trkpt>
      <trkpt lat="45.6971374712884426116943359375" lon="126.59467468969523906707763671875">
        <ele>148.8000030517578125</ele>
        <time>2026-08-11T22:58:44.000Z</time>
        <extensions>
          <ns3:TrackPointExtension>
            <ns3:hr>178</ns3:hr>
            <ns3:cad>87</ns3:cad>
          </ns3:TrackPointExtension>
        </extensions>
      </trkpt>
      <trkpt lat="45.6971155107021331787109375" lon="126.59469229169189929962158203125">
        <ele>148.8000030517578125</ele>
        <time>2026-08-11T22:58:45.000Z</time>
        <extensions>
          <ns3:TrackPointExtension>
            <ns3:hr>178</ns3:hr>
            <ns3:cad>87</ns3:cad>
          </ns3:TrackPointExtension>
        </extensions>
      </trkpt>
      <trkpt lat="45.69709715433418750762939453125" lon="126.59470670856535434722900390625">
        <ele>148.8000030517578125</ele>
        <time>2026-08-11T22:58:46.000Z</time>
        <extensions>
          <ns3:TrackPointExtension>
            <ns3:hr>178</ns3:hr>
            <ns3:cad>87</ns3:cad>
          </ns3:TrackPointExtension>
        </extensions>
      </trkpt>
      <trkpt lat="45.69707192480564117431640625" lon="126.5947262383997440338134765625">
        <ele>148.600006103515625</ele>
        <time>2026-08-11T22:58:47.000Z</time>
        <extensions>
          <ns3:TrackPointExtension>
            <ns3:hr>177</ns3:hr>
            <ns3:cad>87</ns3:cad>
          </ns3:TrackPointExtension>
        </extensions>
      </trkpt>
      <trkpt lat="45.697052814066410064697265625" lon="126.59474082291126251220703125">
        <ele>148.600006103515625</ele>
        <time>2026-08-11T22:58:48.000Z</time>
        <extensions>
          <ns3:TrackPointExtension>
            <ns3:hr>177</ns3:hr>
            <ns3:cad>87</ns3:cad>
          </ns3:TrackPointExtension>
        </extensions>
      </trkpt>
      <trkpt lat="45.69702909328043460845947265625" lon="126.59475901164114475250244140625">
        <ele>148.399993896484375</ele>
        <time>2026-08-11T22:58:49.000Z</time>
        <extensions>
          <ns3:TrackPointExtension>
            <ns3:hr>177</ns3:hr>
            <ns3:cad>87</ns3:cad>
          </ns3:TrackPointExtension>
        </extensions>
      </trkpt>
      <trkpt lat="45.6970097310841083526611328125" lon="126.59477560780942440032958984375">
        <ele>148.399993896484375</ele>
        <time>2026-08-11T22:58:50.000Z</time>
        <extensions>
          <ns3:TrackPointExtension>
            <ns3:hr>177</ns3:hr>
            <ns3:cad>86</ns3:cad>
          </ns3:TrackPointExtension>
        </extensions>
      </trkpt>
      <trkpt lat="45.6969879381358623504638671875" lon="126.59479505382478237152099609375">
        <ele>148.1999969482421875</ele>
        <time>2026-08-11T22:58:51.000Z</time>
        <extensions>
          <ns3:TrackPointExtension>
            <ns3:hr>177</ns3:hr>
            <ns3:cad>86</ns3:cad>
          </ns3:TrackPointExtension>
        </extensions>
      </trkpt>
      <trkpt lat="45.69696220569312572479248046875" lon="126.5948070399463176727294921875">
        <ele>148.1999969482421875</ele>
        <time>2026-08-11T22:58:52.000Z</time>
        <extensions>
          <ns3:TrackPointExtension>
            <ns3:hr>176</ns3:hr>
            <ns3:cad>86</ns3:cad>
          </ns3:TrackPointExtension>
        </extensions>
      </trkpt>
      <trkpt lat="45.696938820183277130126953125" lon="126.59482070244848728179931640625">
        <ele>148</ele>
        <time>2026-08-11T22:58:53.000Z</time>
        <extensions>
          <ns3:TrackPointExtension>
            <ns3:hr>177</ns3:hr>
            <ns3:cad>86</ns3:cad>
          </ns3:TrackPointExtension>
        </extensions>
      </trkpt>
      <trkpt lat="45.6969141773879528045654296875" lon="126.59483629278838634490966796875">
        <ele>148</ele>
        <time>2026-08-11T22:58:54.000Z</time>
        <extensions>
          <ns3:TrackPointExtension>
            <ns3:hr>177</ns3:hr>
            <ns3:cad>86</ns3:cad>
          </ns3:TrackPointExtension>
        </extensions>
      </trkpt>
      <trkpt lat="45.6968947313725948333740234375" lon="126.5948499552905559539794921875">
        <ele>147.8000030517578125</ele>
        <time>2026-08-11T22:58:55.000Z</time>
        <extensions>
          <ns3:TrackPointExtension>
            <ns3:hr>176</ns3:hr>
            <ns3:cad>86</ns3:cad>
          </ns3:TrackPointExtension>
        </extensions>
      </trkpt>
      <trkpt lat="45.696872435510158538818359375" lon="126.59486898221075534820556640625">
        <ele>147.8000030517578125</ele>
        <time>2026-08-11T22:58:56.000Z</time>
        <extensions>
          <ns3:TrackPointExtension>
            <ns3:hr>176</ns3:hr>
            <ns3:cad>86</ns3:cad>
          </ns3:TrackPointExtension>
        </extensions>
      </trkpt>
      <trkpt lat="45.696851313114166259765625" lon="126.594886668026447296142578125">
        <ele>147.8000030517578125</ele>
        <time>2026-08-11T22:58:57.000Z</time>
        <extensions>
          <ns3:TrackPointExtension>
            <ns3:hr>176</ns3:hr>
            <ns3:cad>87</ns3:cad>
          </ns3:TrackPointExtension>
        </extensions>
      </trkpt>
      <trkpt lat="45.6968316994607448577880859375" lon="126.59491114318370819091796875">
        <ele>147.8000030517578125</ele>
        <time>2026-08-11T22:58:58.000Z</time>
        <extensions>
          <ns3:TrackPointExtension>
            <ns3:hr>176</ns3:hr>
            <ns3:cad>87</ns3:cad>
          </ns3:TrackPointExtension>
        </extensions>
      </trkpt>
      <trkpt lat="45.6968199647963047027587890625" lon="126.5949372947216033935546875">
        <ele>147.8000030517578125</ele>
        <time>2026-08-11T22:58:59.000Z</time>
        <extensions>
          <ns3:TrackPointExtension>
            <ns3:hr>176</ns3:hr>
            <ns3:cad>87</ns3:cad>
          </ns3:TrackPointExtension>
        </extensions>
      </trkpt>
      <trkpt lat="45.69680881686508655548095703125" lon="126.5949693135917186737060546875">
        <ele>147.600006103515625</ele>
        <time>2026-08-11T22:59:00.000Z</time>
        <extensions>
          <ns3:TrackPointExtension>
            <ns3:hr>175</ns3:hr>
            <ns3:cad>87</ns3:cad>
          </ns3:TrackPointExtension>
        </extensions>
      </trkpt>
      <trkpt lat="45.69679540582001209259033203125" lon="126.594997979700565338134765625">
        <ele>147.600006103515625</ele>
        <time>2026-08-11T22:59:01.000Z</time>
        <extensions>
          <ns3:TrackPointExtension>
            <ns3:hr>175</ns3:hr>
            <ns3:cad>87</ns3:cad>
          </ns3:TrackPointExtension>
        </extensions>
      </trkpt>
      <trkpt lat="45.69677897728979587554931640625" lon="126.59503159113228321075439453125">
        <ele>147.600006103515625</ele>
        <time>2026-08-11T22:59:02.000Z</time>
        <extensions>
          <ns3:TrackPointExtension>
            <ns3:hr>175</ns3:hr>
            <ns3:cad>87</ns3:cad>
          </ns3:TrackPointExtension>
        </extensions>
      </trkpt>
      <trkpt lat="45.69676724262535572052001953125" lon="126.5950620174407958984375">
        <ele>147.8000030517578125</ele>
        <time>2026-08-11T22:59:03.000Z</time>
        <extensions>
          <ns3:TrackPointExtension>
            <ns3:hr>175</ns3:hr>
            <ns3:cad>88</ns3:cad>
          </ns3:TrackPointExtension>
        </extensions>
      </trkpt>
      <trkpt lat="45.6967542506754398345947265625" lon="126.59509076736867427825927734375">
        <ele>147.8000030517578125</ele>
        <time>2026-08-11T22:59:04.000Z</time>
        <extensions>
          <ns3:TrackPointExtension>
            <ns3:hr>175</ns3:hr>
            <ns3:cad>88</ns3:cad>
          </ns3:TrackPointExtension>
        </extensions>
      </trkpt>
      <trkpt lat="45.69673639722168445587158203125" lon="126.59512035548686981201171875">
        <ele>147.8000030517578125</ele>
        <time>2026-08-11T22:59:05.000Z</time>
        <extensions>
          <ns3:TrackPointExtension>
            <ns3:hr>175</ns3:hr>
            <ns3:cad>88</ns3:cad>
          </ns3:TrackPointExtension>
        </extensions>
      </trkpt>
      <trkpt lat="45.69672591984272003173828125" lon="126.59514675848186016082763671875">
        <ele>147.8000030517578125</ele>
        <time>2026-08-11T22:59:06.000Z</time>
        <extensions>
          <ns3:TrackPointExtension>
            <ns3:hr>174</ns3:hr>
            <ns3:cad>87</ns3:cad>
          </ns3:TrackPointExtension>
        </extensions>
      </trkpt>
      <trkpt lat="45.6967150233685970306396484375" lon="126.59518028609454631805419921875">
        <ele>147.8000030517578125</ele>
        <time>2026-08-11T22:59:07.000Z</time>
        <extensions>
          <ns3:TrackPointExtension>
            <ns3:hr>174</ns3:hr>
            <ns3:cad>87</ns3:cad>
          </ns3:TrackPointExtension>
        </extensions>
      </trkpt>
      <trkpt lat="45.69670312106609344482421875" lon="126.5952063538134098052978515625">
        <ele>147.8000030517578125</ele>
        <time>2026-08-11T22:59:08.000Z</time>
        <extensions>
          <ns3:TrackPointExtension>
            <ns3:hr>174</ns3:hr>
            <ns3:cad>87</ns3:cad>
          </ns3:TrackPointExtension>
        </extensions>
      </trkpt>
      <trkpt lat="45.696689374744892120361328125" lon="126.59524063579738140106201171875">
        <ele>147.600006103515625</ele>
        <time>2026-08-11T22:59:09.000Z</time>
        <extensions>
          <ns3:TrackPointExtension>
            <ns3:hr>174</ns3:hr>
            <ns3:cad>87</ns3:cad>
          </ns3:TrackPointExtension>
        </extensions>
      </trkpt>
      <trkpt lat="45.69667839445173740386962890625" lon="126.59527315758168697357177734375">
        <ele>147.600006103515625</ele>
        <time>2026-08-11T22:59:10.000Z</time>
        <extensions>
          <ns3:TrackPointExtension>
            <ns3:hr>175</ns3:hr>
            <ns3:cad>87</ns3:cad>
          </ns3:TrackPointExtension>
        </extensions>
      </trkpt>
      <trkpt lat="45.69666615687310695648193359375" lon="126.59530919976532459259033203125">
        <ele>147.600006103515625</ele>
        <time>2026-08-11T22:59:11.000Z</time>
        <extensions>
          <ns3:TrackPointExtension>
            <ns3:hr>174</ns3:hr>
            <ns3:cad>87</ns3:cad>
          </ns3:TrackPointExtension>
        </extensions>
      </trkpt>
      <trkpt lat="45.696652494370937347412109375" lon="126.595341302454471588134765625">
        <ele>147.600006103515625</ele>
        <time>2026-08-11T22:59:12.000Z</time>
        <extensions>
          <ns3:TrackPointExtension>
            <ns3:hr>175</ns3:hr>
            <ns3:cad>87</ns3:cad>
          </ns3:TrackPointExtension>
        </extensions>
      </trkpt>
      <trkpt lat="45.69664000533521175384521484375" lon="126.59537843428552150726318359375">
        <ele>147.399993896484375</ele>
        <time>2026-08-11T22:59:13.000Z</time>
        <extensions>
          <ns3:TrackPointExtension>
            <ns3:hr>176</ns3:hr>
            <ns3:cad>87</ns3:cad>
          </ns3:TrackPointExtension>
        </extensions>
      </trkpt>
      <trkpt lat="45.6966228224337100982666015625" lon="126.59540793858468532562255859375">
        <ele>147.399993896484375</ele>
        <time>2026-08-11T22:59:14.000Z</time>
        <extensions>
          <ns3:TrackPointExtension>
            <ns3:hr>177</ns3:hr>
            <ns3:cad>87</ns3:cad>
          </ns3:TrackPointExtension>
        </extensions>
      </trkpt>
      <trkpt lat="45.6966070644557476043701171875" lon="126.59544314257800579071044921875">
        <ele>147.399993896484375</ele>
        <time>2026-08-11T22:59:15.000Z</time>
        <extensions>
          <ns3:TrackPointExtension>
            <ns3:hr>177</ns3:hr>
            <ns3:cad>87</ns3:cad>
          </ns3:TrackPointExtension>
        </extensions>
      </trkpt>
      <trkpt lat="45.69658921100199222564697265625" lon="126.59547172486782073974609375">
        <ele>147.399993896484375</ele>
        <time>2026-08-11T22:59:16.000Z</time>
        <extensions>
          <ns3:TrackPointExtension>
            <ns3:hr>177</ns3:hr>
            <ns3:cad>87</ns3:cad>
          </ns3:TrackPointExtension>
        </extensions>
      </trkpt>
      <trkpt lat="45.6965795718133449554443359375" lon="126.59549661912024021148681640625">
        <ele>147.399993896484375</ele>
        <time>2026-08-11T22:59:17.000Z</time>
        <extensions>
          <ns3:TrackPointExtension>
            <ns3:hr>177</ns3:hr>
            <ns3:cad>87</ns3:cad>
          </ns3:TrackPointExtension>
        </extensions>
      </trkpt>
      <trkpt lat="45.69656440056860446929931640625" lon="126.5955262072384357452392578125">
        <ele>147.399993896484375</ele>
        <time>2026-08-11T22:59:18.000Z</time>
        <extensions>
          <ns3:TrackPointExtension>
            <ns3:hr>177</ns3:hr>
            <ns3:cad>87</ns3:cad>
          </ns3:TrackPointExtension>
        </extensions>
      </trkpt>
      <trkpt lat="45.69655484519898891448974609375" lon="126.5955493412911891937255859375">
        <ele>147.399993896484375</ele>
        <time>2026-08-11T22:59:19.000Z</time>
        <extensions>
          <ns3:TrackPointExtension>
            <ns3:hr>177</ns3:hr>
            <ns3:cad>87</ns3:cad>
          </ns3:TrackPointExtension>
        </extensions>
      </trkpt>
      <trkpt lat="45.6965403445065021514892578125" lon="126.59557901322841644287109375">
        <ele>147.399993896484375</ele>
        <time>2026-08-11T22:59:20.000Z</time>
        <extensions>
          <ns3:TrackPointExtension>
            <ns3:hr>177</ns3:hr>
            <ns3:cad>87</ns3:cad>
          </ns3:TrackPointExtension>
        </extensions>
      </trkpt>
      <trkpt lat="45.69652785547077655792236328125" lon="126.59559384919703006744384765625">
        <ele>147.399993896484375</ele>
        <time>2026-08-11T22:59:21.000Z</time>
        <extensions>
          <ns3:TrackPointExtension>
            <ns3:hr>177</ns3:hr>
            <ns3:cad>86</ns3:cad>
          </ns3:TrackPointExtension>
        </extensions>
      </trkpt>
      <trkpt lat="45.69650991819798946380615234375" lon="126.59561966545879840850830078125">
        <ele>147.600006103515625</ele>
        <time>2026-08-11T22:59:22.000Z</time>
        <extensions>
          <ns3:TrackPointExtension>
            <ns3:hr>176</ns3:hr>
            <ns3:cad>86</ns3:cad>
          </ns3:TrackPointExtension>
        </extensions>
      </trkpt>
      <trkpt lat="45.69650673307478427886962890625" lon="126.59564564935863018035888671875">
        <ele>148</ele>
        <time>2026-08-11T22:59:23.000Z</time>
        <extensions>
          <ns3:TrackPointExtension>
            <ns3:hr>176</ns3:hr>
            <ns3:cad>87</ns3:cad>
          </ns3:TrackPointExtension>
        </extensions>
      </trkpt>
      <trkpt lat="45.69650874473154544830322265625" lon="126.59567062743008136749267578125">
        <ele>148.1999969482421875</ele>
        <time>2026-08-11T22:59:24.000Z</time>
        <extensions>
          <ns3:TrackPointExtension>
            <ns3:hr>175</ns3:hr>
            <ns3:cad>88</ns3:cad>
          </ns3:TrackPointExtension>
        </extensions>
      </trkpt>
      <trkpt lat="45.6965175457298755645751953125" lon="126.59569677896797657012939453125">
        <ele>148.399993896484375</ele>
        <time>2026-08-11T22:59:25.000Z</time>
        <extensions>
          <ns3:TrackPointExtension>
            <ns3:hr>175</ns3:hr>
            <ns3:cad>87</ns3:cad>
          </ns3:TrackPointExtension>
        </extensions>
      </trkpt>
      <trkpt lat="45.69653020240366458892822265625" lon="126.59571220166981220245361328125">
        <ele>148.600006103515625</ele>
        <time>2026-08-11T22:59:26.000Z</time>
        <extensions>
          <ns3:TrackPointExtension>
            <ns3:hr>175</ns3:hr>
            <ns3:cad>86</ns3:cad>
          </ns3:TrackPointExtension>
        </extensions>
      </trkpt>
      <trkpt lat="45.6965500675141811370849609375" lon="126.59571974538266658782958984375">
        <ele>148.8000030517578125</ele>
        <time>2026-08-11T22:59:27.000Z</time>
        <extensions>
          <ns3:TrackPointExtension>
            <ns3:hr>174</ns3:hr>
            <ns3:cad>86</ns3:cad>
          </ns3:TrackPointExtension>
        </extensions>
      </trkpt>
      <trkpt lat="45.69657160900533199310302734375" lon="126.595723517239093780517578125">
        <ele>148.8000030517578125</ele>
        <time>2026-08-11T22:59:28.000Z</time>
        <extensions>
          <ns3:TrackPointExtension>
            <ns3:hr>175</ns3:hr>
            <ns3:cad>84</ns3:cad>
          </ns3:TrackPointExtension>
        </extensions>
      </trkpt>
      <trkpt lat="45.69659122265875339508056640625" lon="126.5957151353359222412109375">
        <ele>149</ele>
        <time>2026-08-11T22:59:29.000Z</time>
        <extensions>
          <ns3:TrackPointExtension>
            <ns3:hr>175</ns3:hr>
            <ns3:cad>84</ns3:cad>
          </ns3:TrackPointExtension>
        </extensions>
      </trkpt>
      <trkpt lat="45.696617625653743743896484375" lon="126.595717482268810272216796875">
        <ele>149.1999969482421875</ele>
        <time>2026-08-11T22:59:30.000Z</time>
        <extensions>
          <ns3:TrackPointExtension>
            <ns3:hr>174</ns3:hr>
            <ns3:cad>84</ns3:cad>
          </ns3:TrackPointExtension>
        </extensions>
      </trkpt>
      <trkpt lat="45.69663564674556255340576171875" lon="126.5957164764404296875">
        <ele>149.399993896484375</ele>
        <time>2026-08-11T22:59:31.000Z</time>
        <extensions>
          <ns3:TrackPointExtension>
            <ns3:hr>175</ns3:hr>
            <ns3:cad>85</ns3:cad>
          </ns3:TrackPointExtension>
        </extensions>
      </trkpt>
      <trkpt lat="45.69666313938796520233154296875" lon="126.595718823373317718505859375">
        <ele>149.600006103515625</ele>
        <time>2026-08-11T22:59:32.000Z</time>
        <extensions>
          <ns3:TrackPointExtension>
            <ns3:hr>175</ns3:hr>
            <ns3:cad>85</ns3:cad>
          </ns3:TrackPointExtension>
        </extensions>
      </trkpt>
      <trkpt lat="45.69668392650783061981201171875" lon="126.595719158649444580078125">
        <ele>149.8000030517578125</ele>
        <time>2026-08-11T22:59:33.000Z</time>
        <extensions>
          <ns3:TrackPointExtension>
            <ns3:hr>174</ns3:hr>
            <ns3:cad>85</ns3:cad>
          </ns3:TrackPointExtension>
        </extensions>
      </trkpt>
      <trkpt lat="45.69670689292252063751220703125" lon="126.59571521915495395660400390625">
        <ele>149.8000030517578125</ele>
        <time>2026-08-11T22:59:34.000Z</time>
        <extensions>
          <ns3:TrackPointExtension>
            <ns3:hr>175</ns3:hr>
            <ns3:cad>85</ns3:cad>
          </ns3:TrackPointExtension>
        </extensions>
      </trkpt>
      <trkpt lat="45.696728937327861785888671875" lon="126.595723517239093780517578125">
        <ele>149.8000030517578125</ele>
        <time>2026-08-11T22:59:35.000Z</time>
        <extensions>
          <ns3:TrackPointExtension>
            <ns3:hr>175</ns3:hr>
            <ns3:cad>85</ns3:cad>
          </ns3:TrackPointExtension>
        </extensions>
      </trkpt>
      <trkpt lat="45.69674813188612461090087890625" lon="126.59572787582874298095703125">
        <ele>149.8000030517578125</ele>
        <time>2026-08-11T22:59:36.000Z</time>
        <extensions>
          <ns3:TrackPointExtension>
            <ns3:hr>175</ns3:hr>
            <ns3:cad>85</ns3:cad>
          </ns3:TrackPointExtension>
        </extensions>
      </trkpt>
      <trkpt lat="45.69677260704338550567626953125" lon="126.59572863020002841949462890625">
        <ele>149.8000030517578125</ele>
        <time>2026-08-11T22:59:37.000Z</time>
        <extensions>
          <ns3:TrackPointExtension>
            <ns3:hr>176</ns3:hr>
            <ns3:cad>85</ns3:cad>
          </ns3:TrackPointExtension>
        </extensions>
      </trkpt>
      <trkpt lat="45.69679138250648975372314453125" lon="126.5957240201532840728759765625">
        <ele>149.600006103515625</ele>
        <time>2026-08-11T22:59:38.000Z</time>
        <extensions>
          <ns3:TrackPointExtension>
            <ns3:hr>176</ns3:hr>
            <ns3:cad>85</ns3:cad>
          </ns3:TrackPointExtension>
        </extensions>
      </trkpt>
      <trkpt lat="45.69682088680565357208251953125" lon="126.5957220084965229034423828125">
        <ele>149.399993896484375</ele>
        <time>2026-08-11T22:59:39.000Z</time>
        <extensions>
          <ns3:TrackPointExtension>
            <ns3:hr>177</ns3:hr>
            <ns3:cad>85</ns3:cad>
          </ns3:TrackPointExtension>
        </extensions>
      </trkpt>
      <trkpt lat="45.69683966226875782012939453125" lon="126.595724187791347503662109375">
        <ele>149.399993896484375</ele>
        <time>2026-08-11T22:59:40.000Z</time>
        <extensions>
          <ns3:TrackPointExtension>
            <ns3:hr>177</ns3:hr>
            <ns3:cad>85</ns3:cad>
          </ns3:TrackPointExtension>
        </extensions>
      </trkpt>
      <trkpt lat="45.696867071092128753662109375" lon="126.59572494216263294219970703125">
        <ele>149.399993896484375</ele>
        <time>2026-08-11T22:59:41.000Z</time>
        <extensions>
          <ns3:TrackPointExtension>
            <ns3:hr>177</ns3:hr>
            <ns3:cad>85</ns3:cad>
          </ns3:TrackPointExtension>
        </extensions>
      </trkpt>
      <trkpt lat="45.69689112715423107147216796875" lon="126.595729887485504150390625">
        <ele>149.399993896484375</ele>
        <time>2026-08-11T22:59:42.000Z</time>
        <extensions>
          <ns3:TrackPointExtension>
            <ns3:hr>177</ns3:hr>
            <ns3:cad>86</ns3:cad>
          </ns3:TrackPointExtension>
        </extensions>
      </trkpt>
      <trkpt lat="45.69691635668277740478515625" lon="126.59573248587548732757568359375">
        <ele>149.399993896484375</ele>
        <time>2026-08-11T22:59:43.000Z</time>
        <extensions>
          <ns3:TrackPointExtension>
            <ns3:hr>177</ns3:hr>
            <ns3:cad>86</ns3:cad>
          </ns3:TrackPointExtension>
        </extensions>
      </trkpt>
      <trkpt lat="45.6969399936497211456298828125" lon="126.59573994576930999755859375">
        <ele>149.600006103515625</ele>
        <time>2026-08-11T22:59:44.000Z</time>
        <extensions>
          <ns3:TrackPointExtension>
            <ns3:hr>176</ns3:hr>
            <ns3:cad>86</ns3:cad>
          </ns3:TrackPointExtension>
        </extensions>
      </trkpt>
      <trkpt lat="45.6969631277024745941162109375" lon="126.5957407839596271514892578125">
        <ele>149.600006103515625</ele>
        <time>2026-08-11T22:59:45.000Z</time>
        <extensions>
          <ns3:TrackPointExtension>
            <ns3:hr>177</ns3:hr>
            <ns3:cad>86</ns3:cad>
          </ns3:TrackPointExtension>
        </extensions>
      </trkpt>
      <trkpt lat="45.6969894468784332275390625" lon="126.59574992023408412933349609375">
        <ele>149.600006103515625</ele>
        <time>2026-08-11T22:59:46.000Z</time>
        <extensions>
          <ns3:TrackPointExtension>
            <ns3:hr>177</ns3:hr>
            <ns3:cad>86</ns3:cad>
          </ns3:TrackPointExtension>
        </extensions>
      </trkpt>
      <trkpt lat="45.6970070488750934600830078125" lon="126.5957478247582912445068359375">
        <ele>149.600006103515625</ele>
        <time>2026-08-11T22:59:47.000Z</time>
        <extensions>
          <ns3:TrackPointExtension>
            <ns3:hr>176</ns3:hr>
            <ns3:cad>86</ns3:cad>
          </ns3:TrackPointExtension>
        </extensions>
      </trkpt>
      <trkpt lat="45.69703479297459125518798828125" lon="126.59575603902339935302734375">
        <ele>149.8000030517578125</ele>
        <time>2026-08-11T22:59:48.000Z</time>
        <extensions>
          <ns3:TrackPointExtension>
            <ns3:hr>177</ns3:hr>
            <ns3:cad>87</ns3:cad>
          </ns3:TrackPointExtension>
        </extensions>
      </trkpt>
      <trkpt lat="45.69705306552350521087646484375" lon="126.59575469791889190673828125">
        <ele>149.8000030517578125</ele>
        <time>2026-08-11T22:59:49.000Z</time>
        <extensions>
          <ns3:TrackPointExtension>
            <ns3:hr>177</ns3:hr>
            <ns3:cad>87</ns3:cad>
          </ns3:TrackPointExtension>
        </extensions>
      </trkpt>
      <trkpt lat="45.69708072580397129058837890625" lon="126.5957652591168880462646484375">
        <ele>149.8000030517578125</ele>
        <time>2026-08-11T22:59:50.000Z</time>
        <extensions>
          <ns3:TrackPointExtension>
            <ns3:hr>177</ns3:hr>
            <ns3:cad>88</ns3:cad>
          </ns3:TrackPointExtension>
        </extensions>
      </trkpt>
      <trkpt lat="45.6971019320189952850341796875" lon="126.59577573649585247039794921875">
        <ele>149.8000030517578125</ele>
        <time>2026-08-11T22:59:51.000Z</time>
        <extensions>
          <ns3:TrackPointExtension>
            <ns3:hr>177</ns3:hr>
            <ns3:cad>88</ns3:cad>
          </ns3:TrackPointExtension>
        </extensions>
      </trkpt>
      <trkpt lat="45.69712221622467041015625" lon="126.59579400904476642608642578125">
        <ele>149.8000030517578125</ele>
        <time>2026-08-11T22:59:52.000Z</time>
        <extensions>
          <ns3:TrackPointExtension>
            <ns3:hr>177</ns3:hr>
            <ns3:cad>87</ns3:cad>
          </ns3:TrackPointExtension>
        </extensions>
      </trkpt>
      <trkpt lat="45.69713738746941089630126953125" lon="126.595815382897853851318359375">
        <ele>149.8000030517578125</ele>
        <time>2026-08-11T22:59:53.000Z</time>
        <extensions>
          <ns3:TrackPointExtension>
            <ns3:hr>177</ns3:hr>
            <ns3:cad>87</ns3:cad>
          </ns3:TrackPointExtension>
        </extensions>
      </trkpt>
      <trkpt lat="45.697154067456722259521484375" lon="126.595831476151943206787109375">
        <ele>149.8000030517578125</ele>
        <time>2026-08-11T22:59:54.000Z</time>
        <extensions>
          <ns3:TrackPointExtension>
            <ns3:hr>177</ns3:hr>
            <ns3:cad>86</ns3:cad>
          </ns3:TrackPointExtension>
        </extensions>
      </trkpt>
      <trkpt lat="45.69717443548142910003662109375" lon="126.59586357884109020233154296875">
        <ele>149.8000030517578125</ele>
        <time>2026-08-11T22:59:55.000Z</time>
        <extensions>
          <ns3:TrackPointExtension>
            <ns3:hr>177</ns3:hr>
            <ns3:cad>86</ns3:cad>
          </ns3:TrackPointExtension>
        </extensions>
      </trkpt>
      <trkpt lat="45.69718952290713787078857421875" lon="126.59588034264743328094482421875">
        <ele>150</ele>
        <time>2026-08-11T22:59:56.000Z</time>
        <extensions>
          <ns3:TrackPointExtension>
            <ns3:hr>177</ns3:hr>
            <ns3:cad>86</ns3:cad>
          </ns3:TrackPointExtension>
        </extensions>
      </trkpt>
      <trkpt lat="45.69721114821732044219970703125" lon="126.59590900875627994537353515625">
        <ele>150</ele>
        <time>2026-08-11T22:59:57.000Z</time>
        <extensions>
          <ns3:TrackPointExtension>
            <ns3:hr>177</ns3:hr>
            <ns3:cad>86</ns3:cad>
          </ns3:TrackPointExtension>
        </extensions>
      </trkpt>
      <trkpt lat="45.697224475443363189697265625" lon="126.5959288738667964935302734375">
        <ele>150</ele>
        <time>2026-08-11T22:59:58.000Z</time>
        <extensions>
          <ns3:TrackPointExtension>
            <ns3:hr>177</ns3:hr>
            <ns3:cad>86</ns3:cad>
          </ns3:TrackPointExtension>
        </extensions>
      </trkpt>
      <trkpt lat="45.697227828204631805419921875" lon="126.595958881080150604248046875">
        <ele>150.1999969482421875</ele>
        <time>2026-08-11T22:59:59.000Z</time>
        <extensions>
          <ns3:TrackPointExtension>
            <ns3:hr>177</ns3:hr>
            <ns3:cad>86</ns3:cad>
          </ns3:TrackPointExtension>
        </extensions>
      </trkpt>
      <trkpt lat="45.69723243825137615203857421875" lon="126.595989726483821868896484375">
        <ele>150.1999969482421875</ele>
        <time>2026-08-11T23:00:00.000Z</time>
        <extensions>
          <ns3:TrackPointExtension>
            <ns3:hr>177</ns3:hr>
            <ns3:cad>86</ns3:cad>
          </ns3:TrackPointExtension>
        </extensions>
      </trkpt>
      <trkpt lat="45.6972348690032958984375" lon="126.5960153751075267791748046875">
        <ele>150.1999969482421875</ele>
        <time>2026-08-11T23:00:01.000Z</time>
        <extensions>
          <ns3:TrackPointExtension>
            <ns3:hr>176</ns3:hr>
            <ns3:cad>86</ns3:cad>
          </ns3:TrackPointExtension>
        </extensions>
      </trkpt>
      <trkpt lat="45.6972353719174861907958984375" lon="126.59604563377797603607177734375">
        <ele>150.399993896484375</ele>
        <time>2026-08-11T23:00:02.000Z</time>
        <extensions>
          <ns3:TrackPointExtension>
            <ns3:hr>177</ns3:hr>
            <ns3:cad>87</ns3:cad>
          </ns3:TrackPointExtension>
        </extensions>
      </trkpt>
      <trkpt lat="45.69723822176456451416015625" lon="126.5960653312504291534423828125">
        <ele>150.399993896484375</ele>
        <time>2026-08-11T23:00:03.000Z</time>
        <extensions>
          <ns3:TrackPointExtension>
            <ns3:hr>177</ns3:hr>
            <ns3:cad>87</ns3:cad>
          </ns3:TrackPointExtension>
        </extensions>
      </trkpt>
      <trkpt lat="45.6972383894026279449462890625" lon="126.59609667956829071044921875">
        <ele>150.600006103515625</ele>
        <time>2026-08-11T23:00:04.000Z</time>
        <extensions>
          <ns3:TrackPointExtension>
            <ns3:hr>177</ns3:hr>
            <ns3:cad>87</ns3:cad>
          </ns3:TrackPointExtension>
        </extensions>
      </trkpt>
      <trkpt lat="45.6972410716116428375244140625" lon="126.596116125583648681640625">
        <ele>150.600006103515625</ele>
        <time>2026-08-11T23:00:05.000Z</time>
        <extensions>
          <ns3:TrackPointExtension>
            <ns3:hr>177</ns3:hr>
            <ns3:cad>87</ns3:cad>
          </ns3:TrackPointExtension>
        </extensions>
      </trkpt>
      <trkpt lat="45.69724266417324542999267578125" lon="126.59614353440701961517333984375">
        <ele>150.8000030517578125</ele>
        <time>2026-08-11T23:00:06.000Z</time>
        <extensions>
          <ns3:TrackPointExtension>
            <ns3:hr>177</ns3:hr>
            <ns3:cad>86</ns3:cad>
          </ns3:TrackPointExtension>
        </extensions>
      </trkpt>
      <trkpt lat="45.6972407363355159759521484375" lon="126.5961753018200397491455078125">
        <ele>150.8000030517578125</ele>
        <time>2026-08-11T23:00:07.000Z</time>
        <extensions>
          <ns3:TrackPointExtension>
            <ns3:hr>177</ns3:hr>
            <ns3:cad>86</ns3:cad>
          </ns3:TrackPointExtension>
        </extensions>
      </trkpt>
      <trkpt lat="45.69723679684102535247802734375" lon="126.5961960889399051666259765625">
        <ele>151</ele>
        <time>2026-08-11T23:00:08.000Z</time>
        <extensions>
          <ns3:TrackPointExtension>
            <ns3:hr>177</ns3:hr>
            <ns3:cad>85</ns3:cad>
          </ns3:TrackPointExtension>
        </extensions>
      </trkpt>
      <trkpt lat="45.69723579101264476776123046875" lon="126.5962229110300540924072265625">
        <ele>151</ele>
        <time>2026-08-11T23:00:09.000Z</time>
        <extensions>
          <ns3:TrackPointExtension>
            <ns3:hr>178</ns3:hr>
            <ns3:cad>85</ns3:cad>
          </ns3:TrackPointExtension>
        </extensions>
      </trkpt>
      <trkpt lat="45.69723210297524929046630859375" lon="126.59624822437763214111328125">
        <ele>151.1999969482421875</ele>
        <time>2026-08-11T23:00:10.000Z</time>
        <extensions>
          <ns3:TrackPointExtension>
            <ns3:hr>177</ns3:hr>
            <ns3:cad>84</ns3:cad>
          </ns3:TrackPointExtension>
        </extensions>
      </trkpt>
      <trkpt lat="45.69723553955554962158203125" lon="126.5962678380310535430908203125">
        <ele>151.1999969482421875</ele>
        <time>2026-08-11T23:00:11.000Z</time>
        <extensions>
          <ns3:TrackPointExtension>
            <ns3:hr>177</ns3:hr>
            <ns3:cad>84</ns3:cad>
          </ns3:TrackPointExtension>
        </extensions>
      </trkpt>
      <trkpt lat="45.69724467583000659942626953125" lon="126.5962963365018367767333984375">
        <ele>151.1999969482421875</ele>
        <time>2026-08-11T23:00:12.000Z</time>
        <extensions>
          <ns3:TrackPointExtension>
            <ns3:hr>177</ns3:hr>
            <ns3:cad>83</ns3:cad>
          </ns3:TrackPointExtension>
        </extensions>
      </trkpt>
      <trkpt lat="45.69725490175187587738037109375" lon="126.59631125628948211669921875">
        <ele>151.1999969482421875</ele>
        <time>2026-08-11T23:00:13.000Z</time>
        <extensions>
          <ns3:TrackPointExtension>
            <ns3:hr>177</ns3:hr>
            <ns3:cad>83</ns3:cad>
          </ns3:TrackPointExtension>
        </extensions>
      </trkpt>
      <trkpt lat="45.69726965390145778656005859375" lon="126.5963291935622692108154296875">
        <ele>151.1999969482421875</ele>
        <time>2026-08-11T23:00:14.000Z</time>
        <extensions>
          <ns3:TrackPointExtension>
            <ns3:hr>177</ns3:hr>
            <ns3:cad>84</ns3:cad>
          </ns3:TrackPointExtension>
        </extensions>
      </trkpt>
      <trkpt lat="45.69728474132716655731201171875" lon="126.59634268842637538909912109375">
        <ele>151.1999969482421875</ele>
        <time>2026-08-11T23:00:15.000Z</time>
        <extensions>
          <ns3:TrackPointExtension>
            <ns3:hr>177</ns3:hr>
            <ns3:cad>84</ns3:cad>
          </ns3:TrackPointExtension>
        </extensions>
      </trkpt>
      <trkpt lat="45.697301588952541351318359375" lon="126.59635425545275211334228515625">
        <ele>151</ele>
        <time>2026-08-11T23:00:16.000Z</time>
        <extensions>
          <ns3:TrackPointExtension>
            <ns3:hr>176</ns3:hr>
            <ns3:cad>84</ns3:cad>
          </ns3:TrackPointExtension>
        </extensions>
      </trkpt>
      <trkpt lat="45.697321705520153045654296875" lon="126.59636213444173336029052734375">
        <ele>151</ele>
        <time>2026-08-11T23:00:17.000Z</time>
        <extensions>
          <ns3:TrackPointExtension>
            <ns3:hr>175</ns3:hr>
            <ns3:cad>84</ns3:cad>
          </ns3:TrackPointExtension>
        </extensions>
      </trkpt>
      <trkpt lat="45.697341822087764739990234375" lon="126.59636548720300197601318359375">
        <ele>151</ele>
        <time>2026-08-11T23:00:18.000Z</time>
        <extensions>
          <ns3:TrackPointExtension>
            <ns3:hr>175</ns3:hr>
            <ns3:cad>84</ns3:cad>
          </ns3:TrackPointExtension>
        </extensions>
      </trkpt>
      <trkpt lat="45.69736503995954990386962890625" lon="126.5963747911155223846435546875">
        <ele>150.8000030517578125</ele>
        <time>2026-08-11T23:00:19.000Z</time>
        <extensions>
          <ns3:TrackPointExtension>
            <ns3:hr>174</ns3:hr>
            <ns3:cad>84</ns3:cad>
          </ns3:TrackPointExtension>
        </extensions>
      </trkpt>
      <trkpt lat="45.69738574326038360595703125" lon="126.59638099372386932373046875">
        <ele>150.8000030517578125</ele>
        <time>2026-08-11T23:00:20.000Z</time>
        <extensions>
          <ns3:TrackPointExtension>
            <ns3:hr>174</ns3:hr>
            <ns3:cad>85</ns3:cad>
          </ns3:TrackPointExtension>
        </extensions>
      </trkpt>
      <trkpt lat="45.69741298444569110870361328125" lon="126.59638694487512111663818359375">
        <ele>150.8000030517578125</ele>
        <time>2026-08-11T23:00:21.000Z</time>
        <extensions>
          <ns3:TrackPointExtension>
            <ns3:hr>174</ns3:hr>
            <ns3:cad>86</ns3:cad>
          </ns3:TrackPointExtension>
        </extensions>
      </trkpt>
      <trkpt lat="45.69743930362164974212646484375" lon="126.5963898785412311553955078125">
        <ele>150.8000030517578125</ele>
        <time>2026-08-11T23:00:22.000Z</time>
        <extensions>
          <ns3:TrackPointExtension>
            <ns3:hr>174</ns3:hr>
            <ns3:cad>86</ns3:cad>
          </ns3:TrackPointExtension>
        </extensions>
      </trkpt>
      <trkpt lat="45.6974673829972743988037109375" lon="126.59639398567378520965576171875">
        <ele>150.8000030517578125</ele>
        <time>2026-08-11T23:00:23.000Z</time>
        <extensions>
          <ns3:TrackPointExtension>
            <ns3:hr>174</ns3:hr>
            <ns3:cad>86</ns3:cad>
          </ns3:TrackPointExtension>
        </extensions>
      </trkpt>
      <trkpt lat="45.697489678859710693359375" lon="126.5963928960263729095458984375">
        <ele>150.8000030517578125</ele>
        <time>2026-08-11T23:00:24.000Z</time>
        <extensions>
          <ns3:TrackPointExtension>
            <ns3:hr>174</ns3:hr>
            <ns3:cad>86</ns3:cad>
          </ns3:TrackPointExtension>
        </extensions>
      </trkpt>
      <trkpt lat="45.6975173391401767730712890625" lon="126.5963982604444026947021484375">
        <ele>150.8000030517578125</ele>
        <time>2026-08-11T23:00:25.000Z</time>
        <extensions>
          <ns3:TrackPointExtension>
            <ns3:hr>174</ns3:hr>
            <ns3:cad>87</ns3:cad>
          </ns3:TrackPointExtension>
        </extensions>
      </trkpt>
      <trkpt lat="45.6975414790213108062744140625" lon="126.596398763358592987060546875">
        <ele>150.8000030517578125</ele>
        <time>2026-08-11T23:00:26.000Z</time>
        <extensions>
          <ns3:TrackPointExtension>
            <ns3:hr>175</ns3:hr>
            <ns3:cad>87</ns3:cad>
          </ns3:TrackPointExtension>
        </extensions>
      </trkpt>
      <trkpt lat="45.6975679658353328704833984375" lon="126.59640387631952762603759765625">
        <ele>150.8000030517578125</ele>
        <time>2026-08-11T23:00:27.000Z</time>
        <extensions>
          <ns3:TrackPointExtension>
            <ns3:hr>174</ns3:hr>
            <ns3:cad>87</ns3:cad>
          </ns3:TrackPointExtension>
        </extensions>
      </trkpt>
      <trkpt lat="45.69759420119225978851318359375" lon="126.5964083187282085418701171875">
        <ele>150.600006103515625</ele>
        <time>2026-08-11T23:00:28.000Z</time>
        <extensions>
          <ns3:TrackPointExtension>
            <ns3:hr>175</ns3:hr>
            <ns3:cad>87</ns3:cad>
          </ns3:TrackPointExtension>
        </extensions>
      </trkpt>
      <trkpt lat="45.6976179219782352447509765625" lon="126.59640706144273281097412109375">
        <ele>150.600006103515625</ele>
        <time>2026-08-11T23:00:29.000Z</time>
        <extensions>
          <ns3:TrackPointExtension>
            <ns3:hr>175</ns3:hr>
            <ns3:cad>87</ns3:cad>
          </ns3:TrackPointExtension>
        </extensions>
      </trkpt>
      <trkpt lat="45.69764533080160617828369140625" lon="126.59641108475625514984130859375">
        <ele>150.600006103515625</ele>
        <time>2026-08-11T23:00:30.000Z</time>
        <extensions>
          <ns3:TrackPointExtension>
            <ns3:hr>175</ns3:hr>
            <ns3:cad>87</ns3:cad>
          </ns3:TrackPointExtension>
        </extensions>
      </trkpt>
      <trkpt lat="45.69766326807439327239990234375" lon="126.59640706144273281097412109375">
        <ele>150.600006103515625</ele>
        <time>2026-08-11T23:00:31.000Z</time>
        <extensions>
          <ns3:TrackPointExtension>
            <ns3:hr>176</ns3:hr>
            <ns3:cad>87</ns3:cad>
          </ns3:TrackPointExtension>
        </extensions>
      </trkpt>
      <trkpt lat="45.69769444875419139862060546875" lon="126.5964066423475742340087890625">
        <ele>150.600006103515625</ele>
        <time>2026-08-11T23:00:32.000Z</time>
        <extensions>
          <ns3:TrackPointExtension>
            <ns3:hr>176</ns3:hr>
            <ns3:cad>87</ns3:cad>
          </ns3:TrackPointExtension>
        </extensions>
      </trkpt>
      <trkpt lat="45.697715319693088531494140625" lon="126.5964096598327159881591796875">
        <ele>150.600006103515625</ele>
        <time>2026-08-11T23:00:33.000Z</time>
        <extensions>
          <ns3:TrackPointExtension>
            <ns3:hr>177</ns3:hr>
            <ns3:cad>86</ns3:cad>
          </ns3:TrackPointExtension>
        </extensions>
      </trkpt>
      <trkpt lat="45.697747506201267242431640625" lon="126.59641661681234836578369140625">
        <ele>150.600006103515625</ele>
        <time>2026-08-11T23:00:34.000Z</time>
        <extensions>
          <ns3:TrackPointExtension>
            <ns3:hr>177</ns3:hr>
            <ns3:cad>86</ns3:cad>
          </ns3:TrackPointExtension>
        </extensions>
      </trkpt>
      <trkpt lat="45.69776854477822780609130859375" lon="126.5964178740978240966796875">
        <ele>150.600006103515625</ele>
        <time>2026-08-11T23:00:35.000Z</time>
        <extensions>
          <ns3:TrackPointExtension>
            <ns3:hr>177</ns3:hr>
            <ns3:cad>86</ns3:cad>
          </ns3:TrackPointExtension>
        </extensions>
      </trkpt>
      <trkpt lat="45.6977969594299793243408203125" lon="126.5964213944971561431884765625">
        <ele>150.600006103515625</ele>
        <time>2026-08-11T23:00:36.000Z</time>
        <extensions>
          <ns3:TrackPointExtension>
            <ns3:hr>177</ns3:hr>
            <ns3:cad>88</ns3:cad>
          </ns3:TrackPointExtension>
        </extensions>
      </trkpt>
      <trkpt lat="45.6978187523782253265380859375" lon="126.59642332233488559722900390625">
        <ele>150.600006103515625</ele>
        <time>2026-08-11T23:00:37.000Z</time>
        <extensions>
          <ns3:TrackPointExtension>
            <ns3:hr>177</ns3:hr>
            <ns3:cad>88</ns3:cad>
          </ns3:TrackPointExtension>
        </extensions>
      </trkpt>
      <trkpt lat="45.6978428922593593597412109375" lon="126.59643120132386684417724609375">
        <ele>150.600006103515625</ele>
        <time>2026-08-11T23:00:38.000Z</time>
        <extensions>
          <ns3:TrackPointExtension>
            <ns3:hr>177</ns3:hr>
            <ns3:cad>88</ns3:cad>
          </ns3:TrackPointExtension>
        </extensions>
      </trkpt>
      <trkpt lat="45.69787030108273029327392578125" lon="126.5964341349899768829345703125">
        <ele>150.600006103515625</ele>
        <time>2026-08-11T23:00:39.000Z</time>
        <extensions>
          <ns3:TrackPointExtension>
            <ns3:hr>176</ns3:hr>
            <ns3:cad>88</ns3:cad>
          </ns3:TrackPointExtension>
        </extensions>
      </trkpt>
      <trkpt lat="45.69789402186870574951171875" lon="126.5964374877512454986572265625">
        <ele>150.600006103515625</ele>
        <time>2026-08-11T23:00:40.000Z</time>
        <extensions>
          <ns3:TrackPointExtension>
            <ns3:hr>177</ns3:hr>
            <ns3:cad>87</ns3:cad>
          </ns3:TrackPointExtension>
        </extensions>
      </trkpt>
      <trkpt lat="45.697923190891742706298828125" lon="126.59645098261535167694091796875">
        <ele>150.600006103515625</ele>
        <time>2026-08-11T23:00:41.000Z</time>
        <extensions>
          <ns3:TrackPointExtension>
            <ns3:hr>177</ns3:hr>
            <ns3:cad>87</ns3:cad>
          </ns3:TrackPointExtension>
        </extensions>
      </trkpt>
      <trkpt lat="45.69794825278222560882568359375" lon="126.5964579395949840545654296875">
        <ele>150.600006103515625</ele>
        <time>2026-08-11T23:00:42.000Z</time>
        <extensions>
          <ns3:TrackPointExtension>
            <ns3:hr>176</ns3:hr>
            <ns3:cad>87</ns3:cad>
          </ns3:TrackPointExtension>
        </extensions>
      </trkpt>
      <trkpt lat="45.69798295386135578155517578125" lon="126.59647277556359767913818359375">
        <ele>150.600006103515625</ele>
        <time>2026-08-11T23:00:43.000Z</time>
        <extensions>
          <ns3:TrackPointExtension>
            <ns3:hr>176</ns3:hr>
            <ns3:cad>87</ns3:cad>
          </ns3:TrackPointExtension>
        </extensions>
      </trkpt>
      <trkpt lat="45.69800860248506069183349609375" lon="126.59648166038095951080322265625">
        <ele>150.600006103515625</ele>
        <time>2026-08-11T23:00:44.000Z</time>
        <extensions>
          <ns3:TrackPointExtension>
            <ns3:hr>176</ns3:hr>
            <ns3:cad>87</ns3:cad>
          </ns3:TrackPointExtension>
        </extensions>
      </trkpt>
      <trkpt lat="45.69803978316485881805419921875" lon="126.5964911319315433502197265625">
        <ele>150.600006103515625</ele>
        <time>2026-08-11T23:00:45.000Z</time>
        <extensions>
          <ns3:TrackPointExtension>
            <ns3:hr>176</ns3:hr>
            <ns3:cad>88</ns3:cad>
          </ns3:TrackPointExtension>
        </extensions>
      </trkpt>
      <trkpt lat="45.6980688683688640594482421875" lon="126.5965028665959835052490234375">
        <ele>150.600006103515625</ele>
        <time>2026-08-11T23:00:46.000Z</time>
        <extensions>
          <ns3:TrackPointExtension>
            <ns3:hr>176</ns3:hr>
            <ns3:cad>88</ns3:cad>
          </ns3:TrackPointExtension>
        </extensions>
      </trkpt>
      <trkpt lat="45.69809962995350360870361328125" lon="126.59650730900466442108154296875">
        <ele>150.600006103515625</ele>
        <time>2026-08-11T23:00:47.000Z</time>
        <extensions>
          <ns3:TrackPointExtension>
            <ns3:hr>176</ns3:hr>
            <ns3:cad>87</ns3:cad>
          </ns3:TrackPointExtension>
        </extensions>
      </trkpt>
      <trkpt lat="45.6981245242059230804443359375" lon="126.596514098346233367919921875">
        <ele>150.399993896484375</ele>
        <time>2026-08-11T23:00:48.000Z</time>
        <extensions>
          <ns3:TrackPointExtension>
            <ns3:hr>177</ns3:hr>
            <ns3:cad>87</ns3:cad>
          </ns3:TrackPointExtension>
        </extensions>
      </trkpt>
      <trkpt lat="45.6981546990573406219482421875" lon="126.5965203009545803070068359375">
        <ele>150.399993896484375</ele>
        <time>2026-08-11T23:00:49.000Z</time>
        <extensions>
          <ns3:TrackPointExtension>
            <ns3:hr>176</ns3:hr>
            <ns3:cad>87</ns3:cad>
          </ns3:TrackPointExtension>
        </extensions>
      </trkpt>
      <trkpt lat="45.69818093441426753997802734375" lon="126.596530862152576446533203125">
        <ele>150.399993896484375</ele>
        <time>2026-08-11T23:00:50.000Z</time>
        <extensions>
          <ns3:TrackPointExtension>
            <ns3:hr>176</ns3:hr>
            <ns3:cad>87</ns3:cad>
          </ns3:TrackPointExtension>
        </extensions>
      </trkpt>
      <trkpt lat="45.69820373319089412689208984375" lon="126.59654083661735057830810546875">
        <ele>150.399993896484375</ele>
        <time>2026-08-11T23:00:51.000Z</time>
        <extensions>
          <ns3:TrackPointExtension>
            <ns3:hr>177</ns3:hr>
            <ns3:cad>87</ns3:cad>
          </ns3:TrackPointExtension>
        </extensions>
      </trkpt>
      <trkpt lat="45.6982271187007427215576171875" lon="126.596555002033710479736328125">
        <ele>150.399993896484375</ele>
        <time>2026-08-11T23:00:52.000Z</time>
        <extensions>
          <ns3:TrackPointExtension>
            <ns3:hr>177</ns3:hr>
            <ns3:cad>87</ns3:cad>
          </ns3:TrackPointExtension>
        </extensions>
      </trkpt>
      <trkpt lat="45.6982515938580036163330078125" lon="126.59655961208045482635498046875">
        <ele>150.399993896484375</ele>
        <time>2026-08-11T23:00:53.000Z</time>
        <extensions>
          <ns3:TrackPointExtension>
            <ns3:hr>177</ns3:hr>
            <ns3:cad>87</ns3:cad>
          </ns3:TrackPointExtension>
        </extensions>
      </trkpt>
      <trkpt lat="45.6982780806720256805419921875" lon="126.59657067619264125823974609375">
        <ele>150.600006103515625</ele>
        <time>2026-08-11T23:00:54.000Z</time>
        <extensions>
          <ns3:TrackPointExtension>
            <ns3:hr>177</ns3:hr>
            <ns3:cad>87</ns3:cad>
          </ns3:TrackPointExtension>
        </extensions>
      </trkpt>
      <trkpt lat="45.69829844869673252105712890625" lon="126.59657545387744903564453125">
        <ele>150.600006103515625</ele>
        <time>2026-08-11T23:00:55.000Z</time>
        <extensions>
          <ns3:TrackPointExtension>
            <ns3:hr>177</ns3:hr>
            <ns3:cad>87</ns3:cad>
          </ns3:TrackPointExtension>
        </extensions>
      </trkpt>
      <trkpt lat="45.69832585752010345458984375" lon="126.596591882407665252685546875">
        <ele>150.600006103515625</ele>
        <time>2026-08-11T23:00:56.000Z</time>
        <extensions>
          <ns3:TrackPointExtension>
            <ns3:hr>177</ns3:hr>
            <ns3:cad>87</ns3:cad>
          </ns3:TrackPointExtension>
        </extensions>
      </trkpt>
      <trkpt lat="45.6983461417257785797119140625" lon="126.59660118632018566131591796875">
        <ele>150.600006103515625</ele>
        <time>2026-08-11T23:00:57.000Z</time>
        <extensions>
          <ns3:TrackPointExtension>
            <ns3:hr>176</ns3:hr>
            <ns3:cad>87</ns3:cad>
          </ns3:TrackPointExtension>
        </extensions>
      </trkpt>
      <trkpt lat="45.6983761489391326904296875" lon="126.596611328423023223876953125">
        <ele>150.600006103515625</ele>
        <time>2026-08-11T23:00:58.000Z</time>
        <extensions>
          <ns3:TrackPointExtension>
            <ns3:hr>177</ns3:hr>
            <ns3:cad>87</ns3:cad>
          </ns3:TrackPointExtension>
        </extensions>
      </trkpt>
      <trkpt lat="45.69839685223996639251708984375" lon="126.5966161899268627166748046875">
        <ele>150.600006103515625</ele>
        <time>2026-08-11T23:00:59.000Z</time>
        <extensions>
          <ns3:TrackPointExtension>
            <ns3:hr>177</ns3:hr>
            <ns3:cad>87</ns3:cad>
          </ns3:TrackPointExtension>
        </extensions>
      </trkpt>
      <trkpt lat="45.69842602126300334930419921875" lon="126.59662130288779735565185546875">
        <ele>150.600006103515625</ele>
        <time>2026-08-11T23:01:00.000Z</time>
        <extensions>
          <ns3:TrackPointExtension>
            <ns3:hr>177</ns3:hr>
            <ns3:cad>87</ns3:cad>
          </ns3:TrackPointExtension>
        </extensions>
      </trkpt>
      <trkpt lat="45.69844630546867847442626953125" lon="126.59662566147744655609130859375">
        <ele>150.600006103515625</ele>
        <time>2026-08-11T23:01:01.000Z</time>
        <extensions>
          <ns3:TrackPointExtension>
            <ns3:hr>177</ns3:hr>
            <ns3:cad>88</ns3:cad>
          </ns3:TrackPointExtension>
        </extensions>
      </trkpt>
      <trkpt lat="45.69847027771174907684326171875" lon="126.59663035534322261810302734375">
        <ele>150.600006103515625</ele>
        <time>2026-08-11T23:01:02.000Z</time>
        <extensions>
          <ns3:TrackPointExtension>
            <ns3:hr>176</ns3:hr>
            <ns3:cad>89</ns3:cad>
          </ns3:TrackPointExtension>
        </extensions>
      </trkpt>
      <trkpt lat="45.69849542342126369476318359375" lon="126.59664091654121875762939453125">
        <ele>150.600006103515625</ele>
        <time>2026-08-11T23:01:03.000Z</time>
        <extensions>
          <ns3:TrackPointExtension>
            <ns3:hr>177</ns3:hr>
            <ns3:cad>89</ns3:cad>
          </ns3:TrackPointExtension>
        </extensions>
      </trkpt>
      <trkpt lat="45.6985194794833660125732421875" lon="126.59664527513086795806884765625">
        <ele>150.600006103515625</ele>
        <time>2026-08-11T23:01:04.000Z</time>
        <extensions>
          <ns3:TrackPointExtension>
            <ns3:hr>177</ns3:hr>
            <ns3:cad>88</ns3:cad>
          </ns3:TrackPointExtension>
        </extensions>
      </trkpt>
      <trkpt lat="45.69854236207902431488037109375" lon="126.5966483764350414276123046875">
        <ele>150.600006103515625</ele>
        <time>2026-08-11T23:01:05.000Z</time>
        <extensions>
          <ns3:TrackPointExtension>
            <ns3:hr>177</ns3:hr>
            <ns3:cad>88</ns3:cad>
          </ns3:TrackPointExtension>
        </extensions>
      </trkpt>
      <trkpt lat="45.69856449030339717864990234375" lon="126.59665382467210292816162109375">
        <ele>150.600006103515625</ele>
        <time>2026-08-11T23:01:06.000Z</time>
        <extensions>
          <ns3:TrackPointExtension>
            <ns3:hr>177</ns3:hr>
            <ns3:cad>88</ns3:cad>
          </ns3:TrackPointExtension>
        </extensions>
      </trkpt>
      <trkpt lat="45.69858863018453121185302734375" lon="126.5966619551181793212890625">
        <ele>150.600006103515625</ele>
        <time>2026-08-11T23:01:07.000Z</time>
        <extensions>
          <ns3:TrackPointExtension>
            <ns3:hr>177</ns3:hr>
            <ns3:cad>88</ns3:cad>
          </ns3:TrackPointExtension>
        </extensions>
      </trkpt>
      <trkpt lat="45.69861193187534809112548828125" lon="126.596665643155574798583984375">
        <ele>150.600006103515625</ele>
        <time>2026-08-11T23:01:08.000Z</time>
        <extensions>
          <ns3:TrackPointExtension>
            <ns3:hr>177</ns3:hr>
            <ns3:cad>88</ns3:cad>
          </ns3:TrackPointExtension>
        </extensions>
      </trkpt>
      <trkpt lat="45.69863741286098957061767578125" lon="126.59667863510549068450927734375">
        <ele>150.600006103515625</ele>
        <time>2026-08-11T23:01:09.000Z</time>
        <extensions>
          <ns3:TrackPointExtension>
            <ns3:hr>177</ns3:hr>
            <ns3:cad>88</ns3:cad>
          </ns3:TrackPointExtension>
        </extensions>
      </trkpt>
      <trkpt lat="45.6986589543521404266357421875" lon="126.596679389476776123046875">
        <ele>150.600006103515625</ele>
        <time>2026-08-11T23:01:10.000Z</time>
        <extensions>
          <ns3:TrackPointExtension>
            <ns3:hr>177</ns3:hr>
            <ns3:cad>87</ns3:cad>
          </ns3:TrackPointExtension>
        </extensions>
      </trkpt>
      <trkpt lat="45.69868720136582851409912109375" lon="126.5966889448463916778564453125">
        <ele>150.600006103515625</ele>
        <time>2026-08-11T23:01:11.000Z</time>
        <extensions>
          <ns3:TrackPointExtension>
            <ns3:hr>177</ns3:hr>
            <ns3:cad>87</ns3:cad>
          </ns3:TrackPointExtension>
        </extensions>
      </trkpt>
      <trkpt lat="45.69871117360889911651611328125" lon="126.59669481217861175537109375">
        <ele>150.600006103515625</ele>
        <time>2026-08-11T23:01:12.000Z</time>
        <extensions>
          <ns3:TrackPointExtension>
            <ns3:hr>178</ns3:hr>
            <ns3:cad>87</ns3:cad>
          </ns3:TrackPointExtension>
        </extensions>
      </trkpt>
      <trkpt lat="45.69874025881290435791015625" lon="126.59670461900532245635986328125">
        <ele>150.600006103515625</ele>
        <time>2026-08-11T23:01:13.000Z</time>
        <extensions>
          <ns3:TrackPointExtension>
            <ns3:hr>178</ns3:hr>
            <ns3:cad>87</ns3:cad>
          </ns3:TrackPointExtension>
        </extensions>
      </trkpt>
      <trkpt lat="45.6987655721604824066162109375" lon="126.59671383909881114959716796875">
        <ele>150.8000030517578125</ele>
        <time>2026-08-11T23:01:14.000Z</time>
        <extensions>
          <ns3:TrackPointExtension>
            <ns3:hr>178</ns3:hr>
            <ns3:cad>87</ns3:cad>
          </ns3:TrackPointExtension>
        </extensions>
      </trkpt>
      <trkpt lat="45.6987923942506313323974609375" lon="126.59672272391617298126220703125">
        <ele>150.8000030517578125</ele>
        <time>2026-08-11T23:01:15.000Z</time>
        <extensions>
          <ns3:TrackPointExtension>
            <ns3:hr>178</ns3:hr>
            <ns3:cad>87</ns3:cad>
          </ns3:TrackPointExtension>
        </extensions>
      </trkpt>
      <trkpt lat="45.6988185457885265350341796875" lon="126.596737392246723175048828125">
        <ele>150.8000030517578125</ele>
        <time>2026-08-11T23:01:16.000Z</time>
        <extensions>
          <ns3:TrackPointExtension>
            <ns3:hr>177</ns3:hr>
            <ns3:cad>87</ns3:cad>
          </ns3:TrackPointExtension>
        </extensions>
      </trkpt>
      <trkpt lat="45.69884226657450199127197265625" lon="126.59674518741667270660400390625">
        <ele>151</ele>
        <time>2026-08-11T23:01:17.000Z</time>
        <extensions>
          <ns3:TrackPointExtension>
            <ns3:hr>178</ns3:hr>
            <ns3:cad>87</ns3:cad>
          </ns3:TrackPointExtension>
        </extensions>
      </trkpt>
      <trkpt lat="45.698865987360477447509765625" lon="126.59675558097660541534423828125">
        <ele>151</ele>
        <time>2026-08-11T23:01:18.000Z</time>
        <extensions>
          <ns3:TrackPointExtension>
            <ns3:hr>178</ns3:hr>
            <ns3:cad>87</ns3:cad>
          </ns3:TrackPointExtension>
        </extensions>
      </trkpt>
      <trkpt lat="45.69888970814645290374755859375" lon="126.59676320850849151611328125">
        <ele>150.8000030517578125</ele>
        <time>2026-08-11T23:01:19.000Z</time>
        <extensions>
          <ns3:TrackPointExtension>
            <ns3:hr>178</ns3:hr>
            <ns3:cad>87</ns3:cad>
          </ns3:TrackPointExtension>
        </extensions>
      </trkpt>
      <trkpt lat="45.69890923798084259033203125" lon="126.59677393734455108642578125">
        <ele>150.8000030517578125</ele>
        <time>2026-08-11T23:01:20.000Z</time>
        <extensions>
          <ns3:TrackPointExtension>
            <ns3:hr>179</ns3:hr>
            <ns3:cad>88</ns3:cad>
          </ns3:TrackPointExtension>
        </extensions>
      </trkpt>
      <trkpt lat="45.6989322043955326080322265625" lon="126.59677972085773944854736328125">
        <ele>150.8000030517578125</ele>
        <time>2026-08-11T23:01:21.000Z</time>
        <extensions>
          <ns3:TrackPointExtension>
            <ns3:hr>179</ns3:hr>
            <ns3:cad>88</ns3:cad>
          </ns3:TrackPointExtension>
        </extensions>
      </trkpt>
      <trkpt lat="45.698955841362476348876953125" lon="126.59679028205573558807373046875">
        <ele>150.8000030517578125</ele>
        <time>2026-08-11T23:01:22.000Z</time>
        <extensions>
          <ns3:TrackPointExtension>
            <ns3:hr>179</ns3:hr>
            <ns3:cad>88</ns3:cad>
          </ns3:TrackPointExtension>
        </extensions>
      </trkpt>
      <trkpt lat="45.698982663452625274658203125" lon="126.5967905335128307342529296875">
        <ele>150.8000030517578125</ele>
        <time>2026-08-11T23:01:23.000Z</time>
        <extensions>
          <ns3:TrackPointExtension>
            <ns3:hr>180</ns3:hr>
            <ns3:cad>88</ns3:cad>
          </ns3:TrackPointExtension>
        </extensions>
      </trkpt>
      <trkpt lat="45.69900889880955219268798828125" lon="126.59680235199630260467529296875">
        <ele>150.8000030517578125</ele>
        <time>2026-08-11T23:01:24.000Z</time>
        <extensions>
          <ns3:TrackPointExtension>
            <ns3:hr>180</ns3:hr>
            <ns3:cad>88</ns3:cad>
          </ns3:TrackPointExtension>
        </extensions>
      </trkpt>
      <trkpt lat="45.699032954871654510498046875" lon="126.5968066267669200897216796875">
        <ele>151</ele>
        <time>2026-08-11T23:01:25.000Z</time>
        <extensions>
          <ns3:TrackPointExtension>
            <ns3:hr>180</ns3:hr>
            <ns3:cad>89</ns3:cad>
          </ns3:TrackPointExtension>
        </extensions>
      </trkpt>
      <trkpt lat="45.69906304590404033660888671875" lon="126.59682364203035831451416015625">
        <ele>151</ele>
        <time>2026-08-11T23:01:26.000Z</time>
        <extensions>
          <ns3:TrackPointExtension>
            <ns3:hr>181</ns3:hr>
            <ns3:cad>89</ns3:cad>
          </ns3:TrackPointExtension>
        </extensions>
      </trkpt>
      <trkpt lat="45.69908400066196918487548828125" lon="126.59683235920965671539306640625">
        <ele>151</ele>
        <time>2026-08-11T23:01:27.000Z</time>
        <extensions>
          <ns3:TrackPointExtension>
            <ns3:hr>181</ns3:hr>
            <ns3:cad>89</ns3:cad>
          </ns3:TrackPointExtension>
        </extensions>
      </trkpt>
      <trkpt lat="45.6991139240562915802001953125" lon="126.5968512184917926788330078125">
        <ele>151</ele>
        <time>2026-08-11T23:01:28.000Z</time>
        <extensions>
          <ns3:TrackPointExtension>
            <ns3:hr>181</ns3:hr>
            <ns3:cad>89</ns3:cad>
          </ns3:TrackPointExtension>
        </extensions>
      </trkpt>
      <trkpt lat="45.69913730956614017486572265625" lon="126.5968599356710910797119140625">
        <ele>151</ele>
        <time>2026-08-11T23:01:29.000Z</time>
        <extensions>
          <ns3:TrackPointExtension>
            <ns3:hr>181</ns3:hr>
            <ns3:cad>89</ns3:cad>
          </ns3:TrackPointExtension>
        </extensions>
      </trkpt>
      <trkpt lat="45.699165053665637969970703125" lon="126.59687628038227558135986328125">
        <ele>151</ele>
        <time>2026-08-11T23:01:30.000Z</time>
        <extensions>
          <ns3:TrackPointExtension>
            <ns3:hr>181</ns3:hr>
            <ns3:cad>89</ns3:cad>
          </ns3:TrackPointExtension>
        </extensions>
      </trkpt>
      <trkpt lat="45.699187852442264556884765625" lon="126.59688583575189113616943359375">
        <ele>151</ele>
        <time>2026-08-11T23:01:31.000Z</time>
        <extensions>
          <ns3:TrackPointExtension>
            <ns3:hr>180</ns3:hr>
            <ns3:cad>88</ns3:cad>
          </ns3:TrackPointExtension>
        </extensions>
      </trkpt>
      <trkpt lat="45.6992151774466037750244140625" lon="126.59689656458795070648193359375">
        <ele>151</ele>
        <time>2026-08-11T23:01:32.000Z</time>
        <extensions>
          <ns3:TrackPointExtension>
            <ns3:hr>180</ns3:hr>
            <ns3:cad>88</ns3:cad>
          </ns3:TrackPointExtension>
        </extensions>
      </trkpt>
      <trkpt lat="45.69923806004226207733154296875" lon="126.59690461121499538421630859375">
        <ele>151</ele>
        <time>2026-08-11T23:01:33.000Z</time>
        <extensions>
          <ns3:TrackPointExtension>
            <ns3:hr>180</ns3:hr>
            <ns3:cad>88</ns3:cad>
          </ns3:TrackPointExtension>
        </extensions>
      </trkpt>
      <trkpt lat="45.69926186464726924896240234375" lon="126.5969115681946277618408203125">
        <ele>151.1999969482421875</ele>
        <time>2026-08-11T23:01:34.000Z</time>
        <extensions>
          <ns3:TrackPointExtension>
            <ns3:hr>180</ns3:hr>
            <ns3:cad>88</ns3:cad>
          </ns3:TrackPointExtension>
        </extensions>
      </trkpt>
      <trkpt lat="45.69928650744259357452392578125" lon="126.5969221293926239013671875">
        <ele>151.1999969482421875</ele>
        <time>2026-08-11T23:01:35.000Z</time>
        <extensions>
          <ns3:TrackPointExtension>
            <ns3:hr>180</ns3:hr>
            <ns3:cad>88</ns3:cad>
          </ns3:TrackPointExtension>
        </extensions>
      </trkpt>
      <trkpt lat="45.6993067078292369842529296875" lon="126.59692707471549510955810546875">
        <ele>151.1999969482421875</ele>
        <time>2026-08-11T23:01:36.000Z</time>
        <extensions>
          <ns3:TrackPointExtension>
            <ns3:hr>180</ns3:hr>
            <ns3:cad>87</ns3:cad>
          </ns3:TrackPointExtension>
        </extensions>
      </trkpt>
      <trkpt lat="45.69933436810970306396484375" lon="126.596938557922840118408203125">
        <ele>151.399993896484375</ele>
        <time>2026-08-11T23:01:37.000Z</time>
        <extensions>
          <ns3:TrackPointExtension>
            <ns3:hr>180</ns3:hr>
            <ns3:cad>87</ns3:cad>
          </ns3:TrackPointExtension>
        </extensions>
      </trkpt>
      <trkpt lat="45.69935792125761508941650390625" lon="126.5969404019415378570556640625">
        <ele>151.399993896484375</ele>
        <time>2026-08-11T23:01:38.000Z</time>
        <extensions>
          <ns3:TrackPointExtension>
            <ns3:hr>180</ns3:hr>
            <ns3:cad>87</ns3:cad>
          </ns3:TrackPointExtension>
        </extensions>
      </trkpt>
      <trkpt lat="45.69938641972839832305908203125" lon="126.596949957311153411865234375">
        <ele>151.399993896484375</ele>
        <time>2026-08-11T23:01:39.000Z</time>
        <extensions>
          <ns3:TrackPointExtension>
            <ns3:hr>180</ns3:hr>
            <ns3:cad>87</ns3:cad>
          </ns3:TrackPointExtension>
        </extensions>
      </trkpt>
      <trkpt lat="45.69940921850502490997314453125" lon="126.5969558246433734893798828125">
        <ele>151.399993896484375</ele>
        <time>2026-08-11T23:01:40.000Z</time>
        <extensions>
          <ns3:TrackPointExtension>
            <ns3:hr>180</ns3:hr>
            <ns3:cad>87</ns3:cad>
          </ns3:TrackPointExtension>
        </extensions>
      </trkpt>
      <trkpt lat="45.69943821988999843597412109375" lon="126.596970073878765106201171875">
        <ele>151.399993896484375</ele>
        <time>2026-08-11T23:01:41.000Z</time>
        <extensions>
          <ns3:TrackPointExtension>
            <ns3:hr>180</ns3:hr>
            <ns3:cad>87</ns3:cad>
          </ns3:TrackPointExtension>
        </extensions>
      </trkpt>
      <trkpt lat="45.6994616053998470306396484375" lon="126.59697351045906543731689453125">
        <ele>151.399993896484375</ele>
        <time>2026-08-11T23:01:42.000Z</time>
        <extensions>
          <ns3:TrackPointExtension>
            <ns3:hr>179</ns3:hr>
            <ns3:cad>88</ns3:cad>
          </ns3:TrackPointExtension>
        </extensions>
      </trkpt>
      <trkpt lat="45.69948784075677394866943359375" lon="126.59698423929512500762939453125">
        <ele>151.600006103515625</ele>
        <time>2026-08-11T23:01:43.000Z</time>
        <extensions>
          <ns3:TrackPointExtension>
            <ns3:hr>180</ns3:hr>
            <ns3:cad>88</ns3:cad>
          </ns3:TrackPointExtension>
        </extensions>
      </trkpt>
      <trkpt lat="45.69951005280017852783203125" lon="126.59698943607509136199951171875">
        <ele>151.600006103515625</ele>
        <time>2026-08-11T23:01:44.000Z</time>
        <extensions>
          <ns3:TrackPointExtension>
            <ns3:hr>180</ns3:hr>
            <ns3:cad>89</ns3:cad>
          </ns3:TrackPointExtension>
        </extensions>
      </trkpt>
      <trkpt lat="45.6995375454425811767578125" lon="126.59699681214988231658935546875">
        <ele>151.399993896484375</ele>
        <time>2026-08-11T23:01:45.000Z</time>
        <extensions>
          <ns3:TrackPointExtension>
            <ns3:hr>180</ns3:hr>
            <ns3:cad>89</ns3:cad>
          </ns3:TrackPointExtension>
        </extensions>
      </trkpt>
      <trkpt lat="45.69956076331436634063720703125" lon="126.5970014221966266632080078125">
        <ele>151.399993896484375</ele>
        <time>2026-08-11T23:01:46.000Z</time>
        <extensions>
          <ns3:TrackPointExtension>
            <ns3:hr>180</ns3:hr>
            <ns3:cad>89</ns3:cad>
          </ns3:TrackPointExtension>
        </extensions>
      </trkpt>
      <trkpt lat="45.6995833106338977813720703125" lon="126.5970020927488803863525390625">
        <ele>151.399993896484375</ele>
        <time>2026-08-11T23:01:47.000Z</time>
        <extensions>
          <ns3:TrackPointExtension>
            <ns3:hr>180</ns3:hr>
            <ns3:cad>88</ns3:cad>
          </ns3:TrackPointExtension>
        </extensions>
      </trkpt>
      <trkpt lat="45.6996061094105243682861328125" lon="126.597010977566242218017578125">
        <ele>151.399993896484375</ele>
        <time>2026-08-11T23:01:48.000Z</time>
        <extensions>
          <ns3:TrackPointExtension>
            <ns3:hr>181</ns3:hr>
            <ns3:cad>88</ns3:cad>
          </ns3:TrackPointExtension>
        </extensions>
      </trkpt>
      <trkpt lat="45.699630416929721832275390625" lon="126.59701709635555744171142578125">
        <ele>151.399993896484375</ele>
        <time>2026-08-11T23:01:49.000Z</time>
        <extensions>
          <ns3:TrackPointExtension>
            <ns3:hr>181</ns3:hr>
            <ns3:cad>88</ns3:cad>
          </ns3:TrackPointExtension>
        </extensions>
      </trkpt>
      <trkpt lat="45.69965489208698272705078125" lon="126.59702799282968044281005859375">
        <ele>151.600006103515625</ele>
        <time>2026-08-11T23:01:50.000Z</time>
        <extensions>
          <ns3:TrackPointExtension>
            <ns3:hr>181</ns3:hr>
            <ns3:cad>88</ns3:cad>
          </ns3:TrackPointExtension>
        </extensions>
      </trkpt>
      <trkpt lat="45.69967894814908504486083984375" lon="126.59703922457993030548095703125">
        <ele>151.600006103515625</ele>
        <time>2026-08-11T23:01:51.000Z</time>
        <extensions>
          <ns3:TrackPointExtension>
            <ns3:hr>181</ns3:hr>
            <ns3:cad>88</ns3:cad>
          </ns3:TrackPointExtension>
        </extensions>
      </trkpt>
      <trkpt lat="45.69970694370567798614501953125" lon="126.5970507077872753143310546875">
        <ele>151.600006103515625</ele>
        <time>2026-08-11T23:01:52.000Z</time>
        <extensions>
          <ns3:TrackPointExtension>
            <ns3:hr>181</ns3:hr>
            <ns3:cad>89</ns3:cad>
          </ns3:TrackPointExtension>
        </extensions>
      </trkpt>
      <trkpt lat="45.69973074831068515777587890625" lon="126.597055234014987945556640625">
        <ele>151.600006103515625</ele>
        <time>2026-08-11T23:01:53.000Z</time>
        <extensions>
          <ns3:TrackPointExtension>
            <ns3:hr>181</ns3:hr>
            <ns3:cad>89</ns3:cad>
          </ns3:TrackPointExtension>
        </extensions>
      </trkpt>
      <trkpt lat="45.69976092316210269927978515625" lon="126.59706302918493747711181640625">
        <ele>151.600006103515625</ele>
        <time>2026-08-11T23:01:54.000Z</time>
        <extensions>
          <ns3:TrackPointExtension>
            <ns3:hr>181</ns3:hr>
            <ns3:cad>89</ns3:cad>
          </ns3:TrackPointExtension>
        </extensions>
      </trkpt>
      <trkpt lat="45.6997871585190296173095703125" lon="126.59706202335655689239501953125">
        <ele>151.600006103515625</ele>
        <time>2026-08-11T23:01:55.000Z</time>
        <extensions>
          <ns3:TrackPointExtension>
            <ns3:hr>181</ns3:hr>
            <ns3:cad>89</ns3:cad>
          </ns3:TrackPointExtension>
        </extensions>
      </trkpt>
      <trkpt lat="45.699816830456256866455078125" lon="126.5970681421458721160888671875">
        <ele>151.600006103515625</ele>
        <time>2026-08-11T23:01:56.000Z</time>
        <extensions>
          <ns3:TrackPointExtension>
            <ns3:hr>181</ns3:hr>
            <ns3:cad>89</ns3:cad>
          </ns3:TrackPointExtension>
        </extensions>
      </trkpt>
      <trkpt lat="45.6998418085277080535888671875" lon="126.597074680030345916748046875">
        <ele>151.8000030517578125</ele>
        <time>2026-08-11T23:01:57.000Z</time>
        <extensions>
          <ns3:TrackPointExtension>
            <ns3:hr>181</ns3:hr>
            <ns3:cad>88</ns3:cad>
          </ns3:TrackPointExtension>
        </extensions>
      </trkpt>
      <trkpt lat="45.69986972026526927947998046875" lon="126.59707610495388507843017578125">
        <ele>151.8000030517578125</ele>
        <time>2026-08-11T23:01:58.000Z</time>
        <extensions>
          <ns3:TrackPointExtension>
            <ns3:hr>181</ns3:hr>
            <ns3:cad>88</ns3:cad>
          </ns3:TrackPointExtension>
        </extensions>
      </trkpt>
      <trkpt lat="45.699889920651912689208984375" lon="126.59707543440163135528564453125">
        <ele>151.8000030517578125</ele>
        <time>2026-08-11T23:01:59.000Z</time>
        <extensions>
          <ns3:TrackPointExtension>
            <ns3:hr>181</ns3:hr>
            <ns3:cad>88</ns3:cad>
          </ns3:TrackPointExtension>
        </extensions>
      </trkpt>
      <trkpt lat="45.6999142281711101531982421875" lon="126.59707996062934398651123046875">
        <ele>151.8000030517578125</ele>
        <time>2026-08-11T23:02:00.000Z</time>
        <extensions>
          <ns3:TrackPointExtension>
            <ns3:hr>182</ns3:hr>
            <ns3:cad>88</ns3:cad>
          </ns3:TrackPointExtension>
        </extensions>
      </trkpt>
      <trkpt lat="45.69993786513805389404296875" lon="126.5970835648477077484130859375">
        <ele>151.8000030517578125</ele>
        <time>2026-08-11T23:02:01.000Z</time>
        <extensions>
          <ns3:TrackPointExtension>
            <ns3:hr>182</ns3:hr>
            <ns3:cad>88</ns3:cad>
          </ns3:TrackPointExtension>
        </extensions>
      </trkpt>
      <trkpt lat="45.69995798170566558837890625" lon="126.5970785357058048248291015625">
        <ele>151.8000030517578125</ele>
        <time>2026-08-11T23:02:02.000Z</time>
        <extensions>
          <ns3:TrackPointExtension>
            <ns3:hr>182</ns3:hr>
            <ns3:cad>88</ns3:cad>
          </ns3:TrackPointExtension>
        </extensions>
      </trkpt>
      <trkpt lat="45.69998019374907016754150390625" lon="126.59707929007709026336669921875">
        <ele>151.600006103515625</ele>
        <time>2026-08-11T23:02:03.000Z</time>
        <extensions>
          <ns3:TrackPointExtension>
            <ns3:hr>182</ns3:hr>
            <ns3:cad>88</ns3:cad>
          </ns3:TrackPointExtension>
        </extensions>
      </trkpt>
      <trkpt lat="45.70000299252569675445556640625" lon="126.59707593731582164764404296875">
        <ele>151.600006103515625</ele>
        <time>2026-08-11T23:02:04.000Z</time>
        <extensions>
          <ns3:TrackPointExtension>
            <ns3:hr>182</ns3:hr>
            <ns3:cad>88</ns3:cad>
          </ns3:TrackPointExtension>
        </extensions>
      </trkpt>
      <trkpt lat="45.70002713240683078765869140625" lon="126.5970765240490436553955078125">
        <ele>151.399993896484375</ele>
        <time>2026-08-11T23:02:05.000Z</time>
        <extensions>
          <ns3:TrackPointExtension>
            <ns3:hr>182</ns3:hr>
            <ns3:cad>88</ns3:cad>
          </ns3:TrackPointExtension>
        </extensions>
      </trkpt>
      <trkpt lat="45.70005227811634540557861328125" lon="126.59707367420196533203125">
        <ele>151.399993896484375</ele>
        <time>2026-08-11T23:02:06.000Z</time>
        <extensions>
          <ns3:TrackPointExtension>
            <ns3:hr>182</ns3:hr>
            <ns3:cad>88</ns3:cad>
          </ns3:TrackPointExtension>
        </extensions>
      </trkpt>
      <trkpt lat="45.70008077658712863922119140625" lon="126.59707811661064624786376953125">
        <ele>151.399993896484375</ele>
        <time>2026-08-11T23:02:07.000Z</time>
        <extensions>
          <ns3:TrackPointExtension>
            <ns3:hr>182</ns3:hr>
            <ns3:cad>87</ns3:cad>
          </ns3:TrackPointExtension>
        </extensions>
      </trkpt>
      <trkpt lat="45.70010491646826267242431640625" lon="126.59707509912550449371337890625">
        <ele>151.399993896484375</ele>
        <time>2026-08-11T23:02:08.000Z</time>
        <extensions>
          <ns3:TrackPointExtension>
            <ns3:hr>182</ns3:hr>
            <ns3:cad>87</ns3:cad>
          </ns3:TrackPointExtension>
        </extensions>
      </trkpt>
      <trkpt lat="45.70013106800615787506103515625" lon="126.59707568585872650146484375">
        <ele>151.600006103515625</ele>
        <time>2026-08-11T23:02:09.000Z</time>
        <extensions>
          <ns3:TrackPointExtension>
            <ns3:hr>182</ns3:hr>
            <ns3:cad>87</ns3:cad>
          </ns3:TrackPointExtension>
        </extensions>
      </trkpt>
      <trkpt lat="45.70015244185924530029296875" lon="126.597074680030345916748046875">
        <ele>151.600006103515625</ele>
        <time>2026-08-11T23:02:10.000Z</time>
        <extensions>
          <ns3:TrackPointExtension>
            <ns3:hr>182</ns3:hr>
            <ns3:cad>87</ns3:cad>
          </ns3:TrackPointExtension>
        </extensions>
      </trkpt>
      <trkpt lat="45.70017850957810878753662109375" lon="126.5970751829445362091064453125">
        <ele>151.600006103515625</ele>
        <time>2026-08-11T23:02:11.000Z</time>
        <extensions>
          <ns3:TrackPointExtension>
            <ns3:hr>182</ns3:hr>
            <ns3:cad>87</ns3:cad>
          </ns3:TrackPointExtension>
        </extensions>
      </trkpt>
      <trkpt lat="45.70019912905991077423095703125" lon="126.59707157872617244720458984375">
        <ele>151.600006103515625</ele>
        <time>2026-08-11T23:02:12.000Z</time>
        <extensions>
          <ns3:TrackPointExtension>
            <ns3:hr>181</ns3:hr>
            <ns3:cad>87</ns3:cad>
          </ns3:TrackPointExtension>
        </extensions>
      </trkpt>
      <trkpt lat="45.70022477768361568450927734375" lon="126.5970688126981258392333984375">
        <ele>151.600006103515625</ele>
        <time>2026-08-11T23:02:13.000Z</time>
        <extensions>
          <ns3:TrackPointExtension>
            <ns3:hr>181</ns3:hr>
            <ns3:cad>87</ns3:cad>
          </ns3:TrackPointExtension>
        </extensions>
      </trkpt>
      <trkpt lat="45.700246989727020263671875" lon="126.597070656716823577880859375">
        <ele>151.600006103515625</ele>
        <time>2026-08-11T23:02:14.000Z</time>
        <extensions>
          <ns3:TrackPointExtension>
            <ns3:hr>181</ns3:hr>
            <ns3:cad>88</ns3:cad>
          </ns3:TrackPointExtension>
        </extensions>
      </trkpt>
      <trkpt lat="45.70027272216975688934326171875" lon="126.59707208164036273956298828125">
        <ele>151.600006103515625</ele>
        <time>2026-08-11T23:02:15.000Z</time>
        <extensions>
          <ns3:TrackPointExtension>
            <ns3:hr>181</ns3:hr>
            <ns3:cad>88</ns3:cad>
          </ns3:TrackPointExtension>
        </extensions>
      </trkpt>
      <trkpt lat="45.70029728114604949951171875" lon="126.59706923179328441619873046875">
        <ele>151.600006103515625</ele>
        <time>2026-08-11T23:02:16.000Z</time>
        <extensions>
          <ns3:TrackPointExtension>
            <ns3:hr>181</ns3:hr>
            <ns3:cad>88</ns3:cad>
          </ns3:TrackPointExtension>
        </extensions>
      </trkpt>
      <trkpt lat="45.70032485760748386383056640625" lon="126.5970654599368572235107421875">
        <ele>151.600006103515625</ele>
        <time>2026-08-11T23:02:17.000Z</time>
        <extensions>
          <ns3:TrackPointExtension>
            <ns3:hr>181</ns3:hr>
            <ns3:cad>88</ns3:cad>
          </ns3:TrackPointExtension>
        </extensions>
      </trkpt>
      <trkpt lat="45.70034782402217388153076171875" lon="126.59706973470747470855712890625">
        <ele>151.600006103515625</ele>
        <time>2026-08-11T23:02:18.000Z</time>
        <extensions>
          <ns3:TrackPointExtension>
            <ns3:hr>181</ns3:hr>
            <ns3:cad>88</ns3:cad>
          </ns3:TrackPointExtension>
        </extensions>
      </trkpt>
      <trkpt lat="45.7003715448081493377685546875" lon="126.597070991992950439453125">
        <ele>151.600006103515625</ele>
        <time>2026-08-11T23:02:19.000Z</time>
        <extensions>
          <ns3:TrackPointExtension>
            <ns3:hr>181</ns3:hr>
            <ns3:cad>88</ns3:cad>
          </ns3:TrackPointExtension>
        </extensions>
      </trkpt>
      <trkpt lat="45.70039576850831508636474609375" lon="126.59707057289779186248779296875">
        <ele>151.600006103515625</ele>
        <time>2026-08-11T23:02:20.000Z</time>
        <extensions>
          <ns3:TrackPointExtension>
            <ns3:hr>181</ns3:hr>
            <ns3:cad>88</ns3:cad>
          </ns3:TrackPointExtension>
        </extensions>
      </trkpt>
      <trkpt lat="45.7004171423614025115966796875" lon="126.5970708243548870086669921875">
        <ele>151.600006103515625</ele>
        <time>2026-08-11T23:02:21.000Z</time>
        <extensions>
          <ns3:TrackPointExtension>
            <ns3:hr>181</ns3:hr>
            <ns3:cad>88</ns3:cad>
          </ns3:TrackPointExtension>
        </extensions>
      </trkpt>
      <trkpt lat="45.700442455708980560302734375" lon="126.5970668010413646697998046875">
        <ele>151.600006103515625</ele>
        <time>2026-08-11T23:02:22.000Z</time>
        <extensions>
          <ns3:TrackPointExtension>
            <ns3:hr>181</ns3:hr>
            <ns3:cad>88</ns3:cad>
          </ns3:TrackPointExtension>
        </extensions>
      </trkpt>
      <trkpt lat="45.7004654221236705780029296875" lon="126.5970647893846035003662109375">
        <ele>151.600006103515625</ele>
        <time>2026-08-11T23:02:23.000Z</time>
        <extensions>
          <ns3:TrackPointExtension>
            <ns3:hr>181</ns3:hr>
            <ns3:cad>88</ns3:cad>
          </ns3:TrackPointExtension>
        </extensions>
      </trkpt>
      <trkpt lat="45.7004915736615657806396484375" lon="126.59705800004303455352783203125">
        <ele>151.600006103515625</ele>
        <time>2026-08-11T23:02:24.000Z</time>
        <extensions>
          <ns3:TrackPointExtension>
            <ns3:hr>180</ns3:hr>
            <ns3:cad>88</ns3:cad>
          </ns3:TrackPointExtension>
        </extensions>
      </trkpt>
      <trkpt lat="45.700512863695621490478515625" lon="126.59705129452049732208251953125">
        <ele>151.600006103515625</ele>
        <time>2026-08-11T23:02:25.000Z</time>
        <extensions>
          <ns3:TrackPointExtension>
            <ns3:hr>181</ns3:hr>
            <ns3:cad>88</ns3:cad>
          </ns3:TrackPointExtension>
        </extensions>
      </trkpt>
      <trkpt lat="45.70054362528026103973388671875" lon="126.59704207442700862884521484375">
        <ele>151.600006103515625</ele>
        <time>2026-08-11T23:02:26.000Z</time>
        <extensions>
          <ns3:TrackPointExtension>
            <ns3:hr>181</ns3:hr>
            <ns3:cad>87</ns3:cad>
          </ns3:TrackPointExtension>
        </extensions>
      </trkpt>
      <trkpt lat="45.70056709460914134979248046875" lon="126.597042493522167205810546875">
        <ele>151.600006103515625</ele>
        <time>2026-08-11T23:02:27.000Z</time>
        <extensions>
          <ns3:TrackPointExtension>
            <ns3:hr>180</ns3:hr>
            <ns3:cad>87</ns3:cad>
          </ns3:TrackPointExtension>
        </extensions>
      </trkpt>
      <trkpt lat="45.7005931623280048370361328125" lon="126.59704475663602352142333984375">
        <ele>151.600006103515625</ele>
        <time>2026-08-11T23:02:28.000Z</time>
        <extensions>
          <ns3:TrackPointExtension>
            <ns3:hr>181</ns3:hr>
            <ns3:cad>87</ns3:cad>
          </ns3:TrackPointExtension>
        </extensions>
      </trkpt>
      <trkpt lat="45.7006173022091388702392578125" lon="126.597040481865406036376953125">
        <ele>151.8000030517578125</ele>
        <time>2026-08-11T23:02:29.000Z</time>
        <extensions>
          <ns3:TrackPointExtension>
            <ns3:hr>180</ns3:hr>
            <ns3:cad>87</ns3:cad>
          </ns3:TrackPointExtension>
        </extensions>
      </trkpt>
      <trkpt lat="45.70064127445220947265625" lon="126.59703821875154972076416015625">
        <ele>151.8000030517578125</ele>
        <time>2026-08-11T23:02:30.000Z</time>
        <extensions>
          <ns3:TrackPointExtension>
            <ns3:hr>180</ns3:hr>
            <ns3:cad>87</ns3:cad>
          </ns3:TrackPointExtension>
        </extensions>
      </trkpt>
      <trkpt lat="45.70066868327558040618896484375" lon="126.5970460139214992523193359375">
        <ele>151.8000030517578125</ele>
        <time>2026-08-11T23:02:31.000Z</time>
        <extensions>
          <ns3:TrackPointExtension>
            <ns3:hr>180</ns3:hr>
            <ns3:cad>87</ns3:cad>
          </ns3:TrackPointExtension>
        </extensions>
      </trkpt>
      <trkpt lat="45.7006934098899364471435546875" lon="126.59704676829278469085693359375">
        <ele>151.8000030517578125</ele>
        <time>2026-08-11T23:02:32.000Z</time>
        <extensions>
          <ns3:TrackPointExtension>
            <ns3:hr>180</ns3:hr>
            <ns3:cad>87</ns3:cad>
          </ns3:TrackPointExtension>
        </extensions>
      </trkpt>
      <trkpt lat="45.70072601549327373504638671875" lon="126.59706034697592258453369140625">
        <ele>151.8000030517578125</ele>
        <time>2026-08-11T23:02:33.000Z</time>
        <extensions>
          <ns3:TrackPointExtension>
            <ns3:hr>181</ns3:hr>
            <ns3:cad>87</ns3:cad>
          </ns3:TrackPointExtension>
        </extensions>
      </trkpt>
      <trkpt lat="45.7007517479360103607177734375" lon="126.59706017933785915374755859375">
        <ele>151.8000030517578125</ele>
        <time>2026-08-11T23:02:34.000Z</time>
        <extensions>
          <ns3:TrackPointExtension>
            <ns3:hr>180</ns3:hr>
            <ns3:cad>87</ns3:cad>
          </ns3:TrackPointExtension>
        </extensions>
      </trkpt>
      <trkpt lat="45.70077764801681041717529296875" lon="126.59705816768109798431396484375">
        <ele>151.8000030517578125</ele>
        <time>2026-08-11T23:02:35.000Z</time>
        <extensions>
          <ns3:TrackPointExtension>
            <ns3:hr>180</ns3:hr>
            <ns3:cad>87</ns3:cad>
          </ns3:TrackPointExtension>
        </extensions>
      </trkpt>
      <trkpt lat="45.70079776458442211151123046875" lon="126.597049869596958160400390625">
        <ele>151.8000030517578125</ele>
        <time>2026-08-11T23:02:36.000Z</time>
        <extensions>
          <ns3:TrackPointExtension>
            <ns3:hr>180</ns3:hr>
            <ns3:cad>87</ns3:cad>
          </ns3:TrackPointExtension>
        </extensions>
      </trkpt>
      <trkpt lat="45.700817294418811798095703125" lon="126.597027741372585296630859375">
        <ele>151.8000030517578125</ele>
        <time>2026-08-11T23:02:37.000Z</time>
        <extensions>
          <ns3:TrackPointExtension>
            <ns3:hr>181</ns3:hr>
            <ns3:cad>87</ns3:cad>
          </ns3:TrackPointExtension>
        </extensions>
      </trkpt>
      <trkpt lat="45.70082726888358592987060546875" lon="126.5970051102340221405029296875">
        <ele>151.8000030517578125</ele>
        <time>2026-08-11T23:02:38.000Z</time>
        <extensions>
          <ns3:TrackPointExtension>
            <ns3:hr>180</ns3:hr>
            <ns3:cad>87</ns3:cad>
          </ns3:TrackPointExtension>
        </extensions>
      </trkpt>
      <trkpt lat="45.70083238184452056884765625" lon="126.59698038361966609954833984375">
        <ele>151.600006103515625</ele>
        <time>2026-08-11T23:02:39.000Z</time>
        <extensions>
          <ns3:TrackPointExtension>
            <ns3:hr>180</ns3:hr>
            <ns3:cad>87</ns3:cad>
          </ns3:TrackPointExtension>
        </extensions>
      </trkpt>
      <trkpt lat="45.70083229802548885345458984375" lon="126.59694819711148738861083984375">
        <ele>151.399993896484375</ele>
        <time>2026-08-11T23:02:40.000Z</time>
        <extensions>
          <ns3:TrackPointExtension>
            <ns3:hr>181</ns3:hr>
            <ns3:cad>87</ns3:cad>
          </ns3:TrackPointExtension>
        </extensions>
      </trkpt>
      <trkpt lat="45.70083095692098140716552734375" lon="126.59692422486841678619384765625">
        <ele>151.1999969482421875</ele>
        <time>2026-08-11T23:02:41.000Z</time>
        <extensions>
          <ns3:TrackPointExtension>
            <ns3:hr>180</ns3:hr>
            <ns3:cad>86</ns3:cad>
          </ns3:TrackPointExtension>
        </extensions>
      </trkpt>
      <trkpt lat="45.70083363912999629974365234375" lon="126.59688918851315975189208984375">
        <ele>151</ele>
        <time>2026-08-11T23:02:42.000Z</time>
        <extensions>
          <ns3:TrackPointExtension>
            <ns3:hr>180</ns3:hr>
            <ns3:cad>86</ns3:cad>
          </ns3:TrackPointExtension>
        </extensions>
      </trkpt>
      <trkpt lat="45.70083414204418659210205078125" lon="126.5968575887382030487060546875">
        <ele>150.8000030517578125</ele>
        <time>2026-08-11T23:02:43.000Z</time>
        <extensions>
          <ns3:TrackPointExtension>
            <ns3:hr>181</ns3:hr>
            <ns3:cad>85</ns3:cad>
          </ns3:TrackPointExtension>
        </extensions>
      </trkpt>
      <trkpt lat="45.7008332200348377227783203125" lon="126.59683085046708583831787109375">
        <ele>150.600006103515625</ele>
        <time>2026-08-11T23:02:44.000Z</time>
        <extensions>
          <ns3:TrackPointExtension>
            <ns3:hr>180</ns3:hr>
            <ns3:cad>84</ns3:cad>
          </ns3:TrackPointExtension>
        </extensions>
      </trkpt>
      <trkpt lat="45.70083045400679111480712890625" lon="126.59679480828344821929931640625">
        <ele>150.1999969482421875</ele>
        <time>2026-08-11T23:02:45.000Z</time>
        <extensions>
          <ns3:TrackPointExtension>
            <ns3:hr>180</ns3:hr>
            <ns3:cad>84</ns3:cad>
          </ns3:TrackPointExtension>
        </extensions>
      </trkpt>
      <trkpt lat="45.70082894526422023773193359375" lon="126.59676731564104557037353515625">
        <ele>150</ele>
        <time>2026-08-11T23:02:46.000Z</time>
        <extensions>
          <ns3:TrackPointExtension>
            <ns3:hr>180</ns3:hr>
            <ns3:cad>84</ns3:cad>
          </ns3:TrackPointExtension>
        </extensions>
      </trkpt>
      <trkpt lat="45.700828023254871368408203125" lon="126.5967308543622493743896484375">
        <ele>149.8000030517578125</ele>
        <time>2026-08-11T23:02:47.000Z</time>
        <extensions>
          <ns3:TrackPointExtension>
            <ns3:hr>180</ns3:hr>
            <ns3:cad>84</ns3:cad>
          </ns3:TrackPointExtension>
        </extensions>
      </trkpt>
      <trkpt lat="45.70082726888358592987060546875" lon="126.59670059569180011749267578125">
        <ele>149.600006103515625</ele>
        <time>2026-08-11T23:02:48.000Z</time>
        <extensions>
          <ns3:TrackPointExtension>
            <ns3:hr>180</ns3:hr>
            <ns3:cad>85</ns3:cad>
          </ns3:TrackPointExtension>
        </extensions>
      </trkpt>
      <trkpt lat="45.7008228264749050140380859375" lon="126.5966624580323696136474609375">
        <ele>149.399993896484375</ele>
        <time>2026-08-11T23:02:49.000Z</time>
        <extensions>
          <ns3:TrackPointExtension>
            <ns3:hr>180</ns3:hr>
            <ns3:cad>85</ns3:cad>
          </ns3:TrackPointExtension>
        </extensions>
      </trkpt>
      <trkpt lat="45.70082291029393672943115234375" lon="126.5966312773525714874267578125">
        <ele>149</ele>
        <time>2026-08-11T23:02:50.000Z</time>
        <extensions>
          <ns3:TrackPointExtension>
            <ns3:hr>179</ns3:hr>
            <ns3:cad>84</ns3:cad>
          </ns3:TrackPointExtension>
        </extensions>
      </trkpt>
      <trkpt lat="45.70082006044685840606689453125" lon="126.59660068340599536895751953125">
        <ele>148.8000030517578125</ele>
        <time>2026-08-11T23:02:51.000Z</time>
        <extensions>
          <ns3:TrackPointExtension>
            <ns3:hr>179</ns3:hr>
            <ns3:cad>84</ns3:cad>
          </ns3:TrackPointExtension>
        </extensions>
      </trkpt>
      <trkpt lat="45.7008151151239871978759765625" lon="126.5965600311756134033203125">
        <ele>148.600006103515625</ele>
        <time>2026-08-11T23:02:52.000Z</time>
        <extensions>
          <ns3:TrackPointExtension>
            <ns3:hr>179</ns3:hr>
            <ns3:cad>84</ns3:cad>
          </ns3:TrackPointExtension>
        </extensions>
      </trkpt>
      <trkpt lat="45.70080815814435482025146484375" lon="126.596530191600322723388671875">
        <ele>148.399993896484375</ele>
        <time>2026-08-11T23:02:53.000Z</time>
        <extensions>
          <ns3:TrackPointExtension>
            <ns3:hr>179</ns3:hr>
            <ns3:cad>84</ns3:cad>
          </ns3:TrackPointExtension>
        </extensions>
      </trkpt>
      <trkpt lat="45.7008030451834201812744140625" lon="126.5964911319315433502197265625">
        <ele>148.1999969482421875</ele>
        <time>2026-08-11T23:02:54.000Z</time>
        <extensions>
          <ns3:TrackPointExtension>
            <ns3:hr>179</ns3:hr>
            <ns3:cad>84</ns3:cad>
          </ns3:TrackPointExtension>
        </extensions>
      </trkpt>
      <trkpt lat="45.70079944096505641937255859375" lon="126.59645869396626949310302734375">
        <ele>148</ele>
        <time>2026-08-11T23:02:55.000Z</time>
        <extensions>
          <ns3:TrackPointExtension>
            <ns3:hr>178</ns3:hr>
            <ns3:cad>85</ns3:cad>
          </ns3:TrackPointExtension>
        </extensions>
      </trkpt>
      <trkpt lat="45.70079441182315349578857421875" lon="126.59642248414456844329833984375">
        <ele>147.8000030517578125</ele>
        <time>2026-08-11T23:02:56.000Z</time>
        <extensions>
          <ns3:TrackPointExtension>
            <ns3:hr>178</ns3:hr>
            <ns3:cad>85</ns3:cad>
          </ns3:TrackPointExtension>
        </extensions>
      </trkpt>
      <trkpt lat="45.70078678429126739501953125" lon="126.596385352313518524169921875">
        <ele>147.399993896484375</ele>
        <time>2026-08-11T23:02:57.000Z</time>
        <extensions>
          <ns3:TrackPointExtension>
            <ns3:hr>178</ns3:hr>
            <ns3:cad>84</ns3:cad>
          </ns3:TrackPointExtension>
        </extensions>
      </trkpt>
      <trkpt lat="45.700777731835842132568359375" lon="126.59635408781468868255615234375">
        <ele>147.399993896484375</ele>
        <time>2026-08-11T23:02:58.000Z</time>
        <extensions>
          <ns3:TrackPointExtension>
            <ns3:hr>178</ns3:hr>
            <ns3:cad>83</ns3:cad>
          </ns3:TrackPointExtension>
        </extensions>
      </trkpt>
      <trkpt lat="45.700772702693939208984375" lon="126.5963164530694484710693359375">
        <ele>147.1999969482421875</ele>
        <time>2026-08-11T23:02:59.000Z</time>
        <extensions>
          <ns3:TrackPointExtension>
            <ns3:hr>178</ns3:hr>
            <ns3:cad>83</ns3:cad>
          </ns3:TrackPointExtension>
        </extensions>
      </trkpt>
      <trkpt lat="45.70076960138976573944091796875" lon="126.5962864458560943603515625">
        <ele>147</ele>
        <time>2026-08-11T23:03:00.000Z</time>
        <extensions>
          <ns3:TrackPointExtension>
            <ns3:hr>177</ns3:hr>
            <ns3:cad>84</ns3:cad>
          </ns3:TrackPointExtension>
        </extensions>
      </trkpt>
      <trkpt lat="45.70076398551464080810546875" lon="126.5962561033666133880615234375">
        <ele>146.8000030517578125</ele>
        <time>2026-08-11T23:03:01.000Z</time>
        <extensions>
          <ns3:TrackPointExtension>
            <ns3:hr>177</ns3:hr>
            <ns3:cad>84</ns3:cad>
          </ns3:TrackPointExtension>
        </extensions>
      </trkpt>
      <trkpt lat="45.700764991343021392822265625" lon="126.59621980972588062286376953125">
        <ele>146.8000030517578125</ele>
        <time>2026-08-11T23:03:02.000Z</time>
        <extensions>
          <ns3:TrackPointExtension>
            <ns3:hr>177</ns3:hr>
            <ns3:cad>85</ns3:cad>
          </ns3:TrackPointExtension>
        </extensions>
      </trkpt>
      <trkpt lat="45.7007644884288311004638671875" lon="126.59619114361703395843505859375">
        <ele>146.8000030517578125</ele>
        <time>2026-08-11T23:03:03.000Z</time>
        <extensions>
          <ns3:TrackPointExtension>
            <ns3:hr>177</ns3:hr>
            <ns3:cad>86</ns3:cad>
          </ns3:TrackPointExtension>
        </extensions>
      </trkpt>
      <trkpt lat="45.7007608003914356231689453125" lon="126.5961598791182041168212890625">
        <ele>146.8000030517578125</ele>
        <time>2026-08-11T23:03:04.000Z</time>
        <extensions>
          <ns3:TrackPointExtension>
            <ns3:hr>177</ns3:hr>
            <ns3:cad>86</ns3:cad>
          </ns3:TrackPointExtension>
        </extensions>
      </trkpt>
      <trkpt lat="45.7007524184882640838623046875" lon="126.59613213501870632171630859375">
        <ele>146.600006103515625</ele>
        <time>2026-08-11T23:03:05.000Z</time>
        <extensions>
          <ns3:TrackPointExtension>
            <ns3:hr>177</ns3:hr>
            <ns3:cad>86</ns3:cad>
          </ns3:TrackPointExtension>
        </extensions>
      </trkpt>
      <trkpt lat="45.70074361748993396759033203125" lon="126.59609676338732242584228515625">
        <ele>146.600006103515625</ele>
        <time>2026-08-11T23:03:06.000Z</time>
        <extensions>
          <ns3:TrackPointExtension>
            <ns3:hr>176</ns3:hr>
            <ns3:cad>86</ns3:cad>
          </ns3:TrackPointExtension>
        </extensions>
      </trkpt>
      <trkpt lat="45.70073020644485950469970703125" lon="126.596074216067790985107421875">
        <ele>146.600006103515625</ele>
        <time>2026-08-11T23:03:07.000Z</time>
        <extensions>
          <ns3:TrackPointExtension>
            <ns3:hr>176</ns3:hr>
            <ns3:cad>86</ns3:cad>
          </ns3:TrackPointExtension>
        </extensions>
      </trkpt>
      <trkpt lat="45.70070975460112094879150390625" lon="126.596050746738910675048828125">
        <ele>146.600006103515625</ele>
        <time>2026-08-11T23:03:08.000Z</time>
        <extensions>
          <ns3:TrackPointExtension>
            <ns3:hr>176</ns3:hr>
            <ns3:cad>87</ns3:cad>
          </ns3:TrackPointExtension>
        </extensions>
      </trkpt>
      <trkpt lat="45.70069491863250732421875" lon="126.59603557549417018890380859375">
        <ele>146.600006103515625</ele>
        <time>2026-08-11T23:03:09.000Z</time>
        <extensions>
          <ns3:TrackPointExtension>
            <ns3:hr>176</ns3:hr>
            <ns3:cad>88</ns3:cad>
          </ns3:TrackPointExtension>
        </extensions>
      </trkpt>
      <trkpt lat="45.70067069493234157562255859375" lon="126.59601621329784393310546875">
        <ele>146.600006103515625</ele>
        <time>2026-08-11T23:03:10.000Z</time>
        <extensions>
          <ns3:TrackPointExtension>
            <ns3:hr>176</ns3:hr>
            <ns3:cad>89</ns3:cad>
          </ns3:TrackPointExtension>
        </extensions>
      </trkpt>
      <trkpt lat="45.700654685497283935546875" lon="126.5960033051669597625732421875">
        <ele>146.399993896484375</ele>
        <time>2026-08-11T23:03:11.000Z</time>
        <extensions>
          <ns3:TrackPointExtension>
            <ns3:hr>176</ns3:hr>
            <ns3:cad>89</ns3:cad>
          </ns3:TrackPointExtension>
        </extensions>
      </trkpt>
      <trkpt lat="45.70062878541648387908935546875" lon="126.5959932468831539154052734375">
        <ele>146.399993896484375</ele>
        <time>2026-08-11T23:03:12.000Z</time>
        <extensions>
          <ns3:TrackPointExtension>
            <ns3:hr>176</ns3:hr>
            <ns3:cad>88</ns3:cad>
          </ns3:TrackPointExtension>
        </extensions>
      </trkpt>
      <trkpt lat="45.70061000995337963104248046875" lon="126.59598494879901409149169921875">
        <ele>146.399993896484375</ele>
        <time>2026-08-11T23:03:13.000Z</time>
        <extensions>
          <ns3:TrackPointExtension>
            <ns3:hr>175</ns3:hr>
            <ns3:cad>88</ns3:cad>
          </ns3:TrackPointExtension>
        </extensions>
      </trkpt>
      <trkpt lat="45.70058737881481647491455078125" lon="126.59598142839968204498291015625">
        <ele>146.399993896484375</ele>
        <time>2026-08-11T23:03:14.000Z</time>
        <extensions>
          <ns3:TrackPointExtension>
            <ns3:hr>175</ns3:hr>
            <ns3:cad>87</ns3:cad>
          </ns3:TrackPointExtension>
        </extensions>
      </trkpt>
      <trkpt lat="45.7005675137042999267578125" lon="126.59598276950418949127197265625">
        <ele>146.399993896484375</ele>
        <time>2026-08-11T23:03:15.000Z</time>
        <extensions>
          <ns3:TrackPointExtension>
            <ns3:hr>175</ns3:hr>
            <ns3:cad>87</ns3:cad>
          </ns3:TrackPointExtension>
        </extensions>
      </trkpt>
      <trkpt lat="45.7005425356328487396240234375" lon="126.59598561935126781463623046875">
        <ele>146.399993896484375</ele>
        <time>2026-08-11T23:03:16.000Z</time>
        <extensions>
          <ns3:TrackPointExtension>
            <ns3:hr>175</ns3:hr>
            <ns3:cad>88</ns3:cad>
          </ns3:TrackPointExtension>
        </extensions>
      </trkpt>
      <trkpt lat="45.7005190663039684295654296875" lon="126.59598134458065032958984375">
        <ele>146.399993896484375</ele>
        <time>2026-08-11T23:03:17.000Z</time>
        <extensions>
          <ns3:TrackPointExtension>
            <ns3:hr>175</ns3:hr>
            <ns3:cad>88</ns3:cad>
          </ns3:TrackPointExtension>
        </extensions>
      </trkpt>
      <trkpt lat="45.70049601607024669647216796875" lon="126.5959821827709674835205078125">
        <ele>146.399993896484375</ele>
        <time>2026-08-11T23:03:18.000Z</time>
        <extensions>
          <ns3:TrackPointExtension>
            <ns3:hr>175</ns3:hr>
            <ns3:cad>88</ns3:cad>
          </ns3:TrackPointExtension>
        </extensions>
      </trkpt>
      <trkpt lat="45.70047070272266864776611328125" lon="126.59598696045577526092529296875">
        <ele>146.399993896484375</ele>
        <time>2026-08-11T23:03:19.000Z</time>
        <extensions>
          <ns3:TrackPointExtension>
            <ns3:hr>175</ns3:hr>
            <ns3:cad>87</ns3:cad>
          </ns3:TrackPointExtension>
        </extensions>
      </trkpt>
      <trkpt lat="45.70045075379312038421630859375" lon="126.595987379550933837890625">
        <ele>146.1999969482421875</ele>
        <time>2026-08-11T23:03:20.000Z</time>
        <extensions>
          <ns3:TrackPointExtension>
            <ns3:hr>174</ns3:hr>
            <ns3:cad>87</ns3:cad>
          </ns3:TrackPointExtension>
        </extensions>
      </trkpt>
      <trkpt lat="45.70042560808360576629638671875" lon="126.595981009304523468017578125">
        <ele>146.1999969482421875</ele>
        <time>2026-08-11T23:03:21.000Z</time>
        <extensions>
          <ns3:TrackPointExtension>
            <ns3:hr>174</ns3:hr>
            <ns3:cad>87</ns3:cad>
          </ns3:TrackPointExtension>
        </extensions>
      </trkpt>
      <trkpt lat="45.70040465332567691802978515625" lon="126.5959727950394153594970703125">
        <ele>146.1999969482421875</ele>
        <time>2026-08-11T23:03:22.000Z</time>
        <extensions>
          <ns3:TrackPointExtension>
            <ns3:hr>174</ns3:hr>
            <ns3:cad>87</ns3:cad>
          </ns3:TrackPointExtension>
        </extensions>
      </trkpt>
      <trkpt lat="45.70037900470197200775146484375" lon="126.59596986137330532073974609375">
        <ele>146.1999969482421875</ele>
        <time>2026-08-11T23:03:23.000Z</time>
        <extensions>
          <ns3:TrackPointExtension>
            <ns3:hr>174</ns3:hr>
            <ns3:cad>87</ns3:cad>
          </ns3:TrackPointExtension>
        </extensions>
      </trkpt>
      <trkpt lat="45.70035369135439395904541015625" lon="126.5959681011736392974853515625">
        <ele>146</ele>
        <time>2026-08-11T23:03:24.000Z</time>
        <extensions>
          <ns3:TrackPointExtension>
            <ns3:hr>174</ns3:hr>
            <ns3:cad>87</ns3:cad>
          </ns3:TrackPointExtension>
        </extensions>
      </trkpt>
      <trkpt lat="45.70032435469329357147216796875" lon="126.595960892736911773681640625">
        <ele>146</ele>
        <time>2026-08-11T23:03:25.000Z</time>
        <extensions>
          <ns3:TrackPointExtension>
            <ns3:hr>174</ns3:hr>
            <ns3:cad>87</ns3:cad>
          </ns3:TrackPointExtension>
        </extensions>
      </trkpt>
      <trkpt lat="45.70029837079346179962158203125" lon="126.5959560312330722808837890625">
        <ele>146</ele>
        <time>2026-08-11T23:03:26.000Z</time>
        <extensions>
          <ns3:TrackPointExtension>
            <ns3:hr>174</ns3:hr>
            <ns3:cad>87</ns3:cad>
          </ns3:TrackPointExtension>
        </extensions>
      </trkpt>
      <trkpt lat="45.7002726383507251739501953125" lon="126.59594706259667873382568359375">
        <ele>146</ele>
        <time>2026-08-11T23:03:27.000Z</time>
        <extensions>
          <ns3:TrackPointExtension>
            <ns3:hr>174</ns3:hr>
            <ns3:cad>87</ns3:cad>
          </ns3:TrackPointExtension>
        </extensions>
      </trkpt>
      <trkpt lat="45.7002531923353672027587890625" lon="126.59593348391354084014892578125">
        <ele>146</ele>
        <time>2026-08-11T23:03:28.000Z</time>
        <extensions>
          <ns3:TrackPointExtension>
            <ns3:hr>174</ns3:hr>
            <ns3:cad>87</ns3:cad>
          </ns3:TrackPointExtension>
        </extensions>
      </trkpt>
      <trkpt lat="45.7002327404916286468505859375" lon="126.59591672010719776153564453125">
        <ele>146</ele>
        <time>2026-08-11T23:03:29.000Z</time>
        <extensions>
          <ns3:TrackPointExtension>
            <ns3:hr>174</ns3:hr>
            <ns3:cad>88</ns3:cad>
          </ns3:TrackPointExtension>
        </extensions>
      </trkpt>
      <trkpt lat="45.70021505467593669891357421875" lon="126.595897860825061798095703125">
        <ele>146</ele>
        <time>2026-08-11T23:03:30.000Z</time>
        <extensions>
          <ns3:TrackPointExtension>
            <ns3:hr>174</ns3:hr>
            <ns3:cad>89</ns3:cad>
          </ns3:TrackPointExtension>
        </extensions>
      </trkpt>
      <trkpt lat="45.70019728504121303558349609375" lon="126.5958802588284015655517578125">
        <ele>146.1999969482421875</ele>
        <time>2026-08-11T23:03:31.000Z</time>
        <extensions>
          <ns3:TrackPointExtension>
            <ns3:hr>174</ns3:hr>
            <ns3:cad>89</ns3:cad>
          </ns3:TrackPointExtension>
        </extensions>
      </trkpt>
      <trkpt lat="45.70018001832067966461181640625" lon="126.59586475230753421783447265625">
        <ele>146.1999969482421875</ele>
        <time>2026-08-11T23:03:32.000Z</time>
        <extensions>
          <ns3:TrackPointExtension>
            <ns3:hr>174</ns3:hr>
            <ns3:cad>89</ns3:cad>
          </ns3:TrackPointExtension>
        </extensions>
      </trkpt>
      <trkpt lat="45.700163505971431732177734375" lon="126.59584295935928821563720703125">
        <ele>146.399993896484375</ele>
        <time>2026-08-11T23:03:33.000Z</time>
        <extensions>
          <ns3:TrackPointExtension>
            <ns3:hr>174</ns3:hr>
            <ns3:cad>89</ns3:cad>
          </ns3:TrackPointExtension>
        </extensions>
      </trkpt>
      <trkpt lat="45.7001495920121669769287109375" lon="126.5958195738494396209716796875">
        <ele>146.399993896484375</ele>
        <time>2026-08-11T23:03:34.000Z</time>
        <extensions>
          <ns3:TrackPointExtension>
            <ns3:hr>174</ns3:hr>
            <ns3:cad>89</ns3:cad>
          </ns3:TrackPointExtension>
        </extensions>
      </trkpt>
      <trkpt lat="45.70013768970966339111328125" lon="126.5957974456250667572021484375">
        <ele>146.399993896484375</ele>
        <time>2026-08-11T23:03:35.000Z</time>
        <extensions>
          <ns3:TrackPointExtension>
            <ns3:hr>174</ns3:hr>
            <ns3:cad>89</ns3:cad>
          </ns3:TrackPointExtension>
        </extensions>
      </trkpt>
      <trkpt lat="45.70012964308261871337890625" lon="126.5957672707736492156982421875">
        <ele>146.399993896484375</ele>
        <time>2026-08-11T23:03:36.000Z</time>
        <extensions>
          <ns3:TrackPointExtension>
            <ns3:hr>174</ns3:hr>
            <ns3:cad>89</ns3:cad>
          </ns3:TrackPointExtension>
        </extensions>
      </trkpt>
      <trkpt lat="45.7001200877130031585693359375" lon="126.5957424603402614593505859375">
        <ele>146.399993896484375</ele>
        <time>2026-08-11T23:03:37.000Z</time>
        <extensions>
          <ns3:TrackPointExtension>
            <ns3:hr>174</ns3:hr>
            <ns3:cad>89</ns3:cad>
          </ns3:TrackPointExtension>
        </extensions>
      </trkpt>
      <trkpt lat="45.7001167349517345428466796875" lon="126.59570666961371898651123046875">
        <ele>146.399993896484375</ele>
        <time>2026-08-11T23:03:38.000Z</time>
        <extensions>
          <ns3:TrackPointExtension>
            <ns3:hr>174</ns3:hr>
            <ns3:cad>89</ns3:cad>
          </ns3:TrackPointExtension>
        </extensions>
      </trkpt>
      <trkpt lat="45.70010818541049957275390625" lon="126.59567154943943023681640625">
        <ele>146.600006103515625</ele>
        <time>2026-08-11T23:03:39.000Z</time>
        <extensions>
          <ns3:TrackPointExtension>
            <ns3:hr>174</ns3:hr>
            <ns3:cad>90</ns3:cad>
          </ns3:TrackPointExtension>
        </extensions>
      </trkpt>
      <trkpt lat="45.70010055787861347198486328125" lon="126.595628969371318817138671875">
        <ele>146.600006103515625</ele>
        <time>2026-08-11T23:03:40.000Z</time>
        <extensions>
          <ns3:TrackPointExtension>
            <ns3:hr>175</ns3:hr>
            <ns3:cad>89</ns3:cad>
          </ns3:TrackPointExtension>
        </extensions>
      </trkpt>
      <trkpt lat="45.70009334944188594818115234375" lon="126.59559770487248897552490234375">
        <ele>146.8000030517578125</ele>
        <time>2026-08-11T23:03:41.000Z</time>
        <extensions>
          <ns3:TrackPointExtension>
            <ns3:hr>174</ns3:hr>
            <ns3:cad>89</ns3:cad>
          </ns3:TrackPointExtension>
        </extensions>
      </trkpt>
      <trkpt lat="45.70008915849030017852783203125" lon="126.59556090831756591796875">
        <ele>146.8000030517578125</ele>
        <time>2026-08-11T23:03:42.000Z</time>
        <extensions>
          <ns3:TrackPointExtension>
            <ns3:hr>174</ns3:hr>
            <ns3:cad>89</ns3:cad>
          </ns3:TrackPointExtension>
        </extensions>
      </trkpt>
      <trkpt lat="45.70008127950131893157958984375" lon="126.59553064964711666107177734375">
        <ele>146.8000030517578125</ele>
        <time>2026-08-11T23:03:43.000Z</time>
        <extensions>
          <ns3:TrackPointExtension>
            <ns3:hr>175</ns3:hr>
            <ns3:cad>88</ns3:cad>
          </ns3:TrackPointExtension>
        </extensions>
      </trkpt>
      <trkpt lat="45.70007205940783023834228515625" lon="126.59548773430287837982177734375">
        <ele>147</ele>
        <time>2026-08-11T23:03:44.000Z</time>
        <extensions>
          <ns3:TrackPointExtension>
            <ns3:hr>174</ns3:hr>
            <ns3:cad>88</ns3:cad>
          </ns3:TrackPointExtension>
        </extensions>
      </trkpt>
      <trkpt lat="45.7000654377043247222900390625" lon="126.59545487724244594573974609375">
        <ele>147</ele>
        <time>2026-08-11T23:03:45.000Z</time>
        <extensions>
          <ns3:TrackPointExtension>
            <ns3:hr>174</ns3:hr>
            <ns3:cad>88</ns3:cad>
          </ns3:TrackPointExtension>
        </extensions>
      </trkpt>
      <trkpt lat="45.70005948655307292938232421875" lon="126.59541514702141284942626953125">
        <ele>147</ele>
        <time>2026-08-11T23:03:46.000Z</time>
        <extensions>
          <ns3:TrackPointExtension>
            <ns3:hr>175</ns3:hr>
            <ns3:cad>88</ns3:cad>
          </ns3:TrackPointExtension>
        </extensions>
      </trkpt>
      <trkpt lat="45.70005328394472599029541015625" lon="126.5953823737800121307373046875">
        <ele>147</ele>
        <time>2026-08-11T23:03:47.000Z</time>
        <extensions>
          <ns3:TrackPointExtension>
            <ns3:hr>174</ns3:hr>
            <ns3:cad>88</ns3:cad>
          </ns3:TrackPointExtension>
        </extensions>
      </trkpt>
      <trkpt lat="45.70004825480282306671142578125" lon="126.59534540958702564239501953125">
        <ele>147.1999969482421875</ele>
        <time>2026-08-11T23:03:48.000Z</time>
        <extensions>
          <ns3:TrackPointExtension>
            <ns3:hr>175</ns3:hr>
            <ns3:cad>88</ns3:cad>
          </ns3:TrackPointExtension>
        </extensions>
      </trkpt>
      <trkpt lat="45.700043477118015289306640625" lon="126.5953106246888637542724609375">
        <ele>147.1999969482421875</ele>
        <time>2026-08-11T23:03:49.000Z</time>
        <extensions>
          <ns3:TrackPointExtension>
            <ns3:hr>175</ns3:hr>
            <ns3:cad>88</ns3:cad>
          </ns3:TrackPointExtension>
        </extensions>
      </trkpt>
      <trkpt lat="45.70003551431000232696533203125" lon="126.5952747501432895660400390625">
        <ele>147.399993896484375</ele>
        <time>2026-08-11T23:03:50.000Z</time>
        <extensions>
          <ns3:TrackPointExtension>
            <ns3:hr>175</ns3:hr>
            <ns3:cad>87</ns3:cad>
          </ns3:TrackPointExtension>
        </extensions>
      </trkpt>
      <trkpt lat="45.70003149099647998809814453125" lon="126.59523795358836650848388671875">
        <ele>147.399993896484375</ele>
        <time>2026-08-11T23:03:51.000Z</time>
        <extensions>
          <ns3:TrackPointExtension>
            <ns3:hr>175</ns3:hr>
            <ns3:cad>87</ns3:cad>
          </ns3:TrackPointExtension>
        </extensions>
      </trkpt>
      <trkpt lat="45.7000245340168476104736328125" lon="126.595204509794712066650390625">
        <ele>147.399993896484375</ele>
        <time>2026-08-11T23:03:52.000Z</time>
        <extensions>
          <ns3:TrackPointExtension>
            <ns3:hr>175</ns3:hr>
            <ns3:cad>87</ns3:cad>
          </ns3:TrackPointExtension>
        </extensions>
      </trkpt>
      <trkpt lat="45.70002160035073757171630859375" lon="126.5951652824878692626953125">
        <ele>147.600006103515625</ele>
        <time>2026-08-11T23:03:53.000Z</time>
        <extensions>
          <ns3:TrackPointExtension>
            <ns3:hr>175</ns3:hr>
            <ns3:cad>87</ns3:cad>
          </ns3:TrackPointExtension>
        </extensions>
      </trkpt>
      <trkpt lat="45.7000144757330417633056640625" lon="126.59513468854129314422607421875">
        <ele>147.399993896484375</ele>
        <time>2026-08-11T23:03:54.000Z</time>
        <extensions>
          <ns3:TrackPointExtension>
            <ns3:hr>176</ns3:hr>
            <ns3:cad>87</ns3:cad>
          </ns3:TrackPointExtension>
        </extensions>
      </trkpt>
      <trkpt lat="45.700005590915679931640625" lon="126.5950963832437992095947265625">
        <ele>147.399993896484375</ele>
        <time>2026-08-11T23:03:55.000Z</time>
        <extensions>
          <ns3:TrackPointExtension>
            <ns3:hr>176</ns3:hr>
            <ns3:cad>87</ns3:cad>
          </ns3:TrackPointExtension>
        </extensions>
      </trkpt>
      <trkpt lat="45.70000332780182361602783203125" lon="126.59506930969655513763427734375">
        <ele>147.600006103515625</ele>
        <time>2026-08-11T23:03:56.000Z</time>
        <extensions>
          <ns3:TrackPointExtension>
            <ns3:hr>176</ns3:hr>
            <ns3:cad>87</ns3:cad>
          </ns3:TrackPointExtension>
        </extensions>
      </trkpt>
      <trkpt lat="45.70000047795474529266357421875" lon="126.595027483999729156494140625">
        <ele>147.8000030517578125</ele>
        <time>2026-08-11T23:03:57.000Z</time>
        <extensions>
          <ns3:TrackPointExtension>
            <ns3:hr>176</ns3:hr>
            <ns3:cad>87</ns3:cad>
          </ns3:TrackPointExtension>
        </extensions>
      </trkpt>
      <trkpt lat="45.7000029087066650390625" lon="126.59499404020607471466064453125">
        <ele>148</ele>
        <time>2026-08-11T23:03:58.000Z</time>
        <extensions>
          <ns3:TrackPointExtension>
            <ns3:hr>177</ns3:hr>
            <ns3:cad>87</ns3:cad>
          </ns3:TrackPointExtension>
        </extensions>
      </trkpt>
      <trkpt lat="45.699999891221523284912109375" lon="126.59495950676500797271728515625">
        <ele>148.1999969482421875</ele>
        <time>2026-08-11T23:03:59.000Z</time>
        <extensions>
          <ns3:TrackPointExtension>
            <ns3:hr>177</ns3:hr>
            <ns3:cad>87</ns3:cad>
          </ns3:TrackPointExtension>
        </extensions>
      </trkpt>
      <trkpt lat="45.700000561773777008056640625" lon="126.5949196927249431610107421875">
        <ele>148.399993896484375</ele>
        <time>2026-08-11T23:04:00.000Z</time>
        <extensions>
          <ns3:TrackPointExtension>
            <ns3:hr>177</ns3:hr>
            <ns3:cad>87</ns3:cad>
          </ns3:TrackPointExtension>
        </extensions>
      </trkpt>
      <trkpt lat="45.69999678991734981536865234375" lon="126.59489127807319164276123046875">
        <ele>148.600006103515625</ele>
        <time>2026-08-11T23:04:01.000Z</time>
        <extensions>
          <ns3:TrackPointExtension>
            <ns3:hr>178</ns3:hr>
            <ns3:cad>86</ns3:cad>
          </ns3:TrackPointExtension>
        </extensions>
      </trkpt>
      <trkpt lat="45.6999957002699375152587890625" lon="126.594845093786716461181640625">
        <ele>148.8000030517578125</ele>
        <time>2026-08-11T23:04:02.000Z</time>
        <extensions>
          <ns3:TrackPointExtension>
            <ns3:hr>178</ns3:hr>
            <ns3:cad>85</ns3:cad>
          </ns3:TrackPointExtension>
        </extensions>
      </trkpt>
      <trkpt lat="45.69999259896576404571533203125" lon="126.59482019953429698944091796875">
        <ele>149</ele>
        <time>2026-08-11T23:04:03.000Z</time>
        <extensions>
          <ns3:TrackPointExtension>
            <ns3:hr>179</ns3:hr>
            <ns3:cad>85</ns3:cad>
          </ns3:TrackPointExtension>
        </extensions>
      </trkpt>
      <trkpt lat="45.6999879889190196990966796875" lon="126.59477393142879009246826171875">
        <ele>149</ele>
        <time>2026-08-11T23:04:04.000Z</time>
        <extensions>
          <ns3:TrackPointExtension>
            <ns3:hr>179</ns3:hr>
            <ns3:cad>85</ns3:cad>
          </ns3:TrackPointExtension>
        </extensions>
      </trkpt>
      <trkpt lat="45.69998790509998798370361328125" lon="126.59474216401576995849609375">
        <ele>149</ele>
        <time>2026-08-11T23:04:05.000Z</time>
        <extensions>
          <ns3:TrackPointExtension>
            <ns3:hr>180</ns3:hr>
            <ns3:cad>86</ns3:cad>
          </ns3:TrackPointExtension>
        </extensions>
      </trkpt>
      <trkpt lat="45.69998170249164104461669921875" lon="126.5947041101753711700439453125">
        <ele>149.1999969482421875</ele>
        <time>2026-08-11T23:04:06.000Z</time>
        <extensions>
          <ns3:TrackPointExtension>
            <ns3:hr>180</ns3:hr>
            <ns3:cad>86</ns3:cad>
          </ns3:TrackPointExtension>
        </extensions>
      </trkpt>
      <trkpt lat="45.699983127415180206298828125" lon="126.59466999582946300506591796875">
        <ele>149.1999969482421875</ele>
        <time>2026-08-11T23:04:07.000Z</time>
        <extensions>
          <ns3:TrackPointExtension>
            <ns3:hr>181</ns3:hr>
            <ns3:cad>86</ns3:cad>
          </ns3:TrackPointExtension>
        </extensions>
      </trkpt>
      <trkpt lat="45.6999816186726093292236328125" lon="126.59463831223547458648681640625">
        <ele>149.1999969482421875</ele>
        <time>2026-08-11T23:04:08.000Z</time>
        <extensions>
          <ns3:TrackPointExtension>
            <ns3:hr>181</ns3:hr>
            <ns3:cad>86</ns3:cad>
          </ns3:TrackPointExtension>
        </extensions>
      </trkpt>
      <trkpt lat="45.6999742425978183746337890625" lon="126.59460562281310558319091796875">
        <ele>149.1999969482421875</ele>
        <time>2026-08-11T23:04:09.000Z</time>
        <extensions>
          <ns3:TrackPointExtension>
            <ns3:hr>182</ns3:hr>
            <ns3:cad>86</ns3:cad>
          </ns3:TrackPointExtension>
        </extensions>
      </trkpt>
      <trkpt lat="45.699970722198486328125" lon="126.59457544796168804168701171875">
        <ele>149.1999969482421875</ele>
        <time>2026-08-11T23:04:10.000Z</time>
        <extensions>
          <ns3:TrackPointExtension>
            <ns3:hr>182</ns3:hr>
            <ns3:cad>87</ns3:cad>
          </ns3:TrackPointExtension>
        </extensions>
      </trkpt>
      <trkpt lat="45.6999645195901393890380859375" lon="126.59454208798706531524658203125">
        <ele>149.1999969482421875</ele>
        <time>2026-08-11T23:04:11.000Z</time>
        <extensions>
          <ns3:TrackPointExtension>
            <ns3:hr>183</ns3:hr>
            <ns3:cad>87</ns3:cad>
          </ns3:TrackPointExtension>
        </extensions>
      </trkpt>
      <trkpt lat="45.699958987534046173095703125" lon="126.594512499868869781494140625">
        <ele>149.399993896484375</ele>
        <time>2026-08-11T23:04:12.000Z</time>
        <extensions>
          <ns3:TrackPointExtension>
            <ns3:hr>183</ns3:hr>
            <ns3:cad>87</ns3:cad>
          </ns3:TrackPointExtension>
        </extensions>
      </trkpt>
      <trkpt lat="45.69995320402085781097412109375" lon="126.59448173828423023223876953125">
        <ele>149.399993896484375</ele>
        <time>2026-08-11T23:04:13.000Z</time>
        <extensions>
          <ns3:TrackPointExtension>
            <ns3:hr>183</ns3:hr>
            <ns3:cad>87</ns3:cad>
          </ns3:TrackPointExtension>
        </extensions>
      </trkpt>
      <trkpt lat="45.69994264282286167144775390625" lon="126.59446111880242824554443359375">
        <ele>149.399993896484375</ele>
        <time>2026-08-11T23:04:14.000Z</time>
        <extensions>
          <ns3:TrackPointExtension>
            <ns3:hr>184</ns3:hr>
            <ns3:cad>87</ns3:cad>
          </ns3:TrackPointExtension>
        </extensions>
      </trkpt>
      <trkpt lat="45.6999232806265354156494140625" lon="126.59443161450326442718505859375">
        <ele>149.399993896484375</ele>
        <time>2026-08-11T23:04:15.000Z</time>
        <extensions>
          <ns3:TrackPointExtension>
            <ns3:hr>184</ns3:hr>
            <ns3:cad>88</ns3:cad>
          </ns3:TrackPointExtension>
        </extensions>
      </trkpt>
      <trkpt lat="45.699911378324031829833984375" lon="126.59441049210727214813232421875">
        <ele>149.399993896484375</ele>
        <time>2026-08-11T23:04:16.000Z</time>
        <extensions>
          <ns3:TrackPointExtension>
            <ns3:hr>184</ns3:hr>
            <ns3:cad>88</ns3:cad>
          </ns3:TrackPointExtension>
        </extensions>
      </trkpt>
      <trkpt lat="45.69988816045224666595458984375" lon="126.59439523704349994659423828125">
        <ele>149.399993896484375</ele>
        <time>2026-08-11T23:04:17.000Z</time>
        <extensions>
          <ns3:TrackPointExtension>
            <ns3:hr>184</ns3:hr>
            <ns3:cad>88</ns3:cad>
          </ns3:TrackPointExtension>
        </extensions>
      </trkpt>
      <trkpt lat="45.69986636750400066375732421875" lon="126.594390459358692169189453125">
        <ele>149.399993896484375</ele>
        <time>2026-08-11T23:04:18.000Z</time>
        <extensions>
          <ns3:TrackPointExtension>
            <ns3:hr>184</ns3:hr>
            <ns3:cad>87</ns3:cad>
          </ns3:TrackPointExtension>
        </extensions>
      </trkpt>
      <trkpt lat="45.699844658374786376953125" lon="126.59438869915902614593505859375">
        <ele>149.399993896484375</ele>
        <time>2026-08-11T23:04:19.000Z</time>
        <extensions>
          <ns3:TrackPointExtension>
            <ns3:hr>184</ns3:hr>
            <ns3:cad>87</ns3:cad>
          </ns3:TrackPointExtension>
        </extensions>
      </trkpt>
      <trkpt lat="45.69981993176043033599853515625" lon="126.5943902917206287384033203125">
        <ele>149.600006103515625</ele>
        <time>2026-08-11T23:04:20.000Z</time>
        <extensions>
          <ns3:TrackPointExtension>
            <ns3:hr>184</ns3:hr>
            <ns3:cad>87</ns3:cad>
          </ns3:TrackPointExtension>
        </extensions>
      </trkpt>
      <trkpt lat="45.699796713888645172119140625" lon="126.59439439885318279266357421875">
        <ele>149.600006103515625</ele>
        <time>2026-08-11T23:04:21.000Z</time>
        <extensions>
          <ns3:TrackPointExtension>
            <ns3:hr>184</ns3:hr>
            <ns3:cad>87</ns3:cad>
          </ns3:TrackPointExtension>
        </extensions>
      </trkpt>
      <trkpt lat="45.6997734121978282928466796875" lon="126.5943949855864048004150390625">
        <ele>149.399993896484375</ele>
        <time>2026-08-11T23:04:22.000Z</time>
        <extensions>
          <ns3:TrackPointExtension>
            <ns3:hr>184</ns3:hr>
            <ns3:cad>87</ns3:cad>
          </ns3:TrackPointExtension>
        </extensions>
      </trkpt>
      <trkpt lat="45.69975270889699459075927734375" lon="126.59439825452864170074462890625">
        <ele>149.399993896484375</ele>
        <time>2026-08-11T23:04:23.000Z</time>
        <extensions>
          <ns3:TrackPointExtension>
            <ns3:hr>184</ns3:hr>
            <ns3:cad>87</ns3:cad>
          </ns3:TrackPointExtension>
        </extensions>
      </trkpt>
      <trkpt lat="45.69972555153071880340576171875" lon="126.594399176537990570068359375">
        <ele>149.399993896484375</ele>
        <time>2026-08-11T23:04:24.000Z</time>
        <extensions>
          <ns3:TrackPointExtension>
            <ns3:hr>185</ns3:hr>
            <ns3:cad>87</ns3:cad>
          </ns3:TrackPointExtension>
        </extensions>
      </trkpt>
      <trkpt lat="45.699698813259601593017578125" lon="126.5944060496985912322998046875">
        <ele>149.399993896484375</ele>
        <time>2026-08-11T23:04:25.000Z</time>
        <extensions>
          <ns3:TrackPointExtension>
            <ns3:hr>184</ns3:hr>
            <ns3:cad>88</ns3:cad>
          </ns3:TrackPointExtension>
        </extensions>
      </trkpt>
      <trkpt lat="45.69966821931302547454833984375" lon="126.59439423121511936187744140625">
        <ele>149.399993896484375</ele>
        <time>2026-08-11T23:04:26.000Z</time>
        <extensions>
          <ns3:TrackPointExtension>
            <ns3:hr>184</ns3:hr>
            <ns3:cad>89</ns3:cad>
          </ns3:TrackPointExtension>
        </extensions>
      </trkpt>
      <trkpt lat="45.69963888265192508697509765625" lon="126.594403870403766632080078125">
        <ele>149.600006103515625</ele>
        <time>2026-08-11T23:04:27.000Z</time>
        <extensions>
          <ns3:TrackPointExtension>
            <ns3:hr>184</ns3:hr>
            <ns3:cad>89</ns3:cad>
          </ns3:TrackPointExtension>
        </extensions>
      </trkpt>
      <trkpt lat="45.69960929453372955322265625" lon="126.5944037027657032012939453125">
        <ele>149.600006103515625</ele>
        <time>2026-08-11T23:04:28.000Z</time>
        <extensions>
          <ns3:TrackPointExtension>
            <ns3:hr>184</ns3:hr>
            <ns3:cad>89</ns3:cad>
          </ns3:TrackPointExtension>
        </extensions>
      </trkpt>
      <trkpt lat="45.69958574138581752777099609375" lon="126.59440713934600353240966796875">
        <ele>149.600006103515625</ele>
        <time>2026-08-11T23:04:29.000Z</time>
        <extensions>
          <ns3:TrackPointExtension>
            <ns3:hr>184</ns3:hr>
            <ns3:cad>86</ns3:cad>
          </ns3:TrackPointExtension>
        </extensions>
      </trkpt>
      <trkpt lat="45.69955791346728801727294921875" lon="126.59441065974533557891845703125">
        <ele>149.399993896484375</ele>
        <time>2026-08-11T23:04:30.000Z</time>
        <extensions>
          <ns3:TrackPointExtension>
            <ns3:hr>183</ns3:hr>
            <ns3:cad>86</ns3:cad>
          </ns3:TrackPointExtension>
        </extensions>
      </trkpt>
      <trkpt lat="45.69953620433807373046875" lon="126.5944144316017627716064453125">
        <ele>149.399993896484375</ele>
        <time>2026-08-11T23:04:31.000Z</time>
        <extensions>
          <ns3:TrackPointExtension>
            <ns3:hr>183</ns3:hr>
            <ns3:cad>86</ns3:cad>
          </ns3:TrackPointExtension>
        </extensions>
      </trkpt>
      <trkpt lat="45.69950410164892673492431640625" lon="126.5944211371243000030517578125">
        <ele>149.1999969482421875</ele>
        <time>2026-08-11T23:04:32.000Z</time>
        <extensions>
          <ns3:TrackPointExtension>
            <ns3:hr>183</ns3:hr>
            <ns3:cad>86</ns3:cad>
          </ns3:TrackPointExtension>
        </extensions>
      </trkpt>
      <trkpt lat="45.699480213224887847900390625" lon="126.59443505108356475830078125">
        <ele>149.399993896484375</ele>
        <time>2026-08-11T23:04:33.000Z</time>
        <extensions>
          <ns3:TrackPointExtension>
            <ns3:hr>183</ns3:hr>
            <ns3:cad>86</ns3:cad>
          </ns3:TrackPointExtension>
        </extensions>
      </trkpt>
      <trkpt lat="45.69944794289767742156982421875" lon="126.594435386359691619873046875">
        <ele>149.399993896484375</ele>
        <time>2026-08-11T23:04:34.000Z</time>
        <extensions>
          <ns3:TrackPointExtension>
            <ns3:hr>183</ns3:hr>
            <ns3:cad>86</ns3:cad>
          </ns3:TrackPointExtension>
        </extensions>
      </trkpt>
      <trkpt lat="45.69942967034876346588134765625" lon="126.59443915821611881256103515625">
        <ele>149.399993896484375</ele>
        <time>2026-08-11T23:04:35.000Z</time>
        <extensions>
          <ns3:TrackPointExtension>
            <ns3:hr>183</ns3:hr>
            <ns3:cad>89</ns3:cad>
          </ns3:TrackPointExtension>
        </extensions>
      </trkpt>
      <trkpt lat="45.6994005851447582244873046875" lon="126.59444033168256282806396484375">
        <ele>149.399993896484375</ele>
        <time>2026-08-11T23:04:36.000Z</time>
        <extensions>
          <ns3:TrackPointExtension>
            <ns3:hr>183</ns3:hr>
            <ns3:cad>89</ns3:cad>
          </ns3:TrackPointExtension>
        </extensions>
      </trkpt>
      <trkpt lat="45.69937728345394134521484375" lon="126.594451479613780975341796875">
        <ele>149.399993896484375</ele>
        <time>2026-08-11T23:04:37.000Z</time>
        <extensions>
          <ns3:TrackPointExtension>
            <ns3:hr>183</ns3:hr>
            <ns3:cad>89</ns3:cad>
          </ns3:TrackPointExtension>
        </extensions>
      </trkpt>
      <trkpt lat="45.69934375584125518798828125" lon="126.59445273689925670623779296875">
        <ele>149.399993896484375</ele>
        <time>2026-08-11T23:04:38.000Z</time>
        <extensions>
          <ns3:TrackPointExtension>
            <ns3:hr>183</ns3:hr>
            <ns3:cad>89</ns3:cad>
          </ns3:TrackPointExtension>
        </extensions>
      </trkpt>
      <trkpt lat="45.6993228010833263397216796875" lon="126.59446028061211109161376953125">
        <ele>149.399993896484375</ele>
        <time>2026-08-11T23:04:39.000Z</time>
        <extensions>
          <ns3:TrackPointExtension>
            <ns3:hr>183</ns3:hr>
            <ns3:cad>89</ns3:cad>
          </ns3:TrackPointExtension>
        </extensions>
      </trkpt>
      <trkpt lat="45.69928952492773532867431640625" lon="126.5944643877446651458740234375">
        <ele>149.399993896484375</ele>
        <time>2026-08-11T23:04:40.000Z</time>
        <extensions>
          <ns3:TrackPointExtension>
            <ns3:hr>183</ns3:hr>
            <ns3:cad>89</ns3:cad>
          </ns3:TrackPointExtension>
        </extensions>
      </trkpt>
      <trkpt lat="45.69926798343658447265625" lon="126.59446782432496547698974609375">
        <ele>149.399993896484375</ele>
        <time>2026-08-11T23:04:41.000Z</time>
        <extensions>
          <ns3:TrackPointExtension>
            <ns3:hr>183</ns3:hr>
            <ns3:cad>89</ns3:cad>
          </ns3:TrackPointExtension>
        </extensions>
      </trkpt>
      <trkpt lat="45.69923604838550090789794921875" lon="126.594470255076885223388671875">
        <ele>149.399993896484375</ele>
        <time>2026-08-11T23:04:42.000Z</time>
        <extensions>
          <ns3:TrackPointExtension>
            <ns3:hr>183</ns3:hr>
            <ns3:cad>89</ns3:cad>
          </ns3:TrackPointExtension>
        </extensions>
      </trkpt>
      <trkpt lat="45.69921500980854034423828125" lon="126.59446983598172664642333984375">
        <ele>149.1999969482421875</ele>
        <time>2026-08-11T23:04:43.000Z</time>
        <extensions>
          <ns3:TrackPointExtension>
            <ns3:hr>183</ns3:hr>
            <ns3:cad>88</ns3:cad>
          </ns3:TrackPointExtension>
        </extensions>
      </trkpt>
      <trkpt lat="45.69918408058583736419677734375" lon="126.59447469748556613922119140625">
        <ele>149.1999969482421875</ele>
        <time>2026-08-11T23:04:44.000Z</time>
        <extensions>
          <ns3:TrackPointExtension>
            <ns3:hr>183</ns3:hr>
            <ns3:cad>88</ns3:cad>
          </ns3:TrackPointExtension>
        </extensions>
      </trkpt>
      <trkpt lat="45.6991581805050373077392578125" lon="126.59448022954165935516357421875">
        <ele>149.1999969482421875</ele>
        <time>2026-08-11T23:04:45.000Z</time>
        <extensions>
          <ns3:TrackPointExtension>
            <ns3:hr>183</ns3:hr>
            <ns3:cad>88</ns3:cad>
          </ns3:TrackPointExtension>
        </extensions>
      </trkpt>
      <trkpt lat="45.6991290114820003509521484375" lon="126.59448794089257717132568359375">
        <ele>149.1999969482421875</ele>
        <time>2026-08-11T23:04:46.000Z</time>
        <extensions>
          <ns3:TrackPointExtension>
            <ns3:hr>183</ns3:hr>
            <ns3:cad>88</ns3:cad>
          </ns3:TrackPointExtension>
        </extensions>
      </trkpt>
      <trkpt lat="45.6991025246679782867431640625" lon="126.59449280239641666412353515625">
        <ele>149.1999969482421875</ele>
        <time>2026-08-11T23:04:47.000Z</time>
        <extensions>
          <ns3:TrackPointExtension>
            <ns3:hr>183</ns3:hr>
            <ns3:cad>88</ns3:cad>
          </ns3:TrackPointExtension>
        </extensions>
      </trkpt>
      <trkpt lat="45.6990763731300830841064453125" lon="126.59450654871761798858642578125">
        <ele>149.1999969482421875</ele>
        <time>2026-08-11T23:04:48.000Z</time>
        <extensions>
          <ns3:TrackPointExtension>
            <ns3:hr>183</ns3:hr>
            <ns3:cad>88</ns3:cad>
          </ns3:TrackPointExtension>
        </extensions>
      </trkpt>
      <trkpt lat="45.69904963485896587371826171875" lon="126.5945207141339778900146484375">
        <ele>149.1999969482421875</ele>
        <time>2026-08-11T23:04:49.000Z</time>
        <extensions>
          <ns3:TrackPointExtension>
            <ns3:hr>183</ns3:hr>
            <ns3:cad>88</ns3:cad>
          </ns3:TrackPointExtension>
        </extensions>
      </trkpt>
      <trkpt lat="45.69902650080621242523193359375" lon="126.59453907050192356109619140625">
        <ele>149.1999969482421875</ele>
        <time>2026-08-11T23:04:50.000Z</time>
        <extensions>
          <ns3:TrackPointExtension>
            <ns3:hr>182</ns3:hr>
            <ns3:cad>88</ns3:cad>
          </ns3:TrackPointExtension>
        </extensions>
      </trkpt>
      <trkpt lat="45.699002109467983245849609375" lon="126.59455365501344203948974609375">
        <ele>149.399993896484375</ele>
        <time>2026-08-11T23:04:51.000Z</time>
        <extensions>
          <ns3:TrackPointExtension>
            <ns3:hr>183</ns3:hr>
            <ns3:cad>88</ns3:cad>
          </ns3:TrackPointExtension>
        </extensions>
      </trkpt>
      <trkpt lat="45.6989861838519573211669921875" lon="126.59457880072295665740966796875">
        <ele>149.399993896484375</ele>
        <time>2026-08-11T23:04:52.000Z</time>
        <extensions>
          <ns3:TrackPointExtension>
            <ns3:hr>183</ns3:hr>
            <ns3:cad>88</ns3:cad>
          </ns3:TrackPointExtension>
        </extensions>
      </trkpt>
      <trkpt lat="45.698954500257968902587890625" lon="126.59458500333130359649658203125">
        <ele>149.399993896484375</ele>
        <time>2026-08-11T23:04:53.000Z</time>
        <extensions>
          <ns3:TrackPointExtension>
            <ns3:hr>182</ns3:hr>
            <ns3:cad>87</ns3:cad>
          </ns3:TrackPointExtension>
        </extensions>
      </trkpt>
      <trkpt lat="45.69893714971840381622314453125" lon="126.59459522925317287445068359375">
        <ele>149.1999969482421875</ele>
        <time>2026-08-11T23:04:54.000Z</time>
        <extensions>
          <ns3:TrackPointExtension>
            <ns3:hr>183</ns3:hr>
            <ns3:cad>87</ns3:cad>
          </ns3:TrackPointExtension>
        </extensions>
      </trkpt>
      <trkpt lat="45.698905885219573974609375" lon="126.594575531780719757080078125">
        <ele>149.1999969482421875</ele>
        <time>2026-08-11T23:04:55.000Z</time>
        <extensions>
          <ns3:TrackPointExtension>
            <ns3:hr>182</ns3:hr>
            <ns3:cad>87</ns3:cad>
          </ns3:TrackPointExtension>
        </extensions>
      </trkpt>
      <trkpt lat="45.69888886995613574981689453125" lon="126.59456589259207248687744140625">
        <ele>149.1999969482421875</ele>
        <time>2026-08-11T23:04:56.000Z</time>
        <extensions>
          <ns3:TrackPointExtension>
            <ns3:hr>182</ns3:hr>
            <ns3:cad>87</ns3:cad>
          </ns3:TrackPointExtension>
        </extensions>
      </trkpt>
      <trkpt lat="45.698857270181179046630859375" lon="126.5945468656718730926513671875">
        <ele>149.1999969482421875</ele>
        <time>2026-08-11T23:04:57.000Z</time>
        <extensions>
          <ns3:TrackPointExtension>
            <ns3:hr>181</ns3:hr>
            <ns3:cad>88</ns3:cad>
          </ns3:TrackPointExtension>
        </extensions>
      </trkpt>
      <trkpt lat="45.69883857853710651397705078125" lon="126.59453923813998699188232421875">
        <ele>149.1999969482421875</ele>
        <time>2026-08-11T23:04:58.000Z</time>
        <extensions>
          <ns3:TrackPointExtension>
            <ns3:hr>181</ns3:hr>
            <ns3:cad>88</ns3:cad>
          </ns3:TrackPointExtension>
        </extensions>
      </trkpt>
      <trkpt lat="45.69880521856248378753662109375" lon="126.5945294313132762908935546875">
        <ele>149.1999969482421875</ele>
        <time>2026-08-11T23:04:59.000Z</time>
        <extensions>
          <ns3:TrackPointExtension>
            <ns3:hr>181</ns3:hr>
            <ns3:cad>88</ns3:cad>
          </ns3:TrackPointExtension>
        </extensions>
      </trkpt>
      <trkpt lat="45.6987846828997135162353515625" lon="126.5945295989513397216796875">
        <ele>149.1999969482421875</ele>
        <time>2026-08-11T23:05:00.000Z</time>
        <extensions>
          <ns3:TrackPointExtension>
            <ns3:hr>181</ns3:hr>
            <ns3:cad>88</ns3:cad>
          </ns3:TrackPointExtension>
        </extensions>
      </trkpt>
      <trkpt lat="45.6987521611154079437255859375" lon="126.59453429281711578369140625">
        <ele>149.1999969482421875</ele>
        <time>2026-08-11T23:05:01.000Z</time>
        <extensions>
          <ns3:TrackPointExtension>
            <ns3:hr>180</ns3:hr>
            <ns3:cad>88</ns3:cad>
          </ns3:TrackPointExtension>
        </extensions>
      </trkpt>
      <trkpt lat="45.6987290270626544952392578125" lon="126.5945378132164478302001953125">
        <ele>149.1999969482421875</ele>
        <time>2026-08-11T23:05:02.000Z</time>
        <extensions>
          <ns3:TrackPointExtension>
            <ns3:hr>180</ns3:hr>
            <ns3:cad>88</ns3:cad>
          </ns3:TrackPointExtension>
        </extensions>
      </trkpt>
      <trkpt lat="45.698701702058315277099609375" lon="126.59454426728188991546630859375">
        <ele>149.1999969482421875</ele>
        <time>2026-08-11T23:05:03.000Z</time>
        <extensions>
          <ns3:TrackPointExtension>
            <ns3:hr>179</ns3:hr>
            <ns3:cad>88</ns3:cad>
          </ns3:TrackPointExtension>
        </extensions>
      </trkpt>
      <trkpt lat="45.69867496378719806671142578125" lon="126.59454510547220706939697265625">
        <ele>149</ele>
        <time>2026-08-11T23:05:04.000Z</time>
        <extensions>
          <ns3:TrackPointExtension>
            <ns3:hr>179</ns3:hr>
            <ns3:cad>88</ns3:cad>
          </ns3:TrackPointExtension>
        </extensions>
      </trkpt>
      <trkpt lat="45.6986519135534763336181640625" lon="126.59455248154699802398681640625">
        <ele>149</ele>
        <time>2026-08-11T23:05:05.000Z</time>
        <extensions>
          <ns3:TrackPointExtension>
            <ns3:hr>179</ns3:hr>
            <ns3:cad>89</ns3:cad>
          </ns3:TrackPointExtension>
        </extensions>
      </trkpt>
      <trkpt lat="45.69862358272075653076171875" lon="126.59455231390893459320068359375">
        <ele>149</ele>
        <time>2026-08-11T23:05:06.000Z</time>
        <extensions>
          <ns3:TrackPointExtension>
            <ns3:hr>179</ns3:hr>
            <ns3:cad>89</ns3:cad>
          </ns3:TrackPointExtension>
        </extensions>
      </trkpt>
      <trkpt lat="45.698603130877017974853515625" lon="126.5945564210414886474609375">
        <ele>149</ele>
        <time>2026-08-11T23:05:07.000Z</time>
        <extensions>
          <ns3:TrackPointExtension>
            <ns3:hr>179</ns3:hr>
            <ns3:cad>88</ns3:cad>
          </ns3:TrackPointExtension>
        </extensions>
      </trkpt>
      <trkpt lat="45.69857203401625156402587890625" lon="126.59455918706953525543212890625">
        <ele>149.1999969482421875</ele>
        <time>2026-08-11T23:05:08.000Z</time>
        <extensions>
          <ns3:TrackPointExtension>
            <ns3:hr>180</ns3:hr>
            <ns3:cad>87</ns3:cad>
          </ns3:TrackPointExtension>
        </extensions>
      </trkpt>
      <trkpt lat="45.698553510010242462158203125" lon="126.594568155705928802490234375">
        <ele>149.1999969482421875</ele>
        <time>2026-08-11T23:05:09.000Z</time>
        <extensions>
          <ns3:TrackPointExtension>
            <ns3:hr>180</ns3:hr>
            <ns3:cad>87</ns3:cad>
          </ns3:TrackPointExtension>
        </extensions>
      </trkpt>
      <trkpt lat="45.69852031767368316650390625" lon="126.59457142464816570281982421875">
        <ele>149.1999969482421875</ele>
        <time>2026-08-11T23:05:10.000Z</time>
        <extensions>
          <ns3:TrackPointExtension>
            <ns3:hr>180</ns3:hr>
            <ns3:cad>87</ns3:cad>
          </ns3:TrackPointExtension>
        </extensions>
      </trkpt>
      <trkpt lat="45.69850112311542034149169921875" lon="126.59458030946552753448486328125">
        <ele>149.1999969482421875</ele>
        <time>2026-08-11T23:05:11.000Z</time>
        <extensions>
          <ns3:TrackPointExtension>
            <ns3:hr>180</ns3:hr>
            <ns3:cad>88</ns3:cad>
          </ns3:TrackPointExtension>
        </extensions>
      </trkpt>
      <trkpt lat="45.69846977479755878448486328125" lon="126.59458701498806476593017578125">
        <ele>149.1999969482421875</ele>
        <time>2026-08-11T23:05:12.000Z</time>
        <extensions>
          <ns3:TrackPointExtension>
            <ns3:hr>180</ns3:hr>
            <ns3:cad>88</ns3:cad>
          </ns3:TrackPointExtension>
        </extensions>
      </trkpt>
      <trkpt lat="45.6984463892877101898193359375" lon="126.59459170885384082794189453125">
        <ele>149.1999969482421875</ele>
        <time>2026-08-11T23:05:13.000Z</time>
        <extensions>
          <ns3:TrackPointExtension>
            <ns3:hr>181</ns3:hr>
            <ns3:cad>87</ns3:cad>
          </ns3:TrackPointExtension>
        </extensions>
      </trkpt>
      <trkpt lat="45.6984128616750240325927734375" lon="126.59459858201444149017333984375">
        <ele>149.1999969482421875</ele>
        <time>2026-08-11T23:05:14.000Z</time>
        <extensions>
          <ns3:TrackPointExtension>
            <ns3:hr>181</ns3:hr>
            <ns3:cad>87</ns3:cad>
          </ns3:TrackPointExtension>
        </extensions>
      </trkpt>
      <trkpt lat="45.69838645868003368377685546875" lon="126.59460947848856449127197265625">
        <ele>149.1999969482421875</ele>
        <time>2026-08-11T23:05:15.000Z</time>
        <extensions>
          <ns3:TrackPointExtension>
            <ns3:hr>181</ns3:hr>
            <ns3:cad>88</ns3:cad>
          </ns3:TrackPointExtension>
        </extensions>
      </trkpt>
      <trkpt lat="45.6983582116663455963134765625" lon="126.59461534582078456878662109375">
        <ele>149.399993896484375</ele>
        <time>2026-08-11T23:05:16.000Z</time>
        <extensions>
          <ns3:TrackPointExtension>
            <ns3:hr>180</ns3:hr>
            <ns3:cad>88</ns3:cad>
          </ns3:TrackPointExtension>
        </extensions>
      </trkpt>
      <trkpt lat="45.698331892490386962890625" lon="126.59461517818272113800048828125">
        <ele>149.399993896484375</ele>
        <time>2026-08-11T23:05:17.000Z</time>
        <extensions>
          <ns3:TrackPointExtension>
            <ns3:hr>181</ns3:hr>
            <ns3:cad>88</ns3:cad>
          </ns3:TrackPointExtension>
        </extensions>
      </trkpt>
      <trkpt lat="45.6983059085905551910400390625" lon="126.59461936913430690765380859375">
        <ele>149.399993896484375</ele>
        <time>2026-08-11T23:05:18.000Z</time>
        <extensions>
          <ns3:TrackPointExtension>
            <ns3:hr>181</ns3:hr>
            <ns3:cad>88</ns3:cad>
          </ns3:TrackPointExtension>
        </extensions>
      </trkpt>
      <trkpt lat="45.6982774101197719573974609375" lon="126.5946127474308013916015625">
        <ele>149.399993896484375</ele>
        <time>2026-08-11T23:05:19.000Z</time>
        <extensions>
          <ns3:TrackPointExtension>
            <ns3:hr>181</ns3:hr>
            <ns3:cad>87</ns3:cad>
          </ns3:TrackPointExtension>
        </extensions>
      </trkpt>
      <trkpt lat="45.69825670681893825531005859375" lon="126.594611741602420806884765625">
        <ele>149.399993896484375</ele>
        <time>2026-08-11T23:05:20.000Z</time>
        <extensions>
          <ns3:TrackPointExtension>
            <ns3:hr>181</ns3:hr>
            <ns3:cad>87</ns3:cad>
          </ns3:TrackPointExtension>
        </extensions>
      </trkpt>
      <trkpt lat="45.69823005236685276031494140625" lon="126.594609059393405914306640625">
        <ele>149.399993896484375</ele>
        <time>2026-08-11T23:05:21.000Z</time>
        <extensions>
          <ns3:TrackPointExtension>
            <ns3:hr>181</ns3:hr>
            <ns3:cad>87</ns3:cad>
          </ns3:TrackPointExtension>
        </extensions>
      </trkpt>
      <trkpt lat="45.69821052253246307373046875" lon="126.5946145914494991302490234375">
        <ele>149.600006103515625</ele>
        <time>2026-08-11T23:05:22.000Z</time>
        <extensions>
          <ns3:TrackPointExtension>
            <ns3:hr>182</ns3:hr>
            <ns3:cad>87</ns3:cad>
          </ns3:TrackPointExtension>
        </extensions>
      </trkpt>
      <trkpt lat="45.6981768272817134857177734375" lon="126.5946176089346408843994140625">
        <ele>149.600006103515625</ele>
        <time>2026-08-11T23:05:23.000Z</time>
        <extensions>
          <ns3:TrackPointExtension>
            <ns3:hr>182</ns3:hr>
            <ns3:cad>87</ns3:cad>
          </ns3:TrackPointExtension>
        </extensions>
      </trkpt>
      <trkpt lat="45.69815629161894321441650390625" lon="126.5946261584758758544921875">
        <ele>149.600006103515625</ele>
        <time>2026-08-11T23:05:24.000Z</time>
        <extensions>
          <ns3:TrackPointExtension>
            <ns3:hr>182</ns3:hr>
            <ns3:cad>87</ns3:cad>
          </ns3:TrackPointExtension>
        </extensions>
      </trkpt>
      <trkpt lat="45.698126368224620819091796875" lon="126.594632528722286224365234375">
        <ele>149.600006103515625</ele>
        <time>2026-08-11T23:05:25.000Z</time>
        <extensions>
          <ns3:TrackPointExtension>
            <ns3:hr>181</ns3:hr>
            <ns3:cad>87</ns3:cad>
          </ns3:TrackPointExtension>
        </extensions>
      </trkpt>
      <trkpt lat="45.69810767658054828643798828125" lon="126.5946387313306331634521484375">
        <ele>149.600006103515625</ele>
        <time>2026-08-11T23:05:26.000Z</time>
        <extensions>
          <ns3:TrackPointExtension>
            <ns3:hr>182</ns3:hr>
            <ns3:cad>87</ns3:cad>
          </ns3:TrackPointExtension>
        </extensions>
      </trkpt>
      <trkpt lat="45.6980752386152744293212890625" lon="126.59464267082512378692626953125">
        <ele>149.600006103515625</ele>
        <time>2026-08-11T23:05:27.000Z</time>
        <extensions>
          <ns3:TrackPointExtension>
            <ns3:hr>182</ns3:hr>
            <ns3:cad>87</ns3:cad>
          </ns3:TrackPointExtension>
        </extensions>
      </trkpt>
      <trkpt lat="45.69805352948606014251708984375" lon="126.59464065916836261749267578125">
        <ele>149.399993896484375</ele>
        <time>2026-08-11T23:05:28.000Z</time>
        <extensions>
          <ns3:TrackPointExtension>
            <ns3:hr>182</ns3:hr>
            <ns3:cad>87</ns3:cad>
          </ns3:TrackPointExtension>
        </extensions>
      </trkpt>
      <trkpt lat="45.69802142679691314697265625" lon="126.59462682902812957763671875">
        <ele>149.399993896484375</ele>
        <time>2026-08-11T23:05:29.000Z</time>
        <extensions>
          <ns3:TrackPointExtension>
            <ns3:hr>182</ns3:hr>
            <ns3:cad>87</ns3:cad>
          </ns3:TrackPointExtension>
        </extensions>
      </trkpt>
      <trkpt lat="45.6980014778673648834228515625" lon="126.59460377879440784454345703125">
        <ele>149.1999969482421875</ele>
        <time>2026-08-11T23:05:30.000Z</time>
        <extensions>
          <ns3:TrackPointExtension>
            <ns3:hr>181</ns3:hr>
            <ns3:cad>87</ns3:cad>
          </ns3:TrackPointExtension>
        </extensions>
      </trkpt>
      <trkpt lat="45.697980187833309173583984375" lon="126.59458659589290618896484375">
        <ele>149.1999969482421875</ele>
        <time>2026-08-11T23:05:31.000Z</time>
        <extensions>
          <ns3:TrackPointExtension>
            <ns3:hr>182</ns3:hr>
            <ns3:cad>87</ns3:cad>
          </ns3:TrackPointExtension>
        </extensions>
      </trkpt>
      <trkpt lat="45.69796652533113956451416015625" lon="126.59454493783414363861083984375">
        <ele>149.1999969482421875</ele>
        <time>2026-08-11T23:05:32.000Z</time>
        <extensions>
          <ns3:TrackPointExtension>
            <ns3:hr>182</ns3:hr>
            <ns3:cad>87</ns3:cad>
          </ns3:TrackPointExtension>
        </extensions>
      </trkpt>
      <trkpt lat="45.6979548744857311248779296875" lon="126.59451727755367755889892578125">
        <ele>149.1999969482421875</ele>
        <time>2026-08-11T23:05:33.000Z</time>
        <extensions>
          <ns3:TrackPointExtension>
            <ns3:hr>182</ns3:hr>
            <ns3:cad>88</ns3:cad>
          </ns3:TrackPointExtension>
        </extensions>
      </trkpt>
      <trkpt lat="45.69792914204299449920654296875" lon="126.5944804809987545013427734375">
        <ele>149.399993896484375</ele>
        <time>2026-08-11T23:05:34.000Z</time>
        <extensions>
          <ns3:TrackPointExtension>
            <ns3:hr>182</ns3:hr>
            <ns3:cad>88</ns3:cad>
          </ns3:TrackPointExtension>
        </extensions>
      </trkpt>
      <trkpt lat="45.697913132607936859130859375" lon="126.59446187317371368408203125">
        <ele>149.399993896484375</ele>
        <time>2026-08-11T23:05:35.000Z</time>
        <extensions>
          <ns3:TrackPointExtension>
            <ns3:hr>182</ns3:hr>
            <ns3:cad>88</ns3:cad>
          </ns3:TrackPointExtension>
        </extensions>
      </trkpt>
      <trkpt lat="45.69788622669875621795654296875" lon="126.59443748183548450469970703125">
        <ele>149.399993896484375</ele>
        <time>2026-08-11T23:05:36.000Z</time>
        <extensions>
          <ns3:TrackPointExtension>
            <ns3:hr>182</ns3:hr>
            <ns3:cad>88</ns3:cad>
          </ns3:TrackPointExtension>
        </extensions>
      </trkpt>
      <trkpt lat="45.6978677026927471160888671875" lon="126.59442457370460033416748046875">
        <ele>149.1999969482421875</ele>
        <time>2026-08-11T23:05:37.000Z</time>
        <extensions>
          <ns3:TrackPointExtension>
            <ns3:hr>181</ns3:hr>
            <ns3:cad>88</ns3:cad>
          </ns3:TrackPointExtension>
        </extensions>
      </trkpt>
      <trkpt lat="45.6978402100503444671630859375" lon="126.594418622553348541259765625">
        <ele>149.1999969482421875</ele>
        <time>2026-08-11T23:05:38.000Z</time>
        <extensions>
          <ns3:TrackPointExtension>
            <ns3:hr>182</ns3:hr>
            <ns3:cad>88</ns3:cad>
          </ns3:TrackPointExtension>
        </extensions>
      </trkpt>
      <trkpt lat="45.69782068021595478057861328125" lon="126.594415605068206787109375">
        <ele>149.1999969482421875</ele>
        <time>2026-08-11T23:05:39.000Z</time>
        <extensions>
          <ns3:TrackPointExtension>
            <ns3:hr>182</ns3:hr>
            <ns3:cad>88</ns3:cad>
          </ns3:TrackPointExtension>
        </extensions>
      </trkpt>
      <trkpt lat="45.69779402576386928558349609375" lon="126.5944191254675388336181640625">
        <ele>149.1999969482421875</ele>
        <time>2026-08-11T23:05:40.000Z</time>
        <extensions>
          <ns3:TrackPointExtension>
            <ns3:hr>182</ns3:hr>
            <ns3:cad>88</ns3:cad>
          </ns3:TrackPointExtension>
        </extensions>
      </trkpt>
      <trkpt lat="45.69777089171111583709716796875" lon="126.5944224782288074493408203125">
        <ele>149.1999969482421875</ele>
        <time>2026-08-11T23:05:41.000Z</time>
        <extensions>
          <ns3:TrackPointExtension>
            <ns3:hr>182</ns3:hr>
            <ns3:cad>88</ns3:cad>
          </ns3:TrackPointExtension>
        </extensions>
      </trkpt>
      <trkpt lat="45.6977433152496814727783203125" lon="126.59442708827555179595947265625">
        <ele>149.1999969482421875</ele>
        <time>2026-08-11T23:05:42.000Z</time>
        <extensions>
          <ns3:TrackPointExtension>
            <ns3:hr>182</ns3:hr>
            <ns3:cad>88</ns3:cad>
          </ns3:TrackPointExtension>
        </extensions>
      </trkpt>
      <trkpt lat="45.6977218575775623321533203125" lon="126.59443094395101070404052734375">
        <ele>149.1999969482421875</ele>
        <time>2026-08-11T23:05:43.000Z</time>
        <extensions>
          <ns3:TrackPointExtension>
            <ns3:hr>182</ns3:hr>
            <ns3:cad>88</ns3:cad>
          </ns3:TrackPointExtension>
        </extensions>
      </trkpt>
      <trkpt lat="45.69769822061061859130859375" lon="126.59443563781678676605224609375">
        <ele>149.1999969482421875</ele>
        <time>2026-08-11T23:05:44.000Z</time>
        <extensions>
          <ns3:TrackPointExtension>
            <ns3:hr>182</ns3:hr>
            <ns3:cad>88</ns3:cad>
          </ns3:TrackPointExtension>
        </extensions>
      </trkpt>
      <trkpt lat="45.6976722367107868194580078125" lon="126.5944382362067699432373046875">
        <ele>149.1999969482421875</ele>
        <time>2026-08-11T23:05:45.000Z</time>
        <extensions>
          <ns3:TrackPointExtension>
            <ns3:hr>182</ns3:hr>
            <ns3:cad>88</ns3:cad>
          </ns3:TrackPointExtension>
        </extensions>
      </trkpt>
      <trkpt lat="45.69764751009643077850341796875" lon="126.59444603137671947479248046875">
        <ele>149.399993896484375</ele>
        <time>2026-08-11T23:05:46.000Z</time>
        <extensions>
          <ns3:TrackPointExtension>
            <ns3:hr>182</ns3:hr>
            <ns3:cad>88</ns3:cad>
          </ns3:TrackPointExtension>
        </extensions>
      </trkpt>
      <trkpt lat="45.69762152619659900665283203125" lon="126.594447791576385498046875">
        <ele>149.399993896484375</ele>
        <time>2026-08-11T23:05:47.000Z</time>
        <extensions>
          <ns3:TrackPointExtension>
            <ns3:hr>182</ns3:hr>
            <ns3:cad>88</ns3:cad>
          </ns3:TrackPointExtension>
        </extensions>
      </trkpt>
      <trkpt lat="45.69760057143867015838623046875" lon="126.59445525147020816802978515625">
        <ele>149.399993896484375</ele>
        <time>2026-08-11T23:05:48.000Z</time>
        <extensions>
          <ns3:TrackPointExtension>
            <ns3:hr>182</ns3:hr>
            <ns3:cad>88</ns3:cad>
          </ns3:TrackPointExtension>
        </extensions>
      </trkpt>
      <trkpt lat="45.69757492281496524810791015625" lon="126.59445919096469879150390625">
        <ele>149.399993896484375</ele>
        <time>2026-08-11T23:05:49.000Z</time>
        <extensions>
          <ns3:TrackPointExtension>
            <ns3:hr>182</ns3:hr>
            <ns3:cad>88</ns3:cad>
          </ns3:TrackPointExtension>
        </extensions>
      </trkpt>
      <trkpt lat="45.6975562311708927154541015625" lon="126.59446991980075836181640625">
        <ele>149.1999969482421875</ele>
        <time>2026-08-11T23:05:50.000Z</time>
        <extensions>
          <ns3:TrackPointExtension>
            <ns3:hr>182</ns3:hr>
            <ns3:cad>87</ns3:cad>
          </ns3:TrackPointExtension>
        </extensions>
      </trkpt>
      <trkpt lat="45.69752982817590236663818359375" lon="126.59447654150426387786865234375">
        <ele>149.1999969482421875</ele>
        <time>2026-08-11T23:05:51.000Z</time>
        <extensions>
          <ns3:TrackPointExtension>
            <ns3:hr>182</ns3:hr>
            <ns3:cad>87</ns3:cad>
          </ns3:TrackPointExtension>
        </extensions>
      </trkpt>
      <trkpt lat="45.69750803522765636444091796875" lon="126.59448333084583282470703125">
        <ele>149</ele>
        <time>2026-08-11T23:05:52.000Z</time>
        <extensions>
          <ns3:TrackPointExtension>
            <ns3:hr>183</ns3:hr>
            <ns3:cad>87</ns3:cad>
          </ns3:TrackPointExtension>
        </extensions>
      </trkpt>
      <trkpt lat="45.69748054258525371551513671875" lon="126.5944947302341461181640625">
        <ele>149</ele>
        <time>2026-08-11T23:05:53.000Z</time>
        <extensions>
          <ns3:TrackPointExtension>
            <ns3:hr>182</ns3:hr>
            <ns3:cad>87</ns3:cad>
          </ns3:TrackPointExtension>
        </extensions>
      </trkpt>
      <trkpt lat="45.6974559836089611053466796875" lon="126.5945036150515079498291015625">
        <ele>149</ele>
        <time>2026-08-11T23:05:54.000Z</time>
        <extensions>
          <ns3:TrackPointExtension>
            <ns3:hr>182</ns3:hr>
            <ns3:cad>87</ns3:cad>
          </ns3:TrackPointExtension>
        </extensions>
      </trkpt>
      <trkpt lat="45.69742790423333644866943359375" lon="126.594515182077884674072265625">
        <ele>149</ele>
        <time>2026-08-11T23:05:55.000Z</time>
        <extensions>
          <ns3:TrackPointExtension>
            <ns3:hr>183</ns3:hr>
            <ns3:cad>87</ns3:cad>
          </ns3:TrackPointExtension>
        </extensions>
      </trkpt>
      <trkpt lat="45.69740208797156810760498046875" lon="126.59452381543815135955810546875">
        <ele>149</ele>
        <time>2026-08-11T23:05:56.000Z</time>
        <extensions>
          <ns3:TrackPointExtension>
            <ns3:hr>183</ns3:hr>
            <ns3:cad>87</ns3:cad>
          </ns3:TrackPointExtension>
        </extensions>
      </trkpt>
      <trkpt lat="45.69737375713884830474853515625" lon="126.594535969197750091552734375">
        <ele>149</ele>
        <time>2026-08-11T23:05:57.000Z</time>
        <extensions>
          <ns3:TrackPointExtension>
            <ns3:hr>183</ns3:hr>
            <ns3:cad>87</ns3:cad>
          </ns3:TrackPointExtension>
        </extensions>
      </trkpt>
      <trkpt lat="45.6973493658006191253662109375" lon="126.5945502184331417083740234375">
        <ele>149</ele>
        <time>2026-08-11T23:05:58.000Z</time>
        <extensions>
          <ns3:TrackPointExtension>
            <ns3:hr>183</ns3:hr>
            <ns3:cad>87</ns3:cad>
          </ns3:TrackPointExtension>
        </extensions>
      </trkpt>
      <trkpt lat="45.6973258964717388153076171875" lon="126.59456522203981876373291015625">
        <ele>149</ele>
        <time>2026-08-11T23:05:59.000Z</time>
        <extensions>
          <ns3:TrackPointExtension>
            <ns3:hr>183</ns3:hr>
            <ns3:cad>87</ns3:cad>
          </ns3:TrackPointExtension>
        </extensions>
      </trkpt>
      <trkpt lat="45.69729899056255817413330078125" lon="126.594579219818115234375">
        <ele>149</ele>
        <time>2026-08-11T23:06:00.000Z</time>
        <extensions>
          <ns3:TrackPointExtension>
            <ns3:hr>182</ns3:hr>
            <ns3:cad>87</ns3:cad>
          </ns3:TrackPointExtension>
        </extensions>
      </trkpt>
      <trkpt lat="45.69727853871881961822509765625" lon="126.59459388814866542816162109375">
        <ele>148.8000030517578125</ele>
        <time>2026-08-11T23:06:01.000Z</time>
        <extensions>
          <ns3:TrackPointExtension>
            <ns3:hr>183</ns3:hr>
            <ns3:cad>88</ns3:cad>
          </ns3:TrackPointExtension>
        </extensions>
      </trkpt>
      <trkpt lat="45.6972511298954486846923828125" lon="126.59460662864148616790771484375">
        <ele>148.8000030517578125</ele>
        <time>2026-08-11T23:06:02.000Z</time>
        <extensions>
          <ns3:TrackPointExtension>
            <ns3:hr>183</ns3:hr>
            <ns3:cad>88</ns3:cad>
          </ns3:TrackPointExtension>
        </extensions>
      </trkpt>
      <trkpt lat="45.697233192622661590576171875" lon="126.59462339244782924652099609375">
        <ele>148.600006103515625</ele>
        <time>2026-08-11T23:06:03.000Z</time>
        <extensions>
          <ns3:TrackPointExtension>
            <ns3:hr>183</ns3:hr>
            <ns3:cad>88</ns3:cad>
          </ns3:TrackPointExtension>
        </extensions>
      </trkpt>
      <trkpt lat="45.69720737636089324951171875" lon="126.5946323610842227935791015625">
        <ele>148.600006103515625</ele>
        <time>2026-08-11T23:06:04.000Z</time>
        <extensions>
          <ns3:TrackPointExtension>
            <ns3:hr>182</ns3:hr>
            <ns3:cad>88</ns3:cad>
          </ns3:TrackPointExtension>
        </extensions>
      </trkpt>
      <trkpt lat="45.697186924517154693603515625" lon="126.59464560449123382568359375">
        <ele>148.399993896484375</ele>
        <time>2026-08-11T23:06:05.000Z</time>
        <extensions>
          <ns3:TrackPointExtension>
            <ns3:hr>183</ns3:hr>
            <ns3:cad>88</ns3:cad>
          </ns3:TrackPointExtension>
        </extensions>
      </trkpt>
      <trkpt lat="45.69715909659862518310546875" lon="126.59465792588889598846435546875">
        <ele>148.399993896484375</ele>
        <time>2026-08-11T23:06:06.000Z</time>
        <extensions>
          <ns3:TrackPointExtension>
            <ns3:hr>183</ns3:hr>
            <ns3:cad>87</ns3:cad>
          </ns3:TrackPointExtension>
        </extensions>
      </trkpt>
      <trkpt lat="45.69713872857391834259033203125" lon="126.594667397439479827880859375">
        <ele>148.399993896484375</ele>
        <time>2026-08-11T23:06:07.000Z</time>
        <extensions>
          <ns3:TrackPointExtension>
            <ns3:hr>182</ns3:hr>
            <ns3:cad>87</ns3:cad>
          </ns3:TrackPointExtension>
        </extensions>
      </trkpt>
      <trkpt lat="45.6971153430640697479248046875" lon="126.5946798026561737060546875">
        <ele>148.1999969482421875</ele>
        <time>2026-08-11T23:06:08.000Z</time>
        <extensions>
          <ns3:TrackPointExtension>
            <ns3:hr>183</ns3:hr>
            <ns3:cad>87</ns3:cad>
          </ns3:TrackPointExtension>
        </extensions>
      </trkpt>
      <trkpt lat="45.69709497503936290740966796875" lon="126.59469388425350189208984375">
        <ele>148.1999969482421875</ele>
        <time>2026-08-11T23:06:09.000Z</time>
        <extensions>
          <ns3:TrackPointExtension>
            <ns3:hr>183</ns3:hr>
            <ns3:cad>87</ns3:cad>
          </ns3:TrackPointExtension>
        </extensions>
      </trkpt>
      <trkpt lat="45.69707033224403858184814453125" lon="126.594706289470195770263671875">
        <ele>148.1999969482421875</ele>
        <time>2026-08-11T23:06:10.000Z</time>
        <extensions>
          <ns3:TrackPointExtension>
            <ns3:hr>182</ns3:hr>
            <ns3:cad>87</ns3:cad>
          </ns3:TrackPointExtension>
        </extensions>
      </trkpt>
      <trkpt lat="45.69704518653452396392822265625" lon="126.5947245620191097259521484375">
        <ele>148.1999969482421875</ele>
        <time>2026-08-11T23:06:11.000Z</time>
        <extensions>
          <ns3:TrackPointExtension>
            <ns3:hr>182</ns3:hr>
            <ns3:cad>87</ns3:cad>
          </ns3:TrackPointExtension>
        </extensions>
      </trkpt>
      <trkpt lat="45.6970211304724216461181640625" lon="126.5947403199970722198486328125">
        <ele>148.1999969482421875</ele>
        <time>2026-08-11T23:06:12.000Z</time>
        <extensions>
          <ns3:TrackPointExtension>
            <ns3:hr>182</ns3:hr>
            <ns3:cad>87</ns3:cad>
          </ns3:TrackPointExtension>
        </extensions>
      </trkpt>
      <trkpt lat="45.6969919614493846893310546875" lon="126.59476303495466709136962890625">
        <ele>148</ele>
        <time>2026-08-11T23:06:13.000Z</time>
        <extensions>
          <ns3:TrackPointExtension>
            <ns3:hr>183</ns3:hr>
            <ns3:cad>87</ns3:cad>
          </ns3:TrackPointExtension>
        </extensions>
      </trkpt>
      <trkpt lat="45.6969664804637432098388671875" lon="126.59477661363780498504638671875">
        <ele>148</ele>
        <time>2026-08-11T23:06:14.000Z</time>
        <extensions>
          <ns3:TrackPointExtension>
            <ns3:hr>182</ns3:hr>
            <ns3:cad>87</ns3:cad>
          </ns3:TrackPointExtension>
        </extensions>
      </trkpt>
      <trkpt lat="45.69693990983068943023681640625" lon="126.59479622729122638702392578125">
        <ele>147.8000030517578125</ele>
        <time>2026-08-11T23:06:15.000Z</time>
        <extensions>
          <ns3:TrackPointExtension>
            <ns3:hr>182</ns3:hr>
            <ns3:cad>87</ns3:cad>
          </ns3:TrackPointExtension>
        </extensions>
      </trkpt>
      <trkpt lat="45.69691610522568225860595703125" lon="126.594810225069522857666015625">
        <ele>147.8000030517578125</ele>
        <time>2026-08-11T23:06:16.000Z</time>
        <extensions>
          <ns3:TrackPointExtension>
            <ns3:hr>182</ns3:hr>
            <ns3:cad>87</ns3:cad>
          </ns3:TrackPointExtension>
        </extensions>
      </trkpt>
      <trkpt lat="45.6968933902680873870849609375" lon="126.59482673741877079010009765625">
        <ele>147.600006103515625</ele>
        <time>2026-08-11T23:06:17.000Z</time>
        <extensions>
          <ns3:TrackPointExtension>
            <ns3:hr>183</ns3:hr>
            <ns3:cad>87</ns3:cad>
          </ns3:TrackPointExtension>
        </extensions>
      </trkpt>
      <trkpt lat="45.69687344133853912353515625" lon="126.59483964554965496063232421875">
        <ele>147.399993896484375</ele>
        <time>2026-08-11T23:06:18.000Z</time>
        <extensions>
          <ns3:TrackPointExtension>
            <ns3:hr>182</ns3:hr>
            <ns3:cad>86</ns3:cad>
          </ns3:TrackPointExtension>
        </extensions>
      </trkpt>
      <trkpt lat="45.6968524865806102752685546875" lon="126.59485808573663234710693359375">
        <ele>147.399993896484375</ele>
        <time>2026-08-11T23:06:19.000Z</time>
        <extensions>
          <ns3:TrackPointExtension>
            <ns3:hr>182</ns3:hr>
            <ns3:cad>86</ns3:cad>
          </ns3:TrackPointExtension>
        </extensions>
      </trkpt>
      <trkpt lat="45.6968327052891254425048828125" lon="126.5948814712464809417724609375">
        <ele>147.1999969482421875</ele>
        <time>2026-08-11T23:06:20.000Z</time>
        <extensions>
          <ns3:TrackPointExtension>
            <ns3:hr>182</ns3:hr>
            <ns3:cad>86</ns3:cad>
          </ns3:TrackPointExtension>
        </extensions>
      </trkpt>
      <trkpt lat="45.6968233175575733184814453125" lon="126.59490804187953472137451171875">
        <ele>147.1999969482421875</ele>
        <time>2026-08-11T23:06:21.000Z</time>
        <extensions>
          <ns3:TrackPointExtension>
            <ns3:hr>182</ns3:hr>
            <ns3:cad>86</ns3:cad>
          </ns3:TrackPointExtension>
        </extensions>
      </trkpt>
      <trkpt lat="45.69681250490248203277587890625" lon="126.5949388034641742706298828125">
        <ele>147</ele>
        <time>2026-08-11T23:06:22.000Z</time>
        <extensions>
          <ns3:TrackPointExtension>
            <ns3:hr>182</ns3:hr>
            <ns3:cad>86</ns3:cad>
          </ns3:TrackPointExtension>
        </extensions>
      </trkpt>
      <trkpt lat="45.6967995129525661468505859375" lon="126.59496520645916461944580078125">
        <ele>147</ele>
        <time>2026-08-11T23:06:23.000Z</time>
        <extensions>
          <ns3:TrackPointExtension>
            <ns3:hr>182</ns3:hr>
            <ns3:cad>86</ns3:cad>
          </ns3:TrackPointExtension>
        </extensions>
      </trkpt>
      <trkpt lat="45.6967864371836185455322265625" lon="126.59500300884246826171875">
        <ele>147.1999969482421875</ele>
        <time>2026-08-11T23:06:24.000Z</time>
        <extensions>
          <ns3:TrackPointExtension>
            <ns3:hr>183</ns3:hr>
            <ns3:cad>86</ns3:cad>
          </ns3:TrackPointExtension>
        </extensions>
      </trkpt>
      <trkpt lat="45.69677076302468776702880859375" lon="126.59503293223679065704345703125">
        <ele>147.1999969482421875</ele>
        <time>2026-08-11T23:06:25.000Z</time>
        <extensions>
          <ns3:TrackPointExtension>
            <ns3:hr>182</ns3:hr>
            <ns3:cad>86</ns3:cad>
          </ns3:TrackPointExtension>
        </extensions>
      </trkpt>
      <trkpt lat="45.69675986655056476593017578125" lon="126.5950692258775234222412109375">
        <ele>147.1999969482421875</ele>
        <time>2026-08-11T23:06:26.000Z</time>
        <extensions>
          <ns3:TrackPointExtension>
            <ns3:hr>182</ns3:hr>
            <ns3:cad>88</ns3:cad>
          </ns3:TrackPointExtension>
        </extensions>
      </trkpt>
      <trkpt lat="45.69674595259130001068115234375" lon="126.59510484896600246429443359375">
        <ele>147.1999969482421875</ele>
        <time>2026-08-11T23:06:27.000Z</time>
        <extensions>
          <ns3:TrackPointExtension>
            <ns3:hr>183</ns3:hr>
            <ns3:cad>88</ns3:cad>
          </ns3:TrackPointExtension>
        </extensions>
      </trkpt>
      <trkpt lat="45.6967351399362087249755859375" lon="126.59513653255999088287353515625">
        <ele>147.1999969482421875</ele>
        <time>2026-08-11T23:06:28.000Z</time>
        <extensions>
          <ns3:TrackPointExtension>
            <ns3:hr>182</ns3:hr>
            <ns3:cad>88</ns3:cad>
          </ns3:TrackPointExtension>
        </extensions>
      </trkpt>
      <trkpt lat="45.69672315381467342376708984375" lon="126.595170311629772186279296875">
        <ele>147.1999969482421875</ele>
        <time>2026-08-11T23:06:29.000Z</time>
        <extensions>
          <ns3:TrackPointExtension>
            <ns3:hr>182</ns3:hr>
            <ns3:cad>87</ns3:cad>
          </ns3:TrackPointExtension>
        </extensions>
      </trkpt>
      <trkpt lat="45.69671577773988246917724609375" lon="126.59519688226282596588134765625">
        <ele>147.1999969482421875</ele>
        <time>2026-08-11T23:06:30.000Z</time>
        <extensions>
          <ns3:TrackPointExtension>
            <ns3:hr>183</ns3:hr>
            <ns3:cad>87</ns3:cad>
          </ns3:TrackPointExtension>
        </extensions>
      </trkpt>
      <trkpt lat="45.6966972537338733673095703125" lon="126.5952268056571483612060546875">
        <ele>147</ele>
        <time>2026-08-11T23:06:31.000Z</time>
        <extensions>
          <ns3:TrackPointExtension>
            <ns3:hr>182</ns3:hr>
            <ns3:cad>87</ns3:cad>
          </ns3:TrackPointExtension>
        </extensions>
      </trkpt>
      <trkpt lat="45.6966878660023212432861328125" lon="126.59525438211858272552490234375">
        <ele>147</ele>
        <time>2026-08-11T23:06:32.000Z</time>
        <extensions>
          <ns3:TrackPointExtension>
            <ns3:hr>182</ns3:hr>
            <ns3:cad>87</ns3:cad>
          </ns3:TrackPointExtension>
        </extensions>
      </trkpt>
      <trkpt lat="45.696672610938549041748046875" lon="126.5952886641025543212890625">
        <ele>147</ele>
        <time>2026-08-11T23:06:33.000Z</time>
        <extensions>
          <ns3:TrackPointExtension>
            <ns3:hr>182</ns3:hr>
            <ns3:cad>87</ns3:cad>
          </ns3:TrackPointExtension>
        </extensions>
      </trkpt>
      <trkpt lat="45.696663893759250640869140625" lon="126.59531590528786182403564453125">
        <ele>147</ele>
        <time>2026-08-11T23:06:34.000Z</time>
        <extensions>
          <ns3:TrackPointExtension>
            <ns3:hr>182</ns3:hr>
            <ns3:cad>87</ns3:cad>
          </ns3:TrackPointExtension>
        </extensions>
      </trkpt>
      <trkpt lat="45.69664117880165576934814453125" lon="126.5953451581299304962158203125">
        <ele>147</ele>
        <time>2026-08-11T23:06:35.000Z</time>
        <extensions>
          <ns3:TrackPointExtension>
            <ns3:hr>183</ns3:hr>
            <ns3:cad>88</ns3:cad>
          </ns3:TrackPointExtension>
        </extensions>
      </trkpt>
      <trkpt lat="45.69663011468946933746337890625" lon="126.59536711871623992919921875">
        <ele>146.8000030517578125</ele>
        <time>2026-08-11T23:06:36.000Z</time>
        <extensions>
          <ns3:TrackPointExtension>
            <ns3:hr>182</ns3:hr>
            <ns3:cad>88</ns3:cad>
          </ns3:TrackPointExtension>
        </extensions>
      </trkpt>
      <trkpt lat="45.6966084055602550506591796875" lon="126.595406346023082733154296875">
        <ele>146.8000030517578125</ele>
        <time>2026-08-11T23:06:37.000Z</time>
        <extensions>
          <ns3:TrackPointExtension>
            <ns3:hr>182</ns3:hr>
            <ns3:cad>88</ns3:cad>
          </ns3:TrackPointExtension>
        </extensions>
      </trkpt>
      <trkpt lat="45.69659893400967121124267578125" lon="126.595429480075836181640625">
        <ele>146.8000030517578125</ele>
        <time>2026-08-11T23:06:38.000Z</time>
        <extensions>
          <ns3:TrackPointExtension>
            <ns3:hr>182</ns3:hr>
            <ns3:cad>87</ns3:cad>
          </ns3:TrackPointExtension>
        </extensions>
      </trkpt>
      <trkpt lat="45.69658577442169189453125" lon="126.59546501934528350830078125">
        <ele>146.8000030517578125</ele>
        <time>2026-08-11T23:06:39.000Z</time>
        <extensions>
          <ns3:TrackPointExtension>
            <ns3:hr>182</ns3:hr>
            <ns3:cad>87</ns3:cad>
          </ns3:TrackPointExtension>
        </extensions>
      </trkpt>
      <trkpt lat="45.6965718604624271392822265625" lon="126.59549527801573276519775390625">
        <ele>146.600006103515625</ele>
        <time>2026-08-11T23:06:40.000Z</time>
        <extensions>
          <ns3:TrackPointExtension>
            <ns3:hr>182</ns3:hr>
            <ns3:cad>87</ns3:cad>
          </ns3:TrackPointExtension>
        </extensions>
      </trkpt>
      <trkpt lat="45.69655895233154296875" lon="126.59553450532257556915283203125">
        <ele>146.600006103515625</ele>
        <time>2026-08-11T23:06:41.000Z</time>
        <extensions>
          <ns3:TrackPointExtension>
            <ns3:hr>182</ns3:hr>
            <ns3:cad>87</ns3:cad>
          </ns3:TrackPointExtension>
        </extensions>
      </trkpt>
      <trkpt lat="45.6965460442006587982177734375" lon="126.5955704636871814727783203125">
        <ele>146.600006103515625</ele>
        <time>2026-08-11T23:06:42.000Z</time>
        <extensions>
          <ns3:TrackPointExtension>
            <ns3:hr>182</ns3:hr>
            <ns3:cad>87</ns3:cad>
          </ns3:TrackPointExtension>
        </extensions>
      </trkpt>
      <trkpt lat="45.6965353153645992279052734375" lon="126.59559787251055240631103515625">
        <ele>146.8000030517578125</ele>
        <time>2026-08-11T23:06:43.000Z</time>
        <extensions>
          <ns3:TrackPointExtension>
            <ns3:hr>182</ns3:hr>
            <ns3:cad>87</ns3:cad>
          </ns3:TrackPointExtension>
        </extensions>
      </trkpt>
      <trkpt lat="45.69652752019464969635009765625" lon="126.5956308133900165557861328125">
        <ele>146.8000030517578125</ele>
        <time>2026-08-11T23:06:44.000Z</time>
        <extensions>
          <ns3:TrackPointExtension>
            <ns3:hr>182</ns3:hr>
            <ns3:cad>87</ns3:cad>
          </ns3:TrackPointExtension>
        </extensions>
      </trkpt>
      <trkpt lat="45.69652718491852283477783203125" lon="126.59566006623208522796630859375">
        <ele>147.1999969482421875</ele>
        <time>2026-08-11T23:06:45.000Z</time>
        <extensions>
          <ns3:TrackPointExtension>
            <ns3:hr>181</ns3:hr>
            <ns3:cad>87</ns3:cad>
          </ns3:TrackPointExtension>
        </extensions>
      </trkpt>
      <trkpt lat="45.6965333037078380584716796875" lon="126.5956883132457733154296875">
        <ele>147.399993896484375</ele>
        <time>2026-08-11T23:06:46.000Z</time>
        <extensions>
          <ns3:TrackPointExtension>
            <ns3:hr>181</ns3:hr>
            <ns3:cad>87</ns3:cad>
          </ns3:TrackPointExtension>
        </extensions>
      </trkpt>
      <trkpt lat="45.69654361344873905181884765625" lon="126.59571957774460315704345703125">
        <ele>147.8000030517578125</ele>
        <time>2026-08-11T23:06:47.000Z</time>
        <extensions>
          <ns3:TrackPointExtension>
            <ns3:hr>181</ns3:hr>
            <ns3:cad>86</ns3:cad>
          </ns3:TrackPointExtension>
        </extensions>
      </trkpt>
      <trkpt lat="45.696559958159923553466796875" lon="126.59573231823742389678955078125">
        <ele>148</ele>
        <time>2026-08-11T23:06:48.000Z</time>
        <extensions>
          <ns3:TrackPointExtension>
            <ns3:hr>182</ns3:hr>
            <ns3:cad>85</ns3:cad>
          </ns3:TrackPointExtension>
        </extensions>
      </trkpt>
      <trkpt lat="45.6965795718133449554443359375" lon="126.5957370959222316741943359375">
        <ele>148.399993896484375</ele>
        <time>2026-08-11T23:06:49.000Z</time>
        <extensions>
          <ns3:TrackPointExtension>
            <ns3:hr>181</ns3:hr>
            <ns3:cad>84</ns3:cad>
          </ns3:TrackPointExtension>
        </extensions>
      </trkpt>
      <trkpt lat="45.6965980120003223419189453125" lon="126.5957407839596271514892578125">
        <ele>148.399993896484375</ele>
        <time>2026-08-11T23:06:50.000Z</time>
        <extensions>
          <ns3:TrackPointExtension>
            <ns3:hr>181</ns3:hr>
            <ns3:cad>83</ns3:cad>
          </ns3:TrackPointExtension>
        </extensions>
      </trkpt>
      <trkpt lat="45.6966139376163482666015625" lon="126.595738939940929412841796875">
        <ele>148.399993896484375</ele>
        <time>2026-08-11T23:06:51.000Z</time>
        <extensions>
          <ns3:TrackPointExtension>
            <ns3:hr>181</ns3:hr>
            <ns3:cad>83</ns3:cad>
          </ns3:TrackPointExtension>
        </extensions>
      </trkpt>
      <trkpt lat="45.69663430564105510711669921875" lon="126.5957407839596271514892578125">
        <ele>148.1999969482421875</ele>
        <time>2026-08-11T23:06:52.000Z</time>
        <extensions>
          <ns3:TrackPointExtension>
            <ns3:hr>182</ns3:hr>
            <ns3:cad>83</ns3:cad>
          </ns3:TrackPointExtension>
        </extensions>
      </trkpt>
      <trkpt lat="45.6966519914567470550537109375" lon="126.5957419574260711669921875">
        <ele>148.1999969482421875</ele>
        <time>2026-08-11T23:06:53.000Z</time>
        <extensions>
          <ns3:TrackPointExtension>
            <ns3:hr>182</ns3:hr>
            <ns3:cad>85</ns3:cad>
          </ns3:TrackPointExtension>
        </extensions>
      </trkpt>
      <trkpt lat="45.6966734491288661956787109375" lon="126.59574237652122974395751953125">
        <ele>148</ele>
        <time>2026-08-11T23:06:54.000Z</time>
        <extensions>
          <ns3:TrackPointExtension>
            <ns3:hr>182</ns3:hr>
            <ns3:cad>85</ns3:cad>
          </ns3:TrackPointExtension>
        </extensions>
      </trkpt>
      <trkpt lat="45.696694068610668182373046875" lon="126.5957387723028659820556640625">
        <ele>148</ele>
        <time>2026-08-11T23:06:55.000Z</time>
        <extensions>
          <ns3:TrackPointExtension>
            <ns3:hr>182</ns3:hr>
            <ns3:cad>85</ns3:cad>
          </ns3:TrackPointExtension>
        </extensions>
      </trkpt>
      <trkpt lat="45.69671778939664363861083984375" lon="126.5957397781312465667724609375">
        <ele>148.1999969482421875</ele>
        <time>2026-08-11T23:06:56.000Z</time>
        <extensions>
          <ns3:TrackPointExtension>
            <ns3:hr>181</ns3:hr>
            <ns3:cad>85</ns3:cad>
          </ns3:TrackPointExtension>
        </extensions>
      </trkpt>
      <trkpt lat="45.69673706777393817901611328125" lon="126.59573483280837535858154296875">
        <ele>148.1999969482421875</ele>
        <time>2026-08-11T23:06:57.000Z</time>
        <extensions>
          <ns3:TrackPointExtension>
            <ns3:hr>182</ns3:hr>
            <ns3:cad>85</ns3:cad>
          </ns3:TrackPointExtension>
        </extensions>
      </trkpt>
      <trkpt lat="45.69675634615123271942138671875" lon="126.59573583863675594329833984375">
        <ele>148.1999969482421875</ele>
        <time>2026-08-11T23:06:58.000Z</time>
        <extensions>
          <ns3:TrackPointExtension>
            <ns3:hr>181</ns3:hr>
            <ns3:cad>85</ns3:cad>
          </ns3:TrackPointExtension>
        </extensions>
      </trkpt>
      <trkpt lat="45.69677512161433696746826171875" lon="126.59574354998767375946044921875">
        <ele>148.399993896484375</ele>
        <time>2026-08-11T23:06:59.000Z</time>
        <extensions>
          <ns3:TrackPointExtension>
            <ns3:hr>181</ns3:hr>
            <ns3:cad>85</ns3:cad>
          </ns3:TrackPointExtension>
        </extensions>
      </trkpt>
      <trkpt lat="45.696794651448726654052734375" lon="126.595745980739593505859375">
        <ele>148.399993896484375</ele>
        <time>2026-08-11T23:07:00.000Z</time>
        <extensions>
          <ns3:TrackPointExtension>
            <ns3:hr>181</ns3:hr>
            <ns3:cad>85</ns3:cad>
          </ns3:TrackPointExtension>
        </extensions>
      </trkpt>
      <trkpt lat="45.69681921042501926422119140625" lon="126.595748998224735260009765625">
        <ele>148.399993896484375</ele>
        <time>2026-08-11T23:07:01.000Z</time>
        <extensions>
          <ns3:TrackPointExtension>
            <ns3:hr>181</ns3:hr>
            <ns3:cad>85</ns3:cad>
          </ns3:TrackPointExtension>
        </extensions>
      </trkpt>
      <trkpt lat="45.696840249001979827880859375" lon="126.59575511701405048370361328125">
        <ele>148.399993896484375</ele>
        <time>2026-08-11T23:07:02.000Z</time>
        <extensions>
          <ns3:TrackPointExtension>
            <ns3:hr>181</ns3:hr>
            <ns3:cad>85</ns3:cad>
          </ns3:TrackPointExtension>
        </extensions>
      </trkpt>
      <trkpt lat="45.6968612037599086761474609375" lon="126.59576031379401683807373046875">
        <ele>148.600006103515625</ele>
        <time>2026-08-11T23:07:03.000Z</time>
        <extensions>
          <ns3:TrackPointExtension>
            <ns3:hr>181</ns3:hr>
            <ns3:cad>85</ns3:cad>
          </ns3:TrackPointExtension>
        </extensions>
      </trkpt>
      <trkpt lat="45.69688391871750354766845703125" lon="126.595769114792346954345703125">
        <ele>148.600006103515625</ele>
        <time>2026-08-11T23:07:04.000Z</time>
        <extensions>
          <ns3:TrackPointExtension>
            <ns3:hr>181</ns3:hr>
            <ns3:cad>85</ns3:cad>
          </ns3:TrackPointExtension>
        </extensions>
      </trkpt>
      <trkpt lat="45.69690085016191005706787109375" lon="126.5957666002213954925537109375">
        <ele>148.600006103515625</ele>
        <time>2026-08-11T23:07:05.000Z</time>
        <extensions>
          <ns3:TrackPointExtension>
            <ns3:hr>181</ns3:hr>
            <ns3:cad>85</ns3:cad>
          </ns3:TrackPointExtension>
        </extensions>
      </trkpt>
      <trkpt lat="45.69692482240498065948486328125" lon="126.59576266072690486907958984375">
        <ele>148.600006103515625</ele>
        <time>2026-08-11T23:07:06.000Z</time>
        <extensions>
          <ns3:TrackPointExtension>
            <ns3:hr>181</ns3:hr>
            <ns3:cad>83</ns3:cad>
          </ns3:TrackPointExtension>
        </extensions>
      </trkpt>
      <trkpt lat="45.69694309495389461517333984375" lon="126.59575779922306537628173828125">
        <ele>148.600006103515625</ele>
        <time>2026-08-11T23:07:07.000Z</time>
        <extensions>
          <ns3:TrackPointExtension>
            <ns3:hr>181</ns3:hr>
            <ns3:cad>83</ns3:cad>
          </ns3:TrackPointExtension>
        </extensions>
      </trkpt>
      <trkpt lat="45.69696329534053802490234375" lon="126.595756374299526214599609375">
        <ele>148.600006103515625</ele>
        <time>2026-08-11T23:07:08.000Z</time>
        <extensions>
          <ns3:TrackPointExtension>
            <ns3:hr>181</ns3:hr>
            <ns3:cad>84</ns3:cad>
          </ns3:TrackPointExtension>
        </extensions>
      </trkpt>
      <trkpt lat="45.69698936305940151214599609375" lon="126.59576140344142913818359375">
        <ele>148.8000030517578125</ele>
        <time>2026-08-11T23:07:09.000Z</time>
        <extensions>
          <ns3:TrackPointExtension>
            <ns3:hr>181</ns3:hr>
            <ns3:cad>84</ns3:cad>
          </ns3:TrackPointExtension>
        </extensions>
      </trkpt>
      <trkpt lat="45.69701216183602809906005859375" lon="126.5957642532885074615478515625">
        <ele>149</ele>
        <time>2026-08-11T23:07:10.000Z</time>
        <extensions>
          <ns3:TrackPointExtension>
            <ns3:hr>181</ns3:hr>
            <ns3:cad>85</ns3:cad>
          </ns3:TrackPointExtension>
        </extensions>
      </trkpt>
      <trkpt lat="45.69703429006040096282958984375" lon="126.59577188082039356231689453125">
        <ele>149</ele>
        <time>2026-08-11T23:07:11.000Z</time>
        <extensions>
          <ns3:TrackPointExtension>
            <ns3:hr>181</ns3:hr>
            <ns3:cad>85</ns3:cad>
          </ns3:TrackPointExtension>
        </extensions>
      </trkpt>
      <trkpt lat="45.69705541245639324188232421875" lon="126.5957813523709774017333984375">
        <ele>149.1999969482421875</ele>
        <time>2026-08-11T23:07:12.000Z</time>
        <extensions>
          <ns3:TrackPointExtension>
            <ns3:hr>181</ns3:hr>
            <ns3:cad>85</ns3:cad>
          </ns3:TrackPointExtension>
        </extensions>
      </trkpt>
      <trkpt lat="45.6970794685184955596923828125" lon="126.59579618833959102630615234375">
        <ele>149.1999969482421875</ele>
        <time>2026-08-11T23:07:13.000Z</time>
        <extensions>
          <ns3:TrackPointExtension>
            <ns3:hr>181</ns3:hr>
            <ns3:cad>85</ns3:cad>
          </ns3:TrackPointExtension>
        </extensions>
      </trkpt>
      <trkpt lat="45.69709866307675838470458984375" lon="126.5958081744611263275146484375">
        <ele>149.1999969482421875</ele>
        <time>2026-08-11T23:07:14.000Z</time>
        <extensions>
          <ns3:TrackPointExtension>
            <ns3:hr>181</ns3:hr>
            <ns3:cad>85</ns3:cad>
          </ns3:TrackPointExtension>
        </extensions>
      </trkpt>
      <trkpt lat="45.6971160136163234710693359375" lon="126.59582384862005710601806640625">
        <ele>149.1999969482421875</ele>
        <time>2026-08-11T23:07:15.000Z</time>
        <extensions>
          <ns3:TrackPointExtension>
            <ns3:hr>181</ns3:hr>
            <ns3:cad>85</ns3:cad>
          </ns3:TrackPointExtension>
        </extensions>
      </trkpt>
      <trkpt lat="45.69713227450847625732421875" lon="126.59585486166179180145263671875">
        <ele>149.1999969482421875</ele>
        <time>2026-08-11T23:07:16.000Z</time>
        <extensions>
          <ns3:TrackPointExtension>
            <ns3:hr>181</ns3:hr>
            <ns3:cad>85</ns3:cad>
          </ns3:TrackPointExtension>
        </extensions>
      </trkpt>
      <trkpt lat="45.6971445120871067047119140625" lon="126.59587212838232517242431640625">
        <ele>149.399993896484375</ele>
        <time>2026-08-11T23:07:17.000Z</time>
        <extensions>
          <ns3:TrackPointExtension>
            <ns3:hr>181</ns3:hr>
            <ns3:cad>85</ns3:cad>
          </ns3:TrackPointExtension>
        </extensions>
      </trkpt>
      <trkpt lat="45.697160102427005767822265625" lon="126.59590632654726505279541015625">
        <ele>149.600006103515625</ele>
        <time>2026-08-11T23:07:18.000Z</time>
        <extensions>
          <ns3:TrackPointExtension>
            <ns3:hr>181</ns3:hr>
            <ns3:cad>86</ns3:cad>
          </ns3:TrackPointExtension>
        </extensions>
      </trkpt>
      <trkpt lat="45.69717477075755596160888671875" lon="126.59592778421938419342041015625">
        <ele>149.600006103515625</ele>
        <time>2026-08-11T23:07:19.000Z</time>
        <extensions>
          <ns3:TrackPointExtension>
            <ns3:hr>182</ns3:hr>
            <ns3:cad>86</ns3:cad>
          </ns3:TrackPointExtension>
        </extensions>
      </trkpt>
      <trkpt lat="45.69718667306005954742431640625" lon="126.59595452249050140380859375">
        <ele>149.8000030517578125</ele>
        <time>2026-08-11T23:07:20.000Z</time>
        <extensions>
          <ns3:TrackPointExtension>
            <ns3:hr>182</ns3:hr>
            <ns3:cad>85</ns3:cad>
          </ns3:TrackPointExtension>
        </extensions>
      </trkpt>
      <trkpt lat="45.697195641696453094482421875" lon="126.59599148668348789215087890625">
        <ele>149.8000030517578125</ele>
        <time>2026-08-11T23:07:21.000Z</time>
        <extensions>
          <ns3:TrackPointExtension>
            <ns3:hr>182</ns3:hr>
            <ns3:cad>85</ns3:cad>
          </ns3:TrackPointExtension>
        </extensions>
      </trkpt>
      <trkpt lat="45.69719958119094371795654296875" lon="126.59601763822138309478759765625">
        <ele>150</ele>
        <time>2026-08-11T23:07:22.000Z</time>
        <extensions>
          <ns3:TrackPointExtension>
            <ns3:hr>182</ns3:hr>
            <ns3:cad>84</ns3:cad>
          </ns3:TrackPointExtension>
        </extensions>
      </trkpt>
      <trkpt lat="45.69720477797091007232666015625" lon="126.59605418331921100616455078125">
        <ele>150</ele>
        <time>2026-08-11T23:07:23.000Z</time>
        <extensions>
          <ns3:TrackPointExtension>
            <ns3:hr>182</ns3:hr>
            <ns3:cad>84</ns3:cad>
          </ns3:TrackPointExtension>
        </extensions>
      </trkpt>
      <trkpt lat="45.69720645435154438018798828125" lon="126.59607614390552043914794921875">
        <ele>150.1999969482421875</ele>
        <time>2026-08-11T23:07:24.000Z</time>
        <extensions>
          <ns3:TrackPointExtension>
            <ns3:hr>182</ns3:hr>
            <ns3:cad>84</ns3:cad>
          </ns3:TrackPointExtension>
        </extensions>
      </trkpt>
      <trkpt lat="45.69720779545605182647705078125" lon="126.59610313363373279571533203125">
        <ele>150.1999969482421875</ele>
        <time>2026-08-11T23:07:25.000Z</time>
        <extensions>
          <ns3:TrackPointExtension>
            <ns3:hr>182</ns3:hr>
            <ns3:cad>84</ns3:cad>
          </ns3:TrackPointExtension>
        </extensions>
      </trkpt>
      <trkpt lat="45.69720863364636898040771484375" lon="126.59612710587680339813232421875">
        <ele>150.1999969482421875</ele>
        <time>2026-08-11T23:07:26.000Z</time>
        <extensions>
          <ns3:TrackPointExtension>
            <ns3:hr>182</ns3:hr>
            <ns3:cad>84</ns3:cad>
          </ns3:TrackPointExtension>
        </extensions>
      </trkpt>
      <trkpt lat="45.69721139967441558837890625" lon="126.59615325741469860076904296875">
        <ele>150.399993896484375</ele>
        <time>2026-08-11T23:07:27.000Z</time>
        <extensions>
          <ns3:TrackPointExtension>
            <ns3:hr>182</ns3:hr>
            <ns3:cad>84</ns3:cad>
          </ns3:TrackPointExtension>
        </extensions>
      </trkpt>
      <trkpt lat="45.69721165113151073455810546875" lon="126.59618385136127471923828125">
        <ele>150.399993896484375</ele>
        <time>2026-08-11T23:07:28.000Z</time>
        <extensions>
          <ns3:TrackPointExtension>
            <ns3:hr>182</ns3:hr>
            <ns3:cad>84</ns3:cad>
          </ns3:TrackPointExtension>
        </extensions>
      </trkpt>
      <trkpt lat="45.697212405502796173095703125" lon="126.59621126018464565277099609375">
        <ele>150.600006103515625</ele>
        <time>2026-08-11T23:07:29.000Z</time>
        <extensions>
          <ns3:TrackPointExtension>
            <ns3:hr>183</ns3:hr>
            <ns3:cad>85</ns3:cad>
          </ns3:TrackPointExtension>
        </extensions>
      </trkpt>
      <trkpt lat="45.6972112320363521575927734375" lon="126.59624596126377582550048828125">
        <ele>150.8000030517578125</ele>
        <time>2026-08-11T23:07:30.000Z</time>
        <extensions>
          <ns3:TrackPointExtension>
            <ns3:hr>183</ns3:hr>
            <ns3:cad>85</ns3:cad>
          </ns3:TrackPointExtension>
        </extensions>
      </trkpt>
      <trkpt lat="45.69721366278827190399169921875" lon="126.596272699534893035888671875">
        <ele>150.8000030517578125</ele>
        <time>2026-08-11T23:07:31.000Z</time>
        <extensions>
          <ns3:TrackPointExtension>
            <ns3:hr>183</ns3:hr>
            <ns3:cad>85</ns3:cad>
          </ns3:TrackPointExtension>
        </extensions>
      </trkpt>
      <trkpt lat="45.69722271524369716644287109375" lon="126.596290804445743560791015625">
        <ele>151</ele>
        <time>2026-08-11T23:07:32.000Z</time>
        <extensions>
          <ns3:TrackPointExtension>
            <ns3:hr>183</ns3:hr>
            <ns3:cad>85</ns3:cad>
          </ns3:TrackPointExtension>
        </extensions>
      </trkpt>
      <trkpt lat="45.697241239249706268310546875" lon="126.5963144414126873016357421875">
        <ele>151</ele>
        <time>2026-08-11T23:07:33.000Z</time>
        <extensions>
          <ns3:TrackPointExtension>
            <ns3:hr>183</ns3:hr>
            <ns3:cad>85</ns3:cad>
          </ns3:TrackPointExtension>
        </extensions>
      </trkpt>
      <trkpt lat="45.69726395420730113983154296875" lon="126.59632491879165172576904296875">
        <ele>151</ele>
        <time>2026-08-11T23:07:34.000Z</time>
        <extensions>
          <ns3:TrackPointExtension>
            <ns3:hr>182</ns3:hr>
            <ns3:cad>85</ns3:cad>
          </ns3:TrackPointExtension>
        </extensions>
      </trkpt>
      <trkpt lat="45.69728541187942028045654296875" lon="126.5963389165699481964111328125">
        <ele>151</ele>
        <time>2026-08-11T23:07:35.000Z</time>
        <extensions>
          <ns3:TrackPointExtension>
            <ns3:hr>183</ns3:hr>
            <ns3:cad>84</ns3:cad>
          </ns3:TrackPointExtension>
        </extensions>
      </trkpt>
      <trkpt lat="45.69730267859995365142822265625" lon="126.5963489748537540435791015625">
        <ele>150.8000030517578125</ele>
        <time>2026-08-11T23:07:36.000Z</time>
        <extensions>
          <ns3:TrackPointExtension>
            <ns3:hr>183</ns3:hr>
            <ns3:cad>84</ns3:cad>
          </ns3:TrackPointExtension>
        </extensions>
      </trkpt>
      <trkpt lat="45.69732162170112133026123046875" lon="126.5963533334434032440185546875">
        <ele>150.8000030517578125</ele>
        <time>2026-08-11T23:07:37.000Z</time>
        <extensions>
          <ns3:TrackPointExtension>
            <ns3:hr>183</ns3:hr>
            <ns3:cad>84</ns3:cad>
          </ns3:TrackPointExtension>
        </extensions>
      </trkpt>
      <trkpt lat="45.69733922369778156280517578125" lon="126.59636012278497219085693359375">
        <ele>150.600006103515625</ele>
        <time>2026-08-11T23:07:38.000Z</time>
        <extensions>
          <ns3:TrackPointExtension>
            <ns3:hr>183</ns3:hr>
            <ns3:cad>84</ns3:cad>
          </ns3:TrackPointExtension>
        </extensions>
      </trkpt>
      <trkpt lat="45.69735825061798095703125" lon="126.59636649303138256072998046875">
        <ele>150.399993896484375</ele>
        <time>2026-08-11T23:07:39.000Z</time>
        <extensions>
          <ns3:TrackPointExtension>
            <ns3:hr>183</ns3:hr>
            <ns3:cad>85</ns3:cad>
          </ns3:TrackPointExtension>
        </extensions>
      </trkpt>
      <trkpt lat="45.69737962447106838226318359375" lon="126.5963741205632686614990234375">
        <ele>150.1999969482421875</ele>
        <time>2026-08-11T23:07:40.000Z</time>
        <extensions>
          <ns3:TrackPointExtension>
            <ns3:hr>182</ns3:hr>
            <ns3:cad>86</ns3:cad>
          </ns3:TrackPointExtension>
        </extensions>
      </trkpt>
      <trkpt lat="45.69739990867674350738525390625" lon="126.5963794849812984466552734375">
        <ele>150.1999969482421875</ele>
        <time>2026-08-11T23:07:41.000Z</time>
        <extensions>
          <ns3:TrackPointExtension>
            <ns3:hr>182</ns3:hr>
            <ns3:cad>86</ns3:cad>
          </ns3:TrackPointExtension>
        </extensions>
      </trkpt>
      <trkpt lat="45.69742337800562381744384765625" lon="126.59638158045709133148193359375">
        <ele>150.1999969482421875</ele>
        <time>2026-08-11T23:07:42.000Z</time>
        <extensions>
          <ns3:TrackPointExtension>
            <ns3:hr>182</ns3:hr>
            <ns3:cad>86</ns3:cad>
          </ns3:TrackPointExtension>
        </extensions>
      </trkpt>
      <trkpt lat="45.69744533859193325042724609375" lon="126.5963794849812984466552734375">
        <ele>150.1999969482421875</ele>
        <time>2026-08-11T23:07:43.000Z</time>
        <extensions>
          <ns3:TrackPointExtension>
            <ns3:hr>182</ns3:hr>
            <ns3:cad>86</ns3:cad>
          </ns3:TrackPointExtension>
        </extensions>
      </trkpt>
      <trkpt lat="45.69747501052916049957275390625" lon="126.59638560377061367034912109375">
        <ele>150.1999969482421875</ele>
        <time>2026-08-11T23:07:44.000Z</time>
        <extensions>
          <ns3:TrackPointExtension>
            <ns3:hr>182</ns3:hr>
            <ns3:cad>86</ns3:cad>
          </ns3:TrackPointExtension>
        </extensions>
      </trkpt>
      <trkpt lat="45.6974955461919307708740234375" lon="126.5963902138173580169677734375">
        <ele>150.1999969482421875</ele>
        <time>2026-08-11T23:07:45.000Z</time>
        <extensions>
          <ns3:TrackPointExtension>
            <ns3:hr>182</ns3:hr>
            <ns3:cad>86</ns3:cad>
          </ns3:TrackPointExtension>
        </extensions>
      </trkpt>
      <trkpt lat="45.697525553405284881591796875" lon="126.59639708697795867919921875">
        <ele>150.1999969482421875</ele>
        <time>2026-08-11T23:07:46.000Z</time>
        <extensions>
          <ns3:TrackPointExtension>
            <ns3:hr>181</ns3:hr>
            <ns3:cad>86</ns3:cad>
          </ns3:TrackPointExtension>
        </extensions>
      </trkpt>
      <trkpt lat="45.69754860363900661468505859375" lon="126.5964002721011638641357421875">
        <ele>150.1999969482421875</ele>
        <time>2026-08-11T23:07:47.000Z</time>
        <extensions>
          <ns3:TrackPointExtension>
            <ns3:hr>181</ns3:hr>
            <ns3:cad>86</ns3:cad>
          </ns3:TrackPointExtension>
        </extensions>
      </trkpt>
      <trkpt lat="45.69757483899593353271484375" lon="126.59640245139598846435546875">
        <ele>150.1999969482421875</ele>
        <time>2026-08-11T23:07:48.000Z</time>
        <extensions>
          <ns3:TrackPointExtension>
            <ns3:hr>181</ns3:hr>
            <ns3:cad>86</ns3:cad>
          </ns3:TrackPointExtension>
        </extensions>
      </trkpt>
      <trkpt lat="45.6976021640002727508544921875" lon="126.59640907309949398040771484375">
        <ele>150.1999969482421875</ele>
        <time>2026-08-11T23:07:49.000Z</time>
        <extensions>
          <ns3:TrackPointExtension>
            <ns3:hr>181</ns3:hr>
            <ns3:cad>86</ns3:cad>
          </ns3:TrackPointExtension>
        </extensions>
      </trkpt>
      <trkpt lat="45.6976246275007724761962890625" lon="126.596410162746906280517578125">
        <ele>150.399993896484375</ele>
        <time>2026-08-11T23:07:50.000Z</time>
        <extensions>
          <ns3:TrackPointExtension>
            <ns3:hr>180</ns3:hr>
            <ns3:cad>86</ns3:cad>
          </ns3:TrackPointExtension>
        </extensions>
      </trkpt>
      <trkpt lat="45.6976541317999362945556640625" lon="126.5964173711836338043212890625">
        <ele>150.399993896484375</ele>
        <time>2026-08-11T23:07:51.000Z</time>
        <extensions>
          <ns3:TrackPointExtension>
            <ns3:hr>180</ns3:hr>
            <ns3:cad>86</ns3:cad>
          </ns3:TrackPointExtension>
        </extensions>
      </trkpt>
      <trkpt lat="45.69767600856721401214599609375" lon="126.5964136831462383270263671875">
        <ele>150.399993896484375</ele>
        <time>2026-08-11T23:07:52.000Z</time>
        <extensions>
          <ns3:TrackPointExtension>
            <ns3:hr>180</ns3:hr>
            <ns3:cad>87</ns3:cad>
          </ns3:TrackPointExtension>
        </extensions>
      </trkpt>
      <trkpt lat="45.69770467467606067657470703125" lon="126.5964237414300441741943359375">
        <ele>150.1999969482421875</ele>
        <time>2026-08-11T23:07:53.000Z</time>
        <extensions>
          <ns3:TrackPointExtension>
            <ns3:hr>180</ns3:hr>
            <ns3:cad>87</ns3:cad>
          </ns3:TrackPointExtension>
        </extensions>
      </trkpt>
      <trkpt lat="45.697725377976894378662109375" lon="126.59642315469682216644287109375">
        <ele>150.1999969482421875</ele>
        <time>2026-08-11T23:07:54.000Z</time>
        <extensions>
          <ns3:TrackPointExtension>
            <ns3:hr>180</ns3:hr>
            <ns3:cad>87</ns3:cad>
          </ns3:TrackPointExtension>
        </extensions>
      </trkpt>
      <trkpt lat="45.69775111041963100433349609375" lon="126.596424579620361328125">
        <ele>150.1999969482421875</ele>
        <time>2026-08-11T23:07:55.000Z</time>
        <extensions>
          <ns3:TrackPointExtension>
            <ns3:hr>180</ns3:hr>
            <ns3:cad>87</ns3:cad>
          </ns3:TrackPointExtension>
        </extensions>
      </trkpt>
      <trkpt lat="45.6977758370339870452880859375" lon="126.5964260883629322052001953125">
        <ele>150.1999969482421875</ele>
        <time>2026-08-11T23:07:56.000Z</time>
        <extensions>
          <ns3:TrackPointExtension>
            <ns3:hr>180</ns3:hr>
            <ns3:cad>87</ns3:cad>
          </ns3:TrackPointExtension>
        </extensions>
      </trkpt>
      <trkpt lat="45.697803832590579986572265625" lon="126.59642902202904224395751953125">
        <ele>150.399993896484375</ele>
        <time>2026-08-11T23:07:57.000Z</time>
        <extensions>
          <ns3:TrackPointExtension>
            <ns3:hr>180</ns3:hr>
            <ns3:cad>87</ns3:cad>
          </ns3:TrackPointExtension>
        </extensions>
      </trkpt>
      <trkpt lat="45.69782755337655544281005859375" lon="126.5964341349899768829345703125">
        <ele>150.399993896484375</ele>
        <time>2026-08-11T23:07:58.000Z</time>
        <extensions>
          <ns3:TrackPointExtension>
            <ns3:hr>180</ns3:hr>
            <ns3:cad>87</ns3:cad>
          </ns3:TrackPointExtension>
        </extensions>
      </trkpt>
      <trkpt lat="45.69785177707672119140625" lon="126.59644142724573612213134765625">
        <ele>150.399993896484375</ele>
        <time>2026-08-11T23:07:59.000Z</time>
        <extensions>
          <ns3:TrackPointExtension>
            <ns3:hr>179</ns3:hr>
            <ns3:cad>87</ns3:cad>
          </ns3:TrackPointExtension>
        </extensions>
      </trkpt>
      <trkpt lat="45.69787834770977497100830078125" lon="126.59645115025341510772705078125">
        <ele>150.399993896484375</ele>
        <time>2026-08-11T23:08:00.000Z</time>
        <extensions>
          <ns3:TrackPointExtension>
            <ns3:hr>179</ns3:hr>
            <ns3:cad>87</ns3:cad>
          </ns3:TrackPointExtension>
        </extensions>
      </trkpt>
      <trkpt lat="45.69790299050509929656982421875" lon="126.59645098261535167694091796875">
        <ele>150.399993896484375</ele>
        <time>2026-08-11T23:08:01.000Z</time>
        <extensions>
          <ns3:TrackPointExtension>
            <ns3:hr>179</ns3:hr>
            <ns3:cad>87</ns3:cad>
          </ns3:TrackPointExtension>
        </extensions>
      </trkpt>
      <trkpt lat="45.69793098606169223785400390625" lon="126.59646338783204555511474609375">
        <ele>150.1999969482421875</ele>
        <time>2026-08-11T23:08:02.000Z</time>
        <extensions>
          <ns3:TrackPointExtension>
            <ns3:hr>180</ns3:hr>
            <ns3:cad>87</ns3:cad>
          </ns3:TrackPointExtension>
        </extensions>
      </trkpt>
      <trkpt lat="45.69795361720025539398193359375" lon="126.59646322019398212432861328125">
        <ele>150.1999969482421875</ele>
        <time>2026-08-11T23:08:03.000Z</time>
        <extensions>
          <ns3:TrackPointExtension>
            <ns3:hr>180</ns3:hr>
            <ns3:cad>87</ns3:cad>
          </ns3:TrackPointExtension>
        </extensions>
      </trkpt>
      <trkpt lat="45.6979863904416561126708984375" lon="126.5964713506400585174560546875">
        <ele>150.1999969482421875</ele>
        <time>2026-08-11T23:08:04.000Z</time>
        <extensions>
          <ns3:TrackPointExtension>
            <ns3:hr>181</ns3:hr>
            <ns3:cad>87</ns3:cad>
          </ns3:TrackPointExtension>
        </extensions>
      </trkpt>
      <trkpt lat="45.69800826720893383026123046875" lon="126.59647763706743717193603515625">
        <ele>150.399993896484375</ele>
        <time>2026-08-11T23:08:05.000Z</time>
        <extensions>
          <ns3:TrackPointExtension>
            <ns3:hr>181</ns3:hr>
            <ns3:cad>87</ns3:cad>
          </ns3:TrackPointExtension>
        </extensions>
      </trkpt>
      <trkpt lat="45.69803726859390735626220703125" lon="126.59648534841835498809814453125">
        <ele>150.1999969482421875</ele>
        <time>2026-08-11T23:08:06.000Z</time>
        <extensions>
          <ns3:TrackPointExtension>
            <ns3:hr>181</ns3:hr>
            <ns3:cad>86</ns3:cad>
          </ns3:TrackPointExtension>
        </extensions>
      </trkpt>
      <trkpt lat="45.69806308485567569732666015625" lon="126.5964941494166851043701171875">
        <ele>150.1999969482421875</ele>
        <time>2026-08-11T23:08:07.000Z</time>
        <extensions>
          <ns3:TrackPointExtension>
            <ns3:hr>182</ns3:hr>
            <ns3:cad>86</ns3:cad>
          </ns3:TrackPointExtension>
        </extensions>
      </trkpt>
      <trkpt lat="45.69808672182261943817138671875" lon="126.59649540670216083526611328125">
        <ele>150.1999969482421875</ele>
        <time>2026-08-11T23:08:08.000Z</time>
        <extensions>
          <ns3:TrackPointExtension>
            <ns3:hr>182</ns3:hr>
            <ns3:cad>86</ns3:cad>
          </ns3:TrackPointExtension>
        </extensions>
      </trkpt>
      <trkpt lat="45.69811907596886157989501953125" lon="126.59651049412786960601806640625">
        <ele>150.1999969482421875</ele>
        <time>2026-08-11T23:08:09.000Z</time>
        <extensions>
          <ns3:TrackPointExtension>
            <ns3:hr>182</ns3:hr>
            <ns3:cad>86</ns3:cad>
          </ns3:TrackPointExtension>
        </extensions>
      </trkpt>
      <trkpt lat="45.6981432996690273284912109375" lon="126.59651451744139194488525390625">
        <ele>150</ele>
        <time>2026-08-11T23:08:10.000Z</time>
        <extensions>
          <ns3:TrackPointExtension>
            <ns3:hr>182</ns3:hr>
            <ns3:cad>86</ns3:cad>
          </ns3:TrackPointExtension>
        </extensions>
      </trkpt>
      <trkpt lat="45.69817573763430118560791015625" lon="126.59652859903872013092041015625">
        <ele>150</ele>
        <time>2026-08-11T23:08:11.000Z</time>
        <extensions>
          <ns3:TrackPointExtension>
            <ns3:hr>182</ns3:hr>
            <ns3:cad>87</ns3:cad>
          </ns3:TrackPointExtension>
        </extensions>
      </trkpt>
      <trkpt lat="45.69820004515349864959716796875" lon="126.5965330414474010467529296875">
        <ele>150.1999969482421875</ele>
        <time>2026-08-11T23:08:12.000Z</time>
        <extensions>
          <ns3:TrackPointExtension>
            <ns3:hr>183</ns3:hr>
            <ns3:cad>87</ns3:cad>
          </ns3:TrackPointExtension>
        </extensions>
      </trkpt>
      <trkpt lat="45.6982311420142650604248046875" lon="126.59654284827411174774169921875">
        <ele>150.1999969482421875</ele>
        <time>2026-08-11T23:08:13.000Z</time>
        <extensions>
          <ns3:TrackPointExtension>
            <ns3:hr>183</ns3:hr>
            <ns3:cad>86</ns3:cad>
          </ns3:TrackPointExtension>
        </extensions>
      </trkpt>
      <trkpt lat="45.69825670681893825531005859375" lon="126.59655441530048847198486328125">
        <ele>150.1999969482421875</ele>
        <time>2026-08-11T23:08:14.000Z</time>
        <extensions>
          <ns3:TrackPointExtension>
            <ns3:hr>183</ns3:hr>
            <ns3:cad>86</ns3:cad>
          </ns3:TrackPointExtension>
        </extensions>
      </trkpt>
      <trkpt lat="45.69828621111810207366943359375" lon="126.59656338393688201904296875">
        <ele>150.1999969482421875</ele>
        <time>2026-08-11T23:08:15.000Z</time>
        <extensions>
          <ns3:TrackPointExtension>
            <ns3:hr>183</ns3:hr>
            <ns3:cad>86</ns3:cad>
          </ns3:TrackPointExtension>
        </extensions>
      </trkpt>
      <trkpt lat="45.698314122855663299560546875" lon="126.59657620824873447418212890625">
        <ele>150.1999969482421875</ele>
        <time>2026-08-11T23:08:16.000Z</time>
        <extensions>
          <ns3:TrackPointExtension>
            <ns3:hr>183</ns3:hr>
            <ns3:cad>86</ns3:cad>
          </ns3:TrackPointExtension>
        </extensions>
      </trkpt>
      <trkpt lat="45.69833834655582904815673828125" lon="126.5965799801051616668701171875">
        <ele>150.1999969482421875</ele>
        <time>2026-08-11T23:08:17.000Z</time>
        <extensions>
          <ns3:TrackPointExtension>
            <ns3:hr>183</ns3:hr>
            <ns3:cad>86</ns3:cad>
          </ns3:TrackPointExtension>
        </extensions>
      </trkpt>
      <trkpt lat="45.69836650975048542022705078125" lon="126.5965922176837921142578125">
        <ele>150.1999969482421875</ele>
        <time>2026-08-11T23:08:18.000Z</time>
        <extensions>
          <ns3:TrackPointExtension>
            <ns3:hr>183</ns3:hr>
            <ns3:cad>86</ns3:cad>
          </ns3:TrackPointExtension>
        </extensions>
      </trkpt>
      <trkpt lat="45.6983841955661773681640625" lon="126.5965903736650943756103515625">
        <ele>150.1999969482421875</ele>
        <time>2026-08-11T23:08:19.000Z</time>
        <extensions>
          <ns3:TrackPointExtension>
            <ns3:hr>183</ns3:hr>
            <ns3:cad>86</ns3:cad>
          </ns3:TrackPointExtension>
        </extensions>
      </trkpt>
      <trkpt lat="45.69841428659856319427490234375" lon="126.596600599586963653564453125">
        <ele>150.1999969482421875</ele>
        <time>2026-08-11T23:08:20.000Z</time>
        <extensions>
          <ns3:TrackPointExtension>
            <ns3:hr>183</ns3:hr>
            <ns3:cad>86</ns3:cad>
          </ns3:TrackPointExtension>
        </extensions>
      </trkpt>
      <trkpt lat="45.69842912256717681884765625" lon="126.59660772420465946197509765625">
        <ele>150.1999969482421875</ele>
        <time>2026-08-11T23:08:21.000Z</time>
        <extensions>
          <ns3:TrackPointExtension>
            <ns3:hr>184</ns3:hr>
            <ns3:cad>87</ns3:cad>
          </ns3:TrackPointExtension>
        </extensions>
      </trkpt>
      <trkpt lat="45.69845284335315227508544921875" lon="126.59661962650716304779052734375">
        <ele>150.1999969482421875</ele>
        <time>2026-08-11T23:08:22.000Z</time>
        <extensions>
          <ns3:TrackPointExtension>
            <ns3:hr>184</ns3:hr>
            <ns3:cad>87</ns3:cad>
          </ns3:TrackPointExtension>
        </extensions>
      </trkpt>
      <trkpt lat="45.69847145117819309234619140625" lon="126.59662641584873199462890625">
        <ele>150</ele>
        <time>2026-08-11T23:08:23.000Z</time>
        <extensions>
          <ns3:TrackPointExtension>
            <ns3:hr>184</ns3:hr>
            <ns3:cad>87</ns3:cad>
          </ns3:TrackPointExtension>
        </extensions>
      </trkpt>
      <trkpt lat="45.69849592633545398712158203125" lon="126.59663152880966663360595703125">
        <ele>150.1999969482421875</ele>
        <time>2026-08-11T23:08:24.000Z</time>
        <extensions>
          <ns3:TrackPointExtension>
            <ns3:hr>184</ns3:hr>
            <ns3:cad>86</ns3:cad>
          </ns3:TrackPointExtension>
        </extensions>
      </trkpt>
      <trkpt lat="45.69851763546466827392578125" lon="126.5966322831809520721435546875">
        <ele>150.1999969482421875</ele>
        <time>2026-08-11T23:08:25.000Z</time>
        <extensions>
          <ns3:TrackPointExtension>
            <ns3:hr>184</ns3:hr>
            <ns3:cad>87</ns3:cad>
          </ns3:TrackPointExtension>
        </extensions>
      </trkpt>
      <trkpt lat="45.69854269735515117645263671875" lon="126.596636474132537841796875">
        <ele>150.1999969482421875</ele>
        <time>2026-08-11T23:08:26.000Z</time>
        <extensions>
          <ns3:TrackPointExtension>
            <ns3:hr>185</ns3:hr>
            <ns3:cad>87</ns3:cad>
          </ns3:TrackPointExtension>
        </extensions>
      </trkpt>
      <trkpt lat="45.69856566376984119415283203125" lon="126.59664007835090160369873046875">
        <ele>150.1999969482421875</ele>
        <time>2026-08-11T23:08:27.000Z</time>
        <extensions>
          <ns3:TrackPointExtension>
            <ns3:hr>185</ns3:hr>
            <ns3:cad>88</ns3:cad>
          </ns3:TrackPointExtension>
        </extensions>
      </trkpt>
      <trkpt lat="45.69858913309872150421142578125" lon="126.59664510749280452728271484375">
        <ele>150.399993896484375</ele>
        <time>2026-08-11T23:08:28.000Z</time>
        <extensions>
          <ns3:TrackPointExtension>
            <ns3:hr>185</ns3:hr>
            <ns3:cad>88</ns3:cad>
          </ns3:TrackPointExtension>
        </extensions>
      </trkpt>
      <trkpt lat="45.69861126132309436798095703125" lon="126.59665717743337154388427734375">
        <ele>150.399993896484375</ele>
        <time>2026-08-11T23:08:29.000Z</time>
        <extensions>
          <ns3:TrackPointExtension>
            <ns3:hr>184</ns3:hr>
            <ns3:cad>88</ns3:cad>
          </ns3:TrackPointExtension>
        </extensions>
      </trkpt>
      <trkpt lat="45.69863338954746723175048828125" lon="126.5966607816517353057861328125">
        <ele>150.399993896484375</ele>
        <time>2026-08-11T23:08:30.000Z</time>
        <extensions>
          <ns3:TrackPointExtension>
            <ns3:hr>185</ns3:hr>
            <ns3:cad>88</ns3:cad>
          </ns3:TrackPointExtension>
        </extensions>
      </trkpt>
      <trkpt lat="45.6986604630947113037109375" lon="126.59667260013520717620849609375">
        <ele>150.399993896484375</ele>
        <time>2026-08-11T23:08:31.000Z</time>
        <extensions>
          <ns3:TrackPointExtension>
            <ns3:hr>185</ns3:hr>
            <ns3:cad>88</ns3:cad>
          </ns3:TrackPointExtension>
        </extensions>
      </trkpt>
      <trkpt lat="45.69868133403360843658447265625" lon="126.5966762043535709381103515625">
        <ele>150.399993896484375</ele>
        <time>2026-08-11T23:08:32.000Z</time>
        <extensions>
          <ns3:TrackPointExtension>
            <ns3:hr>184</ns3:hr>
            <ns3:cad>88</ns3:cad>
          </ns3:TrackPointExtension>
        </extensions>
      </trkpt>
      <trkpt lat="45.698709748685359954833984375" lon="126.59669087268412113189697265625">
        <ele>150.399993896484375</ele>
        <time>2026-08-11T23:08:33.000Z</time>
        <extensions>
          <ns3:TrackPointExtension>
            <ns3:hr>185</ns3:hr>
            <ns3:cad>88</ns3:cad>
          </ns3:TrackPointExtension>
        </extensions>
      </trkpt>
      <trkpt lat="45.698727183043956756591796875" lon="126.596695147454738616943359375">
        <ele>150.399993896484375</ele>
        <time>2026-08-11T23:08:34.000Z</time>
        <extensions>
          <ns3:TrackPointExtension>
            <ns3:hr>185</ns3:hr>
            <ns3:cad>88</ns3:cad>
          </ns3:TrackPointExtension>
        </extensions>
      </trkpt>
      <trkpt lat="45.69876263849437236785888671875" lon="126.59670554101467132568359375">
        <ele>150.399993896484375</ele>
        <time>2026-08-11T23:08:35.000Z</time>
        <extensions>
          <ns3:TrackPointExtension>
            <ns3:hr>184</ns3:hr>
            <ns3:cad>87</ns3:cad>
          </ns3:TrackPointExtension>
        </extensions>
      </trkpt>
      <trkpt lat="45.6987887062132358551025390625" lon="126.596713252365589141845703125">
        <ele>150.399993896484375</ele>
        <time>2026-08-11T23:08:36.000Z</time>
        <extensions>
          <ns3:TrackPointExtension>
            <ns3:hr>185</ns3:hr>
            <ns3:cad>87</ns3:cad>
          </ns3:TrackPointExtension>
        </extensions>
      </trkpt>
      <trkpt lat="45.69881460629403591156005859375" lon="126.59671836532652378082275390625">
        <ele>150.399993896484375</ele>
        <time>2026-08-11T23:08:37.000Z</time>
        <extensions>
          <ns3:TrackPointExtension>
            <ns3:hr>185</ns3:hr>
            <ns3:cad>87</ns3:cad>
          </ns3:TrackPointExtension>
        </extensions>
      </trkpt>
      <trkpt lat="45.6988386623561382293701171875" lon="126.59673110581934452056884765625">
        <ele>150.399993896484375</ele>
        <time>2026-08-11T23:08:38.000Z</time>
        <extensions>
          <ns3:TrackPointExtension>
            <ns3:hr>184</ns3:hr>
            <ns3:cad>87</ns3:cad>
          </ns3:TrackPointExtension>
        </extensions>
      </trkpt>
      <trkpt lat="45.69886255078017711639404296875" lon="126.59673814661800861358642578125">
        <ele>150.399993896484375</ele>
        <time>2026-08-11T23:08:39.000Z</time>
        <extensions>
          <ns3:TrackPointExtension>
            <ns3:hr>185</ns3:hr>
            <ns3:cad>87</ns3:cad>
          </ns3:TrackPointExtension>
        </extensions>
      </trkpt>
      <trkpt lat="45.6988929770886898040771484375" lon="126.59675289876759052276611328125">
        <ele>150.399993896484375</ele>
        <time>2026-08-11T23:08:40.000Z</time>
        <extensions>
          <ns3:TrackPointExtension>
            <ns3:hr>185</ns3:hr>
            <ns3:cad>88</ns3:cad>
          </ns3:TrackPointExtension>
        </extensions>
      </trkpt>
      <trkpt lat="45.69891636259853839874267578125" lon="126.5967566706240177154541015625">
        <ele>150.399993896484375</ele>
        <time>2026-08-11T23:08:41.000Z</time>
        <extensions>
          <ns3:TrackPointExtension>
            <ns3:hr>184</ns3:hr>
            <ns3:cad>88</ns3:cad>
          </ns3:TrackPointExtension>
        </extensions>
      </trkpt>
      <trkpt lat="45.69894083775579929351806640625" lon="126.59676429815590381622314453125">
        <ele>150.399993896484375</ele>
        <time>2026-08-11T23:08:42.000Z</time>
        <extensions>
          <ns3:TrackPointExtension>
            <ns3:hr>185</ns3:hr>
            <ns3:cad>88</ns3:cad>
          </ns3:TrackPointExtension>
        </extensions>
      </trkpt>
      <trkpt lat="45.69896296598017215728759765625" lon="126.596768237650394439697265625">
        <ele>150.399993896484375</ele>
        <time>2026-08-11T23:08:43.000Z</time>
        <extensions>
          <ns3:TrackPointExtension>
            <ns3:hr>185</ns3:hr>
            <ns3:cad>87</ns3:cad>
          </ns3:TrackPointExtension>
        </extensions>
      </trkpt>
      <trkpt lat="45.6989845074713230133056640625" lon="126.5967772901058197021484375">
        <ele>150.399993896484375</ele>
        <time>2026-08-11T23:08:44.000Z</time>
        <extensions>
          <ns3:TrackPointExtension>
            <ns3:hr>184</ns3:hr>
            <ns3:cad>86</ns3:cad>
          </ns3:TrackPointExtension>
        </extensions>
      </trkpt>
      <trkpt lat="45.699008144438266754150390625" lon="126.596787013113498687744140625">
        <ele>150.399993896484375</ele>
        <time>2026-08-11T23:08:45.000Z</time>
        <extensions>
          <ns3:TrackPointExtension>
            <ns3:hr>185</ns3:hr>
            <ns3:cad>86</ns3:cad>
          </ns3:TrackPointExtension>
        </extensions>
      </trkpt>
      <trkpt lat="45.6990344636142253875732421875" lon="126.596799083054065704345703125">
        <ele>150.399993896484375</ele>
        <time>2026-08-11T23:08:46.000Z</time>
        <extensions>
          <ns3:TrackPointExtension>
            <ns3:hr>185</ns3:hr>
            <ns3:cad>86</ns3:cad>
          </ns3:TrackPointExtension>
        </extensions>
      </trkpt>
      <trkpt lat="45.699055753648281097412109375" lon="126.59680872224271297454833984375">
        <ele>150.600006103515625</ele>
        <time>2026-08-11T23:08:47.000Z</time>
        <extensions>
          <ns3:TrackPointExtension>
            <ns3:hr>184</ns3:hr>
            <ns3:cad>86</ns3:cad>
          </ns3:TrackPointExtension>
        </extensions>
      </trkpt>
      <trkpt lat="45.69907821714878082275390625" lon="126.59681878052651882171630859375">
        <ele>150.399993896484375</ele>
        <time>2026-08-11T23:08:48.000Z</time>
        <extensions>
          <ns3:TrackPointExtension>
            <ns3:hr>184</ns3:hr>
            <ns3:cad>87</ns3:cad>
          </ns3:TrackPointExtension>
        </extensions>
      </trkpt>
      <trkpt lat="45.69910235702991485595703125" lon="126.5968391485512256622314453125">
        <ele>150.399993896484375</ele>
        <time>2026-08-11T23:08:49.000Z</time>
        <extensions>
          <ns3:TrackPointExtension>
            <ns3:hr>184</ns3:hr>
            <ns3:cad>87</ns3:cad>
          </ns3:TrackPointExtension>
        </extensions>
      </trkpt>
      <trkpt lat="45.69912088103592395782470703125" lon="126.59685314632952213287353515625">
        <ele>150.399993896484375</ele>
        <time>2026-08-11T23:08:50.000Z</time>
        <extensions>
          <ns3:TrackPointExtension>
            <ns3:hr>184</ns3:hr>
            <ns3:cad>87</ns3:cad>
          </ns3:TrackPointExtension>
        </extensions>
      </trkpt>
      <trkpt lat="45.69914367981255054473876953125" lon="126.596875526010990142822265625">
        <ele>150.399993896484375</ele>
        <time>2026-08-11T23:08:51.000Z</time>
        <extensions>
          <ns3:TrackPointExtension>
            <ns3:hr>185</ns3:hr>
            <ns3:cad>87</ns3:cad>
          </ns3:TrackPointExtension>
        </extensions>
      </trkpt>
      <trkpt lat="45.699168406426906585693359375" lon="126.5968894399702548980712890625">
        <ele>150.600006103515625</ele>
        <time>2026-08-11T23:08:52.000Z</time>
        <extensions>
          <ns3:TrackPointExtension>
            <ns3:hr>184</ns3:hr>
            <ns3:cad>87</ns3:cad>
          </ns3:TrackPointExtension>
        </extensions>
      </trkpt>
      <trkpt lat="45.69919531233608722686767578125" lon="126.59690201282501220703125">
        <ele>150.600006103515625</ele>
        <time>2026-08-11T23:08:53.000Z</time>
        <extensions>
          <ns3:TrackPointExtension>
            <ns3:hr>184</ns3:hr>
            <ns3:cad>87</ns3:cad>
          </ns3:TrackPointExtension>
        </extensions>
      </trkpt>
      <trkpt lat="45.6992183625698089599609375" lon="126.59690980799496173858642578125">
        <ele>150.600006103515625</ele>
        <time>2026-08-11T23:08:54.000Z</time>
        <extensions>
          <ns3:TrackPointExtension>
            <ns3:hr>184</ns3:hr>
            <ns3:cad>87</ns3:cad>
          </ns3:TrackPointExtension>
        </extensions>
      </trkpt>
      <trkpt lat="45.6992419995367527008056640625" lon="126.5969162620604038238525390625">
        <ele>150.600006103515625</ele>
        <time>2026-08-11T23:08:55.000Z</time>
        <extensions>
          <ns3:TrackPointExtension>
            <ns3:hr>184</ns3:hr>
            <ns3:cad>87</ns3:cad>
          </ns3:TrackPointExtension>
        </extensions>
      </trkpt>
      <trkpt lat="45.69926303811371326446533203125" lon="126.59692724235355854034423828125">
        <ele>150.8000030517578125</ele>
        <time>2026-08-11T23:08:56.000Z</time>
        <extensions>
          <ns3:TrackPointExtension>
            <ns3:hr>184</ns3:hr>
            <ns3:cad>86</ns3:cad>
          </ns3:TrackPointExtension>
        </extensions>
      </trkpt>
      <trkpt lat="45.6992839090526103973388671875" lon="126.596935205161571502685546875">
        <ele>150.8000030517578125</ele>
        <time>2026-08-11T23:08:57.000Z</time>
        <extensions>
          <ns3:TrackPointExtension>
            <ns3:hr>184</ns3:hr>
            <ns3:cad>86</ns3:cad>
          </ns3:TrackPointExtension>
        </extensions>
      </trkpt>
      <trkpt lat="45.6993030197918415069580078125" lon="126.59694316796958446502685546875">
        <ele>150.8000030517578125</ele>
        <time>2026-08-11T23:08:58.000Z</time>
        <extensions>
          <ns3:TrackPointExtension>
            <ns3:hr>184</ns3:hr>
            <ns3:cad>87</ns3:cad>
          </ns3:TrackPointExtension>
        </extensions>
      </trkpt>
      <trkpt lat="45.6993274949491024017333984375" lon="126.59694886766374111175537109375">
        <ele>150.8000030517578125</ele>
        <time>2026-08-11T23:08:59.000Z</time>
        <extensions>
          <ns3:TrackPointExtension>
            <ns3:hr>184</ns3:hr>
            <ns3:cad>87</ns3:cad>
          </ns3:TrackPointExtension>
        </extensions>
      </trkpt>
      <trkpt lat="45.699350126087665557861328125" lon="126.59695540554821491241455078125">
        <ele>150.600006103515625</ele>
        <time>2026-08-11T23:09:00.000Z</time>
        <extensions>
          <ns3:TrackPointExtension>
            <ns3:hr>184</ns3:hr>
            <ns3:cad>87</ns3:cad>
          </ns3:TrackPointExtension>
        </extensions>
      </trkpt>
      <trkpt lat="45.6993737630546092987060546875" lon="126.59696194343268871307373046875">
        <ele>150.600006103515625</ele>
        <time>2026-08-11T23:09:01.000Z</time>
        <extensions>
          <ns3:TrackPointExtension>
            <ns3:hr>184</ns3:hr>
            <ns3:cad>87</ns3:cad>
          </ns3:TrackPointExtension>
        </extensions>
      </trkpt>
      <trkpt lat="45.69939848966896533966064453125" lon="126.5969621948897838592529296875">
        <ele>150.8000030517578125</ele>
        <time>2026-08-11T23:09:02.000Z</time>
        <extensions>
          <ns3:TrackPointExtension>
            <ns3:hr>184</ns3:hr>
            <ns3:cad>87</ns3:cad>
          </ns3:TrackPointExtension>
        </extensions>
      </trkpt>
      <trkpt lat="45.6994180195033550262451171875" lon="126.5969628654420375823974609375">
        <ele>151</ele>
        <time>2026-08-11T23:09:03.000Z</time>
        <extensions>
          <ns3:TrackPointExtension>
            <ns3:hr>184</ns3:hr>
            <ns3:cad>87</ns3:cad>
          </ns3:TrackPointExtension>
        </extensions>
      </trkpt>
      <trkpt lat="45.69944291375577449798583984375" lon="126.59696781076490879058837890625">
        <ele>151</ele>
        <time>2026-08-11T23:09:04.000Z</time>
        <extensions>
          <ns3:TrackPointExtension>
            <ns3:hr>183</ns3:hr>
            <ns3:cad>87</ns3:cad>
          </ns3:TrackPointExtension>
        </extensions>
      </trkpt>
      <trkpt lat="45.699463449418544769287109375" lon="126.596974097192287445068359375">
        <ele>151.1999969482421875</ele>
        <time>2026-08-11T23:09:05.000Z</time>
        <extensions>
          <ns3:TrackPointExtension>
            <ns3:hr>183</ns3:hr>
            <ns3:cad>87</ns3:cad>
          </ns3:TrackPointExtension>
        </extensions>
      </trkpt>
      <trkpt lat="45.6994860805571079254150390625" lon="126.59698289819061756134033203125">
        <ele>151.1999969482421875</ele>
        <time>2026-08-11T23:09:06.000Z</time>
        <extensions>
          <ns3:TrackPointExtension>
            <ns3:hr>184</ns3:hr>
            <ns3:cad>87</ns3:cad>
          </ns3:TrackPointExtension>
        </extensions>
      </trkpt>
      <trkpt lat="45.6995098851621150970458984375" lon="126.59699396230280399322509765625">
        <ele>151</ele>
        <time>2026-08-11T23:09:07.000Z</time>
        <extensions>
          <ns3:TrackPointExtension>
            <ns3:hr>184</ns3:hr>
            <ns3:cad>87</ns3:cad>
          </ns3:TrackPointExtension>
        </extensions>
      </trkpt>
      <trkpt lat="45.699531845748424530029296875" lon="126.59700267948210239410400390625">
        <ele>151</ele>
        <time>2026-08-11T23:09:08.000Z</time>
        <extensions>
          <ns3:TrackPointExtension>
            <ns3:hr>184</ns3:hr>
            <ns3:cad>87</ns3:cad>
          </ns3:TrackPointExtension>
        </extensions>
      </trkpt>
      <trkpt lat="45.69955405779182910919189453125" lon="126.5970098040997982025146484375">
        <ele>151</ele>
        <time>2026-08-11T23:09:09.000Z</time>
        <extensions>
          <ns3:TrackPointExtension>
            <ns3:hr>183</ns3:hr>
            <ns3:cad>87</ns3:cad>
          </ns3:TrackPointExtension>
        </extensions>
      </trkpt>
      <trkpt lat="45.69957501254975795745849609375" lon="126.59701667726039886474609375">
        <ele>151</ele>
        <time>2026-08-11T23:09:10.000Z</time>
        <extensions>
          <ns3:TrackPointExtension>
            <ns3:hr>184</ns3:hr>
            <ns3:cad>88</ns3:cad>
          </ns3:TrackPointExtension>
        </extensions>
      </trkpt>
      <trkpt lat="45.69960300810635089874267578125" lon="126.59702782519161701202392578125">
        <ele>151</ele>
        <time>2026-08-11T23:09:11.000Z</time>
        <extensions>
          <ns3:TrackPointExtension>
            <ns3:hr>184</ns3:hr>
            <ns3:cad>88</ns3:cad>
          </ns3:TrackPointExtension>
        </extensions>
      </trkpt>
      <trkpt lat="45.69962547160685062408447265625" lon="126.59703101031482219696044921875">
        <ele>151</ele>
        <time>2026-08-11T23:09:12.000Z</time>
        <extensions>
          <ns3:TrackPointExtension>
            <ns3:hr>184</ns3:hr>
            <ns3:cad>88</ns3:cad>
          </ns3:TrackPointExtension>
        </extensions>
      </trkpt>
      <trkpt lat="45.69965614937245845794677734375" lon="126.59703939221799373626708984375">
        <ele>151</ele>
        <time>2026-08-11T23:09:13.000Z</time>
        <extensions>
          <ns3:TrackPointExtension>
            <ns3:hr>184</ns3:hr>
            <ns3:cad>87</ns3:cad>
          </ns3:TrackPointExtension>
        </extensions>
      </trkpt>
      <trkpt lat="45.699681378901004791259765625" lon="126.5970423258841037750244140625">
        <ele>151</ele>
        <time>2026-08-11T23:09:14.000Z</time>
        <extensions>
          <ns3:TrackPointExtension>
            <ns3:hr>185</ns3:hr>
            <ns3:cad>86</ns3:cad>
          </ns3:TrackPointExtension>
        </extensions>
      </trkpt>
      <trkpt lat="45.6997118890285491943359375" lon="126.59704425372183322906494140625">
        <ele>151</ele>
        <time>2026-08-11T23:09:15.000Z</time>
        <extensions>
          <ns3:TrackPointExtension>
            <ns3:hr>185</ns3:hr>
            <ns3:cad>86</ns3:cad>
          </ns3:TrackPointExtension>
        </extensions>
      </trkpt>
      <trkpt lat="45.6997429020702838897705078125" lon="126.59704911522567272186279296875">
        <ele>151</ele>
        <time>2026-08-11T23:09:16.000Z</time>
        <extensions>
          <ns3:TrackPointExtension>
            <ns3:hr>185</ns3:hr>
            <ns3:cad>86</ns3:cad>
          </ns3:TrackPointExtension>
        </extensions>
      </trkpt>
      <trkpt lat="45.69977081380784511566162109375" lon="126.5970480255782604217529296875">
        <ele>151.1999969482421875</ele>
        <time>2026-08-11T23:09:17.000Z</time>
        <extensions>
          <ns3:TrackPointExtension>
            <ns3:hr>185</ns3:hr>
            <ns3:cad>86</ns3:cad>
          </ns3:TrackPointExtension>
        </extensions>
      </trkpt>
      <trkpt lat="45.699801407754421234130859375" lon="126.597054898738861083984375">
        <ele>151.1999969482421875</ele>
        <time>2026-08-11T23:09:18.000Z</time>
        <extensions>
          <ns3:TrackPointExtension>
            <ns3:hr>185</ns3:hr>
            <ns3:cad>87</ns3:cad>
          </ns3:TrackPointExtension>
        </extensions>
      </trkpt>
      <trkpt lat="45.699826218187808990478515625" lon="126.597060598433017730712890625">
        <ele>151.1999969482421875</ele>
        <time>2026-08-11T23:09:19.000Z</time>
        <extensions>
          <ns3:TrackPointExtension>
            <ns3:hr>184</ns3:hr>
            <ns3:cad>87</ns3:cad>
          </ns3:TrackPointExtension>
        </extensions>
      </trkpt>
      <trkpt lat="45.69985873997211456298828125" lon="126.5970644541084766387939453125">
        <ele>151.1999969482421875</ele>
        <time>2026-08-11T23:09:20.000Z</time>
        <extensions>
          <ns3:TrackPointExtension>
            <ns3:hr>185</ns3:hr>
            <ns3:cad>86</ns3:cad>
          </ns3:TrackPointExtension>
        </extensions>
      </trkpt>
      <trkpt lat="45.699883885681629180908203125" lon="126.5970621071755886077880859375">
        <ele>151.1999969482421875</ele>
        <time>2026-08-11T23:09:21.000Z</time>
        <extensions>
          <ns3:TrackPointExtension>
            <ns3:hr>185</ns3:hr>
            <ns3:cad>86</ns3:cad>
          </ns3:TrackPointExtension>
        </extensions>
      </trkpt>
      <trkpt lat="45.69991095922887325286865234375" lon="126.5970641188323497772216796875">
        <ele>151.1999969482421875</ele>
        <time>2026-08-11T23:09:22.000Z</time>
        <extensions>
          <ns3:TrackPointExtension>
            <ns3:hr>185</ns3:hr>
            <ns3:cad>86</ns3:cad>
          </ns3:TrackPointExtension>
        </extensions>
      </trkpt>
      <trkpt lat="45.6999380327761173248291015625" lon="126.59706738777458667755126953125">
        <ele>151.1999969482421875</ele>
        <time>2026-08-11T23:09:23.000Z</time>
        <extensions>
          <ns3:TrackPointExtension>
            <ns3:hr>185</ns3:hr>
            <ns3:cad>86</ns3:cad>
          </ns3:TrackPointExtension>
        </extensions>
      </trkpt>
      <trkpt lat="45.699963681399822235107421875" lon="126.59706906415522098541259765625">
        <ele>151.1999969482421875</ele>
        <time>2026-08-11T23:09:24.000Z</time>
        <extensions>
          <ns3:TrackPointExtension>
            <ns3:hr>186</ns3:hr>
            <ns3:cad>86</ns3:cad>
          </ns3:TrackPointExtension>
        </extensions>
      </trkpt>
      <trkpt lat="45.6999910064041614532470703125" lon="126.5970671363174915313720703125">
        <ele>151.1999969482421875</ele>
        <time>2026-08-11T23:09:25.000Z</time>
        <extensions>
          <ns3:TrackPointExtension>
            <ns3:hr>186</ns3:hr>
            <ns3:cad>86</ns3:cad>
          </ns3:TrackPointExtension>
        </extensions>
      </trkpt>
      <trkpt lat="45.70001556538045406341552734375" lon="126.59706990234553813934326171875">
        <ele>151.1999969482421875</ele>
        <time>2026-08-11T23:09:26.000Z</time>
        <extensions>
          <ns3:TrackPointExtension>
            <ns3:hr>186</ns3:hr>
            <ns3:cad>86</ns3:cad>
          </ns3:TrackPointExtension>
        </extensions>
      </trkpt>
      <trkpt lat="45.7000453211367130279541015625" lon="126.5970741771161556243896484375">
        <ele>151.1999969482421875</ele>
        <time>2026-08-11T23:09:27.000Z</time>
        <extensions>
          <ns3:TrackPointExtension>
            <ns3:hr>186</ns3:hr>
            <ns3:cad>86</ns3:cad>
          </ns3:TrackPointExtension>
        </extensions>
      </trkpt>
      <trkpt lat="45.70007256232202053070068359375" lon="126.59707409329712390899658203125">
        <ele>151.1999969482421875</ele>
        <time>2026-08-11T23:09:28.000Z</time>
        <extensions>
          <ns3:TrackPointExtension>
            <ns3:hr>186</ns3:hr>
            <ns3:cad>86</ns3:cad>
          </ns3:TrackPointExtension>
        </extensions>
      </trkpt>
      <trkpt lat="45.70010424591600894927978515625" lon="126.59707342274487018585205078125">
        <ele>151.1999969482421875</ele>
        <time>2026-08-11T23:09:29.000Z</time>
        <extensions>
          <ns3:TrackPointExtension>
            <ns3:hr>186</ns3:hr>
            <ns3:cad>86</ns3:cad>
          </ns3:TrackPointExtension>
        </extensions>
      </trkpt>
      <trkpt lat="45.70013224147260189056396484375" lon="126.59707057289779186248779296875">
        <ele>151.1999969482421875</ele>
        <time>2026-08-11T23:09:30.000Z</time>
        <extensions>
          <ns3:TrackPointExtension>
            <ns3:hr>185</ns3:hr>
            <ns3:cad>85</ns3:cad>
          </ns3:TrackPointExtension>
        </extensions>
      </trkpt>
      <trkpt lat="45.70015872828662395477294921875" lon="126.59706118516623973846435546875">
        <ele>151.1999969482421875</ele>
        <time>2026-08-11T23:09:31.000Z</time>
        <extensions>
          <ns3:TrackPointExtension>
            <ns3:hr>186</ns3:hr>
            <ns3:cad>85</ns3:cad>
          </ns3:TrackPointExtension>
        </extensions>
      </trkpt>
      <trkpt lat="45.7001866400241851806640625" lon="126.59706571139395236968994140625">
        <ele>151.1999969482421875</ele>
        <time>2026-08-11T23:09:32.000Z</time>
        <extensions>
          <ns3:TrackPointExtension>
            <ns3:hr>186</ns3:hr>
            <ns3:cad>85</ns3:cad>
          </ns3:TrackPointExtension>
        </extensions>
      </trkpt>
      <trkpt lat="45.7002134621143341064453125" lon="126.5970594249665737152099609375">
        <ele>151.399993896484375</ele>
        <time>2026-08-11T23:09:33.000Z</time>
        <extensions>
          <ns3:TrackPointExtension>
            <ns3:hr>186</ns3:hr>
            <ns3:cad>85</ns3:cad>
          </ns3:TrackPointExtension>
        </extensions>
      </trkpt>
      <trkpt lat="45.70024120621383190155029296875" lon="126.59705867059528827667236328125">
        <ele>151.399993896484375</ele>
        <time>2026-08-11T23:09:34.000Z</time>
        <extensions>
          <ns3:TrackPointExtension>
            <ns3:hr>185</ns3:hr>
            <ns3:cad>85</ns3:cad>
          </ns3:TrackPointExtension>
        </extensions>
      </trkpt>
      <trkpt lat="45.70026115514338016510009765625" lon="126.59705766476690769195556640625">
        <ele>151.399993896484375</ele>
        <time>2026-08-11T23:09:35.000Z</time>
        <extensions>
          <ns3:TrackPointExtension>
            <ns3:hr>185</ns3:hr>
            <ns3:cad>85</ns3:cad>
          </ns3:TrackPointExtension>
        </extensions>
      </trkpt>
      <trkpt lat="45.70028479211032390594482421875" lon="126.59705917350947856903076171875">
        <ele>151.399993896484375</ele>
        <time>2026-08-11T23:09:36.000Z</time>
        <extensions>
          <ns3:TrackPointExtension>
            <ns3:hr>185</ns3:hr>
            <ns3:cad>86</ns3:cad>
          </ns3:TrackPointExtension>
        </extensions>
      </trkpt>
      <trkpt lat="45.7003088481724262237548828125" lon="126.59706101752817630767822265625">
        <ele>151.399993896484375</ele>
        <time>2026-08-11T23:09:37.000Z</time>
        <extensions>
          <ns3:TrackPointExtension>
            <ns3:hr>185</ns3:hr>
            <ns3:cad>86</ns3:cad>
          </ns3:TrackPointExtension>
        </extensions>
      </trkpt>
      <trkpt lat="45.70033005438745021820068359375" lon="126.59705783240497112274169921875">
        <ele>151.399993896484375</ele>
        <time>2026-08-11T23:09:38.000Z</time>
        <extensions>
          <ns3:TrackPointExtension>
            <ns3:hr>185</ns3:hr>
            <ns3:cad>86</ns3:cad>
          </ns3:TrackPointExtension>
        </extensions>
      </trkpt>
      <trkpt lat="45.70035100914537906646728515625" lon="126.5970574133098125457763671875">
        <ele>151.399993896484375</ele>
        <time>2026-08-11T23:09:39.000Z</time>
        <extensions>
          <ns3:TrackPointExtension>
            <ns3:hr>186</ns3:hr>
            <ns3:cad>86</ns3:cad>
          </ns3:TrackPointExtension>
        </extensions>
      </trkpt>
      <trkpt lat="45.70037313736975193023681640625" lon="126.59705531783401966094970703125">
        <ele>151.1999969482421875</ele>
        <time>2026-08-11T23:09:40.000Z</time>
        <extensions>
          <ns3:TrackPointExtension>
            <ns3:hr>185</ns3:hr>
            <ns3:cad>86</ns3:cad>
          </ns3:TrackPointExtension>
        </extensions>
      </trkpt>
      <trkpt lat="45.7003966905176639556884765625" lon="126.59705012105405330657958984375">
        <ele>151.1999969482421875</ele>
        <time>2026-08-11T23:09:41.000Z</time>
        <extensions>
          <ns3:TrackPointExtension>
            <ns3:hr>185</ns3:hr>
            <ns3:cad>86</ns3:cad>
          </ns3:TrackPointExtension>
        </extensions>
      </trkpt>
      <trkpt lat="45.70041655562818050384521484375" lon="126.59704509191215038299560546875">
        <ele>151.1999969482421875</ele>
        <time>2026-08-11T23:09:42.000Z</time>
        <extensions>
          <ns3:TrackPointExtension>
            <ns3:hr>186</ns3:hr>
            <ns3:cad>86</ns3:cad>
          </ns3:TrackPointExtension>
        </extensions>
      </trkpt>
      <trkpt lat="45.70044052787125110626220703125" lon="126.59704509191215038299560546875">
        <ele>151.1999969482421875</ele>
        <time>2026-08-11T23:09:43.000Z</time>
        <extensions>
          <ns3:TrackPointExtension>
            <ns3:hr>185</ns3:hr>
            <ns3:cad>86</ns3:cad>
          </ns3:TrackPointExtension>
        </extensions>
      </trkpt>
      <trkpt lat="45.70046148262917995452880859375" lon="126.59704358316957950592041015625">
        <ele>151.1999969482421875</ele>
        <time>2026-08-11T23:09:44.000Z</time>
        <extensions>
          <ns3:TrackPointExtension>
            <ns3:hr>185</ns3:hr>
            <ns3:cad>86</ns3:cad>
          </ns3:TrackPointExtension>
        </extensions>
      </trkpt>
      <trkpt lat="45.70048361085355281829833984375" lon="126.59704710356891155242919921875">
        <ele>151.1999969482421875</ele>
        <time>2026-08-11T23:09:45.000Z</time>
        <extensions>
          <ns3:TrackPointExtension>
            <ns3:hr>185</ns3:hr>
            <ns3:cad>86</ns3:cad>
          </ns3:TrackPointExtension>
        </extensions>
      </trkpt>
      <trkpt lat="45.70050506852567195892333984375" lon="126.59704475663602352142333984375">
        <ele>151.1999969482421875</ele>
        <time>2026-08-11T23:09:46.000Z</time>
        <extensions>
          <ns3:TrackPointExtension>
            <ns3:hr>185</ns3:hr>
            <ns3:cad>86</ns3:cad>
          </ns3:TrackPointExtension>
        </extensions>
      </trkpt>
      <trkpt lat="45.70054245181381702423095703125" lon="126.5970470197498798370361328125">
        <ele>151.399993896484375</ele>
        <time>2026-08-11T23:09:47.000Z</time>
        <extensions>
          <ns3:TrackPointExtension>
            <ns3:hr>184</ns3:hr>
            <ns3:cad>86</ns3:cad>
          </ns3:TrackPointExtension>
        </extensions>
      </trkpt>
      <trkpt lat="45.700571537017822265625" lon="126.59704928286373615264892578125">
        <ele>151.399993896484375</ele>
        <time>2026-08-11T23:09:48.000Z</time>
        <extensions>
          <ns3:TrackPointExtension>
            <ns3:hr>184</ns3:hr>
            <ns3:cad>87</ns3:cad>
          </ns3:TrackPointExtension>
        </extensions>
      </trkpt>
      <trkpt lat="45.7005968503654003143310546875" lon="126.5970436669886112213134765625">
        <ele>151.600006103515625</ele>
        <time>2026-08-11T23:09:49.000Z</time>
        <extensions>
          <ns3:TrackPointExtension>
            <ns3:hr>184</ns3:hr>
            <ns3:cad>87</ns3:cad>
          </ns3:TrackPointExtension>
        </extensions>
      </trkpt>
      <trkpt lat="45.7006270252168178558349609375" lon="126.5970481932163238525390625">
        <ele>151.600006103515625</ele>
        <time>2026-08-11T23:09:50.000Z</time>
        <extensions>
          <ns3:TrackPointExtension>
            <ns3:hr>184</ns3:hr>
            <ns3:cad>87</ns3:cad>
          </ns3:TrackPointExtension>
        </extensions>
      </trkpt>
      <trkpt lat="45.7006488181650638580322265625" lon="126.5970450080931186676025390625">
        <ele>151.600006103515625</ele>
        <time>2026-08-11T23:09:51.000Z</time>
        <extensions>
          <ns3:TrackPointExtension>
            <ns3:hr>184</ns3:hr>
            <ns3:cad>87</ns3:cad>
          </ns3:TrackPointExtension>
        </extensions>
      </trkpt>
      <trkpt lat="45.7006763108074665069580078125" lon="126.59705221652984619140625">
        <ele>151.399993896484375</ele>
        <time>2026-08-11T23:09:52.000Z</time>
        <extensions>
          <ns3:TrackPointExtension>
            <ns3:hr>184</ns3:hr>
            <ns3:cad>87</ns3:cad>
          </ns3:TrackPointExtension>
        </extensions>
      </trkpt>
      <trkpt lat="45.7006967626512050628662109375" lon="126.59705246798694133758544921875">
        <ele>151.399993896484375</ele>
        <time>2026-08-11T23:09:53.000Z</time>
        <extensions>
          <ns3:TrackPointExtension>
            <ns3:hr>183</ns3:hr>
            <ns3:cad>87</ns3:cad>
          </ns3:TrackPointExtension>
        </extensions>
      </trkpt>
      <trkpt lat="45.7007230818271636962890625" lon="126.5970560722053050994873046875">
        <ele>151.399993896484375</ele>
        <time>2026-08-11T23:09:54.000Z</time>
        <extensions>
          <ns3:TrackPointExtension>
            <ns3:hr>184</ns3:hr>
            <ns3:cad>87</ns3:cad>
          </ns3:TrackPointExtension>
        </extensions>
      </trkpt>
      <trkpt lat="45.70074386894702911376953125" lon="126.597059257328510284423828125">
        <ele>151.399993896484375</ele>
        <time>2026-08-11T23:09:55.000Z</time>
        <extensions>
          <ns3:TrackPointExtension>
            <ns3:hr>184</ns3:hr>
            <ns3:cad>87</ns3:cad>
          </ns3:TrackPointExtension>
        </extensions>
      </trkpt>
      <trkpt lat="45.70076809264719486236572265625" lon="126.5970530547201633453369140625">
        <ele>151.600006103515625</ele>
        <time>2026-08-11T23:09:56.000Z</time>
        <extensions>
          <ns3:TrackPointExtension>
            <ns3:hr>184</ns3:hr>
            <ns3:cad>87</ns3:cad>
          </ns3:TrackPointExtension>
        </extensions>
      </trkpt>
      <trkpt lat="45.7007949985563755035400390625" lon="126.59704039804637432098388671875">
        <ele>151.600006103515625</ele>
        <time>2026-08-11T23:09:57.000Z</time>
        <extensions>
          <ns3:TrackPointExtension>
            <ns3:hr>184</ns3:hr>
            <ns3:cad>87</ns3:cad>
          </ns3:TrackPointExtension>
        </extensions>
      </trkpt>
      <trkpt lat="45.700804889202117919921875" lon="126.5970195271074771881103515625">
        <ele>151.600006103515625</ele>
        <time>2026-08-11T23:09:58.000Z</time>
        <extensions>
          <ns3:TrackPointExtension>
            <ns3:hr>183</ns3:hr>
            <ns3:cad>87</ns3:cad>
          </ns3:TrackPointExtension>
        </extensions>
      </trkpt>
      <trkpt lat="45.700811259448528289794921875" lon="126.59698105417191982269287109375">
        <ele>151.600006103515625</ele>
        <time>2026-08-11T23:09:59.000Z</time>
        <extensions>
          <ns3:TrackPointExtension>
            <ns3:hr>184</ns3:hr>
            <ns3:cad>86</ns3:cad>
          </ns3:TrackPointExtension>
        </extensions>
      </trkpt>
      <trkpt lat="45.7008097507059574127197265625" lon="126.59694970585405826568603515625">
        <ele>151.399993896484375</ele>
        <time>2026-08-11T23:10:00.000Z</time>
        <extensions>
          <ns3:TrackPointExtension>
            <ns3:hr>184</ns3:hr>
            <ns3:cad>86</ns3:cad>
          </ns3:TrackPointExtension>
        </extensions>
      </trkpt>
      <trkpt lat="45.7008050568401813507080078125" lon="126.5969181060791015625">
        <ele>151.1999969482421875</ele>
        <time>2026-08-11T23:10:01.000Z</time>
        <extensions>
          <ns3:TrackPointExtension>
            <ns3:hr>184</ns3:hr>
            <ns3:cad>85</ns3:cad>
          </ns3:TrackPointExtension>
        </extensions>
      </trkpt>
      <trkpt lat="45.70080480538308620452880859375" lon="126.59688550047576427459716796875">
        <ele>151</ele>
        <time>2026-08-11T23:10:02.000Z</time>
        <extensions>
          <ns3:TrackPointExtension>
            <ns3:hr>183</ns3:hr>
            <ns3:cad>85</ns3:cad>
          </ns3:TrackPointExtension>
        </extensions>
      </trkpt>
      <trkpt lat="45.7008040510118007659912109375" lon="126.59685666672885417938232421875">
        <ele>150.600006103515625</ele>
        <time>2026-08-11T23:10:03.000Z</time>
        <extensions>
          <ns3:TrackPointExtension>
            <ns3:hr>184</ns3:hr>
            <ns3:cad>85</ns3:cad>
          </ns3:TrackPointExtension>
        </extensions>
      </trkpt>
      <trkpt lat="45.70080530829727649688720703125" lon="126.59681442193686962127685546875">
        <ele>150.399993896484375</ele>
        <time>2026-08-11T23:10:04.000Z</time>
        <extensions>
          <ns3:TrackPointExtension>
            <ns3:hr>184</ns3:hr>
            <ns3:cad>84</ns3:cad>
          </ns3:TrackPointExtension>
        </extensions>
      </trkpt>
      <trkpt lat="45.700800530612468719482421875" lon="126.596782989799976348876953125">
        <ele>150</ele>
        <time>2026-08-11T23:10:05.000Z</time>
        <extensions>
          <ns3:TrackPointExtension>
            <ns3:hr>183</ns3:hr>
            <ns3:cad>84</ns3:cad>
          </ns3:TrackPointExtension>
        </extensions>
      </trkpt>
      <trkpt lat="45.70079625584185123443603515625" lon="126.5967482887208461761474609375">
        <ele>149.8000030517578125</ele>
        <time>2026-08-11T23:10:06.000Z</time>
        <extensions>
          <ns3:TrackPointExtension>
            <ns3:hr>183</ns3:hr>
            <ns3:cad>84</ns3:cad>
          </ns3:TrackPointExtension>
        </extensions>
      </trkpt>
      <trkpt lat="45.7007933221757411956787109375" lon="126.5967060439288616180419921875">
        <ele>149.600006103515625</ele>
        <time>2026-08-11T23:10:07.000Z</time>
        <extensions>
          <ns3:TrackPointExtension>
            <ns3:hr>183</ns3:hr>
            <ns3:cad>84</ns3:cad>
          </ns3:TrackPointExtension>
        </extensions>
      </trkpt>
      <trkpt lat="45.70078904740512371063232421875" lon="126.59667729400098323822021484375">
        <ele>149.399993896484375</ele>
        <time>2026-08-11T23:10:08.000Z</time>
        <extensions>
          <ns3:TrackPointExtension>
            <ns3:hr>183</ns3:hr>
            <ns3:cad>84</ns3:cad>
          </ns3:TrackPointExtension>
        </extensions>
      </trkpt>
      <trkpt lat="45.70078485645353794097900390625" lon="126.5966353006660938262939453125">
        <ele>149.1999969482421875</ele>
        <time>2026-08-11T23:10:09.000Z</time>
        <extensions>
          <ns3:TrackPointExtension>
            <ns3:hr>183</ns3:hr>
            <ns3:cad>84</ns3:cad>
          </ns3:TrackPointExtension>
        </extensions>
      </trkpt>
      <trkpt lat="45.70078452117741107940673828125" lon="126.5966037847101688385009765625">
        <ele>148.8000030517578125</ele>
        <time>2026-08-11T23:10:10.000Z</time>
        <extensions>
          <ns3:TrackPointExtension>
            <ns3:hr>183</ns3:hr>
            <ns3:cad>84</ns3:cad>
          </ns3:TrackPointExtension>
        </extensions>
      </trkpt>
      <trkpt lat="45.70078007876873016357421875" lon="126.5965705923736095428466796875">
        <ele>148.600006103515625</ele>
        <time>2026-08-11T23:10:11.000Z</time>
        <extensions>
          <ns3:TrackPointExtension>
            <ns3:hr>183</ns3:hr>
            <ns3:cad>84</ns3:cad>
          </ns3:TrackPointExtension>
        </extensions>
      </trkpt>
      <trkpt lat="45.7007799111306667327880859375" lon="126.59653312526643276214599609375">
        <ele>148.399993896484375</ele>
        <time>2026-08-11T23:10:12.000Z</time>
        <extensions>
          <ns3:TrackPointExtension>
            <ns3:hr>183</ns3:hr>
            <ns3:cad>84</ns3:cad>
          </ns3:TrackPointExtension>
        </extensions>
      </trkpt>
      <trkpt lat="45.7007748819887638092041015625" lon="126.59650705754756927490234375">
        <ele>148.1999969482421875</ele>
        <time>2026-08-11T23:10:13.000Z</time>
        <extensions>
          <ns3:TrackPointExtension>
            <ns3:hr>183</ns3:hr>
            <ns3:cad>84</ns3:cad>
          </ns3:TrackPointExtension>
        </extensions>
      </trkpt>
      <trkpt lat="45.70077060721814632415771484375" lon="126.596460454165935516357421875">
        <ele>147.8000030517578125</ele>
        <time>2026-08-11T23:10:14.000Z</time>
        <extensions>
          <ns3:TrackPointExtension>
            <ns3:hr>183</ns3:hr>
            <ns3:cad>84</ns3:cad>
          </ns3:TrackPointExtension>
        </extensions>
      </trkpt>
      <trkpt lat="45.70077069103717803955078125" lon="126.5964244119822978973388671875">
        <ele>147.600006103515625</ele>
        <time>2026-08-11T23:10:15.000Z</time>
        <extensions>
          <ns3:TrackPointExtension>
            <ns3:hr>183</ns3:hr>
            <ns3:cad>84</ns3:cad>
          </ns3:TrackPointExtension>
        </extensions>
      </trkpt>
      <trkpt lat="45.70077002048492431640625" lon="126.59638962708413600921630859375">
        <ele>147.399993896484375</ele>
        <time>2026-08-11T23:10:16.000Z</time>
        <extensions>
          <ns3:TrackPointExtension>
            <ns3:hr>183</ns3:hr>
            <ns3:cad>83</ns3:cad>
          </ns3:TrackPointExtension>
        </extensions>
      </trkpt>
      <trkpt lat="45.70076993666589260101318359375" lon="126.5963509865105152130126953125">
        <ele>147.1999969482421875</ele>
        <time>2026-08-11T23:10:17.000Z</time>
        <extensions>
          <ns3:TrackPointExtension>
            <ns3:hr>182</ns3:hr>
            <ns3:cad>83</ns3:cad>
          </ns3:TrackPointExtension>
        </extensions>
      </trkpt>
      <trkpt lat="45.70077178068459033966064453125" lon="126.5963194705545902252197265625">
        <ele>147</ele>
        <time>2026-08-11T23:10:18.000Z</time>
        <extensions>
          <ns3:TrackPointExtension>
            <ns3:hr>182</ns3:hr>
            <ns3:cad>83</ns3:cad>
          </ns3:TrackPointExtension>
        </extensions>
      </trkpt>
      <trkpt lat="45.70077245123684406280517578125" lon="126.5962792374193668365478515625">
        <ele>146.8000030517578125</ele>
        <time>2026-08-11T23:10:19.000Z</time>
        <extensions>
          <ns3:TrackPointExtension>
            <ns3:hr>182</ns3:hr>
            <ns3:cad>83</ns3:cad>
          </ns3:TrackPointExtension>
        </extensions>
      </trkpt>
      <trkpt lat="45.70077245123684406280517578125" lon="126.59624780528247356414794921875">
        <ele>146.600006103515625</ele>
        <time>2026-08-11T23:10:20.000Z</time>
        <extensions>
          <ns3:TrackPointExtension>
            <ns3:hr>182</ns3:hr>
            <ns3:cad>82</ns3:cad>
          </ns3:TrackPointExtension>
        </extensions>
      </trkpt>
      <trkpt lat="45.70076758973300457000732421875" lon="126.5962131880223751068115234375">
        <ele>146.600006103515625</ele>
        <time>2026-08-11T23:10:21.000Z</time>
        <extensions>
          <ns3:TrackPointExtension>
            <ns3:hr>182</ns3:hr>
            <ns3:cad>82</ns3:cad>
          </ns3:TrackPointExtension>
        </extensions>
      </trkpt>
      <trkpt lat="45.7007624767720699310302734375" lon="126.59617722965776920318603515625">
        <ele>146.399993896484375</ele>
        <time>2026-08-11T23:10:22.000Z</time>
        <extensions>
          <ns3:TrackPointExtension>
            <ns3:hr>182</ns3:hr>
            <ns3:cad>83</ns3:cad>
          </ns3:TrackPointExtension>
        </extensions>
      </trkpt>
      <trkpt lat="45.7007500715553760528564453125" lon="126.59614361822605133056640625">
        <ele>146.399993896484375</ele>
        <time>2026-08-11T23:10:23.000Z</time>
        <extensions>
          <ns3:TrackPointExtension>
            <ns3:hr>181</ns3:hr>
            <ns3:cad>83</ns3:cad>
          </ns3:TrackPointExtension>
        </extensions>
      </trkpt>
      <trkpt lat="45.700746215879917144775390625" lon="126.59610883332788944244384765625">
        <ele>146.399993896484375</ele>
        <time>2026-08-11T23:10:24.000Z</time>
        <extensions>
          <ns3:TrackPointExtension>
            <ns3:hr>181</ns3:hr>
            <ns3:cad>85</ns3:cad>
          </ns3:TrackPointExtension>
        </extensions>
      </trkpt>
      <trkpt lat="45.70073456503450870513916015625" lon="126.5960797481238842010498046875">
        <ele>146.399993896484375</ele>
        <time>2026-08-11T23:10:25.000Z</time>
        <extensions>
          <ns3:TrackPointExtension>
            <ns3:hr>181</ns3:hr>
            <ns3:cad>86</ns3:cad>
          </ns3:TrackPointExtension>
        </extensions>
      </trkpt>
      <trkpt lat="45.70071964524686336517333984375" lon="126.59605133347213268280029296875">
        <ele>146.1999969482421875</ele>
        <time>2026-08-11T23:10:26.000Z</time>
        <extensions>
          <ns3:TrackPointExtension>
            <ns3:hr>180</ns3:hr>
            <ns3:cad>86</ns3:cad>
          </ns3:TrackPointExtension>
        </extensions>
      </trkpt>
      <trkpt lat="45.70070237852632999420166015625" lon="126.59603322856128215789794921875">
        <ele>146</ele>
        <time>2026-08-11T23:10:27.000Z</time>
        <extensions>
          <ns3:TrackPointExtension>
            <ns3:hr>180</ns3:hr>
            <ns3:cad>86</ns3:cad>
          </ns3:TrackPointExtension>
        </extensions>
      </trkpt>
      <trkpt lat="45.70067773573100566864013671875" lon="126.5960150398313999176025390625">
        <ele>146</ele>
        <time>2026-08-11T23:10:28.000Z</time>
        <extensions>
          <ns3:TrackPointExtension>
            <ns3:hr>180</ns3:hr>
            <ns3:cad>87</ns3:cad>
          </ns3:TrackPointExtension>
        </extensions>
      </trkpt>
      <trkpt lat="45.70065728388726711273193359375" lon="126.59601042978465557098388671875">
        <ele>146</ele>
        <time>2026-08-11T23:10:29.000Z</time>
        <extensions>
          <ns3:TrackPointExtension>
            <ns3:hr>180</ns3:hr>
            <ns3:cad>87</ns3:cad>
          </ns3:TrackPointExtension>
        </extensions>
      </trkpt>
      <trkpt lat="45.70062895305454730987548828125" lon="126.59600623883306980133056640625">
        <ele>146</ele>
        <time>2026-08-11T23:10:30.000Z</time>
        <extensions>
          <ns3:TrackPointExtension>
            <ns3:hr>180</ns3:hr>
            <ns3:cad>88</ns3:cad>
          </ns3:TrackPointExtension>
        </extensions>
      </trkpt>
      <trkpt lat="45.700609423220157623291015625" lon="126.5959994494915008544921875">
        <ele>146</ele>
        <time>2026-08-11T23:10:31.000Z</time>
        <extensions>
          <ns3:TrackPointExtension>
            <ns3:hr>180</ns3:hr>
            <ns3:cad>88</ns3:cad>
          </ns3:TrackPointExtension>
        </extensions>
      </trkpt>
      <trkpt lat="45.7005874626338481903076171875" lon="126.59599366597831249237060546875">
        <ele>146</ele>
        <time>2026-08-11T23:10:32.000Z</time>
        <extensions>
          <ns3:TrackPointExtension>
            <ns3:hr>180</ns3:hr>
            <ns3:cad>87</ns3:cad>
          </ns3:TrackPointExtension>
        </extensions>
      </trkpt>
      <trkpt lat="45.7005663402378559112548828125" lon="126.5959892235696315765380859375">
        <ele>146</ele>
        <time>2026-08-11T23:10:33.000Z</time>
        <extensions>
          <ns3:TrackPointExtension>
            <ns3:hr>180</ns3:hr>
            <ns3:cad>87</ns3:cad>
          </ns3:TrackPointExtension>
        </extensions>
      </trkpt>
      <trkpt lat="45.70054479874670505523681640625" lon="126.59598779864609241485595703125">
        <ele>146</ele>
        <time>2026-08-11T23:10:34.000Z</time>
        <extensions>
          <ns3:TrackPointExtension>
            <ns3:hr>180</ns3:hr>
            <ns3:cad>87</ns3:cad>
          </ns3:TrackPointExtension>
        </extensions>
      </trkpt>
      <trkpt lat="45.70051713846623897552490234375" lon="126.59598243422806262969970703125">
        <ele>145.8000030517578125</ele>
        <time>2026-08-11T23:10:35.000Z</time>
        <extensions>
          <ns3:TrackPointExtension>
            <ns3:hr>180</ns3:hr>
            <ns3:cad>86</ns3:cad>
          </ns3:TrackPointExtension>
        </extensions>
      </trkpt>
      <trkpt lat="45.7004962675273418426513671875" lon="126.59598670899868011474609375">
        <ele>145.8000030517578125</ele>
        <time>2026-08-11T23:10:36.000Z</time>
        <extensions>
          <ns3:TrackPointExtension>
            <ns3:hr>180</ns3:hr>
            <ns3:cad>86</ns3:cad>
          </ns3:TrackPointExtension>
        </extensions>
      </trkpt>
      <trkpt lat="45.700463242828845977783203125" lon="126.595983691513538360595703125">
        <ele>145.600006103515625</ele>
        <time>2026-08-11T23:10:37.000Z</time>
        <extensions>
          <ns3:TrackPointExtension>
            <ns3:hr>180</ns3:hr>
            <ns3:cad>86</ns3:cad>
          </ns3:TrackPointExtension>
        </extensions>
      </trkpt>
      <trkpt lat="45.7004379294812679290771484375" lon="126.59598997794091701507568359375">
        <ele>145.600006103515625</ele>
        <time>2026-08-11T23:10:38.000Z</time>
        <extensions>
          <ns3:TrackPointExtension>
            <ns3:hr>180</ns3:hr>
            <ns3:cad>86</ns3:cad>
          </ns3:TrackPointExtension>
        </extensions>
      </trkpt>
      <trkpt lat="45.70040666498243808746337890625" lon="126.59599098376929759979248046875">
        <ele>145.600006103515625</ele>
        <time>2026-08-11T23:10:39.000Z</time>
        <extensions>
          <ns3:TrackPointExtension>
            <ns3:hr>180</ns3:hr>
            <ns3:cad>86</ns3:cad>
          </ns3:TrackPointExtension>
        </extensions>
      </trkpt>
      <trkpt lat="45.700380764901638031005859375" lon="126.59598427824676036834716796875">
        <ele>145.600006103515625</ele>
        <time>2026-08-11T23:10:40.000Z</time>
        <extensions>
          <ns3:TrackPointExtension>
            <ns3:hr>180</ns3:hr>
            <ns3:cad>86</ns3:cad>
          </ns3:TrackPointExtension>
        </extensions>
      </trkpt>
      <trkpt lat="45.70035251788794994354248046875" lon="126.59598612226545810699462890625">
        <ele>145.8000030517578125</ele>
        <time>2026-08-11T23:10:41.000Z</time>
        <extensions>
          <ns3:TrackPointExtension>
            <ns3:hr>180</ns3:hr>
            <ns3:cad>86</ns3:cad>
          </ns3:TrackPointExtension>
        </extensions>
      </trkpt>
      <trkpt lat="45.7003239355981349945068359375" lon="126.595971286296844482421875">
        <ele>145.8000030517578125</ele>
        <time>2026-08-11T23:10:42.000Z</time>
        <extensions>
          <ns3:TrackPointExtension>
            <ns3:hr>180</ns3:hr>
            <ns3:cad>86</ns3:cad>
          </ns3:TrackPointExtension>
        </extensions>
      </trkpt>
      <trkpt lat="45.70030507631599903106689453125" lon="126.59596181474626064300537109375">
        <ele>145.600006103515625</ele>
        <time>2026-08-11T23:10:43.000Z</time>
        <extensions>
          <ns3:TrackPointExtension>
            <ns3:hr>180</ns3:hr>
            <ns3:cad>86</ns3:cad>
          </ns3:TrackPointExtension>
        </extensions>
      </trkpt>
      <trkpt lat="45.70027724839746952056884765625" lon="126.595943458378314971923828125">
        <ele>145.600006103515625</ele>
        <time>2026-08-11T23:10:44.000Z</time>
        <extensions>
          <ns3:TrackPointExtension>
            <ns3:hr>180</ns3:hr>
            <ns3:cad>86</ns3:cad>
          </ns3:TrackPointExtension>
        </extensions>
      </trkpt>
      <trkpt lat="45.700257383286952972412109375" lon="126.595940776169300079345703125">
        <ele>145.399993896484375</ele>
        <time>2026-08-11T23:10:45.000Z</time>
        <extensions>
          <ns3:TrackPointExtension>
            <ns3:hr>180</ns3:hr>
            <ns3:cad>86</ns3:cad>
          </ns3:TrackPointExtension>
        </extensions>
      </trkpt>
      <trkpt lat="45.7002340815961360931396484375" lon="126.59592367708683013916015625">
        <ele>145.399993896484375</ele>
        <time>2026-08-11T23:10:46.000Z</time>
        <extensions>
          <ns3:TrackPointExtension>
            <ns3:hr>179</ns3:hr>
            <ns3:cad>86</ns3:cad>
          </ns3:TrackPointExtension>
        </extensions>
      </trkpt>
      <trkpt lat="45.70021421648561954498291015625" lon="126.59590490162372589111328125">
        <ele>145.600006103515625</ele>
        <time>2026-08-11T23:10:47.000Z</time>
        <extensions>
          <ns3:TrackPointExtension>
            <ns3:hr>180</ns3:hr>
            <ns3:cad>86</ns3:cad>
          </ns3:TrackPointExtension>
        </extensions>
      </trkpt>
      <trkpt lat="45.70019611157476902008056640625" lon="126.5958849526941776275634765625">
        <ele>145.8000030517578125</ele>
        <time>2026-08-11T23:10:48.000Z</time>
        <extensions>
          <ns3:TrackPointExtension>
            <ns3:hr>180</ns3:hr>
            <ns3:cad>86</ns3:cad>
          </ns3:TrackPointExtension>
        </extensions>
      </trkpt>
      <trkpt lat="45.70018068887293338775634765625" lon="126.59585787914693355560302734375">
        <ele>146</ele>
        <time>2026-08-11T23:10:49.000Z</time>
        <extensions>
          <ns3:TrackPointExtension>
            <ns3:hr>179</ns3:hr>
            <ns3:cad>86</ns3:cad>
          </ns3:TrackPointExtension>
        </extensions>
      </trkpt>
      <trkpt lat="45.70016451179981231689453125" lon="126.59582703374326229095458984375">
        <ele>146</ele>
        <time>2026-08-11T23:10:50.000Z</time>
        <extensions>
          <ns3:TrackPointExtension>
            <ns3:hr>180</ns3:hr>
            <ns3:cad>87</ns3:cad>
          </ns3:TrackPointExtension>
        </extensions>
      </trkpt>
      <trkpt lat="45.7001532800495624542236328125" lon="126.595789901912212371826171875">
        <ele>146</ele>
        <time>2026-08-11T23:10:51.000Z</time>
        <extensions>
          <ns3:TrackPointExtension>
            <ns3:hr>180</ns3:hr>
            <ns3:cad>87</ns3:cad>
          </ns3:TrackPointExtension>
        </extensions>
      </trkpt>
      <trkpt lat="45.7001418806612491607666015625" lon="126.595759727060794830322265625">
        <ele>145.8000030517578125</ele>
        <time>2026-08-11T23:10:52.000Z</time>
        <extensions>
          <ns3:TrackPointExtension>
            <ns3:hr>180</ns3:hr>
            <ns3:cad>87</ns3:cad>
          </ns3:TrackPointExtension>
        </extensions>
      </trkpt>
      <trkpt lat="45.700136013329029083251953125" lon="126.59572645090520381927490234375">
        <ele>145.600006103515625</ele>
        <time>2026-08-11T23:10:53.000Z</time>
        <extensions>
          <ns3:TrackPointExtension>
            <ns3:hr>180</ns3:hr>
            <ns3:cad>87</ns3:cad>
          </ns3:TrackPointExtension>
        </extensions>
      </trkpt>
      <trkpt lat="45.70012670941650867462158203125" lon="126.59570331685245037078857421875">
        <ele>145.600006103515625</ele>
        <time>2026-08-11T23:10:54.000Z</time>
        <extensions>
          <ns3:TrackPointExtension>
            <ns3:hr>180</ns3:hr>
            <ns3:cad>87</ns3:cad>
          </ns3:TrackPointExtension>
        </extensions>
      </trkpt>
      <trkpt lat="45.7001153938472270965576171875" lon="126.5956628322601318359375">
        <ele>145.8000030517578125</ele>
        <time>2026-08-11T23:10:55.000Z</time>
        <extensions>
          <ns3:TrackPointExtension>
            <ns3:hr>180</ns3:hr>
            <ns3:cad>87</ns3:cad>
          </ns3:TrackPointExtension>
        </extensions>
      </trkpt>
      <trkpt lat="45.7001070119440555572509765625" lon="126.5956351719796657562255859375">
        <ele>146</ele>
        <time>2026-08-11T23:10:56.000Z</time>
        <extensions>
          <ns3:TrackPointExtension>
            <ns3:hr>180</ns3:hr>
            <ns3:cad>87</ns3:cad>
          </ns3:TrackPointExtension>
        </extensions>
      </trkpt>
      <trkpt lat="45.70009401999413967132568359375" lon="126.595599465072154998779296875">
        <ele>146.1999969482421875</ele>
        <time>2026-08-11T23:10:57.000Z</time>
        <extensions>
          <ns3:TrackPointExtension>
            <ns3:hr>180</ns3:hr>
            <ns3:cad>87</ns3:cad>
          </ns3:TrackPointExtension>
        </extensions>
      </trkpt>
      <trkpt lat="45.70008798502385616302490234375" lon="126.59556417725980281829833984375">
        <ele>146.1999969482421875</ele>
        <time>2026-08-11T23:10:58.000Z</time>
        <extensions>
          <ns3:TrackPointExtension>
            <ns3:hr>180</ns3:hr>
            <ns3:cad>87</ns3:cad>
          </ns3:TrackPointExtension>
        </extensions>
      </trkpt>
      <trkpt lat="45.7000798545777797698974609375" lon="126.5955319069325923919677734375">
        <ele>146.399993896484375</ele>
        <time>2026-08-11T23:10:59.000Z</time>
        <extensions>
          <ns3:TrackPointExtension>
            <ns3:hr>180</ns3:hr>
            <ns3:cad>87</ns3:cad>
          </ns3:TrackPointExtension>
        </extensions>
      </trkpt>
      <trkpt lat="45.70007272996008396148681640625" lon="126.59549024887382984161376953125">
        <ele>146.399993896484375</ele>
        <time>2026-08-11T23:11:00.000Z</time>
        <extensions>
          <ns3:TrackPointExtension>
            <ns3:hr>179</ns3:hr>
            <ns3:cad>86</ns3:cad>
          </ns3:TrackPointExtension>
        </extensions>
      </trkpt>
      <trkpt lat="45.70006384514272212982177734375" lon="126.595458984375">
        <ele>146.399993896484375</ele>
        <time>2026-08-11T23:11:01.000Z</time>
        <extensions>
          <ns3:TrackPointExtension>
            <ns3:hr>180</ns3:hr>
            <ns3:cad>86</ns3:cad>
          </ns3:TrackPointExtension>
        </extensions>
      </trkpt>
      <trkpt lat="45.7000530324876308441162109375" lon="126.59541414119303226470947265625">
        <ele>146.600006103515625</ele>
        <time>2026-08-11T23:11:02.000Z</time>
        <extensions>
          <ns3:TrackPointExtension>
            <ns3:hr>180</ns3:hr>
            <ns3:cad>86</ns3:cad>
          </ns3:TrackPointExtension>
        </extensions>
      </trkpt>
      <trkpt lat="45.70004691369831562042236328125" lon="126.595384888350963592529296875">
        <ele>146.8000030517578125</ele>
        <time>2026-08-11T23:11:03.000Z</time>
        <extensions>
          <ns3:TrackPointExtension>
            <ns3:hr>180</ns3:hr>
            <ns3:cad>86</ns3:cad>
          </ns3:TrackPointExtension>
        </extensions>
      </trkpt>
      <trkpt lat="45.7000364363193511962890625" lon="126.59534205682575702667236328125">
        <ele>146.8000030517578125</ele>
        <time>2026-08-11T23:11:04.000Z</time>
        <extensions>
          <ns3:TrackPointExtension>
            <ns3:hr>180</ns3:hr>
            <ns3:cad>86</ns3:cad>
          </ns3:TrackPointExtension>
        </extensions>
      </trkpt>
      <trkpt lat="45.7000315748155117034912109375" lon="126.59531020559370517730712890625">
        <ele>147</ele>
        <time>2026-08-11T23:11:05.000Z</time>
        <extensions>
          <ns3:TrackPointExtension>
            <ns3:hr>180</ns3:hr>
            <ns3:cad>86</ns3:cad>
          </ns3:TrackPointExtension>
        </extensions>
      </trkpt>
      <trkpt lat="45.70001841522753238677978515625" lon="126.59527449868619441986083984375">
        <ele>147</ele>
        <time>2026-08-11T23:11:06.000Z</time>
        <extensions>
          <ns3:TrackPointExtension>
            <ns3:hr>181</ns3:hr>
            <ns3:cad>86</ns3:cad>
          </ns3:TrackPointExtension>
        </extensions>
      </trkpt>
      <trkpt lat="45.7000121288001537322998046875" lon="126.59523577429354190826416015625">
        <ele>147</ele>
        <time>2026-08-11T23:11:07.000Z</time>
        <extensions>
          <ns3:TrackPointExtension>
            <ns3:hr>181</ns3:hr>
            <ns3:cad>85</ns3:cad>
          </ns3:TrackPointExtension>
        </extensions>
      </trkpt>
      <trkpt lat="45.7000060938298702239990234375" lon="126.59520660527050495147705078125">
        <ele>147</ele>
        <time>2026-08-11T23:11:08.000Z</time>
        <extensions>
          <ns3:TrackPointExtension>
            <ns3:hr>181</ns3:hr>
            <ns3:cad>85</ns3:cad>
          </ns3:TrackPointExtension>
        </extensions>
      </trkpt>
      <trkpt lat="45.6999983824789524078369140625" lon="126.59516184590756893157958984375">
        <ele>147</ele>
        <time>2026-08-11T23:11:09.000Z</time>
        <extensions>
          <ns3:TrackPointExtension>
            <ns3:hr>181</ns3:hr>
            <ns3:cad>85</ns3:cad>
          </ns3:TrackPointExtension>
        </extensions>
      </trkpt>
      <trkpt lat="45.69999394007027149200439453125" lon="126.59513267688453197479248046875">
        <ele>147</ele>
        <time>2026-08-11T23:11:10.000Z</time>
        <extensions>
          <ns3:TrackPointExtension>
            <ns3:hr>181</ns3:hr>
            <ns3:cad>86</ns3:cad>
          </ns3:TrackPointExtension>
        </extensions>
      </trkpt>
      <trkpt lat="45.69998974911868572235107421875" lon="126.59509512595832347869873046875">
        <ele>146.8000030517578125</ele>
        <time>2026-08-11T23:11:11.000Z</time>
        <extensions>
          <ns3:TrackPointExtension>
            <ns3:hr>182</ns3:hr>
            <ns3:cad>86</ns3:cad>
          </ns3:TrackPointExtension>
        </extensions>
      </trkpt>
      <trkpt lat="45.6999849714338779449462890625" lon="126.5950688906013965606689453125">
        <ele>146.8000030517578125</ele>
        <time>2026-08-11T23:11:12.000Z</time>
        <extensions>
          <ns3:TrackPointExtension>
            <ns3:hr>182</ns3:hr>
            <ns3:cad>86</ns3:cad>
          </ns3:TrackPointExtension>
        </extensions>
      </trkpt>
      <trkpt lat="45.6999774277210235595703125" lon="126.59502916038036346435546875">
        <ele>147</ele>
        <time>2026-08-11T23:11:13.000Z</time>
        <extensions>
          <ns3:TrackPointExtension>
            <ns3:hr>182</ns3:hr>
            <ns3:cad>86</ns3:cad>
          </ns3:TrackPointExtension>
        </extensions>
      </trkpt>
      <trkpt lat="45.69997265003621578216552734375" lon="126.5949927829205989837646484375">
        <ele>147</ele>
        <time>2026-08-11T23:11:14.000Z</time>
        <extensions>
          <ns3:TrackPointExtension>
            <ns3:hr>182</ns3:hr>
            <ns3:cad>87</ns3:cad>
          </ns3:TrackPointExtension>
        </extensions>
      </trkpt>
      <trkpt lat="45.69996762089431285858154296875" lon="126.59496453590691089630126953125">
        <ele>147.1999969482421875</ele>
        <time>2026-08-11T23:11:15.000Z</time>
        <extensions>
          <ns3:TrackPointExtension>
            <ns3:hr>182</ns3:hr>
            <ns3:cad>87</ns3:cad>
          </ns3:TrackPointExtension>
        </extensions>
      </trkpt>
      <trkpt lat="45.69996334612369537353515625" lon="126.59492111764848232269287109375">
        <ele>147.399993896484375</ele>
        <time>2026-08-11T23:11:16.000Z</time>
        <extensions>
          <ns3:TrackPointExtension>
            <ns3:hr>183</ns3:hr>
            <ns3:cad>86</ns3:cad>
          </ns3:TrackPointExtension>
        </extensions>
      </trkpt>
      <trkpt lat="45.699959658086299896240234375" lon="126.59488968551158905029296875">
        <ele>147.600006103515625</ele>
        <time>2026-08-11T23:11:17.000Z</time>
        <extensions>
          <ns3:TrackPointExtension>
            <ns3:hr>183</ns3:hr>
            <ns3:cad>85</ns3:cad>
          </ns3:TrackPointExtension>
        </extensions>
      </trkpt>
      <trkpt lat="45.69995940662920475006103515625" lon="126.59485305659472942352294921875">
        <ele>147.8000030517578125</ele>
        <time>2026-08-11T23:11:18.000Z</time>
        <extensions>
          <ns3:TrackPointExtension>
            <ns3:hr>183</ns3:hr>
            <ns3:cad>85</ns3:cad>
          </ns3:TrackPointExtension>
        </extensions>
      </trkpt>
      <trkpt lat="45.69995437748730182647705078125" lon="126.59482237882912158966064453125">
        <ele>147.8000030517578125</ele>
        <time>2026-08-11T23:11:19.000Z</time>
        <extensions>
          <ns3:TrackPointExtension>
            <ns3:hr>184</ns3:hr>
            <ns3:cad>85</ns3:cad>
          </ns3:TrackPointExtension>
        </extensions>
      </trkpt>
      <trkpt lat="45.69995940662920475006103515625" lon="126.5947842411696910858154296875">
        <ele>148</ele>
        <time>2026-08-11T23:11:20.000Z</time>
        <extensions>
          <ns3:TrackPointExtension>
            <ns3:hr>184</ns3:hr>
            <ns3:cad>85</ns3:cad>
          </ns3:TrackPointExtension>
        </extensions>
      </trkpt>
      <trkpt lat="45.69997139275074005126953125" lon="126.59474677406251430511474609375">
        <ele>148.1999969482421875</ele>
        <time>2026-08-11T23:11:21.000Z</time>
        <extensions>
          <ns3:TrackPointExtension>
            <ns3:hr>185</ns3:hr>
            <ns3:cad>85</ns3:cad>
          </ns3:TrackPointExtension>
        </extensions>
      </trkpt>
      <trkpt lat="45.69998681545257568359375" lon="126.59472280181944370269775390625">
        <ele>148.1999969482421875</ele>
        <time>2026-08-11T23:11:22.000Z</time>
        <extensions>
          <ns3:TrackPointExtension>
            <ns3:hr>185</ns3:hr>
            <ns3:cad>85</ns3:cad>
          </ns3:TrackPointExtension>
        </extensions>
      </trkpt>
      <trkpt lat="45.7000184990465641021728515625" lon="126.59470737911760807037353515625">
        <ele>148.1999969482421875</ele>
        <time>2026-08-11T23:11:23.000Z</time>
        <extensions>
          <ns3:TrackPointExtension>
            <ns3:hr>185</ns3:hr>
            <ns3:cad>85</ns3:cad>
          </ns3:TrackPointExtension>
        </extensions>
      </trkpt>
      <trkpt lat="45.70003936998546123504638671875" lon="126.59469790756702423095703125">
        <ele>148.1999969482421875</ele>
        <time>2026-08-11T23:11:24.000Z</time>
        <extensions>
          <ns3:TrackPointExtension>
            <ns3:hr>186</ns3:hr>
            <ns3:cad>85</ns3:cad>
          </ns3:TrackPointExtension>
        </extensions>
      </trkpt>
      <trkpt lat="45.70006753318011760711669921875" lon="126.5946906991302967071533203125">
        <ele>148.1999969482421875</ele>
        <time>2026-08-11T23:11:25.000Z</time>
        <extensions>
          <ns3:TrackPointExtension>
            <ns3:hr>186</ns3:hr>
            <ns3:cad>86</ns3:cad>
          </ns3:TrackPointExtension>
        </extensions>
      </trkpt>
      <trkpt lat="45.70009066723287105560302734375" lon="126.5946771204471588134765625">
        <ele>148.1999969482421875</ele>
        <time>2026-08-11T23:11:26.000Z</time>
        <extensions>
          <ns3:TrackPointExtension>
            <ns3:hr>186</ns3:hr>
            <ns3:cad>86</ns3:cad>
          </ns3:TrackPointExtension>
        </extensions>
      </trkpt>
      <trkpt lat="45.70011648349463939666748046875" lon="126.59466714598238468170166015625">
        <ele>148.1999969482421875</ele>
        <time>2026-08-11T23:11:27.000Z</time>
        <extensions>
          <ns3:TrackPointExtension>
            <ns3:hr>187</ns3:hr>
            <ns3:cad>86</ns3:cad>
          </ns3:TrackPointExtension>
        </extensions>
      </trkpt>
      <trkpt lat="45.7001395337283611297607421875" lon="126.594654656946659088134765625">
        <ele>148.1999969482421875</ele>
        <time>2026-08-11T23:11:28.000Z</time>
        <extensions>
          <ns3:TrackPointExtension>
            <ns3:hr>187</ns3:hr>
            <ns3:cad>87</ns3:cad>
          </ns3:TrackPointExtension>
        </extensions>
      </trkpt>
      <trkpt lat="45.7001609914004802703857421875" lon="126.59464233554899692535400390625">
        <ele>148.1999969482421875</ele>
        <time>2026-08-11T23:11:29.000Z</time>
        <extensions>
          <ns3:TrackPointExtension>
            <ns3:hr>187</ns3:hr>
            <ns3:cad>87</ns3:cad>
          </ns3:TrackPointExtension>
        </extensions>
      </trkpt>
      <trkpt lat="45.70018638856709003448486328125" lon="126.59463596530258655548095703125">
        <ele>148.1999969482421875</ele>
        <time>2026-08-11T23:11:30.000Z</time>
        <extensions>
          <ns3:TrackPointExtension>
            <ns3:hr>187</ns3:hr>
            <ns3:cad>87</ns3:cad>
          </ns3:TrackPointExtension>
        </extensions>
      </trkpt>
      <trkpt lat="45.700206421315670013427734375" lon="126.59462875686585903167724609375">
        <ele>148.1999969482421875</ele>
        <time>2026-08-11T23:11:31.000Z</time>
        <extensions>
          <ns3:TrackPointExtension>
            <ns3:hr>188</ns3:hr>
            <ns3:cad>87</ns3:cad>
          </ns3:TrackPointExtension>
        </extensions>
      </trkpt>
      <trkpt lat="45.70023399777710437774658203125" lon="126.5946192853152751922607421875">
        <ele>148.1999969482421875</ele>
        <time>2026-08-11T23:11:32.000Z</time>
        <extensions>
          <ns3:TrackPointExtension>
            <ns3:hr>188</ns3:hr>
            <ns3:cad>87</ns3:cad>
          </ns3:TrackPointExtension>
        </extensions>
      </trkpt>
      <trkpt lat="45.70025797002017498016357421875" lon="126.5946166031062602996826171875">
        <ele>148.1999969482421875</ele>
        <time>2026-08-11T23:11:33.000Z</time>
        <extensions>
          <ns3:TrackPointExtension>
            <ns3:hr>188</ns3:hr>
            <ns3:cad>87</ns3:cad>
          </ns3:TrackPointExtension>
        </extensions>
      </trkpt>
      <trkpt lat="45.7002858817577362060546875" lon="126.59461534582078456878662109375">
        <ele>148.1999969482421875</ele>
        <time>2026-08-11T23:11:34.000Z</time>
        <extensions>
          <ns3:TrackPointExtension>
            <ns3:hr>188</ns3:hr>
            <ns3:cad>87</ns3:cad>
          </ns3:TrackPointExtension>
        </extensions>
      </trkpt>
      <trkpt lat="45.70030993781983852386474609375" lon="126.5946139208972454071044921875">
        <ele>148.1999969482421875</ele>
        <time>2026-08-11T23:11:35.000Z</time>
        <extensions>
          <ns3:TrackPointExtension>
            <ns3:hr>188</ns3:hr>
            <ns3:cad>86</ns3:cad>
          </ns3:TrackPointExtension>
        </extensions>
      </trkpt>
      <trkpt lat="45.70033106021583080291748046875" lon="126.59460813738405704498291015625">
        <ele>148.1999969482421875</ele>
        <time>2026-08-11T23:11:36.000Z</time>
        <extensions>
          <ns3:TrackPointExtension>
            <ns3:hr>188</ns3:hr>
            <ns3:cad>86</ns3:cad>
          </ns3:TrackPointExtension>
        </extensions>
      </trkpt>
      <trkpt lat="45.700358636677265167236328125" lon="126.59460294060409069061279296875">
        <ele>148.1999969482421875</ele>
        <time>2026-08-11T23:11:37.000Z</time>
        <extensions>
          <ns3:TrackPointExtension>
            <ns3:hr>189</ns3:hr>
            <ns3:cad>86</ns3:cad>
          </ns3:TrackPointExtension>
        </extensions>
      </trkpt>
      <trkpt lat="45.700380764901638031005859375" lon="126.59459841437637805938720703125">
        <ele>148</ele>
        <time>2026-08-11T23:11:38.000Z</time>
        <extensions>
          <ns3:TrackPointExtension>
            <ns3:hr>188</ns3:hr>
            <ns3:cad>85</ns3:cad>
          </ns3:TrackPointExtension>
        </extensions>
      </trkpt>
      <trkpt lat="45.70040649734437465667724609375" lon="126.59459237940609455108642578125">
        <ele>148</ele>
        <time>2026-08-11T23:11:39.000Z</time>
        <extensions>
          <ns3:TrackPointExtension>
            <ns3:hr>188</ns3:hr>
            <ns3:cad>85</ns3:cad>
          </ns3:TrackPointExtension>
        </extensions>
      </trkpt>
      <trkpt lat="45.70042996667325496673583984375" lon="126.59459154121577739715576171875">
        <ele>148</ele>
        <time>2026-08-11T23:11:40.000Z</time>
        <extensions>
          <ns3:TrackPointExtension>
            <ns3:hr>188</ns3:hr>
            <ns3:cad>85</ns3:cad>
          </ns3:TrackPointExtension>
        </extensions>
      </trkpt>
      <trkpt lat="45.700455196201801300048828125" lon="126.594584248960018157958984375">
        <ele>148</ele>
        <time>2026-08-11T23:11:41.000Z</time>
        <extensions>
          <ns3:TrackPointExtension>
            <ns3:hr>187</ns3:hr>
            <ns3:cad>86</ns3:cad>
          </ns3:TrackPointExtension>
        </extensions>
      </trkpt>
      <trkpt lat="45.7004781626164913177490234375" lon="126.59458852373063564300537109375">
        <ele>148</ele>
        <time>2026-08-11T23:11:42.000Z</time>
        <extensions>
          <ns3:TrackPointExtension>
            <ns3:hr>187</ns3:hr>
            <ns3:cad>86</ns3:cad>
          </ns3:TrackPointExtension>
        </extensions>
      </trkpt>
      <trkpt lat="45.70049433968961238861083984375" lon="126.59458584152162075042724609375">
        <ele>148</ele>
        <time>2026-08-11T23:11:43.000Z</time>
        <extensions>
          <ns3:TrackPointExtension>
            <ns3:hr>187</ns3:hr>
            <ns3:cad>86</ns3:cad>
          </ns3:TrackPointExtension>
        </extensions>
      </trkpt>
      <trkpt lat="45.7005103491246700286865234375" lon="126.59457997418940067291259765625">
        <ele>148</ele>
        <time>2026-08-11T23:11:44.000Z</time>
        <extensions>
          <ns3:TrackPointExtension>
            <ns3:hr>187</ns3:hr>
            <ns3:cad>86</ns3:cad>
          </ns3:TrackPointExtension>
        </extensions>
      </trkpt>
      <trkpt lat="45.70052451454102993011474609375" lon="126.5945800580084323883056640625">
        <ele>148</ele>
        <time>2026-08-11T23:11:45.000Z</time>
        <extensions>
          <ns3:TrackPointExtension>
            <ns3:hr>188</ns3:hr>
            <ns3:cad>86</ns3:cad>
          </ns3:TrackPointExtension>
        </extensions>
      </trkpt>
      <trkpt lat="45.70053859613835811614990234375" lon="126.59457578323781490325927734375">
        <ele>148</ele>
        <time>2026-08-11T23:11:46.000Z</time>
        <extensions>
          <ns3:TrackPointExtension>
            <ns3:hr>187</ns3:hr>
            <ns3:cad>86</ns3:cad>
          </ns3:TrackPointExtension>
        </extensions>
      </trkpt>
      <trkpt lat="45.7005499117076396942138671875" lon="126.59457343630492687225341796875">
        <ele>148</ele>
        <time>2026-08-11T23:11:47.000Z</time>
        <extensions>
          <ns3:TrackPointExtension>
            <ns3:hr>187</ns3:hr>
            <ns3:cad>0</ns3:cad>
          </ns3:TrackPointExtension>
        </extensions>
      </trkpt>
      <trkpt lat="45.70055988617241382598876953125" lon="126.5945743583142757415771484375">
        <ele>148</ele>
        <time>2026-08-11T23:11:48.000Z</time>
        <extensions>
          <ns3:TrackPointExtension>
            <ns3:hr>187</ns3:hr>
            <ns3:cad>0</ns3:cad>
          </ns3:TrackPointExtension>
        </extensions>
      </trkpt>
      <trkpt lat="45.70057329721748828887939453125" lon="126.59457025118172168731689453125">
        <ele>148</ele>
        <time>2026-08-11T23:11:49.000Z</time>
        <extensions>
          <ns3:TrackPointExtension>
            <ns3:hr>187</ns3:hr>
            <ns3:cad>56</ns3:cad>
          </ns3:TrackPointExtension>
        </extensions>
      </trkpt>
      <trkpt lat="45.7005948387086391448974609375" lon="126.5945720113813877105712890625">
        <ele>148</ele>
        <time>2026-08-11T23:11:50.000Z</time>
        <extensions>
          <ns3:TrackPointExtension>
            <ns3:hr>187</ns3:hr>
            <ns3:cad>57</ns3:cad>
          </ns3:TrackPointExtension>
        </extensions>
      </trkpt>
    </trkseg>
  </trk>
</gpx>
