<?xml version="1.0" encoding="UTF-8"?>
<gpx creator="Garmin Connect" version="1.1"
  xsi:schemaLocation="http://www.topografix.com/GPX/1/1 http://www.topografix.com/GPX/11.xsd"
  xmlns:ns3="http://www.garmin.com/xmlschemas/TrackPointExtension/v1"
  xmlns="http://www.topografix.com/GPX/1/1"
  xmlns:xsi="http://www.w3.org/2001/XMLSchema-instance" xmlns:ns2="http://www.garmin.com/xmlschemas/GpxExtensions/v3">
  <metadata>
    <link href="connect.garmin.com">
      <text>Garmin Connect</text>
    </link>
    <time>2026-08-20T11:16:18.000Z</time>
  </metadata>
  <trk>
    <name>哈尔滨市 - 基础训练</name>
    <type>running</type>
    <trkseg>
      <trkpt lat="45.701285339891910552978515625" lon="126.594646610319614410400390625">
        <ele>154.8000030517578125</ele>
        <time>2026-08-20T11:17:05.000Z</time>
        <extensions>
          <ns3:TrackPointExtension>
            <ns3:hr>140</ns3:hr>
            <ns3:cad>86</ns3:cad>
          </ns3:TrackPointExtension>
        </extensions>
      </trkpt>
      <trkpt lat="45.7012881897389888763427734375" lon="126.5946610271930694580078125">
        <ele>154.8000030517578125</ele>
        <time>2026-08-20T11:17:06.000Z</time>
        <extensions>
          <ns3:TrackPointExtension>
            <ns3:hr>140</ns3:hr>
            <ns3:cad>86</ns3:cad>
          </ns3:TrackPointExtension>
        </extensions>
      </trkpt>
      <trkpt lat="45.70129246450960636138916015625" lon="126.5947346203029155731201171875">
        <ele>154.600006103515625</ele>
        <time>2026-08-20T11:17:07.000Z</time>
        <extensions>
          <ns3:TrackPointExtension>
            <ns3:hr>140</ns3:hr>
            <ns3:cad>86</ns3:cad>
          </ns3:TrackPointExtension>
        </extensions>
      </trkpt>
      <trkpt lat="45.7012928836047649383544921875" lon="126.59477527253329753875732421875">
        <ele>154.399993896484375</ele>
        <time>2026-08-20T11:17:08.000Z</time>
        <extensions>
          <ns3:TrackPointExtension>
            <ns3:hr>141</ns3:hr>
            <ns3:cad>85</ns3:cad>
          </ns3:TrackPointExtension>
        </extensions>
      </trkpt>
      <trkpt lat="45.7012989185750484466552734375" lon="126.59482120536267757415771484375">
        <ele>154.1999969482421875</ele>
        <time>2026-08-20T11:17:09.000Z</time>
        <extensions>
          <ns3:TrackPointExtension>
            <ns3:hr>141</ns3:hr>
            <ns3:cad>85</ns3:cad>
          </ns3:TrackPointExtension>
        </extensions>
      </trkpt>
      <trkpt lat="45.70130235515534877777099609375" lon="126.594867892563343048095703125">
        <ele>154.1999969482421875</ele>
        <time>2026-08-20T11:17:10.000Z</time>
        <extensions>
          <ns3:TrackPointExtension>
            <ns3:hr>141</ns3:hr>
            <ns3:cad>85</ns3:cad>
          </ns3:TrackPointExtension>
        </extensions>
      </trkpt>
      <trkpt lat="45.7013106532394886016845703125" lon="126.5949118137359619140625">
        <ele>154</ele>
        <time>2026-08-20T11:17:11.000Z</time>
        <extensions>
          <ns3:TrackPointExtension>
            <ns3:hr>142</ns3:hr>
            <ns3:cad>85</ns3:cad>
          </ns3:TrackPointExtension>
        </extensions>
      </trkpt>
      <trkpt lat="45.70131291635334491729736328125" lon="126.59494760446250438690185546875">
        <ele>154</ele>
        <time>2026-08-20T11:17:12.000Z</time>
        <extensions>
          <ns3:TrackPointExtension>
            <ns3:hr>142</ns3:hr>
            <ns3:cad>85</ns3:cad>
          </ns3:TrackPointExtension>
        </extensions>
      </trkpt>
      <trkpt lat="45.70131593383848667144775390625" lon="126.594991944730281829833984375">
        <ele>154.1999969482421875</ele>
        <time>2026-08-20T11:17:13.000Z</time>
        <extensions>
          <ns3:TrackPointExtension>
            <ns3:hr>143</ns3:hr>
            <ns3:cad>86</ns3:cad>
          </ns3:TrackPointExtension>
        </extensions>
      </trkpt>
      <trkpt lat="45.7013210467994213104248046875" lon="126.59502505324780941009521484375">
        <ele>154.1999969482421875</ele>
        <time>2026-08-20T11:17:14.000Z</time>
        <extensions>
          <ns3:TrackPointExtension>
            <ns3:hr>143</ns3:hr>
            <ns3:cad>86</ns3:cad>
          </ns3:TrackPointExtension>
        </extensions>
      </trkpt>
      <trkpt lat="45.70132649503648281097412109375" lon="126.59507081843912601470947265625">
        <ele>154.1999969482421875</ele>
        <time>2026-08-20T11:17:15.000Z</time>
        <extensions>
          <ns3:TrackPointExtension>
            <ns3:hr>142</ns3:hr>
            <ns3:cad>86</ns3:cad>
          </ns3:TrackPointExtension>
        </extensions>
      </trkpt>
      <trkpt lat="45.70132900960743427276611328125" lon="126.59510560333728790283203125">
        <ele>154.1999969482421875</ele>
        <time>2026-08-20T11:17:16.000Z</time>
        <extensions>
          <ns3:TrackPointExtension>
            <ns3:hr>142</ns3:hr>
            <ns3:cad>85</ns3:cad>
          </ns3:TrackPointExtension>
        </extensions>
      </trkpt>
      <trkpt lat="45.7013311050832271575927734375" lon="126.59514592029154300689697265625">
        <ele>154.1999969482421875</ele>
        <time>2026-08-20T11:17:17.000Z</time>
        <extensions>
          <ns3:TrackPointExtension>
            <ns3:hr>142</ns3:hr>
            <ns3:cad>86</ns3:cad>
          </ns3:TrackPointExtension>
        </extensions>
      </trkpt>
      <trkpt lat="45.7013334520161151885986328125" lon="126.59518028609454631805419921875">
        <ele>154.1999969482421875</ele>
        <time>2026-08-20T11:17:18.000Z</time>
        <extensions>
          <ns3:TrackPointExtension>
            <ns3:hr>142</ns3:hr>
            <ns3:cad>86</ns3:cad>
          </ns3:TrackPointExtension>
        </extensions>
      </trkpt>
      <trkpt lat="45.70133588276803493499755859375" lon="126.59521632827818393707275390625">
        <ele>154.1999969482421875</ele>
        <time>2026-08-20T11:17:19.000Z</time>
        <extensions>
          <ns3:TrackPointExtension>
            <ns3:hr>142</ns3:hr>
            <ns3:cad>86</ns3:cad>
          </ns3:TrackPointExtension>
        </extensions>
      </trkpt>
      <trkpt lat="45.7013378106057643890380859375" lon="126.59525714814662933349609375">
        <ele>154.1999969482421875</ele>
        <time>2026-08-20T11:17:20.000Z</time>
        <extensions>
          <ns3:TrackPointExtension>
            <ns3:hr>142</ns3:hr>
            <ns3:cad>86</ns3:cad>
          </ns3:TrackPointExtension>
        </extensions>
      </trkpt>
      <trkpt lat="45.7013408280909061431884765625" lon="126.595294363796710968017578125">
        <ele>154.1999969482421875</ele>
        <time>2026-08-20T11:17:21.000Z</time>
        <extensions>
          <ns3:TrackPointExtension>
            <ns3:hr>143</ns3:hr>
            <ns3:cad>86</ns3:cad>
          </ns3:TrackPointExtension>
        </extensions>
      </trkpt>
      <trkpt lat="45.70134225301444530487060546875" lon="126.5953354351222515106201171875">
        <ele>154.1999969482421875</ele>
        <time>2026-08-20T11:17:22.000Z</time>
        <extensions>
          <ns3:TrackPointExtension>
            <ns3:hr>143</ns3:hr>
            <ns3:cad>86</ns3:cad>
          </ns3:TrackPointExtension>
        </extensions>
      </trkpt>
      <trkpt lat="45.7013480365276336669921875" lon="126.59537239931523799896240234375">
        <ele>154.1999969482421875</ele>
        <time>2026-08-20T11:17:23.000Z</time>
        <extensions>
          <ns3:TrackPointExtension>
            <ns3:hr>143</ns3:hr>
            <ns3:cad>86</ns3:cad>
          </ns3:TrackPointExtension>
        </extensions>
      </trkpt>
      <trkpt lat="45.701352395117282867431640625" lon="126.59542000852525234222412109375">
        <ele>154.1999969482421875</ele>
        <time>2026-08-20T11:17:24.000Z</time>
        <extensions>
          <ns3:TrackPointExtension>
            <ns3:hr>144</ns3:hr>
            <ns3:cad>86</ns3:cad>
          </ns3:TrackPointExtension>
        </extensions>
      </trkpt>
      <trkpt lat="45.701353065669536590576171875" lon="126.5954527817666530609130859375">
        <ele>154.1999969482421875</ele>
        <time>2026-08-20T11:17:25.000Z</time>
        <extensions>
          <ns3:TrackPointExtension>
            <ns3:hr>144</ns3:hr>
            <ns3:cad>87</ns3:cad>
          </ns3:TrackPointExtension>
        </extensions>
      </trkpt>
      <trkpt lat="45.701353736221790313720703125" lon="126.59549427218735218048095703125">
        <ele>154.1999969482421875</ele>
        <time>2026-08-20T11:17:26.000Z</time>
        <extensions>
          <ns3:TrackPointExtension>
            <ns3:hr>145</ns3:hr>
            <ns3:cad>87</ns3:cad>
          </ns3:TrackPointExtension>
        </extensions>
      </trkpt>
      <trkpt lat="45.70136077702045440673828125" lon="126.59551866352558135986328125">
        <ele>154.1999969482421875</ele>
        <time>2026-08-20T11:17:27.000Z</time>
        <extensions>
          <ns3:TrackPointExtension>
            <ns3:hr>145</ns3:hr>
            <ns3:cad>87</ns3:cad>
          </ns3:TrackPointExtension>
        </extensions>
      </trkpt>
      <trkpt lat="45.70136806927621364593505859375" lon="126.595561914145946502685546875">
        <ele>154.399993896484375</ele>
        <time>2026-08-20T11:17:28.000Z</time>
        <extensions>
          <ns3:TrackPointExtension>
            <ns3:hr>146</ns3:hr>
            <ns3:cad>87</ns3:cad>
          </ns3:TrackPointExtension>
        </extensions>
      </trkpt>
      <trkpt lat="45.70137108676135540008544921875" lon="126.5955966152250766754150390625">
        <ele>154.600006103515625</ele>
        <time>2026-08-20T11:17:29.000Z</time>
        <extensions>
          <ns3:TrackPointExtension>
            <ns3:hr>147</ns3:hr>
            <ns3:cad>87</ns3:cad>
          </ns3:TrackPointExtension>
        </extensions>
      </trkpt>
      <trkpt lat="45.70137795992195606231689453125" lon="126.5956381894648075103759765625">
        <ele>154.600006103515625</ele>
        <time>2026-08-20T11:17:30.000Z</time>
        <extensions>
          <ns3:TrackPointExtension>
            <ns3:hr>147</ns3:hr>
            <ns3:cad>87</ns3:cad>
          </ns3:TrackPointExtension>
        </extensions>
      </trkpt>
      <trkpt lat="45.70138097740709781646728515625" lon="126.59567892551422119140625">
        <ele>154.8000030517578125</ele>
        <time>2026-08-20T11:17:31.000Z</time>
        <extensions>
          <ns3:TrackPointExtension>
            <ns3:hr>147</ns3:hr>
            <ns3:cad>86</ns3:cad>
          </ns3:TrackPointExtension>
        </extensions>
      </trkpt>
      <trkpt lat="45.70138734765350818634033203125" lon="126.59571119584143161773681640625">
        <ele>154.8000030517578125</ele>
        <time>2026-08-20T11:17:32.000Z</time>
        <extensions>
          <ns3:TrackPointExtension>
            <ns3:hr>148</ns3:hr>
            <ns3:cad>86</ns3:cad>
          </ns3:TrackPointExtension>
        </extensions>
      </trkpt>
      <trkpt lat="45.70139086805284023284912109375" lon="126.59575729630887508392333984375">
        <ele>154.8000030517578125</ele>
        <time>2026-08-20T11:17:33.000Z</time>
        <extensions>
          <ns3:TrackPointExtension>
            <ns3:hr>148</ns3:hr>
            <ns3:cad>86</ns3:cad>
          </ns3:TrackPointExtension>
        </extensions>
      </trkpt>
      <trkpt lat="45.70139841176569461822509765625" lon="126.59578613005578517913818359375">
        <ele>154.8000030517578125</ele>
        <time>2026-08-20T11:17:34.000Z</time>
        <extensions>
          <ns3:TrackPointExtension>
            <ns3:hr>148</ns3:hr>
            <ns3:cad>86</ns3:cad>
          </ns3:TrackPointExtension>
        </extensions>
      </trkpt>
      <trkpt lat="45.701401345431804656982421875" lon="126.59583340398967266082763671875">
        <ele>155</ele>
        <time>2026-08-20T11:17:35.000Z</time>
        <extensions>
          <ns3:TrackPointExtension>
            <ns3:hr>149</ns3:hr>
            <ns3:cad>87</ns3:cad>
          </ns3:TrackPointExtension>
        </extensions>
      </trkpt>
      <trkpt lat="45.70140679366886615753173828125" lon="126.59586324356496334075927734375">
        <ele>155</ele>
        <time>2026-08-20T11:17:36.000Z</time>
        <extensions>
          <ns3:TrackPointExtension>
            <ns3:hr>149</ns3:hr>
            <ns3:cad>87</ns3:cad>
          </ns3:TrackPointExtension>
        </extensions>
      </trkpt>
      <trkpt lat="45.7014092244207859039306640625" lon="126.59590850584208965301513671875">
        <ele>155</ele>
        <time>2026-08-20T11:17:37.000Z</time>
        <extensions>
          <ns3:TrackPointExtension>
            <ns3:hr>150</ns3:hr>
            <ns3:cad>87</ns3:cad>
          </ns3:TrackPointExtension>
        </extensions>
      </trkpt>
      <trkpt lat="45.70141232572495937347412109375" lon="126.59594052471220493316650390625">
        <ele>155</ele>
        <time>2026-08-20T11:17:38.000Z</time>
        <extensions>
          <ns3:TrackPointExtension>
            <ns3:hr>150</ns3:hr>
            <ns3:cad>87</ns3:cad>
          </ns3:TrackPointExtension>
        </extensions>
      </trkpt>
      <trkpt lat="45.70141735486686229705810546875" lon="126.59598394297063350677490234375">
        <ele>155</ele>
        <time>2026-08-20T11:17:39.000Z</time>
        <extensions>
          <ns3:TrackPointExtension>
            <ns3:hr>150</ns3:hr>
            <ns3:cad>87</ns3:cad>
          </ns3:TrackPointExtension>
        </extensions>
      </trkpt>
      <trkpt lat="45.701420120894908905029296875" lon="126.59602333791553974151611328125">
        <ele>155</ele>
        <time>2026-08-20T11:17:40.000Z</time>
        <extensions>
          <ns3:TrackPointExtension>
            <ns3:hr>151</ns3:hr>
            <ns3:cad>87</ns3:cad>
          </ns3:TrackPointExtension>
        </extensions>
      </trkpt>
      <trkpt lat="45.70142506621778011322021484375" lon="126.59606222994625568389892578125">
        <ele>155</ele>
        <time>2026-08-20T11:17:41.000Z</time>
        <extensions>
          <ns3:TrackPointExtension>
            <ns3:hr>151</ns3:hr>
            <ns3:cad>88</ns3:cad>
          </ns3:TrackPointExtension>
        </extensions>
      </trkpt>
      <trkpt lat="45.70142322219908237457275390625" lon="126.5961018763482570648193359375">
        <ele>155.1999969482421875</ele>
        <time>2026-08-20T11:17:42.000Z</time>
        <extensions>
          <ns3:TrackPointExtension>
            <ns3:hr>151</ns3:hr>
            <ns3:cad>88</ns3:cad>
          </ns3:TrackPointExtension>
        </extensions>
      </trkpt>
      <trkpt lat="45.70142908953130245208740234375" lon="126.59613213501870632171630859375">
        <ele>155.1999969482421875</ele>
        <time>2026-08-20T11:17:43.000Z</time>
        <extensions>
          <ns3:TrackPointExtension>
            <ns3:hr>151</ns3:hr>
            <ns3:cad>88</ns3:cad>
          </ns3:TrackPointExtension>
        </extensions>
      </trkpt>
      <trkpt lat="45.70143411867320537567138671875" lon="126.5961769782006740570068359375">
        <ele>155.1999969482421875</ele>
        <time>2026-08-20T11:17:44.000Z</time>
        <extensions>
          <ns3:TrackPointExtension>
            <ns3:hr>152</ns3:hr>
            <ns3:cad>87</ns3:cad>
          </ns3:TrackPointExtension>
        </extensions>
      </trkpt>
      <trkpt lat="45.70144250057637691497802734375" lon="126.5962041355669498443603515625">
        <ele>155.399993896484375</ele>
        <time>2026-08-20T11:17:45.000Z</time>
        <extensions>
          <ns3:TrackPointExtension>
            <ns3:hr>152</ns3:hr>
            <ns3:cad>87</ns3:cad>
          </ns3:TrackPointExtension>
        </extensions>
      </trkpt>
      <trkpt lat="45.7014481164515018463134765625" lon="126.59625233151018619537353515625">
        <ele>155.399993896484375</ele>
        <time>2026-08-20T11:17:46.000Z</time>
        <extensions>
          <ns3:TrackPointExtension>
            <ns3:hr>152</ns3:hr>
            <ns3:cad>87</ns3:cad>
          </ns3:TrackPointExtension>
        </extensions>
      </trkpt>
      <trkpt lat="45.70145457051694393157958984375" lon="126.59628401510417461395263671875">
        <ele>155.600006103515625</ele>
        <time>2026-08-20T11:17:47.000Z</time>
        <extensions>
          <ns3:TrackPointExtension>
            <ns3:hr>153</ns3:hr>
            <ns3:cad>87</ns3:cad>
          </ns3:TrackPointExtension>
        </extensions>
      </trkpt>
      <trkpt lat="45.7014608569443225860595703125" lon="126.59631662070751190185546875">
        <ele>155.600006103515625</ele>
        <time>2026-08-20T11:17:48.000Z</time>
        <extensions>
          <ns3:TrackPointExtension>
            <ns3:hr>153</ns3:hr>
            <ns3:cad>87</ns3:cad>
          </ns3:TrackPointExtension>
        </extensions>
      </trkpt>
      <trkpt lat="45.7014675624668598175048828125" lon="126.5963523276150226593017578125">
        <ele>155.8000030517578125</ele>
        <time>2026-08-20T11:17:49.000Z</time>
        <extensions>
          <ns3:TrackPointExtension>
            <ns3:hr>154</ns3:hr>
            <ns3:cad>86</ns3:cad>
          </ns3:TrackPointExtension>
        </extensions>
      </trkpt>
      <trkpt lat="45.70147217251360416412353515625" lon="126.59638493321835994720458984375">
        <ele>155.8000030517578125</ele>
        <time>2026-08-20T11:17:50.000Z</time>
        <extensions>
          <ns3:TrackPointExtension>
            <ns3:hr>154</ns3:hr>
            <ns3:cad>86</ns3:cad>
          </ns3:TrackPointExtension>
        </extensions>
      </trkpt>
      <trkpt lat="45.70147468708455562591552734375" lon="126.5964257530868053436279296875">
        <ele>155.8000030517578125</ele>
        <time>2026-08-20T11:17:51.000Z</time>
        <extensions>
          <ns3:TrackPointExtension>
            <ns3:hr>154</ns3:hr>
            <ns3:cad>86</ns3:cad>
          </ns3:TrackPointExtension>
        </extensions>
      </trkpt>
      <trkpt lat="45.7014799676835536956787109375" lon="126.59645282663404941558837890625">
        <ele>156</ele>
        <time>2026-08-20T11:17:52.000Z</time>
        <extensions>
          <ns3:TrackPointExtension>
            <ns3:hr>155</ns3:hr>
            <ns3:cad>86</ns3:cad>
          </ns3:TrackPointExtension>
        </extensions>
      </trkpt>
      <trkpt lat="45.70148809812963008880615234375" lon="126.596493981778621673583984375">
        <ele>156</ele>
        <time>2026-08-20T11:17:53.000Z</time>
        <extensions>
          <ns3:TrackPointExtension>
            <ns3:hr>155</ns3:hr>
            <ns3:cad>86</ns3:cad>
          </ns3:TrackPointExtension>
        </extensions>
      </trkpt>
      <trkpt lat="45.7014923729002475738525390625" lon="126.59652859903872013092041015625">
        <ele>156</ele>
        <time>2026-08-20T11:17:54.000Z</time>
        <extensions>
          <ns3:TrackPointExtension>
            <ns3:hr>155</ns3:hr>
            <ns3:cad>86</ns3:cad>
          </ns3:TrackPointExtension>
        </extensions>
      </trkpt>
      <trkpt lat="45.70150067098438739776611328125" lon="126.59657134674489498138427734375">
        <ele>156.1999969482421875</ele>
        <time>2026-08-20T11:17:55.000Z</time>
        <extensions>
          <ns3:TrackPointExtension>
            <ns3:hr>156</ns3:hr>
            <ns3:cad>86</ns3:cad>
          </ns3:TrackPointExtension>
        </extensions>
      </trkpt>
      <trkpt lat="45.701505281031131744384765625" lon="126.59660956822335720062255859375">
        <ele>156.1999969482421875</ele>
        <time>2026-08-20T11:17:56.000Z</time>
        <extensions>
          <ns3:TrackPointExtension>
            <ns3:hr>156</ns3:hr>
            <ns3:cad>87</ns3:cad>
          </ns3:TrackPointExtension>
        </extensions>
      </trkpt>
      <trkpt lat="45.70151123218238353729248046875" lon="126.5966399945318698883056640625">
        <ele>156.399993896484375</ele>
        <time>2026-08-20T11:17:57.000Z</time>
        <extensions>
          <ns3:TrackPointExtension>
            <ns3:hr>157</ns3:hr>
            <ns3:cad>86</ns3:cad>
          </ns3:TrackPointExtension>
        </extensions>
      </trkpt>
      <trkpt lat="45.70151366293430328369140625" lon="126.59668517298996448516845703125">
        <ele>156.600006103515625</ele>
        <time>2026-08-20T11:17:58.000Z</time>
        <extensions>
          <ns3:TrackPointExtension>
            <ns3:hr>157</ns3:hr>
            <ns3:cad>86</ns3:cad>
          </ns3:TrackPointExtension>
        </extensions>
      </trkpt>
      <trkpt lat="45.70151877589523792266845703125" lon="126.59670797176659107208251953125">
        <ele>156.600006103515625</ele>
        <time>2026-08-20T11:17:59.000Z</time>
        <extensions>
          <ns3:TrackPointExtension>
            <ns3:hr>157</ns3:hr>
            <ns3:cad>86</ns3:cad>
          </ns3:TrackPointExtension>
        </extensions>
      </trkpt>
      <trkpt lat="45.7015185244381427764892578125" lon="126.596753485500812530517578125">
        <ele>156.600006103515625</ele>
        <time>2026-08-20T11:18:00.000Z</time>
        <extensions>
          <ns3:TrackPointExtension>
            <ns3:hr>158</ns3:hr>
            <ns3:cad>86</ns3:cad>
          </ns3:TrackPointExtension>
        </extensions>
      </trkpt>
      <trkpt lat="45.701522044837474822998046875" lon="126.596780978143215179443359375">
        <ele>156.8000030517578125</ele>
        <time>2026-08-20T11:18:01.000Z</time>
        <extensions>
          <ns3:TrackPointExtension>
            <ns3:hr>158</ns3:hr>
            <ns3:cad>86</ns3:cad>
          </ns3:TrackPointExtension>
        </extensions>
      </trkpt>
      <trkpt lat="45.7015272416174411773681640625" lon="126.596813499927520751953125">
        <ele>157</ele>
        <time>2026-08-20T11:18:02.000Z</time>
        <extensions>
          <ns3:TrackPointExtension>
            <ns3:hr>158</ns3:hr>
            <ns3:cad>86</ns3:cad>
          </ns3:TrackPointExtension>
        </extensions>
      </trkpt>
      <trkpt lat="45.70152414031326770782470703125" lon="126.59685130231082439422607421875">
        <ele>157</ele>
        <time>2026-08-20T11:18:03.000Z</time>
        <extensions>
          <ns3:TrackPointExtension>
            <ns3:hr>158</ns3:hr>
            <ns3:cad>86</ns3:cad>
          </ns3:TrackPointExtension>
        </extensions>
      </trkpt>
      <trkpt lat="45.70152732543647289276123046875" lon="126.59688114188611507415771484375">
        <ele>157.1999969482421875</ele>
        <time>2026-08-20T11:18:04.000Z</time>
        <extensions>
          <ns3:TrackPointExtension>
            <ns3:hr>157</ns3:hr>
            <ns3:cad>86</ns3:cad>
          </ns3:TrackPointExtension>
        </extensions>
      </trkpt>
      <trkpt lat="45.701522044837474822998046875" lon="126.5969236381351947784423828125">
        <ele>157.1999969482421875</ele>
        <time>2026-08-20T11:18:05.000Z</time>
        <extensions>
          <ns3:TrackPointExtension>
            <ns3:hr>158</ns3:hr>
            <ns3:cad>86</ns3:cad>
          </ns3:TrackPointExtension>
        </extensions>
      </trkpt>
      <trkpt lat="45.70152581669390201568603515625" lon="126.59694585017859935760498046875">
        <ele>157.399993896484375</ele>
        <time>2026-08-20T11:18:06.000Z</time>
        <extensions>
          <ns3:TrackPointExtension>
            <ns3:hr>158</ns3:hr>
            <ns3:cad>86</ns3:cad>
          </ns3:TrackPointExtension>
        </extensions>
      </trkpt>
      <trkpt lat="45.70152749307453632354736328125" lon="126.59698306582868099212646484375">
        <ele>157.399993896484375</ele>
        <time>2026-08-20T11:18:07.000Z</time>
        <extensions>
          <ns3:TrackPointExtension>
            <ns3:hr>158</ns3:hr>
            <ns3:cad>86</ns3:cad>
          </ns3:TrackPointExtension>
        </extensions>
      </trkpt>
      <trkpt lat="45.70153000764548778533935546875" lon="126.59700653515756130218505859375">
        <ele>157.399993896484375</ele>
        <time>2026-08-20T11:18:08.000Z</time>
        <extensions>
          <ns3:TrackPointExtension>
            <ns3:hr>159</ns3:hr>
            <ns3:cad>85</ns3:cad>
          </ns3:TrackPointExtension>
        </extensions>
      </trkpt>
      <trkpt lat="45.701534785330295562744140625" lon="126.59703754819929599761962890625">
        <ele>157.600006103515625</ele>
        <time>2026-08-20T11:18:09.000Z</time>
        <extensions>
          <ns3:TrackPointExtension>
            <ns3:hr>158</ns3:hr>
            <ns3:cad>85</ns3:cad>
          </ns3:TrackPointExtension>
        </extensions>
      </trkpt>
      <trkpt lat="45.701536126434803009033203125" lon="126.59707644023001194000244140625">
        <ele>157.8000030517578125</ele>
        <time>2026-08-20T11:18:10.000Z</time>
        <extensions>
          <ns3:TrackPointExtension>
            <ns3:hr>159</ns3:hr>
            <ns3:cad>85</ns3:cad>
          </ns3:TrackPointExtension>
        </extensions>
      </trkpt>
      <trkpt lat="45.70154425688087940216064453125" lon="126.59710678271949291229248046875">
        <ele>157.8000030517578125</ele>
        <time>2026-08-20T11:18:11.000Z</time>
        <extensions>
          <ns3:TrackPointExtension>
            <ns3:hr>159</ns3:hr>
            <ns3:cad>85</ns3:cad>
          </ns3:TrackPointExtension>
        </extensions>
      </trkpt>
      <trkpt lat="45.7015500403940677642822265625" lon="126.5971476025879383087158203125">
        <ele>158</ele>
        <time>2026-08-20T11:18:12.000Z</time>
        <extensions>
          <ns3:TrackPointExtension>
            <ns3:hr>159</ns3:hr>
            <ns3:cad>84</ns3:cad>
          </ns3:TrackPointExtension>
        </extensions>
      </trkpt>
      <trkpt lat="45.70155766792595386505126953125" lon="126.59717132337391376495361328125">
        <ele>158.1999969482421875</ele>
        <time>2026-08-20T11:18:13.000Z</time>
        <extensions>
          <ns3:TrackPointExtension>
            <ns3:hr>159</ns3:hr>
            <ns3:cad>85</ns3:cad>
          </ns3:TrackPointExtension>
        </extensions>
      </trkpt>
      <trkpt lat="45.70156051777303218841552734375" lon="126.59721340052783489227294921875">
        <ele>158.399993896484375</ele>
        <time>2026-08-20T11:18:14.000Z</time>
        <extensions>
          <ns3:TrackPointExtension>
            <ns3:hr>158</ns3:hr>
            <ns3:cad>86</ns3:cad>
          </ns3:TrackPointExtension>
        </extensions>
      </trkpt>
      <trkpt lat="45.70156169123947620391845703125" lon="126.59724608995020389556884765625">
        <ele>158.399993896484375</ele>
        <time>2026-08-20T11:18:15.000Z</time>
        <extensions>
          <ns3:TrackPointExtension>
            <ns3:hr>158</ns3:hr>
            <ns3:cad>86</ns3:cad>
          </ns3:TrackPointExtension>
        </extensions>
      </trkpt>
      <trkpt lat="45.70157007314264774322509765625" lon="126.59728112630546092987060546875">
        <ele>158.399993896484375</ele>
        <time>2026-08-20T11:18:16.000Z</time>
        <extensions>
          <ns3:TrackPointExtension>
            <ns3:hr>158</ns3:hr>
            <ns3:cad>86</ns3:cad>
          </ns3:TrackPointExtension>
        </extensions>
      </trkpt>
      <trkpt lat="45.70157342590391635894775390625" lon="126.59732018597424030303955078125">
        <ele>158.600006103515625</ele>
        <time>2026-08-20T11:18:17.000Z</time>
        <extensions>
          <ns3:TrackPointExtension>
            <ns3:hr>157</ns3:hr>
            <ns3:cad>86</ns3:cad>
          </ns3:TrackPointExtension>
        </extensions>
      </trkpt>
      <trkpt lat="45.7015758566558361053466796875" lon="126.59734181128442287445068359375">
        <ele>158.600006103515625</ele>
        <time>2026-08-20T11:18:18.000Z</time>
        <extensions>
          <ns3:TrackPointExtension>
            <ns3:hr>157</ns3:hr>
            <ns3:cad>85</ns3:cad>
          </ns3:TrackPointExtension>
        </extensions>
      </trkpt>
      <trkpt lat="45.701577030122280120849609375" lon="126.5973762609064579010009765625">
        <ele>158.8000030517578125</ele>
        <time>2026-08-20T11:18:19.000Z</time>
        <extensions>
          <ns3:TrackPointExtension>
            <ns3:hr>156</ns3:hr>
            <ns3:cad>85</ns3:cad>
          </ns3:TrackPointExtension>
        </extensions>
      </trkpt>
      <trkpt lat="45.701580382883548736572265625" lon="126.597403585910797119140625">
        <ele>159</ele>
        <time>2026-08-20T11:18:20.000Z</time>
        <extensions>
          <ns3:TrackPointExtension>
            <ns3:hr>156</ns3:hr>
            <ns3:cad>85</ns3:cad>
          </ns3:TrackPointExtension>
        </extensions>
      </trkpt>
      <trkpt lat="45.70158214308321475982666015625" lon="126.597436778247356414794921875">
        <ele>159</ele>
        <time>2026-08-20T11:18:21.000Z</time>
        <extensions>
          <ns3:TrackPointExtension>
            <ns3:hr>157</ns3:hr>
            <ns3:cad>85</ns3:cad>
          </ns3:TrackPointExtension>
        </extensions>
      </trkpt>
      <trkpt lat="45.70158130489289760589599609375" lon="126.59747038967907428741455078125">
        <ele>159.1999969482421875</ele>
        <time>2026-08-20T11:18:22.000Z</time>
        <extensions>
          <ns3:TrackPointExtension>
            <ns3:hr>157</ns3:hr>
            <ns3:cad>85</ns3:cad>
          </ns3:TrackPointExtension>
        </extensions>
      </trkpt>
      <trkpt lat="45.70158499293029308319091796875" lon="126.59750190563499927520751953125">
        <ele>159.1999969482421875</ele>
        <time>2026-08-20T11:18:23.000Z</time>
        <extensions>
          <ns3:TrackPointExtension>
            <ns3:hr>158</ns3:hr>
            <ns3:cad>85</ns3:cad>
          </ns3:TrackPointExtension>
        </extensions>
      </trkpt>
      <trkpt lat="45.7015909440815448760986328125" lon="126.5975417196750640869140625">
        <ele>159.399993896484375</ele>
        <time>2026-08-20T11:18:24.000Z</time>
        <extensions>
          <ns3:TrackPointExtension>
            <ns3:hr>157</ns3:hr>
            <ns3:cad>85</ns3:cad>
          </ns3:TrackPointExtension>
        </extensions>
      </trkpt>
      <trkpt lat="45.70159605704247951507568359375" lon="126.59756426699459552764892578125">
        <ele>159.600006103515625</ele>
        <time>2026-08-20T11:18:25.000Z</time>
        <extensions>
          <ns3:TrackPointExtension>
            <ns3:hr>157</ns3:hr>
            <ns3:cad>85</ns3:cad>
          </ns3:TrackPointExtension>
        </extensions>
      </trkpt>
      <trkpt lat="45.70160158909857273101806640625" lon="126.5975968725979328155517578125">
        <ele>159.600006103515625</ele>
        <time>2026-08-20T11:18:26.000Z</time>
        <extensions>
          <ns3:TrackPointExtension>
            <ns3:hr>158</ns3:hr>
            <ns3:cad>85</ns3:cad>
          </ns3:TrackPointExtension>
        </extensions>
      </trkpt>
      <trkpt lat="45.70160058327019214630126953125" lon="126.5976248681545257568359375">
        <ele>159.8000030517578125</ele>
        <time>2026-08-20T11:18:27.000Z</time>
        <extensions>
          <ns3:TrackPointExtension>
            <ns3:hr>158</ns3:hr>
            <ns3:cad>85</ns3:cad>
          </ns3:TrackPointExtension>
        </extensions>
      </trkpt>
      <trkpt lat="45.70160427130758762359619140625" lon="126.5976545400917530059814453125">
        <ele>160</ele>
        <time>2026-08-20T11:18:28.000Z</time>
        <extensions>
          <ns3:TrackPointExtension>
            <ns3:hr>158</ns3:hr>
            <ns3:cad>84</ns3:cad>
          </ns3:TrackPointExtension>
        </extensions>
      </trkpt>
      <trkpt lat="45.70160619914531707763671875" lon="126.59768815152347087860107421875">
        <ele>160</ele>
        <time>2026-08-20T11:18:29.000Z</time>
        <extensions>
          <ns3:TrackPointExtension>
            <ns3:hr>159</ns3:hr>
            <ns3:cad>84</ns3:cad>
          </ns3:TrackPointExtension>
        </extensions>
      </trkpt>
      <trkpt lat="45.70161265321075916290283203125" lon="126.59772067330777645111083984375">
        <ele>160.1999969482421875</ele>
        <time>2026-08-20T11:18:30.000Z</time>
        <extensions>
          <ns3:TrackPointExtension>
            <ns3:hr>159</ns3:hr>
            <ns3:cad>84</ns3:cad>
          </ns3:TrackPointExtension>
        </extensions>
      </trkpt>
      <trkpt lat="45.7016164250671863555908203125" lon="126.5977507643401622772216796875">
        <ele>160.399993896484375</ele>
        <time>2026-08-20T11:18:31.000Z</time>
        <extensions>
          <ns3:TrackPointExtension>
            <ns3:hr>160</ns3:hr>
            <ns3:cad>84</ns3:cad>
          </ns3:TrackPointExtension>
        </extensions>
      </trkpt>
      <trkpt lat="45.70162254385650157928466796875" lon="126.59778135828673839569091796875">
        <ele>160.600006103515625</ele>
        <time>2026-08-20T11:18:32.000Z</time>
        <extensions>
          <ns3:TrackPointExtension>
            <ns3:hr>160</ns3:hr>
            <ns3:cad>84</ns3:cad>
          </ns3:TrackPointExtension>
        </extensions>
      </trkpt>
      <trkpt lat="45.701629333198070526123046875" lon="126.59780918620526790618896484375">
        <ele>161</ele>
        <time>2026-08-20T11:18:33.000Z</time>
        <extensions>
          <ns3:TrackPointExtension>
            <ns3:hr>160</ns3:hr>
            <ns3:cad>84</ns3:cad>
          </ns3:TrackPointExtension>
        </extensions>
      </trkpt>
      <trkpt lat="45.70163478143513202667236328125" lon="126.5978422947227954864501953125">
        <ele>161</ele>
        <time>2026-08-20T11:18:34.000Z</time>
        <extensions>
          <ns3:TrackPointExtension>
            <ns3:hr>161</ns3:hr>
            <ns3:cad>84</ns3:cad>
          </ns3:TrackPointExtension>
        </extensions>
      </trkpt>
      <trkpt lat="45.70163905620574951171875" lon="126.59787272103130817413330078125">
        <ele>161</ele>
        <time>2026-08-20T11:18:35.000Z</time>
        <extensions>
          <ns3:TrackPointExtension>
            <ns3:hr>161</ns3:hr>
            <ns3:cad>85</ns3:cad>
          </ns3:TrackPointExtension>
        </extensions>
      </trkpt>
      <trkpt lat="45.70164106786251068115234375" lon="126.5979076735675334930419921875">
        <ele>161</ele>
        <time>2026-08-20T11:18:36.000Z</time>
        <extensions>
          <ns3:TrackPointExtension>
            <ns3:hr>161</ns3:hr>
            <ns3:cad>85</ns3:cad>
          </ns3:TrackPointExtension>
        </extensions>
      </trkpt>
      <trkpt lat="45.70163914002478122711181640625" lon="126.59793105907738208770751953125">
        <ele>161</ele>
        <time>2026-08-20T11:18:37.000Z</time>
        <extensions>
          <ns3:TrackPointExtension>
            <ns3:hr>161</ns3:hr>
            <ns3:cad>85</ns3:cad>
          </ns3:TrackPointExtension>
        </extensions>
      </trkpt>
      <trkpt lat="45.701641403138637542724609375" lon="126.5979549475014209747314453125">
        <ele>161</ele>
        <time>2026-08-20T11:18:38.000Z</time>
        <extensions>
          <ns3:TrackPointExtension>
            <ns3:hr>161</ns3:hr>
            <ns3:cad>85</ns3:cad>
          </ns3:TrackPointExtension>
        </extensions>
      </trkpt>
      <trkpt lat="45.701642073690891265869140625" lon="126.59798629581928253173828125">
        <ele>161</ele>
        <time>2026-08-20T11:18:39.000Z</time>
        <extensions>
          <ns3:TrackPointExtension>
            <ns3:hr>161</ns3:hr>
            <ns3:cad>85</ns3:cad>
          </ns3:TrackPointExtension>
        </extensions>
      </trkpt>
      <trkpt lat="45.70164685137569904327392578125" lon="126.5980137884616851806640625">
        <ele>161.1999969482421875</ele>
        <time>2026-08-20T11:18:40.000Z</time>
        <extensions>
          <ns3:TrackPointExtension>
            <ns3:hr>161</ns3:hr>
            <ns3:cad>85</ns3:cad>
          </ns3:TrackPointExtension>
        </extensions>
      </trkpt>
      <trkpt lat="45.701652467250823974609375" lon="126.59804991446435451507568359375">
        <ele>161.399993896484375</ele>
        <time>2026-08-20T11:18:41.000Z</time>
        <extensions>
          <ns3:TrackPointExtension>
            <ns3:hr>161</ns3:hr>
            <ns3:cad>85</ns3:cad>
          </ns3:TrackPointExtension>
        </extensions>
      </trkpt>
      <trkpt lat="45.70165791548788547515869140625" lon="126.598079837858676910400390625">
        <ele>161.399993896484375</ele>
        <time>2026-08-20T11:18:42.000Z</time>
        <extensions>
          <ns3:TrackPointExtension>
            <ns3:hr>162</ns3:hr>
            <ns3:cad>85</ns3:cad>
          </ns3:TrackPointExtension>
        </extensions>
      </trkpt>
      <trkpt lat="45.701666884124279022216796875" lon="126.59812401048839092254638671875">
        <ele>161.600006103515625</ele>
        <time>2026-08-20T11:18:43.000Z</time>
        <extensions>
          <ns3:TrackPointExtension>
            <ns3:hr>162</ns3:hr>
            <ns3:cad>85</ns3:cad>
          </ns3:TrackPointExtension>
        </extensions>
      </trkpt>
      <trkpt lat="45.70166948251426219940185546875" lon="126.59816675819456577301025390625">
        <ele>161.600006103515625</ele>
        <time>2026-08-20T11:18:44.000Z</time>
        <extensions>
          <ns3:TrackPointExtension>
            <ns3:hr>162</ns3:hr>
            <ns3:cad>86</ns3:cad>
          </ns3:TrackPointExtension>
        </extensions>
      </trkpt>
      <trkpt lat="45.7016693986952304840087890625" lon="126.59821470268070697784423828125">
        <ele>161.600006103515625</ele>
        <time>2026-08-20T11:18:45.000Z</time>
        <extensions>
          <ns3:TrackPointExtension>
            <ns3:hr>161</ns3:hr>
            <ns3:cad>86</ns3:cad>
          </ns3:TrackPointExtension>
        </extensions>
      </trkpt>
      <trkpt lat="45.701666884124279022216796875" lon="126.59824973903596401214599609375">
        <ele>161.600006103515625</ele>
        <time>2026-08-20T11:18:46.000Z</time>
        <extensions>
          <ns3:TrackPointExtension>
            <ns3:hr>161</ns3:hr>
            <ns3:cad>85</ns3:cad>
          </ns3:TrackPointExtension>
        </extensions>
      </trkpt>
      <trkpt lat="45.70167099125683307647705078125" lon="126.5982895530760288238525390625">
        <ele>161.8000030517578125</ele>
        <time>2026-08-20T11:18:47.000Z</time>
        <extensions>
          <ns3:TrackPointExtension>
            <ns3:hr>161</ns3:hr>
            <ns3:cad>85</ns3:cad>
          </ns3:TrackPointExtension>
        </extensions>
      </trkpt>
      <trkpt lat="45.701675601303577423095703125" lon="126.59832232631742954254150390625">
        <ele>162</ele>
        <time>2026-08-20T11:18:48.000Z</time>
        <extensions>
          <ns3:TrackPointExtension>
            <ns3:hr>161</ns3:hr>
            <ns3:cad>85</ns3:cad>
          </ns3:TrackPointExtension>
        </extensions>
      </trkpt>
      <trkpt lat="45.701678954064846038818359375" lon="126.59835099242627620697021484375">
        <ele>162</ele>
        <time>2026-08-20T11:18:49.000Z</time>
        <extensions>
          <ns3:TrackPointExtension>
            <ns3:hr>162</ns3:hr>
            <ns3:cad>85</ns3:cad>
          </ns3:TrackPointExtension>
        </extensions>
      </trkpt>
      <trkpt lat="45.7016791217029094696044921875" lon="126.598392315208911895751953125">
        <ele>162.1999969482421875</ele>
        <time>2026-08-20T11:18:50.000Z</time>
        <extensions>
          <ns3:TrackPointExtension>
            <ns3:hr>162</ns3:hr>
            <ns3:cad>86</ns3:cad>
          </ns3:TrackPointExtension>
        </extensions>
      </trkpt>
      <trkpt lat="45.70168289355933666229248046875" lon="126.5984189696609973907470703125">
        <ele>162.399993896484375</ele>
        <time>2026-08-20T11:18:51.000Z</time>
        <extensions>
          <ns3:TrackPointExtension>
            <ns3:hr>162</ns3:hr>
            <ns3:cad>86</ns3:cad>
          </ns3:TrackPointExtension>
        </extensions>
      </trkpt>
      <trkpt lat="45.70168624632060527801513671875" lon="126.59846247173845767974853515625">
        <ele>162.399993896484375</ele>
        <time>2026-08-20T11:18:52.000Z</time>
        <extensions>
          <ns3:TrackPointExtension>
            <ns3:hr>162</ns3:hr>
            <ns3:cad>86</ns3:cad>
          </ns3:TrackPointExtension>
        </extensions>
      </trkpt>
      <trkpt lat="45.7016908563673496246337890625" lon="126.59849281422793865203857421875">
        <ele>162.600006103515625</ele>
        <time>2026-08-20T11:18:53.000Z</time>
        <extensions>
          <ns3:TrackPointExtension>
            <ns3:hr>161</ns3:hr>
            <ns3:cad>86</ns3:cad>
          </ns3:TrackPointExtension>
        </extensions>
      </trkpt>
      <trkpt lat="45.7017002440989017486572265625" lon="126.59852818585932254791259765625">
        <ele>162.600006103515625</ele>
        <time>2026-08-20T11:18:54.000Z</time>
        <extensions>
          <ns3:TrackPointExtension>
            <ns3:hr>161</ns3:hr>
            <ns3:cad>86</ns3:cad>
          </ns3:TrackPointExtension>
        </extensions>
      </trkpt>
      <trkpt lat="45.7017062790691852569580078125" lon="126.59856758080422878265380859375">
        <ele>162.8000030517578125</ele>
        <time>2026-08-20T11:18:55.000Z</time>
        <extensions>
          <ns3:TrackPointExtension>
            <ns3:hr>161</ns3:hr>
            <ns3:cad>86</ns3:cad>
          </ns3:TrackPointExtension>
        </extensions>
      </trkpt>
      <trkpt lat="45.70171751081943511962890625" lon="126.5985976718366146087646484375">
        <ele>162.8000030517578125</ele>
        <time>2026-08-20T11:18:56.000Z</time>
        <extensions>
          <ns3:TrackPointExtension>
            <ns3:hr>161</ns3:hr>
            <ns3:cad>86</ns3:cad>
          </ns3:TrackPointExtension>
        </extensions>
      </trkpt>
      <trkpt lat="45.70171977393329143524169921875" lon="126.5986462868750095367431640625">
        <ele>162.8000030517578125</ele>
        <time>2026-08-20T11:18:57.000Z</time>
        <extensions>
          <ns3:TrackPointExtension>
            <ns3:hr>161</ns3:hr>
            <ns3:cad>86</ns3:cad>
          </ns3:TrackPointExtension>
        </extensions>
      </trkpt>
      <trkpt lat="45.70172765292227268218994140625" lon="126.59867738373577594757080078125">
        <ele>162.8000030517578125</ele>
        <time>2026-08-20T11:18:58.000Z</time>
        <extensions>
          <ns3:TrackPointExtension>
            <ns3:hr>162</ns3:hr>
            <ns3:cad>86</ns3:cad>
          </ns3:TrackPointExtension>
        </extensions>
      </trkpt>
      <trkpt lat="45.7017334364354610443115234375" lon="126.59872658550739288330078125">
        <ele>163</ele>
        <time>2026-08-20T11:18:59.000Z</time>
        <extensions>
          <ns3:TrackPointExtension>
            <ns3:hr>162</ns3:hr>
            <ns3:cad>86</ns3:cad>
          </ns3:TrackPointExtension>
        </extensions>
      </trkpt>
      <trkpt lat="45.7017371244728565216064453125" lon="126.59875852055847644805908203125">
        <ele>163</ele>
        <time>2026-08-20T11:19:00.000Z</time>
        <extensions>
          <ns3:TrackPointExtension>
            <ns3:hr>162</ns3:hr>
            <ns3:cad>85</ns3:cad>
          </ns3:TrackPointExtension>
        </extensions>
      </trkpt>
      <trkpt lat="45.70174299180507659912109375" lon="126.598797999322414398193359375">
        <ele>163.1999969482421875</ele>
        <time>2026-08-20T11:19:01.000Z</time>
        <extensions>
          <ns3:TrackPointExtension>
            <ns3:hr>162</ns3:hr>
            <ns3:cad>85</ns3:cad>
          </ns3:TrackPointExtension>
        </extensions>
      </trkpt>
      <trkpt lat="45.70174776948988437652587890625" lon="126.59883789718151092529296875">
        <ele>163.1999969482421875</ele>
        <time>2026-08-20T11:19:02.000Z</time>
        <extensions>
          <ns3:TrackPointExtension>
            <ns3:hr>162</ns3:hr>
            <ns3:cad>85</ns3:cad>
          </ns3:TrackPointExtension>
        </extensions>
      </trkpt>
      <trkpt lat="45.70175279863178730010986328125" lon="126.59886564128100872039794921875">
        <ele>163.1999969482421875</ele>
        <time>2026-08-20T11:19:03.000Z</time>
        <extensions>
          <ns3:TrackPointExtension>
            <ns3:hr>162</ns3:hr>
            <ns3:cad>85</ns3:cad>
          </ns3:TrackPointExtension>
        </extensions>
      </trkpt>
      <trkpt lat="45.7017585821449756622314453125" lon="126.59890620969235897064208984375">
        <ele>163.399993896484375</ele>
        <time>2026-08-20T11:19:04.000Z</time>
        <extensions>
          <ns3:TrackPointExtension>
            <ns3:hr>162</ns3:hr>
            <ns3:cad>85</ns3:cad>
          </ns3:TrackPointExtension>
        </extensions>
      </trkpt>
      <trkpt lat="45.7017605938017368316650390625" lon="126.598931439220905303955078125">
        <ele>163.399993896484375</ele>
        <time>2026-08-20T11:19:05.000Z</time>
        <extensions>
          <ns3:TrackPointExtension>
            <ns3:hr>162</ns3:hr>
            <ns3:cad>85</ns3:cad>
          </ns3:TrackPointExtension>
        </extensions>
      </trkpt>
      <trkpt lat="45.70176050998270511627197265625" lon="126.5989688225090503692626953125">
        <ele>163.600006103515625</ele>
        <time>2026-08-20T11:19:06.000Z</time>
        <extensions>
          <ns3:TrackPointExtension>
            <ns3:hr>163</ns3:hr>
            <ns3:cad>85</ns3:cad>
          </ns3:TrackPointExtension>
        </extensions>
      </trkpt>
      <trkpt lat="45.70175933651626110076904296875" lon="126.59900017082691192626953125">
        <ele>163.600006103515625</ele>
        <time>2026-08-20T11:19:07.000Z</time>
        <extensions>
          <ns3:TrackPointExtension>
            <ns3:hr>163</ns3:hr>
            <ns3:cad>85</ns3:cad>
          </ns3:TrackPointExtension>
        </extensions>
      </trkpt>
      <trkpt lat="45.70176176726818084716796875" lon="126.59903093241155147552490234375">
        <ele>163.8000030517578125</ele>
        <time>2026-08-20T11:19:08.000Z</time>
        <extensions>
          <ns3:TrackPointExtension>
            <ns3:hr>163</ns3:hr>
            <ns3:cad>86</ns3:cad>
          </ns3:TrackPointExtension>
        </extensions>
      </trkpt>
      <trkpt lat="45.70176713168621063232421875" lon="126.5990657173097133636474609375">
        <ele>163.8000030517578125</ele>
        <time>2026-08-20T11:19:09.000Z</time>
        <extensions>
          <ns3:TrackPointExtension>
            <ns3:hr>164</ns3:hr>
            <ns3:cad>85</ns3:cad>
          </ns3:TrackPointExtension>
        </extensions>
      </trkpt>
      <trkpt lat="45.701770484447479248046875" lon="126.5990908630192279815673828125">
        <ele>163.8000030517578125</ele>
        <time>2026-08-20T11:19:10.000Z</time>
        <extensions>
          <ns3:TrackPointExtension>
            <ns3:hr>165</ns3:hr>
            <ns3:cad>85</ns3:cad>
          </ns3:TrackPointExtension>
        </extensions>
      </trkpt>
      <trkpt lat="45.70176822133362293243408203125" lon="126.5991361252963542938232421875">
        <ele>163.8000030517578125</ele>
        <time>2026-08-20T11:19:11.000Z</time>
        <extensions>
          <ns3:TrackPointExtension>
            <ns3:hr>165</ns3:hr>
            <ns3:cad>86</ns3:cad>
          </ns3:TrackPointExtension>
        </extensions>
      </trkpt>
      <trkpt lat="45.701774172484874725341796875" lon="126.59916655160486698150634765625">
        <ele>163.8000030517578125</ele>
        <time>2026-08-20T11:19:12.000Z</time>
        <extensions>
          <ns3:TrackPointExtension>
            <ns3:hr>165</ns3:hr>
            <ns3:cad>86</ns3:cad>
          </ns3:TrackPointExtension>
        </extensions>
      </trkpt>
      <trkpt lat="45.70177710615098476409912109375" lon="126.5992048569023609161376953125">
        <ele>163.8000030517578125</ele>
        <time>2026-08-20T11:19:13.000Z</time>
        <extensions>
          <ns3:TrackPointExtension>
            <ns3:hr>166</ns3:hr>
            <ns3:cad>86</ns3:cad>
          </ns3:TrackPointExtension>
        </extensions>
      </trkpt>
      <trkpt lat="45.701779536902904510498046875" lon="126.59923553466796875">
        <ele>163.8000030517578125</ele>
        <time>2026-08-20T11:19:14.000Z</time>
        <extensions>
          <ns3:TrackPointExtension>
            <ns3:hr>166</ns3:hr>
            <ns3:cad>86</ns3:cad>
          </ns3:TrackPointExtension>
        </extensions>
      </trkpt>
      <trkpt lat="45.701782889664173126220703125" lon="126.59927501343190670013427734375">
        <ele>163.8000030517578125</ele>
        <time>2026-08-20T11:19:15.000Z</time>
        <extensions>
          <ns3:TrackPointExtension>
            <ns3:hr>166</ns3:hr>
            <ns3:cad>86</ns3:cad>
          </ns3:TrackPointExtension>
        </extensions>
      </trkpt>
      <trkpt lat="45.701786577701568603515625" lon="126.59930837340652942657470703125">
        <ele>163.8000030517578125</ele>
        <time>2026-08-20T11:19:16.000Z</time>
        <extensions>
          <ns3:TrackPointExtension>
            <ns3:hr>166</ns3:hr>
            <ns3:cad>87</ns3:cad>
          </ns3:TrackPointExtension>
        </extensions>
      </trkpt>
      <trkpt lat="45.70179252885282039642333984375" lon="126.59934885799884796142578125">
        <ele>163.8000030517578125</ele>
        <time>2026-08-20T11:19:17.000Z</time>
        <extensions>
          <ns3:TrackPointExtension>
            <ns3:hr>166</ns3:hr>
            <ns3:cad>87</ns3:cad>
          </ns3:TrackPointExtension>
        </extensions>
      </trkpt>
      <trkpt lat="45.70180174894630908966064453125" lon="126.59938883967697620391845703125">
        <ele>164</ele>
        <time>2026-08-20T11:19:18.000Z</time>
        <extensions>
          <ns3:TrackPointExtension>
            <ns3:hr>166</ns3:hr>
            <ns3:cad>87</ns3:cad>
          </ns3:TrackPointExtension>
        </extensions>
      </trkpt>
      <trkpt lat="45.7018142379820346832275390625" lon="126.5994237922132015228271484375">
        <ele>164</ele>
        <time>2026-08-20T11:19:19.000Z</time>
        <extensions>
          <ns3:TrackPointExtension>
            <ns3:hr>166</ns3:hr>
            <ns3:cad>87</ns3:cad>
          </ns3:TrackPointExtension>
        </extensions>
      </trkpt>
      <trkpt lat="45.7018162496387958526611328125" lon="126.5994586609303951263427734375">
        <ele>164</ele>
        <time>2026-08-20T11:19:20.000Z</time>
        <extensions>
          <ns3:TrackPointExtension>
            <ns3:hr>166</ns3:hr>
            <ns3:cad>87</ns3:cad>
          </ns3:TrackPointExtension>
        </extensions>
      </trkpt>
      <trkpt lat="45.70182270370423793792724609375" lon="126.5994874946773052215576171875">
        <ele>164</ele>
        <time>2026-08-20T11:19:21.000Z</time>
        <extensions>
          <ns3:TrackPointExtension>
            <ns3:hr>166</ns3:hr>
            <ns3:cad>88</ns3:cad>
          </ns3:TrackPointExtension>
        </extensions>
      </trkpt>
      <trkpt lat="45.7018185965716838836669921875" lon="126.5995294041931629180908203125">
        <ele>164.1999969482421875</ele>
        <time>2026-08-20T11:19:22.000Z</time>
        <extensions>
          <ns3:TrackPointExtension>
            <ns3:hr>166</ns3:hr>
            <ns3:cad>88</ns3:cad>
          </ns3:TrackPointExtension>
        </extensions>
      </trkpt>
      <trkpt lat="45.70182035677134990692138671875" lon="126.5995582379400730133056640625">
        <ele>164.1999969482421875</ele>
        <time>2026-08-20T11:19:23.000Z</time>
        <extensions>
          <ns3:TrackPointExtension>
            <ns3:hr>166</ns3:hr>
            <ns3:cad>88</ns3:cad>
          </ns3:TrackPointExtension>
        </extensions>
      </trkpt>
      <trkpt lat="45.70182488299906253814697265625" lon="126.5995967946946620941162109375">
        <ele>164.1999969482421875</ele>
        <time>2026-08-20T11:19:24.000Z</time>
        <extensions>
          <ns3:TrackPointExtension>
            <ns3:hr>167</ns3:hr>
            <ns3:cad>88</ns3:cad>
          </ns3:TrackPointExtension>
        </extensions>
      </trkpt>
      <trkpt lat="45.701831839978694915771484375" lon="126.59962403587996959686279296875">
        <ele>164.1999969482421875</ele>
        <time>2026-08-20T11:19:25.000Z</time>
        <extensions>
          <ns3:TrackPointExtension>
            <ns3:hr>167</ns3:hr>
            <ns3:cad>88</ns3:cad>
          </ns3:TrackPointExtension>
        </extensions>
      </trkpt>
      <trkpt lat="45.70183896459639072418212890625" lon="126.5996646881103515625">
        <ele>164.399993896484375</ele>
        <time>2026-08-20T11:19:26.000Z</time>
        <extensions>
          <ns3:TrackPointExtension>
            <ns3:hr>167</ns3:hr>
            <ns3:cad>87</ns3:cad>
          </ns3:TrackPointExtension>
        </extensions>
      </trkpt>
      <trkpt lat="45.7018413953483104705810546875" lon="126.59969511441886425018310546875">
        <ele>164.1999969482421875</ele>
        <time>2026-08-20T11:19:27.000Z</time>
        <extensions>
          <ns3:TrackPointExtension>
            <ns3:hr>167</ns3:hr>
            <ns3:cad>87</ns3:cad>
          </ns3:TrackPointExtension>
        </extensions>
      </trkpt>
      <trkpt lat="45.7018434070050716400146484375" lon="126.599734760820865631103515625">
        <ele>164.399993896484375</ele>
        <time>2026-08-20T11:19:28.000Z</time>
        <extensions>
          <ns3:TrackPointExtension>
            <ns3:hr>167</ns3:hr>
            <ns3:cad>87</ns3:cad>
          </ns3:TrackPointExtension>
        </extensions>
      </trkpt>
      <trkpt lat="45.70184567011892795562744140625" lon="126.59977532923221588134765625">
        <ele>164.399993896484375</ele>
        <time>2026-08-20T11:19:29.000Z</time>
        <extensions>
          <ns3:TrackPointExtension>
            <ns3:hr>166</ns3:hr>
            <ns3:cad>87</ns3:cad>
          </ns3:TrackPointExtension>
        </extensions>
      </trkpt>
      <trkpt lat="45.70185002870857715606689453125" lon="126.59981246106326580047607421875">
        <ele>164.399993896484375</ele>
        <time>2026-08-20T11:19:30.000Z</time>
        <extensions>
          <ns3:TrackPointExtension>
            <ns3:hr>166</ns3:hr>
            <ns3:cad>87</ns3:cad>
          </ns3:TrackPointExtension>
        </extensions>
      </trkpt>
      <trkpt lat="45.7018574886023998260498046875" lon="126.5998566336929798126220703125">
        <ele>164.399993896484375</ele>
        <time>2026-08-20T11:19:31.000Z</time>
        <extensions>
          <ns3:TrackPointExtension>
            <ns3:hr>166</ns3:hr>
            <ns3:cad>87</ns3:cad>
          </ns3:TrackPointExtension>
        </extensions>
      </trkpt>
      <trkpt lat="45.70186436176300048828125" lon="126.59988437779247760772705078125">
        <ele>164.399993896484375</ele>
        <time>2026-08-20T11:19:32.000Z</time>
        <extensions>
          <ns3:TrackPointExtension>
            <ns3:hr>166</ns3:hr>
            <ns3:cad>86</ns3:cad>
          </ns3:TrackPointExtension>
        </extensions>
      </trkpt>
      <trkpt lat="45.70186662487685680389404296875" lon="126.59992997534573078155517578125">
        <ele>164.1999969482421875</ele>
        <time>2026-08-20T11:19:33.000Z</time>
        <extensions>
          <ns3:TrackPointExtension>
            <ns3:hr>166</ns3:hr>
            <ns3:cad>86</ns3:cad>
          </ns3:TrackPointExtension>
        </extensions>
      </trkpt>
      <trkpt lat="45.70186913944780826568603515625" lon="126.59996232949197292327880859375">
        <ele>164.1999969482421875</ele>
        <time>2026-08-20T11:19:34.000Z</time>
        <extensions>
          <ns3:TrackPointExtension>
            <ns3:hr>167</ns3:hr>
            <ns3:cad>87</ns3:cad>
          </ns3:TrackPointExtension>
        </extensions>
      </trkpt>
      <trkpt lat="45.70187048055231571197509765625" lon="126.6000085137784481048583984375">
        <ele>164.1999969482421875</ele>
        <time>2026-08-20T11:19:35.000Z</time>
        <extensions>
          <ns3:TrackPointExtension>
            <ns3:hr>167</ns3:hr>
            <ns3:cad>87</ns3:cad>
          </ns3:TrackPointExtension>
        </extensions>
      </trkpt>
      <trkpt lat="45.70187316276133060455322265625" lon="126.60004145465791225433349609375">
        <ele>164.1999969482421875</ele>
        <time>2026-08-20T11:19:36.000Z</time>
        <extensions>
          <ns3:TrackPointExtension>
            <ns3:hr>167</ns3:hr>
            <ns3:cad>87</ns3:cad>
          </ns3:TrackPointExtension>
        </extensions>
      </trkpt>
      <trkpt lat="45.70187349803745746612548828125" lon="126.600082106888294219970703125">
        <ele>164.1999969482421875</ele>
        <time>2026-08-20T11:19:37.000Z</time>
        <extensions>
          <ns3:TrackPointExtension>
            <ns3:hr>167</ns3:hr>
            <ns3:cad>87</ns3:cad>
          </ns3:TrackPointExtension>
        </extensions>
      </trkpt>
      <trkpt lat="45.70187651552259922027587890625" lon="126.600123010575771331787109375">
        <ele>164.1999969482421875</ele>
        <time>2026-08-20T11:19:38.000Z</time>
        <extensions>
          <ns3:TrackPointExtension>
            <ns3:hr>166</ns3:hr>
            <ns3:cad>87</ns3:cad>
          </ns3:TrackPointExtension>
        </extensions>
      </trkpt>
      <trkpt lat="45.70188037119805812835693359375" lon="126.60015494562685489654541015625">
        <ele>164.1999969482421875</ele>
        <time>2026-08-20T11:19:39.000Z</time>
        <extensions>
          <ns3:TrackPointExtension>
            <ns3:hr>166</ns3:hr>
            <ns3:cad>87</ns3:cad>
          </ns3:TrackPointExtension>
        </extensions>
      </trkpt>
      <trkpt lat="45.70188456214964389801025390625" lon="126.60019501112401485443115234375">
        <ele>164.1999969482421875</ele>
        <time>2026-08-20T11:19:40.000Z</time>
        <extensions>
          <ns3:TrackPointExtension>
            <ns3:hr>166</ns3:hr>
            <ns3:cad>87</ns3:cad>
          </ns3:TrackPointExtension>
        </extensions>
      </trkpt>
      <trkpt lat="45.70189160294830799102783203125" lon="126.6002200730144977569580078125">
        <ele>164.1999969482421875</ele>
        <time>2026-08-20T11:19:41.000Z</time>
        <extensions>
          <ns3:TrackPointExtension>
            <ns3:hr>166</ns3:hr>
            <ns3:cad>87</ns3:cad>
          </ns3:TrackPointExtension>
        </extensions>
      </trkpt>
      <trkpt lat="45.70189478807151317596435546875" lon="126.60025971941649913787841796875">
        <ele>164.399993896484375</ele>
        <time>2026-08-20T11:19:42.000Z</time>
        <extensions>
          <ns3:TrackPointExtension>
            <ns3:hr>167</ns3:hr>
            <ns3:cad>87</ns3:cad>
          </ns3:TrackPointExtension>
        </extensions>
      </trkpt>
      <trkpt lat="45.7018983922898769378662109375" lon="126.600279919803142547607421875">
        <ele>164.399993896484375</ele>
        <time>2026-08-20T11:19:43.000Z</time>
        <extensions>
          <ns3:TrackPointExtension>
            <ns3:hr>166</ns3:hr>
            <ns3:cad>87</ns3:cad>
          </ns3:TrackPointExtension>
        </extensions>
      </trkpt>
      <trkpt lat="45.70190333761274814605712890625" lon="126.60030665807425975799560546875">
        <ele>164.399993896484375</ele>
        <time>2026-08-20T11:19:44.000Z</time>
        <extensions>
          <ns3:TrackPointExtension>
            <ns3:hr>166</ns3:hr>
            <ns3:cad>87</ns3:cad>
          </ns3:TrackPointExtension>
        </extensions>
      </trkpt>
      <trkpt lat="45.70190484635531902313232421875" lon="126.6003340668976306915283203125">
        <ele>164.399993896484375</ele>
        <time>2026-08-20T11:19:45.000Z</time>
        <extensions>
          <ns3:TrackPointExtension>
            <ns3:hr>166</ns3:hr>
            <ns3:cad>87</ns3:cad>
          </ns3:TrackPointExtension>
        </extensions>
      </trkpt>
      <trkpt lat="45.7019057683646678924560546875" lon="126.60036181099712848663330078125">
        <ele>164.399993896484375</ele>
        <time>2026-08-20T11:19:46.000Z</time>
        <extensions>
          <ns3:TrackPointExtension>
            <ns3:hr>166</ns3:hr>
            <ns3:cad>87</ns3:cad>
          </ns3:TrackPointExtension>
        </extensions>
      </trkpt>
      <trkpt lat="45.7019101269543170928955078125" lon="126.60039617680013179779052734375">
        <ele>164.399993896484375</ele>
        <time>2026-08-20T11:19:47.000Z</time>
        <extensions>
          <ns3:TrackPointExtension>
            <ns3:hr>166</ns3:hr>
            <ns3:cad>87</ns3:cad>
          </ns3:TrackPointExtension>
        </extensions>
      </trkpt>
      <trkpt lat="45.7019134797155857086181640625" lon="126.600429452955722808837890625">
        <ele>164.399993896484375</ele>
        <time>2026-08-20T11:19:48.000Z</time>
        <extensions>
          <ns3:TrackPointExtension>
            <ns3:hr>166</ns3:hr>
            <ns3:cad>87</ns3:cad>
          </ns3:TrackPointExtension>
        </extensions>
      </trkpt>
      <trkpt lat="45.7019201852381229400634765625" lon="126.6004705242812633514404296875">
        <ele>164.600006103515625</ele>
        <time>2026-08-20T11:19:49.000Z</time>
        <extensions>
          <ns3:TrackPointExtension>
            <ns3:hr>166</ns3:hr>
            <ns3:cad>87</ns3:cad>
          </ns3:TrackPointExtension>
        </extensions>
      </trkpt>
      <trkpt lat="45.701920688152313232421875" lon="126.60050279460847377777099609375">
        <ele>164.600006103515625</ele>
        <time>2026-08-20T11:19:50.000Z</time>
        <extensions>
          <ns3:TrackPointExtension>
            <ns3:hr>166</ns3:hr>
            <ns3:cad>86</ns3:cad>
          </ns3:TrackPointExtension>
        </extensions>
      </trkpt>
      <trkpt lat="45.70192194543778896331787109375" lon="126.6005389206111431121826171875">
        <ele>164.600006103515625</ele>
        <time>2026-08-20T11:19:51.000Z</time>
        <extensions>
          <ns3:TrackPointExtension>
            <ns3:hr>167</ns3:hr>
            <ns3:cad>86</ns3:cad>
          </ns3:TrackPointExtension>
        </extensions>
      </trkpt>
      <trkpt lat="45.70192580111324787139892578125" lon="126.6005645692348480224609375">
        <ele>164.600006103515625</ele>
        <time>2026-08-20T11:19:52.000Z</time>
        <extensions>
          <ns3:TrackPointExtension>
            <ns3:hr>167</ns3:hr>
            <ns3:cad>86</ns3:cad>
          </ns3:TrackPointExtension>
        </extensions>
      </trkpt>
      <trkpt lat="45.70192831568419933319091796875" lon="126.60060035996139049530029296875">
        <ele>164.600006103515625</ele>
        <time>2026-08-20T11:19:53.000Z</time>
        <extensions>
          <ns3:TrackPointExtension>
            <ns3:hr>167</ns3:hr>
            <ns3:cad>86</ns3:cad>
          </ns3:TrackPointExtension>
        </extensions>
      </trkpt>
      <trkpt lat="45.701933763921260833740234375" lon="126.60062936134636402130126953125">
        <ele>164.600006103515625</ele>
        <time>2026-08-20T11:19:54.000Z</time>
        <extensions>
          <ns3:TrackPointExtension>
            <ns3:hr>167</ns3:hr>
            <ns3:cad>86</ns3:cad>
          </ns3:TrackPointExtension>
        </extensions>
      </trkpt>
      <trkpt lat="45.701936781406402587890625" lon="126.60065752454102039337158203125">
        <ele>164.399993896484375</ele>
        <time>2026-08-20T11:19:55.000Z</time>
        <extensions>
          <ns3:TrackPointExtension>
            <ns3:hr>167</ns3:hr>
            <ns3:cad>87</ns3:cad>
          </ns3:TrackPointExtension>
        </extensions>
      </trkpt>
      <trkpt lat="45.7019381225109100341796875" lon="126.60069088451564311981201171875">
        <ele>164.399993896484375</ele>
        <time>2026-08-20T11:19:56.000Z</time>
        <extensions>
          <ns3:TrackPointExtension>
            <ns3:hr>167</ns3:hr>
            <ns3:cad>87</ns3:cad>
          </ns3:TrackPointExtension>
        </extensions>
      </trkpt>
      <trkpt lat="45.701938457787036895751953125" lon="126.600719802081584930419921875">
        <ele>164.600006103515625</ele>
        <time>2026-08-20T11:19:57.000Z</time>
        <extensions>
          <ns3:TrackPointExtension>
            <ns3:hr>167</ns3:hr>
            <ns3:cad>87</ns3:cad>
          </ns3:TrackPointExtension>
        </extensions>
      </trkpt>
      <trkpt lat="45.70193787105381488800048828125" lon="126.6007491387426853179931640625">
        <ele>164.600006103515625</ele>
        <time>2026-08-20T11:19:58.000Z</time>
        <extensions>
          <ns3:TrackPointExtension>
            <ns3:hr>167</ns3:hr>
            <ns3:cad>86</ns3:cad>
          </ns3:TrackPointExtension>
        </extensions>
      </trkpt>
      <trkpt lat="45.70194088853895664215087890625" lon="126.60077604465186595916748046875">
        <ele>164.600006103515625</ele>
        <time>2026-08-20T11:19:59.000Z</time>
        <extensions>
          <ns3:TrackPointExtension>
            <ns3:hr>167</ns3:hr>
            <ns3:cad>86</ns3:cad>
          </ns3:TrackPointExtension>
        </extensions>
      </trkpt>
      <trkpt lat="45.7019463367760181427001953125" lon="126.60081443376839160919189453125">
        <ele>164.600006103515625</ele>
        <time>2026-08-20T11:20:00.000Z</time>
        <extensions>
          <ns3:TrackPointExtension>
            <ns3:hr>167</ns3:hr>
            <ns3:cad>86</ns3:cad>
          </ns3:TrackPointExtension>
        </extensions>
      </trkpt>
      <trkpt lat="45.70195061154663562774658203125" lon="126.600855253636837005615234375">
        <ele>164.600006103515625</ele>
        <time>2026-08-20T11:20:01.000Z</time>
        <extensions>
          <ns3:TrackPointExtension>
            <ns3:hr>166</ns3:hr>
            <ns3:cad>87</ns3:cad>
          </ns3:TrackPointExtension>
        </extensions>
      </trkpt>
      <trkpt lat="45.7019627653062343597412109375" lon="126.6009214706718921661376953125">
        <ele>164.600006103515625</ele>
        <time>2026-08-20T11:20:02.000Z</time>
        <extensions>
          <ns3:TrackPointExtension>
            <ns3:hr>167</ns3:hr>
            <ns3:cad>88</ns3:cad>
          </ns3:TrackPointExtension>
        </extensions>
      </trkpt>
      <trkpt lat="45.701965950429439544677734375" lon="126.60095826722681522369384765625">
        <ele>164.600006103515625</ele>
        <time>2026-08-20T11:20:03.000Z</time>
        <extensions>
          <ns3:TrackPointExtension>
            <ns3:hr>167</ns3:hr>
            <ns3:cad>88</ns3:cad>
          </ns3:TrackPointExtension>
        </extensions>
      </trkpt>
      <trkpt lat="45.70197827182710170745849609375" lon="126.6010119952261447906494140625">
        <ele>164.8000030517578125</ele>
        <time>2026-08-20T11:20:04.000Z</time>
        <extensions>
          <ns3:TrackPointExtension>
            <ns3:hr>166</ns3:hr>
            <ns3:cad>88</ns3:cad>
          </ns3:TrackPointExtension>
        </extensions>
      </trkpt>
      <trkpt lat="45.70199310779571533203125" lon="126.60104778595268726348876953125">
        <ele>164.8000030517578125</ele>
        <time>2026-08-20T11:20:05.000Z</time>
        <extensions>
          <ns3:TrackPointExtension>
            <ns3:hr>167</ns3:hr>
            <ns3:cad>87</ns3:cad>
          </ns3:TrackPointExtension>
        </extensions>
      </trkpt>
      <trkpt lat="45.7020056806504726409912109375" lon="126.6010897792875766754150390625">
        <ele>164.8000030517578125</ele>
        <time>2026-08-20T11:20:06.000Z</time>
        <extensions>
          <ns3:TrackPointExtension>
            <ns3:hr>167</ns3:hr>
            <ns3:cad>87</ns3:cad>
          </ns3:TrackPointExtension>
        </extensions>
      </trkpt>
      <trkpt lat="45.70201448164880275726318359375" lon="126.6011256538331508636474609375">
        <ele>164.8000030517578125</ele>
        <time>2026-08-20T11:20:07.000Z</time>
        <extensions>
          <ns3:TrackPointExtension>
            <ns3:hr>167</ns3:hr>
            <ns3:cad>87</ns3:cad>
          </ns3:TrackPointExtension>
        </extensions>
      </trkpt>
      <trkpt lat="45.7020214386284351348876953125" lon="126.60116873681545257568359375">
        <ele>164.8000030517578125</ele>
        <time>2026-08-20T11:20:08.000Z</time>
        <extensions>
          <ns3:TrackPointExtension>
            <ns3:hr>167</ns3:hr>
            <ns3:cad>87</ns3:cad>
          </ns3:TrackPointExtension>
        </extensions>
      </trkpt>
      <trkpt lat="45.70202772505581378936767578125" lon="126.601209305226802825927734375">
        <ele>164.8000030517578125</ele>
        <time>2026-08-20T11:20:09.000Z</time>
        <extensions>
          <ns3:TrackPointExtension>
            <ns3:hr>168</ns3:hr>
            <ns3:cad>87</ns3:cad>
          </ns3:TrackPointExtension>
        </extensions>
      </trkpt>
      <trkpt lat="45.70203526876866817474365234375" lon="126.60124652087688446044921875">
        <ele>164.8000030517578125</ele>
        <time>2026-08-20T11:20:10.000Z</time>
        <extensions>
          <ns3:TrackPointExtension>
            <ns3:hr>167</ns3:hr>
            <ns3:cad>87</ns3:cad>
          </ns3:TrackPointExtension>
        </extensions>
      </trkpt>
      <trkpt lat="45.70204013027250766754150390625" lon="126.6012906096875667572021484375">
        <ele>164.8000030517578125</ele>
        <time>2026-08-20T11:20:11.000Z</time>
        <extensions>
          <ns3:TrackPointExtension>
            <ns3:hr>168</ns3:hr>
            <ns3:cad>87</ns3:cad>
          </ns3:TrackPointExtension>
        </extensions>
      </trkpt>
      <trkpt lat="45.7020499370992183685302734375" lon="126.60132036544382572174072265625">
        <ele>164.8000030517578125</ele>
        <time>2026-08-20T11:20:12.000Z</time>
        <extensions>
          <ns3:TrackPointExtension>
            <ns3:hr>168</ns3:hr>
            <ns3:cad>87</ns3:cad>
          </ns3:TrackPointExtension>
        </extensions>
      </trkpt>
      <trkpt lat="45.70205211639404296875" lon="126.60136730410158634185791015625">
        <ele>164.8000030517578125</ele>
        <time>2026-08-20T11:20:13.000Z</time>
        <extensions>
          <ns3:TrackPointExtension>
            <ns3:hr>168</ns3:hr>
            <ns3:cad>87</ns3:cad>
          </ns3:TrackPointExtension>
        </extensions>
      </trkpt>
      <trkpt lat="45.70205555297434329986572265625" lon="126.6013962216675281524658203125">
        <ele>164.8000030517578125</ele>
        <time>2026-08-20T11:20:14.000Z</time>
        <extensions>
          <ns3:TrackPointExtension>
            <ns3:hr>168</ns3:hr>
            <ns3:cad>87</ns3:cad>
          </ns3:TrackPointExtension>
        </extensions>
      </trkpt>
      <trkpt lat="45.7020576484501361846923828125" lon="126.60144391469657421112060546875">
        <ele>164.8000030517578125</ele>
        <time>2026-08-20T11:20:15.000Z</time>
        <extensions>
          <ns3:TrackPointExtension>
            <ns3:hr>168</ns3:hr>
            <ns3:cad>87</ns3:cad>
          </ns3:TrackPointExtension>
        </extensions>
      </trkpt>
      <trkpt lat="45.70206209085881710052490234375" lon="126.601480543613433837890625">
        <ele>164.8000030517578125</ele>
        <time>2026-08-20T11:20:16.000Z</time>
        <extensions>
          <ns3:TrackPointExtension>
            <ns3:hr>168</ns3:hr>
            <ns3:cad>88</ns3:cad>
          </ns3:TrackPointExtension>
        </extensions>
      </trkpt>
      <trkpt lat="45.70206820964813232421875" lon="126.6015239618718624114990234375">
        <ele>164.8000030517578125</ele>
        <time>2026-08-20T11:20:17.000Z</time>
        <extensions>
          <ns3:TrackPointExtension>
            <ns3:hr>168</ns3:hr>
            <ns3:cad>88</ns3:cad>
          </ns3:TrackPointExtension>
        </extensions>
      </trkpt>
      <trkpt lat="45.702072568237781524658203125" lon="126.601564027369022369384765625">
        <ele>164.8000030517578125</ele>
        <time>2026-08-20T11:20:18.000Z</time>
        <extensions>
          <ns3:TrackPointExtension>
            <ns3:hr>168</ns3:hr>
            <ns3:cad>88</ns3:cad>
          </ns3:TrackPointExtension>
        </extensions>
      </trkpt>
      <trkpt lat="45.70207198150455951690673828125" lon="126.601601578295230865478515625">
        <ele>164.8000030517578125</ele>
        <time>2026-08-20T11:20:19.000Z</time>
        <extensions>
          <ns3:TrackPointExtension>
            <ns3:hr>168</ns3:hr>
            <ns3:cad>87</ns3:cad>
          </ns3:TrackPointExtension>
        </extensions>
      </trkpt>
      <trkpt lat="45.702071227133274078369140625" lon="126.60163954831659793853759765625">
        <ele>164.8000030517578125</ele>
        <time>2026-08-20T11:20:20.000Z</time>
        <extensions>
          <ns3:TrackPointExtension>
            <ns3:hr>167</ns3:hr>
            <ns3:cad>87</ns3:cad>
          </ns3:TrackPointExtension>
        </extensions>
      </trkpt>
      <trkpt lat="45.70206980220973491668701171875" lon="126.601674668490886688232421875">
        <ele>164.8000030517578125</ele>
        <time>2026-08-20T11:20:21.000Z</time>
        <extensions>
          <ns3:TrackPointExtension>
            <ns3:hr>167</ns3:hr>
            <ns3:cad>87</ns3:cad>
          </ns3:TrackPointExtension>
        </extensions>
      </trkpt>
      <trkpt lat="45.7020569778978824615478515625" lon="126.6017117165029048919677734375">
        <ele>165</ele>
        <time>2026-08-20T11:20:22.000Z</time>
        <extensions>
          <ns3:TrackPointExtension>
            <ns3:hr>167</ns3:hr>
            <ns3:cad>87</ns3:cad>
          </ns3:TrackPointExtension>
        </extensions>
      </trkpt>
      <trkpt lat="45.702061839401721954345703125" lon="126.60173778422176837921142578125">
        <ele>165</ele>
        <time>2026-08-20T11:20:23.000Z</time>
        <extensions>
          <ns3:TrackPointExtension>
            <ns3:hr>167</ns3:hr>
            <ns3:cad>87</ns3:cad>
          </ns3:TrackPointExtension>
        </extensions>
      </trkpt>
      <trkpt lat="45.70206276141107082366943359375" lon="126.60178069956600666046142578125">
        <ele>164.8000030517578125</ele>
        <time>2026-08-20T11:20:24.000Z</time>
        <extensions>
          <ns3:TrackPointExtension>
            <ns3:hr>167</ns3:hr>
            <ns3:cad>87</ns3:cad>
          </ns3:TrackPointExtension>
        </extensions>
      </trkpt>
      <trkpt lat="45.70206427015364170074462890625" lon="126.60181020386517047882080078125">
        <ele>165</ele>
        <time>2026-08-20T11:20:25.000Z</time>
        <extensions>
          <ns3:TrackPointExtension>
            <ns3:hr>166</ns3:hr>
            <ns3:cad>87</ns3:cad>
          </ns3:TrackPointExtension>
        </extensions>
      </trkpt>
      <trkpt lat="45.70206753909587860107421875" lon="126.60184943117201328277587890625">
        <ele>164.8000030517578125</ele>
        <time>2026-08-20T11:20:26.000Z</time>
        <extensions>
          <ns3:TrackPointExtension>
            <ns3:hr>166</ns3:hr>
            <ns3:cad>87</ns3:cad>
          </ns3:TrackPointExtension>
        </extensions>
      </trkpt>
      <trkpt lat="45.70207097567617893218994140625" lon="126.601877510547637939453125">
        <ele>164.8000030517578125</ele>
        <time>2026-08-20T11:20:27.000Z</time>
        <extensions>
          <ns3:TrackPointExtension>
            <ns3:hr>166</ns3:hr>
            <ns3:cad>87</ns3:cad>
          </ns3:TrackPointExtension>
        </extensions>
      </trkpt>
      <trkpt lat="45.7020744122564792633056640625" lon="126.60192000679671764373779296875">
        <ele>164.8000030517578125</ele>
        <time>2026-08-20T11:20:28.000Z</time>
        <extensions>
          <ns3:TrackPointExtension>
            <ns3:hr>166</ns3:hr>
            <ns3:cad>87</ns3:cad>
          </ns3:TrackPointExtension>
        </extensions>
      </trkpt>
      <trkpt lat="45.70207986049354076385498046875" lon="126.601957641541957855224609375">
        <ele>164.8000030517578125</ele>
        <time>2026-08-20T11:20:29.000Z</time>
        <extensions>
          <ns3:TrackPointExtension>
            <ns3:hr>166</ns3:hr>
            <ns3:cad>87</ns3:cad>
          </ns3:TrackPointExtension>
        </extensions>
      </trkpt>
      <trkpt lat="45.70208790712058544158935546875" lon="126.60199829377233982086181640625">
        <ele>164.8000030517578125</ele>
        <time>2026-08-20T11:20:30.000Z</time>
        <extensions>
          <ns3:TrackPointExtension>
            <ns3:hr>166</ns3:hr>
            <ns3:cad>87</ns3:cad>
          </ns3:TrackPointExtension>
        </extensions>
      </trkpt>
      <trkpt lat="45.702094696462154388427734375" lon="126.60204053856432437896728515625">
        <ele>164.8000030517578125</ele>
        <time>2026-08-20T11:20:31.000Z</time>
        <extensions>
          <ns3:TrackPointExtension>
            <ns3:hr>166</ns3:hr>
            <ns3:cad>87</ns3:cad>
          </ns3:TrackPointExtension>
        </extensions>
      </trkpt>
      <trkpt lat="45.70210232399404048919677734375" lon="126.602075994014739990234375">
        <ele>164.8000030517578125</ele>
        <time>2026-08-20T11:20:32.000Z</time>
        <extensions>
          <ns3:TrackPointExtension>
            <ns3:hr>167</ns3:hr>
            <ns3:cad>87</ns3:cad>
          </ns3:TrackPointExtension>
        </extensions>
      </trkpt>
      <trkpt lat="45.70210886187851428985595703125" lon="126.60212217830121517181396484375">
        <ele>164.8000030517578125</ele>
        <time>2026-08-20T11:20:33.000Z</time>
        <extensions>
          <ns3:TrackPointExtension>
            <ns3:hr>167</ns3:hr>
            <ns3:cad>87</ns3:cad>
          </ns3:TrackPointExtension>
        </extensions>
      </trkpt>
      <trkpt lat="45.70211179554462432861328125" lon="126.6021519340574741363525390625">
        <ele>164.8000030517578125</ele>
        <time>2026-08-20T11:20:34.000Z</time>
        <extensions>
          <ns3:TrackPointExtension>
            <ns3:hr>167</ns3:hr>
            <ns3:cad>88</ns3:cad>
          </ns3:TrackPointExtension>
        </extensions>
      </trkpt>
      <trkpt lat="45.70211523212492465972900390625" lon="126.60220163874328136444091796875">
        <ele>164.8000030517578125</ele>
        <time>2026-08-20T11:20:35.000Z</time>
        <extensions>
          <ns3:TrackPointExtension>
            <ns3:hr>168</ns3:hr>
            <ns3:cad>88</ns3:cad>
          </ns3:TrackPointExtension>
        </extensions>
      </trkpt>
      <trkpt lat="45.7021243683993816375732421875" lon="126.602233909070491790771484375">
        <ele>164.8000030517578125</ele>
        <time>2026-08-20T11:20:36.000Z</time>
        <extensions>
          <ns3:TrackPointExtension>
            <ns3:hr>169</ns3:hr>
            <ns3:cad>87</ns3:cad>
          </ns3:TrackPointExtension>
        </extensions>
      </trkpt>
      <trkpt lat="45.70213325321674346923828125" lon="126.602278836071491241455078125">
        <ele>164.8000030517578125</ele>
        <time>2026-08-20T11:20:37.000Z</time>
        <extensions>
          <ns3:TrackPointExtension>
            <ns3:hr>169</ns3:hr>
            <ns3:cad>87</ns3:cad>
          </ns3:TrackPointExtension>
        </extensions>
      </trkpt>
      <trkpt lat="45.70213618688285350799560546875" lon="126.60230792127549648284912109375">
        <ele>164.8000030517578125</ele>
        <time>2026-08-20T11:20:38.000Z</time>
        <extensions>
          <ns3:TrackPointExtension>
            <ns3:hr>169</ns3:hr>
            <ns3:cad>87</ns3:cad>
          </ns3:TrackPointExtension>
        </extensions>
      </trkpt>
      <trkpt lat="45.70214532315731048583984375" lon="126.6023536026477813720703125">
        <ele>164.8000030517578125</ele>
        <time>2026-08-20T11:20:39.000Z</time>
        <extensions>
          <ns3:TrackPointExtension>
            <ns3:hr>169</ns3:hr>
            <ns3:cad>87</ns3:cad>
          </ns3:TrackPointExtension>
        </extensions>
      </trkpt>
      <trkpt lat="45.7021508552134037017822265625" lon="126.60238201729953289031982421875">
        <ele>164.8000030517578125</ele>
        <time>2026-08-20T11:20:40.000Z</time>
        <extensions>
          <ns3:TrackPointExtension>
            <ns3:hr>169</ns3:hr>
            <ns3:cad>87</ns3:cad>
          </ns3:TrackPointExtension>
        </extensions>
      </trkpt>
      <trkpt lat="45.7021555490791797637939453125" lon="126.60242007113993167877197265625">
        <ele>164.8000030517578125</ele>
        <time>2026-08-20T11:20:41.000Z</time>
        <extensions>
          <ns3:TrackPointExtension>
            <ns3:hr>169</ns3:hr>
            <ns3:cad>88</ns3:cad>
          </ns3:TrackPointExtension>
        </extensions>
      </trkpt>
      <trkpt lat="45.70215898565948009490966796875" lon="126.60245544277131557464599609375">
        <ele>164.8000030517578125</ele>
        <time>2026-08-20T11:20:42.000Z</time>
        <extensions>
          <ns3:TrackPointExtension>
            <ns3:hr>170</ns3:hr>
            <ns3:cad>88</ns3:cad>
          </ns3:TrackPointExtension>
        </extensions>
      </trkpt>
      <trkpt lat="45.70216703228652477264404296875" lon="126.60248695872724056243896484375">
        <ele>164.8000030517578125</ele>
        <time>2026-08-20T11:20:43.000Z</time>
        <extensions>
          <ns3:TrackPointExtension>
            <ns3:hr>169</ns3:hr>
            <ns3:cad>87</ns3:cad>
          </ns3:TrackPointExtension>
        </extensions>
      </trkpt>
      <trkpt lat="45.70217323489487171173095703125" lon="126.602528281509876251220703125">
        <ele>164.8000030517578125</ele>
        <time>2026-08-20T11:20:44.000Z</time>
        <extensions>
          <ns3:TrackPointExtension>
            <ns3:hr>169</ns3:hr>
            <ns3:cad>87</ns3:cad>
          </ns3:TrackPointExtension>
        </extensions>
      </trkpt>
      <trkpt lat="45.70217776112258434295654296875" lon="126.60256122238934040069580078125">
        <ele>164.8000030517578125</ele>
        <time>2026-08-20T11:20:45.000Z</time>
        <extensions>
          <ns3:TrackPointExtension>
            <ns3:hr>168</ns3:hr>
            <ns3:cad>87</ns3:cad>
          </ns3:TrackPointExtension>
        </extensions>
      </trkpt>
      <trkpt lat="45.702183879911899566650390625" lon="126.60260480828583240509033203125">
        <ele>164.8000030517578125</ele>
        <time>2026-08-20T11:20:46.000Z</time>
        <extensions>
          <ns3:TrackPointExtension>
            <ns3:hr>168</ns3:hr>
            <ns3:cad>87</ns3:cad>
          </ns3:TrackPointExtension>
        </extensions>
      </trkpt>
      <trkpt lat="45.702179856598377227783203125" lon="126.602635569870471954345703125">
        <ele>164.8000030517578125</ele>
        <time>2026-08-20T11:20:47.000Z</time>
        <extensions>
          <ns3:TrackPointExtension>
            <ns3:hr>168</ns3:hr>
            <ns3:cad>87</ns3:cad>
          </ns3:TrackPointExtension>
        </extensions>
      </trkpt>
      <trkpt lat="45.7021790184080600738525390625" lon="126.60268007777631282806396484375">
        <ele>164.8000030517578125</ele>
        <time>2026-08-20T11:20:48.000Z</time>
        <extensions>
          <ns3:TrackPointExtension>
            <ns3:hr>168</ns3:hr>
            <ns3:cad>87</ns3:cad>
          </ns3:TrackPointExtension>
        </extensions>
      </trkpt>
      <trkpt lat="45.70217776112258434295654296875" lon="126.60270974971354007720947265625">
        <ele>164.8000030517578125</ele>
        <time>2026-08-20T11:20:49.000Z</time>
        <extensions>
          <ns3:TrackPointExtension>
            <ns3:hr>168</ns3:hr>
            <ns3:cad>87</ns3:cad>
          </ns3:TrackPointExtension>
        </extensions>
      </trkpt>
      <trkpt lat="45.702175833284854888916015625" lon="126.60275668837130069732666015625">
        <ele>164.8000030517578125</ele>
        <time>2026-08-20T11:20:50.000Z</time>
        <extensions>
          <ns3:TrackPointExtension>
            <ns3:hr>169</ns3:hr>
            <ns3:cad>87</ns3:cad>
          </ns3:TrackPointExtension>
        </extensions>
      </trkpt>
      <trkpt lat="45.702175833284854888916015625" lon="126.60278971306979656219482421875">
        <ele>164.8000030517578125</ele>
        <time>2026-08-20T11:20:51.000Z</time>
        <extensions>
          <ns3:TrackPointExtension>
            <ns3:hr>169</ns3:hr>
            <ns3:cad>87</ns3:cad>
          </ns3:TrackPointExtension>
        </extensions>
      </trkpt>
      <trkpt lat="45.70217926986515522003173828125" lon="126.60283531062304973602294921875">
        <ele>165</ele>
        <time>2026-08-20T11:20:52.000Z</time>
        <extensions>
          <ns3:TrackPointExtension>
            <ns3:hr>169</ns3:hr>
            <ns3:cad>88</ns3:cad>
          </ns3:TrackPointExtension>
        </extensions>
      </trkpt>
      <trkpt lat="45.702170468866825103759765625" lon="126.60287219099700450897216796875">
        <ele>165</ele>
        <time>2026-08-20T11:20:53.000Z</time>
        <extensions>
          <ns3:TrackPointExtension>
            <ns3:hr>170</ns3:hr>
            <ns3:cad>88</ns3:cad>
          </ns3:TrackPointExtension>
        </extensions>
      </trkpt>
      <trkpt lat="45.702169127762317657470703125" lon="126.602910496294498443603515625">
        <ele>164.8000030517578125</ele>
        <time>2026-08-20T11:20:54.000Z</time>
        <extensions>
          <ns3:TrackPointExtension>
            <ns3:hr>170</ns3:hr>
            <ns3:cad>88</ns3:cad>
          </ns3:TrackPointExtension>
        </extensions>
      </trkpt>
      <trkpt lat="45.7021753303706645965576171875" lon="126.602946035563945770263671875">
        <ele>165</ele>
        <time>2026-08-20T11:20:55.000Z</time>
        <extensions>
          <ns3:TrackPointExtension>
            <ns3:hr>171</ns3:hr>
            <ns3:cad>88</ns3:cad>
          </ns3:TrackPointExtension>
        </extensions>
      </trkpt>
      <trkpt lat="45.7021795213222503662109375" lon="126.6029793955385684967041015625">
        <ele>165</ele>
        <time>2026-08-20T11:20:56.000Z</time>
        <extensions>
          <ns3:TrackPointExtension>
            <ns3:hr>171</ns3:hr>
            <ns3:cad>88</ns3:cad>
          </ns3:TrackPointExtension>
        </extensions>
      </trkpt>
      <trkpt lat="45.70218429900705814361572265625" lon="126.60301770083606243133544921875">
        <ele>164.8000030517578125</ele>
        <time>2026-08-20T11:20:57.000Z</time>
        <extensions>
          <ns3:TrackPointExtension>
            <ns3:hr>171</ns3:hr>
            <ns3:cad>88</ns3:cad>
          </ns3:TrackPointExtension>
        </extensions>
      </trkpt>
      <trkpt lat="45.70218597538769245147705078125" lon="126.6030555032193660736083984375">
        <ele>164.8000030517578125</ele>
        <time>2026-08-20T11:20:58.000Z</time>
        <extensions>
          <ns3:TrackPointExtension>
            <ns3:hr>171</ns3:hr>
            <ns3:cad>88</ns3:cad>
          </ns3:TrackPointExtension>
        </extensions>
      </trkpt>
      <trkpt lat="45.70218966342508792877197265625" lon="126.60310252569615840911865234375">
        <ele>164.8000030517578125</ele>
        <time>2026-08-20T11:20:59.000Z</time>
        <extensions>
          <ns3:TrackPointExtension>
            <ns3:hr>172</ns3:hr>
            <ns3:cad>88</ns3:cad>
          </ns3:TrackPointExtension>
        </extensions>
      </trkpt>
      <trkpt lat="45.70219301618635654449462890625" lon="126.60314007662236690521240234375">
        <ele>164.8000030517578125</ele>
        <time>2026-08-20T11:21:00.000Z</time>
        <extensions>
          <ns3:TrackPointExtension>
            <ns3:hr>171</ns3:hr>
            <ns3:cad>87</ns3:cad>
          </ns3:TrackPointExtension>
        </extensions>
      </trkpt>
      <trkpt lat="45.702193267643451690673828125" lon="126.60318768583238124847412109375">
        <ele>164.8000030517578125</ele>
        <time>2026-08-20T11:21:01.000Z</time>
        <extensions>
          <ns3:TrackPointExtension>
            <ns3:hr>171</ns3:hr>
            <ns3:cad>87</ns3:cad>
          </ns3:TrackPointExtension>
        </extensions>
      </trkpt>
      <trkpt lat="45.7021947763860225677490234375" lon="126.60322071053087711334228515625">
        <ele>165</ele>
        <time>2026-08-20T11:21:02.000Z</time>
        <extensions>
          <ns3:TrackPointExtension>
            <ns3:hr>171</ns3:hr>
            <ns3:cad>87</ns3:cad>
          </ns3:TrackPointExtension>
        </extensions>
      </trkpt>
      <trkpt lat="45.70220273919403553009033203125" lon="126.60326044075191020965576171875">
        <ele>165</ele>
        <time>2026-08-20T11:21:03.000Z</time>
        <extensions>
          <ns3:TrackPointExtension>
            <ns3:hr>172</ns3:hr>
            <ns3:cad>87</ns3:cad>
          </ns3:TrackPointExtension>
        </extensions>
      </trkpt>
      <trkpt lat="45.70220709778368473052978515625" lon="126.6032896935939788818359375">
        <ele>165.1999969482421875</ele>
        <time>2026-08-20T11:21:04.000Z</time>
        <extensions>
          <ns3:TrackPointExtension>
            <ns3:hr>171</ns3:hr>
            <ns3:cad>87</ns3:cad>
          </ns3:TrackPointExtension>
        </extensions>
      </trkpt>
      <trkpt lat="45.70221506059169769287109375" lon="126.60331450402736663818359375">
        <ele>165.1999969482421875</ele>
        <time>2026-08-20T11:21:05.000Z</time>
        <extensions>
          <ns3:TrackPointExtension>
            <ns3:hr>171</ns3:hr>
            <ns3:cad>87</ns3:cad>
          </ns3:TrackPointExtension>
        </extensions>
      </trkpt>
      <trkpt lat="45.70221631787717342376708984375" lon="126.60335431806743144989013671875">
        <ele>165.1999969482421875</ele>
        <time>2026-08-20T11:21:06.000Z</time>
        <extensions>
          <ns3:TrackPointExtension>
            <ns3:hr>171</ns3:hr>
            <ns3:cad>87</ns3:cad>
          </ns3:TrackPointExtension>
        </extensions>
      </trkpt>
      <trkpt lat="45.702222771942615509033203125" lon="126.60338290035724639892578125">
        <ele>165</ele>
        <time>2026-08-20T11:21:07.000Z</time>
        <extensions>
          <ns3:TrackPointExtension>
            <ns3:hr>171</ns3:hr>
            <ns3:cad>87</ns3:cad>
          </ns3:TrackPointExtension>
        </extensions>
      </trkpt>
      <trkpt lat="45.7022323273122310638427734375" lon="126.60341902635991573333740234375">
        <ele>165</ele>
        <time>2026-08-20T11:21:08.000Z</time>
        <extensions>
          <ns3:TrackPointExtension>
            <ns3:hr>171</ns3:hr>
            <ns3:cad>86</ns3:cad>
          </ns3:TrackPointExtension>
        </extensions>
      </trkpt>
      <trkpt lat="45.7022345066070556640625" lon="126.60345070995390415191650390625">
        <ele>165</ele>
        <time>2026-08-20T11:21:09.000Z</time>
        <extensions>
          <ns3:TrackPointExtension>
            <ns3:hr>171</ns3:hr>
            <ns3:cad>85</ns3:cad>
          </ns3:TrackPointExtension>
        </extensions>
      </trkpt>
      <trkpt lat="45.702237188816070556640625" lon="126.603491865098476409912109375">
        <ele>164.8000030517578125</ele>
        <time>2026-08-20T11:21:10.000Z</time>
        <extensions>
          <ns3:TrackPointExtension>
            <ns3:hr>170</ns3:hr>
            <ns3:cad>85</ns3:cad>
          </ns3:TrackPointExtension>
        </extensions>
      </trkpt>
      <trkpt lat="45.70223978720605373382568359375" lon="126.603519357740879058837890625">
        <ele>164.8000030517578125</ele>
        <time>2026-08-20T11:21:11.000Z</time>
        <extensions>
          <ns3:TrackPointExtension>
            <ns3:hr>170</ns3:hr>
            <ns3:cad>84</ns3:cad>
          </ns3:TrackPointExtension>
        </extensions>
      </trkpt>
      <trkpt lat="45.7022383622825145721435546875" lon="126.6035574115812778472900390625">
        <ele>164.8000030517578125</ele>
        <time>2026-08-20T11:21:12.000Z</time>
        <extensions>
          <ns3:TrackPointExtension>
            <ns3:hr>170</ns3:hr>
            <ns3:cad>84</ns3:cad>
          </ns3:TrackPointExtension>
        </extensions>
      </trkpt>
      <trkpt lat="45.702244229614734649658203125" lon="126.603593789041042327880859375">
        <ele>165</ele>
        <time>2026-08-20T11:21:13.000Z</time>
        <extensions>
          <ns3:TrackPointExtension>
            <ns3:hr>170</ns3:hr>
            <ns3:cad>86</ns3:cad>
          </ns3:TrackPointExtension>
        </extensions>
      </trkpt>
      <trkpt lat="45.7022500969469547271728515625" lon="126.60362572409212589263916015625">
        <ele>165.1999969482421875</ele>
        <time>2026-08-20T11:21:14.000Z</time>
        <extensions>
          <ns3:TrackPointExtension>
            <ns3:hr>170</ns3:hr>
            <ns3:cad>87</ns3:cad>
          </ns3:TrackPointExtension>
        </extensions>
      </trkpt>
      <trkpt lat="45.70225529372692108154296875" lon="126.60366830416023731231689453125">
        <ele>165.1999969482421875</ele>
        <time>2026-08-20T11:21:15.000Z</time>
        <extensions>
          <ns3:TrackPointExtension>
            <ns3:hr>169</ns3:hr>
            <ns3:cad>86</ns3:cad>
          </ns3:TrackPointExtension>
        </extensions>
      </trkpt>
      <trkpt lat="45.7022653520107269287109375" lon="126.6036938689649105072021484375">
        <ele>165.1999969482421875</ele>
        <time>2026-08-20T11:21:16.000Z</time>
        <extensions>
          <ns3:TrackPointExtension>
            <ns3:hr>170</ns3:hr>
            <ns3:cad>86</ns3:cad>
          </ns3:TrackPointExtension>
        </extensions>
      </trkpt>
      <trkpt lat="45.70227130316197872161865234375" lon="126.603737957775592803955078125">
        <ele>165.1999969482421875</ele>
        <time>2026-08-20T11:21:17.000Z</time>
        <extensions>
          <ns3:TrackPointExtension>
            <ns3:hr>170</ns3:hr>
            <ns3:cad>86</ns3:cad>
          </ns3:TrackPointExtension>
        </extensions>
      </trkpt>
      <trkpt lat="45.70227700285613536834716796875" lon="126.6037696413695812225341796875">
        <ele>165.1999969482421875</ele>
        <time>2026-08-20T11:21:18.000Z</time>
        <extensions>
          <ns3:TrackPointExtension>
            <ns3:hr>169</ns3:hr>
            <ns3:cad>86</ns3:cad>
          </ns3:TrackPointExtension>
        </extensions>
      </trkpt>
      <trkpt lat="45.7022853009402751922607421875" lon="126.603807695209980010986328125">
        <ele>165.1999969482421875</ele>
        <time>2026-08-20T11:21:19.000Z</time>
        <extensions>
          <ns3:TrackPointExtension>
            <ns3:hr>169</ns3:hr>
            <ns3:cad>86</ns3:cad>
          </ns3:TrackPointExtension>
        </extensions>
      </trkpt>
      <trkpt lat="45.7022921741008758544921875" lon="126.60384281538426876068115234375">
        <ele>165.1999969482421875</ele>
        <time>2026-08-20T11:21:20.000Z</time>
        <extensions>
          <ns3:TrackPointExtension>
            <ns3:hr>169</ns3:hr>
            <ns3:cad>86</ns3:cad>
          </ns3:TrackPointExtension>
        </extensions>
      </trkpt>
      <trkpt lat="45.7023017294704914093017578125" lon="126.60387416370213031768798828125">
        <ele>165.399993896484375</ele>
        <time>2026-08-20T11:21:21.000Z</time>
        <extensions>
          <ns3:TrackPointExtension>
            <ns3:hr>170</ns3:hr>
            <ns3:cad>87</ns3:cad>
          </ns3:TrackPointExtension>
        </extensions>
      </trkpt>
      <trkpt lat="45.702303238213062286376953125" lon="126.60391070879995822906494140625">
        <ele>165.1999969482421875</ele>
        <time>2026-08-20T11:21:22.000Z</time>
        <extensions>
          <ns3:TrackPointExtension>
            <ns3:hr>169</ns3:hr>
            <ns3:cad>87</ns3:cad>
          </ns3:TrackPointExtension>
        </extensions>
      </trkpt>
      <trkpt lat="45.70231069810688495635986328125" lon="126.603941135108470916748046875">
        <ele>165.1999969482421875</ele>
        <time>2026-08-20T11:21:23.000Z</time>
        <extensions>
          <ns3:TrackPointExtension>
            <ns3:hr>169</ns3:hr>
            <ns3:cad>87</ns3:cad>
          </ns3:TrackPointExtension>
        </extensions>
      </trkpt>
      <trkpt lat="45.70231036283075809478759765625" lon="126.6039845533668994903564453125">
        <ele>165.1999969482421875</ele>
        <time>2026-08-20T11:21:24.000Z</time>
        <extensions>
          <ns3:TrackPointExtension>
            <ns3:hr>169</ns3:hr>
            <ns3:cad>87</ns3:cad>
          </ns3:TrackPointExtension>
        </extensions>
      </trkpt>
      <trkpt lat="45.7023158110678195953369140625" lon="126.6040117107331752777099609375">
        <ele>165.1999969482421875</ele>
        <time>2026-08-20T11:21:25.000Z</time>
        <extensions>
          <ns3:TrackPointExtension>
            <ns3:hr>169</ns3:hr>
            <ns3:cad>87</ns3:cad>
          </ns3:TrackPointExtension>
        </extensions>
      </trkpt>
      <trkpt lat="45.7023198343813419342041015625" lon="126.6040596552193164825439453125">
        <ele>165.1999969482421875</ele>
        <time>2026-08-20T11:21:26.000Z</time>
        <extensions>
          <ns3:TrackPointExtension>
            <ns3:hr>169</ns3:hr>
            <ns3:cad>87</ns3:cad>
          </ns3:TrackPointExtension>
        </extensions>
      </trkpt>
      <trkpt lat="45.70232595317065715789794921875" lon="126.604089997708797454833984375">
        <ele>165.1999969482421875</ele>
        <time>2026-08-20T11:21:27.000Z</time>
        <extensions>
          <ns3:TrackPointExtension>
            <ns3:hr>169</ns3:hr>
            <ns3:cad>87</ns3:cad>
          </ns3:TrackPointExtension>
        </extensions>
      </trkpt>
      <trkpt lat="45.702331401407718658447265625" lon="126.60413433797657489776611328125">
        <ele>165.1999969482421875</ele>
        <time>2026-08-20T11:21:28.000Z</time>
        <extensions>
          <ns3:TrackPointExtension>
            <ns3:hr>169</ns3:hr>
            <ns3:cad>87</ns3:cad>
          </ns3:TrackPointExtension>
        </extensions>
      </trkpt>
      <trkpt lat="45.70233735255897045135498046875" lon="126.60416803322732448577880859375">
        <ele>165.1999969482421875</ele>
        <time>2026-08-20T11:21:29.000Z</time>
        <extensions>
          <ns3:TrackPointExtension>
            <ns3:hr>169</ns3:hr>
            <ns3:cad>87</ns3:cad>
          </ns3:TrackPointExtension>
        </extensions>
      </trkpt>
      <trkpt lat="45.70234288461506366729736328125" lon="126.6042071767151355743408203125">
        <ele>165</ele>
        <time>2026-08-20T11:21:30.000Z</time>
        <extensions>
          <ns3:TrackPointExtension>
            <ns3:hr>169</ns3:hr>
            <ns3:cad>87</ns3:cad>
          </ns3:TrackPointExtension>
        </extensions>
      </trkpt>
      <trkpt lat="45.70234422571957111358642578125" lon="126.6042457334697246551513671875">
        <ele>165</ele>
        <time>2026-08-20T11:21:31.000Z</time>
        <extensions>
          <ns3:TrackPointExtension>
            <ns3:hr>169</ns3:hr>
            <ns3:cad>87</ns3:cad>
          </ns3:TrackPointExtension>
        </extensions>
      </trkpt>
      <trkpt lat="45.70234975777566432952880859375" lon="126.60427867434918880462646484375">
        <ele>165</ele>
        <time>2026-08-20T11:21:32.000Z</time>
        <extensions>
          <ns3:TrackPointExtension>
            <ns3:hr>169</ns3:hr>
            <ns3:cad>87</ns3:cad>
          </ns3:TrackPointExtension>
        </extensions>
      </trkpt>
      <trkpt lat="45.70234975777566432952880859375" lon="126.60432578064501285552978515625">
        <ele>165</ele>
        <time>2026-08-20T11:21:33.000Z</time>
        <extensions>
          <ns3:TrackPointExtension>
            <ns3:hr>169</ns3:hr>
            <ns3:cad>88</ns3:cad>
          </ns3:TrackPointExtension>
        </extensions>
      </trkpt>
      <trkpt lat="45.7023538649082183837890625" lon="126.604356877505779266357421875">
        <ele>165</ele>
        <time>2026-08-20T11:21:34.000Z</time>
        <extensions>
          <ns3:TrackPointExtension>
            <ns3:hr>169</ns3:hr>
            <ns3:cad>88</ns3:cad>
          </ns3:TrackPointExtension>
        </extensions>
      </trkpt>
      <trkpt lat="45.70235461927950382232666015625" lon="126.604403816163539886474609375">
        <ele>165</ele>
        <time>2026-08-20T11:21:35.000Z</time>
        <extensions>
          <ns3:TrackPointExtension>
            <ns3:hr>169</ns3:hr>
            <ns3:cad>87</ns3:cad>
          </ns3:TrackPointExtension>
        </extensions>
      </trkpt>
      <trkpt lat="45.7023617438971996307373046875" lon="126.60443005152046680450439453125">
        <ele>165</ele>
        <time>2026-08-20T11:21:36.000Z</time>
        <extensions>
          <ns3:TrackPointExtension>
            <ns3:hr>169</ns3:hr>
            <ns3:cad>87</ns3:cad>
          </ns3:TrackPointExtension>
        </extensions>
      </trkpt>
      <trkpt lat="45.7023661024868488311767578125" lon="126.60447724163532257080078125">
        <ele>165</ele>
        <time>2026-08-20T11:21:37.000Z</time>
        <extensions>
          <ns3:TrackPointExtension>
            <ns3:hr>169</ns3:hr>
            <ns3:cad>87</ns3:cad>
          </ns3:TrackPointExtension>
        </extensions>
      </trkpt>
      <trkpt lat="45.702364929020404815673828125" lon="126.604507751762866973876953125">
        <ele>165</ele>
        <time>2026-08-20T11:21:38.000Z</time>
        <extensions>
          <ns3:TrackPointExtension>
            <ns3:hr>170</ns3:hr>
            <ns3:cad>86</ns3:cad>
          </ns3:TrackPointExtension>
        </extensions>
      </trkpt>
      <trkpt lat="45.70237171836197376251220703125" lon="126.60455527715384960174560546875">
        <ele>165</ele>
        <time>2026-08-20T11:21:39.000Z</time>
        <extensions>
          <ns3:TrackPointExtension>
            <ns3:hr>170</ns3:hr>
            <ns3:cad>86</ns3:cad>
          </ns3:TrackPointExtension>
        </extensions>
      </trkpt>
      <trkpt lat="45.70237272419035434722900390625" lon="126.6045964322984218597412109375">
        <ele>165</ele>
        <time>2026-08-20T11:21:40.000Z</time>
        <extensions>
          <ns3:TrackPointExtension>
            <ns3:hr>170</ns3:hr>
            <ns3:cad>86</ns3:cad>
          </ns3:TrackPointExtension>
        </extensions>
      </trkpt>
      <trkpt lat="45.70237507112324237823486328125" lon="126.60463859327137470245361328125">
        <ele>165</ele>
        <time>2026-08-20T11:21:41.000Z</time>
        <extensions>
          <ns3:TrackPointExtension>
            <ns3:hr>170</ns3:hr>
            <ns3:cad>86</ns3:cad>
          </ns3:TrackPointExtension>
        </extensions>
      </trkpt>
      <trkpt lat="45.7023714669048786163330078125" lon="126.60467572510242462158203125">
        <ele>165</ele>
        <time>2026-08-20T11:21:42.000Z</time>
        <extensions>
          <ns3:TrackPointExtension>
            <ns3:hr>170</ns3:hr>
            <ns3:cad>87</ns3:cad>
          </ns3:TrackPointExtension>
        </extensions>
      </trkpt>
      <trkpt lat="45.70236920379102230072021484375" lon="126.60471620969474315643310546875">
        <ele>165.1999969482421875</ele>
        <time>2026-08-20T11:21:43.000Z</time>
        <extensions>
          <ns3:TrackPointExtension>
            <ns3:hr>170</ns3:hr>
            <ns3:cad>87</ns3:cad>
          </ns3:TrackPointExtension>
        </extensions>
      </trkpt>
      <trkpt lat="45.70236300118267536163330078125" lon="126.60476314835250377655029296875">
        <ele>165.1999969482421875</ele>
        <time>2026-08-20T11:21:44.000Z</time>
        <extensions>
          <ns3:TrackPointExtension>
            <ns3:hr>170</ns3:hr>
            <ns3:cad>87</ns3:cad>
          </ns3:TrackPointExtension>
        </extensions>
      </trkpt>
      <trkpt lat="45.7023632526397705078125" lon="126.604797430336475372314453125">
        <ele>165.1999969482421875</ele>
        <time>2026-08-20T11:21:45.000Z</time>
        <extensions>
          <ns3:TrackPointExtension>
            <ns3:hr>170</ns3:hr>
            <ns3:cad>87</ns3:cad>
          </ns3:TrackPointExtension>
        </extensions>
      </trkpt>
      <trkpt lat="45.70235948078334331512451171875" lon="126.604841016232967376708984375">
        <ele>165.1999969482421875</ele>
        <time>2026-08-20T11:21:46.000Z</time>
        <extensions>
          <ns3:TrackPointExtension>
            <ns3:hr>170</ns3:hr>
            <ns3:cad>87</ns3:cad>
          </ns3:TrackPointExtension>
        </extensions>
      </trkpt>
      <trkpt lat="45.70236383937299251556396484375" lon="126.60486607812345027923583984375">
        <ele>165.1999969482421875</ele>
        <time>2026-08-20T11:21:47.000Z</time>
        <extensions>
          <ns3:TrackPointExtension>
            <ns3:hr>170</ns3:hr>
            <ns3:cad>87</ns3:cad>
          </ns3:TrackPointExtension>
        </extensions>
      </trkpt>
      <trkpt lat="45.70237138308584690093994140625" lon="126.60489910282194614410400390625">
        <ele>165.399993896484375</ele>
        <time>2026-08-20T11:21:48.000Z</time>
        <extensions>
          <ns3:TrackPointExtension>
            <ns3:hr>170</ns3:hr>
            <ns3:cad>87</ns3:cad>
          </ns3:TrackPointExtension>
        </extensions>
      </trkpt>
      <trkpt lat="45.702378340065479278564453125" lon="126.60492642782628536224365234375">
        <ele>165.1999969482421875</ele>
        <time>2026-08-20T11:21:49.000Z</time>
        <extensions>
          <ns3:TrackPointExtension>
            <ns3:hr>170</ns3:hr>
            <ns3:cad>87</ns3:cad>
          </ns3:TrackPointExtension>
        </extensions>
      </trkpt>
      <trkpt lat="45.7023758254945278167724609375" lon="126.60495065152645111083984375">
        <ele>165.1999969482421875</ele>
        <time>2026-08-20T11:21:50.000Z</time>
        <extensions>
          <ns3:TrackPointExtension>
            <ns3:hr>170</ns3:hr>
            <ns3:cad>87</ns3:cad>
          </ns3:TrackPointExtension>
        </extensions>
      </trkpt>
      <trkpt lat="45.70237523876130580902099609375" lon="126.604988537728786468505859375">
        <ele>165.1999969482421875</ele>
        <time>2026-08-20T11:21:51.000Z</time>
        <extensions>
          <ns3:TrackPointExtension>
            <ns3:hr>170</ns3:hr>
            <ns3:cad>86</ns3:cad>
          </ns3:TrackPointExtension>
        </extensions>
      </trkpt>
      <trkpt lat="45.7023791782557964324951171875" lon="126.60502918995916843414306640625">
        <ele>165.1999969482421875</ele>
        <time>2026-08-20T11:21:52.000Z</time>
        <extensions>
          <ns3:TrackPointExtension>
            <ns3:hr>170</ns3:hr>
            <ns3:cad>86</ns3:cad>
          </ns3:TrackPointExtension>
        </extensions>
      </trkpt>
      <trkpt lat="45.702374316751956939697265625" lon="126.6050708480179309844970703125">
        <ele>165</ele>
        <time>2026-08-20T11:21:53.000Z</time>
        <extensions>
          <ns3:TrackPointExtension>
            <ns3:hr>169</ns3:hr>
            <ns3:cad>87</ns3:cad>
          </ns3:TrackPointExtension>
        </extensions>
      </trkpt>
      <trkpt lat="45.7023751549422740936279296875" lon="126.60510756075382232666015625">
        <ele>165</ele>
        <time>2026-08-20T11:21:54.000Z</time>
        <extensions>
          <ns3:TrackPointExtension>
            <ns3:hr>170</ns3:hr>
            <ns3:cad>87</ns3:cad>
          </ns3:TrackPointExtension>
        </extensions>
      </trkpt>
      <trkpt lat="45.70237725041806697845458984375" lon="126.6051489673554897308349609375">
        <ele>165</ele>
        <time>2026-08-20T11:21:55.000Z</time>
        <extensions>
          <ns3:TrackPointExtension>
            <ns3:hr>169</ns3:hr>
            <ns3:cad>87</ns3:cad>
          </ns3:TrackPointExtension>
        </extensions>
      </trkpt>
      <trkpt lat="45.7023865543305873870849609375" lon="126.60518123768270015716552734375">
        <ele>165</ele>
        <time>2026-08-20T11:21:56.000Z</time>
        <extensions>
          <ns3:TrackPointExtension>
            <ns3:hr>169</ns3:hr>
            <ns3:cad>87</ns3:cad>
          </ns3:TrackPointExtension>
        </extensions>
      </trkpt>
      <trkpt lat="45.70240021683275699615478515625" lon="126.6052193753421306610107421875">
        <ele>165</ele>
        <time>2026-08-20T11:21:57.000Z</time>
        <extensions>
          <ns3:TrackPointExtension>
            <ns3:hr>169</ns3:hr>
            <ns3:cad>89</ns3:cad>
          </ns3:TrackPointExtension>
        </extensions>
      </trkpt>
      <trkpt lat="45.70241220295429229736328125" lon="126.60523504950106143951416015625">
        <ele>165</ele>
        <time>2026-08-20T11:21:58.000Z</time>
        <extensions>
          <ns3:TrackPointExtension>
            <ns3:hr>169</ns3:hr>
            <ns3:cad>89</ns3:cad>
          </ns3:TrackPointExtension>
        </extensions>
      </trkpt>
      <trkpt lat="45.70243743248283863067626953125" lon="126.60526321269571781158447265625">
        <ele>165</ele>
        <time>2026-08-20T11:21:59.000Z</time>
        <extensions>
          <ns3:TrackPointExtension>
            <ns3:hr>169</ns3:hr>
            <ns3:cad>88</ns3:cad>
          </ns3:TrackPointExtension>
        </extensions>
      </trkpt>
      <trkpt lat="45.70245151408016681671142578125" lon="126.60528114996850490570068359375">
        <ele>165.1999969482421875</ele>
        <time>2026-08-20T11:22:00.000Z</time>
        <extensions>
          <ns3:TrackPointExtension>
            <ns3:hr>169</ns3:hr>
            <ns3:cad>87</ns3:cad>
          </ns3:TrackPointExtension>
        </extensions>
      </trkpt>
      <trkpt lat="45.70246961899101734161376953125" lon="126.6053021885454654693603515625">
        <ele>165.1999969482421875</ele>
        <time>2026-08-20T11:22:01.000Z</time>
        <extensions>
          <ns3:TrackPointExtension>
            <ns3:hr>169</ns3:hr>
            <ns3:cad>87</ns3:cad>
          </ns3:TrackPointExtension>
        </extensions>
      </trkpt>
      <trkpt lat="45.70248805917799472808837890625" lon="126.60533295013010501861572265625">
        <ele>165.1999969482421875</ele>
        <time>2026-08-20T11:22:02.000Z</time>
        <extensions>
          <ns3:TrackPointExtension>
            <ns3:hr>169</ns3:hr>
            <ns3:cad>86</ns3:cad>
          </ns3:TrackPointExtension>
        </extensions>
      </trkpt>
      <trkpt lat="45.70250147022306919097900390625" lon="126.605356000363826751708984375">
        <ele>165</ele>
        <time>2026-08-20T11:22:03.000Z</time>
        <extensions>
          <ns3:TrackPointExtension>
            <ns3:hr>169</ns3:hr>
            <ns3:cad>86</ns3:cad>
          </ns3:TrackPointExtension>
        </extensions>
      </trkpt>
      <trkpt lat="45.70250784046947956085205078125" lon="126.6053997538983821868896484375">
        <ele>165</ele>
        <time>2026-08-20T11:22:04.000Z</time>
        <extensions>
          <ns3:TrackPointExtension>
            <ns3:hr>169</ns3:hr>
            <ns3:cad>84</ns3:cad>
          </ns3:TrackPointExtension>
        </extensions>
      </trkpt>
      <trkpt lat="45.70251940749585628509521484375" lon="126.60542816855013370513916015625">
        <ele>164.8000030517578125</ele>
        <time>2026-08-20T11:22:05.000Z</time>
        <extensions>
          <ns3:TrackPointExtension>
            <ns3:hr>169</ns3:hr>
            <ns3:cad>84</ns3:cad>
          </ns3:TrackPointExtension>
        </extensions>
      </trkpt>
      <trkpt lat="45.70253013633191585540771484375" lon="126.60546957515180110931396484375">
        <ele>164.600006103515625</ele>
        <time>2026-08-20T11:22:06.000Z</time>
        <extensions>
          <ns3:TrackPointExtension>
            <ns3:hr>169</ns3:hr>
            <ns3:cad>84</ns3:cad>
          </ns3:TrackPointExtension>
        </extensions>
      </trkpt>
      <trkpt lat="45.7025323994457721710205078125" lon="126.60551081411540508270263671875">
        <ele>164.600006103515625</ele>
        <time>2026-08-20T11:22:07.000Z</time>
        <extensions>
          <ns3:TrackPointExtension>
            <ns3:hr>169</ns3:hr>
            <ns3:cad>87</ns3:cad>
          </ns3:TrackPointExtension>
        </extensions>
      </trkpt>
      <trkpt lat="45.70253332145512104034423828125" lon="126.60555825568735599517822265625">
        <ele>164.600006103515625</ele>
        <time>2026-08-20T11:22:08.000Z</time>
        <extensions>
          <ns3:TrackPointExtension>
            <ns3:hr>168</ns3:hr>
            <ns3:cad>87</ns3:cad>
          </ns3:TrackPointExtension>
        </extensions>
      </trkpt>
      <trkpt lat="45.70254472084343433380126953125" lon="126.60559329204261302947998046875">
        <ele>164.600006103515625</ele>
        <time>2026-08-20T11:22:09.000Z</time>
        <extensions>
          <ns3:TrackPointExtension>
            <ns3:hr>168</ns3:hr>
            <ns3:cad>87</ns3:cad>
          </ns3:TrackPointExtension>
        </extensions>
      </trkpt>
      <trkpt lat="45.7025525160133838653564453125" lon="126.605633608996868133544921875">
        <ele>164.600006103515625</ele>
        <time>2026-08-20T11:22:10.000Z</time>
        <extensions>
          <ns3:TrackPointExtension>
            <ns3:hr>168</ns3:hr>
            <ns3:cad>87</ns3:cad>
          </ns3:TrackPointExtension>
        </extensions>
      </trkpt>
      <trkpt lat="45.70255461148917675018310546875" lon="126.60567157901823520660400390625">
        <ele>164.600006103515625</ele>
        <time>2026-08-20T11:22:11.000Z</time>
        <extensions>
          <ns3:TrackPointExtension>
            <ns3:hr>168</ns3:hr>
            <ns3:cad>87</ns3:cad>
          </ns3:TrackPointExtension>
        </extensions>
      </trkpt>
      <trkpt lat="45.70256031118333339691162109375" lon="126.60572119988501071929931640625">
        <ele>164.600006103515625</ele>
        <time>2026-08-20T11:22:12.000Z</time>
        <extensions>
          <ns3:TrackPointExtension>
            <ns3:hr>168</ns3:hr>
            <ns3:cad>88</ns3:cad>
          </ns3:TrackPointExtension>
        </extensions>
      </trkpt>
      <trkpt lat="45.70256416685879230499267578125" lon="126.60576738417148590087890625">
        <ele>164.600006103515625</ele>
        <time>2026-08-20T11:22:13.000Z</time>
        <extensions>
          <ns3:TrackPointExtension>
            <ns3:hr>168</ns3:hr>
            <ns3:cad>88</ns3:cad>
          </ns3:TrackPointExtension>
        </extensions>
      </trkpt>
      <trkpt lat="45.702571459114551544189453125" lon="126.60581273026764392852783203125">
        <ele>164.600006103515625</ele>
        <time>2026-08-20T11:22:14.000Z</time>
        <extensions>
          <ns3:TrackPointExtension>
            <ns3:hr>169</ns3:hr>
            <ns3:cad>89</ns3:cad>
          </ns3:TrackPointExtension>
        </extensions>
      </trkpt>
      <trkpt lat="45.7025813497602939605712890625" lon="126.6058584116399288177490234375">
        <ele>164.600006103515625</ele>
        <time>2026-08-20T11:22:15.000Z</time>
        <extensions>
          <ns3:TrackPointExtension>
            <ns3:hr>170</ns3:hr>
            <ns3:cad>88</ns3:cad>
          </ns3:TrackPointExtension>
        </extensions>
      </trkpt>
      <trkpt lat="45.7025845348834991455078125" lon="126.60590543411672115325927734375">
        <ele>164.399993896484375</ele>
        <time>2026-08-20T11:22:16.000Z</time>
        <extensions>
          <ns3:TrackPointExtension>
            <ns3:hr>171</ns3:hr>
            <ns3:cad>88</ns3:cad>
          </ns3:TrackPointExtension>
        </extensions>
      </trkpt>
      <trkpt lat="45.70258210413157939910888671875" lon="126.60595455206930637359619140625">
        <ele>164.399993896484375</ele>
        <time>2026-08-20T11:22:17.000Z</time>
        <extensions>
          <ns3:TrackPointExtension>
            <ns3:hr>171</ns3:hr>
            <ns3:cad>88</ns3:cad>
          </ns3:TrackPointExtension>
        </extensions>
      </trkpt>
      <trkpt lat="45.70258227176964282989501953125" lon="126.6059968806803226470947265625">
        <ele>164.399993896484375</ele>
        <time>2026-08-20T11:22:18.000Z</time>
        <extensions>
          <ns3:TrackPointExtension>
            <ns3:hr>171</ns3:hr>
            <ns3:cad>88</ns3:cad>
          </ns3:TrackPointExtension>
        </extensions>
      </trkpt>
      <trkpt lat="45.7025863789021968841552734375" lon="126.60604105331003665924072265625">
        <ele>164.399993896484375</ele>
        <time>2026-08-20T11:22:19.000Z</time>
        <extensions>
          <ns3:TrackPointExtension>
            <ns3:hr>171</ns3:hr>
            <ns3:cad>88</ns3:cad>
          </ns3:TrackPointExtension>
        </extensions>
      </trkpt>
      <trkpt lat="45.70258931256830692291259765625" lon="126.60607676021754741668701171875">
        <ele>164.399993896484375</ele>
        <time>2026-08-20T11:22:20.000Z</time>
        <extensions>
          <ns3:TrackPointExtension>
            <ns3:hr>171</ns3:hr>
            <ns3:cad>88</ns3:cad>
          </ns3:TrackPointExtension>
        </extensions>
      </trkpt>
      <trkpt lat="45.70259350351989269256591796875" lon="126.606123782694339752197265625">
        <ele>164.399993896484375</ele>
        <time>2026-08-20T11:22:21.000Z</time>
        <extensions>
          <ns3:TrackPointExtension>
            <ns3:hr>171</ns3:hr>
            <ns3:cad>88</ns3:cad>
          </ns3:TrackPointExtension>
        </extensions>
      </trkpt>
      <trkpt lat="45.70259652100503444671630859375" lon="126.6061594896018505096435546875">
        <ele>164.399993896484375</ele>
        <time>2026-08-20T11:22:22.000Z</time>
        <extensions>
          <ns3:TrackPointExtension>
            <ns3:hr>171</ns3:hr>
            <ns3:cad>88</ns3:cad>
          </ns3:TrackPointExtension>
        </extensions>
      </trkpt>
      <trkpt lat="45.7025964371860027313232421875" lon="126.60620802082121372222900390625">
        <ele>164.399993896484375</ele>
        <time>2026-08-20T11:22:23.000Z</time>
        <extensions>
          <ns3:TrackPointExtension>
            <ns3:hr>171</ns3:hr>
            <ns3:cad>88</ns3:cad>
          </ns3:TrackPointExtension>
        </extensions>
      </trkpt>
      <trkpt lat="45.7025987841188907623291015625" lon="126.60623836331069469451904296875">
        <ele>164.600006103515625</ele>
        <time>2026-08-20T11:22:24.000Z</time>
        <extensions>
          <ns3:TrackPointExtension>
            <ns3:hr>171</ns3:hr>
            <ns3:cad>87</ns3:cad>
          </ns3:TrackPointExtension>
        </extensions>
      </trkpt>
      <trkpt lat="45.70260054431855678558349609375" lon="126.60627926699817180633544921875">
        <ele>164.600006103515625</ele>
        <time>2026-08-20T11:22:25.000Z</time>
        <extensions>
          <ns3:TrackPointExtension>
            <ns3:hr>171</ns3:hr>
            <ns3:cad>87</ns3:cad>
          </ns3:TrackPointExtension>
        </extensions>
      </trkpt>
      <trkpt lat="45.7026018016040325164794921875" lon="126.6063127107918262481689453125">
        <ele>164.600006103515625</ele>
        <time>2026-08-20T11:22:26.000Z</time>
        <extensions>
          <ns3:TrackPointExtension>
            <ns3:hr>171</ns3:hr>
            <ns3:cad>87</ns3:cad>
          </ns3:TrackPointExtension>
        </extensions>
      </trkpt>
      <trkpt lat="45.70261244662106037139892578125" lon="126.60634900443255901336669921875">
        <ele>164.600006103515625</ele>
        <time>2026-08-20T11:22:27.000Z</time>
        <extensions>
          <ns3:TrackPointExtension>
            <ns3:hr>172</ns3:hr>
            <ns3:cad>86</ns3:cad>
          </ns3:TrackPointExtension>
        </extensions>
      </trkpt>
      <trkpt lat="45.70261898450553417205810546875" lon="126.6063854657113552093505859375">
        <ele>164.600006103515625</ele>
        <time>2026-08-20T11:22:28.000Z</time>
        <extensions>
          <ns3:TrackPointExtension>
            <ns3:hr>172</ns3:hr>
            <ns3:cad>86</ns3:cad>
          </ns3:TrackPointExtension>
        </extensions>
      </trkpt>
      <trkpt lat="45.70262853987514972686767578125" lon="126.60642058588564395904541015625">
        <ele>164.600006103515625</ele>
        <time>2026-08-20T11:22:29.000Z</time>
        <extensions>
          <ns3:TrackPointExtension>
            <ns3:hr>172</ns3:hr>
            <ns3:cad>88</ns3:cad>
          </ns3:TrackPointExtension>
        </extensions>
      </trkpt>
      <trkpt lat="45.7026373408734798431396484375" lon="126.60645545460283756256103515625">
        <ele>164.600006103515625</ele>
        <time>2026-08-20T11:22:30.000Z</time>
        <extensions>
          <ns3:TrackPointExtension>
            <ns3:hr>172</ns3:hr>
            <ns3:cad>88</ns3:cad>
          </ns3:TrackPointExtension>
        </extensions>
      </trkpt>
      <trkpt lat="45.70264647714793682098388671875" lon="126.60648982040584087371826171875">
        <ele>164.600006103515625</ele>
        <time>2026-08-20T11:22:31.000Z</time>
        <extensions>
          <ns3:TrackPointExtension>
            <ns3:hr>172</ns3:hr>
            <ns3:cad>88</ns3:cad>
          </ns3:TrackPointExtension>
        </extensions>
      </trkpt>
      <trkpt lat="45.7026601396501064300537109375" lon="126.60653340630233287811279296875">
        <ele>164.600006103515625</ele>
        <time>2026-08-20T11:22:32.000Z</time>
        <extensions>
          <ns3:TrackPointExtension>
            <ns3:hr>171</ns3:hr>
            <ns3:cad>88</ns3:cad>
          </ns3:TrackPointExtension>
        </extensions>
      </trkpt>
      <trkpt lat="45.70267363451421260833740234375" lon="126.6065598092973232269287109375">
        <ele>164.600006103515625</ele>
        <time>2026-08-20T11:22:33.000Z</time>
        <extensions>
          <ns3:TrackPointExtension>
            <ns3:hr>171</ns3:hr>
            <ns3:cad>87</ns3:cad>
          </ns3:TrackPointExtension>
        </extensions>
      </trkpt>
      <trkpt lat="45.7026846148073673248291015625" lon="126.60659886896610260009765625">
        <ele>164.600006103515625</ele>
        <time>2026-08-20T11:22:34.000Z</time>
        <extensions>
          <ns3:TrackPointExtension>
            <ns3:hr>171</ns3:hr>
            <ns3:cad>87</ns3:cad>
          </ns3:TrackPointExtension>
        </extensions>
      </trkpt>
      <trkpt lat="45.70267849601805210113525390625" lon="126.606635414063930511474609375">
        <ele>164.600006103515625</ele>
        <time>2026-08-20T11:22:35.000Z</time>
        <extensions>
          <ns3:TrackPointExtension>
            <ns3:hr>171</ns3:hr>
            <ns3:cad>87</ns3:cad>
          </ns3:TrackPointExtension>
        </extensions>
      </trkpt>
      <trkpt lat="45.70268017239868640899658203125" lon="126.6066731326282024383544921875">
        <ele>164.8000030517578125</ele>
        <time>2026-08-20T11:22:36.000Z</time>
        <extensions>
          <ns3:TrackPointExtension>
            <ns3:hr>171</ns3:hr>
            <ns3:cad>87</ns3:cad>
          </ns3:TrackPointExtension>
        </extensions>
      </trkpt>
      <trkpt lat="45.7026849500834941864013671875" lon="126.606711186468601226806640625">
        <ele>164.8000030517578125</ele>
        <time>2026-08-20T11:22:37.000Z</time>
        <extensions>
          <ns3:TrackPointExtension>
            <ns3:hr>172</ns3:hr>
            <ns3:cad>87</ns3:cad>
          </ns3:TrackPointExtension>
        </extensions>
      </trkpt>
      <trkpt lat="45.702686794102191925048828125" lon="126.60674965940415859222412109375">
        <ele>164.8000030517578125</ele>
        <time>2026-08-20T11:22:38.000Z</time>
        <extensions>
          <ns3:TrackPointExtension>
            <ns3:hr>172</ns3:hr>
            <ns3:cad>87</ns3:cad>
          </ns3:TrackPointExtension>
        </extensions>
      </trkpt>
      <trkpt lat="45.7026886381208896636962890625" lon="126.6067908145487308502197265625">
        <ele>164.8000030517578125</ele>
        <time>2026-08-20T11:22:39.000Z</time>
        <extensions>
          <ns3:TrackPointExtension>
            <ns3:hr>172</ns3:hr>
            <ns3:cad>87</ns3:cad>
          </ns3:TrackPointExtension>
        </extensions>
      </trkpt>
      <trkpt lat="45.702692829072475433349609375" lon="126.6068290360271930694580078125">
        <ele>164.8000030517578125</ele>
        <time>2026-08-20T11:22:40.000Z</time>
        <extensions>
          <ns3:TrackPointExtension>
            <ns3:hr>173</ns3:hr>
            <ns3:cad>87</ns3:cad>
          </ns3:TrackPointExtension>
        </extensions>
      </trkpt>
      <trkpt lat="45.7026953436434268951416015625" lon="126.60687220282852649688720703125">
        <ele>164.8000030517578125</ele>
        <time>2026-08-20T11:22:41.000Z</time>
        <extensions>
          <ns3:TrackPointExtension>
            <ns3:hr>173</ns3:hr>
            <ns3:cad>87</ns3:cad>
          </ns3:TrackPointExtension>
        </extensions>
      </trkpt>
      <trkpt lat="45.70269676856696605682373046875" lon="126.60690874792635440826416015625">
        <ele>164.8000030517578125</ele>
        <time>2026-08-20T11:22:42.000Z</time>
        <extensions>
          <ns3:TrackPointExtension>
            <ns3:hr>173</ns3:hr>
            <ns3:cad>87</ns3:cad>
          </ns3:TrackPointExtension>
        </extensions>
      </trkpt>
      <trkpt lat="45.70270230062305927276611328125" lon="126.60695023834705352783203125">
        <ele>164.8000030517578125</ele>
        <time>2026-08-20T11:22:43.000Z</time>
        <extensions>
          <ns3:TrackPointExtension>
            <ns3:hr>173</ns3:hr>
            <ns3:cad>87</ns3:cad>
          </ns3:TrackPointExtension>
        </extensions>
      </trkpt>
      <trkpt lat="45.7027023844420909881591796875" lon="126.6069799102842807769775390625">
        <ele>164.600006103515625</ele>
        <time>2026-08-20T11:22:44.000Z</time>
        <extensions>
          <ns3:TrackPointExtension>
            <ns3:hr>173</ns3:hr>
            <ns3:cad>87</ns3:cad>
          </ns3:TrackPointExtension>
        </extensions>
      </trkpt>
      <trkpt lat="45.702701546251773834228515625" lon="126.60702760331332683563232421875">
        <ele>164.600006103515625</ele>
        <time>2026-08-20T11:22:45.000Z</time>
        <extensions>
          <ns3:TrackPointExtension>
            <ns3:hr>172</ns3:hr>
            <ns3:cad>87</ns3:cad>
          </ns3:TrackPointExtension>
        </extensions>
      </trkpt>
      <trkpt lat="45.70270079188048839569091796875" lon="126.60706247203052043914794921875">
        <ele>164.600006103515625</ele>
        <time>2026-08-20T11:22:46.000Z</time>
        <extensions>
          <ns3:TrackPointExtension>
            <ns3:hr>173</ns3:hr>
            <ns3:cad>87</ns3:cad>
          </ns3:TrackPointExtension>
        </extensions>
      </trkpt>
      <trkpt lat="45.7027010433375835418701171875" lon="126.607104130089282989501953125">
        <ele>164.600006103515625</ele>
        <time>2026-08-20T11:22:47.000Z</time>
        <extensions>
          <ns3:TrackPointExtension>
            <ns3:hr>173</ns3:hr>
            <ns3:cad>87</ns3:cad>
          </ns3:TrackPointExtension>
        </extensions>
      </trkpt>
      <trkpt lat="45.7027017138898372650146484375" lon="126.6071398369967937469482421875">
        <ele>164.600006103515625</ele>
        <time>2026-08-20T11:22:48.000Z</time>
        <extensions>
          <ns3:TrackPointExtension>
            <ns3:hr>173</ns3:hr>
            <ns3:cad>87</ns3:cad>
          </ns3:TrackPointExtension>
        </extensions>
      </trkpt>
      <trkpt lat="45.7027127780020236968994140625" lon="126.60717847757041454315185546875">
        <ele>164.600006103515625</ele>
        <time>2026-08-20T11:22:49.000Z</time>
        <extensions>
          <ns3:TrackPointExtension>
            <ns3:hr>172</ns3:hr>
            <ns3:cad>88</ns3:cad>
          </ns3:TrackPointExtension>
        </extensions>
      </trkpt>
      <trkpt lat="45.7027178071439266204833984375" lon="126.60721636377274990081787109375">
        <ele>164.600006103515625</ele>
        <time>2026-08-20T11:22:50.000Z</time>
        <extensions>
          <ns3:TrackPointExtension>
            <ns3:hr>173</ns3:hr>
            <ns3:cad>88</ns3:cad>
          </ns3:TrackPointExtension>
        </extensions>
      </trkpt>
      <trkpt lat="45.7027255184948444366455078125" lon="126.60726313479244709014892578125">
        <ele>164.399993896484375</ele>
        <time>2026-08-20T11:22:51.000Z</time>
        <extensions>
          <ns3:TrackPointExtension>
            <ns3:hr>173</ns3:hr>
            <ns3:cad>88</ns3:cad>
          </ns3:TrackPointExtension>
        </extensions>
      </trkpt>
      <trkpt lat="45.7027298770844936370849609375" lon="126.60730428993701934814453125">
        <ele>164.399993896484375</ele>
        <time>2026-08-20T11:22:52.000Z</time>
        <extensions>
          <ns3:TrackPointExtension>
            <ns3:hr>172</ns3:hr>
            <ns3:cad>88</ns3:cad>
          </ns3:TrackPointExtension>
        </extensions>
      </trkpt>
      <trkpt lat="45.70273499004542827606201171875" lon="126.60734779201447963714599609375">
        <ele>164.399993896484375</ele>
        <time>2026-08-20T11:22:53.000Z</time>
        <extensions>
          <ns3:TrackPointExtension>
            <ns3:hr>173</ns3:hr>
            <ns3:cad>88</ns3:cad>
          </ns3:TrackPointExtension>
        </extensions>
      </trkpt>
      <trkpt lat="45.7027449645102024078369140625" lon="126.6073866002261638641357421875">
        <ele>164.399993896484375</ele>
        <time>2026-08-20T11:22:54.000Z</time>
        <extensions>
          <ns3:TrackPointExtension>
            <ns3:hr>173</ns3:hr>
            <ns3:cad>88</ns3:cad>
          </ns3:TrackPointExtension>
        </extensions>
      </trkpt>
      <trkpt lat="45.70275259204208850860595703125" lon="126.6074194572865962982177734375">
        <ele>164.399993896484375</ele>
        <time>2026-08-20T11:22:55.000Z</time>
        <extensions>
          <ns3:TrackPointExtension>
            <ns3:hr>174</ns3:hr>
            <ns3:cad>88</ns3:cad>
          </ns3:TrackPointExtension>
        </extensions>
      </trkpt>
      <trkpt lat="45.70276114158332347869873046875" lon="126.60746396519243717193603515625">
        <ele>164.399993896484375</ele>
        <time>2026-08-20T11:22:56.000Z</time>
        <extensions>
          <ns3:TrackPointExtension>
            <ns3:hr>174</ns3:hr>
            <ns3:cad>88</ns3:cad>
          </ns3:TrackPointExtension>
        </extensions>
      </trkpt>
      <trkpt lat="45.702762901782989501953125" lon="126.60750419832766056060791015625">
        <ele>164.399993896484375</ele>
        <time>2026-08-20T11:22:57.000Z</time>
        <extensions>
          <ns3:TrackPointExtension>
            <ns3:hr>174</ns3:hr>
            <ns3:cad>88</ns3:cad>
          </ns3:TrackPointExtension>
        </extensions>
      </trkpt>
      <trkpt lat="45.702743791043758392333984375" lon="126.60754895769059658050537109375">
        <ele>164.399993896484375</ele>
        <time>2026-08-20T11:22:58.000Z</time>
        <extensions>
          <ns3:TrackPointExtension>
            <ns3:hr>174</ns3:hr>
            <ns3:cad>87</ns3:cad>
          </ns3:TrackPointExtension>
        </extensions>
      </trkpt>
      <trkpt lat="45.70273616351187229156494140625" lon="126.60758952610194683074951171875">
        <ele>164.399993896484375</ele>
        <time>2026-08-20T11:22:59.000Z</time>
        <extensions>
          <ns3:TrackPointExtension>
            <ns3:hr>174</ns3:hr>
            <ns3:cad>87</ns3:cad>
          </ns3:TrackPointExtension>
        </extensions>
      </trkpt>
      <trkpt lat="45.70272727869451045989990234375" lon="126.6076273284852504730224609375">
        <ele>164.399993896484375</ele>
        <time>2026-08-20T11:23:00.000Z</time>
        <extensions>
          <ns3:TrackPointExtension>
            <ns3:hr>173</ns3:hr>
            <ns3:cad>88</ns3:cad>
          </ns3:TrackPointExtension>
        </extensions>
      </trkpt>
      <trkpt lat="45.7027171365916728973388671875" lon="126.6076561622321605682373046875">
        <ele>164.399993896484375</ele>
        <time>2026-08-20T11:23:01.000Z</time>
        <extensions>
          <ns3:TrackPointExtension>
            <ns3:hr>174</ns3:hr>
            <ns3:cad>89</ns3:cad>
          </ns3:TrackPointExtension>
        </extensions>
      </trkpt>
      <trkpt lat="45.70271286182105541229248046875" lon="126.60769714973866939544677734375">
        <ele>164.399993896484375</ele>
        <time>2026-08-20T11:23:02.000Z</time>
        <extensions>
          <ns3:TrackPointExtension>
            <ns3:hr>174</ns3:hr>
            <ns3:cad>89</ns3:cad>
          </ns3:TrackPointExtension>
        </extensions>
      </trkpt>
      <trkpt lat="45.7027070783078670501708984375" lon="126.60772531293332576751708984375">
        <ele>164.399993896484375</ele>
        <time>2026-08-20T11:23:03.000Z</time>
        <extensions>
          <ns3:TrackPointExtension>
            <ns3:hr>174</ns3:hr>
            <ns3:cad>88</ns3:cad>
          </ns3:TrackPointExtension>
        </extensions>
      </trkpt>
      <trkpt lat="45.7026919908821582794189453125" lon="126.6077547334134578704833984375">
        <ele>164.399993896484375</ele>
        <time>2026-08-20T11:23:04.000Z</time>
        <extensions>
          <ns3:TrackPointExtension>
            <ns3:hr>174</ns3:hr>
            <ns3:cad>87</ns3:cad>
          </ns3:TrackPointExtension>
        </extensions>
      </trkpt>
      <trkpt lat="45.70268201641738414764404296875" lon="126.6077942959964275360107421875">
        <ele>164.1999969482421875</ele>
        <time>2026-08-20T11:23:05.000Z</time>
        <extensions>
          <ns3:TrackPointExtension>
            <ns3:hr>174</ns3:hr>
            <ns3:cad>87</ns3:cad>
          </ns3:TrackPointExtension>
        </extensions>
      </trkpt>
      <trkpt lat="45.70268754847347736358642578125" lon="126.6078201122581958770751953125">
        <ele>164.1999969482421875</ele>
        <time>2026-08-20T11:23:06.000Z</time>
        <extensions>
          <ns3:TrackPointExtension>
            <ns3:hr>174</ns3:hr>
            <ns3:cad>86</ns3:cad>
          </ns3:TrackPointExtension>
        </extensions>
      </trkpt>
      <trkpt lat="45.70269224233925342559814453125" lon="126.60785757936537265777587890625">
        <ele>164.1999969482421875</ele>
        <time>2026-08-20T11:23:07.000Z</time>
        <extensions>
          <ns3:TrackPointExtension>
            <ns3:hr>174</ns3:hr>
            <ns3:cad>86</ns3:cad>
          </ns3:TrackPointExtension>
        </extensions>
      </trkpt>
      <trkpt lat="45.7026971876621246337890625" lon="126.60787350498139858245849609375">
        <ele>164.399993896484375</ele>
        <time>2026-08-20T11:23:08.000Z</time>
        <extensions>
          <ns3:TrackPointExtension>
            <ns3:hr>174</ns3:hr>
            <ns3:cad>84</ns3:cad>
          </ns3:TrackPointExtension>
        </extensions>
      </trkpt>
      <trkpt lat="45.702703557908535003662109375" lon="126.6078816354274749755859375">
        <ele>164.399993896484375</ele>
        <time>2026-08-20T11:23:09.000Z</time>
        <extensions>
          <ns3:TrackPointExtension>
            <ns3:hr>174</ns3:hr>
            <ns3:cad>84</ns3:cad>
          </ns3:TrackPointExtension>
        </extensions>
      </trkpt>
      <trkpt lat="45.7027144543826580047607421875" lon="126.60789563320577144622802734375">
        <ele>164.399993896484375</ele>
        <time>2026-08-20T11:23:10.000Z</time>
        <extensions>
          <ns3:TrackPointExtension>
            <ns3:hr>174</ns3:hr>
            <ns3:cad>84</ns3:cad>
          </ns3:TrackPointExtension>
        </extensions>
      </trkpt>
      <trkpt lat="45.70272627286612987518310546875" lon="126.607895381748676300048828125">
        <ele>164.399993896484375</ele>
        <time>2026-08-20T11:23:11.000Z</time>
        <extensions>
          <ns3:TrackPointExtension>
            <ns3:hr>174</ns3:hr>
            <ns3:cad>84</ns3:cad>
          </ns3:TrackPointExtension>
        </extensions>
      </trkpt>
      <trkpt lat="45.70274270139634609222412109375" lon="126.60790242254734039306640625">
        <ele>164.399993896484375</ele>
        <time>2026-08-20T11:23:12.000Z</time>
        <extensions>
          <ns3:TrackPointExtension>
            <ns3:hr>175</ns3:hr>
            <ns3:cad>83</ns3:cad>
          </ns3:TrackPointExtension>
        </extensions>
      </trkpt>
      <trkpt lat="45.7027493230998516082763671875" lon="126.6079270653426647186279296875">
        <ele>164.399993896484375</ele>
        <time>2026-08-20T11:23:13.000Z</time>
        <extensions>
          <ns3:TrackPointExtension>
            <ns3:hr>174</ns3:hr>
            <ns3:cad>83</ns3:cad>
          </ns3:TrackPointExtension>
        </extensions>
      </trkpt>
      <trkpt lat="45.70275912992656230926513671875" lon="126.6079572401940822601318359375">
        <ele>164.399993896484375</ele>
        <time>2026-08-20T11:23:14.000Z</time>
        <extensions>
          <ns3:TrackPointExtension>
            <ns3:hr>174</ns3:hr>
            <ns3:cad>81</ns3:cad>
          </ns3:TrackPointExtension>
        </extensions>
      </trkpt>
      <trkpt lat="45.70275820791721343994140625" lon="126.60800300538539886474609375">
        <ele>164.399993896484375</ele>
        <time>2026-08-20T11:23:15.000Z</time>
        <extensions>
          <ns3:TrackPointExtension>
            <ns3:hr>174</ns3:hr>
            <ns3:cad>81</ns3:cad>
          </ns3:TrackPointExtension>
        </extensions>
      </trkpt>
      <trkpt lat="45.70276482962071895599365234375" lon="126.60803678445518016815185546875">
        <ele>164.399993896484375</ele>
        <time>2026-08-20T11:23:16.000Z</time>
        <extensions>
          <ns3:TrackPointExtension>
            <ns3:hr>174</ns3:hr>
            <ns3:cad>82</ns3:cad>
          </ns3:TrackPointExtension>
        </extensions>
      </trkpt>
      <trkpt lat="45.70276767946779727935791015625" lon="126.6080822981894016265869140625">
        <ele>164.399993896484375</ele>
        <time>2026-08-20T11:23:17.000Z</time>
        <extensions>
          <ns3:TrackPointExtension>
            <ns3:hr>173</ns3:hr>
            <ns3:cad>84</ns3:cad>
          </ns3:TrackPointExtension>
        </extensions>
      </trkpt>
      <trkpt lat="45.70276851765811443328857421875" lon="126.60811163485050201416015625">
        <ele>164.600006103515625</ele>
        <time>2026-08-20T11:23:18.000Z</time>
        <extensions>
          <ns3:TrackPointExtension>
            <ns3:hr>173</ns3:hr>
            <ns3:cad>85</ns3:cad>
          </ns3:TrackPointExtension>
        </extensions>
      </trkpt>
      <trkpt lat="45.7027701102197170257568359375" lon="126.60816251300275325775146484375">
        <ele>164.600006103515625</ele>
        <time>2026-08-20T11:23:19.000Z</time>
        <extensions>
          <ns3:TrackPointExtension>
            <ns3:hr>173</ns3:hr>
            <ns3:cad>87</ns3:cad>
          </ns3:TrackPointExtension>
        </extensions>
      </trkpt>
      <trkpt lat="45.702768266201019287109375" lon="126.60819805227220058441162109375">
        <ele>164.600006103515625</ele>
        <time>2026-08-20T11:23:20.000Z</time>
        <extensions>
          <ns3:TrackPointExtension>
            <ns3:hr>173</ns3:hr>
            <ns3:cad>87</ns3:cad>
          </ns3:TrackPointExtension>
        </extensions>
      </trkpt>
      <trkpt lat="45.7027717866003513336181640625" lon="126.60823510028421878814697265625">
        <ele>164.8000030517578125</ele>
        <time>2026-08-20T11:23:21.000Z</time>
        <extensions>
          <ns3:TrackPointExtension>
            <ns3:hr>173</ns3:hr>
            <ns3:cad>87</ns3:cad>
          </ns3:TrackPointExtension>
        </extensions>
      </trkpt>
      <trkpt lat="45.7027697749435901641845703125" lon="126.6082794405519962310791015625">
        <ele>164.8000030517578125</ele>
        <time>2026-08-20T11:23:22.000Z</time>
        <extensions>
          <ns3:TrackPointExtension>
            <ns3:hr>173</ns3:hr>
            <ns3:cad>87</ns3:cad>
          </ns3:TrackPointExtension>
        </extensions>
      </trkpt>
      <trkpt lat="45.7027751393616199493408203125" lon="126.6083169914782047271728515625">
        <ele>164.8000030517578125</ele>
        <time>2026-08-20T11:23:23.000Z</time>
        <extensions>
          <ns3:TrackPointExtension>
            <ns3:hr>173</ns3:hr>
            <ns3:cad>87</ns3:cad>
          </ns3:TrackPointExtension>
        </extensions>
      </trkpt>
      <trkpt lat="45.70278561674058437347412109375" lon="126.60836334340274333953857421875">
        <ele>164.600006103515625</ele>
        <time>2026-08-20T11:23:24.000Z</time>
        <extensions>
          <ns3:TrackPointExtension>
            <ns3:hr>174</ns3:hr>
            <ns3:cad>87</ns3:cad>
          </ns3:TrackPointExtension>
        </extensions>
      </trkpt>
      <trkpt lat="45.70279701612889766693115234375" lon="126.60838547162711620330810546875">
        <ele>164.600006103515625</ele>
        <time>2026-08-20T11:23:25.000Z</time>
        <extensions>
          <ns3:TrackPointExtension>
            <ns3:hr>174</ns3:hr>
            <ns3:cad>86</ns3:cad>
          </ns3:TrackPointExtension>
        </extensions>
      </trkpt>
      <trkpt lat="45.702822245657444000244140625" lon="126.6084138862788677215576171875">
        <ele>164.600006103515625</ele>
        <time>2026-08-20T11:23:26.000Z</time>
        <extensions>
          <ns3:TrackPointExtension>
            <ns3:hr>173</ns3:hr>
            <ns3:cad>86</ns3:cad>
          </ns3:TrackPointExtension>
        </extensions>
      </trkpt>
      <trkpt lat="45.70283867418766021728515625" lon="126.608422435820102691650390625">
        <ele>164.399993896484375</ele>
        <time>2026-08-20T11:23:27.000Z</time>
        <extensions>
          <ns3:TrackPointExtension>
            <ns3:hr>173</ns3:hr>
            <ns3:cad>86</ns3:cad>
          </ns3:TrackPointExtension>
        </extensions>
      </trkpt>
      <trkpt lat="45.7028713636100292205810546875" lon="126.6084266267716884613037109375">
        <ele>164.399993896484375</ele>
        <time>2026-08-20T11:23:28.000Z</time>
        <extensions>
          <ns3:TrackPointExtension>
            <ns3:hr>173</ns3:hr>
            <ns3:cad>86</ns3:cad>
          </ns3:TrackPointExtension>
        </extensions>
      </trkpt>
      <trkpt lat="45.70289433002471923828125" lon="126.60842637531459331512451171875">
        <ele>164.399993896484375</ele>
        <time>2026-08-20T11:23:29.000Z</time>
        <extensions>
          <ns3:TrackPointExtension>
            <ns3:hr>174</ns3:hr>
            <ns3:cad>86</ns3:cad>
          </ns3:TrackPointExtension>
        </extensions>
      </trkpt>
      <trkpt lat="45.70292743854224681854248046875" lon="126.60842402838170528411865234375">
        <ele>164.399993896484375</ele>
        <time>2026-08-20T11:23:30.000Z</time>
        <extensions>
          <ns3:TrackPointExtension>
            <ns3:hr>173</ns3:hr>
            <ns3:cad>87</ns3:cad>
          </ns3:TrackPointExtension>
        </extensions>
      </trkpt>
      <trkpt lat="45.70295727811753749847412109375" lon="126.6084246151149272918701171875">
        <ele>164.1999969482421875</ele>
        <time>2026-08-20T11:23:31.000Z</time>
        <extensions>
          <ns3:TrackPointExtension>
            <ns3:hr>173</ns3:hr>
            <ns3:cad>87</ns3:cad>
          </ns3:TrackPointExtension>
        </extensions>
      </trkpt>
      <trkpt lat="45.702990554273128509521484375" lon="126.6084182448685169219970703125">
        <ele>164.1999969482421875</ele>
        <time>2026-08-20T11:23:32.000Z</time>
        <extensions>
          <ns3:TrackPointExtension>
            <ns3:hr>173</ns3:hr>
            <ns3:cad>88</ns3:cad>
          </ns3:TrackPointExtension>
        </extensions>
      </trkpt>
      <trkpt lat="45.7030202262103557586669921875" lon="126.6084046661853790283203125">
        <ele>164.1999969482421875</ele>
        <time>2026-08-20T11:23:33.000Z</time>
        <extensions>
          <ns3:TrackPointExtension>
            <ns3:hr>173</ns3:hr>
            <ns3:cad>88</ns3:cad>
          </ns3:TrackPointExtension>
        </extensions>
      </trkpt>
      <trkpt lat="45.703052245080471038818359375" lon="126.6083930991590023040771484375">
        <ele>164.1999969482421875</ele>
        <time>2026-08-20T11:23:34.000Z</time>
        <extensions>
          <ns3:TrackPointExtension>
            <ns3:hr>173</ns3:hr>
            <ns3:cad>88</ns3:cad>
          </ns3:TrackPointExtension>
        </extensions>
      </trkpt>
      <trkpt lat="45.70308065973222255706787109375" lon="126.60838790237903594970703125">
        <ele>164.1999969482421875</ele>
        <time>2026-08-20T11:23:35.000Z</time>
        <extensions>
          <ns3:TrackPointExtension>
            <ns3:hr>172</ns3:hr>
            <ns3:cad>88</ns3:cad>
          </ns3:TrackPointExtension>
        </extensions>
      </trkpt>
      <trkpt lat="45.70310957729816436767578125" lon="126.6083770059049129486083984375">
        <ele>164.1999969482421875</ele>
        <time>2026-08-20T11:23:36.000Z</time>
        <extensions>
          <ns3:TrackPointExtension>
            <ns3:hr>172</ns3:hr>
            <ns3:cad>88</ns3:cad>
          </ns3:TrackPointExtension>
        </extensions>
      </trkpt>
      <trkpt lat="45.703142099082469940185546875" lon="126.608372144401073455810546875">
        <ele>164.1999969482421875</ele>
        <time>2026-08-20T11:23:37.000Z</time>
        <extensions>
          <ns3:TrackPointExtension>
            <ns3:hr>172</ns3:hr>
            <ns3:cad>88</ns3:cad>
          </ns3:TrackPointExtension>
        </extensions>
      </trkpt>
      <trkpt lat="45.70316866971552371978759765625" lon="126.60836082883179187774658203125">
        <ele>164</ele>
        <time>2026-08-20T11:23:38.000Z</time>
        <extensions>
          <ns3:TrackPointExtension>
            <ns3:hr>173</ns3:hr>
            <ns3:cad>87</ns3:cad>
          </ns3:TrackPointExtension>
        </extensions>
      </trkpt>
      <trkpt lat="45.7031985931098461151123046875" lon="126.6083495132625102996826171875">
        <ele>164</ele>
        <time>2026-08-20T11:23:39.000Z</time>
        <extensions>
          <ns3:TrackPointExtension>
            <ns3:hr>173</ns3:hr>
            <ns3:cad>87</ns3:cad>
          </ns3:TrackPointExtension>
        </extensions>
      </trkpt>
      <trkpt lat="45.70322164334356784820556640625" lon="126.60833886824548244476318359375">
        <ele>164</ele>
        <time>2026-08-20T11:23:40.000Z</time>
        <extensions>
          <ns3:TrackPointExtension>
            <ns3:hr>173</ns3:hr>
            <ns3:cad>87</ns3:cad>
          </ns3:TrackPointExtension>
        </extensions>
      </trkpt>
      <trkpt lat="45.703256428241729736328125" lon="126.60833149217069149017333984375">
        <ele>164</ele>
        <time>2026-08-20T11:23:41.000Z</time>
        <extensions>
          <ns3:TrackPointExtension>
            <ns3:hr>173</ns3:hr>
            <ns3:cad>87</ns3:cad>
          </ns3:TrackPointExtension>
        </extensions>
      </trkpt>
      <trkpt lat="45.7032783888280391693115234375" lon="126.60832629539072513580322265625">
        <ele>164</ele>
        <time>2026-08-20T11:23:42.000Z</time>
        <extensions>
          <ns3:TrackPointExtension>
            <ns3:hr>174</ns3:hr>
            <ns3:cad>87</ns3:cad>
          </ns3:TrackPointExtension>
        </extensions>
      </trkpt>
      <trkpt lat="45.70330864749848842620849609375" lon="126.6083215177059173583984375">
        <ele>164</ele>
        <time>2026-08-20T11:23:43.000Z</time>
        <extensions>
          <ns3:TrackPointExtension>
            <ns3:hr>174</ns3:hr>
            <ns3:cad>87</ns3:cad>
          </ns3:TrackPointExtension>
        </extensions>
      </trkpt>
      <trkpt lat="45.70333429612219333648681640625" lon="126.6083161532878875732421875">
        <ele>164</ele>
        <time>2026-08-20T11:23:44.000Z</time>
        <extensions>
          <ns3:TrackPointExtension>
            <ns3:hr>174</ns3:hr>
            <ns3:cad>87</ns3:cad>
          </ns3:TrackPointExtension>
        </extensions>
      </trkpt>
      <trkpt lat="45.70336782373487949371337890625" lon="126.60830819047987461090087890625">
        <ele>164</ele>
        <time>2026-08-20T11:23:45.000Z</time>
        <extensions>
          <ns3:TrackPointExtension>
            <ns3:hr>174</ns3:hr>
            <ns3:cad>87</ns3:cad>
          </ns3:TrackPointExtension>
        </extensions>
      </trkpt>
      <trkpt lat="45.7033970765769481658935546875" lon="126.6083109565079212188720703125">
        <ele>163.8000030517578125</ele>
        <time>2026-08-20T11:23:46.000Z</time>
        <extensions>
          <ns3:TrackPointExtension>
            <ns3:hr>175</ns3:hr>
            <ns3:cad>87</ns3:cad>
          </ns3:TrackPointExtension>
        </extensions>
      </trkpt>
      <trkpt lat="45.70342884398996829986572265625" lon="126.60830207169055938720703125">
        <ele>163.8000030517578125</ele>
        <time>2026-08-20T11:23:47.000Z</time>
        <extensions>
          <ns3:TrackPointExtension>
            <ns3:hr>175</ns3:hr>
            <ns3:cad>88</ns3:cad>
          </ns3:TrackPointExtension>
        </extensions>
      </trkpt>
      <trkpt lat="45.70345968939363956451416015625" lon="126.608301736414432525634765625">
        <ele>163.8000030517578125</ele>
        <time>2026-08-20T11:23:48.000Z</time>
        <extensions>
          <ns3:TrackPointExtension>
            <ns3:hr>175</ns3:hr>
            <ns3:cad>88</ns3:cad>
          </ns3:TrackPointExtension>
        </extensions>
      </trkpt>
      <trkpt lat="45.70348910987377166748046875" lon="126.60829109139740467071533203125">
        <ele>163.8000030517578125</ele>
        <time>2026-08-20T11:23:49.000Z</time>
        <extensions>
          <ns3:TrackPointExtension>
            <ns3:hr>174</ns3:hr>
            <ns3:cad>88</ns3:cad>
          </ns3:TrackPointExtension>
        </extensions>
      </trkpt>
      <trkpt lat="45.70352070964872837066650390625" lon="126.60829092375934123992919921875">
        <ele>163.600006103515625</ele>
        <time>2026-08-20T11:23:50.000Z</time>
        <extensions>
          <ns3:TrackPointExtension>
            <ns3:hr>174</ns3:hr>
            <ns3:cad>88</ns3:cad>
          </ns3:TrackPointExtension>
        </extensions>
      </trkpt>
      <trkpt lat="45.70354836992919445037841796875" lon="126.608279608190059661865234375">
        <ele>163.600006103515625</ele>
        <time>2026-08-20T11:23:51.000Z</time>
        <extensions>
          <ns3:TrackPointExtension>
            <ns3:hr>174</ns3:hr>
            <ns3:cad>88</ns3:cad>
          </ns3:TrackPointExtension>
        </extensions>
      </trkpt>
      <trkpt lat="45.70358038879930973052978515625" lon="126.60827650688588619232177734375">
        <ele>163.600006103515625</ele>
        <time>2026-08-20T11:23:52.000Z</time>
        <extensions>
          <ns3:TrackPointExtension>
            <ns3:hr>174</ns3:hr>
            <ns3:cad>88</ns3:cad>
          </ns3:TrackPointExtension>
        </extensions>
      </trkpt>
      <trkpt lat="45.70360452868044376373291015625" lon="126.60826586186885833740234375">
        <ele>163.600006103515625</ele>
        <time>2026-08-20T11:23:53.000Z</time>
        <extensions>
          <ns3:TrackPointExtension>
            <ns3:hr>175</ns3:hr>
            <ns3:cad>88</ns3:cad>
          </ns3:TrackPointExtension>
        </extensions>
      </trkpt>
      <trkpt lat="45.70363554172217845916748046875" lon="126.6082603298127651214599609375">
        <ele>163.600006103515625</ele>
        <time>2026-08-20T11:23:54.000Z</time>
        <extensions>
          <ns3:TrackPointExtension>
            <ns3:hr>175</ns3:hr>
            <ns3:cad>88</ns3:cad>
          </ns3:TrackPointExtension>
        </extensions>
      </trkpt>
      <trkpt lat="45.70366135798394680023193359375" lon="126.6082517802715301513671875">
        <ele>163.600006103515625</ele>
        <time>2026-08-20T11:23:55.000Z</time>
        <extensions>
          <ns3:TrackPointExtension>
            <ns3:hr>175</ns3:hr>
            <ns3:cad>88</ns3:cad>
          </ns3:TrackPointExtension>
        </extensions>
      </trkpt>
      <trkpt lat="45.7036949694156646728515625" lon="126.60824465565383434295654296875">
        <ele>163.600006103515625</ele>
        <time>2026-08-20T11:23:56.000Z</time>
        <extensions>
          <ns3:TrackPointExtension>
            <ns3:hr>175</ns3:hr>
            <ns3:cad>87</ns3:cad>
          </ns3:TrackPointExtension>
        </extensions>
      </trkpt>
      <trkpt lat="45.70372053422033786773681640625" lon="126.6082422249019145965576171875">
        <ele>163.600006103515625</ele>
        <time>2026-08-20T11:23:57.000Z</time>
        <extensions>
          <ns3:TrackPointExtension>
            <ns3:hr>175</ns3:hr>
            <ns3:cad>87</ns3:cad>
          </ns3:TrackPointExtension>
        </extensions>
      </trkpt>
      <trkpt lat="45.703755654394626617431640625" lon="126.60823057405650615692138671875">
        <ele>163.399993896484375</ele>
        <time>2026-08-20T11:23:58.000Z</time>
        <extensions>
          <ns3:TrackPointExtension>
            <ns3:hr>175</ns3:hr>
            <ns3:cad>87</ns3:cad>
          </ns3:TrackPointExtension>
        </extensions>
      </trkpt>
      <trkpt lat="45.7037802971899509429931640625" lon="126.6082303225994110107421875">
        <ele>163.399993896484375</ele>
        <time>2026-08-20T11:23:59.000Z</time>
        <extensions>
          <ns3:TrackPointExtension>
            <ns3:hr>175</ns3:hr>
            <ns3:cad>87</ns3:cad>
          </ns3:TrackPointExtension>
        </extensions>
      </trkpt>
      <trkpt lat="45.7038156688213348388671875" lon="126.6082200966775417327880859375">
        <ele>163.399993896484375</ele>
        <time>2026-08-20T11:24:00.000Z</time>
        <extensions>
          <ns3:TrackPointExtension>
            <ns3:hr>175</ns3:hr>
            <ns3:cad>87</ns3:cad>
          </ns3:TrackPointExtension>
        </extensions>
      </trkpt>
      <trkpt lat="45.7038423232734203338623046875" lon="126.608218252658843994140625">
        <ele>163.399993896484375</ele>
        <time>2026-08-20T11:24:01.000Z</time>
        <extensions>
          <ns3:TrackPointExtension>
            <ns3:hr>175</ns3:hr>
            <ns3:cad>87</ns3:cad>
          </ns3:TrackPointExtension>
        </extensions>
      </trkpt>
      <trkpt lat="45.70387476123869419097900390625" lon="126.60821045748889446258544921875">
        <ele>163.399993896484375</ele>
        <time>2026-08-20T11:24:02.000Z</time>
        <extensions>
          <ns3:TrackPointExtension>
            <ns3:hr>175</ns3:hr>
            <ns3:cad>87</ns3:cad>
          </ns3:TrackPointExtension>
        </extensions>
      </trkpt>
      <trkpt lat="45.70390610955655574798583984375" lon="126.60821096040308475494384765625">
        <ele>163.399993896484375</ele>
        <time>2026-08-20T11:24:03.000Z</time>
        <extensions>
          <ns3:TrackPointExtension>
            <ns3:hr>175</ns3:hr>
            <ns3:cad>88</ns3:cad>
          </ns3:TrackPointExtension>
        </extensions>
      </trkpt>
      <trkpt lat="45.70393578149378299713134765625" lon="126.60820190794765949249267578125">
        <ele>163.1999969482421875</ele>
        <time>2026-08-20T11:24:04.000Z</time>
        <extensions>
          <ns3:TrackPointExtension>
            <ns3:hr>176</ns3:hr>
            <ns3:cad>88</ns3:cad>
          </ns3:TrackPointExtension>
        </extensions>
      </trkpt>
      <trkpt lat="45.70396947674453258514404296875" lon="126.60820526070892810821533203125">
        <ele>163.1999969482421875</ele>
        <time>2026-08-20T11:24:05.000Z</time>
        <extensions>
          <ns3:TrackPointExtension>
            <ns3:hr>176</ns3:hr>
            <ns3:cad>88</ns3:cad>
          </ns3:TrackPointExtension>
        </extensions>
      </trkpt>
      <trkpt lat="45.70399847812950611114501953125" lon="126.60819436423480510711669921875">
        <ele>163.1999969482421875</ele>
        <time>2026-08-20T11:24:06.000Z</time>
        <extensions>
          <ns3:TrackPointExtension>
            <ns3:hr>176</ns3:hr>
            <ns3:cad>88</ns3:cad>
          </ns3:TrackPointExtension>
        </extensions>
      </trkpt>
      <trkpt lat="45.70403133518993854522705078125" lon="126.60819612443447113037109375">
        <ele>163.1999969482421875</ele>
        <time>2026-08-20T11:24:07.000Z</time>
        <extensions>
          <ns3:TrackPointExtension>
            <ns3:hr>176</ns3:hr>
            <ns3:cad>88</ns3:cad>
          </ns3:TrackPointExtension>
        </extensions>
      </trkpt>
      <trkpt lat="45.7040612585842609405517578125" lon="126.60818874835968017578125">
        <ele>163.1999969482421875</ele>
        <time>2026-08-20T11:24:08.000Z</time>
        <extensions>
          <ns3:TrackPointExtension>
            <ns3:hr>176</ns3:hr>
            <ns3:cad>88</ns3:cad>
          </ns3:TrackPointExtension>
        </extensions>
      </trkpt>
      <trkpt lat="45.70409260690212249755859375" lon="126.60817843861877918243408203125">
        <ele>163.1999969482421875</ele>
        <time>2026-08-20T11:24:09.000Z</time>
        <extensions>
          <ns3:TrackPointExtension>
            <ns3:hr>176</ns3:hr>
            <ns3:cad>88</ns3:cad>
          </ns3:TrackPointExtension>
        </extensions>
      </trkpt>
      <trkpt lat="45.70411817170679569244384765625" lon="126.60816729068756103515625">
        <ele>163</ele>
        <time>2026-08-20T11:24:10.000Z</time>
        <extensions>
          <ns3:TrackPointExtension>
            <ns3:hr>176</ns3:hr>
            <ns3:cad>88</ns3:cad>
          </ns3:TrackPointExtension>
        </extensions>
      </trkpt>
      <trkpt lat="45.7041514478623867034912109375" lon="126.60815815441310405731201171875">
        <ele>163</ele>
        <time>2026-08-20T11:24:11.000Z</time>
        <extensions>
          <ns3:TrackPointExtension>
            <ns3:hr>176</ns3:hr>
            <ns3:cad>88</ns3:cad>
          </ns3:TrackPointExtension>
        </extensions>
      </trkpt>
      <trkpt lat="45.704173743724822998046875" lon="126.60814574919641017913818359375">
        <ele>163</ele>
        <time>2026-08-20T11:24:12.000Z</time>
        <extensions>
          <ns3:TrackPointExtension>
            <ns3:hr>177</ns3:hr>
            <ns3:cad>88</ns3:cad>
          </ns3:TrackPointExtension>
        </extensions>
      </trkpt>
      <trkpt lat="45.7042077742516994476318359375" lon="126.60813518799841403961181640625">
        <ele>163</ele>
        <time>2026-08-20T11:24:13.000Z</time>
        <extensions>
          <ns3:TrackPointExtension>
            <ns3:hr>177</ns3:hr>
            <ns3:cad>88</ns3:cad>
          </ns3:TrackPointExtension>
        </extensions>
      </trkpt>
      <trkpt lat="45.7042309083044528961181640625" lon="126.60812982358038425445556640625">
        <ele>163</ele>
        <time>2026-08-20T11:24:14.000Z</time>
        <extensions>
          <ns3:TrackPointExtension>
            <ns3:hr>177</ns3:hr>
            <ns3:cad>88</ns3:cad>
          </ns3:TrackPointExtension>
        </extensions>
      </trkpt>
      <trkpt lat="45.70426334626972675323486328125" lon="126.60812236368656158447265625">
        <ele>163</ele>
        <time>2026-08-20T11:24:15.000Z</time>
        <extensions>
          <ns3:TrackPointExtension>
            <ns3:hr>177</ns3:hr>
            <ns3:cad>88</ns3:cad>
          </ns3:TrackPointExtension>
        </extensions>
      </trkpt>
      <trkpt lat="45.7042848877608776092529296875" lon="126.6081154905259609222412109375">
        <ele>163</ele>
        <time>2026-08-20T11:24:16.000Z</time>
        <extensions>
          <ns3:TrackPointExtension>
            <ns3:hr>176</ns3:hr>
            <ns3:cad>88</ns3:cad>
          </ns3:TrackPointExtension>
        </extensions>
      </trkpt>
      <trkpt lat="45.7043224386870861053466796875" lon="126.608110964298248291015625">
        <ele>162.8000030517578125</ele>
        <time>2026-08-20T11:24:17.000Z</time>
        <extensions>
          <ns3:TrackPointExtension>
            <ns3:hr>177</ns3:hr>
            <ns3:cad>88</ns3:cad>
          </ns3:TrackPointExtension>
        </extensions>
      </trkpt>
      <trkpt lat="45.70434766821563243865966796875" lon="126.60810736007988452911376953125">
        <ele>162.8000030517578125</ele>
        <time>2026-08-20T11:24:18.000Z</time>
        <extensions>
          <ns3:TrackPointExtension>
            <ns3:hr>177</ns3:hr>
            <ns3:cad>88</ns3:cad>
          </ns3:TrackPointExtension>
        </extensions>
      </trkpt>
      <trkpt lat="45.7043831236660480499267578125" lon="126.608107946813106536865234375">
        <ele>162.8000030517578125</ele>
        <time>2026-08-20T11:24:19.000Z</time>
        <extensions>
          <ns3:TrackPointExtension>
            <ns3:hr>177</ns3:hr>
            <ns3:cad>88</ns3:cad>
          </ns3:TrackPointExtension>
        </extensions>
      </trkpt>
      <trkpt lat="45.7044111192226409912109375" lon="126.6081040911376476287841796875">
        <ele>162.8000030517578125</ele>
        <time>2026-08-20T11:24:20.000Z</time>
        <extensions>
          <ns3:TrackPointExtension>
            <ns3:hr>177</ns3:hr>
            <ns3:cad>88</ns3:cad>
          </ns3:TrackPointExtension>
        </extensions>
      </trkpt>
      <trkpt lat="45.70444406010210514068603515625" lon="126.60809629596769809722900390625">
        <ele>162.8000030517578125</ele>
        <time>2026-08-20T11:24:21.000Z</time>
        <extensions>
          <ns3:TrackPointExtension>
            <ns3:hr>177</ns3:hr>
            <ns3:cad>88</ns3:cad>
          </ns3:TrackPointExtension>
        </extensions>
      </trkpt>
      <trkpt lat="45.7044723071157932281494140625" lon="126.60809059627354145050048828125">
        <ele>162.8000030517578125</ele>
        <time>2026-08-20T11:24:22.000Z</time>
        <extensions>
          <ns3:TrackPointExtension>
            <ns3:hr>178</ns3:hr>
            <ns3:cad>88</ns3:cad>
          </ns3:TrackPointExtension>
        </extensions>
      </trkpt>
      <trkpt lat="45.70449736900627613067626953125" lon="126.6080779395997524261474609375">
        <ele>162.8000030517578125</ele>
        <time>2026-08-20T11:24:23.000Z</time>
        <extensions>
          <ns3:TrackPointExtension>
            <ns3:hr>178</ns3:hr>
            <ns3:cad>88</ns3:cad>
          </ns3:TrackPointExtension>
        </extensions>
      </trkpt>
      <trkpt lat="45.704523436725139617919921875" lon="126.6080705635249614715576171875">
        <ele>162.8000030517578125</ele>
        <time>2026-08-20T11:24:24.000Z</time>
        <extensions>
          <ns3:TrackPointExtension>
            <ns3:hr>178</ns3:hr>
            <ns3:cad>89</ns3:cad>
          </ns3:TrackPointExtension>
        </extensions>
      </trkpt>
      <trkpt lat="45.7045497559010982513427734375" lon="126.6080564819276332855224609375">
        <ele>162.8000030517578125</ele>
        <time>2026-08-20T11:24:25.000Z</time>
        <extensions>
          <ns3:TrackPointExtension>
            <ns3:hr>178</ns3:hr>
            <ns3:cad>89</ns3:cad>
          </ns3:TrackPointExtension>
        </extensions>
      </trkpt>
      <trkpt lat="45.7045772485435009002685546875" lon="126.60805740393698215484619140625">
        <ele>162.8000030517578125</ele>
        <time>2026-08-20T11:24:26.000Z</time>
        <extensions>
          <ns3:TrackPointExtension>
            <ns3:hr>178</ns3:hr>
            <ns3:cad>90</ns3:cad>
          </ns3:TrackPointExtension>
        </extensions>
      </trkpt>
      <trkpt lat="45.70459954440593719482421875" lon="126.60804935730993747711181640625">
        <ele>162.600006103515625</ele>
        <time>2026-08-20T11:24:27.000Z</time>
        <extensions>
          <ns3:TrackPointExtension>
            <ns3:hr>178</ns3:hr>
            <ns3:cad>89</ns3:cad>
          </ns3:TrackPointExtension>
        </extensions>
      </trkpt>
      <trkpt lat="45.7046298868954181671142578125" lon="126.60804751329123973846435546875">
        <ele>162.600006103515625</ele>
        <time>2026-08-20T11:24:28.000Z</time>
        <extensions>
          <ns3:TrackPointExtension>
            <ns3:hr>178</ns3:hr>
            <ns3:cad>89</ns3:cad>
          </ns3:TrackPointExtension>
        </extensions>
      </trkpt>
      <trkpt lat="45.7046583853662014007568359375" lon="126.6080380417406558990478515625">
        <ele>162.600006103515625</ele>
        <time>2026-08-20T11:24:29.000Z</time>
        <extensions>
          <ns3:TrackPointExtension>
            <ns3:hr>178</ns3:hr>
            <ns3:cad>89</ns3:cad>
          </ns3:TrackPointExtension>
        </extensions>
      </trkpt>
      <trkpt lat="45.70469476282596588134765625" lon="126.60803779028356075286865234375">
        <ele>162.600006103515625</ele>
        <time>2026-08-20T11:24:30.000Z</time>
        <extensions>
          <ns3:TrackPointExtension>
            <ns3:hr>178</ns3:hr>
            <ns3:cad>88</ns3:cad>
          </ns3:TrackPointExtension>
        </extensions>
      </trkpt>
      <trkpt lat="45.704721920192241668701171875" lon="126.60802471451461315155029296875">
        <ele>162.399993896484375</ele>
        <time>2026-08-20T11:24:31.000Z</time>
        <extensions>
          <ns3:TrackPointExtension>
            <ns3:hr>178</ns3:hr>
            <ns3:cad>88</ns3:cad>
          </ns3:TrackPointExtension>
        </extensions>
      </trkpt>
      <trkpt lat="45.7047539390623569488525390625" lon="126.608019769191741943359375">
        <ele>162.399993896484375</ele>
        <time>2026-08-20T11:24:32.000Z</time>
        <extensions>
          <ns3:TrackPointExtension>
            <ns3:hr>178</ns3:hr>
            <ns3:cad>88</ns3:cad>
          </ns3:TrackPointExtension>
        </extensions>
      </trkpt>
      <trkpt lat="45.70478118024766445159912109375" lon="126.608010716736316680908203125">
        <ele>162.399993896484375</ele>
        <time>2026-08-20T11:24:33.000Z</time>
        <extensions>
          <ns3:TrackPointExtension>
            <ns3:hr>179</ns3:hr>
            <ns3:cad>88</ns3:cad>
          </ns3:TrackPointExtension>
        </extensions>
      </trkpt>
      <trkpt lat="45.70481546223163604736328125" lon="126.6080058552324771881103515625">
        <ele>162.399993896484375</ele>
        <time>2026-08-20T11:24:34.000Z</time>
        <extensions>
          <ns3:TrackPointExtension>
            <ns3:hr>179</ns3:hr>
            <ns3:cad>87</ns3:cad>
          </ns3:TrackPointExtension>
        </extensions>
      </trkpt>
      <trkpt lat="45.70484069176018238067626953125" lon="126.60799906589090824127197265625">
        <ele>162.399993896484375</ele>
        <time>2026-08-20T11:24:35.000Z</time>
        <extensions>
          <ns3:TrackPointExtension>
            <ns3:hr>179</ns3:hr>
            <ns3:cad>87</ns3:cad>
          </ns3:TrackPointExtension>
        </extensions>
      </trkpt>
      <trkpt lat="45.70487488992512226104736328125" lon="126.60799093544483184814453125">
        <ele>162.399993896484375</ele>
        <time>2026-08-20T11:24:36.000Z</time>
        <extensions>
          <ns3:TrackPointExtension>
            <ns3:hr>179</ns3:hr>
            <ns3:cad>87</ns3:cad>
          </ns3:TrackPointExtension>
        </extensions>
      </trkpt>
      <trkpt lat="45.70489785633981227874755859375" lon="126.6079808771610260009765625">
        <ele>162.399993896484375</ele>
        <time>2026-08-20T11:24:37.000Z</time>
        <extensions>
          <ns3:TrackPointExtension>
            <ns3:hr>178</ns3:hr>
            <ns3:cad>88</ns3:cad>
          </ns3:TrackPointExtension>
        </extensions>
      </trkpt>
      <trkpt lat="45.70493289269506931304931640625" lon="126.60797224380075931549072265625">
        <ele>162.399993896484375</ele>
        <time>2026-08-20T11:24:38.000Z</time>
        <extensions>
          <ns3:TrackPointExtension>
            <ns3:hr>179</ns3:hr>
            <ns3:cad>88</ns3:cad>
          </ns3:TrackPointExtension>
        </extensions>
      </trkpt>
      <trkpt lat="45.704960636794567108154296875" lon="126.60796754993498325347900390625">
        <ele>162.1999969482421875</ele>
        <time>2026-08-20T11:24:39.000Z</time>
        <extensions>
          <ns3:TrackPointExtension>
            <ns3:hr>179</ns3:hr>
            <ns3:cad>88</ns3:cad>
          </ns3:TrackPointExtension>
        </extensions>
      </trkpt>
      <trkpt lat="45.704991482198238372802734375" lon="126.60796084441244602203369140625">
        <ele>162.1999969482421875</ele>
        <time>2026-08-20T11:24:40.000Z</time>
        <extensions>
          <ns3:TrackPointExtension>
            <ns3:hr>179</ns3:hr>
            <ns3:cad>87</ns3:cad>
          </ns3:TrackPointExtension>
        </extensions>
      </trkpt>
      <trkpt lat="45.7050194777548313140869140625" lon="126.60795480944216251373291015625">
        <ele>162.1999969482421875</ele>
        <time>2026-08-20T11:24:41.000Z</time>
        <extensions>
          <ns3:TrackPointExtension>
            <ns3:hr>179</ns3:hr>
            <ns3:cad>87</ns3:cad>
          </ns3:TrackPointExtension>
        </extensions>
      </trkpt>
      <trkpt lat="45.705048143863677978515625" lon="126.60794533789157867431640625">
        <ele>162</ele>
        <time>2026-08-20T11:24:42.000Z</time>
        <extensions>
          <ns3:TrackPointExtension>
            <ns3:hr>179</ns3:hr>
            <ns3:cad>88</ns3:cad>
          </ns3:TrackPointExtension>
        </extensions>
      </trkpt>
      <trkpt lat="45.70507588796317577362060546875" lon="126.607941649854183197021484375">
        <ele>162</ele>
        <time>2026-08-20T11:24:43.000Z</time>
        <extensions>
          <ns3:TrackPointExtension>
            <ns3:hr>179</ns3:hr>
            <ns3:cad>89</ns3:cad>
          </ns3:TrackPointExtension>
        </extensions>
      </trkpt>
      <trkpt lat="45.7051049731671810150146484375" lon="126.60792899318039417266845703125">
        <ele>162</ele>
        <time>2026-08-20T11:24:44.000Z</time>
        <extensions>
          <ns3:TrackPointExtension>
            <ns3:hr>179</ns3:hr>
            <ns3:cad>89</ns3:cad>
          </ns3:TrackPointExtension>
        </extensions>
      </trkpt>
      <trkpt lat="45.70513355545699596405029296875" lon="126.6079284064471721649169921875">
        <ele>162</ele>
        <time>2026-08-20T11:24:45.000Z</time>
        <extensions>
          <ns3:TrackPointExtension>
            <ns3:hr>179</ns3:hr>
            <ns3:cad>89</ns3:cad>
          </ns3:TrackPointExtension>
        </extensions>
      </trkpt>
      <trkpt lat="45.70516138337552547454833984375" lon="126.60791943781077861785888671875">
        <ele>161.8000030517578125</ele>
        <time>2026-08-20T11:24:46.000Z</time>
        <extensions>
          <ns3:TrackPointExtension>
            <ns3:hr>179</ns3:hr>
            <ns3:cad>89</ns3:cad>
          </ns3:TrackPointExtension>
        </extensions>
      </trkpt>
      <trkpt lat="45.70519122295081615447998046875" lon="126.607916839420795440673828125">
        <ele>161.8000030517578125</ele>
        <time>2026-08-20T11:24:47.000Z</time>
        <extensions>
          <ns3:TrackPointExtension>
            <ns3:hr>179</ns3:hr>
            <ns3:cad>89</ns3:cad>
          </ns3:TrackPointExtension>
        </extensions>
      </trkpt>
      <trkpt lat="45.7052125968039035797119140625" lon="126.60790418274700641632080078125">
        <ele>161.8000030517578125</ele>
        <time>2026-08-20T11:24:48.000Z</time>
        <extensions>
          <ns3:TrackPointExtension>
            <ns3:hr>179</ns3:hr>
            <ns3:cad>89</ns3:cad>
          </ns3:TrackPointExtension>
        </extensions>
      </trkpt>
      <trkpt lat="45.705243609845638275146484375" lon="126.60790116526186466217041015625">
        <ele>161.8000030517578125</ele>
        <time>2026-08-20T11:24:49.000Z</time>
        <extensions>
          <ns3:TrackPointExtension>
            <ns3:hr>180</ns3:hr>
            <ns3:cad>89</ns3:cad>
          </ns3:TrackPointExtension>
        </extensions>
      </trkpt>
      <trkpt lat="45.7052667438983917236328125" lon="126.6078858263790607452392578125">
        <ele>161.8000030517578125</ele>
        <time>2026-08-20T11:24:50.000Z</time>
        <extensions>
          <ns3:TrackPointExtension>
            <ns3:hr>180</ns3:hr>
            <ns3:cad>88</ns3:cad>
          </ns3:TrackPointExtension>
        </extensions>
      </trkpt>
      <trkpt lat="45.70529851131141185760498046875" lon="126.60788339562714099884033203125">
        <ele>161.8000030517578125</ele>
        <time>2026-08-20T11:24:51.000Z</time>
        <extensions>
          <ns3:TrackPointExtension>
            <ns3:hr>180</ns3:hr>
            <ns3:cad>88</ns3:cad>
          </ns3:TrackPointExtension>
        </extensions>
      </trkpt>
      <trkpt lat="45.70532239973545074462890625" lon="126.60787467844784259796142578125">
        <ele>161.600006103515625</ele>
        <time>2026-08-20T11:24:52.000Z</time>
        <extensions>
          <ns3:TrackPointExtension>
            <ns3:hr>179</ns3:hr>
            <ns3:cad>88</ns3:cad>
          </ns3:TrackPointExtension>
        </extensions>
      </trkpt>
      <trkpt lat="45.70535567589104175567626953125" lon="126.60786998458206653594970703125">
        <ele>161.600006103515625</ele>
        <time>2026-08-20T11:24:53.000Z</time>
        <extensions>
          <ns3:TrackPointExtension>
            <ns3:hr>180</ns3:hr>
            <ns3:cad>88</ns3:cad>
          </ns3:TrackPointExtension>
        </extensions>
      </trkpt>
      <trkpt lat="45.7053812406957149505615234375" lon="126.60786218941211700439453125">
        <ele>161.600006103515625</ele>
        <time>2026-08-20T11:24:54.000Z</time>
        <extensions>
          <ns3:TrackPointExtension>
            <ns3:hr>180</ns3:hr>
            <ns3:cad>88</ns3:cad>
          </ns3:TrackPointExtension>
        </extensions>
      </trkpt>
      <trkpt lat="45.70541401393711566925048828125" lon="126.60785523243248462677001953125">
        <ele>161.600006103515625</ele>
        <time>2026-08-20T11:24:55.000Z</time>
        <extensions>
          <ns3:TrackPointExtension>
            <ns3:hr>180</ns3:hr>
            <ns3:cad>88</ns3:cad>
          </ns3:TrackPointExtension>
        </extensions>
      </trkpt>
      <trkpt lat="45.7054338790476322174072265625" lon="126.6078462637960910797119140625">
        <ele>161.600006103515625</ele>
        <time>2026-08-20T11:24:56.000Z</time>
        <extensions>
          <ns3:TrackPointExtension>
            <ns3:hr>180</ns3:hr>
            <ns3:cad>88</ns3:cad>
          </ns3:TrackPointExtension>
        </extensions>
      </trkpt>
      <trkpt lat="45.70546413771808147430419921875" lon="126.60783411003649234771728515625">
        <ele>161.399993896484375</ele>
        <time>2026-08-20T11:24:57.000Z</time>
        <extensions>
          <ns3:TrackPointExtension>
            <ns3:hr>179</ns3:hr>
            <ns3:cad>88</ns3:cad>
          </ns3:TrackPointExtension>
        </extensions>
      </trkpt>
      <trkpt lat="45.70549137890338897705078125" lon="126.6078308410942554473876953125">
        <ele>161.399993896484375</ele>
        <time>2026-08-20T11:24:58.000Z</time>
        <extensions>
          <ns3:TrackPointExtension>
            <ns3:hr>180</ns3:hr>
            <ns3:cad>88</ns3:cad>
          </ns3:TrackPointExtension>
        </extensions>
      </trkpt>
      <trkpt lat="45.7055220566689968109130859375" lon="126.60781784914433956146240234375">
        <ele>161.399993896484375</ele>
        <time>2026-08-20T11:24:59.000Z</time>
        <extensions>
          <ns3:TrackPointExtension>
            <ns3:hr>180</ns3:hr>
            <ns3:cad>88</ns3:cad>
          </ns3:TrackPointExtension>
        </extensions>
      </trkpt>
      <trkpt lat="45.7055525667965412139892578125" lon="126.6078124009072780609130859375">
        <ele>161.399993896484375</ele>
        <time>2026-08-20T11:25:00.000Z</time>
        <extensions>
          <ns3:TrackPointExtension>
            <ns3:hr>180</ns3:hr>
            <ns3:cad>88</ns3:cad>
          </ns3:TrackPointExtension>
        </extensions>
      </trkpt>
      <trkpt lat="45.70558450184762477874755859375" lon="126.60779974423348903656005859375">
        <ele>161.1999969482421875</ele>
        <time>2026-08-20T11:25:01.000Z</time>
        <extensions>
          <ns3:TrackPointExtension>
            <ns3:hr>180</ns3:hr>
            <ns3:cad>88</ns3:cad>
          </ns3:TrackPointExtension>
        </extensions>
      </trkpt>
      <trkpt lat="45.70561383850872516632080078125" lon="126.60779806785285472869873046875">
        <ele>161.1999969482421875</ele>
        <time>2026-08-20T11:25:02.000Z</time>
        <extensions>
          <ns3:TrackPointExtension>
            <ns3:hr>180</ns3:hr>
            <ns3:cad>88</ns3:cad>
          </ns3:TrackPointExtension>
        </extensions>
      </trkpt>
      <trkpt lat="45.7056437619030475616455078125" lon="126.6077864170074462890625">
        <ele>161.1999969482421875</ele>
        <time>2026-08-20T11:25:03.000Z</time>
        <extensions>
          <ns3:TrackPointExtension>
            <ns3:hr>180</ns3:hr>
            <ns3:cad>89</ns3:cad>
          </ns3:TrackPointExtension>
        </extensions>
      </trkpt>
      <trkpt lat="45.70567335002124309539794921875" lon="126.60779018886387348175048828125">
        <ele>161.1999969482421875</ele>
        <time>2026-08-20T11:25:04.000Z</time>
        <extensions>
          <ns3:TrackPointExtension>
            <ns3:hr>180</ns3:hr>
            <ns3:cad>89</ns3:cad>
          </ns3:TrackPointExtension>
        </extensions>
      </trkpt>
      <trkpt lat="45.705701597034931182861328125" lon="126.60778230987489223480224609375">
        <ele>161.1999969482421875</ele>
        <time>2026-08-20T11:25:05.000Z</time>
        <extensions>
          <ns3:TrackPointExtension>
            <ns3:hr>180</ns3:hr>
            <ns3:cad>89</ns3:cad>
          </ns3:TrackPointExtension>
        </extensions>
      </trkpt>
      <trkpt lat="45.7057302631437778472900390625" lon="126.60779052414000034332275390625">
        <ele>161.1999969482421875</ele>
        <time>2026-08-20T11:25:06.000Z</time>
        <extensions>
          <ns3:TrackPointExtension>
            <ns3:hr>180</ns3:hr>
            <ns3:cad>88</ns3:cad>
          </ns3:TrackPointExtension>
        </extensions>
      </trkpt>
      <trkpt lat="45.70575515739619731903076171875" lon="126.6077849082648754119873046875">
        <ele>161.1999969482421875</ele>
        <time>2026-08-20T11:25:07.000Z</time>
        <extensions>
          <ns3:TrackPointExtension>
            <ns3:hr>180</ns3:hr>
            <ns3:cad>88</ns3:cad>
          </ns3:TrackPointExtension>
        </extensions>
      </trkpt>
      <trkpt lat="45.70578164421021938323974609375" lon="126.6077788732945919036865234375">
        <ele>161.1999969482421875</ele>
        <time>2026-08-20T11:25:08.000Z</time>
        <extensions>
          <ns3:TrackPointExtension>
            <ns3:hr>179</ns3:hr>
            <ns3:cad>89</ns3:cad>
          </ns3:TrackPointExtension>
        </extensions>
      </trkpt>
      <trkpt lat="45.70580595172941684722900390625" lon="126.60776789300143718719482421875">
        <ele>161</ele>
        <time>2026-08-20T11:25:09.000Z</time>
        <extensions>
          <ns3:TrackPointExtension>
            <ns3:hr>180</ns3:hr>
            <ns3:cad>89</ns3:cad>
          </ns3:TrackPointExtension>
        </extensions>
      </trkpt>
      <trkpt lat="45.70583210326731204986572265625" lon="126.60776671953499317169189453125">
        <ele>161</ele>
        <time>2026-08-20T11:25:10.000Z</time>
        <extensions>
          <ns3:TrackPointExtension>
            <ns3:hr>180</ns3:hr>
            <ns3:cad>89</ns3:cad>
          </ns3:TrackPointExtension>
        </extensions>
      </trkpt>
      <trkpt lat="45.70585750043392181396484375" lon="126.60776068456470966339111328125">
        <ele>161</ele>
        <time>2026-08-20T11:25:11.000Z</time>
        <extensions>
          <ns3:TrackPointExtension>
            <ns3:hr>180</ns3:hr>
            <ns3:cad>88</ns3:cad>
          </ns3:TrackPointExtension>
        </extensions>
      </trkpt>
      <trkpt lat="45.705885328352451324462890625" lon="126.60775967873632907867431640625">
        <ele>161</ele>
        <time>2026-08-20T11:25:12.000Z</time>
        <extensions>
          <ns3:TrackPointExtension>
            <ns3:hr>180</ns3:hr>
            <ns3:cad>88</ns3:cad>
          </ns3:TrackPointExtension>
        </extensions>
      </trkpt>
      <trkpt lat="45.70591114461421966552734375" lon="126.6077517159283161163330078125">
        <ele>160.8000030517578125</ele>
        <time>2026-08-20T11:25:13.000Z</time>
        <extensions>
          <ns3:TrackPointExtension>
            <ns3:hr>180</ns3:hr>
            <ns3:cad>88</ns3:cad>
          </ns3:TrackPointExtension>
        </extensions>
      </trkpt>
      <trkpt lat="45.70594425313174724578857421875" lon="126.60774626769125461578369140625">
        <ele>160.8000030517578125</ele>
        <time>2026-08-20T11:25:14.000Z</time>
        <extensions>
          <ns3:TrackPointExtension>
            <ns3:hr>180</ns3:hr>
            <ns3:cad>88</ns3:cad>
          </ns3:TrackPointExtension>
        </extensions>
      </trkpt>
      <trkpt lat="45.7059689797461032867431640625" lon="126.6077413223683834075927734375">
        <ele>160.8000030517578125</ele>
        <time>2026-08-20T11:25:15.000Z</time>
        <extensions>
          <ns3:TrackPointExtension>
            <ns3:hr>180</ns3:hr>
            <ns3:cad>88</ns3:cad>
          </ns3:TrackPointExtension>
        </extensions>
      </trkpt>
      <trkpt lat="45.706002674996852874755859375" lon="126.60773470066487789154052734375">
        <ele>160.8000030517578125</ele>
        <time>2026-08-20T11:25:16.000Z</time>
        <extensions>
          <ns3:TrackPointExtension>
            <ns3:hr>180</ns3:hr>
            <ns3:cad>88</ns3:cad>
          </ns3:TrackPointExtension>
        </extensions>
      </trkpt>
      <trkpt lat="45.7060276530683040618896484375" lon="126.60773302428424358367919921875">
        <ele>160.8000030517578125</ele>
        <time>2026-08-20T11:25:17.000Z</time>
        <extensions>
          <ns3:TrackPointExtension>
            <ns3:hr>180</ns3:hr>
            <ns3:cad>88</ns3:cad>
          </ns3:TrackPointExtension>
        </extensions>
      </trkpt>
      <trkpt lat="45.70606025867164134979248046875" lon="126.607735119760036468505859375">
        <ele>160.8000030517578125</ele>
        <time>2026-08-20T11:25:18.000Z</time>
        <extensions>
          <ns3:TrackPointExtension>
            <ns3:hr>180</ns3:hr>
            <ns3:cad>88</ns3:cad>
          </ns3:TrackPointExtension>
        </extensions>
      </trkpt>
      <trkpt lat="45.70608548820018768310546875" lon="126.60772363655269145965576171875">
        <ele>160.8000030517578125</ele>
        <time>2026-08-20T11:25:19.000Z</time>
        <extensions>
          <ns3:TrackPointExtension>
            <ns3:hr>180</ns3:hr>
            <ns3:cad>88</ns3:cad>
          </ns3:TrackPointExtension>
        </extensions>
      </trkpt>
      <trkpt lat="45.70611658506095409393310546875" lon="126.60771173425018787384033203125">
        <ele>160.8000030517578125</ele>
        <time>2026-08-20T11:25:20.000Z</time>
        <extensions>
          <ns3:TrackPointExtension>
            <ns3:hr>179</ns3:hr>
            <ns3:cad>89</ns3:cad>
          </ns3:TrackPointExtension>
        </extensions>
      </trkpt>
      <trkpt lat="45.70614072494208812713623046875" lon="126.60770921967923641204833984375">
        <ele>160.8000030517578125</ele>
        <time>2026-08-20T11:25:21.000Z</time>
        <extensions>
          <ns3:TrackPointExtension>
            <ns3:hr>179</ns3:hr>
            <ns3:cad>89</ns3:cad>
          </ns3:TrackPointExtension>
        </extensions>
      </trkpt>
      <trkpt lat="45.70617140270769596099853515625" lon="126.60769832320511341094970703125">
        <ele>160.8000030517578125</ele>
        <time>2026-08-20T11:25:22.000Z</time>
        <extensions>
          <ns3:TrackPointExtension>
            <ns3:hr>179</ns3:hr>
            <ns3:cad>89</ns3:cad>
          </ns3:TrackPointExtension>
        </extensions>
      </trkpt>
      <trkpt lat="45.7061962969601154327392578125" lon="126.60769161768257617950439453125">
        <ele>160.8000030517578125</ele>
        <time>2026-08-20T11:25:23.000Z</time>
        <extensions>
          <ns3:TrackPointExtension>
            <ns3:hr>179</ns3:hr>
            <ns3:cad>89</ns3:cad>
          </ns3:TrackPointExtension>
        </extensions>
      </trkpt>
      <trkpt lat="45.70622496306896209716796875" lon="126.60768055357038974761962890625">
        <ele>160.8000030517578125</ele>
        <time>2026-08-20T11:25:24.000Z</time>
        <extensions>
          <ns3:TrackPointExtension>
            <ns3:hr>178</ns3:hr>
            <ns3:cad>89</ns3:cad>
          </ns3:TrackPointExtension>
        </extensions>
      </trkpt>
      <trkpt lat="45.70625354535877704620361328125" lon="126.6076751053333282470703125">
        <ele>160.600006103515625</ele>
        <time>2026-08-20T11:25:25.000Z</time>
        <extensions>
          <ns3:TrackPointExtension>
            <ns3:hr>178</ns3:hr>
            <ns3:cad>89</ns3:cad>
          </ns3:TrackPointExtension>
        </extensions>
      </trkpt>
      <trkpt lat="45.70628271438181400299072265625" lon="126.6076670587062835693359375">
        <ele>160.8000030517578125</ele>
        <time>2026-08-20T11:25:26.000Z</time>
        <extensions>
          <ns3:TrackPointExtension>
            <ns3:hr>178</ns3:hr>
            <ns3:cad>89</ns3:cad>
          </ns3:TrackPointExtension>
        </extensions>
      </trkpt>
      <trkpt lat="45.70631054230034351348876953125" lon="126.6076658852398395538330078125">
        <ele>160.600006103515625</ele>
        <time>2026-08-20T11:25:27.000Z</time>
        <extensions>
          <ns3:TrackPointExtension>
            <ns3:hr>177</ns3:hr>
            <ns3:cad>89</ns3:cad>
          </ns3:TrackPointExtension>
        </extensions>
      </trkpt>
      <trkpt lat="45.70633568800985813140869140625" lon="126.6076568327844142913818359375">
        <ele>160.600006103515625</ele>
        <time>2026-08-20T11:25:28.000Z</time>
        <extensions>
          <ns3:TrackPointExtension>
            <ns3:hr>177</ns3:hr>
            <ns3:cad>88</ns3:cad>
          </ns3:TrackPointExtension>
        </extensions>
      </trkpt>
      <trkpt lat="45.7063635997474193572998046875" lon="126.60765607841312885284423828125">
        <ele>160.600006103515625</ele>
        <time>2026-08-20T11:25:29.000Z</time>
        <extensions>
          <ns3:TrackPointExtension>
            <ns3:hr>177</ns3:hr>
            <ns3:cad>88</ns3:cad>
          </ns3:TrackPointExtension>
        </extensions>
      </trkpt>
      <trkpt lat="45.70639167912304401397705078125" lon="126.60764937289059162139892578125">
        <ele>160.600006103515625</ele>
        <time>2026-08-20T11:25:30.000Z</time>
        <extensions>
          <ns3:TrackPointExtension>
            <ns3:hr>177</ns3:hr>
            <ns3:cad>88</ns3:cad>
          </ns3:TrackPointExtension>
        </extensions>
      </trkpt>
      <trkpt lat="45.7064212672412395477294921875" lon="126.60764937289059162139892578125">
        <ele>160.600006103515625</ele>
        <time>2026-08-20T11:25:31.000Z</time>
        <extensions>
          <ns3:TrackPointExtension>
            <ns3:hr>176</ns3:hr>
            <ns3:cad>88</ns3:cad>
          </ns3:TrackPointExtension>
        </extensions>
      </trkpt>
      <trkpt lat="45.70644364692270755767822265625" lon="126.6076410748064517974853515625">
        <ele>160.600006103515625</ele>
        <time>2026-08-20T11:25:32.000Z</time>
        <extensions>
          <ns3:TrackPointExtension>
            <ns3:hr>176</ns3:hr>
            <ns3:cad>88</ns3:cad>
          </ns3:TrackPointExtension>
        </extensions>
      </trkpt>
      <trkpt lat="45.7064728997647762298583984375" lon="126.607639901340007781982421875">
        <ele>160.600006103515625</ele>
        <time>2026-08-20T11:25:33.000Z</time>
        <extensions>
          <ns3:TrackPointExtension>
            <ns3:hr>176</ns3:hr>
            <ns3:cad>88</ns3:cad>
          </ns3:TrackPointExtension>
        </extensions>
      </trkpt>
      <trkpt lat="45.7064970396459102630615234375" lon="126.60763378255069255828857421875">
        <ele>160.600006103515625</ele>
        <time>2026-08-20T11:25:34.000Z</time>
        <extensions>
          <ns3:TrackPointExtension>
            <ns3:hr>176</ns3:hr>
            <ns3:cad>88</ns3:cad>
          </ns3:TrackPointExtension>
        </extensions>
      </trkpt>
      <trkpt lat="45.706527717411518096923828125" lon="126.6076306812465190887451171875">
        <ele>160.600006103515625</ele>
        <time>2026-08-20T11:25:35.000Z</time>
        <extensions>
          <ns3:TrackPointExtension>
            <ns3:hr>176</ns3:hr>
            <ns3:cad>88</ns3:cad>
          </ns3:TrackPointExtension>
        </extensions>
      </trkpt>
      <trkpt lat="45.70655219256877899169921875" lon="126.60761835984885692596435546875">
        <ele>160.600006103515625</ele>
        <time>2026-08-20T11:25:36.000Z</time>
        <extensions>
          <ns3:TrackPointExtension>
            <ns3:hr>176</ns3:hr>
            <ns3:cad>88</ns3:cad>
          </ns3:TrackPointExtension>
        </extensions>
      </trkpt>
      <trkpt lat="45.70658714510500431060791015625" lon="126.6076134145259857177734375">
        <ele>160.399993896484375</ele>
        <time>2026-08-20T11:25:37.000Z</time>
        <extensions>
          <ns3:TrackPointExtension>
            <ns3:hr>176</ns3:hr>
            <ns3:cad>88</ns3:cad>
          </ns3:TrackPointExtension>
        </extensions>
      </trkpt>
      <trkpt lat="45.7066086865961551666259765625" lon="126.60760997794568538665771484375">
        <ele>160.399993896484375</ele>
        <time>2026-08-20T11:25:38.000Z</time>
        <extensions>
          <ns3:TrackPointExtension>
            <ns3:hr>175</ns3:hr>
            <ns3:cad>88</ns3:cad>
          </ns3:TrackPointExtension>
        </extensions>
      </trkpt>
      <trkpt lat="45.70664548315107822418212890625" lon="126.60760310478508472442626953125">
        <ele>160.399993896484375</ele>
        <time>2026-08-20T11:25:39.000Z</time>
        <extensions>
          <ns3:TrackPointExtension>
            <ns3:hr>175</ns3:hr>
            <ns3:cad>89</ns3:cad>
          </ns3:TrackPointExtension>
        </extensions>
      </trkpt>
      <trkpt lat="45.70666928775608539581298828125" lon="126.60759857855737209320068359375">
        <ele>160.399993896484375</ele>
        <time>2026-08-20T11:25:40.000Z</time>
        <extensions>
          <ns3:TrackPointExtension>
            <ns3:hr>175</ns3:hr>
            <ns3:cad>89</ns3:cad>
          </ns3:TrackPointExtension>
        </extensions>
      </trkpt>
      <trkpt lat="45.70669979788362979888916015625" lon="126.6075917892158031463623046875">
        <ele>160.399993896484375</ele>
        <time>2026-08-20T11:25:41.000Z</time>
        <extensions>
          <ns3:TrackPointExtension>
            <ns3:hr>176</ns3:hr>
            <ns3:cad>89</ns3:cad>
          </ns3:TrackPointExtension>
        </extensions>
      </trkpt>
      <trkpt lat="45.70672519505023956298828125" lon="126.6075884364545345306396484375">
        <ele>160.399993896484375</ele>
        <time>2026-08-20T11:25:42.000Z</time>
        <extensions>
          <ns3:TrackPointExtension>
            <ns3:hr>176</ns3:hr>
            <ns3:cad>88</ns3:cad>
          </ns3:TrackPointExtension>
        </extensions>
      </trkpt>
      <trkpt lat="45.70675193332135677337646484375" lon="126.6075820662081241607666015625">
        <ele>160.1999969482421875</ele>
        <time>2026-08-20T11:25:43.000Z</time>
        <extensions>
          <ns3:TrackPointExtension>
            <ns3:hr>176</ns3:hr>
            <ns3:cad>88</ns3:cad>
          </ns3:TrackPointExtension>
        </extensions>
      </trkpt>
      <trkpt lat="45.7067790068686008453369140625" lon="126.60758382640779018402099609375">
        <ele>160.1999969482421875</ele>
        <time>2026-08-20T11:25:44.000Z</time>
        <extensions>
          <ns3:TrackPointExtension>
            <ns3:hr>175</ns3:hr>
            <ns3:cad>88</ns3:cad>
          </ns3:TrackPointExtension>
        </extensions>
      </trkpt>
      <trkpt lat="45.7068091817200183868408203125" lon="126.6075785458087921142578125">
        <ele>160.1999969482421875</ele>
        <time>2026-08-20T11:25:45.000Z</time>
        <extensions>
          <ns3:TrackPointExtension>
            <ns3:hr>176</ns3:hr>
            <ns3:cad>88</ns3:cad>
          </ns3:TrackPointExtension>
        </extensions>
      </trkpt>
      <trkpt lat="45.706837177276611328125" lon="126.607582569122314453125">
        <ele>160.1999969482421875</ele>
        <time>2026-08-20T11:25:46.000Z</time>
        <extensions>
          <ns3:TrackPointExtension>
            <ns3:hr>176</ns3:hr>
            <ns3:cad>88</ns3:cad>
          </ns3:TrackPointExtension>
        </extensions>
      </trkpt>
      <trkpt lat="45.706864334642887115478515625" lon="126.60757544450461864471435546875">
        <ele>160.1999969482421875</ele>
        <time>2026-08-20T11:25:47.000Z</time>
        <extensions>
          <ns3:TrackPointExtension>
            <ns3:hr>175</ns3:hr>
            <ns3:cad>88</ns3:cad>
          </ns3:TrackPointExtension>
        </extensions>
      </trkpt>
      <trkpt lat="45.70689626969397068023681640625" lon="126.60757519304752349853515625">
        <ele>160.1999969482421875</ele>
        <time>2026-08-20T11:25:48.000Z</time>
        <extensions>
          <ns3:TrackPointExtension>
            <ns3:hr>175</ns3:hr>
            <ns3:cad>88</ns3:cad>
          </ns3:TrackPointExtension>
        </extensions>
      </trkpt>
      <trkpt lat="45.7069211639463901519775390625" lon="126.60756404511630535125732421875">
        <ele>160.1999969482421875</ele>
        <time>2026-08-20T11:25:49.000Z</time>
        <extensions>
          <ns3:TrackPointExtension>
            <ns3:hr>175</ns3:hr>
            <ns3:cad>88</ns3:cad>
          </ns3:TrackPointExtension>
        </extensions>
      </trkpt>
      <trkpt lat="45.706954188644886016845703125" lon="126.60756002180278301239013671875">
        <ele>160.1999969482421875</ele>
        <time>2026-08-20T11:25:50.000Z</time>
        <extensions>
          <ns3:TrackPointExtension>
            <ns3:hr>175</ns3:hr>
            <ns3:cad>88</ns3:cad>
          </ns3:TrackPointExtension>
        </extensions>
      </trkpt>
      <trkpt lat="45.706980340182781219482421875" lon="126.60755063407123088836669921875">
        <ele>160.1999969482421875</ele>
        <time>2026-08-20T11:25:51.000Z</time>
        <extensions>
          <ns3:TrackPointExtension>
            <ns3:hr>175</ns3:hr>
            <ns3:cad>88</ns3:cad>
          </ns3:TrackPointExtension>
        </extensions>
      </trkpt>
      <trkpt lat="45.707008838653564453125" lon="126.6075445152819156646728515625">
        <ele>160</ele>
        <time>2026-08-20T11:25:52.000Z</time>
        <extensions>
          <ns3:TrackPointExtension>
            <ns3:hr>175</ns3:hr>
            <ns3:cad>88</ns3:cad>
          </ns3:TrackPointExtension>
        </extensions>
      </trkpt>
      <trkpt lat="45.70703356526792049407958984375" lon="126.6075357981026172637939453125">
        <ele>160</ele>
        <time>2026-08-20T11:25:53.000Z</time>
        <extensions>
          <ns3:TrackPointExtension>
            <ns3:hr>174</ns3:hr>
            <ns3:cad>88</ns3:cad>
          </ns3:TrackPointExtension>
        </extensions>
      </trkpt>
      <trkpt lat="45.7070656679570674896240234375" lon="126.60753068514168262481689453125">
        <ele>160</ele>
        <time>2026-08-20T11:25:54.000Z</time>
        <extensions>
          <ns3:TrackPointExtension>
            <ns3:hr>175</ns3:hr>
            <ns3:cad>88</ns3:cad>
          </ns3:TrackPointExtension>
        </extensions>
      </trkpt>
      <trkpt lat="45.70709039457142353057861328125" lon="126.6075267456471920013427734375">
        <ele>160</ele>
        <time>2026-08-20T11:25:55.000Z</time>
        <extensions>
          <ns3:TrackPointExtension>
            <ns3:hr>175</ns3:hr>
            <ns3:cad>88</ns3:cad>
          </ns3:TrackPointExtension>
        </extensions>
      </trkpt>
      <trkpt lat="45.7071213237941265106201171875" lon="126.6075183637440204620361328125">
        <ele>160</ele>
        <time>2026-08-20T11:25:56.000Z</time>
        <extensions>
          <ns3:TrackPointExtension>
            <ns3:hr>175</ns3:hr>
            <ns3:cad>88</ns3:cad>
          </ns3:TrackPointExtension>
        </extensions>
      </trkpt>
      <trkpt lat="45.70714487694203853607177734375" lon="126.60751677118241786956787109375">
        <ele>160</ele>
        <time>2026-08-20T11:25:57.000Z</time>
        <extensions>
          <ns3:TrackPointExtension>
            <ns3:hr>175</ns3:hr>
            <ns3:cad>88</ns3:cad>
          </ns3:TrackPointExtension>
        </extensions>
      </trkpt>
      <trkpt lat="45.707177482545375823974609375" lon="126.6075109876692295074462890625">
        <ele>160</ele>
        <time>2026-08-20T11:25:58.000Z</time>
        <extensions>
          <ns3:TrackPointExtension>
            <ns3:hr>176</ns3:hr>
            <ns3:cad>88</ns3:cad>
          </ns3:TrackPointExtension>
        </extensions>
      </trkpt>
      <trkpt lat="45.70720153860747814178466796875" lon="126.6075062938034534454345703125">
        <ele>160</ele>
        <time>2026-08-20T11:25:59.000Z</time>
        <extensions>
          <ns3:TrackPointExtension>
            <ns3:hr>176</ns3:hr>
            <ns3:cad>88</ns3:cad>
          </ns3:TrackPointExtension>
        </extensions>
      </trkpt>
      <trkpt lat="45.707231797277927398681640625" lon="126.6074992530047893524169921875">
        <ele>160</ele>
        <time>2026-08-20T11:26:00.000Z</time>
        <extensions>
          <ns3:TrackPointExtension>
            <ns3:hr>176</ns3:hr>
            <ns3:cad>88</ns3:cad>
          </ns3:TrackPointExtension>
        </extensions>
      </trkpt>
      <trkpt lat="45.7072584517300128936767578125" lon="126.60749330185353755950927734375">
        <ele>160</ele>
        <time>2026-08-20T11:26:01.000Z</time>
        <extensions>
          <ns3:TrackPointExtension>
            <ns3:hr>175</ns3:hr>
            <ns3:cad>88</ns3:cad>
          </ns3:TrackPointExtension>
        </extensions>
      </trkpt>
      <trkpt lat="45.70728602819144725799560546875" lon="126.607482321560382843017578125">
        <ele>160</ele>
        <time>2026-08-20T11:26:02.000Z</time>
        <extensions>
          <ns3:TrackPointExtension>
            <ns3:hr>176</ns3:hr>
            <ns3:cad>88</ns3:cad>
          </ns3:TrackPointExtension>
        </extensions>
      </trkpt>
      <trkpt lat="45.70731502957642078399658203125" lon="126.60747704096138477325439453125">
        <ele>160</ele>
        <time>2026-08-20T11:26:03.000Z</time>
        <extensions>
          <ns3:TrackPointExtension>
            <ns3:hr>176</ns3:hr>
            <ns3:cad>88</ns3:cad>
          </ns3:TrackPointExtension>
        </extensions>
      </trkpt>
      <trkpt lat="45.707343779504299163818359375" lon="126.6074647195637226104736328125">
        <ele>160</ele>
        <time>2026-08-20T11:26:04.000Z</time>
        <extensions>
          <ns3:TrackPointExtension>
            <ns3:hr>175</ns3:hr>
            <ns3:cad>88</ns3:cad>
          </ns3:TrackPointExtension>
        </extensions>
      </trkpt>
      <trkpt lat="45.70737219415605068206787109375" lon="126.6074645519256591796875">
        <ele>160</ele>
        <time>2026-08-20T11:26:05.000Z</time>
        <extensions>
          <ns3:TrackPointExtension>
            <ns3:hr>175</ns3:hr>
            <ns3:cad>88</ns3:cad>
          </ns3:TrackPointExtension>
        </extensions>
      </trkpt>
      <trkpt lat="45.70739985443651676177978515625" lon="126.607456505298614501953125">
        <ele>160</ele>
        <time>2026-08-20T11:26:06.000Z</time>
        <extensions>
          <ns3:TrackPointExtension>
            <ns3:hr>175</ns3:hr>
            <ns3:cad>88</ns3:cad>
          </ns3:TrackPointExtension>
        </extensions>
      </trkpt>
      <trkpt lat="45.707428269088268280029296875" lon="126.6074499674141407012939453125">
        <ele>159.8000030517578125</ele>
        <time>2026-08-20T11:26:07.000Z</time>
        <extensions>
          <ns3:TrackPointExtension>
            <ns3:hr>175</ns3:hr>
            <ns3:cad>89</ns3:cad>
          </ns3:TrackPointExtension>
        </extensions>
      </trkpt>
      <trkpt lat="45.7074554264545440673828125" lon="126.60743949003517627716064453125">
        <ele>159.8000030517578125</ele>
        <time>2026-08-20T11:26:08.000Z</time>
        <extensions>
          <ns3:TrackPointExtension>
            <ns3:hr>175</ns3:hr>
            <ns3:cad>88</ns3:cad>
          </ns3:TrackPointExtension>
        </extensions>
      </trkpt>
      <trkpt lat="45.7074844278395175933837890625" lon="126.60743194632232189178466796875">
        <ele>159.8000030517578125</ele>
        <time>2026-08-20T11:26:09.000Z</time>
        <extensions>
          <ns3:TrackPointExtension>
            <ns3:hr>174</ns3:hr>
            <ns3:cad>88</ns3:cad>
          </ns3:TrackPointExtension>
        </extensions>
      </trkpt>
      <trkpt lat="45.7075075618922710418701171875" lon="126.607423983514308929443359375">
        <ele>159.8000030517578125</ele>
        <time>2026-08-20T11:26:10.000Z</time>
        <extensions>
          <ns3:TrackPointExtension>
            <ns3:hr>174</ns3:hr>
            <ns3:cad>88</ns3:cad>
          </ns3:TrackPointExtension>
        </extensions>
      </trkpt>
      <trkpt lat="45.7075385749340057373046875" lon="126.60741501487791538238525390625">
        <ele>159.8000030517578125</ele>
        <time>2026-08-20T11:26:11.000Z</time>
        <extensions>
          <ns3:TrackPointExtension>
            <ns3:hr>174</ns3:hr>
            <ns3:cad>89</ns3:cad>
          </ns3:TrackPointExtension>
        </extensions>
      </trkpt>
      <trkpt lat="45.7075595296919345855712890625" lon="126.60739908926188945770263671875">
        <ele>159.8000030517578125</ele>
        <time>2026-08-20T11:26:12.000Z</time>
        <extensions>
          <ns3:TrackPointExtension>
            <ns3:hr>174</ns3:hr>
            <ns3:cad>89</ns3:cad>
          </ns3:TrackPointExtension>
        </extensions>
      </trkpt>
      <trkpt lat="45.70759347639977931976318359375" lon="126.60738819278776645660400390625">
        <ele>159.8000030517578125</ele>
        <time>2026-08-20T11:26:13.000Z</time>
        <extensions>
          <ns3:TrackPointExtension>
            <ns3:hr>174</ns3:hr>
            <ns3:cad>89</ns3:cad>
          </ns3:TrackPointExtension>
        </extensions>
      </trkpt>
      <trkpt lat="45.7076163589954376220703125" lon="126.60738450475037097930908203125">
        <ele>159.8000030517578125</ele>
        <time>2026-08-20T11:26:14.000Z</time>
        <extensions>
          <ns3:TrackPointExtension>
            <ns3:hr>175</ns3:hr>
            <ns3:cad>88</ns3:cad>
          </ns3:TrackPointExtension>
        </extensions>
      </trkpt>
      <trkpt lat="45.70765214972198009490966796875" lon="126.60737360827624797821044921875">
        <ele>159.8000030517578125</ele>
        <time>2026-08-20T11:26:15.000Z</time>
        <extensions>
          <ns3:TrackPointExtension>
            <ns3:hr>174</ns3:hr>
            <ns3:cad>88</ns3:cad>
          </ns3:TrackPointExtension>
        </extensions>
      </trkpt>
      <trkpt lat="45.7076762057840824127197265625" lon="126.60737394355237483978271484375">
        <ele>159.8000030517578125</ele>
        <time>2026-08-20T11:26:16.000Z</time>
        <extensions>
          <ns3:TrackPointExtension>
            <ns3:hr>175</ns3:hr>
            <ns3:cad>88</ns3:cad>
          </ns3:TrackPointExtension>
        </extensions>
      </trkpt>
      <trkpt lat="45.707713924348354339599609375" lon="126.6073644720017910003662109375">
        <ele>159.8000030517578125</ele>
        <time>2026-08-20T11:26:17.000Z</time>
        <extensions>
          <ns3:TrackPointExtension>
            <ns3:hr>175</ns3:hr>
            <ns3:cad>89</ns3:cad>
          </ns3:TrackPointExtension>
        </extensions>
      </trkpt>
      <trkpt lat="45.707735382020473480224609375" lon="126.60736120305955410003662109375">
        <ele>159.8000030517578125</ele>
        <time>2026-08-20T11:26:18.000Z</time>
        <extensions>
          <ns3:TrackPointExtension>
            <ns3:hr>175</ns3:hr>
            <ns3:cad>89</ns3:cad>
          </ns3:TrackPointExtension>
        </extensions>
      </trkpt>
      <trkpt lat="45.707773603498935699462890625" lon="126.60735097713768482208251953125">
        <ele>159.8000030517578125</ele>
        <time>2026-08-20T11:26:19.000Z</time>
        <extensions>
          <ns3:TrackPointExtension>
            <ns3:hr>174</ns3:hr>
            <ns3:cad>89</ns3:cad>
          </ns3:TrackPointExtension>
        </extensions>
      </trkpt>
      <trkpt lat="45.7077979110181331634521484375" lon="126.6073560900986194610595703125">
        <ele>159.600006103515625</ele>
        <time>2026-08-20T11:26:20.000Z</time>
        <extensions>
          <ns3:TrackPointExtension>
            <ns3:hr>175</ns3:hr>
            <ns3:cad>89</ns3:cad>
          </ns3:TrackPointExtension>
        </extensions>
      </trkpt>
      <trkpt lat="45.70783873088657855987548828125" lon="126.6073346324265003204345703125">
        <ele>159.600006103515625</ele>
        <time>2026-08-20T11:26:21.000Z</time>
        <extensions>
          <ns3:TrackPointExtension>
            <ns3:hr>175</ns3:hr>
            <ns3:cad>89</ns3:cad>
          </ns3:TrackPointExtension>
        </extensions>
      </trkpt>
      <trkpt lat="45.7078632898628711700439453125" lon="126.60732700489461421966552734375">
        <ele>159.600006103515625</ele>
        <time>2026-08-20T11:26:22.000Z</time>
        <extensions>
          <ns3:TrackPointExtension>
            <ns3:hr>175</ns3:hr>
            <ns3:cad>89</ns3:cad>
          </ns3:TrackPointExtension>
        </extensions>
      </trkpt>
      <trkpt lat="45.70789505727589130401611328125" lon="126.6073188744485378265380859375">
        <ele>159.600006103515625</ele>
        <time>2026-08-20T11:26:23.000Z</time>
        <extensions>
          <ns3:TrackPointExtension>
            <ns3:hr>174</ns3:hr>
            <ns3:cad>88</ns3:cad>
          </ns3:TrackPointExtension>
        </extensions>
      </trkpt>
      <trkpt lat="45.7079216279089450836181640625" lon="126.60731979645788669586181640625">
        <ele>159.600006103515625</ele>
        <time>2026-08-20T11:26:24.000Z</time>
        <extensions>
          <ns3:TrackPointExtension>
            <ns3:hr>175</ns3:hr>
            <ns3:cad>88</ns3:cad>
          </ns3:TrackPointExtension>
        </extensions>
      </trkpt>
      <trkpt lat="45.70795205421745777130126953125" lon="126.60731610842049121856689453125">
        <ele>159.8000030517578125</ele>
        <time>2026-08-20T11:26:25.000Z</time>
        <extensions>
          <ns3:TrackPointExtension>
            <ns3:hr>175</ns3:hr>
            <ns3:cad>88</ns3:cad>
          </ns3:TrackPointExtension>
        </extensions>
      </trkpt>
      <trkpt lat="45.70797803811728954315185546875" lon="126.607317365705966949462890625">
        <ele>159.8000030517578125</ele>
        <time>2026-08-20T11:26:26.000Z</time>
        <extensions>
          <ns3:TrackPointExtension>
            <ns3:hr>175</ns3:hr>
            <ns3:cad>88</ns3:cad>
          </ns3:TrackPointExtension>
        </extensions>
      </trkpt>
      <trkpt lat="45.70800469256937503814697265625" lon="126.6073118336498737335205078125">
        <ele>159.8000030517578125</ele>
        <time>2026-08-20T11:26:27.000Z</time>
        <extensions>
          <ns3:TrackPointExtension>
            <ns3:hr>175</ns3:hr>
            <ns3:cad>88</ns3:cad>
          </ns3:TrackPointExtension>
        </extensions>
      </trkpt>
      <trkpt lat="45.70803679525852203369140625" lon="126.60731258802115917205810546875">
        <ele>159.8000030517578125</ele>
        <time>2026-08-20T11:26:28.000Z</time>
        <extensions>
          <ns3:TrackPointExtension>
            <ns3:hr>175</ns3:hr>
            <ns3:cad>88</ns3:cad>
          </ns3:TrackPointExtension>
        </extensions>
      </trkpt>
      <trkpt lat="45.70806168951094150543212890625" lon="126.60730286501348018646240234375">
        <ele>159.8000030517578125</ele>
        <time>2026-08-20T11:26:29.000Z</time>
        <extensions>
          <ns3:TrackPointExtension>
            <ns3:hr>175</ns3:hr>
            <ns3:cad>88</ns3:cad>
          </ns3:TrackPointExtension>
        </extensions>
      </trkpt>
      <trkpt lat="45.70809823460876941680908203125" lon="126.60729825496673583984375">
        <ele>159.8000030517578125</ele>
        <time>2026-08-20T11:26:30.000Z</time>
        <extensions>
          <ns3:TrackPointExtension>
            <ns3:hr>175</ns3:hr>
            <ns3:cad>88</ns3:cad>
          </ns3:TrackPointExtension>
        </extensions>
      </trkpt>
      <trkpt lat="45.708118267357349395751953125" lon="126.60728375427424907684326171875">
        <ele>159.600006103515625</ele>
        <time>2026-08-20T11:26:31.000Z</time>
        <extensions>
          <ns3:TrackPointExtension>
            <ns3:hr>175</ns3:hr>
            <ns3:cad>88</ns3:cad>
          </ns3:TrackPointExtension>
        </extensions>
      </trkpt>
      <trkpt lat="45.708151794970035552978515625" lon="126.607273109257221221923828125">
        <ele>159.600006103515625</ele>
        <time>2026-08-20T11:26:32.000Z</time>
        <extensions>
          <ns3:TrackPointExtension>
            <ns3:hr>175</ns3:hr>
            <ns3:cad>88</ns3:cad>
          </ns3:TrackPointExtension>
        </extensions>
      </trkpt>
      <trkpt lat="45.708170570433139801025390625" lon="126.60726631991565227508544921875">
        <ele>159.600006103515625</ele>
        <time>2026-08-20T11:26:33.000Z</time>
        <extensions>
          <ns3:TrackPointExtension>
            <ns3:hr>175</ns3:hr>
            <ns3:cad>87</ns3:cad>
          </ns3:TrackPointExtension>
        </extensions>
      </trkpt>
      <trkpt lat="45.70820443332195281982421875" lon="126.60726162604987621307373046875">
        <ele>159.600006103515625</ele>
        <time>2026-08-20T11:26:34.000Z</time>
        <extensions>
          <ns3:TrackPointExtension>
            <ns3:hr>175</ns3:hr>
            <ns3:cad>87</ns3:cad>
          </ns3:TrackPointExtension>
        </extensions>
      </trkpt>
      <trkpt lat="45.70822530426084995269775390625" lon="126.60726271569728851318359375">
        <ele>159.600006103515625</ele>
        <time>2026-08-20T11:26:35.000Z</time>
        <extensions>
          <ns3:TrackPointExtension>
            <ns3:hr>175</ns3:hr>
            <ns3:cad>87</ns3:cad>
          </ns3:TrackPointExtension>
        </extensions>
      </trkpt>
      <trkpt lat="45.70826017297804355621337890625" lon="126.60725827328860759735107421875">
        <ele>159.600006103515625</ele>
        <time>2026-08-20T11:26:36.000Z</time>
        <extensions>
          <ns3:TrackPointExtension>
            <ns3:hr>175</ns3:hr>
            <ns3:cad>88</ns3:cad>
          </ns3:TrackPointExtension>
        </extensions>
      </trkpt>
      <trkpt lat="45.70828112773597240447998046875" lon="126.60726095549762248992919921875">
        <ele>159.399993896484375</ele>
        <time>2026-08-20T11:26:37.000Z</time>
        <extensions>
          <ns3:TrackPointExtension>
            <ns3:hr>175</ns3:hr>
            <ns3:cad>88</ns3:cad>
          </ns3:TrackPointExtension>
        </extensions>
      </trkpt>
      <trkpt lat="45.7083142362534999847412109375" lon="126.60725827328860759735107421875">
        <ele>159.399993896484375</ele>
        <time>2026-08-20T11:26:38.000Z</time>
        <extensions>
          <ns3:TrackPointExtension>
            <ns3:hr>175</ns3:hr>
            <ns3:cad>88</ns3:cad>
          </ns3:TrackPointExtension>
        </extensions>
      </trkpt>
      <trkpt lat="45.708338879048824310302734375" lon="126.60725844092667102813720703125">
        <ele>159.399993896484375</ele>
        <time>2026-08-20T11:26:39.000Z</time>
        <extensions>
          <ns3:TrackPointExtension>
            <ns3:hr>175</ns3:hr>
            <ns3:cad>88</ns3:cad>
          </ns3:TrackPointExtension>
        </extensions>
      </trkpt>
      <trkpt lat="45.7083725742995738983154296875" lon="126.60724796354770660400390625">
        <ele>159.399993896484375</ele>
        <time>2026-08-20T11:26:40.000Z</time>
        <extensions>
          <ns3:TrackPointExtension>
            <ns3:hr>175</ns3:hr>
            <ns3:cad>88</ns3:cad>
          </ns3:TrackPointExtension>
        </extensions>
      </trkpt>
      <trkpt lat="45.7084034197032451629638671875" lon="126.60724461078643798828125">
        <ele>159.399993896484375</ele>
        <time>2026-08-20T11:26:41.000Z</time>
        <extensions>
          <ns3:TrackPointExtension>
            <ns3:hr>175</ns3:hr>
            <ns3:cad>88</ns3:cad>
          </ns3:TrackPointExtension>
        </extensions>
      </trkpt>
      <trkpt lat="45.7084335945546627044677734375" lon="126.6072325408458709716796875">
        <ele>159.399993896484375</ele>
        <time>2026-08-20T11:26:42.000Z</time>
        <extensions>
          <ns3:TrackPointExtension>
            <ns3:hr>176</ns3:hr>
            <ns3:cad>88</ns3:cad>
          </ns3:TrackPointExtension>
        </extensions>
      </trkpt>
      <trkpt lat="45.7084634341299533843994140625" lon="126.6072256676852703094482421875">
        <ele>159.1999969482421875</ele>
        <time>2026-08-20T11:26:43.000Z</time>
        <extensions>
          <ns3:TrackPointExtension>
            <ns3:hr>175</ns3:hr>
            <ns3:cad>88</ns3:cad>
          </ns3:TrackPointExtension>
        </extensions>
      </trkpt>
      <trkpt lat="45.70849277079105377197265625" lon="126.60721183754503726959228515625">
        <ele>159.1999969482421875</ele>
        <time>2026-08-20T11:26:44.000Z</time>
        <extensions>
          <ns3:TrackPointExtension>
            <ns3:hr>175</ns3:hr>
            <ns3:cad>88</ns3:cad>
          </ns3:TrackPointExtension>
        </extensions>
      </trkpt>
      <trkpt lat="45.70853107608854770660400390625" lon="126.607202701270580291748046875">
        <ele>159.1999969482421875</ele>
        <time>2026-08-20T11:26:45.000Z</time>
        <extensions>
          <ns3:TrackPointExtension>
            <ns3:hr>175</ns3:hr>
            <ns3:cad>87</ns3:cad>
          </ns3:TrackPointExtension>
        </extensions>
      </trkpt>
      <trkpt lat="45.7085576467216014862060546875" lon="126.6071881167590618133544921875">
        <ele>159.1999969482421875</ele>
        <time>2026-08-20T11:26:46.000Z</time>
        <extensions>
          <ns3:TrackPointExtension>
            <ns3:hr>175</ns3:hr>
            <ns3:cad>88</ns3:cad>
          </ns3:TrackPointExtension>
        </extensions>
      </trkpt>
      <trkpt lat="45.70859913714230060577392578125" lon="126.607179902493953704833984375">
        <ele>159.1999969482421875</ele>
        <time>2026-08-20T11:26:47.000Z</time>
        <extensions>
          <ns3:TrackPointExtension>
            <ns3:hr>175</ns3:hr>
            <ns3:cad>88</ns3:cad>
          </ns3:TrackPointExtension>
        </extensions>
      </trkpt>
      <trkpt lat="45.708624534308910369873046875" lon="126.60716615617275238037109375">
        <ele>159.1999969482421875</ele>
        <time>2026-08-20T11:26:48.000Z</time>
        <extensions>
          <ns3:TrackPointExtension>
            <ns3:hr>176</ns3:hr>
            <ns3:cad>87</ns3:cad>
          </ns3:TrackPointExtension>
        </extensions>
      </trkpt>
      <trkpt lat="45.70866300724446773529052734375" lon="126.6071639768779277801513671875">
        <ele>159.1999969482421875</ele>
        <time>2026-08-20T11:26:49.000Z</time>
        <extensions>
          <ns3:TrackPointExtension>
            <ns3:hr>175</ns3:hr>
            <ns3:cad>87</ns3:cad>
          </ns3:TrackPointExtension>
        </extensions>
      </trkpt>
      <trkpt lat="45.70868647657334804534912109375" lon="126.60715148784220218658447265625">
        <ele>159.1999969482421875</ele>
        <time>2026-08-20T11:26:50.000Z</time>
        <extensions>
          <ns3:TrackPointExtension>
            <ns3:hr>175</ns3:hr>
            <ns3:cad>87</ns3:cad>
          </ns3:TrackPointExtension>
        </extensions>
      </trkpt>
      <trkpt lat="45.70872612297534942626953125" lon="126.6071498952805995941162109375">
        <ele>159.1999969482421875</ele>
        <time>2026-08-20T11:26:51.000Z</time>
        <extensions>
          <ns3:TrackPointExtension>
            <ns3:hr>176</ns3:hr>
            <ns3:cad>87</ns3:cad>
          </ns3:TrackPointExtension>
        </extensions>
      </trkpt>
      <trkpt lat="45.7087480835616588592529296875" lon="126.60714847035706043243408203125">
        <ele>159.1999969482421875</ele>
        <time>2026-08-20T11:26:52.000Z</time>
        <extensions>
          <ns3:TrackPointExtension>
            <ns3:hr>176</ns3:hr>
            <ns3:cad>87</ns3:cad>
          </ns3:TrackPointExtension>
        </extensions>
      </trkpt>
      <trkpt lat="45.70878488011658191680908203125" lon="126.6071425192058086395263671875">
        <ele>159.1999969482421875</ele>
        <time>2026-08-20T11:26:53.000Z</time>
        <extensions>
          <ns3:TrackPointExtension>
            <ns3:hr>176</ns3:hr>
            <ns3:cad>87</ns3:cad>
          </ns3:TrackPointExtension>
        </extensions>
      </trkpt>
      <trkpt lat="45.70880834944546222686767578125" lon="126.60713086836040019989013671875">
        <ele>159.1999969482421875</ele>
        <time>2026-08-20T11:26:54.000Z</time>
        <extensions>
          <ns3:TrackPointExtension>
            <ns3:hr>176</ns3:hr>
            <ns3:cad>88</ns3:cad>
          </ns3:TrackPointExtension>
        </extensions>
      </trkpt>
      <trkpt lat="45.70883718319237232208251953125" lon="126.60712248645722866058349609375">
        <ele>159</ele>
        <time>2026-08-20T11:26:55.000Z</time>
        <extensions>
          <ns3:TrackPointExtension>
            <ns3:hr>176</ns3:hr>
            <ns3:cad>88</ns3:cad>
          </ns3:TrackPointExtension>
        </extensions>
      </trkpt>
      <trkpt lat="45.7088620774447917938232421875" lon="126.60712064243853092193603515625">
        <ele>158.8000030517578125</ele>
        <time>2026-08-20T11:26:56.000Z</time>
        <extensions>
          <ns3:TrackPointExtension>
            <ns3:hr>176</ns3:hr>
            <ns3:cad>88</ns3:cad>
          </ns3:TrackPointExtension>
        </extensions>
      </trkpt>
      <trkpt lat="45.70888881571590900421142578125" lon="126.60711226053535938262939453125">
        <ele>158.8000030517578125</ele>
        <time>2026-08-20T11:26:57.000Z</time>
        <extensions>
          <ns3:TrackPointExtension>
            <ns3:hr>177</ns3:hr>
            <ns3:cad>88</ns3:cad>
          </ns3:TrackPointExtension>
        </extensions>
      </trkpt>
      <trkpt lat="45.7089190743863582611083984375" lon="126.6071103326976299285888671875">
        <ele>158.600006103515625</ele>
        <time>2026-08-20T11:26:58.000Z</time>
        <extensions>
          <ns3:TrackPointExtension>
            <ns3:hr>177</ns3:hr>
            <ns3:cad>89</ns3:cad>
          </ns3:TrackPointExtension>
        </extensions>
      </trkpt>
      <trkpt lat="45.708942376077175140380859375" lon="126.60710119642317295074462890625">
        <ele>158.600006103515625</ele>
        <time>2026-08-20T11:26:59.000Z</time>
        <extensions>
          <ns3:TrackPointExtension>
            <ns3:hr>177</ns3:hr>
            <ns3:cad>89</ns3:cad>
          </ns3:TrackPointExtension>
        </extensions>
      </trkpt>
      <trkpt lat="45.70897531695663928985595703125" lon="126.60709767602384090423583984375">
        <ele>158.600006103515625</ele>
        <time>2026-08-20T11:27:00.000Z</time>
        <extensions>
          <ns3:TrackPointExtension>
            <ns3:hr>177</ns3:hr>
            <ns3:cad>87</ns3:cad>
          </ns3:TrackPointExtension>
        </extensions>
      </trkpt>
      <trkpt lat="45.7089955173432826995849609375" lon="126.60708728246390819549560546875">
        <ele>158.399993896484375</ele>
        <time>2026-08-20T11:27:01.000Z</time>
        <extensions>
          <ns3:TrackPointExtension>
            <ns3:hr>176</ns3:hr>
            <ns3:cad>87</ns3:cad>
          </ns3:TrackPointExtension>
        </extensions>
      </trkpt>
      <trkpt lat="45.70902929641306400299072265625" lon="126.607086695730686187744140625">
        <ele>158.399993896484375</ele>
        <time>2026-08-20T11:27:02.000Z</time>
        <extensions>
          <ns3:TrackPointExtension>
            <ns3:hr>177</ns3:hr>
            <ns3:cad>87</ns3:cad>
          </ns3:TrackPointExtension>
        </extensions>
      </trkpt>
      <trkpt lat="45.709048323333263397216796875" lon="126.6070841811597347259521484375">
        <ele>158.399993896484375</ele>
        <time>2026-08-20T11:27:03.000Z</time>
        <extensions>
          <ns3:TrackPointExtension>
            <ns3:hr>177</ns3:hr>
            <ns3:cad>87</ns3:cad>
          </ns3:TrackPointExtension>
        </extensions>
      </trkpt>
      <trkpt lat="45.7090826891362667083740234375" lon="126.6070841811597347259521484375">
        <ele>158.399993896484375</ele>
        <time>2026-08-20T11:27:04.000Z</time>
        <extensions>
          <ns3:TrackPointExtension>
            <ns3:hr>176</ns3:hr>
            <ns3:cad>87</ns3:cad>
          </ns3:TrackPointExtension>
        </extensions>
      </trkpt>
      <trkpt lat="45.7091009616851806640625" lon="126.607080996036529541015625">
        <ele>158.399993896484375</ele>
        <time>2026-08-20T11:27:05.000Z</time>
        <extensions>
          <ns3:TrackPointExtension>
            <ns3:hr>176</ns3:hr>
            <ns3:cad>87</ns3:cad>
          </ns3:TrackPointExtension>
        </extensions>
      </trkpt>
      <trkpt lat="45.70913524366915225982666015625" lon="126.6070764698088169097900390625">
        <ele>158.399993896484375</ele>
        <time>2026-08-20T11:27:06.000Z</time>
        <extensions>
          <ns3:TrackPointExtension>
            <ns3:hr>176</ns3:hr>
            <ns3:cad>87</ns3:cad>
          </ns3:TrackPointExtension>
        </extensions>
      </trkpt>
      <trkpt lat="45.70915804244577884674072265625" lon="126.60707437433302402496337890625">
        <ele>158.399993896484375</ele>
        <time>2026-08-20T11:27:07.000Z</time>
        <extensions>
          <ns3:TrackPointExtension>
            <ns3:hr>176</ns3:hr>
            <ns3:cad>87</ns3:cad>
          </ns3:TrackPointExtension>
        </extensions>
      </trkpt>
      <trkpt lat="45.70918855257332324981689453125" lon="126.6070617176592350006103515625">
        <ele>158.399993896484375</ele>
        <time>2026-08-20T11:27:08.000Z</time>
        <extensions>
          <ns3:TrackPointExtension>
            <ns3:hr>176</ns3:hr>
            <ns3:cad>86</ns3:cad>
          </ns3:TrackPointExtension>
        </extensions>
      </trkpt>
      <trkpt lat="45.70921570993959903717041015625" lon="126.60705643706023693084716796875">
        <ele>158.399993896484375</ele>
        <time>2026-08-20T11:27:09.000Z</time>
        <extensions>
          <ns3:TrackPointExtension>
            <ns3:hr>176</ns3:hr>
            <ns3:cad>86</ns3:cad>
          </ns3:TrackPointExtension>
        </extensions>
      </trkpt>
      <trkpt lat="45.70924353785812854766845703125" lon="126.6070462949573993682861328125">
        <ele>158.399993896484375</ele>
        <time>2026-08-20T11:27:10.000Z</time>
        <extensions>
          <ns3:TrackPointExtension>
            <ns3:hr>176</ns3:hr>
            <ns3:cad>87</ns3:cad>
          </ns3:TrackPointExtension>
        </extensions>
      </trkpt>
      <trkpt lat="45.7092739641666412353515625" lon="126.60704218782484531402587890625">
        <ele>158.399993896484375</ele>
        <time>2026-08-20T11:27:11.000Z</time>
        <extensions>
          <ns3:TrackPointExtension>
            <ns3:hr>176</ns3:hr>
            <ns3:cad>87</ns3:cad>
          </ns3:TrackPointExtension>
        </extensions>
      </trkpt>
      <trkpt lat="45.7092976011335849761962890625" lon="126.60702626220881938934326171875">
        <ele>158.399993896484375</ele>
        <time>2026-08-20T11:27:12.000Z</time>
        <extensions>
          <ns3:TrackPointExtension>
            <ns3:hr>177</ns3:hr>
            <ns3:cad>87</ns3:cad>
          </ns3:TrackPointExtension>
        </extensions>
      </trkpt>
      <trkpt lat="45.70933104492723941802978515625" lon="126.60702307708561420440673828125">
        <ele>158.399993896484375</ele>
        <time>2026-08-20T11:27:13.000Z</time>
        <extensions>
          <ns3:TrackPointExtension>
            <ns3:hr>178</ns3:hr>
            <ns3:cad>87</ns3:cad>
          </ns3:TrackPointExtension>
        </extensions>
      </trkpt>
      <trkpt lat="45.709356777369976043701171875" lon="126.6070152819156646728515625">
        <ele>158.399993896484375</ele>
        <time>2026-08-20T11:27:14.000Z</time>
        <extensions>
          <ns3:TrackPointExtension>
            <ns3:hr>179</ns3:hr>
            <ns3:cad>88</ns3:cad>
          </ns3:TrackPointExtension>
        </extensions>
      </trkpt>
      <trkpt lat="45.70938938297331333160400390625" lon="126.607014276087284088134765625">
        <ele>158.600006103515625</ele>
        <time>2026-08-20T11:27:15.000Z</time>
        <extensions>
          <ns3:TrackPointExtension>
            <ns3:hr>179</ns3:hr>
            <ns3:cad>88</ns3:cad>
          </ns3:TrackPointExtension>
        </extensions>
      </trkpt>
      <trkpt lat="45.70941436104476451873779296875" lon="126.6069960035383701324462890625">
        <ele>158.600006103515625</ele>
        <time>2026-08-20T11:27:16.000Z</time>
        <extensions>
          <ns3:TrackPointExtension>
            <ns3:hr>180</ns3:hr>
            <ns3:cad>89</ns3:cad>
          </ns3:TrackPointExtension>
        </extensions>
      </trkpt>
      <trkpt lat="45.7094471342861652374267578125" lon="126.6069886274635791778564453125">
        <ele>158.600006103515625</ele>
        <time>2026-08-20T11:27:17.000Z</time>
        <extensions>
          <ns3:TrackPointExtension>
            <ns3:hr>180</ns3:hr>
            <ns3:cad>89</ns3:cad>
          </ns3:TrackPointExtension>
        </extensions>
      </trkpt>
      <trkpt lat="45.70946850813925266265869140625" lon="126.60697194747626781463623046875">
        <ele>158.600006103515625</ele>
        <time>2026-08-20T11:27:18.000Z</time>
        <extensions>
          <ns3:TrackPointExtension>
            <ns3:hr>180</ns3:hr>
            <ns3:cad>88</ns3:cad>
          </ns3:TrackPointExtension>
        </extensions>
      </trkpt>
      <trkpt lat="45.70950186811387538909912109375" lon="126.60696440376341342926025390625">
        <ele>158.600006103515625</ele>
        <time>2026-08-20T11:27:19.000Z</time>
        <extensions>
          <ns3:TrackPointExtension>
            <ns3:hr>181</ns3:hr>
            <ns3:cad>88</ns3:cad>
          </ns3:TrackPointExtension>
        </extensions>
      </trkpt>
      <trkpt lat="45.70952382870018482208251953125" lon="126.60696364939212799072265625">
        <ele>158.600006103515625</ele>
        <time>2026-08-20T11:27:20.000Z</time>
        <extensions>
          <ns3:TrackPointExtension>
            <ns3:hr>181</ns3:hr>
            <ns3:cad>88</ns3:cad>
          </ns3:TrackPointExtension>
        </extensions>
      </trkpt>
      <trkpt lat="45.7095577754080295562744140625" lon="126.606957949697971343994140625">
        <ele>158.600006103515625</ele>
        <time>2026-08-20T11:27:21.000Z</time>
        <extensions>
          <ns3:TrackPointExtension>
            <ns3:hr>182</ns3:hr>
            <ns3:cad>88</ns3:cad>
          </ns3:TrackPointExtension>
        </extensions>
      </trkpt>
      <trkpt lat="45.7095829211175441741943359375" lon="126.6069547645747661590576171875">
        <ele>158.600006103515625</ele>
        <time>2026-08-20T11:27:22.000Z</time>
        <extensions>
          <ns3:TrackPointExtension>
            <ns3:hr>183</ns3:hr>
            <ns3:cad>88</ns3:cad>
          </ns3:TrackPointExtension>
        </extensions>
      </trkpt>
      <trkpt lat="45.70961452089250087738037109375" lon="126.60694562830030918121337890625">
        <ele>158.600006103515625</ele>
        <time>2026-08-20T11:27:23.000Z</time>
        <extensions>
          <ns3:TrackPointExtension>
            <ns3:hr>183</ns3:hr>
            <ns3:cad>87</ns3:cad>
          </ns3:TrackPointExtension>
        </extensions>
      </trkpt>
      <trkpt lat="45.70964301936328411102294921875" lon="126.60694562830030918121337890625">
        <ele>158.600006103515625</ele>
        <time>2026-08-20T11:27:24.000Z</time>
        <extensions>
          <ns3:TrackPointExtension>
            <ns3:hr>182</ns3:hr>
            <ns3:cad>87</ns3:cad>
          </ns3:TrackPointExtension>
        </extensions>
      </trkpt>
      <trkpt lat="45.709668584167957305908203125" lon="126.60694043152034282684326171875">
        <ele>158.600006103515625</ele>
        <time>2026-08-20T11:27:25.000Z</time>
        <extensions>
          <ns3:TrackPointExtension>
            <ns3:hr>182</ns3:hr>
            <ns3:cad>87</ns3:cad>
          </ns3:TrackPointExtension>
        </extensions>
      </trkpt>
      <trkpt lat="45.70969641208648681640625" lon="126.606949232518672943115234375">
        <ele>158.600006103515625</ele>
        <time>2026-08-20T11:27:26.000Z</time>
        <extensions>
          <ns3:TrackPointExtension>
            <ns3:hr>182</ns3:hr>
            <ns3:cad>87</ns3:cad>
          </ns3:TrackPointExtension>
        </extensions>
      </trkpt>
      <trkpt lat="45.70971879176795482635498046875" lon="126.6069480590522289276123046875">
        <ele>158.600006103515625</ele>
        <time>2026-08-20T11:27:27.000Z</time>
        <extensions>
          <ns3:TrackPointExtension>
            <ns3:hr>183</ns3:hr>
            <ns3:cad>87</ns3:cad>
          </ns3:TrackPointExtension>
        </extensions>
      </trkpt>
      <trkpt lat="45.70974779315292835235595703125" lon="126.606961973011493682861328125">
        <ele>158.600006103515625</ele>
        <time>2026-08-20T11:27:28.000Z</time>
        <extensions>
          <ns3:TrackPointExtension>
            <ns3:hr>182</ns3:hr>
            <ns3:cad>86</ns3:cad>
          </ns3:TrackPointExtension>
        </extensions>
      </trkpt>
      <trkpt lat="45.70977059192955493927001953125" lon="126.606968678534030914306640625">
        <ele>158.399993896484375</ele>
        <time>2026-08-20T11:27:29.000Z</time>
        <extensions>
          <ns3:TrackPointExtension>
            <ns3:hr>182</ns3:hr>
            <ns3:cad>86</ns3:cad>
          </ns3:TrackPointExtension>
        </extensions>
      </trkpt>
      <trkpt lat="45.70979976095259189605712890625" lon="126.60699239932000637054443359375">
        <ele>158.399993896484375</ele>
        <time>2026-08-20T11:27:30.000Z</time>
        <extensions>
          <ns3:TrackPointExtension>
            <ns3:hr>182</ns3:hr>
            <ns3:cad>86</ns3:cad>
          </ns3:TrackPointExtension>
        </extensions>
      </trkpt>
      <trkpt lat="45.709822475910186767578125" lon="126.6070027090609073638916015625">
        <ele>158.1999969482421875</ele>
        <time>2026-08-20T11:27:31.000Z</time>
        <extensions>
          <ns3:TrackPointExtension>
            <ns3:hr>182</ns3:hr>
            <ns3:cad>87</ns3:cad>
          </ns3:TrackPointExtension>
        </extensions>
      </trkpt>
      <trkpt lat="45.70985122583806514739990234375" lon="126.60703179426491260528564453125">
        <ele>158</ele>
        <time>2026-08-20T11:27:32.000Z</time>
        <extensions>
          <ns3:TrackPointExtension>
            <ns3:hr>182</ns3:hr>
            <ns3:cad>87</ns3:cad>
          </ns3:TrackPointExtension>
        </extensions>
      </trkpt>
      <trkpt lat="45.7098712585866451263427734375" lon="126.6070563532412052154541015625">
        <ele>158</ele>
        <time>2026-08-20T11:27:33.000Z</time>
        <extensions>
          <ns3:TrackPointExtension>
            <ns3:hr>182</ns3:hr>
            <ns3:cad>88</ns3:cad>
          </ns3:TrackPointExtension>
        </extensions>
      </trkpt>
      <trkpt lat="45.70989154279232025146484375" lon="126.60709382034838199615478515625">
        <ele>158</ele>
        <time>2026-08-20T11:27:34.000Z</time>
        <extensions>
          <ns3:TrackPointExtension>
            <ns3:hr>181</ns3:hr>
            <ns3:cad>88</ns3:cad>
          </ns3:TrackPointExtension>
        </extensions>
      </trkpt>
      <trkpt lat="45.70990101434290409088134765625" lon="126.607130281627178192138671875">
        <ele>158</ele>
        <time>2026-08-20T11:27:35.000Z</time>
        <extensions>
          <ns3:TrackPointExtension>
            <ns3:hr>181</ns3:hr>
            <ns3:cad>88</ns3:cad>
          </ns3:TrackPointExtension>
        </extensions>
      </trkpt>
      <trkpt lat="45.7099098153412342071533203125" lon="126.60717126913368701934814453125">
        <ele>158</ele>
        <time>2026-08-20T11:27:36.000Z</time>
        <extensions>
          <ns3:TrackPointExtension>
            <ns3:hr>181</ns3:hr>
            <ns3:cad>88</ns3:cad>
          </ns3:TrackPointExtension>
        </extensions>
      </trkpt>
      <trkpt lat="45.7099138386547565460205078125" lon="126.60721334628760814666748046875">
        <ele>158</ele>
        <time>2026-08-20T11:27:37.000Z</time>
        <extensions>
          <ns3:TrackPointExtension>
            <ns3:hr>181</ns3:hr>
            <ns3:cad>88</ns3:cad>
          </ns3:TrackPointExtension>
        </extensions>
      </trkpt>
      <trkpt lat="45.7099203765392303466796875" lon="126.607251651585102081298828125">
        <ele>158</ele>
        <time>2026-08-20T11:27:38.000Z</time>
        <extensions>
          <ns3:TrackPointExtension>
            <ns3:hr>181</ns3:hr>
            <ns3:cad>88</ns3:cad>
          </ns3:TrackPointExtension>
        </extensions>
      </trkpt>
      <trkpt lat="45.70992263965308666229248046875" lon="126.6072927229106426239013671875">
        <ele>158</ele>
        <time>2026-08-20T11:27:39.000Z</time>
        <extensions>
          <ns3:TrackPointExtension>
            <ns3:hr>180</ns3:hr>
            <ns3:cad>88</ns3:cad>
          </ns3:TrackPointExtension>
        </extensions>
      </trkpt>
      <trkpt lat="45.70992766879498958587646484375" lon="126.60732583142817020416259765625">
        <ele>158</ele>
        <time>2026-08-20T11:27:40.000Z</time>
        <extensions>
          <ns3:TrackPointExtension>
            <ns3:hr>180</ns3:hr>
            <ns3:cad>87</ns3:cad>
          </ns3:TrackPointExtension>
        </extensions>
      </trkpt>
      <trkpt lat="45.70992884226143360137939453125" lon="126.60736941732466220855712890625">
        <ele>158</ele>
        <time>2026-08-20T11:27:41.000Z</time>
        <extensions>
          <ns3:TrackPointExtension>
            <ns3:hr>180</ns3:hr>
            <ns3:cad>87</ns3:cad>
          </ns3:TrackPointExtension>
        </extensions>
      </trkpt>
      <trkpt lat="45.709937475621700286865234375" lon="126.607402861118316650390625">
        <ele>158</ele>
        <time>2026-08-20T11:27:42.000Z</time>
        <extensions>
          <ns3:TrackPointExtension>
            <ns3:hr>180</ns3:hr>
            <ns3:cad>87</ns3:cad>
          </ns3:TrackPointExtension>
        </extensions>
      </trkpt>
      <trkpt lat="45.7099396549165248870849609375" lon="126.6074425913393497467041015625">
        <ele>158</ele>
        <time>2026-08-20T11:27:43.000Z</time>
        <extensions>
          <ns3:TrackPointExtension>
            <ns3:hr>180</ns3:hr>
            <ns3:cad>87</ns3:cad>
          </ns3:TrackPointExtension>
        </extensions>
      </trkpt>
      <trkpt lat="45.7099480368196964263916015625" lon="126.6074653901159763336181640625">
        <ele>158</ele>
        <time>2026-08-20T11:27:44.000Z</time>
        <extensions>
          <ns3:TrackPointExtension>
            <ns3:hr>180</ns3:hr>
            <ns3:cad>87</ns3:cad>
          </ns3:TrackPointExtension>
        </extensions>
      </trkpt>
      <trkpt lat="45.70995046757161617279052734375" lon="126.60751082003116607666015625">
        <ele>158</ele>
        <time>2026-08-20T11:27:45.000Z</time>
        <extensions>
          <ns3:TrackPointExtension>
            <ns3:hr>180</ns3:hr>
            <ns3:cad>87</ns3:cad>
          </ns3:TrackPointExtension>
        </extensions>
      </trkpt>
      <trkpt lat="45.70995432324707508087158203125" lon="126.60754275508224964141845703125">
        <ele>158</ele>
        <time>2026-08-20T11:27:46.000Z</time>
        <extensions>
          <ns3:TrackPointExtension>
            <ns3:hr>179</ns3:hr>
            <ns3:cad>87</ns3:cad>
          </ns3:TrackPointExtension>
        </extensions>
      </trkpt>
      <trkpt lat="45.70996086113154888153076171875" lon="126.607593633234500885009765625">
        <ele>157.8000030517578125</ele>
        <time>2026-08-20T11:27:47.000Z</time>
        <extensions>
          <ns3:TrackPointExtension>
            <ns3:hr>179</ns3:hr>
            <ns3:cad>87</ns3:cad>
          </ns3:TrackPointExtension>
        </extensions>
      </trkpt>
      <trkpt lat="45.70996706373989582061767578125" lon="126.60762791521847248077392578125">
        <ele>157.8000030517578125</ele>
        <time>2026-08-20T11:27:48.000Z</time>
        <extensions>
          <ns3:TrackPointExtension>
            <ns3:hr>178</ns3:hr>
            <ns3:cad>87</ns3:cad>
          </ns3:TrackPointExtension>
        </extensions>
      </trkpt>
      <trkpt lat="45.7099755294620990753173828125" lon="126.60766529850661754608154296875">
        <ele>157.8000030517578125</ele>
        <time>2026-08-20T11:27:49.000Z</time>
        <extensions>
          <ns3:TrackPointExtension>
            <ns3:hr>178</ns3:hr>
            <ns3:cad>87</ns3:cad>
          </ns3:TrackPointExtension>
        </extensions>
      </trkpt>
      <trkpt lat="45.70998433046042919158935546875" lon="126.60770050249993801116943359375">
        <ele>157.8000030517578125</ele>
        <time>2026-08-20T11:27:50.000Z</time>
        <extensions>
          <ns3:TrackPointExtension>
            <ns3:hr>178</ns3:hr>
            <ns3:cad>87</ns3:cad>
          </ns3:TrackPointExtension>
        </extensions>
      </trkpt>
      <trkpt lat="45.7099909521639347076416015625" lon="126.60773838870227336883544921875">
        <ele>157.8000030517578125</ele>
        <time>2026-08-20T11:27:51.000Z</time>
        <extensions>
          <ns3:TrackPointExtension>
            <ns3:hr>178</ns3:hr>
            <ns3:cad>87</ns3:cad>
          </ns3:TrackPointExtension>
        </extensions>
      </trkpt>
      <trkpt lat="45.70999355055391788482666015625" lon="126.607778035104274749755859375">
        <ele>157.8000030517578125</ele>
        <time>2026-08-20T11:27:52.000Z</time>
        <extensions>
          <ns3:TrackPointExtension>
            <ns3:hr>178</ns3:hr>
            <ns3:cad>88</ns3:cad>
          </ns3:TrackPointExtension>
        </extensions>
      </trkpt>
      <trkpt lat="45.7099983282387256622314453125" lon="126.60781382583081722259521484375">
        <ele>157.8000030517578125</ele>
        <time>2026-08-20T11:27:53.000Z</time>
        <extensions>
          <ns3:TrackPointExtension>
            <ns3:hr>178</ns3:hr>
            <ns3:cad>88</ns3:cad>
          </ns3:TrackPointExtension>
        </extensions>
      </trkpt>
      <trkpt lat="45.709997825324535369873046875" lon="126.607857160270214080810546875">
        <ele>157.600006103515625</ele>
        <time>2026-08-20T11:27:54.000Z</time>
        <extensions>
          <ns3:TrackPointExtension>
            <ns3:hr>178</ns3:hr>
            <ns3:cad>88</ns3:cad>
          </ns3:TrackPointExtension>
        </extensions>
      </trkpt>
      <trkpt lat="45.71000478230416774749755859375" lon="126.607891023159027099609375">
        <ele>157.600006103515625</ele>
        <time>2026-08-20T11:27:55.000Z</time>
        <extensions>
          <ns3:TrackPointExtension>
            <ns3:hr>177</ns3:hr>
            <ns3:cad>88</ns3:cad>
          </ns3:TrackPointExtension>
        </extensions>
      </trkpt>
      <trkpt lat="45.71000478230416774749755859375" lon="126.607938967645168304443359375">
        <ele>157.600006103515625</ele>
        <time>2026-08-20T11:27:56.000Z</time>
        <extensions>
          <ns3:TrackPointExtension>
            <ns3:hr>177</ns3:hr>
            <ns3:cad>88</ns3:cad>
          </ns3:TrackPointExtension>
        </extensions>
      </trkpt>
      <trkpt lat="45.710011906921863555908203125" lon="126.60797207616269588470458984375">
        <ele>157.600006103515625</ele>
        <time>2026-08-20T11:27:57.000Z</time>
        <extensions>
          <ns3:TrackPointExtension>
            <ns3:hr>177</ns3:hr>
            <ns3:cad>88</ns3:cad>
          </ns3:TrackPointExtension>
        </extensions>
      </trkpt>
      <trkpt lat="45.71001701988279819488525390625" lon="126.608020104467868804931640625">
        <ele>157.600006103515625</ele>
        <time>2026-08-20T11:27:58.000Z</time>
        <extensions>
          <ns3:TrackPointExtension>
            <ns3:hr>177</ns3:hr>
            <ns3:cad>88</ns3:cad>
          </ns3:TrackPointExtension>
        </extensions>
      </trkpt>
      <trkpt lat="45.710021965205669403076171875" lon="126.60805354826152324676513671875">
        <ele>157.600006103515625</ele>
        <time>2026-08-20T11:27:59.000Z</time>
        <extensions>
          <ns3:TrackPointExtension>
            <ns3:hr>177</ns3:hr>
            <ns3:cad>88</ns3:cad>
          </ns3:TrackPointExtension>
        </extensions>
      </trkpt>
      <trkpt lat="45.7100278325378894805908203125" lon="126.608100235462188720703125">
        <ele>157.8000030517578125</ele>
        <time>2026-08-20T11:28:00.000Z</time>
        <extensions>
          <ns3:TrackPointExtension>
            <ns3:hr>177</ns3:hr>
            <ns3:cad>87</ns3:cad>
          </ns3:TrackPointExtension>
        </extensions>
      </trkpt>
      <trkpt lat="45.71003965102136135101318359375" lon="126.60813133232295513153076171875">
        <ele>157.8000030517578125</ele>
        <time>2026-08-20T11:28:01.000Z</time>
        <extensions>
          <ns3:TrackPointExtension>
            <ns3:hr>176</ns3:hr>
            <ns3:cad>88</ns3:cad>
          </ns3:TrackPointExtension>
        </extensions>
      </trkpt>
      <trkpt lat="45.71004820056259632110595703125" lon="126.60817466676235198974609375">
        <ele>157.600006103515625</ele>
        <time>2026-08-20T11:28:02.000Z</time>
        <extensions>
          <ns3:TrackPointExtension>
            <ns3:hr>177</ns3:hr>
            <ns3:cad>88</ns3:cad>
          </ns3:TrackPointExtension>
        </extensions>
      </trkpt>
      <trkpt lat="45.71005088277161121368408203125" lon="126.60820685327053070068359375">
        <ele>157.600006103515625</ele>
        <time>2026-08-20T11:28:03.000Z</time>
        <extensions>
          <ns3:TrackPointExtension>
            <ns3:hr>177</ns3:hr>
            <ns3:cad>87</ns3:cad>
          </ns3:TrackPointExtension>
        </extensions>
      </trkpt>
      <trkpt lat="45.71005457080900669097900390625" lon="126.60824976861476898193359375">
        <ele>157.600006103515625</ele>
        <time>2026-08-20T11:28:04.000Z</time>
        <extensions>
          <ns3:TrackPointExtension>
            <ns3:hr>177</ns3:hr>
            <ns3:cad>87</ns3:cad>
          </ns3:TrackPointExtension>
        </extensions>
      </trkpt>
      <trkpt lat="45.71006127633154392242431640625" lon="126.60828622989356517791748046875">
        <ele>157.600006103515625</ele>
        <time>2026-08-20T11:28:05.000Z</time>
        <extensions>
          <ns3:TrackPointExtension>
            <ns3:hr>177</ns3:hr>
            <ns3:cad>87</ns3:cad>
          </ns3:TrackPointExtension>
        </extensions>
      </trkpt>
      <trkpt lat="45.71006580255925655364990234375" lon="126.60832461901009082794189453125">
        <ele>157.600006103515625</ele>
        <time>2026-08-20T11:28:06.000Z</time>
        <extensions>
          <ns3:TrackPointExtension>
            <ns3:hr>177</ns3:hr>
            <ns3:cad>87</ns3:cad>
          </ns3:TrackPointExtension>
        </extensions>
      </trkpt>
      <trkpt lat="45.71007200516760349273681640625" lon="126.60836384631693363189697265625">
        <ele>157.399993896484375</ele>
        <time>2026-08-20T11:28:07.000Z</time>
        <extensions>
          <ns3:TrackPointExtension>
            <ns3:hr>177</ns3:hr>
            <ns3:cad>87</ns3:cad>
          </ns3:TrackPointExtension>
        </extensions>
      </trkpt>
      <trkpt lat="45.71007736958563327789306640625" lon="126.60839988850057125091552734375">
        <ele>157.399993896484375</ele>
        <time>2026-08-20T11:28:08.000Z</time>
        <extensions>
          <ns3:TrackPointExtension>
            <ns3:hr>177</ns3:hr>
            <ns3:cad>87</ns3:cad>
          </ns3:TrackPointExtension>
        </extensions>
      </trkpt>
      <trkpt lat="45.71008105762302875518798828125" lon="126.60844163037836551666259765625">
        <ele>157.399993896484375</ele>
        <time>2026-08-20T11:28:09.000Z</time>
        <extensions>
          <ns3:TrackPointExtension>
            <ns3:hr>177</ns3:hr>
            <ns3:cad>88</ns3:cad>
          </ns3:TrackPointExtension>
        </extensions>
      </trkpt>
      <trkpt lat="45.71008508093655109405517578125" lon="126.6084785945713520050048828125">
        <ele>157.600006103515625</ele>
        <time>2026-08-20T11:28:10.000Z</time>
        <extensions>
          <ns3:TrackPointExtension>
            <ns3:hr>177</ns3:hr>
            <ns3:cad>89</ns3:cad>
          </ns3:TrackPointExtension>
        </extensions>
      </trkpt>
      <trkpt lat="45.710083656013011932373046875" lon="126.608523689210414886474609375">
        <ele>157.600006103515625</ele>
        <time>2026-08-20T11:28:11.000Z</time>
        <extensions>
          <ns3:TrackPointExtension>
            <ns3:hr>178</ns3:hr>
            <ns3:cad>89</ns3:cad>
          </ns3:TrackPointExtension>
        </extensions>
      </trkpt>
      <trkpt lat="45.7100866734981536865234375" lon="126.60855763591825962066650390625">
        <ele>157.600006103515625</ele>
        <time>2026-08-20T11:28:12.000Z</time>
        <extensions>
          <ns3:TrackPointExtension>
            <ns3:hr>178</ns3:hr>
            <ns3:cad>89</ns3:cad>
          </ns3:TrackPointExtension>
        </extensions>
      </trkpt>
      <trkpt lat="45.710092373192310333251953125" lon="126.6086004674434661865234375">
        <ele>157.600006103515625</ele>
        <time>2026-08-20T11:28:13.000Z</time>
        <extensions>
          <ns3:TrackPointExtension>
            <ns3:hr>178</ns3:hr>
            <ns3:cad>89</ns3:cad>
          </ns3:TrackPointExtension>
        </extensions>
      </trkpt>
      <trkpt lat="45.71010335348546504974365234375" lon="126.60862586461007595062255859375">
        <ele>157.600006103515625</ele>
        <time>2026-08-20T11:28:14.000Z</time>
        <extensions>
          <ns3:TrackPointExtension>
            <ns3:hr>179</ns3:hr>
            <ns3:cad>88</ns3:cad>
          </ns3:TrackPointExtension>
        </extensions>
      </trkpt>
      <trkpt lat="45.71010184474289417266845703125" lon="126.6086733900010585784912109375">
        <ele>157.600006103515625</ele>
        <time>2026-08-20T11:28:15.000Z</time>
        <extensions>
          <ns3:TrackPointExtension>
            <ns3:hr>179</ns3:hr>
            <ns3:cad>88</ns3:cad>
          </ns3:TrackPointExtension>
        </extensions>
      </trkpt>
      <trkpt lat="45.71010519750416278839111328125" lon="126.6087025590240955352783203125">
        <ele>157.600006103515625</ele>
        <time>2026-08-20T11:28:16.000Z</time>
        <extensions>
          <ns3:TrackPointExtension>
            <ns3:hr>179</ns3:hr>
            <ns3:cad>88</ns3:cad>
          </ns3:TrackPointExtension>
        </extensions>
      </trkpt>
      <trkpt lat="45.7101062871515750885009765625" lon="126.608743965625762939453125">
        <ele>157.600006103515625</ele>
        <time>2026-08-20T11:28:17.000Z</time>
        <extensions>
          <ns3:TrackPointExtension>
            <ns3:hr>178</ns3:hr>
            <ns3:cad>87</ns3:cad>
          </ns3:TrackPointExtension>
        </extensions>
      </trkpt>
      <trkpt lat="45.710106790065765380859375" lon="126.608779840171337127685546875">
        <ele>157.399993896484375</ele>
        <time>2026-08-20T11:28:18.000Z</time>
        <extensions>
          <ns3:TrackPointExtension>
            <ns3:hr>179</ns3:hr>
            <ns3:cad>87</ns3:cad>
          </ns3:TrackPointExtension>
        </extensions>
      </trkpt>
      <trkpt lat="45.710109136998653411865234375" lon="126.60882644355297088623046875">
        <ele>157.399993896484375</ele>
        <time>2026-08-20T11:28:19.000Z</time>
        <extensions>
          <ns3:TrackPointExtension>
            <ns3:hr>179</ns3:hr>
            <ns3:cad>87</ns3:cad>
          </ns3:TrackPointExtension>
        </extensions>
      </trkpt>
      <trkpt lat="45.71011190302670001983642578125" lon="126.60886273719370365142822265625">
        <ele>157.399993896484375</ele>
        <time>2026-08-20T11:28:20.000Z</time>
        <extensions>
          <ns3:TrackPointExtension>
            <ns3:hr>179</ns3:hr>
            <ns3:cad>87</ns3:cad>
          </ns3:TrackPointExtension>
        </extensions>
      </trkpt>
      <trkpt lat="45.71011550724506378173828125" lon="126.6089013777673244476318359375">
        <ele>157.399993896484375</ele>
        <time>2026-08-20T11:28:21.000Z</time>
        <extensions>
          <ns3:TrackPointExtension>
            <ns3:hr>179</ns3:hr>
            <ns3:cad>87</ns3:cad>
          </ns3:TrackPointExtension>
        </extensions>
      </trkpt>
      <trkpt lat="45.710115842521190643310546875" lon="126.60894311964511871337890625">
        <ele>157.399993896484375</ele>
        <time>2026-08-20T11:28:22.000Z</time>
        <extensions>
          <ns3:TrackPointExtension>
            <ns3:hr>179</ns3:hr>
            <ns3:cad>87</ns3:cad>
          </ns3:TrackPointExtension>
        </extensions>
      </trkpt>
      <trkpt lat="45.71011860854923725128173828125" lon="126.60897991620004177093505859375">
        <ele>157.399993896484375</ele>
        <time>2026-08-20T11:28:23.000Z</time>
        <extensions>
          <ns3:TrackPointExtension>
            <ns3:hr>180</ns3:hr>
            <ns3:cad>87</ns3:cad>
          </ns3:TrackPointExtension>
        </extensions>
      </trkpt>
      <trkpt lat="45.710117518901824951171875" lon="126.6090261004865169525146484375">
        <ele>157.399993896484375</ele>
        <time>2026-08-20T11:28:24.000Z</time>
        <extensions>
          <ns3:TrackPointExtension>
            <ns3:hr>180</ns3:hr>
            <ns3:cad>87</ns3:cad>
          </ns3:TrackPointExtension>
        </extensions>
      </trkpt>
      <trkpt lat="45.71011877618730068206787109375" lon="126.60905920900404453277587890625">
        <ele>157.399993896484375</ele>
        <time>2026-08-20T11:28:25.000Z</time>
        <extensions>
          <ns3:TrackPointExtension>
            <ns3:hr>180</ns3:hr>
            <ns3:cad>87</ns3:cad>
          </ns3:TrackPointExtension>
        </extensions>
      </trkpt>
      <trkpt lat="45.7101183570921421051025390625" lon="126.60910396836698055267333984375">
        <ele>157.1999969482421875</ele>
        <time>2026-08-20T11:28:26.000Z</time>
        <extensions>
          <ns3:TrackPointExtension>
            <ns3:hr>180</ns3:hr>
            <ns3:cad>87</ns3:cad>
          </ns3:TrackPointExtension>
        </extensions>
      </trkpt>
      <trkpt lat="45.710123218595981597900390625" lon="126.60913162864744663238525390625">
        <ele>157.1999969482421875</ele>
        <time>2026-08-20T11:28:27.000Z</time>
        <extensions>
          <ns3:TrackPointExtension>
            <ns3:hr>179</ns3:hr>
            <ns3:cad>88</ns3:cad>
          </ns3:TrackPointExtension>
        </extensions>
      </trkpt>
      <trkpt lat="45.71012816391885280609130859375" lon="126.60917823202908039093017578125">
        <ele>157.1999969482421875</ele>
        <time>2026-08-20T11:28:28.000Z</time>
        <extensions>
          <ns3:TrackPointExtension>
            <ns3:hr>180</ns3:hr>
            <ns3:cad>88</ns3:cad>
          </ns3:TrackPointExtension>
        </extensions>
      </trkpt>
      <trkpt lat="45.7101357914507389068603515625" lon="126.60920388065278530120849609375">
        <ele>157.1999969482421875</ele>
        <time>2026-08-20T11:28:29.000Z</time>
        <extensions>
          <ns3:TrackPointExtension>
            <ns3:hr>180</ns3:hr>
            <ns3:cad>88</ns3:cad>
          </ns3:TrackPointExtension>
        </extensions>
      </trkpt>
      <trkpt lat="45.710137300193309783935546875" lon="126.60924864001572132110595703125">
        <ele>157.1999969482421875</ele>
        <time>2026-08-20T11:28:30.000Z</time>
        <extensions>
          <ns3:TrackPointExtension>
            <ns3:hr>180</ns3:hr>
            <ns3:cad>88</ns3:cad>
          </ns3:TrackPointExtension>
        </extensions>
      </trkpt>
      <trkpt lat="45.7101421616971492767333984375" lon="126.609279401600360870361328125">
        <ele>157.1999969482421875</ele>
        <time>2026-08-20T11:28:31.000Z</time>
        <extensions>
          <ns3:TrackPointExtension>
            <ns3:hr>180</ns3:hr>
            <ns3:cad>88</ns3:cad>
          </ns3:TrackPointExtension>
        </extensions>
      </trkpt>
      <trkpt lat="45.7101431675255298614501953125" lon="126.6093275137245655059814453125">
        <ele>157.1999969482421875</ele>
        <time>2026-08-20T11:28:32.000Z</time>
        <extensions>
          <ns3:TrackPointExtension>
            <ns3:hr>180</ns3:hr>
            <ns3:cad>87</ns3:cad>
          </ns3:TrackPointExtension>
        </extensions>
      </trkpt>
      <trkpt lat="45.71014073677361011505126953125" lon="126.6093627177178859710693359375">
        <ele>157.1999969482421875</ele>
        <time>2026-08-20T11:28:33.000Z</time>
        <extensions>
          <ns3:TrackPointExtension>
            <ns3:hr>179</ns3:hr>
            <ns3:cad>87</ns3:cad>
          </ns3:TrackPointExtension>
        </extensions>
      </trkpt>
      <trkpt lat="45.710142664611339569091796875" lon="126.6094063036143779754638671875">
        <ele>157.1999969482421875</ele>
        <time>2026-08-20T11:28:34.000Z</time>
        <extensions>
          <ns3:TrackPointExtension>
            <ns3:hr>180</ns3:hr>
            <ns3:cad>88</ns3:cad>
          </ns3:TrackPointExtension>
        </extensions>
      </trkpt>
      <trkpt lat="45.710146017372608184814453125" lon="126.60944544710218906402587890625">
        <ele>157</ele>
        <time>2026-08-20T11:28:35.000Z</time>
        <extensions>
          <ns3:TrackPointExtension>
            <ns3:hr>180</ns3:hr>
            <ns3:cad>88</ns3:cad>
          </ns3:TrackPointExtension>
        </extensions>
      </trkpt>
      <trkpt lat="45.71014878340065479278564453125" lon="126.609481908380985260009765625">
        <ele>157</ele>
        <time>2026-08-20T11:28:36.000Z</time>
        <extensions>
          <ns3:TrackPointExtension>
            <ns3:hr>179</ns3:hr>
            <ns3:cad>88</ns3:cad>
          </ns3:TrackPointExtension>
        </extensions>
      </trkpt>
      <trkpt lat="45.71014878340065479278564453125" lon="126.6095199622213840484619140625">
        <ele>157</ele>
        <time>2026-08-20T11:28:37.000Z</time>
        <extensions>
          <ns3:TrackPointExtension>
            <ns3:hr>179</ns3:hr>
            <ns3:cad>88</ns3:cad>
          </ns3:TrackPointExtension>
        </extensions>
      </trkpt>
      <trkpt lat="45.7101538963615894317626953125" lon="126.6095553338527679443359375">
        <ele>157</ele>
        <time>2026-08-20T11:28:38.000Z</time>
        <extensions>
          <ns3:TrackPointExtension>
            <ns3:hr>180</ns3:hr>
            <ns3:cad>88</ns3:cad>
          </ns3:TrackPointExtension>
        </extensions>
      </trkpt>
      <trkpt lat="45.71015247143805027008056640625" lon="126.6095947287976741790771484375">
        <ele>156.8000030517578125</ele>
        <time>2026-08-20T11:28:39.000Z</time>
        <extensions>
          <ns3:TrackPointExtension>
            <ns3:hr>180</ns3:hr>
            <ns3:cad>88</ns3:cad>
          </ns3:TrackPointExtension>
        </extensions>
      </trkpt>
      <trkpt lat="45.7101590931415557861328125" lon="126.6096265800297260284423828125">
        <ele>157</ele>
        <time>2026-08-20T11:28:40.000Z</time>
        <extensions>
          <ns3:TrackPointExtension>
            <ns3:hr>180</ns3:hr>
            <ns3:cad>88</ns3:cad>
          </ns3:TrackPointExtension>
        </extensions>
      </trkpt>
      <trkpt lat="45.7101552374660968780517578125" lon="126.60966907627880573272705078125">
        <ele>157.1999969482421875</ele>
        <time>2026-08-20T11:28:41.000Z</time>
        <extensions>
          <ns3:TrackPointExtension>
            <ns3:hr>180</ns3:hr>
            <ns3:cad>87</ns3:cad>
          </ns3:TrackPointExtension>
        </extensions>
      </trkpt>
      <trkpt lat="45.71015817113220691680908203125" lon="126.60970360971987247467041015625">
        <ele>157.399993896484375</ele>
        <time>2026-08-20T11:28:42.000Z</time>
        <extensions>
          <ns3:TrackPointExtension>
            <ns3:hr>180</ns3:hr>
            <ns3:cad>87</ns3:cad>
          </ns3:TrackPointExtension>
        </extensions>
      </trkpt>
      <trkpt lat="45.710160769522190093994140625" lon="126.60974518395960330963134765625">
        <ele>157.600006103515625</ele>
        <time>2026-08-20T11:28:43.000Z</time>
        <extensions>
          <ns3:TrackPointExtension>
            <ns3:hr>180</ns3:hr>
            <ns3:cad>87</ns3:cad>
          </ns3:TrackPointExtension>
        </extensions>
      </trkpt>
      <trkpt lat="45.71016672067344188690185546875" lon="126.6097754426300525665283203125">
        <ele>157.600006103515625</ele>
        <time>2026-08-20T11:28:44.000Z</time>
        <extensions>
          <ns3:TrackPointExtension>
            <ns3:hr>180</ns3:hr>
            <ns3:cad>87</ns3:cad>
          </ns3:TrackPointExtension>
        </extensions>
      </trkpt>
      <trkpt lat="45.71016688831150531768798828125" lon="126.60982414148747920989990234375">
        <ele>157.600006103515625</ele>
        <time>2026-08-20T11:28:45.000Z</time>
        <extensions>
          <ns3:TrackPointExtension>
            <ns3:hr>180</ns3:hr>
            <ns3:cad>88</ns3:cad>
          </ns3:TrackPointExtension>
        </extensions>
      </trkpt>
      <trkpt lat="45.7101713307201862335205078125" lon="126.60985104739665985107421875">
        <ele>157.399993896484375</ele>
        <time>2026-08-20T11:28:46.000Z</time>
        <extensions>
          <ns3:TrackPointExtension>
            <ns3:hr>180</ns3:hr>
            <ns3:cad>89</ns3:cad>
          </ns3:TrackPointExtension>
        </extensions>
      </trkpt>
      <trkpt lat="45.7101780362427234649658203125" lon="126.6098991595208644866943359375">
        <ele>157.399993896484375</ele>
        <time>2026-08-20T11:28:47.000Z</time>
        <extensions>
          <ns3:TrackPointExtension>
            <ns3:hr>180</ns3:hr>
            <ns3:cad>89</ns3:cad>
          </ns3:TrackPointExtension>
        </extensions>
      </trkpt>
      <trkpt lat="45.71018516086041927337646484375" lon="126.6099296696484088897705078125">
        <ele>157.399993896484375</ele>
        <time>2026-08-20T11:28:48.000Z</time>
        <extensions>
          <ns3:TrackPointExtension>
            <ns3:hr>180</ns3:hr>
            <ns3:cad>88</ns3:cad>
          </ns3:TrackPointExtension>
        </extensions>
      </trkpt>
      <trkpt lat="45.710190944373607635498046875" lon="126.6099750995635986328125">
        <ele>157.399993896484375</ele>
        <time>2026-08-20T11:28:49.000Z</time>
        <extensions>
          <ns3:TrackPointExtension>
            <ns3:hr>180</ns3:hr>
            <ns3:cad>88</ns3:cad>
          </ns3:TrackPointExtension>
        </extensions>
      </trkpt>
      <trkpt lat="45.71019471623003482818603515625" lon="126.61000527441501617431640625">
        <ele>157.399993896484375</ele>
        <time>2026-08-20T11:28:50.000Z</time>
        <extensions>
          <ns3:TrackPointExtension>
            <ns3:hr>180</ns3:hr>
            <ns3:cad>88</ns3:cad>
          </ns3:TrackPointExtension>
        </extensions>
      </trkpt>
      <trkpt lat="45.710203349590301513671875" lon="126.61005162633955478668212890625">
        <ele>157.399993896484375</ele>
        <time>2026-08-20T11:28:51.000Z</time>
        <extensions>
          <ns3:TrackPointExtension>
            <ns3:hr>180</ns3:hr>
            <ns3:cad>88</ns3:cad>
          </ns3:TrackPointExtension>
        </extensions>
      </trkpt>
      <trkpt lat="45.71020712144672870635986328125" lon="126.6100872494280338287353515625">
        <ele>157.600006103515625</ele>
        <time>2026-08-20T11:28:52.000Z</time>
        <extensions>
          <ns3:TrackPointExtension>
            <ns3:hr>180</ns3:hr>
            <ns3:cad>88</ns3:cad>
          </ns3:TrackPointExtension>
        </extensions>
      </trkpt>
      <trkpt lat="45.71021206676959991455078125" lon="126.610129661858081817626953125">
        <ele>157.600006103515625</ele>
        <time>2026-08-20T11:28:53.000Z</time>
        <extensions>
          <ns3:TrackPointExtension>
            <ns3:hr>180</ns3:hr>
            <ns3:cad>88</ns3:cad>
          </ns3:TrackPointExtension>
        </extensions>
      </trkpt>
      <trkpt lat="45.71021131239831447601318359375" lon="126.61017031408846378326416015625">
        <ele>157.600006103515625</ele>
        <time>2026-08-20T11:28:54.000Z</time>
        <extensions>
          <ns3:TrackPointExtension>
            <ns3:hr>180</ns3:hr>
            <ns3:cad>88</ns3:cad>
          </ns3:TrackPointExtension>
        </extensions>
      </trkpt>
      <trkpt lat="45.71022103540599346160888671875" lon="126.6102025844156742095947265625">
        <ele>157.600006103515625</ele>
        <time>2026-08-20T11:28:55.000Z</time>
        <extensions>
          <ns3:TrackPointExtension>
            <ns3:hr>180</ns3:hr>
            <ns3:cad>88</ns3:cad>
          </ns3:TrackPointExtension>
        </extensions>
      </trkpt>
      <trkpt lat="45.7102239690721035003662109375" lon="126.61023862659931182861328125">
        <ele>157.600006103515625</ele>
        <time>2026-08-20T11:28:56.000Z</time>
        <extensions>
          <ns3:TrackPointExtension>
            <ns3:hr>180</ns3:hr>
            <ns3:cad>88</ns3:cad>
          </ns3:TrackPointExtension>
        </extensions>
      </trkpt>
      <trkpt lat="45.71023344062268733978271484375" lon="126.610271818935871124267578125">
        <ele>157.600006103515625</ele>
        <time>2026-08-20T11:28:57.000Z</time>
        <extensions>
          <ns3:TrackPointExtension>
            <ns3:hr>180</ns3:hr>
            <ns3:cad>88</ns3:cad>
          </ns3:TrackPointExtension>
        </extensions>
      </trkpt>
      <trkpt lat="45.71023888885974884033203125" lon="126.61031381227076053619384765625">
        <ele>157.600006103515625</ele>
        <time>2026-08-20T11:28:58.000Z</time>
        <extensions>
          <ns3:TrackPointExtension>
            <ns3:hr>180</ns3:hr>
            <ns3:cad>88</ns3:cad>
          </ns3:TrackPointExtension>
        </extensions>
      </trkpt>
      <trkpt lat="45.71024484001100063323974609375" lon="126.61034264601767063140869140625">
        <ele>157.600006103515625</ele>
        <time>2026-08-20T11:28:59.000Z</time>
        <extensions>
          <ns3:TrackPointExtension>
            <ns3:hr>180</ns3:hr>
            <ns3:cad>88</ns3:cad>
          </ns3:TrackPointExtension>
        </extensions>
      </trkpt>
      <trkpt lat="45.7102538086473941802978515625" lon="126.61038212478160858154296875">
        <ele>157.399993896484375</ele>
        <time>2026-08-20T11:29:00.000Z</time>
        <extensions>
          <ns3:TrackPointExtension>
            <ns3:hr>180</ns3:hr>
            <ns3:cad>88</ns3:cad>
          </ns3:TrackPointExtension>
        </extensions>
      </trkpt>
      <trkpt lat="45.7102568261325359344482421875" lon="126.61041355691850185394287109375">
        <ele>157.399993896484375</ele>
        <time>2026-08-20T11:29:01.000Z</time>
        <extensions>
          <ns3:TrackPointExtension>
            <ns3:hr>180</ns3:hr>
            <ns3:cad>88</ns3:cad>
          </ns3:TrackPointExtension>
        </extensions>
      </trkpt>
      <trkpt lat="45.7102655433118343353271484375" lon="126.61046099849045276641845703125">
        <ele>157.399993896484375</ele>
        <time>2026-08-20T11:29:02.000Z</time>
        <extensions>
          <ns3:TrackPointExtension>
            <ns3:hr>180</ns3:hr>
            <ns3:cad>88</ns3:cad>
          </ns3:TrackPointExtension>
        </extensions>
      </trkpt>
      <trkpt lat="45.7102712430059909820556640625" lon="126.61049385555088520050048828125">
        <ele>157.399993896484375</ele>
        <time>2026-08-20T11:29:03.000Z</time>
        <extensions>
          <ns3:TrackPointExtension>
            <ns3:hr>180</ns3:hr>
            <ns3:cad>87</ns3:cad>
          </ns3:TrackPointExtension>
        </extensions>
      </trkpt>
      <trkpt lat="45.71027903817594051361083984375" lon="126.61053635179996490478515625">
        <ele>157.399993896484375</ele>
        <time>2026-08-20T11:29:04.000Z</time>
        <extensions>
          <ns3:TrackPointExtension>
            <ns3:hr>180</ns3:hr>
            <ns3:cad>87</ns3:cad>
          </ns3:TrackPointExtension>
        </extensions>
      </trkpt>
      <trkpt lat="45.71028021164238452911376953125" lon="126.6105727292597293853759765625">
        <ele>157.399993896484375</ele>
        <time>2026-08-20T11:29:05.000Z</time>
        <extensions>
          <ns3:TrackPointExtension>
            <ns3:hr>180</ns3:hr>
            <ns3:cad>87</ns3:cad>
          </ns3:TrackPointExtension>
        </extensions>
      </trkpt>
      <trkpt lat="45.71028708480298519134521484375" lon="126.61061824299395084381103515625">
        <ele>157.399993896484375</ele>
        <time>2026-08-20T11:29:06.000Z</time>
        <extensions>
          <ns3:TrackPointExtension>
            <ns3:hr>180</ns3:hr>
            <ns3:cad>88</ns3:cad>
          </ns3:TrackPointExtension>
        </extensions>
      </trkpt>
      <trkpt lat="45.710288845002651214599609375" lon="126.61065839231014251708984375">
        <ele>157.399993896484375</ele>
        <time>2026-08-20T11:29:07.000Z</time>
        <extensions>
          <ns3:TrackPointExtension>
            <ns3:hr>180</ns3:hr>
            <ns3:cad>88</ns3:cad>
          </ns3:TrackPointExtension>
        </extensions>
      </trkpt>
      <trkpt lat="45.71029387414455413818359375" lon="126.61069996654987335205078125">
        <ele>157.399993896484375</ele>
        <time>2026-08-20T11:29:08.000Z</time>
        <extensions>
          <ns3:TrackPointExtension>
            <ns3:hr>180</ns3:hr>
            <ns3:cad>88</ns3:cad>
          </ns3:TrackPointExtension>
        </extensions>
      </trkpt>
      <trkpt lat="45.710296891629695892333984375" lon="126.610742546617984771728515625">
        <ele>157.399993896484375</ele>
        <time>2026-08-20T11:29:09.000Z</time>
        <extensions>
          <ns3:TrackPointExtension>
            <ns3:hr>180</ns3:hr>
            <ns3:cad>88</ns3:cad>
          </ns3:TrackPointExtension>
        </extensions>
      </trkpt>
      <trkpt lat="45.7102970592677593231201171875" lon="126.61077967844903469085693359375">
        <ele>157.399993896484375</ele>
        <time>2026-08-20T11:29:10.000Z</time>
        <extensions>
          <ns3:TrackPointExtension>
            <ns3:hr>180</ns3:hr>
            <ns3:cad>88</ns3:cad>
          </ns3:TrackPointExtension>
        </extensions>
      </trkpt>
      <trkpt lat="45.71028876118361949920654296875" lon="126.610822342336177825927734375">
        <ele>157.399993896484375</ele>
        <time>2026-08-20T11:29:11.000Z</time>
        <extensions>
          <ns3:TrackPointExtension>
            <ns3:hr>180</ns3:hr>
            <ns3:cad>88</ns3:cad>
          </ns3:TrackPointExtension>
        </extensions>
      </trkpt>
      <trkpt lat="45.71028859354555606842041015625" lon="126.610855199396610260009765625">
        <ele>157.399993896484375</ele>
        <time>2026-08-20T11:29:12.000Z</time>
        <extensions>
          <ns3:TrackPointExtension>
            <ns3:hr>180</ns3:hr>
            <ns3:cad>88</ns3:cad>
          </ns3:TrackPointExtension>
        </extensions>
      </trkpt>
      <trkpt lat="45.71028725244104862213134765625" lon="126.610898785293102264404296875">
        <ele>157.600006103515625</ele>
        <time>2026-08-20T11:29:13.000Z</time>
        <extensions>
          <ns3:TrackPointExtension>
            <ns3:hr>180</ns3:hr>
            <ns3:cad>88</ns3:cad>
          </ns3:TrackPointExtension>
        </extensions>
      </trkpt>
      <trkpt lat="45.7102896831929683685302734375" lon="126.61093306727707386016845703125">
        <ele>157.600006103515625</ele>
        <time>2026-08-20T11:29:14.000Z</time>
        <extensions>
          <ns3:TrackPointExtension>
            <ns3:hr>180</ns3:hr>
            <ns3:cad>87</ns3:cad>
          </ns3:TrackPointExtension>
        </extensions>
      </trkpt>
      <trkpt lat="45.71029026992619037628173828125" lon="126.61097615025937557220458984375">
        <ele>157.600006103515625</ele>
        <time>2026-08-20T11:29:15.000Z</time>
        <extensions>
          <ns3:TrackPointExtension>
            <ns3:hr>180</ns3:hr>
            <ns3:cad>87</ns3:cad>
          </ns3:TrackPointExtension>
        </extensions>
      </trkpt>
      <trkpt lat="45.71029395796358585357666015625" lon="126.611012108623981475830078125">
        <ele>157.600006103515625</ele>
        <time>2026-08-20T11:29:16.000Z</time>
        <extensions>
          <ns3:TrackPointExtension>
            <ns3:hr>180</ns3:hr>
            <ns3:cad>87</ns3:cad>
          </ns3:TrackPointExtension>
        </extensions>
      </trkpt>
      <trkpt lat="45.71029496379196643829345703125" lon="126.6110515035688877105712890625">
        <ele>157.600006103515625</ele>
        <time>2026-08-20T11:29:17.000Z</time>
        <extensions>
          <ns3:TrackPointExtension>
            <ns3:hr>180</ns3:hr>
            <ns3:cad>87</ns3:cad>
          </ns3:TrackPointExtension>
        </extensions>
      </trkpt>
      <trkpt lat="45.71029479615390300750732421875" lon="126.6110914014279842376708984375">
        <ele>157.600006103515625</ele>
        <time>2026-08-20T11:29:18.000Z</time>
        <extensions>
          <ns3:TrackPointExtension>
            <ns3:hr>180</ns3:hr>
            <ns3:cad>87</ns3:cad>
          </ns3:TrackPointExtension>
        </extensions>
      </trkpt>
      <trkpt lat="45.7102984003722667694091796875" lon="126.6111195646226406097412109375">
        <ele>157.600006103515625</ele>
        <time>2026-08-20T11:29:19.000Z</time>
        <extensions>
          <ns3:TrackPointExtension>
            <ns3:hr>180</ns3:hr>
            <ns3:cad>86</ns3:cad>
          </ns3:TrackPointExtension>
        </extensions>
      </trkpt>
      <trkpt lat="45.7103030942380428314208984375" lon="126.61115996539592742919921875">
        <ele>157.399993896484375</ele>
        <time>2026-08-20T11:29:20.000Z</time>
        <extensions>
          <ns3:TrackPointExtension>
            <ns3:hr>180</ns3:hr>
            <ns3:cad>86</ns3:cad>
          </ns3:TrackPointExtension>
        </extensions>
      </trkpt>
      <trkpt lat="45.7103071175515651702880859375" lon="126.61118418909609317779541015625">
        <ele>157.399993896484375</ele>
        <time>2026-08-20T11:29:21.000Z</time>
        <extensions>
          <ns3:TrackPointExtension>
            <ns3:hr>180</ns3:hr>
            <ns3:cad>86</ns3:cad>
          </ns3:TrackPointExtension>
        </extensions>
      </trkpt>
      <trkpt lat="45.7103087939321994781494140625" lon="126.61123230122029781341552734375">
        <ele>157.399993896484375</ele>
        <time>2026-08-20T11:29:22.000Z</time>
        <extensions>
          <ns3:TrackPointExtension>
            <ns3:hr>180</ns3:hr>
            <ns3:cad>86</ns3:cad>
          </ns3:TrackPointExtension>
        </extensions>
      </trkpt>
      <trkpt lat="45.71031290106475353240966796875" lon="126.611262224614620208740234375">
        <ele>157.399993896484375</ele>
        <time>2026-08-20T11:29:23.000Z</time>
        <extensions>
          <ns3:TrackPointExtension>
            <ns3:hr>180</ns3:hr>
            <ns3:cad>86</ns3:cad>
          </ns3:TrackPointExtension>
        </extensions>
      </trkpt>
      <trkpt lat="45.71031826548278331756591796875" lon="126.61130254156887531280517578125">
        <ele>157.399993896484375</ele>
        <time>2026-08-20T11:29:24.000Z</time>
        <extensions>
          <ns3:TrackPointExtension>
            <ns3:hr>180</ns3:hr>
            <ns3:cad>86</ns3:cad>
          </ns3:TrackPointExtension>
        </extensions>
      </trkpt>
      <trkpt lat="45.71031910367310047149658203125" lon="126.61133556626737117767333984375">
        <ele>157.399993896484375</ele>
        <time>2026-08-20T11:29:25.000Z</time>
        <extensions>
          <ns3:TrackPointExtension>
            <ns3:hr>181</ns3:hr>
            <ns3:cad>86</ns3:cad>
          </ns3:TrackPointExtension>
        </extensions>
      </trkpt>
      <trkpt lat="45.71032664738595485687255859375" lon="126.61136775277554988861083984375">
        <ele>157.1999969482421875</ele>
        <time>2026-08-20T11:29:26.000Z</time>
        <extensions>
          <ns3:TrackPointExtension>
            <ns3:hr>180</ns3:hr>
            <ns3:cad>87</ns3:cad>
          </ns3:TrackPointExtension>
        </extensions>
      </trkpt>
      <trkpt lat="45.71032564155757427215576171875" lon="126.61140295676887035369873046875">
        <ele>157.1999969482421875</ele>
        <time>2026-08-20T11:29:27.000Z</time>
        <extensions>
          <ns3:TrackPointExtension>
            <ns3:hr>180</ns3:hr>
            <ns3:cad>87</ns3:cad>
          </ns3:TrackPointExtension>
        </extensions>
      </trkpt>
      <trkpt lat="45.71032715030014514923095703125" lon="126.61143329925835132598876953125">
        <ele>157.1999969482421875</ele>
        <time>2026-08-20T11:29:28.000Z</time>
        <extensions>
          <ns3:TrackPointExtension>
            <ns3:hr>180</ns3:hr>
            <ns3:cad>87</ns3:cad>
          </ns3:TrackPointExtension>
        </extensions>
      </trkpt>
      <trkpt lat="45.7103295810520648956298828125" lon="126.61146816797554492950439453125">
        <ele>157.399993896484375</ele>
        <time>2026-08-20T11:29:29.000Z</time>
        <extensions>
          <ns3:TrackPointExtension>
            <ns3:hr>180</ns3:hr>
            <ns3:cad>87</ns3:cad>
          </ns3:TrackPointExtension>
        </extensions>
      </trkpt>
      <trkpt lat="45.71032966487109661102294921875" lon="126.611494906246662139892578125">
        <ele>157.399993896484375</ele>
        <time>2026-08-20T11:29:30.000Z</time>
        <extensions>
          <ns3:TrackPointExtension>
            <ns3:hr>180</ns3:hr>
            <ns3:cad>87</ns3:cad>
          </ns3:TrackPointExtension>
        </extensions>
      </trkpt>
      <trkpt lat="45.7103309221565723419189453125" lon="126.611528098583221435546875">
        <ele>157.1999969482421875</ele>
        <time>2026-08-20T11:29:31.000Z</time>
        <extensions>
          <ns3:TrackPointExtension>
            <ns3:hr>180</ns3:hr>
            <ns3:cad>87</ns3:cad>
          </ns3:TrackPointExtension>
        </extensions>
      </trkpt>
      <trkpt lat="45.7103168405592441558837890625" lon="126.61154679022729396820068359375">
        <ele>157.1999969482421875</ele>
        <time>2026-08-20T11:29:32.000Z</time>
        <extensions>
          <ns3:TrackPointExtension>
            <ns3:hr>180</ns3:hr>
            <ns3:cad>87</ns3:cad>
          </ns3:TrackPointExtension>
        </extensions>
      </trkpt>
      <trkpt lat="45.710306949913501739501953125" lon="126.61156053654849529266357421875">
        <ele>157.1999969482421875</ele>
        <time>2026-08-20T11:29:33.000Z</time>
        <extensions>
          <ns3:TrackPointExtension>
            <ns3:hr>180</ns3:hr>
            <ns3:cad>86</ns3:cad>
          </ns3:TrackPointExtension>
        </extensions>
      </trkpt>
      <trkpt lat="45.7103030942380428314208984375" lon="126.61158450879156589508056640625">
        <ele>157.1999969482421875</ele>
        <time>2026-08-20T11:29:34.000Z</time>
        <extensions>
          <ns3:TrackPointExtension>
            <ns3:hr>180</ns3:hr>
            <ns3:cad>85</ns3:cad>
          </ns3:TrackPointExtension>
        </extensions>
      </trkpt>
      <trkpt lat="45.71031130850315093994140625" lon="126.61160127259790897369384765625">
        <ele>157.1999969482421875</ele>
        <time>2026-08-20T11:29:35.000Z</time>
        <extensions>
          <ns3:TrackPointExtension>
            <ns3:hr>180</ns3:hr>
            <ns3:cad>84</ns3:cad>
          </ns3:TrackPointExtension>
        </extensions>
      </trkpt>
      <trkpt lat="45.71032597683370113372802734375" lon="126.6116288490593433380126953125">
        <ele>157</ele>
        <time>2026-08-20T11:29:36.000Z</time>
        <extensions>
          <ns3:TrackPointExtension>
            <ns3:hr>180</ns3:hr>
            <ns3:cad>84</ns3:cad>
          </ns3:TrackPointExtension>
        </extensions>
      </trkpt>
      <trkpt lat="45.71034089662134647369384765625" lon="126.61165726371109485626220703125">
        <ele>157.1999969482421875</ele>
        <time>2026-08-20T11:29:37.000Z</time>
        <extensions>
          <ns3:TrackPointExtension>
            <ns3:hr>180</ns3:hr>
            <ns3:cad>84</ns3:cad>
          </ns3:TrackPointExtension>
        </extensions>
      </trkpt>
      <trkpt lat="45.7103493623435497283935546875" lon="126.611679978668689727783203125">
        <ele>157.1999969482421875</ele>
        <time>2026-08-20T11:29:38.000Z</time>
        <extensions>
          <ns3:TrackPointExtension>
            <ns3:hr>180</ns3:hr>
            <ns3:cad>84</ns3:cad>
          </ns3:TrackPointExtension>
        </extensions>
      </trkpt>
      <trkpt lat="45.710358917713165283203125" lon="126.61171543411910533905029296875">
        <ele>157.1999969482421875</ele>
        <time>2026-08-20T11:29:39.000Z</time>
        <extensions>
          <ns3:TrackPointExtension>
            <ns3:hr>180</ns3:hr>
            <ns3:cad>85</ns3:cad>
          </ns3:TrackPointExtension>
        </extensions>
      </trkpt>
      <trkpt lat="45.71036319248378276824951171875" lon="126.6117435134947299957275390625">
        <ele>157.1999969482421875</ele>
        <time>2026-08-20T11:29:40.000Z</time>
        <extensions>
          <ns3:TrackPointExtension>
            <ns3:hr>179</ns3:hr>
            <ns3:cad>85</ns3:cad>
          </ns3:TrackPointExtension>
        </extensions>
      </trkpt>
      <trkpt lat="45.71035816334187984466552734375" lon="126.61178684793412685394287109375">
        <ele>157.1999969482421875</ele>
        <time>2026-08-20T11:29:41.000Z</time>
        <extensions>
          <ns3:TrackPointExtension>
            <ns3:hr>179</ns3:hr>
            <ns3:cad>85</ns3:cad>
          </ns3:TrackPointExtension>
        </extensions>
      </trkpt>
      <trkpt lat="45.71036671288311481475830078125" lon="126.6118155978620052337646484375">
        <ele>157.1999969482421875</ele>
        <time>2026-08-20T11:29:42.000Z</time>
        <extensions>
          <ns3:TrackPointExtension>
            <ns3:hr>180</ns3:hr>
            <ns3:cad>85</ns3:cad>
          </ns3:TrackPointExtension>
        </extensions>
      </trkpt>
      <trkpt lat="45.71037475951015949249267578125" lon="126.61185775883495807647705078125">
        <ele>157.1999969482421875</ele>
        <time>2026-08-20T11:29:43.000Z</time>
        <extensions>
          <ns3:TrackPointExtension>
            <ns3:hr>179</ns3:hr>
            <ns3:cad>85</ns3:cad>
          </ns3:TrackPointExtension>
        </extensions>
      </trkpt>
      <trkpt lat="45.7103790342807769775390625" lon="126.61189145408570766448974609375">
        <ele>157.1999969482421875</ele>
        <time>2026-08-20T11:29:44.000Z</time>
        <extensions>
          <ns3:TrackPointExtension>
            <ns3:hr>179</ns3:hr>
            <ns3:cad>86</ns3:cad>
          </ns3:TrackPointExtension>
        </extensions>
      </trkpt>
      <trkpt lat="45.71038414724171161651611328125" lon="126.61192481406033039093017578125">
        <ele>157.1999969482421875</ele>
        <time>2026-08-20T11:29:45.000Z</time>
        <extensions>
          <ns3:TrackPointExtension>
            <ns3:hr>179</ns3:hr>
            <ns3:cad>86</ns3:cad>
          </ns3:TrackPointExtension>
        </extensions>
      </trkpt>
      <trkpt lat="45.710386075079441070556640625" lon="126.6119647957384586334228515625">
        <ele>157.1999969482421875</ele>
        <time>2026-08-20T11:29:46.000Z</time>
        <extensions>
          <ns3:TrackPointExtension>
            <ns3:hr>179</ns3:hr>
            <ns3:cad>86</ns3:cad>
          </ns3:TrackPointExtension>
        </extensions>
      </trkpt>
      <trkpt lat="45.7103916071355342864990234375" lon="126.61199279129505157470703125">
        <ele>157.1999969482421875</ele>
        <time>2026-08-20T11:29:47.000Z</time>
        <extensions>
          <ns3:TrackPointExtension>
            <ns3:hr>178</ns3:hr>
            <ns3:cad>86</ns3:cad>
          </ns3:TrackPointExtension>
        </extensions>
      </trkpt>
      <trkpt lat="45.71039806120097637176513671875" lon="126.61203227005898952484130859375">
        <ele>157.1999969482421875</ele>
        <time>2026-08-20T11:29:48.000Z</time>
        <extensions>
          <ns3:TrackPointExtension>
            <ns3:hr>178</ns3:hr>
            <ns3:cad>85</ns3:cad>
          </ns3:TrackPointExtension>
        </extensions>
      </trkpt>
      <trkpt lat="45.71039772592484951019287109375" lon="126.6120616905391216278076171875">
        <ele>157.1999969482421875</ele>
        <time>2026-08-20T11:29:49.000Z</time>
        <extensions>
          <ns3:TrackPointExtension>
            <ns3:hr>178</ns3:hr>
            <ns3:cad>84</ns3:cad>
          </ns3:TrackPointExtension>
        </extensions>
      </trkpt>
      <trkpt lat="45.7104023359715938568115234375" lon="126.612093038856983184814453125">
        <ele>157</ele>
        <time>2026-08-20T11:29:50.000Z</time>
        <extensions>
          <ns3:TrackPointExtension>
            <ns3:hr>178</ns3:hr>
            <ns3:cad>84</ns3:cad>
          </ns3:TrackPointExtension>
        </extensions>
      </trkpt>
      <trkpt lat="45.710405521094799041748046875" lon="126.61212597973644733428955078125">
        <ele>157</ele>
        <time>2026-08-20T11:29:51.000Z</time>
        <extensions>
          <ns3:TrackPointExtension>
            <ns3:hr>179</ns3:hr>
            <ns3:cad>85</ns3:cad>
          </ns3:TrackPointExtension>
        </extensions>
      </trkpt>
      <trkpt lat="45.71041013114154338836669921875" lon="126.61215984262526035308837890625">
        <ele>157</ele>
        <time>2026-08-20T11:29:52.000Z</time>
        <extensions>
          <ns3:TrackPointExtension>
            <ns3:hr>178</ns3:hr>
            <ns3:cad>86</ns3:cad>
          </ns3:TrackPointExtension>
        </extensions>
      </trkpt>
      <trkpt lat="45.7104098796844482421875" lon="126.6122041828930377960205078125">
        <ele>157</ele>
        <time>2026-08-20T11:29:53.000Z</time>
        <extensions>
          <ns3:TrackPointExtension>
            <ns3:hr>178</ns3:hr>
            <ns3:cad>86</ns3:cad>
          </ns3:TrackPointExtension>
        </extensions>
      </trkpt>
      <trkpt lat="45.71041214279830455780029296875" lon="126.6122367046773433685302734375">
        <ele>157</ele>
        <time>2026-08-20T11:29:54.000Z</time>
        <extensions>
          <ns3:TrackPointExtension>
            <ns3:hr>179</ns3:hr>
            <ns3:cad>86</ns3:cad>
          </ns3:TrackPointExtension>
        </extensions>
      </trkpt>
      <trkpt lat="45.7104144059121608734130859375" lon="126.61227484233677387237548828125">
        <ele>157</ele>
        <time>2026-08-20T11:29:55.000Z</time>
        <extensions>
          <ns3:TrackPointExtension>
            <ns3:hr>178</ns3:hr>
            <ns3:cad>87</ns3:cad>
          </ns3:TrackPointExtension>
        </extensions>
      </trkpt>
      <trkpt lat="45.71041599847376346588134765625" lon="126.61230862140655517578125">
        <ele>157</ele>
        <time>2026-08-20T11:29:56.000Z</time>
        <extensions>
          <ns3:TrackPointExtension>
            <ns3:hr>178</ns3:hr>
            <ns3:cad>86</ns3:cad>
          </ns3:TrackPointExtension>
        </extensions>
      </trkpt>
      <trkpt lat="45.71042454801499843597412109375" lon="126.61234684288501739501953125">
        <ele>156.8000030517578125</ele>
        <time>2026-08-20T11:29:57.000Z</time>
        <extensions>
          <ns3:TrackPointExtension>
            <ns3:hr>178</ns3:hr>
            <ns3:cad>86</ns3:cad>
          </ns3:TrackPointExtension>
        </extensions>
      </trkpt>
      <trkpt lat="45.71043158881366252899169921875" lon="126.61238112486898899078369140625">
        <ele>156.8000030517578125</ele>
        <time>2026-08-20T11:29:58.000Z</time>
        <extensions>
          <ns3:TrackPointExtension>
            <ns3:hr>178</ns3:hr>
            <ns3:cad>86</ns3:cad>
          </ns3:TrackPointExtension>
        </extensions>
      </trkpt>
      <trkpt lat="45.71044181473553180694580078125" lon="126.61241515539586544036865234375">
        <ele>157</ele>
        <time>2026-08-20T11:29:59.000Z</time>
        <extensions>
          <ns3:TrackPointExtension>
            <ns3:hr>179</ns3:hr>
            <ns3:cad>86</ns3:cad>
          </ns3:TrackPointExtension>
        </extensions>
      </trkpt>
      <trkpt lat="45.71044852025806903839111328125" lon="126.612453795969486236572265625">
        <ele>157</ele>
        <time>2026-08-20T11:30:00.000Z</time>
        <extensions>
          <ns3:TrackPointExtension>
            <ns3:hr>178</ns3:hr>
            <ns3:cad>86</ns3:cad>
          </ns3:TrackPointExtension>
        </extensions>
      </trkpt>
      <trkpt lat="45.7104579918086528778076171875" lon="126.61248690448701381683349609375">
        <ele>157</ele>
        <time>2026-08-20T11:30:01.000Z</time>
        <extensions>
          <ns3:TrackPointExtension>
            <ns3:hr>178</ns3:hr>
            <ns3:cad>87</ns3:cad>
          </ns3:TrackPointExtension>
        </extensions>
      </trkpt>
      <trkpt lat="45.71045975200831890106201171875" lon="126.61252847872674465179443359375">
        <ele>157</ele>
        <time>2026-08-20T11:30:02.000Z</time>
        <extensions>
          <ns3:TrackPointExtension>
            <ns3:hr>179</ns3:hr>
            <ns3:cad>87</ns3:cad>
          </ns3:TrackPointExtension>
        </extensions>
      </trkpt>
      <trkpt lat="45.71046293713152408599853515625" lon="126.61255848594009876251220703125">
        <ele>156.8000030517578125</ele>
        <time>2026-08-20T11:30:03.000Z</time>
        <extensions>
          <ns3:TrackPointExtension>
            <ns3:hr>179</ns3:hr>
            <ns3:cad>87</ns3:cad>
          </ns3:TrackPointExtension>
        </extensions>
      </trkpt>
      <trkpt lat="45.71046846918761730194091796875" lon="126.6125988028943538665771484375">
        <ele>156.8000030517578125</ele>
        <time>2026-08-20T11:30:04.000Z</time>
        <extensions>
          <ns3:TrackPointExtension>
            <ns3:hr>179</ns3:hr>
            <ns3:cad>87</ns3:cad>
          </ns3:TrackPointExtension>
        </extensions>
      </trkpt>
      <trkpt lat="45.7104744203388690948486328125" lon="126.612628810107707977294921875">
        <ele>156.8000030517578125</ele>
        <time>2026-08-20T11:30:05.000Z</time>
        <extensions>
          <ns3:TrackPointExtension>
            <ns3:hr>179</ns3:hr>
            <ns3:cad>87</ns3:cad>
          </ns3:TrackPointExtension>
        </extensions>
      </trkpt>
      <trkpt lat="45.71047718636691570281982421875" lon="126.61266141571104526519775390625">
        <ele>156.8000030517578125</ele>
        <time>2026-08-20T11:30:06.000Z</time>
        <extensions>
          <ns3:TrackPointExtension>
            <ns3:hr>179</ns3:hr>
            <ns3:cad>87</ns3:cad>
          </ns3:TrackPointExtension>
        </extensions>
      </trkpt>
      <trkpt lat="45.710483305156230926513671875" lon="126.61269259639084339141845703125">
        <ele>156.600006103515625</ele>
        <time>2026-08-20T11:30:07.000Z</time>
        <extensions>
          <ns3:TrackPointExtension>
            <ns3:hr>180</ns3:hr>
            <ns3:cad>86</ns3:cad>
          </ns3:TrackPointExtension>
        </extensions>
      </trkpt>
      <trkpt lat="45.7104834727942943572998046875" lon="126.61272964440286159515380859375">
        <ele>156.600006103515625</ele>
        <time>2026-08-20T11:30:08.000Z</time>
        <extensions>
          <ns3:TrackPointExtension>
            <ns3:hr>180</ns3:hr>
            <ns3:cad>86</ns3:cad>
          </ns3:TrackPointExtension>
        </extensions>
      </trkpt>
      <trkpt lat="45.710484646260738372802734375" lon="126.61276551894843578338623046875">
        <ele>156.600006103515625</ele>
        <time>2026-08-20T11:30:09.000Z</time>
        <extensions>
          <ns3:TrackPointExtension>
            <ns3:hr>180</ns3:hr>
            <ns3:cad>86</ns3:cad>
          </ns3:TrackPointExtension>
        </extensions>
      </trkpt>
      <trkpt lat="45.71049126796424388885498046875" lon="126.61279267631471157073974609375">
        <ele>156.600006103515625</ele>
        <time>2026-08-20T11:30:10.000Z</time>
        <extensions>
          <ns3:TrackPointExtension>
            <ns3:hr>180</ns3:hr>
            <ns3:cad>86</ns3:cad>
          </ns3:TrackPointExtension>
        </extensions>
      </trkpt>
      <trkpt lat="45.71049160324037075042724609375" lon="126.6128311492502689361572265625">
        <ele>156.600006103515625</ele>
        <time>2026-08-20T11:30:11.000Z</time>
        <extensions>
          <ns3:TrackPointExtension>
            <ns3:hr>180</ns3:hr>
            <ns3:cad>86</ns3:cad>
          </ns3:TrackPointExtension>
        </extensions>
      </trkpt>
      <trkpt lat="45.71049713529646396636962890625" lon="126.61286450922489166259765625">
        <ele>156.600006103515625</ele>
        <time>2026-08-20T11:30:12.000Z</time>
        <extensions>
          <ns3:TrackPointExtension>
            <ns3:hr>180</ns3:hr>
            <ns3:cad>86</ns3:cad>
          </ns3:TrackPointExtension>
        </extensions>
      </trkpt>
      <trkpt lat="45.7104978896677494049072265625" lon="126.61290474236011505126953125">
        <ele>156.600006103515625</ele>
        <time>2026-08-20T11:30:13.000Z</time>
        <extensions>
          <ns3:TrackPointExtension>
            <ns3:hr>180</ns3:hr>
            <ns3:cad>86</ns3:cad>
          </ns3:TrackPointExtension>
        </extensions>
      </trkpt>
      <trkpt lat="45.71050107479095458984375" lon="126.6129374317824840545654296875">
        <ele>156.600006103515625</ele>
        <time>2026-08-20T11:30:14.000Z</time>
        <extensions>
          <ns3:TrackPointExtension>
            <ns3:hr>180</ns3:hr>
            <ns3:cad>86</ns3:cad>
          </ns3:TrackPointExtension>
        </extensions>
      </trkpt>
      <trkpt lat="45.7105024158954620361328125" lon="126.6129645891487598419189453125">
        <ele>156.399993896484375</ele>
        <time>2026-08-20T11:30:15.000Z</time>
        <extensions>
          <ns3:TrackPointExtension>
            <ns3:hr>181</ns3:hr>
            <ns3:cad>86</ns3:cad>
          </ns3:TrackPointExtension>
        </extensions>
      </trkpt>
      <trkpt lat="45.71050803177058696746826171875" lon="126.61301060579717159271240234375">
        <ele>156.600006103515625</ele>
        <time>2026-08-20T11:30:16.000Z</time>
        <extensions>
          <ns3:TrackPointExtension>
            <ns3:hr>181</ns3:hr>
            <ns3:cad>86</ns3:cad>
          </ns3:TrackPointExtension>
        </extensions>
      </trkpt>
      <trkpt lat="45.71051004342734813690185546875" lon="126.61304421722888946533203125">
        <ele>156.600006103515625</ele>
        <time>2026-08-20T11:30:17.000Z</time>
        <extensions>
          <ns3:TrackPointExtension>
            <ns3:hr>180</ns3:hr>
            <ns3:cad>85</ns3:cad>
          </ns3:TrackPointExtension>
        </extensions>
      </trkpt>
      <trkpt lat="45.71050233207643032073974609375" lon="126.61309492774307727813720703125">
        <ele>156.600006103515625</ele>
        <time>2026-08-20T11:30:18.000Z</time>
        <extensions>
          <ns3:TrackPointExtension>
            <ns3:hr>180</ns3:hr>
            <ns3:cad>85</ns3:cad>
          </ns3:TrackPointExtension>
        </extensions>
      </trkpt>
      <trkpt lat="45.71051289327442646026611328125" lon="126.61312594078481197357177734375">
        <ele>156.600006103515625</ele>
        <time>2026-08-20T11:30:19.000Z</time>
        <extensions>
          <ns3:TrackPointExtension>
            <ns3:hr>180</ns3:hr>
            <ns3:cad>85</ns3:cad>
          </ns3:TrackPointExtension>
        </extensions>
      </trkpt>
      <trkpt lat="45.71051926352083683013916015625" lon="126.61317371763288974761962890625">
        <ele>156.600006103515625</ele>
        <time>2026-08-20T11:30:20.000Z</time>
        <extensions>
          <ns3:TrackPointExtension>
            <ns3:hr>180</ns3:hr>
            <ns3:cad>86</ns3:cad>
          </ns3:TrackPointExtension>
        </extensions>
      </trkpt>
      <trkpt lat="45.71052781306207180023193359375" lon="126.6132073290646076202392578125">
        <ele>156.600006103515625</ele>
        <time>2026-08-20T11:30:21.000Z</time>
        <extensions>
          <ns3:TrackPointExtension>
            <ns3:hr>180</ns3:hr>
            <ns3:cad>86</ns3:cad>
          </ns3:TrackPointExtension>
        </extensions>
      </trkpt>
      <trkpt lat="45.71053837426006793975830078125" lon="126.61324932239949703216552734375">
        <ele>156.600006103515625</ele>
        <time>2026-08-20T11:30:22.000Z</time>
        <extensions>
          <ns3:TrackPointExtension>
            <ns3:hr>180</ns3:hr>
            <ns3:cad>86</ns3:cad>
          </ns3:TrackPointExtension>
        </extensions>
      </trkpt>
      <trkpt lat="45.71054399013519287109375" lon="126.6132874600589275360107421875">
        <ele>156.399993896484375</ele>
        <time>2026-08-20T11:30:23.000Z</time>
        <extensions>
          <ns3:TrackPointExtension>
            <ns3:hr>180</ns3:hr>
            <ns3:cad>86</ns3:cad>
          </ns3:TrackPointExtension>
        </extensions>
      </trkpt>
      <trkpt lat="45.7105454988777637481689453125" lon="126.6133226640522480010986328125">
        <ele>156.399993896484375</ele>
        <time>2026-08-20T11:30:24.000Z</time>
        <extensions>
          <ns3:TrackPointExtension>
            <ns3:hr>180</ns3:hr>
            <ns3:cad>86</ns3:cad>
          </ns3:TrackPointExtension>
        </extensions>
      </trkpt>
      <trkpt lat="45.7105453312397003173828125" lon="126.6133706085383892059326171875">
        <ele>156.1999969482421875</ele>
        <time>2026-08-20T11:30:25.000Z</time>
        <extensions>
          <ns3:TrackPointExtension>
            <ns3:hr>179</ns3:hr>
            <ns3:cad>86</ns3:cad>
          </ns3:TrackPointExtension>
        </extensions>
      </trkpt>
      <trkpt lat="45.710549019277095794677734375" lon="126.61340220831334590911865234375">
        <ele>156.1999969482421875</ele>
        <time>2026-08-20T11:30:26.000Z</time>
        <extensions>
          <ns3:TrackPointExtension>
            <ns3:hr>180</ns3:hr>
            <ns3:cad>87</ns3:cad>
          </ns3:TrackPointExtension>
        </extensions>
      </trkpt>
      <trkpt lat="45.710549019277095794677734375" lon="126.61345325410366058349609375">
        <ele>156.1999969482421875</ele>
        <time>2026-08-20T11:30:27.000Z</time>
        <extensions>
          <ns3:TrackPointExtension>
            <ns3:hr>179</ns3:hr>
            <ns3:cad>87</ns3:cad>
          </ns3:TrackPointExtension>
        </extensions>
      </trkpt>
      <trkpt lat="45.71055631153285503387451171875" lon="126.61348409950733184814453125">
        <ele>156.1999969482421875</ele>
        <time>2026-08-20T11:30:28.000Z</time>
        <extensions>
          <ns3:TrackPointExtension>
            <ns3:hr>179</ns3:hr>
            <ns3:cad>87</ns3:cad>
          </ns3:TrackPointExtension>
        </extensions>
      </trkpt>
      <trkpt lat="45.710562765598297119140625" lon="126.61352776922285556793212890625">
        <ele>156</ele>
        <time>2026-08-20T11:30:29.000Z</time>
        <extensions>
          <ns3:TrackPointExtension>
            <ns3:hr>179</ns3:hr>
            <ns3:cad>86</ns3:cad>
          </ns3:TrackPointExtension>
        </extensions>
      </trkpt>
      <trkpt lat="45.71057626046240329742431640625" lon="126.61355911754071712493896484375">
        <ele>156</ele>
        <time>2026-08-20T11:30:30.000Z</time>
        <extensions>
          <ns3:TrackPointExtension>
            <ns3:hr>179</ns3:hr>
            <ns3:cad>86</ns3:cad>
          </ns3:TrackPointExtension>
        </extensions>
      </trkpt>
      <trkpt lat="45.7105900906026363372802734375" lon="126.6135949082672595977783203125">
        <ele>156</ele>
        <time>2026-08-20T11:30:31.000Z</time>
        <extensions>
          <ns3:TrackPointExtension>
            <ns3:hr>179</ns3:hr>
            <ns3:cad>86</ns3:cad>
          </ns3:TrackPointExtension>
        </extensions>
      </trkpt>
      <trkpt lat="45.71059788577258586883544921875" lon="126.61362768150866031646728515625">
        <ele>155.8000030517578125</ele>
        <time>2026-08-20T11:30:32.000Z</time>
        <extensions>
          <ns3:TrackPointExtension>
            <ns3:hr>178</ns3:hr>
            <ns3:cad>86</ns3:cad>
          </ns3:TrackPointExtension>
        </extensions>
      </trkpt>
      <trkpt lat="45.71060643531382083892822265625" lon="126.61365802399814128875732421875">
        <ele>155.8000030517578125</ele>
        <time>2026-08-20T11:30:33.000Z</time>
        <extensions>
          <ns3:TrackPointExtension>
            <ns3:hr>178</ns3:hr>
            <ns3:cad>86</ns3:cad>
          </ns3:TrackPointExtension>
        </extensions>
      </trkpt>
      <trkpt lat="45.7106029987335205078125" lon="126.6137008555233478546142578125">
        <ele>155.600006103515625</ele>
        <time>2026-08-20T11:30:34.000Z</time>
        <extensions>
          <ns3:TrackPointExtension>
            <ns3:hr>178</ns3:hr>
            <ns3:cad>86</ns3:cad>
          </ns3:TrackPointExtension>
        </extensions>
      </trkpt>
      <trkpt lat="45.71060794405639171600341796875" lon="126.6137290187180042266845703125">
        <ele>155.600006103515625</ele>
        <time>2026-08-20T11:30:35.000Z</time>
        <extensions>
          <ns3:TrackPointExtension>
            <ns3:hr>177</ns3:hr>
            <ns3:cad>86</ns3:cad>
          </ns3:TrackPointExtension>
        </extensions>
      </trkpt>
      <trkpt lat="45.71060425601899623870849609375" lon="126.6137731075286865234375">
        <ele>155.600006103515625</ele>
        <time>2026-08-20T11:30:36.000Z</time>
        <extensions>
          <ns3:TrackPointExtension>
            <ns3:hr>177</ns3:hr>
            <ns3:cad>86</ns3:cad>
          </ns3:TrackPointExtension>
        </extensions>
      </trkpt>
      <trkpt lat="45.7106112129986286163330078125" lon="126.61380328238010406494140625">
        <ele>155.399993896484375</ele>
        <time>2026-08-20T11:30:37.000Z</time>
        <extensions>
          <ns3:TrackPointExtension>
            <ns3:hr>177</ns3:hr>
            <ns3:cad>87</ns3:cad>
          </ns3:TrackPointExtension>
        </extensions>
      </trkpt>
      <trkpt lat="45.71061749942600727081298828125" lon="126.613851897418498992919921875">
        <ele>155.399993896484375</ele>
        <time>2026-08-20T11:30:38.000Z</time>
        <extensions>
          <ns3:TrackPointExtension>
            <ns3:hr>178</ns3:hr>
            <ns3:cad>87</ns3:cad>
          </ns3:TrackPointExtension>
        </extensions>
      </trkpt>
      <trkpt lat="45.7106299884617328643798828125" lon="126.6138849221169948577880859375">
        <ele>155.399993896484375</ele>
        <time>2026-08-20T11:30:39.000Z</time>
        <extensions>
          <ns3:TrackPointExtension>
            <ns3:hr>177</ns3:hr>
            <ns3:cad>87</ns3:cad>
          </ns3:TrackPointExtension>
        </extensions>
      </trkpt>
      <trkpt lat="45.7106392085552215576171875" lon="126.61393697373569011688232421875">
        <ele>155.399993896484375</ele>
        <time>2026-08-20T11:30:40.000Z</time>
        <extensions>
          <ns3:TrackPointExtension>
            <ns3:hr>177</ns3:hr>
            <ns3:cad>87</ns3:cad>
          </ns3:TrackPointExtension>
        </extensions>
      </trkpt>
      <trkpt lat="45.71065060794353485107421875" lon="126.6139714233577251434326171875">
        <ele>155.600006103515625</ele>
        <time>2026-08-20T11:30:41.000Z</time>
        <extensions>
          <ns3:TrackPointExtension>
            <ns3:hr>178</ns3:hr>
            <ns3:cad>87</ns3:cad>
          </ns3:TrackPointExtension>
        </extensions>
      </trkpt>
      <trkpt lat="45.7106581516563892364501953125" lon="126.61401450634002685546875">
        <ele>155.600006103515625</ele>
        <time>2026-08-20T11:30:42.000Z</time>
        <extensions>
          <ns3:TrackPointExtension>
            <ns3:hr>178</ns3:hr>
            <ns3:cad>87</ns3:cad>
          </ns3:TrackPointExtension>
        </extensions>
      </trkpt>
      <trkpt lat="45.71066158823668956756591796875" lon="126.61405314691364765167236328125">
        <ele>155.399993896484375</ele>
        <time>2026-08-20T11:30:43.000Z</time>
        <extensions>
          <ns3:TrackPointExtension>
            <ns3:hr>178</ns3:hr>
            <ns3:cad>88</ns3:cad>
          </ns3:TrackPointExtension>
        </extensions>
      </trkpt>
      <trkpt lat="45.71066980250179767608642578125" lon="126.614089272916316986083984375">
        <ele>155.399993896484375</ele>
        <time>2026-08-20T11:30:44.000Z</time>
        <extensions>
          <ns3:TrackPointExtension>
            <ns3:hr>178</ns3:hr>
            <ns3:cad>88</ns3:cad>
          </ns3:TrackPointExtension>
        </extensions>
      </trkpt>
      <trkpt lat="45.71067064069211483001708984375" lon="126.614130847156047821044921875">
        <ele>155.399993896484375</ele>
        <time>2026-08-20T11:30:45.000Z</time>
        <extensions>
          <ns3:TrackPointExtension>
            <ns3:hr>178</ns3:hr>
            <ns3:cad>88</ns3:cad>
          </ns3:TrackPointExtension>
        </extensions>
      </trkpt>
      <trkpt lat="45.71067399345338344573974609375" lon="126.61416496150195598602294921875">
        <ele>155.1999969482421875</ele>
        <time>2026-08-20T11:30:46.000Z</time>
        <extensions>
          <ns3:TrackPointExtension>
            <ns3:hr>178</ns3:hr>
            <ns3:cad>88</ns3:cad>
          </ns3:TrackPointExtension>
        </extensions>
      </trkpt>
      <trkpt lat="45.71066896431148052215576171875" lon="126.61421122960746288299560546875">
        <ele>155.1999969482421875</ele>
        <time>2026-08-20T11:30:47.000Z</time>
        <extensions>
          <ns3:TrackPointExtension>
            <ns3:hr>178</ns3:hr>
            <ns3:cad>87</ns3:cad>
          </ns3:TrackPointExtension>
        </extensions>
      </trkpt>
      <trkpt lat="45.7106742449104785919189453125" lon="126.61424241028726100921630859375">
        <ele>155.1999969482421875</ele>
        <time>2026-08-20T11:30:48.000Z</time>
        <extensions>
          <ns3:TrackPointExtension>
            <ns3:hr>178</ns3:hr>
            <ns3:cad>87</ns3:cad>
          </ns3:TrackPointExtension>
        </extensions>
      </trkpt>
      <trkpt lat="45.71067483164370059967041015625" lon="126.614290438592433929443359375">
        <ele>155.1999969482421875</ele>
        <time>2026-08-20T11:30:49.000Z</time>
        <extensions>
          <ns3:TrackPointExtension>
            <ns3:hr>178</ns3:hr>
            <ns3:cad>87</ns3:cad>
          </ns3:TrackPointExtension>
        </extensions>
      </trkpt>
      <trkpt lat="45.71068136952817440032958984375" lon="126.61432002671062946319580078125">
        <ele>155.1999969482421875</ele>
        <time>2026-08-20T11:30:50.000Z</time>
        <extensions>
          <ns3:TrackPointExtension>
            <ns3:hr>179</ns3:hr>
            <ns3:cad>87</ns3:cad>
          </ns3:TrackPointExtension>
        </extensions>
      </trkpt>
      <trkpt lat="45.71068874560296535491943359375" lon="126.6143672168254852294921875">
        <ele>155.1999969482421875</ele>
        <time>2026-08-20T11:30:51.000Z</time>
        <extensions>
          <ns3:TrackPointExtension>
            <ns3:hr>179</ns3:hr>
            <ns3:cad>87</ns3:cad>
          </ns3:TrackPointExtension>
        </extensions>
      </trkpt>
      <trkpt lat="45.71069394238293170928955078125" lon="126.614398062229156494140625">
        <ele>155.1999969482421875</ele>
        <time>2026-08-20T11:30:52.000Z</time>
        <extensions>
          <ns3:TrackPointExtension>
            <ns3:hr>179</ns3:hr>
            <ns3:cad>87</ns3:cad>
          </ns3:TrackPointExtension>
        </extensions>
      </trkpt>
      <trkpt lat="45.7107010670006275177001953125" lon="126.614446006715297698974609375">
        <ele>155</ele>
        <time>2026-08-20T11:30:53.000Z</time>
        <extensions>
          <ns3:TrackPointExtension>
            <ns3:hr>179</ns3:hr>
            <ns3:cad>87</ns3:cad>
          </ns3:TrackPointExtension>
        </extensions>
      </trkpt>
      <trkpt lat="45.71070022881031036376953125" lon="126.61448481492698192596435546875">
        <ele>155.1999969482421875</ele>
        <time>2026-08-20T11:30:54.000Z</time>
        <extensions>
          <ns3:TrackPointExtension>
            <ns3:hr>179</ns3:hr>
            <ns3:cad>87</ns3:cad>
          </ns3:TrackPointExtension>
        </extensions>
      </trkpt>
      <trkpt lat="45.71070500649511814117431640625" lon="126.61452974192798137664794921875">
        <ele>155</ele>
        <time>2026-08-20T11:30:55.000Z</time>
        <extensions>
          <ns3:TrackPointExtension>
            <ns3:hr>179</ns3:hr>
            <ns3:cad>87</ns3:cad>
          </ns3:TrackPointExtension>
        </extensions>
      </trkpt>
      <trkpt lat="45.7107050903141498565673828125" lon="126.6145710647106170654296875">
        <ele>155</ele>
        <time>2026-08-20T11:30:56.000Z</time>
        <extensions>
          <ns3:TrackPointExtension>
            <ns3:hr>179</ns3:hr>
            <ns3:cad>88</ns3:cad>
          </ns3:TrackPointExtension>
        </extensions>
      </trkpt>
      <trkpt lat="45.71070970036089420318603515625" lon="126.61460920237004756927490234375">
        <ele>155</ele>
        <time>2026-08-20T11:30:57.000Z</time>
        <extensions>
          <ns3:TrackPointExtension>
            <ns3:hr>179</ns3:hr>
            <ns3:cad>88</ns3:cad>
          </ns3:TrackPointExtension>
        </extensions>
      </trkpt>
      <trkpt lat="45.71070048026740550994873046875" lon="126.61465396173298358917236328125">
        <ele>155</ele>
        <time>2026-08-20T11:30:58.000Z</time>
        <extensions>
          <ns3:TrackPointExtension>
            <ns3:hr>180</ns3:hr>
            <ns3:cad>88</ns3:cad>
          </ns3:TrackPointExtension>
        </extensions>
      </trkpt>
      <trkpt lat="45.710699893534183502197265625" lon="126.6146832145750522613525390625">
        <ele>154.8000030517578125</ele>
        <time>2026-08-20T11:30:59.000Z</time>
        <extensions>
          <ns3:TrackPointExtension>
            <ns3:hr>180</ns3:hr>
            <ns3:cad>88</ns3:cad>
          </ns3:TrackPointExtension>
        </extensions>
      </trkpt>
      <trkpt lat="45.710692517459392547607421875" lon="126.6147293150424957275390625">
        <ele>154.8000030517578125</ele>
        <time>2026-08-20T11:31:00.000Z</time>
        <extensions>
          <ns3:TrackPointExtension>
            <ns3:hr>180</ns3:hr>
            <ns3:cad>87</ns3:cad>
          </ns3:TrackPointExtension>
        </extensions>
      </trkpt>
      <trkpt lat="45.710691846907138824462890625" lon="126.6147596575319766998291015625">
        <ele>154.8000030517578125</ele>
        <time>2026-08-20T11:31:01.000Z</time>
        <extensions>
          <ns3:TrackPointExtension>
            <ns3:hr>181</ns3:hr>
            <ns3:cad>87</ns3:cad>
          </ns3:TrackPointExtension>
        </extensions>
      </trkpt>
      <trkpt lat="45.7106906734406948089599609375" lon="126.61479829810559749603271484375">
        <ele>154.8000030517578125</ele>
        <time>2026-08-20T11:31:02.000Z</time>
        <extensions>
          <ns3:TrackPointExtension>
            <ns3:hr>181</ns3:hr>
            <ns3:cad>87</ns3:cad>
          </ns3:TrackPointExtension>
        </extensions>
      </trkpt>
      <trkpt lat="45.71069109253585338592529296875" lon="126.6148327477276325225830078125">
        <ele>155</ele>
        <time>2026-08-20T11:31:03.000Z</time>
        <extensions>
          <ns3:TrackPointExtension>
            <ns3:hr>181</ns3:hr>
            <ns3:cad>87</ns3:cad>
          </ns3:TrackPointExtension>
        </extensions>
      </trkpt>
      <trkpt lat="45.71069813333451747894287109375" lon="126.61487004719674587249755859375">
        <ele>155</ele>
        <time>2026-08-20T11:31:04.000Z</time>
        <extensions>
          <ns3:TrackPointExtension>
            <ns3:hr>181</ns3:hr>
            <ns3:cad>85</ns3:cad>
          </ns3:TrackPointExtension>
        </extensions>
      </trkpt>
      <trkpt lat="45.7107014022767543792724609375" lon="126.61490860395133495330810546875">
        <ele>155</ele>
        <time>2026-08-20T11:31:05.000Z</time>
        <extensions>
          <ns3:TrackPointExtension>
            <ns3:hr>181</ns3:hr>
            <ns3:cad>85</ns3:cad>
          </ns3:TrackPointExtension>
        </extensions>
      </trkpt>
      <trkpt lat="45.71070961654186248779296875" lon="126.6149425506591796875">
        <ele>155</ele>
        <time>2026-08-20T11:31:06.000Z</time>
        <extensions>
          <ns3:TrackPointExtension>
            <ns3:hr>181</ns3:hr>
            <ns3:cad>85</ns3:cad>
          </ns3:TrackPointExtension>
        </extensions>
      </trkpt>
      <trkpt lat="45.7107074372470378875732421875" lon="126.6149841248989105224609375">
        <ele>155</ele>
        <time>2026-08-20T11:31:07.000Z</time>
        <extensions>
          <ns3:TrackPointExtension>
            <ns3:hr>181</ns3:hr>
            <ns3:cad>86</ns3:cad>
          </ns3:TrackPointExtension>
        </extensions>
      </trkpt>
      <trkpt lat="45.71071405895054340362548828125" lon="126.61501941271126270294189453125">
        <ele>154.8000030517578125</ele>
        <time>2026-08-20T11:31:08.000Z</time>
        <extensions>
          <ns3:TrackPointExtension>
            <ns3:hr>182</ns3:hr>
            <ns3:cad>86</ns3:cad>
          </ns3:TrackPointExtension>
        </extensions>
      </trkpt>
      <trkpt lat="45.71071959100663661956787109375" lon="126.6150681115686893463134765625">
        <ele>154.8000030517578125</ele>
        <time>2026-08-20T11:31:09.000Z</time>
        <extensions>
          <ns3:TrackPointExtension>
            <ns3:hr>181</ns3:hr>
            <ns3:cad>87</ns3:cad>
          </ns3:TrackPointExtension>
        </extensions>
      </trkpt>
      <trkpt lat="45.7107265479862689971923828125" lon="126.6151019744575023651123046875">
        <ele>154.600006103515625</ele>
        <time>2026-08-20T11:31:10.000Z</time>
        <extensions>
          <ns3:TrackPointExtension>
            <ns3:hr>181</ns3:hr>
            <ns3:cad>87</ns3:cad>
          </ns3:TrackPointExtension>
        </extensions>
      </trkpt>
      <trkpt lat="45.71073819883167743682861328125" lon="126.61514430306851863861083984375">
        <ele>154.600006103515625</ele>
        <time>2026-08-20T11:31:11.000Z</time>
        <extensions>
          <ns3:TrackPointExtension>
            <ns3:hr>181</ns3:hr>
            <ns3:cad>87</ns3:cad>
          </ns3:TrackPointExtension>
        </extensions>
      </trkpt>
      <trkpt lat="45.7107402943074703216552734375" lon="126.61518118344247341156005859375">
        <ele>154.600006103515625</ele>
        <time>2026-08-20T11:31:12.000Z</time>
        <extensions>
          <ns3:TrackPointExtension>
            <ns3:hr>181</ns3:hr>
            <ns3:cad>86</ns3:cad>
          </ns3:TrackPointExtension>
        </extensions>
      </trkpt>
      <trkpt lat="45.71074758656322956085205078125" lon="126.61521219648420810699462890625">
        <ele>154.600006103515625</ele>
        <time>2026-08-20T11:31:13.000Z</time>
        <extensions>
          <ns3:TrackPointExtension>
            <ns3:hr>180</ns3:hr>
            <ns3:cad>86</ns3:cad>
          </ns3:TrackPointExtension>
        </extensions>
      </trkpt>
      <trkpt lat="45.71075043641030788421630859375" lon="126.61524807102978229522705078125">
        <ele>154.600006103515625</ele>
        <time>2026-08-20T11:31:14.000Z</time>
        <extensions>
          <ns3:TrackPointExtension>
            <ns3:hr>180</ns3:hr>
            <ns3:cad>87</ns3:cad>
          </ns3:TrackPointExtension>
        </extensions>
      </trkpt>
      <trkpt lat="45.7107567228376865386962890625" lon="126.615287549793720245361328125">
        <ele>154.600006103515625</ele>
        <time>2026-08-20T11:31:15.000Z</time>
        <extensions>
          <ns3:TrackPointExtension>
            <ns3:hr>180</ns3:hr>
            <ns3:cad>87</ns3:cad>
          </ns3:TrackPointExtension>
        </extensions>
      </trkpt>
      <trkpt lat="45.7107583992183208465576171875" lon="126.61533524282276630401611328125">
        <ele>154.600006103515625</ele>
        <time>2026-08-20T11:31:16.000Z</time>
        <extensions>
          <ns3:TrackPointExtension>
            <ns3:hr>181</ns3:hr>
            <ns3:cad>87</ns3:cad>
          </ns3:TrackPointExtension>
        </extensions>
      </trkpt>
      <trkpt lat="45.7107590697705745697021484375" lon="126.6153742186725139617919921875">
        <ele>154.399993896484375</ele>
        <time>2026-08-20T11:31:17.000Z</time>
        <extensions>
          <ns3:TrackPointExtension>
            <ns3:hr>180</ns3:hr>
            <ns3:cad>87</ns3:cad>
          </ns3:TrackPointExtension>
        </extensions>
      </trkpt>
      <trkpt lat="45.7107597403228282928466796875" lon="126.6154288686811923980712890625">
        <ele>154.1999969482421875</ele>
        <time>2026-08-20T11:31:18.000Z</time>
        <extensions>
          <ns3:TrackPointExtension>
            <ns3:hr>180</ns3:hr>
            <ns3:cad>87</ns3:cad>
          </ns3:TrackPointExtension>
        </extensions>
      </trkpt>
      <trkpt lat="45.7107624225318431854248046875" lon="126.61547102965414524078369140625">
        <ele>154.1999969482421875</ele>
        <time>2026-08-20T11:31:19.000Z</time>
        <extensions>
          <ns3:TrackPointExtension>
            <ns3:hr>180</ns3:hr>
            <ns3:cad>88</ns3:cad>
          </ns3:TrackPointExtension>
        </extensions>
      </trkpt>
      <trkpt lat="45.71076686494052410125732421875" lon="126.61552031524479389190673828125">
        <ele>154</ele>
        <time>2026-08-20T11:31:20.000Z</time>
        <extensions>
          <ns3:TrackPointExtension>
            <ns3:hr>180</ns3:hr>
            <ns3:cad>88</ns3:cad>
          </ns3:TrackPointExtension>
        </extensions>
      </trkpt>
      <trkpt lat="45.71077122353017330169677734375" lon="126.615559794008731842041015625">
        <ele>153.8000030517578125</ele>
        <time>2026-08-20T11:31:21.000Z</time>
        <extensions>
          <ns3:TrackPointExtension>
            <ns3:hr>180</ns3:hr>
            <ns3:cad>88</ns3:cad>
          </ns3:TrackPointExtension>
        </extensions>
      </trkpt>
      <trkpt lat="45.710783712565898895263671875" lon="126.61560514010488986968994140625">
        <ele>153.8000030517578125</ele>
        <time>2026-08-20T11:31:22.000Z</time>
        <extensions>
          <ns3:TrackPointExtension>
            <ns3:hr>180</ns3:hr>
            <ns3:cad>87</ns3:cad>
          </ns3:TrackPointExtension>
        </extensions>
      </trkpt>
      <trkpt lat="45.71079410612583160400390625" lon="126.61564453504979610443115234375">
        <ele>153.8000030517578125</ele>
        <time>2026-08-20T11:31:23.000Z</time>
        <extensions>
          <ns3:TrackPointExtension>
            <ns3:hr>180</ns3:hr>
            <ns3:cad>86</ns3:cad>
          </ns3:TrackPointExtension>
        </extensions>
      </trkpt>
      <trkpt lat="45.71081019937992095947265625" lon="126.61567923612892627716064453125">
        <ele>153.600006103515625</ele>
        <time>2026-08-20T11:31:24.000Z</time>
        <extensions>
          <ns3:TrackPointExtension>
            <ns3:hr>180</ns3:hr>
            <ns3:cad>86</ns3:cad>
          </ns3:TrackPointExtension>
        </extensions>
      </trkpt>
      <trkpt lat="45.710815228521823883056640625" lon="126.61572508513927459716796875">
        <ele>153.600006103515625</ele>
        <time>2026-08-20T11:31:25.000Z</time>
        <extensions>
          <ns3:TrackPointExtension>
            <ns3:hr>180</ns3:hr>
            <ns3:cad>86</ns3:cad>
          </ns3:TrackPointExtension>
        </extensions>
      </trkpt>
      <trkpt lat="45.71082570590078830718994140625" lon="126.61575651727616786956787109375">
        <ele>153.600006103515625</ele>
        <time>2026-08-20T11:31:26.000Z</time>
        <extensions>
          <ns3:TrackPointExtension>
            <ns3:hr>180</ns3:hr>
            <ns3:cad>86</ns3:cad>
          </ns3:TrackPointExtension>
        </extensions>
      </trkpt>
      <trkpt lat="45.71082905866205692291259765625" lon="126.61580345593392848968505859375">
        <ele>153.399993896484375</ele>
        <time>2026-08-20T11:31:27.000Z</time>
        <extensions>
          <ns3:TrackPointExtension>
            <ns3:hr>181</ns3:hr>
            <ns3:cad>86</ns3:cad>
          </ns3:TrackPointExtension>
        </extensions>
      </trkpt>
      <trkpt lat="45.7108361832797527313232421875" lon="126.61583346314728260040283203125">
        <ele>153.399993896484375</ele>
        <time>2026-08-20T11:31:28.000Z</time>
        <extensions>
          <ns3:TrackPointExtension>
            <ns3:hr>181</ns3:hr>
            <ns3:cad>86</ns3:cad>
          </ns3:TrackPointExtension>
        </extensions>
      </trkpt>
      <trkpt lat="45.71084163151681423187255859375" lon="126.61587755195796489715576171875">
        <ele>153.399993896484375</ele>
        <time>2026-08-20T11:31:29.000Z</time>
        <extensions>
          <ns3:TrackPointExtension>
            <ns3:hr>181</ns3:hr>
            <ns3:cad>86</ns3:cad>
          </ns3:TrackPointExtension>
        </extensions>
      </trkpt>
      <trkpt lat="45.710843391716480255126953125" lon="126.6159086488187313079833984375">
        <ele>153.1999969482421875</ele>
        <time>2026-08-20T11:31:30.000Z</time>
        <extensions>
          <ns3:TrackPointExtension>
            <ns3:hr>181</ns3:hr>
            <ns3:cad>86</ns3:cad>
          </ns3:TrackPointExtension>
        </extensions>
      </trkpt>
      <trkpt lat="45.710847415030002593994140625" lon="126.6159445233643054962158203125">
        <ele>153.1999969482421875</ele>
        <time>2026-08-20T11:31:31.000Z</time>
        <extensions>
          <ns3:TrackPointExtension>
            <ns3:hr>181</ns3:hr>
            <ns3:cad>86</ns3:cad>
          </ns3:TrackPointExtension>
        </extensions>
      </trkpt>
      <trkpt lat="45.7108522765338420867919921875" lon="126.615979559719562530517578125">
        <ele>153</ele>
        <time>2026-08-20T11:31:32.000Z</time>
        <extensions>
          <ns3:TrackPointExtension>
            <ns3:hr>182</ns3:hr>
            <ns3:cad>86</ns3:cad>
          </ns3:TrackPointExtension>
        </extensions>
      </trkpt>
      <trkpt lat="45.71085839532315731048583984375" lon="126.616015098989009857177734375">
        <ele>153</ele>
        <time>2026-08-20T11:31:33.000Z</time>
        <extensions>
          <ns3:TrackPointExtension>
            <ns3:hr>182</ns3:hr>
            <ns3:cad>86</ns3:cad>
          </ns3:TrackPointExtension>
        </extensions>
      </trkpt>
      <trkpt lat="45.71085889823734760284423828125" lon="126.61605633795261383056640625">
        <ele>153</ele>
        <time>2026-08-20T11:31:34.000Z</time>
        <extensions>
          <ns3:TrackPointExtension>
            <ns3:hr>182</ns3:hr>
            <ns3:cad>86</ns3:cad>
          </ns3:TrackPointExtension>
        </extensions>
      </trkpt>
      <trkpt lat="45.71086920797824859619140625" lon="126.6160883568227291107177734375">
        <ele>153</ele>
        <time>2026-08-20T11:31:35.000Z</time>
        <extensions>
          <ns3:TrackPointExtension>
            <ns3:hr>182</ns3:hr>
            <ns3:cad>88</ns3:cad>
          </ns3:TrackPointExtension>
        </extensions>
      </trkpt>
      <trkpt lat="45.710873901844024658203125" lon="126.61613135598599910736083984375">
        <ele>152.8000030517578125</ele>
        <time>2026-08-20T11:31:36.000Z</time>
        <extensions>
          <ns3:TrackPointExtension>
            <ns3:hr>182</ns3:hr>
            <ns3:cad>88</ns3:cad>
          </ns3:TrackPointExtension>
        </extensions>
      </trkpt>
      <trkpt lat="45.7108713872730731964111328125" lon="126.6161614470183849334716796875">
        <ele>152.8000030517578125</ele>
        <time>2026-08-20T11:31:37.000Z</time>
        <extensions>
          <ns3:TrackPointExtension>
            <ns3:hr>182</ns3:hr>
            <ns3:cad>87</ns3:cad>
          </ns3:TrackPointExtension>
        </extensions>
      </trkpt>
      <trkpt lat="45.71086878888309001922607421875" lon="126.6161996684968471527099609375">
        <ele>152.8000030517578125</ele>
        <time>2026-08-20T11:31:38.000Z</time>
        <extensions>
          <ns3:TrackPointExtension>
            <ns3:hr>182</ns3:hr>
            <ns3:cad>87</ns3:cad>
          </ns3:TrackPointExtension>
        </extensions>
      </trkpt>
      <trkpt lat="45.71086593903601169586181640625" lon="126.61623663268983364105224609375">
        <ele>152.600006103515625</ele>
        <time>2026-08-20T11:31:39.000Z</time>
        <extensions>
          <ns3:TrackPointExtension>
            <ns3:hr>182</ns3:hr>
            <ns3:cad>87</ns3:cad>
          </ns3:TrackPointExtension>
        </extensions>
      </trkpt>
      <trkpt lat="45.7108697108924388885498046875" lon="126.616270244121551513671875">
        <ele>152.399993896484375</ele>
        <time>2026-08-20T11:31:40.000Z</time>
        <extensions>
          <ns3:TrackPointExtension>
            <ns3:hr>183</ns3:hr>
            <ns3:cad>86</ns3:cad>
          </ns3:TrackPointExtension>
        </extensions>
      </trkpt>
      <trkpt lat="45.710866190493106842041015625" lon="126.6163139976561069488525390625">
        <ele>152.399993896484375</ele>
        <time>2026-08-20T11:31:41.000Z</time>
        <extensions>
          <ns3:TrackPointExtension>
            <ns3:hr>183</ns3:hr>
            <ns3:cad>86</ns3:cad>
          </ns3:TrackPointExtension>
        </extensions>
      </trkpt>
      <trkpt lat="45.710859484970569610595703125" lon="126.61634459160268306732177734375">
        <ele>152.1999969482421875</ele>
        <time>2026-08-20T11:31:42.000Z</time>
        <extensions>
          <ns3:TrackPointExtension>
            <ns3:hr>183</ns3:hr>
            <ns3:cad>86</ns3:cad>
          </ns3:TrackPointExtension>
        </extensions>
      </trkpt>
      <trkpt lat="45.7108573056757450103759765625" lon="126.6163907758891582489013671875">
        <ele>152.1999969482421875</ele>
        <time>2026-08-20T11:31:43.000Z</time>
        <extensions>
          <ns3:TrackPointExtension>
            <ns3:hr>183</ns3:hr>
            <ns3:cad>86</ns3:cad>
          </ns3:TrackPointExtension>
        </extensions>
      </trkpt>
      <trkpt lat="45.71085973642766475677490234375" lon="126.616423130035400390625">
        <ele>152.1999969482421875</ele>
        <time>2026-08-20T11:31:44.000Z</time>
        <extensions>
          <ns3:TrackPointExtension>
            <ns3:hr>183</ns3:hr>
            <ns3:cad>86</ns3:cad>
          </ns3:TrackPointExtension>
        </extensions>
      </trkpt>
      <trkpt lat="45.7108643464744091033935546875" lon="126.61646864376962184906005859375">
        <ele>152</ele>
        <time>2026-08-20T11:31:45.000Z</time>
        <extensions>
          <ns3:TrackPointExtension>
            <ns3:hr>182</ns3:hr>
            <ns3:cad>86</ns3:cad>
          </ns3:TrackPointExtension>
        </extensions>
      </trkpt>
      <trkpt lat="45.710873901844024658203125" lon="126.61650150083005428314208984375">
        <ele>152</ele>
        <time>2026-08-20T11:31:46.000Z</time>
        <extensions>
          <ns3:TrackPointExtension>
            <ns3:hr>183</ns3:hr>
            <ns3:cad>86</ns3:cad>
          </ns3:TrackPointExtension>
        </extensions>
      </trkpt>
      <trkpt lat="45.71088555268943309783935546875" lon="126.61653921939432621002197265625">
        <ele>152</ele>
        <time>2026-08-20T11:31:47.000Z</time>
        <extensions>
          <ns3:TrackPointExtension>
            <ns3:hr>182</ns3:hr>
            <ns3:cad>86</ns3:cad>
          </ns3:TrackPointExtension>
        </extensions>
      </trkpt>
      <trkpt lat="45.71089577861130237579345703125" lon="126.61657760851085186004638671875">
        <ele>152</ele>
        <time>2026-08-20T11:31:48.000Z</time>
        <extensions>
          <ns3:TrackPointExtension>
            <ns3:hr>182</ns3:hr>
            <ns3:cad>86</ns3:cad>
          </ns3:TrackPointExtension>
        </extensions>
      </trkpt>
      <trkpt lat="45.7109049148857593536376953125" lon="126.6166157461702823638916015625">
        <ele>151.8000030517578125</ele>
        <time>2026-08-20T11:31:49.000Z</time>
        <extensions>
          <ns3:TrackPointExtension>
            <ns3:hr>182</ns3:hr>
            <ns3:cad>87</ns3:cad>
          </ns3:TrackPointExtension>
        </extensions>
      </trkpt>
      <trkpt lat="45.710905753076076507568359375" lon="126.6166546382009983062744140625">
        <ele>151.8000030517578125</ele>
        <time>2026-08-20T11:31:50.000Z</time>
        <extensions>
          <ns3:TrackPointExtension>
            <ns3:hr>182</ns3:hr>
            <ns3:cad>87</ns3:cad>
          </ns3:TrackPointExtension>
        </extensions>
      </trkpt>
      <trkpt lat="45.7109092734754085540771484375" lon="126.6166921891272068023681640625">
        <ele>151.8000030517578125</ele>
        <time>2026-08-20T11:31:51.000Z</time>
        <extensions>
          <ns3:TrackPointExtension>
            <ns3:hr>183</ns3:hr>
            <ns3:cad>87</ns3:cad>
          </ns3:TrackPointExtension>
        </extensions>
      </trkpt>
      <trkpt lat="45.710913799703121185302734375" lon="126.616736613214015960693359375">
        <ele>151.600006103515625</ele>
        <time>2026-08-20T11:31:52.000Z</time>
        <extensions>
          <ns3:TrackPointExtension>
            <ns3:hr>182</ns3:hr>
            <ns3:cad>88</ns3:cad>
          </ns3:TrackPointExtension>
        </extensions>
      </trkpt>
      <trkpt lat="45.71092377416789531707763671875" lon="126.6167676262557506561279296875">
        <ele>151.600006103515625</ele>
        <time>2026-08-20T11:31:53.000Z</time>
        <extensions>
          <ns3:TrackPointExtension>
            <ns3:hr>182</ns3:hr>
            <ns3:cad>88</ns3:cad>
          </ns3:TrackPointExtension>
        </extensions>
      </trkpt>
      <trkpt lat="45.7109314016997814178466796875" lon="126.61681179888546466827392578125">
        <ele>151.600006103515625</ele>
        <time>2026-08-20T11:31:54.000Z</time>
        <extensions>
          <ns3:TrackPointExtension>
            <ns3:hr>182</ns3:hr>
            <ns3:cad>89</ns3:cad>
          </ns3:TrackPointExtension>
        </extensions>
      </trkpt>
      <trkpt lat="45.7109369337558746337890625" lon="126.61684063263237476348876953125">
        <ele>151.600006103515625</ele>
        <time>2026-08-20T11:31:55.000Z</time>
        <extensions>
          <ns3:TrackPointExtension>
            <ns3:hr>182</ns3:hr>
            <ns3:cad>89</ns3:cad>
          </ns3:TrackPointExtension>
        </extensions>
      </trkpt>
      <trkpt lat="45.7109394483268260955810546875" lon="126.61688405089080333709716796875">
        <ele>151.399993896484375</ele>
        <time>2026-08-20T11:31:56.000Z</time>
        <extensions>
          <ns3:TrackPointExtension>
            <ns3:hr>182</ns3:hr>
            <ns3:cad>89</ns3:cad>
          </ns3:TrackPointExtension>
        </extensions>
      </trkpt>
      <trkpt lat="45.71094707585871219635009765625" lon="126.61691020242869853973388671875">
        <ele>151.399993896484375</ele>
        <time>2026-08-20T11:31:57.000Z</time>
        <extensions>
          <ns3:TrackPointExtension>
            <ns3:hr>181</ns3:hr>
            <ns3:cad>88</ns3:cad>
          </ns3:TrackPointExtension>
        </extensions>
      </trkpt>
      <trkpt lat="45.7109481655061244964599609375" lon="126.6169590689241886138916015625">
        <ele>151.399993896484375</ele>
        <time>2026-08-20T11:31:58.000Z</time>
        <extensions>
          <ns3:TrackPointExtension>
            <ns3:hr>181</ns3:hr>
            <ns3:cad>88</ns3:cad>
          </ns3:TrackPointExtension>
        </extensions>
      </trkpt>
      <trkpt lat="45.71095193736255168914794921875" lon="126.6169889084994792938232421875">
        <ele>151.399993896484375</ele>
        <time>2026-08-20T11:31:59.000Z</time>
        <extensions>
          <ns3:TrackPointExtension>
            <ns3:hr>181</ns3:hr>
            <ns3:cad>88</ns3:cad>
          </ns3:TrackPointExtension>
        </extensions>
      </trkpt>
      <trkpt lat="45.7109568826854228973388671875" lon="126.617032997310161590576171875">
        <ele>151.399993896484375</ele>
        <time>2026-08-20T11:32:00.000Z</time>
        <extensions>
          <ns3:TrackPointExtension>
            <ns3:hr>181</ns3:hr>
            <ns3:cad>88</ns3:cad>
          </ns3:TrackPointExtension>
        </extensions>
      </trkpt>
      <trkpt lat="45.71095780469477176666259765625" lon="126.6170655190944671630859375">
        <ele>151.1999969482421875</ele>
        <time>2026-08-20T11:32:01.000Z</time>
        <extensions>
          <ns3:TrackPointExtension>
            <ns3:hr>182</ns3:hr>
            <ns3:cad>88</ns3:cad>
          </ns3:TrackPointExtension>
        </extensions>
      </trkpt>
      <trkpt lat="45.71095763705670833587646484375" lon="126.617101393640041351318359375">
        <ele>151.1999969482421875</ele>
        <time>2026-08-20T11:32:02.000Z</time>
        <extensions>
          <ns3:TrackPointExtension>
            <ns3:hr>181</ns3:hr>
            <ns3:cad>87</ns3:cad>
          </ns3:TrackPointExtension>
        </extensions>
      </trkpt>
      <trkpt lat="45.7109535299241542816162109375" lon="126.617139279842376708984375">
        <ele>151</ele>
        <time>2026-08-20T11:32:03.000Z</time>
        <extensions>
          <ns3:TrackPointExtension>
            <ns3:hr>181</ns3:hr>
            <ns3:cad>87</ns3:cad>
          </ns3:TrackPointExtension>
        </extensions>
      </trkpt>
      <trkpt lat="45.71095797233283519744873046875" lon="126.61717272363603115081787109375">
        <ele>151</ele>
        <time>2026-08-20T11:32:04.000Z</time>
        <extensions>
          <ns3:TrackPointExtension>
            <ns3:hr>181</ns3:hr>
            <ns3:cad>87</ns3:cad>
          </ns3:TrackPointExtension>
        </extensions>
      </trkpt>
      <trkpt lat="45.7109568826854228973388671875" lon="126.61721639335155487060546875">
        <ele>151</ele>
        <time>2026-08-20T11:32:05.000Z</time>
        <extensions>
          <ns3:TrackPointExtension>
            <ns3:hr>181</ns3:hr>
            <ns3:cad>87</ns3:cad>
          </ns3:TrackPointExtension>
        </extensions>
      </trkpt>
      <trkpt lat="45.71095981635153293609619140625" lon="126.61724589765071868896484375">
        <ele>151</ele>
        <time>2026-08-20T11:32:06.000Z</time>
        <extensions>
          <ns3:TrackPointExtension>
            <ns3:hr>180</ns3:hr>
            <ns3:cad>87</ns3:cad>
          </ns3:TrackPointExtension>
        </extensions>
      </trkpt>
      <trkpt lat="45.71095864288508892059326171875" lon="126.61729342304170131683349609375">
        <ele>151</ele>
        <time>2026-08-20T11:32:07.000Z</time>
        <extensions>
          <ns3:TrackPointExtension>
            <ns3:hr>180</ns3:hr>
            <ns3:cad>87</ns3:cad>
          </ns3:TrackPointExtension>
        </extensions>
      </trkpt>
      <trkpt lat="45.7109619118273258209228515625" lon="126.61732158623635768890380859375">
        <ele>151</ele>
        <time>2026-08-20T11:32:08.000Z</time>
        <extensions>
          <ns3:TrackPointExtension>
            <ns3:hr>179</ns3:hr>
            <ns3:cad>86</ns3:cad>
          </ns3:TrackPointExtension>
        </extensions>
      </trkpt>
      <trkpt lat="45.7109635882079601287841796875" lon="126.61737489514052867889404296875">
        <ele>151</ele>
        <time>2026-08-20T11:32:09.000Z</time>
        <extensions>
          <ns3:TrackPointExtension>
            <ns3:hr>179</ns3:hr>
            <ns3:cad>86</ns3:cad>
          </ns3:TrackPointExtension>
        </extensions>
      </trkpt>
      <trkpt lat="45.71097808890044689178466796875" lon="126.61739920265972614288330078125">
        <ele>151</ele>
        <time>2026-08-20T11:32:10.000Z</time>
        <extensions>
          <ns3:TrackPointExtension>
            <ns3:hr>180</ns3:hr>
            <ns3:cad>86</ns3:cad>
          </ns3:TrackPointExtension>
        </extensions>
      </trkpt>
      <trkpt lat="45.71098261512815952301025390625" lon="126.617442704737186431884765625">
        <ele>151.1999969482421875</ele>
        <time>2026-08-20T11:32:11.000Z</time>
        <extensions>
          <ns3:TrackPointExtension>
            <ns3:hr>180</ns3:hr>
            <ns3:cad>86</ns3:cad>
          </ns3:TrackPointExtension>
        </extensions>
      </trkpt>
      <trkpt lat="45.7109870575368404388427734375" lon="126.61747564561665058135986328125">
        <ele>151.1999969482421875</ele>
        <time>2026-08-20T11:32:12.000Z</time>
        <extensions>
          <ns3:TrackPointExtension>
            <ns3:hr>180</ns3:hr>
            <ns3:cad>88</ns3:cad>
          </ns3:TrackPointExtension>
        </extensions>
      </trkpt>
      <trkpt lat="45.710992254316806793212890625" lon="126.61751688458025455474853515625">
        <ele>151.1999969482421875</ele>
        <time>2026-08-20T11:32:13.000Z</time>
        <extensions>
          <ns3:TrackPointExtension>
            <ns3:hr>181</ns3:hr>
            <ns3:cad>88</ns3:cad>
          </ns3:TrackPointExtension>
        </extensions>
      </trkpt>
      <trkpt lat="45.71099669672548770904541015625" lon="126.61754907108843326568603515625">
        <ele>151.1999969482421875</ele>
        <time>2026-08-20T11:32:14.000Z</time>
        <extensions>
          <ns3:TrackPointExtension>
            <ns3:hr>181</ns3:hr>
            <ns3:cad>88</ns3:cad>
          </ns3:TrackPointExtension>
        </extensions>
      </trkpt>
      <trkpt lat="45.71100474335253238677978515625" lon="126.6175831854343414306640625">
        <ele>151.399993896484375</ele>
        <time>2026-08-20T11:32:15.000Z</time>
        <extensions>
          <ns3:TrackPointExtension>
            <ns3:hr>181</ns3:hr>
            <ns3:cad>88</ns3:cad>
          </ns3:TrackPointExtension>
        </extensions>
      </trkpt>
      <trkpt lat="45.7110078446567058563232421875" lon="126.6176239214837551116943359375">
        <ele>151.600006103515625</ele>
        <time>2026-08-20T11:32:16.000Z</time>
        <extensions>
          <ns3:TrackPointExtension>
            <ns3:hr>181</ns3:hr>
            <ns3:cad>87</ns3:cad>
          </ns3:TrackPointExtension>
        </extensions>
      </trkpt>
      <trkpt lat="45.71101530455052852630615234375" lon="126.61765837110579013824462890625">
        <ele>151.8000030517578125</ele>
        <time>2026-08-20T11:32:17.000Z</time>
        <extensions>
          <ns3:TrackPointExtension>
            <ns3:hr>181</ns3:hr>
            <ns3:cad>88</ns3:cad>
          </ns3:TrackPointExtension>
        </extensions>
      </trkpt>
      <trkpt lat="45.71101798675954341888427734375" lon="126.61770363338291645050048828125">
        <ele>151.8000030517578125</ele>
        <time>2026-08-20T11:32:18.000Z</time>
        <extensions>
          <ns3:TrackPointExtension>
            <ns3:hr>182</ns3:hr>
            <ns3:cad>88</ns3:cad>
          </ns3:TrackPointExtension>
        </extensions>
      </trkpt>
      <trkpt lat="45.71103072725236415863037109375" lon="126.617726348340511322021484375">
        <ele>152</ele>
        <time>2026-08-20T11:32:19.000Z</time>
        <extensions>
          <ns3:TrackPointExtension>
            <ns3:hr>181</ns3:hr>
            <ns3:cad>88</ns3:cad>
          </ns3:TrackPointExtension>
        </extensions>
      </trkpt>
      <trkpt lat="45.71103726513683795928955078125" lon="126.6177768073976039886474609375">
        <ele>152</ele>
        <time>2026-08-20T11:32:20.000Z</time>
        <extensions>
          <ns3:TrackPointExtension>
            <ns3:hr>181</ns3:hr>
            <ns3:cad>88</ns3:cad>
          </ns3:TrackPointExtension>
        </extensions>
      </trkpt>
      <trkpt lat="45.711043886840343475341796875" lon="126.61780647933483123779296875">
        <ele>152</ele>
        <time>2026-08-20T11:32:21.000Z</time>
        <extensions>
          <ns3:TrackPointExtension>
            <ns3:hr>181</ns3:hr>
            <ns3:cad>88</ns3:cad>
          </ns3:TrackPointExtension>
        </extensions>
      </trkpt>
      <trkpt lat="45.711055956780910491943359375" lon="126.6178586147725582122802734375">
        <ele>152.1999969482421875</ele>
        <time>2026-08-20T11:32:22.000Z</time>
        <extensions>
          <ns3:TrackPointExtension>
            <ns3:hr>182</ns3:hr>
            <ns3:cad>87</ns3:cad>
          </ns3:TrackPointExtension>
        </extensions>
      </trkpt>
      <trkpt lat="45.71106408722698688507080078125" lon="126.61789457313716411590576171875">
        <ele>152.1999969482421875</ele>
        <time>2026-08-20T11:32:23.000Z</time>
        <extensions>
          <ns3:TrackPointExtension>
            <ns3:hr>182</ns3:hr>
            <ns3:cad>87</ns3:cad>
          </ns3:TrackPointExtension>
        </extensions>
      </trkpt>
      <trkpt lat="45.71106878109276294708251953125" lon="126.61793656647205352783203125">
        <ele>152.1999969482421875</ele>
        <time>2026-08-20T11:32:24.000Z</time>
        <extensions>
          <ns3:TrackPointExtension>
            <ns3:hr>182</ns3:hr>
            <ns3:cad>87</ns3:cad>
          </ns3:TrackPointExtension>
        </extensions>
      </trkpt>
      <trkpt lat="45.7110692001879215240478515625" lon="126.61796732805669307708740234375">
        <ele>152.399993896484375</ele>
        <time>2026-08-20T11:32:25.000Z</time>
        <extensions>
          <ns3:TrackPointExtension>
            <ns3:hr>182</ns3:hr>
            <ns3:cad>87</ns3:cad>
          </ns3:TrackPointExtension>
        </extensions>
      </trkpt>
      <trkpt lat="45.71106811054050922393798828125" lon="126.61801032721996307373046875">
        <ele>152.399993896484375</ele>
        <time>2026-08-20T11:32:26.000Z</time>
        <extensions>
          <ns3:TrackPointExtension>
            <ns3:hr>182</ns3:hr>
            <ns3:cad>87</ns3:cad>
          </ns3:TrackPointExtension>
        </extensions>
      </trkpt>
      <trkpt lat="45.7110685296356678009033203125" lon="126.618045531213283538818359375">
        <ele>152.399993896484375</ele>
        <time>2026-08-20T11:32:27.000Z</time>
        <extensions>
          <ns3:TrackPointExtension>
            <ns3:hr>183</ns3:hr>
            <ns3:cad>88</ns3:cad>
          </ns3:TrackPointExtension>
        </extensions>
      </trkpt>
      <trkpt lat="45.711071379482746124267578125" lon="126.61808316595852375030517578125">
        <ele>152.399993896484375</ele>
        <time>2026-08-20T11:32:28.000Z</time>
        <extensions>
          <ns3:TrackPointExtension>
            <ns3:hr>183</ns3:hr>
            <ns3:cad>88</ns3:cad>
          </ns3:TrackPointExtension>
        </extensions>
      </trkpt>
      <trkpt lat="45.711072385311126708984375" lon="126.618119291961193084716796875">
        <ele>152.399993896484375</ele>
        <time>2026-08-20T11:32:29.000Z</time>
        <extensions>
          <ns3:TrackPointExtension>
            <ns3:hr>183</ns3:hr>
            <ns3:cad>88</ns3:cad>
          </ns3:TrackPointExtension>
        </extensions>
      </trkpt>
      <trkpt lat="45.71107766591012477874755859375" lon="126.61815089173614978790283203125">
        <ele>152.399993896484375</ele>
        <time>2026-08-20T11:32:30.000Z</time>
        <extensions>
          <ns3:TrackPointExtension>
            <ns3:hr>184</ns3:hr>
            <ns3:cad>88</ns3:cad>
          </ns3:TrackPointExtension>
        </extensions>
      </trkpt>
      <trkpt lat="45.7110790908336639404296875" lon="126.61819095723330974578857421875">
        <ele>152.600006103515625</ele>
        <time>2026-08-20T11:32:31.000Z</time>
        <extensions>
          <ns3:TrackPointExtension>
            <ns3:hr>184</ns3:hr>
            <ns3:cad>88</ns3:cad>
          </ns3:TrackPointExtension>
        </extensions>
      </trkpt>
      <trkpt lat="45.71108487434685230255126953125" lon="126.6182183660566806793212890625">
        <ele>152.600006103515625</ele>
        <time>2026-08-20T11:32:32.000Z</time>
        <extensions>
          <ns3:TrackPointExtension>
            <ns3:hr>184</ns3:hr>
            <ns3:cad>88</ns3:cad>
          </ns3:TrackPointExtension>
        </extensions>
      </trkpt>
      <trkpt lat="45.71108722127974033355712890625" lon="126.6182617843151092529296875">
        <ele>152.600006103515625</ele>
        <time>2026-08-20T11:32:33.000Z</time>
        <extensions>
          <ns3:TrackPointExtension>
            <ns3:hr>184</ns3:hr>
            <ns3:cad>88</ns3:cad>
          </ns3:TrackPointExtension>
        </extensions>
      </trkpt>
      <trkpt lat="45.7110946811735630035400390625" lon="126.61828835494816303253173828125">
        <ele>152.600006103515625</ele>
        <time>2026-08-20T11:32:34.000Z</time>
        <extensions>
          <ns3:TrackPointExtension>
            <ns3:hr>183</ns3:hr>
            <ns3:cad>88</ns3:cad>
          </ns3:TrackPointExtension>
        </extensions>
      </trkpt>
      <trkpt lat="45.71109560318291187286376953125" lon="126.6183343715965747833251953125">
        <ele>152.600006103515625</ele>
        <time>2026-08-20T11:32:35.000Z</time>
        <extensions>
          <ns3:TrackPointExtension>
            <ns3:hr>183</ns3:hr>
            <ns3:cad>88</ns3:cad>
          </ns3:TrackPointExtension>
        </extensions>
      </trkpt>
      <trkpt lat="45.7111007161438465118408203125" lon="126.6183628700673580169677734375">
        <ele>152.600006103515625</ele>
        <time>2026-08-20T11:32:36.000Z</time>
        <extensions>
          <ns3:TrackPointExtension>
            <ns3:hr>183</ns3:hr>
            <ns3:cad>88</ns3:cad>
          </ns3:TrackPointExtension>
        </extensions>
      </trkpt>
      <trkpt lat="45.7111090980470180511474609375" lon="126.6184101440012454986572265625">
        <ele>152.600006103515625</ele>
        <time>2026-08-20T11:32:37.000Z</time>
        <extensions>
          <ns3:TrackPointExtension>
            <ns3:hr>183</ns3:hr>
            <ns3:cad>88</ns3:cad>
          </ns3:TrackPointExtension>
        </extensions>
      </trkpt>
      <trkpt lat="45.7111193239688873291015625" lon="126.61844040267169475555419921875">
        <ele>152.600006103515625</ele>
        <time>2026-08-20T11:32:38.000Z</time>
        <extensions>
          <ns3:TrackPointExtension>
            <ns3:hr>183</ns3:hr>
            <ns3:cad>87</ns3:cad>
          </ns3:TrackPointExtension>
        </extensions>
      </trkpt>
      <trkpt lat="45.711125694215297698974609375" lon="126.6184842400252819061279296875">
        <ele>152.600006103515625</ele>
        <time>2026-08-20T11:32:39.000Z</time>
        <extensions>
          <ns3:TrackPointExtension>
            <ns3:hr>183</ns3:hr>
            <ns3:cad>87</ns3:cad>
          </ns3:TrackPointExtension>
        </extensions>
      </trkpt>
      <trkpt lat="45.71112896315753459930419921875" lon="126.61852086894214153289794921875">
        <ele>152.8000030517578125</ele>
        <time>2026-08-20T11:32:40.000Z</time>
        <extensions>
          <ns3:TrackPointExtension>
            <ns3:hr>183</ns3:hr>
            <ns3:cad>87</ns3:cad>
          </ns3:TrackPointExtension>
        </extensions>
      </trkpt>
      <trkpt lat="45.71113198064267635345458984375" lon="126.61855841986835002899169921875">
        <ele>152.8000030517578125</ele>
        <time>2026-08-20T11:32:41.000Z</time>
        <extensions>
          <ns3:TrackPointExtension>
            <ns3:hr>183</ns3:hr>
            <ns3:cad>87</ns3:cad>
          </ns3:TrackPointExtension>
        </extensions>
      </trkpt>
      <trkpt lat="45.7111315615475177764892578125" lon="126.61859781481325626373291015625">
        <ele>152.8000030517578125</ele>
        <time>2026-08-20T11:32:42.000Z</time>
        <extensions>
          <ns3:TrackPointExtension>
            <ns3:hr>183</ns3:hr>
            <ns3:cad>87</ns3:cad>
          </ns3:TrackPointExtension>
        </extensions>
      </trkpt>
      <trkpt lat="45.71113608777523040771484375" lon="126.61863167770206928253173828125">
        <ele>152.8000030517578125</ele>
        <time>2026-08-20T11:32:43.000Z</time>
        <extensions>
          <ns3:TrackPointExtension>
            <ns3:hr>183</ns3:hr>
            <ns3:cad>88</ns3:cad>
          </ns3:TrackPointExtension>
        </extensions>
      </trkpt>
      <trkpt lat="45.71113650687038898468017578125" lon="126.61867392249405384063720703125">
        <ele>152.8000030517578125</ele>
        <time>2026-08-20T11:32:44.000Z</time>
        <extensions>
          <ns3:TrackPointExtension>
            <ns3:hr>183</ns3:hr>
            <ns3:cad>88</ns3:cad>
          </ns3:TrackPointExtension>
        </extensions>
      </trkpt>
      <trkpt lat="45.7111449725925922393798828125" lon="126.6187065280973911285400390625">
        <ele>153</ele>
        <time>2026-08-20T11:32:45.000Z</time>
        <extensions>
          <ns3:TrackPointExtension>
            <ns3:hr>184</ns3:hr>
            <ns3:cad>87</ns3:cad>
          </ns3:TrackPointExtension>
        </extensions>
      </trkpt>
      <trkpt lat="45.71115008555352687835693359375" lon="126.61874449811875820159912109375">
        <ele>153.1999969482421875</ele>
        <time>2026-08-20T11:32:46.000Z</time>
        <extensions>
          <ns3:TrackPointExtension>
            <ns3:hr>184</ns3:hr>
            <ns3:cad>87</ns3:cad>
          </ns3:TrackPointExtension>
        </extensions>
      </trkpt>
      <trkpt lat="45.711153857409954071044921875" lon="126.6187776066362857818603515625">
        <ele>153.399993896484375</ele>
        <time>2026-08-20T11:32:47.000Z</time>
        <extensions>
          <ns3:TrackPointExtension>
            <ns3:hr>184</ns3:hr>
            <ns3:cad>87</ns3:cad>
          </ns3:TrackPointExtension>
        </extensions>
      </trkpt>
      <trkpt lat="45.71115159429609775543212890625" lon="126.61881767213344573974609375">
        <ele>153.399993896484375</ele>
        <time>2026-08-20T11:32:48.000Z</time>
        <extensions>
          <ns3:TrackPointExtension>
            <ns3:hr>185</ns3:hr>
            <ns3:cad>87</ns3:cad>
          </ns3:TrackPointExtension>
        </extensions>
      </trkpt>
      <trkpt lat="45.71115553379058837890625" lon="126.6188506968319416046142578125">
        <ele>153.600006103515625</ele>
        <time>2026-08-20T11:32:49.000Z</time>
        <extensions>
          <ns3:TrackPointExtension>
            <ns3:hr>185</ns3:hr>
            <ns3:cad>87</ns3:cad>
          </ns3:TrackPointExtension>
        </extensions>
      </trkpt>
      <trkpt lat="45.71115544997155666351318359375" lon="126.61889000795781612396240234375">
        <ele>153.600006103515625</ele>
        <time>2026-08-20T11:32:50.000Z</time>
        <extensions>
          <ns3:TrackPointExtension>
            <ns3:hr>185</ns3:hr>
            <ns3:cad>87</ns3:cad>
          </ns3:TrackPointExtension>
        </extensions>
      </trkpt>
      <trkpt lat="45.71115729399025440216064453125" lon="126.6189224459230899810791015625">
        <ele>153.600006103515625</ele>
        <time>2026-08-20T11:32:51.000Z</time>
        <extensions>
          <ns3:TrackPointExtension>
            <ns3:hr>185</ns3:hr>
            <ns3:cad>87</ns3:cad>
          </ns3:TrackPointExtension>
        </extensions>
      </trkpt>
      <trkpt lat="45.711157210171222686767578125" lon="126.6189616732299327850341796875">
        <ele>153.399993896484375</ele>
        <time>2026-08-20T11:32:52.000Z</time>
        <extensions>
          <ns3:TrackPointExtension>
            <ns3:hr>185</ns3:hr>
            <ns3:cad>87</ns3:cad>
          </ns3:TrackPointExtension>
        </extensions>
      </trkpt>
      <trkpt lat="45.7111597247421741485595703125" lon="126.6189965419471263885498046875">
        <ele>153.399993896484375</ele>
        <time>2026-08-20T11:32:53.000Z</time>
        <extensions>
          <ns3:TrackPointExtension>
            <ns3:hr>186</ns3:hr>
            <ns3:cad>87</ns3:cad>
          </ns3:TrackPointExtension>
        </extensions>
      </trkpt>
      <trkpt lat="45.7111657597124576568603515625" lon="126.61903300322592258453369140625">
        <ele>153.399993896484375</ele>
        <time>2026-08-20T11:32:54.000Z</time>
        <extensions>
          <ns3:TrackPointExtension>
            <ns3:hr>186</ns3:hr>
            <ns3:cad>87</ns3:cad>
          </ns3:TrackPointExtension>
        </extensions>
      </trkpt>
      <trkpt lat="45.71116693317890167236328125" lon="126.619073487818241119384765625">
        <ele>153.600006103515625</ele>
        <time>2026-08-20T11:32:55.000Z</time>
        <extensions>
          <ns3:TrackPointExtension>
            <ns3:hr>186</ns3:hr>
            <ns3:cad>88</ns3:cad>
          </ns3:TrackPointExtension>
        </extensions>
      </trkpt>
      <trkpt lat="45.71117254905402660369873046875" lon="126.61910290829837322235107421875">
        <ele>153.600006103515625</ele>
        <time>2026-08-20T11:32:56.000Z</time>
        <extensions>
          <ns3:TrackPointExtension>
            <ns3:hr>186</ns3:hr>
            <ns3:cad>88</ns3:cad>
          </ns3:TrackPointExtension>
        </extensions>
      </trkpt>
      <trkpt lat="45.7111738063395023345947265625" lon="126.61913727410137653350830078125">
        <ele>153.8000030517578125</ele>
        <time>2026-08-20T11:32:57.000Z</time>
        <extensions>
          <ns3:TrackPointExtension>
            <ns3:hr>186</ns3:hr>
            <ns3:cad>88</ns3:cad>
          </ns3:TrackPointExtension>
        </extensions>
      </trkpt>
      <trkpt lat="45.71117766201496124267578125" lon="126.619165353477001190185546875">
        <ele>153.8000030517578125</ele>
        <time>2026-08-20T11:32:58.000Z</time>
        <extensions>
          <ns3:TrackPointExtension>
            <ns3:hr>185</ns3:hr>
            <ns3:cad>88</ns3:cad>
          </ns3:TrackPointExtension>
        </extensions>
      </trkpt>
      <trkpt lat="45.71118026040494441986083984375" lon="126.6192059218883514404296875">
        <ele>153.8000030517578125</ele>
        <time>2026-08-20T11:32:59.000Z</time>
        <extensions>
          <ns3:TrackPointExtension>
            <ns3:hr>185</ns3:hr>
            <ns3:cad>88</ns3:cad>
          </ns3:TrackPointExtension>
        </extensions>
      </trkpt>
      <trkpt lat="45.711185373365879058837890625" lon="126.61923064850270748138427734375">
        <ele>153.8000030517578125</ele>
        <time>2026-08-20T11:33:00.000Z</time>
        <extensions>
          <ns3:TrackPointExtension>
            <ns3:hr>185</ns3:hr>
            <ns3:cad>87</ns3:cad>
          </ns3:TrackPointExtension>
        </extensions>
      </trkpt>
      <trkpt lat="45.71118998341262340545654296875" lon="126.61927096545696258544921875">
        <ele>153.8000030517578125</ele>
        <time>2026-08-20T11:33:01.000Z</time>
        <extensions>
          <ns3:TrackPointExtension>
            <ns3:hr>185</ns3:hr>
            <ns3:cad>87</ns3:cad>
          </ns3:TrackPointExtension>
        </extensions>
      </trkpt>
      <trkpt lat="45.7111917436122894287109375" lon="126.619298122823238372802734375">
        <ele>154</ele>
        <time>2026-08-20T11:33:02.000Z</time>
        <extensions>
          <ns3:TrackPointExtension>
            <ns3:hr>184</ns3:hr>
            <ns3:cad>87</ns3:cad>
          </ns3:TrackPointExtension>
        </extensions>
      </trkpt>
      <trkpt lat="45.7111971080303192138671875" lon="126.6193304769694805145263671875">
        <ele>154</ele>
        <time>2026-08-20T11:33:03.000Z</time>
        <extensions>
          <ns3:TrackPointExtension>
            <ns3:hr>183</ns3:hr>
            <ns3:cad>87</ns3:cad>
          </ns3:TrackPointExtension>
        </extensions>
      </trkpt>
      <trkpt lat="45.71120440028607845306396484375" lon="126.619364507496356964111328125">
        <ele>154</ele>
        <time>2026-08-20T11:33:04.000Z</time>
        <extensions>
          <ns3:TrackPointExtension>
            <ns3:hr>183</ns3:hr>
            <ns3:cad>86</ns3:cad>
          </ns3:TrackPointExtension>
        </extensions>
      </trkpt>
      <trkpt lat="45.71121311746537685394287109375" lon="126.6193938441574573516845703125">
        <ele>154.1999969482421875</ele>
        <time>2026-08-20T11:33:05.000Z</time>
        <extensions>
          <ns3:TrackPointExtension>
            <ns3:hr>183</ns3:hr>
            <ns3:cad>86</ns3:cad>
          </ns3:TrackPointExtension>
        </extensions>
      </trkpt>
      <trkpt lat="45.71121680550277233123779296875" lon="126.6194310598075389862060546875">
        <ele>154.1999969482421875</ele>
        <time>2026-08-20T11:33:06.000Z</time>
        <extensions>
          <ns3:TrackPointExtension>
            <ns3:hr>184</ns3:hr>
            <ns3:cad>86</ns3:cad>
          </ns3:TrackPointExtension>
        </extensions>
      </trkpt>
      <trkpt lat="45.71122032590210437774658203125" lon="126.61945779807865619659423828125">
        <ele>154.1999969482421875</ele>
        <time>2026-08-20T11:33:07.000Z</time>
        <extensions>
          <ns3:TrackPointExtension>
            <ns3:hr>183</ns3:hr>
            <ns3:cad>86</ns3:cad>
          </ns3:TrackPointExtension>
        </extensions>
      </trkpt>
      <trkpt lat="45.7112220861017704010009765625" lon="126.61949434317648410797119140625">
        <ele>154.1999969482421875</ele>
        <time>2026-08-20T11:33:08.000Z</time>
        <extensions>
          <ns3:TrackPointExtension>
            <ns3:hr>183</ns3:hr>
            <ns3:cad>87</ns3:cad>
          </ns3:TrackPointExtension>
        </extensions>
      </trkpt>
      <trkpt lat="45.71121881715953350067138671875" lon="126.61952183581888675689697265625">
        <ele>154.1999969482421875</ele>
        <time>2026-08-20T11:33:09.000Z</time>
        <extensions>
          <ns3:TrackPointExtension>
            <ns3:hr>183</ns3:hr>
            <ns3:cad>87</ns3:cad>
          </ns3:TrackPointExtension>
        </extensions>
      </trkpt>
      <trkpt lat="45.71121512912213802337646484375" lon="126.61956307478249073028564453125">
        <ele>154.1999969482421875</ele>
        <time>2026-08-20T11:33:10.000Z</time>
        <extensions>
          <ns3:TrackPointExtension>
            <ns3:hr>183</ns3:hr>
            <ns3:cad>87</ns3:cad>
          </ns3:TrackPointExtension>
        </extensions>
      </trkpt>
      <trkpt lat="45.7112185657024383544921875" lon="126.6195940040051937103271484375">
        <ele>154.1999969482421875</ele>
        <time>2026-08-20T11:33:11.000Z</time>
        <extensions>
          <ns3:TrackPointExtension>
            <ns3:hr>183</ns3:hr>
            <ns3:cad>87</ns3:cad>
          </ns3:TrackPointExtension>
        </extensions>
      </trkpt>
      <trkpt lat="45.71122191846370697021484375" lon="126.61963800899684429168701171875">
        <ele>154.1999969482421875</ele>
        <time>2026-08-20T11:33:12.000Z</time>
        <extensions>
          <ns3:TrackPointExtension>
            <ns3:hr>183</ns3:hr>
            <ns3:cad>87</ns3:cad>
          </ns3:TrackPointExtension>
        </extensions>
      </trkpt>
      <trkpt lat="45.7112227566540241241455078125" lon="126.6196741349995136260986328125">
        <ele>154.1999969482421875</ele>
        <time>2026-08-20T11:33:13.000Z</time>
        <extensions>
          <ns3:TrackPointExtension>
            <ns3:hr>183</ns3:hr>
            <ns3:cad>87</ns3:cad>
          </ns3:TrackPointExtension>
        </extensions>
      </trkpt>
      <trkpt lat="45.71122904308140277862548828125" lon="126.61970975808799266815185546875">
        <ele>154.1999969482421875</ele>
        <time>2026-08-20T11:33:14.000Z</time>
        <extensions>
          <ns3:TrackPointExtension>
            <ns3:hr>183</ns3:hr>
            <ns3:cad>87</ns3:cad>
          </ns3:TrackPointExtension>
        </extensions>
      </trkpt>
      <trkpt lat="45.7112294621765613555908203125" lon="126.61974714137613773345947265625">
        <ele>154.399993896484375</ele>
        <time>2026-08-20T11:33:15.000Z</time>
        <extensions>
          <ns3:TrackPointExtension>
            <ns3:hr>183</ns3:hr>
            <ns3:cad>87</ns3:cad>
          </ns3:TrackPointExtension>
        </extensions>
      </trkpt>
      <trkpt lat="45.7112398557364940643310546875" lon="126.61977245472371578216552734375">
        <ele>154.399993896484375</ele>
        <time>2026-08-20T11:33:16.000Z</time>
        <extensions>
          <ns3:TrackPointExtension>
            <ns3:hr>183</ns3:hr>
            <ns3:cad>87</ns3:cad>
          </ns3:TrackPointExtension>
        </extensions>
      </trkpt>
      <trkpt lat="45.711239688098430633544921875" lon="126.61980983801186084747314453125">
        <ele>154.399993896484375</ele>
        <time>2026-08-20T11:33:17.000Z</time>
        <extensions>
          <ns3:TrackPointExtension>
            <ns3:hr>182</ns3:hr>
            <ns3:cad>87</ns3:cad>
          </ns3:TrackPointExtension>
        </extensions>
      </trkpt>
      <trkpt lat="45.711247734725475311279296875" lon="126.61983280442655086517333984375">
        <ele>154.399993896484375</ele>
        <time>2026-08-20T11:33:18.000Z</time>
        <extensions>
          <ns3:TrackPointExtension>
            <ns3:hr>183</ns3:hr>
            <ns3:cad>87</ns3:cad>
          </ns3:TrackPointExtension>
        </extensions>
      </trkpt>
      <trkpt lat="45.71125200949609279632568359375" lon="126.619874797761440277099609375">
        <ele>154.399993896484375</ele>
        <time>2026-08-20T11:33:19.000Z</time>
        <extensions>
          <ns3:TrackPointExtension>
            <ns3:hr>183</ns3:hr>
            <ns3:cad>87</ns3:cad>
          </ns3:TrackPointExtension>
        </extensions>
      </trkpt>
      <trkpt lat="45.7112562842667102813720703125" lon="126.61990572698414325714111328125">
        <ele>154.399993896484375</ele>
        <time>2026-08-20T11:33:20.000Z</time>
        <extensions>
          <ns3:TrackPointExtension>
            <ns3:hr>183</ns3:hr>
            <ns3:cad>87</ns3:cad>
          </ns3:TrackPointExtension>
        </extensions>
      </trkpt>
      <trkpt lat="45.71125720627605915069580078125" lon="126.61994646303355693817138671875">
        <ele>154.399993896484375</ele>
        <time>2026-08-20T11:33:21.000Z</time>
        <extensions>
          <ns3:TrackPointExtension>
            <ns3:hr>183</ns3:hr>
            <ns3:cad>87</ns3:cad>
          </ns3:TrackPointExtension>
        </extensions>
      </trkpt>
      <trkpt lat="45.7112576253712177276611328125" lon="126.61997965537011623382568359375">
        <ele>154.399993896484375</ele>
        <time>2026-08-20T11:33:22.000Z</time>
        <extensions>
          <ns3:TrackPointExtension>
            <ns3:hr>183</ns3:hr>
            <ns3:cad>87</ns3:cad>
          </ns3:TrackPointExtension>
        </extensions>
      </trkpt>
      <trkpt lat="45.7112639956176280975341796875" lon="126.6200172901153564453125">
        <ele>154.399993896484375</ele>
        <time>2026-08-20T11:33:23.000Z</time>
        <extensions>
          <ns3:TrackPointExtension>
            <ns3:hr>184</ns3:hr>
            <ns3:cad>87</ns3:cad>
          </ns3:TrackPointExtension>
        </extensions>
      </trkpt>
      <trkpt lat="45.7112696953117847442626953125" lon="126.6200526617467403411865234375">
        <ele>154.399993896484375</ele>
        <time>2026-08-20T11:33:24.000Z</time>
        <extensions>
          <ns3:TrackPointExtension>
            <ns3:hr>184</ns3:hr>
            <ns3:cad>86</ns3:cad>
          </ns3:TrackPointExtension>
        </extensions>
      </trkpt>
      <trkpt lat="45.7112737186253070831298828125" lon="126.6200878657400608062744140625">
        <ele>154.600006103515625</ele>
        <time>2026-08-20T11:33:25.000Z</time>
        <extensions>
          <ns3:TrackPointExtension>
            <ns3:hr>184</ns3:hr>
            <ns3:cad>86</ns3:cad>
          </ns3:TrackPointExtension>
        </extensions>
      </trkpt>
      <trkpt lat="45.71127422153949737548828125" lon="126.62012700922787189483642578125">
        <ele>154.600006103515625</ele>
        <time>2026-08-20T11:33:26.000Z</time>
        <extensions>
          <ns3:TrackPointExtension>
            <ns3:hr>184</ns3:hr>
            <ns3:cad>86</ns3:cad>
          </ns3:TrackPointExtension>
        </extensions>
      </trkpt>
      <trkpt lat="45.7112856209278106689453125" lon="126.620153076946735382080078125">
        <ele>154.600006103515625</ele>
        <time>2026-08-20T11:33:27.000Z</time>
        <extensions>
          <ns3:TrackPointExtension>
            <ns3:hr>183</ns3:hr>
            <ns3:cad>87</ns3:cad>
          </ns3:TrackPointExtension>
        </extensions>
      </trkpt>
      <trkpt lat="45.71128821931779384613037109375" lon="126.62019389681518077850341796875">
        <ele>154.600006103515625</ele>
        <time>2026-08-20T11:33:28.000Z</time>
        <extensions>
          <ns3:TrackPointExtension>
            <ns3:hr>183</ns3:hr>
            <ns3:cad>87</ns3:cad>
          </ns3:TrackPointExtension>
        </extensions>
      </trkpt>
      <trkpt lat="45.71129702031612396240234375" lon="126.62021988071501255035400390625">
        <ele>154.600006103515625</ele>
        <time>2026-08-20T11:33:29.000Z</time>
        <extensions>
          <ns3:TrackPointExtension>
            <ns3:hr>183</ns3:hr>
            <ns3:cad>87</ns3:cad>
          </ns3:TrackPointExtension>
        </extensions>
      </trkpt>
      <trkpt lat="45.7113055698573589324951171875" lon="126.6202608682215213775634765625">
        <ele>154.600006103515625</ele>
        <time>2026-08-20T11:33:30.000Z</time>
        <extensions>
          <ns3:TrackPointExtension>
            <ns3:hr>183</ns3:hr>
            <ns3:cad>87</ns3:cad>
          </ns3:TrackPointExtension>
        </extensions>
      </trkpt>
      <trkpt lat="45.71131822653114795684814453125" lon="126.62029062397778034210205078125">
        <ele>154.600006103515625</ele>
        <time>2026-08-20T11:33:31.000Z</time>
        <extensions>
          <ns3:TrackPointExtension>
            <ns3:hr>183</ns3:hr>
            <ns3:cad>87</ns3:cad>
          </ns3:TrackPointExtension>
        </extensions>
      </trkpt>
      <trkpt lat="45.71132518351078033447265625" lon="126.6203299351036548614501953125">
        <ele>154.600006103515625</ele>
        <time>2026-08-20T11:33:32.000Z</time>
        <extensions>
          <ns3:TrackPointExtension>
            <ns3:hr>183</ns3:hr>
            <ns3:cad>87</ns3:cad>
          </ns3:TrackPointExtension>
        </extensions>
      </trkpt>
      <trkpt lat="45.71132526732981204986572265625" lon="126.6203651390969753265380859375">
        <ele>154.600006103515625</ele>
        <time>2026-08-20T11:33:33.000Z</time>
        <extensions>
          <ns3:TrackPointExtension>
            <ns3:hr>183</ns3:hr>
            <ns3:cad>87</ns3:cad>
          </ns3:TrackPointExtension>
        </extensions>
      </trkpt>
      <trkpt lat="45.711324177682399749755859375" lon="126.6204053722321987152099609375">
        <ele>154.8000030517578125</ele>
        <time>2026-08-20T11:33:34.000Z</time>
        <extensions>
          <ns3:TrackPointExtension>
            <ns3:hr>183</ns3:hr>
            <ns3:cad>87</ns3:cad>
          </ns3:TrackPointExtension>
        </extensions>
      </trkpt>
      <trkpt lat="45.71132342331111431121826171875" lon="126.62044443190097808837890625">
        <ele>154.8000030517578125</ele>
        <time>2026-08-20T11:33:35.000Z</time>
        <extensions>
          <ns3:TrackPointExtension>
            <ns3:hr>182</ns3:hr>
            <ns3:cad>87</ns3:cad>
          </ns3:TrackPointExtension>
        </extensions>
      </trkpt>
      <trkpt lat="45.711328200995922088623046875" lon="126.6204754449427127838134765625">
        <ele>154.8000030517578125</ele>
        <time>2026-08-20T11:33:36.000Z</time>
        <extensions>
          <ns3:TrackPointExtension>
            <ns3:hr>183</ns3:hr>
            <ns3:cad>87</ns3:cad>
          </ns3:TrackPointExtension>
        </extensions>
      </trkpt>
      <trkpt lat="45.71132878772914409637451171875" lon="126.6205150075256824493408203125">
        <ele>154.8000030517578125</ele>
        <time>2026-08-20T11:33:37.000Z</time>
        <extensions>
          <ns3:TrackPointExtension>
            <ns3:hr>183</ns3:hr>
            <ns3:cad>87</ns3:cad>
          </ns3:TrackPointExtension>
        </extensions>
      </trkpt>
      <trkpt lat="45.711331553757190704345703125" lon="126.6205435059964656829833984375">
        <ele>154.8000030517578125</ele>
        <time>2026-08-20T11:33:38.000Z</time>
        <extensions>
          <ns3:TrackPointExtension>
            <ns3:hr>183</ns3:hr>
            <ns3:cad>87</ns3:cad>
          </ns3:TrackPointExtension>
        </extensions>
      </trkpt>
      <trkpt lat="45.71133079938590526580810546875" lon="126.62058164365589618682861328125">
        <ele>154.8000030517578125</ele>
        <time>2026-08-20T11:33:39.000Z</time>
        <extensions>
          <ns3:TrackPointExtension>
            <ns3:hr>184</ns3:hr>
            <ns3:cad>87</ns3:cad>
          </ns3:TrackPointExtension>
        </extensions>
      </trkpt>
      <trkpt lat="45.7113347388803958892822265625" lon="126.62061232142150402069091796875">
        <ele>154.8000030517578125</ele>
        <time>2026-08-20T11:33:40.000Z</time>
        <extensions>
          <ns3:TrackPointExtension>
            <ns3:hr>183</ns3:hr>
            <ns3:cad>87</ns3:cad>
          </ns3:TrackPointExtension>
        </extensions>
      </trkpt>
      <trkpt lat="45.71133532561361789703369140625" lon="126.62065456621348857879638671875">
        <ele>154.8000030517578125</ele>
        <time>2026-08-20T11:33:41.000Z</time>
        <extensions>
          <ns3:TrackPointExtension>
            <ns3:hr>183</ns3:hr>
            <ns3:cad>87</ns3:cad>
          </ns3:TrackPointExtension>
        </extensions>
      </trkpt>
      <trkpt lat="45.7113468088209629058837890625" lon="126.62068490870296955108642578125">
        <ele>155</ele>
        <time>2026-08-20T11:33:42.000Z</time>
        <extensions>
          <ns3:TrackPointExtension>
            <ns3:hr>184</ns3:hr>
            <ns3:cad>87</ns3:cad>
          </ns3:TrackPointExtension>
        </extensions>
      </trkpt>
      <trkpt lat="45.7113538496196269989013671875" lon="126.6207245551049709320068359375">
        <ele>155</ele>
        <time>2026-08-20T11:33:43.000Z</time>
        <extensions>
          <ns3:TrackPointExtension>
            <ns3:hr>184</ns3:hr>
            <ns3:cad>87</ns3:cad>
          </ns3:TrackPointExtension>
        </extensions>
      </trkpt>
      <trkpt lat="45.711355693638324737548828125" lon="126.620761938393115997314453125">
        <ele>155</ele>
        <time>2026-08-20T11:33:44.000Z</time>
        <extensions>
          <ns3:TrackPointExtension>
            <ns3:hr>184</ns3:hr>
            <ns3:cad>86</ns3:cad>
          </ns3:TrackPointExtension>
        </extensions>
      </trkpt>
      <trkpt lat="45.711363069713115692138671875" lon="126.62079538218677043914794921875">
        <ele>155</ele>
        <time>2026-08-20T11:33:45.000Z</time>
        <extensions>
          <ns3:TrackPointExtension>
            <ns3:hr>184</ns3:hr>
            <ns3:cad>86</ns3:cad>
          </ns3:TrackPointExtension>
        </extensions>
      </trkpt>
      <trkpt lat="45.71136675775051116943359375" lon="126.6208318434655666351318359375">
        <ele>155</ele>
        <time>2026-08-20T11:33:46.000Z</time>
        <extensions>
          <ns3:TrackPointExtension>
            <ns3:hr>184</ns3:hr>
            <ns3:cad>86</ns3:cad>
          </ns3:TrackPointExtension>
        </extensions>
      </trkpt>
      <trkpt lat="45.71137069724500179290771484375" lon="126.620860509574413299560546875">
        <ele>155</ele>
        <time>2026-08-20T11:33:47.000Z</time>
        <extensions>
          <ns3:TrackPointExtension>
            <ns3:hr>185</ns3:hr>
            <ns3:cad>87</ns3:cad>
          </ns3:TrackPointExtension>
        </extensions>
      </trkpt>
      <trkpt lat="45.71137421764433383941650390625" lon="126.62090099416673183441162109375">
        <ele>155</ele>
        <time>2026-08-20T11:33:48.000Z</time>
        <extensions>
          <ns3:TrackPointExtension>
            <ns3:hr>184</ns3:hr>
            <ns3:cad>87</ns3:cad>
          </ns3:TrackPointExtension>
        </extensions>
      </trkpt>
      <trkpt lat="45.71138461120426654815673828125" lon="126.62092530168592929840087890625">
        <ele>155</ele>
        <time>2026-08-20T11:33:49.000Z</time>
        <extensions>
          <ns3:TrackPointExtension>
            <ns3:hr>184</ns3:hr>
            <ns3:cad>87</ns3:cad>
          </ns3:TrackPointExtension>
        </extensions>
      </trkpt>
      <trkpt lat="45.7113873772323131561279296875" lon="126.62097416818141937255859375">
        <ele>155</ele>
        <time>2026-08-20T11:33:50.000Z</time>
        <extensions>
          <ns3:TrackPointExtension>
            <ns3:hr>185</ns3:hr>
            <ns3:cad>87</ns3:cad>
          </ns3:TrackPointExtension>
        </extensions>
      </trkpt>
      <trkpt lat="45.7113934122025966644287109375" lon="126.62100425921380519866943359375">
        <ele>155</ele>
        <time>2026-08-20T11:33:51.000Z</time>
        <extensions>
          <ns3:TrackPointExtension>
            <ns3:hr>185</ns3:hr>
            <ns3:cad>87</ns3:cad>
          </ns3:TrackPointExtension>
        </extensions>
      </trkpt>
      <trkpt lat="45.7113977707922458648681640625" lon="126.62104734219610691070556640625">
        <ele>155</ele>
        <time>2026-08-20T11:33:52.000Z</time>
        <extensions>
          <ns3:TrackPointExtension>
            <ns3:hr>185</ns3:hr>
            <ns3:cad>87</ns3:cad>
          </ns3:TrackPointExtension>
        </extensions>
      </trkpt>
      <trkpt lat="45.71140137501060962677001953125" lon="126.62108011543750762939453125">
        <ele>155</ele>
        <time>2026-08-20T11:33:53.000Z</time>
        <extensions>
          <ns3:TrackPointExtension>
            <ns3:hr>185</ns3:hr>
            <ns3:cad>87</ns3:cad>
          </ns3:TrackPointExtension>
        </extensions>
      </trkpt>
      <trkpt lat="45.7114048115909099578857421875" lon="126.62111791782081127166748046875">
        <ele>155</ele>
        <time>2026-08-20T11:33:54.000Z</time>
        <extensions>
          <ns3:TrackPointExtension>
            <ns3:hr>185</ns3:hr>
            <ns3:cad>87</ns3:cad>
          </ns3:TrackPointExtension>
        </extensions>
      </trkpt>
      <trkpt lat="45.71140657179057598114013671875" lon="126.62115253508090972900390625">
        <ele>155</ele>
        <time>2026-08-20T11:33:55.000Z</time>
        <extensions>
          <ns3:TrackPointExtension>
            <ns3:hr>185</ns3:hr>
            <ns3:cad>87</ns3:cad>
          </ns3:TrackPointExtension>
        </extensions>
      </trkpt>
      <trkpt lat="45.71141059510409832000732421875" lon="126.62118379957973957061767578125">
        <ele>155</ele>
        <time>2026-08-20T11:33:56.000Z</time>
        <extensions>
          <ns3:TrackPointExtension>
            <ns3:hr>185</ns3:hr>
            <ns3:cad>87</ns3:cad>
          </ns3:TrackPointExtension>
        </extensions>
      </trkpt>
      <trkpt lat="45.7114101760089397430419921875" lon="126.62122084759175777435302734375">
        <ele>155</ele>
        <time>2026-08-20T11:33:57.000Z</time>
        <extensions>
          <ns3:TrackPointExtension>
            <ns3:hr>184</ns3:hr>
            <ns3:cad>87</ns3:cad>
          </ns3:TrackPointExtension>
        </extensions>
      </trkpt>
      <trkpt lat="45.71141428314149379730224609375" lon="126.62124909460544586181640625">
        <ele>155</ele>
        <time>2026-08-20T11:33:58.000Z</time>
        <extensions>
          <ns3:TrackPointExtension>
            <ns3:hr>184</ns3:hr>
            <ns3:cad>87</ns3:cad>
          </ns3:TrackPointExtension>
        </extensions>
      </trkpt>
      <trkpt lat="45.7114158757030963897705078125" lon="126.62128957919776439666748046875">
        <ele>155</ele>
        <time>2026-08-20T11:33:59.000Z</time>
        <extensions>
          <ns3:TrackPointExtension>
            <ns3:hr>185</ns3:hr>
            <ns3:cad>87</ns3:cad>
          </ns3:TrackPointExtension>
        </extensions>
      </trkpt>
      <trkpt lat="45.71141512133181095123291015625" lon="126.62131925113499164581298828125">
        <ele>155</ele>
        <time>2026-08-20T11:34:00.000Z</time>
        <extensions>
          <ns3:TrackPointExtension>
            <ns3:hr>185</ns3:hr>
            <ns3:cad>87</ns3:cad>
          </ns3:TrackPointExtension>
        </extensions>
      </trkpt>
      <trkpt lat="45.71141595952212810516357421875" lon="126.6213635914027690887451171875">
        <ele>155</ele>
        <time>2026-08-20T11:34:01.000Z</time>
        <extensions>
          <ns3:TrackPointExtension>
            <ns3:hr>185</ns3:hr>
            <ns3:cad>87</ns3:cad>
          </ns3:TrackPointExtension>
        </extensions>
      </trkpt>
      <trkpt lat="45.7114188931882381439208984375" lon="126.62139259278774261474609375">
        <ele>155.1999969482421875</ele>
        <time>2026-08-20T11:34:02.000Z</time>
        <extensions>
          <ns3:TrackPointExtension>
            <ns3:hr>185</ns3:hr>
            <ns3:cad>87</ns3:cad>
          </ns3:TrackPointExtension>
        </extensions>
      </trkpt>
      <trkpt lat="45.71142383851110935211181640625" lon="126.6214386932551860809326171875">
        <ele>155.1999969482421875</ele>
        <time>2026-08-20T11:34:03.000Z</time>
        <extensions>
          <ns3:TrackPointExtension>
            <ns3:hr>185</ns3:hr>
            <ns3:cad>87</ns3:cad>
          </ns3:TrackPointExtension>
        </extensions>
      </trkpt>
      <trkpt lat="45.71142735891044139862060546875" lon="126.621473729610443115234375">
        <ele>155.1999969482421875</ele>
        <time>2026-08-20T11:34:04.000Z</time>
        <extensions>
          <ns3:TrackPointExtension>
            <ns3:hr>186</ns3:hr>
            <ns3:cad>87</ns3:cad>
          </ns3:TrackPointExtension>
        </extensions>
      </trkpt>
      <trkpt lat="45.71143238805234432220458984375" lon="126.62151622585952281951904296875">
        <ele>155.1999969482421875</ele>
        <time>2026-08-20T11:34:05.000Z</time>
        <extensions>
          <ns3:TrackPointExtension>
            <ns3:hr>185</ns3:hr>
            <ns3:cad>88</ns3:cad>
          </ns3:TrackPointExtension>
        </extensions>
      </trkpt>
      <trkpt lat="45.7114346511662006378173828125" lon="126.62155495025217533111572265625">
        <ele>155.1999969482421875</ele>
        <time>2026-08-20T11:34:06.000Z</time>
        <extensions>
          <ns3:TrackPointExtension>
            <ns3:hr>185</ns3:hr>
            <ns3:cad>88</ns3:cad>
          </ns3:TrackPointExtension>
        </extensions>
      </trkpt>
      <trkpt lat="45.71143792010843753814697265625" lon="126.62159166298806667327880859375">
        <ele>155.1999969482421875</ele>
        <time>2026-08-20T11:34:07.000Z</time>
        <extensions>
          <ns3:TrackPointExtension>
            <ns3:hr>184</ns3:hr>
            <ns3:cad>88</ns3:cad>
          </ns3:TrackPointExtension>
        </extensions>
      </trkpt>
      <trkpt lat="45.7114413566887378692626953125" lon="126.62163139320909976959228515625">
        <ele>155.1999969482421875</ele>
        <time>2026-08-20T11:34:08.000Z</time>
        <extensions>
          <ns3:TrackPointExtension>
            <ns3:hr>184</ns3:hr>
            <ns3:cad>88</ns3:cad>
          </ns3:TrackPointExtension>
        </extensions>
      </trkpt>
      <trkpt lat="45.71144864894449710845947265625" lon="126.62166215479373931884765625">
        <ele>155.1999969482421875</ele>
        <time>2026-08-20T11:34:09.000Z</time>
        <extensions>
          <ns3:TrackPointExtension>
            <ns3:hr>184</ns3:hr>
            <ns3:cad>88</ns3:cad>
          </ns3:TrackPointExtension>
        </extensions>
      </trkpt>
      <trkpt lat="45.71145166642963886260986328125" lon="126.6217022202908992767333984375">
        <ele>155</ele>
        <time>2026-08-20T11:34:10.000Z</time>
        <extensions>
          <ns3:TrackPointExtension>
            <ns3:hr>184</ns3:hr>
            <ns3:cad>88</ns3:cad>
          </ns3:TrackPointExtension>
        </extensions>
      </trkpt>
      <trkpt lat="45.71145887486636638641357421875" lon="126.6217290423810482025146484375">
        <ele>155.1999969482421875</ele>
        <time>2026-08-20T11:34:11.000Z</time>
        <extensions>
          <ns3:TrackPointExtension>
            <ns3:hr>184</ns3:hr>
            <ns3:cad>88</ns3:cad>
          </ns3:TrackPointExtension>
        </extensions>
      </trkpt>
      <trkpt lat="45.7114698551595211029052734375" lon="126.6217682696878910064697265625">
        <ele>155.1999969482421875</ele>
        <time>2026-08-20T11:34:12.000Z</time>
        <extensions>
          <ns3:TrackPointExtension>
            <ns3:hr>184</ns3:hr>
            <ns3:cad>88</ns3:cad>
          </ns3:TrackPointExtension>
        </extensions>
      </trkpt>
      <trkpt lat="45.71147136390209197998046875" lon="126.62180028855800628662109375">
        <ele>155.1999969482421875</ele>
        <time>2026-08-20T11:34:13.000Z</time>
        <extensions>
          <ns3:TrackPointExtension>
            <ns3:hr>184</ns3:hr>
            <ns3:cad>87</ns3:cad>
          </ns3:TrackPointExtension>
        </extensions>
      </trkpt>
      <trkpt lat="45.71147463284432888031005859375" lon="126.62184613756835460662841796875">
        <ele>155.1999969482421875</ele>
        <time>2026-08-20T11:34:14.000Z</time>
        <extensions>
          <ns3:TrackPointExtension>
            <ns3:hr>184</ns3:hr>
            <ns3:cad>87</ns3:cad>
          </ns3:TrackPointExtension>
        </extensions>
      </trkpt>
      <trkpt lat="45.71148351766169071197509765625" lon="126.62187379784882068634033203125">
        <ele>155.1999969482421875</ele>
        <time>2026-08-20T11:34:15.000Z</time>
        <extensions>
          <ns3:TrackPointExtension>
            <ns3:hr>184</ns3:hr>
            <ns3:cad>87</ns3:cad>
          </ns3:TrackPointExtension>
        </extensions>
      </trkpt>
      <trkpt lat="45.71148955263197422027587890625" lon="126.62192543037235736846923828125">
        <ele>155.1999969482421875</ele>
        <time>2026-08-20T11:34:16.000Z</time>
        <extensions>
          <ns3:TrackPointExtension>
            <ns3:hr>184</ns3:hr>
            <ns3:cad>87</ns3:cad>
          </ns3:TrackPointExtension>
        </extensions>
      </trkpt>
      <trkpt lat="45.71149885654449462890625" lon="126.62195493467152118682861328125">
        <ele>155.1999969482421875</ele>
        <time>2026-08-20T11:34:17.000Z</time>
        <extensions>
          <ns3:TrackPointExtension>
            <ns3:hr>184</ns3:hr>
            <ns3:cad>87</ns3:cad>
          </ns3:TrackPointExtension>
        </extensions>
      </trkpt>
      <trkpt lat="45.71151084266602993011474609375" lon="126.62200187332928180694580078125">
        <ele>155.1999969482421875</ele>
        <time>2026-08-20T11:34:18.000Z</time>
        <extensions>
          <ns3:TrackPointExtension>
            <ns3:hr>185</ns3:hr>
            <ns3:cad>87</ns3:cad>
          </ns3:TrackPointExtension>
        </extensions>
      </trkpt>
      <trkpt lat="45.71151603944599628448486328125" lon="126.62203590385615825653076171875">
        <ele>155.1999969482421875</ele>
        <time>2026-08-20T11:34:19.000Z</time>
        <extensions>
          <ns3:TrackPointExtension>
            <ns3:hr>184</ns3:hr>
            <ns3:cad>87</ns3:cad>
          </ns3:TrackPointExtension>
        </extensions>
      </trkpt>
      <trkpt lat="45.7115201465785503387451171875" lon="126.62207831628620624542236328125">
        <ele>155.1999969482421875</ele>
        <time>2026-08-20T11:34:20.000Z</time>
        <extensions>
          <ns3:TrackPointExtension>
            <ns3:hr>184</ns3:hr>
            <ns3:cad>87</ns3:cad>
          </ns3:TrackPointExtension>
        </extensions>
      </trkpt>
      <trkpt lat="45.7115214876830577850341796875" lon="126.62211603485047817230224609375">
        <ele>155.1999969482421875</ele>
        <time>2026-08-20T11:34:21.000Z</time>
        <extensions>
          <ns3:TrackPointExtension>
            <ns3:hr>184</ns3:hr>
            <ns3:cad>87</ns3:cad>
          </ns3:TrackPointExtension>
        </extensions>
      </trkpt>
      <trkpt lat="45.71152458898723125457763671875" lon="126.6221514903008937835693359375">
        <ele>155.1999969482421875</ele>
        <time>2026-08-20T11:34:22.000Z</time>
        <extensions>
          <ns3:TrackPointExtension>
            <ns3:hr>184</ns3:hr>
            <ns3:cad>87</ns3:cad>
          </ns3:TrackPointExtension>
        </extensions>
      </trkpt>
      <trkpt lat="45.7115265168249607086181640625" lon="126.62219298072159290313720703125">
        <ele>155.1999969482421875</ele>
        <time>2026-08-20T11:34:23.000Z</time>
        <extensions>
          <ns3:TrackPointExtension>
            <ns3:hr>184</ns3:hr>
            <ns3:cad>88</ns3:cad>
          </ns3:TrackPointExtension>
        </extensions>
      </trkpt>
      <trkpt lat="45.71153246797621250152587890625" lon="126.6222249157726764678955078125">
        <ele>155.1999969482421875</ele>
        <time>2026-08-20T11:34:24.000Z</time>
        <extensions>
          <ns3:TrackPointExtension>
            <ns3:hr>184</ns3:hr>
            <ns3:cad>88</ns3:cad>
          </ns3:TrackPointExtension>
        </extensions>
      </trkpt>
      <trkpt lat="45.71153649128973484039306640625" lon="126.62226640619337558746337890625">
        <ele>155.1999969482421875</ele>
        <time>2026-08-20T11:34:25.000Z</time>
        <extensions>
          <ns3:TrackPointExtension>
            <ns3:hr>184</ns3:hr>
            <ns3:cad>89</ns3:cad>
          </ns3:TrackPointExtension>
        </extensions>
      </trkpt>
      <trkpt lat="45.7115471363067626953125" lon="126.6222953237593173980712890625">
        <ele>155.1999969482421875</ele>
        <time>2026-08-20T11:34:26.000Z</time>
        <extensions>
          <ns3:TrackPointExtension>
            <ns3:hr>184</ns3:hr>
            <ns3:cad>89</ns3:cad>
          </ns3:TrackPointExtension>
        </extensions>
      </trkpt>
      <trkpt lat="45.71155442856252193450927734375" lon="126.6223392449319362640380859375">
        <ele>155</ele>
        <time>2026-08-20T11:34:27.000Z</time>
        <extensions>
          <ns3:TrackPointExtension>
            <ns3:hr>184</ns3:hr>
            <ns3:cad>88</ns3:cad>
          </ns3:TrackPointExtension>
        </extensions>
      </trkpt>
      <trkpt lat="45.711558870971202850341796875" lon="126.622369922697544097900390625">
        <ele>155</ele>
        <time>2026-08-20T11:34:28.000Z</time>
        <extensions>
          <ns3:TrackPointExtension>
            <ns3:hr>184</ns3:hr>
            <ns3:cad>88</ns3:cad>
          </ns3:TrackPointExtension>
        </extensions>
      </trkpt>
      <trkpt lat="45.7115640677511692047119140625" lon="126.62241719663143157958984375">
        <ele>155</ele>
        <time>2026-08-20T11:34:29.000Z</time>
        <extensions>
          <ns3:TrackPointExtension>
            <ns3:hr>184</ns3:hr>
            <ns3:cad>88</ns3:cad>
          </ns3:TrackPointExtension>
        </extensions>
      </trkpt>
      <trkpt lat="45.71156398393213748931884765625" lon="126.62244938313961029052734375">
        <ele>155</ele>
        <time>2026-08-20T11:34:30.000Z</time>
        <extensions>
          <ns3:TrackPointExtension>
            <ns3:hr>184</ns3:hr>
            <ns3:cad>88</ns3:cad>
          </ns3:TrackPointExtension>
        </extensions>
      </trkpt>
      <trkpt lat="45.71156792342662811279296875" lon="126.62249363958835601806640625">
        <ele>155.1999969482421875</ele>
        <time>2026-08-20T11:34:31.000Z</time>
        <extensions>
          <ns3:TrackPointExtension>
            <ns3:hr>184</ns3:hr>
            <ns3:cad>88</ns3:cad>
          </ns3:TrackPointExtension>
        </extensions>
      </trkpt>
      <trkpt lat="45.7115687616169452667236328125" lon="126.62252674810588359832763671875">
        <ele>155.1999969482421875</ele>
        <time>2026-08-20T11:34:32.000Z</time>
        <extensions>
          <ns3:TrackPointExtension>
            <ns3:hr>184</ns3:hr>
            <ns3:cad>88</ns3:cad>
          </ns3:TrackPointExtension>
        </extensions>
      </trkpt>
      <trkpt lat="45.71157353930175304412841796875" lon="126.62256916053593158721923828125">
        <ele>155.1999969482421875</ele>
        <time>2026-08-20T11:34:33.000Z</time>
        <extensions>
          <ns3:TrackPointExtension>
            <ns3:hr>184</ns3:hr>
            <ns3:cad>87</ns3:cad>
          </ns3:TrackPointExtension>
        </extensions>
      </trkpt>
      <trkpt lat="45.71157471276819705963134765625" lon="126.622605957090854644775390625">
        <ele>155.1999969482421875</ele>
        <time>2026-08-20T11:34:34.000Z</time>
        <extensions>
          <ns3:TrackPointExtension>
            <ns3:hr>184</ns3:hr>
            <ns3:cad>87</ns3:cad>
          </ns3:TrackPointExtension>
        </extensions>
      </trkpt>
      <trkpt lat="45.711578987538814544677734375" lon="126.6226430051028728485107421875">
        <ele>155.1999969482421875</ele>
        <time>2026-08-20T11:34:35.000Z</time>
        <extensions>
          <ns3:TrackPointExtension>
            <ns3:hr>184</ns3:hr>
            <ns3:cad>87</ns3:cad>
          </ns3:TrackPointExtension>
        </extensions>
      </trkpt>
      <trkpt lat="45.71158058010041713714599609375" lon="126.62268063984811305999755859375">
        <ele>155</ele>
        <time>2026-08-20T11:34:36.000Z</time>
        <extensions>
          <ns3:TrackPointExtension>
            <ns3:hr>184</ns3:hr>
            <ns3:cad>87</ns3:cad>
          </ns3:TrackPointExtension>
        </extensions>
      </trkpt>
      <trkpt lat="45.71158125065267086029052734375" lon="126.62270997650921344757080078125">
        <ele>155</ele>
        <time>2026-08-20T11:34:37.000Z</time>
        <extensions>
          <ns3:TrackPointExtension>
            <ns3:hr>184</ns3:hr>
            <ns3:cad>87</ns3:cad>
          </ns3:TrackPointExtension>
        </extensions>
      </trkpt>
      <trkpt lat="45.7115868665277957916259765625" lon="126.622750796377658843994140625">
        <ele>155</ele>
        <time>2026-08-20T11:34:38.000Z</time>
        <extensions>
          <ns3:TrackPointExtension>
            <ns3:hr>185</ns3:hr>
            <ns3:cad>87</ns3:cad>
          </ns3:TrackPointExtension>
        </extensions>
      </trkpt>
      <trkpt lat="45.71159541606903076171875" lon="126.62278558127582073211669921875">
        <ele>155</ele>
        <time>2026-08-20T11:34:39.000Z</time>
        <extensions>
          <ns3:TrackPointExtension>
            <ns3:hr>185</ns3:hr>
            <ns3:cad>87</ns3:cad>
          </ns3:TrackPointExtension>
        </extensions>
      </trkpt>
      <trkpt lat="45.71159608662128448486328125" lon="126.62283184938132762908935546875">
        <ele>155</ele>
        <time>2026-08-20T11:34:40.000Z</time>
        <extensions>
          <ns3:TrackPointExtension>
            <ns3:hr>185</ns3:hr>
            <ns3:cad>87</ns3:cad>
          </ns3:TrackPointExtension>
        </extensions>
      </trkpt>
      <trkpt lat="45.711598433554172515869140625" lon="126.62286738865077495574951171875">
        <ele>155</ele>
        <time>2026-08-20T11:34:41.000Z</time>
        <extensions>
          <ns3:TrackPointExtension>
            <ns3:hr>185</ns3:hr>
            <ns3:cad>87</ns3:cad>
          </ns3:TrackPointExtension>
        </extensions>
      </trkpt>
      <trkpt lat="45.71160388179123401641845703125" lon="126.62291063927114009857177734375">
        <ele>155</ele>
        <time>2026-08-20T11:34:42.000Z</time>
        <extensions>
          <ns3:TrackPointExtension>
            <ns3:hr>185</ns3:hr>
            <ns3:cad>87</ns3:cad>
          </ns3:TrackPointExtension>
        </extensions>
      </trkpt>
      <trkpt lat="45.71161083877086639404296875" lon="126.622941903769969940185546875">
        <ele>155</ele>
        <time>2026-08-20T11:34:43.000Z</time>
        <extensions>
          <ns3:TrackPointExtension>
            <ns3:hr>185</ns3:hr>
            <ns3:cad>88</ns3:cad>
          </ns3:TrackPointExtension>
        </extensions>
      </trkpt>
      <trkpt lat="45.711618550121784210205078125" lon="126.62297618575394153594970703125">
        <ele>155</ele>
        <time>2026-08-20T11:34:44.000Z</time>
        <extensions>
          <ns3:TrackPointExtension>
            <ns3:hr>185</ns3:hr>
            <ns3:cad>88</ns3:cad>
          </ns3:TrackPointExtension>
        </extensions>
      </trkpt>
      <trkpt lat="45.71162064559757709503173828125" lon="126.62301289848983287811279296875">
        <ele>155</ele>
        <time>2026-08-20T11:34:45.000Z</time>
        <extensions>
          <ns3:TrackPointExtension>
            <ns3:hr>185</ns3:hr>
            <ns3:cad>88</ns3:cad>
          </ns3:TrackPointExtension>
        </extensions>
      </trkpt>
      <trkpt lat="45.711627267301082611083984375" lon="126.62304927594959735870361328125">
        <ele>155</ele>
        <time>2026-08-20T11:34:46.000Z</time>
        <extensions>
          <ns3:TrackPointExtension>
            <ns3:hr>185</ns3:hr>
            <ns3:cad>88</ns3:cad>
          </ns3:TrackPointExtension>
        </extensions>
      </trkpt>
      <trkpt lat="45.71163036860525608062744140625" lon="126.623089425265789031982421875">
        <ele>155</ele>
        <time>2026-08-20T11:34:47.000Z</time>
        <extensions>
          <ns3:TrackPointExtension>
            <ns3:hr>185</ns3:hr>
            <ns3:cad>88</ns3:cad>
          </ns3:TrackPointExtension>
        </extensions>
      </trkpt>
      <trkpt lat="45.71163757704198360443115234375" lon="126.62312664091587066650390625">
        <ele>155</ele>
        <time>2026-08-20T11:34:48.000Z</time>
        <extensions>
          <ns3:TrackPointExtension>
            <ns3:hr>185</ns3:hr>
            <ns3:cad>88</ns3:cad>
          </ns3:TrackPointExtension>
        </extensions>
      </trkpt>
      <trkpt lat="45.71164009161293506622314453125" lon="126.62317131645977497100830078125">
        <ele>155</ele>
        <time>2026-08-20T11:34:49.000Z</time>
        <extensions>
          <ns3:TrackPointExtension>
            <ns3:hr>185</ns3:hr>
            <ns3:cad>88</ns3:cad>
          </ns3:TrackPointExtension>
        </extensions>
      </trkpt>
      <trkpt lat="45.7116435281932353973388671875" lon="126.623205430805683135986328125">
        <ele>155</ele>
        <time>2026-08-20T11:34:50.000Z</time>
        <extensions>
          <ns3:TrackPointExtension>
            <ns3:hr>186</ns3:hr>
            <ns3:cad>88</ns3:cad>
          </ns3:TrackPointExtension>
        </extensions>
      </trkpt>
      <trkpt lat="45.71164696477353572845458984375" lon="126.6232498548924922943115234375">
        <ele>154.8000030517578125</ele>
        <time>2026-08-20T11:34:51.000Z</time>
        <extensions>
          <ns3:TrackPointExtension>
            <ns3:hr>185</ns3:hr>
            <ns3:cad>88</ns3:cad>
          </ns3:TrackPointExtension>
        </extensions>
      </trkpt>
      <trkpt lat="45.71165652014315128326416015625" lon="126.6232800297439098358154296875">
        <ele>154.8000030517578125</ele>
        <time>2026-08-20T11:34:52.000Z</time>
        <extensions>
          <ns3:TrackPointExtension>
            <ns3:hr>185</ns3:hr>
            <ns3:cad>87</ns3:cad>
          </ns3:TrackPointExtension>
        </extensions>
      </trkpt>
      <trkpt lat="45.7116606272757053375244140625" lon="126.62332084961235523223876953125">
        <ele>154.8000030517578125</ele>
        <time>2026-08-20T11:34:53.000Z</time>
        <extensions>
          <ns3:TrackPointExtension>
            <ns3:hr>186</ns3:hr>
            <ns3:cad>87</ns3:cad>
          </ns3:TrackPointExtension>
        </extensions>
      </trkpt>
      <trkpt lat="45.71166255511343479156494140625" lon="126.62335303612053394317626953125">
        <ele>155</ele>
        <time>2026-08-20T11:34:54.000Z</time>
        <extensions>
          <ns3:TrackPointExtension>
            <ns3:hr>185</ns3:hr>
            <ns3:cad>87</ns3:cad>
          </ns3:TrackPointExtension>
        </extensions>
      </trkpt>
      <trkpt lat="45.71166523732244968414306640625" lon="126.62339058704674243927001953125">
        <ele>155</ele>
        <time>2026-08-20T11:34:55.000Z</time>
        <extensions>
          <ns3:TrackPointExtension>
            <ns3:hr>185</ns3:hr>
            <ns3:cad>87</ns3:cad>
          </ns3:TrackPointExtension>
        </extensions>
      </trkpt>
      <trkpt lat="45.71167227812111377716064453125" lon="126.62342193536460399627685546875">
        <ele>155</ele>
        <time>2026-08-20T11:34:56.000Z</time>
        <extensions>
          <ns3:TrackPointExtension>
            <ns3:hr>186</ns3:hr>
            <ns3:cad>87</ns3:cad>
          </ns3:TrackPointExtension>
        </extensions>
      </trkpt>
      <trkpt lat="45.71167764253914356231689453125" lon="126.62345596589148044586181640625">
        <ele>155</ele>
        <time>2026-08-20T11:34:57.000Z</time>
        <extensions>
          <ns3:TrackPointExtension>
            <ns3:hr>185</ns3:hr>
            <ns3:cad>87</ns3:cad>
          </ns3:TrackPointExtension>
        </extensions>
      </trkpt>
      <trkpt lat="45.7116837613284587860107421875" lon="126.62349184043705463409423828125">
        <ele>155</ele>
        <time>2026-08-20T11:34:58.000Z</time>
        <extensions>
          <ns3:TrackPointExtension>
            <ns3:hr>186</ns3:hr>
            <ns3:cad>87</ns3:cad>
          </ns3:TrackPointExtension>
        </extensions>
      </trkpt>
      <trkpt lat="45.7116911374032497406005859375" lon="126.6235291399061679840087890625">
        <ele>155</ele>
        <time>2026-08-20T11:34:59.000Z</time>
        <extensions>
          <ns3:TrackPointExtension>
            <ns3:hr>186</ns3:hr>
            <ns3:cad>87</ns3:cad>
          </ns3:TrackPointExtension>
        </extensions>
      </trkpt>
      <trkpt lat="45.711699686944484710693359375" lon="126.6235579736530780792236328125">
        <ele>155</ele>
        <time>2026-08-20T11:35:00.000Z</time>
        <extensions>
          <ns3:TrackPointExtension>
            <ns3:hr>186</ns3:hr>
            <ns3:cad>87</ns3:cad>
          </ns3:TrackPointExtension>
        </extensions>
      </trkpt>
      <trkpt lat="45.71170597337186336517333984375" lon="126.62359736859798431396484375">
        <ele>155</ele>
        <time>2026-08-20T11:35:01.000Z</time>
        <extensions>
          <ns3:TrackPointExtension>
            <ns3:hr>186</ns3:hr>
            <ns3:cad>87</ns3:cad>
          </ns3:TrackPointExtension>
        </extensions>
      </trkpt>
      <trkpt lat="45.711705386638641357421875" lon="126.6236337460577487945556640625">
        <ele>155</ele>
        <time>2026-08-20T11:35:02.000Z</time>
        <extensions>
          <ns3:TrackPointExtension>
            <ns3:hr>185</ns3:hr>
            <ns3:cad>87</ns3:cad>
          </ns3:TrackPointExtension>
        </extensions>
      </trkpt>
      <trkpt lat="45.7117092423141002655029296875" lon="126.62367104552686214447021484375">
        <ele>154.8000030517578125</ele>
        <time>2026-08-20T11:35:03.000Z</time>
        <extensions>
          <ns3:TrackPointExtension>
            <ns3:hr>185</ns3:hr>
            <ns3:cad>88</ns3:cad>
          </ns3:TrackPointExtension>
        </extensions>
      </trkpt>
      <trkpt lat="45.711709074676036834716796875" lon="126.62371270358562469482421875">
        <ele>154.600006103515625</ele>
        <time>2026-08-20T11:35:04.000Z</time>
        <extensions>
          <ns3:TrackPointExtension>
            <ns3:hr>185</ns3:hr>
            <ns3:cad>89</ns3:cad>
          </ns3:TrackPointExtension>
        </extensions>
      </trkpt>
      <trkpt lat="45.71171033196151256561279296875" lon="126.6237487457692623138427734375">
        <ele>154.600006103515625</ele>
        <time>2026-08-20T11:35:05.000Z</time>
        <extensions>
          <ns3:TrackPointExtension>
            <ns3:hr>185</ns3:hr>
            <ns3:cad>88</ns3:cad>
          </ns3:TrackPointExtension>
        </extensions>
      </trkpt>
      <trkpt lat="45.71170899085700511932373046875" lon="126.623783446848392486572265625">
        <ele>154.600006103515625</ele>
        <time>2026-08-20T11:35:06.000Z</time>
        <extensions>
          <ns3:TrackPointExtension>
            <ns3:hr>186</ns3:hr>
            <ns3:cad>87</ns3:cad>
          </ns3:TrackPointExtension>
        </extensions>
      </trkpt>
      <trkpt lat="45.71171133778989315032958984375" lon="126.6238127835094928741455078125">
        <ele>154.600006103515625</ele>
        <time>2026-08-20T11:35:07.000Z</time>
        <extensions>
          <ns3:TrackPointExtension>
            <ns3:hr>186</ns3:hr>
            <ns3:cad>87</ns3:cad>
          </ns3:TrackPointExtension>
        </extensions>
      </trkpt>
      <trkpt lat="45.7117172889411449432373046875" lon="126.62385393865406513214111328125">
        <ele>154.600006103515625</ele>
        <time>2026-08-20T11:35:08.000Z</time>
        <extensions>
          <ns3:TrackPointExtension>
            <ns3:hr>186</ns3:hr>
            <ns3:cad>87</ns3:cad>
          </ns3:TrackPointExtension>
        </extensions>
      </trkpt>
      <trkpt lat="45.7117213122546672821044921875" lon="126.6238835267722606658935546875">
        <ele>154.600006103515625</ele>
        <time>2026-08-20T11:35:09.000Z</time>
        <extensions>
          <ns3:TrackPointExtension>
            <ns3:hr>185</ns3:hr>
            <ns3:cad>87</ns3:cad>
          </ns3:TrackPointExtension>
        </extensions>
      </trkpt>
      <trkpt lat="45.711727179586887359619140625" lon="126.62392099387943744659423828125">
        <ele>154.600006103515625</ele>
        <time>2026-08-20T11:35:10.000Z</time>
        <extensions>
          <ns3:TrackPointExtension>
            <ns3:hr>186</ns3:hr>
            <ns3:cad>88</ns3:cad>
          </ns3:TrackPointExtension>
        </extensions>
      </trkpt>
      <trkpt lat="45.71172793395817279815673828125" lon="126.6239559464156627655029296875">
        <ele>154.600006103515625</ele>
        <time>2026-08-20T11:35:11.000Z</time>
        <extensions>
          <ns3:TrackPointExtension>
            <ns3:hr>186</ns3:hr>
            <ns3:cad>88</ns3:cad>
          </ns3:TrackPointExtension>
        </extensions>
      </trkpt>
      <trkpt lat="45.7117317058145999908447265625" lon="126.62399391643702983856201171875">
        <ele>154.600006103515625</ele>
        <time>2026-08-20T11:35:12.000Z</time>
        <extensions>
          <ns3:TrackPointExtension>
            <ns3:hr>185</ns3:hr>
            <ns3:cad>88</ns3:cad>
          </ns3:TrackPointExtension>
        </extensions>
      </trkpt>
      <trkpt lat="45.7117310352623462677001953125" lon="126.62403398193418979644775390625">
        <ele>154.399993896484375</ele>
        <time>2026-08-20T11:35:13.000Z</time>
        <extensions>
          <ns3:TrackPointExtension>
            <ns3:hr>186</ns3:hr>
            <ns3:cad>87</ns3:cad>
          </ns3:TrackPointExtension>
        </extensions>
      </trkpt>
      <trkpt lat="45.71173279546201229095458984375" lon="126.6240682639181613922119140625">
        <ele>154.399993896484375</ele>
        <time>2026-08-20T11:35:14.000Z</time>
        <extensions>
          <ns3:TrackPointExtension>
            <ns3:hr>185</ns3:hr>
            <ns3:cad>87</ns3:cad>
          </ns3:TrackPointExtension>
        </extensions>
      </trkpt>
      <trkpt lat="45.71173514239490032196044921875" lon="126.6241143643856048583984375">
        <ele>154.399993896484375</ele>
        <time>2026-08-20T11:35:15.000Z</time>
        <extensions>
          <ns3:TrackPointExtension>
            <ns3:hr>185</ns3:hr>
            <ns3:cad>87</ns3:cad>
          </ns3:TrackPointExtension>
        </extensions>
      </trkpt>
      <trkpt lat="45.71173413656651973724365234375" lon="126.62414185702800750732421875">
        <ele>154.399993896484375</ele>
        <time>2026-08-20T11:35:16.000Z</time>
        <extensions>
          <ns3:TrackPointExtension>
            <ns3:hr>184</ns3:hr>
            <ns3:cad>87</ns3:cad>
          </ns3:TrackPointExtension>
        </extensions>
      </trkpt>
      <trkpt lat="45.7117390818893909454345703125" lon="126.6241809166967868804931640625">
        <ele>154.399993896484375</ele>
        <time>2026-08-20T11:35:17.000Z</time>
        <extensions>
          <ns3:TrackPointExtension>
            <ns3:hr>184</ns3:hr>
            <ns3:cad>87</ns3:cad>
          </ns3:TrackPointExtension>
        </extensions>
      </trkpt>
      <trkpt lat="45.7117437757551670074462890625" lon="126.62421536631882190704345703125">
        <ele>154.399993896484375</ele>
        <time>2026-08-20T11:35:18.000Z</time>
        <extensions>
          <ns3:TrackPointExtension>
            <ns3:hr>184</ns3:hr>
            <ns3:cad>87</ns3:cad>
          </ns3:TrackPointExtension>
        </extensions>
      </trkpt>
      <trkpt lat="45.711740590631961822509765625" lon="126.62425585091114044189453125">
        <ele>154.399993896484375</ele>
        <time>2026-08-20T11:35:19.000Z</time>
        <extensions>
          <ns3:TrackPointExtension>
            <ns3:hr>183</ns3:hr>
            <ns3:cad>87</ns3:cad>
          </ns3:TrackPointExtension>
        </extensions>
      </trkpt>
      <trkpt lat="45.71174670942127704620361328125" lon="126.62429281510412693023681640625">
        <ele>154.399993896484375</ele>
        <time>2026-08-20T11:35:20.000Z</time>
        <extensions>
          <ns3:TrackPointExtension>
            <ns3:hr>184</ns3:hr>
            <ns3:cad>87</ns3:cad>
          </ns3:TrackPointExtension>
        </extensions>
      </trkpt>
      <trkpt lat="45.711749978363513946533203125" lon="126.62433589808642864227294921875">
        <ele>154.399993896484375</ele>
        <time>2026-08-20T11:35:21.000Z</time>
        <extensions>
          <ns3:TrackPointExtension>
            <ns3:hr>185</ns3:hr>
            <ns3:cad>87</ns3:cad>
          </ns3:TrackPointExtension>
        </extensions>
      </trkpt>
      <trkpt lat="45.711752660572528839111328125" lon="126.6243676654994487762451171875">
        <ele>154.1999969482421875</ele>
        <time>2026-08-20T11:35:22.000Z</time>
        <extensions>
          <ns3:TrackPointExtension>
            <ns3:hr>184</ns3:hr>
            <ns3:cad>87</ns3:cad>
          </ns3:TrackPointExtension>
        </extensions>
      </trkpt>
      <trkpt lat="45.7117561809718608856201171875" lon="126.6244109161198139190673828125">
        <ele>154.1999969482421875</ele>
        <time>2026-08-20T11:35:23.000Z</time>
        <extensions>
          <ns3:TrackPointExtension>
            <ns3:hr>184</ns3:hr>
            <ns3:cad>87</ns3:cad>
          </ns3:TrackPointExtension>
        </extensions>
      </trkpt>
      <trkpt lat="45.71176079101860523223876953125" lon="126.6244454495608806610107421875">
        <ele>154.1999969482421875</ele>
        <time>2026-08-20T11:35:24.000Z</time>
        <extensions>
          <ns3:TrackPointExtension>
            <ns3:hr>184</ns3:hr>
            <ns3:cad>87</ns3:cad>
          </ns3:TrackPointExtension>
        </extensions>
      </trkpt>
      <trkpt lat="45.71176481433212757110595703125" lon="126.6244876943528652191162109375">
        <ele>154.1999969482421875</ele>
        <time>2026-08-20T11:35:25.000Z</time>
        <extensions>
          <ns3:TrackPointExtension>
            <ns3:hr>184</ns3:hr>
            <ns3:cad>87</ns3:cad>
          </ns3:TrackPointExtension>
        </extensions>
      </trkpt>
      <trkpt lat="45.71176816709339618682861328125" lon="126.62452046759426593780517578125">
        <ele>154.1999969482421875</ele>
        <time>2026-08-20T11:35:26.000Z</time>
        <extensions>
          <ns3:TrackPointExtension>
            <ns3:hr>184</ns3:hr>
            <ns3:cad>87</ns3:cad>
          </ns3:TrackPointExtension>
        </extensions>
      </trkpt>
      <trkpt lat="45.7117756269872188568115234375" lon="126.62455634213984012603759765625">
        <ele>154.1999969482421875</ele>
        <time>2026-08-20T11:35:27.000Z</time>
        <extensions>
          <ns3:TrackPointExtension>
            <ns3:hr>185</ns3:hr>
            <ns3:cad>87</ns3:cad>
          </ns3:TrackPointExtension>
        </extensions>
      </trkpt>
      <trkpt lat="45.7117779739201068878173828125" lon="126.62459339015185832977294921875">
        <ele>154.1999969482421875</ele>
        <time>2026-08-20T11:35:28.000Z</time>
        <extensions>
          <ns3:TrackPointExtension>
            <ns3:hr>184</ns3:hr>
            <ns3:cad>87</ns3:cad>
          </ns3:TrackPointExtension>
        </extensions>
      </trkpt>
      <trkpt lat="45.711785852909088134765625" lon="126.62462792359292507171630859375">
        <ele>154</ele>
        <time>2026-08-20T11:35:29.000Z</time>
        <extensions>
          <ns3:TrackPointExtension>
            <ns3:hr>184</ns3:hr>
            <ns3:cad>87</ns3:cad>
          </ns3:TrackPointExtension>
        </extensions>
      </trkpt>
      <trkpt lat="45.711786188185214996337890625" lon="126.62467352114617824554443359375">
        <ele>154.1999969482421875</ele>
        <time>2026-08-20T11:35:30.000Z</time>
        <extensions>
          <ns3:TrackPointExtension>
            <ns3:hr>183</ns3:hr>
            <ns3:cad>87</ns3:cad>
          </ns3:TrackPointExtension>
        </extensions>
      </trkpt>
      <trkpt lat="45.71179364807903766632080078125" lon="126.62470168434083461761474609375">
        <ele>154.1999969482421875</ele>
        <time>2026-08-20T11:35:31.000Z</time>
        <extensions>
          <ns3:TrackPointExtension>
            <ns3:hr>183</ns3:hr>
            <ns3:cad>87</ns3:cad>
          </ns3:TrackPointExtension>
        </extensions>
      </trkpt>
      <trkpt lat="45.71179498918354511260986328125" lon="126.624746024608612060546875">
        <ele>154</ele>
        <time>2026-08-20T11:35:32.000Z</time>
        <extensions>
          <ns3:TrackPointExtension>
            <ns3:hr>183</ns3:hr>
            <ns3:cad>87</ns3:cad>
          </ns3:TrackPointExtension>
        </extensions>
      </trkpt>
      <trkpt lat="45.71180437691509723663330078125" lon="126.62477888166904449462890625">
        <ele>154</ele>
        <time>2026-08-20T11:35:33.000Z</time>
        <extensions>
          <ns3:TrackPointExtension>
            <ns3:hr>183</ns3:hr>
            <ns3:cad>87</ns3:cad>
          </ns3:TrackPointExtension>
        </extensions>
      </trkpt>
      <trkpt lat="45.71180504746735095977783203125" lon="126.6248249821364879608154296875">
        <ele>154</ele>
        <time>2026-08-20T11:35:34.000Z</time>
        <extensions>
          <ns3:TrackPointExtension>
            <ns3:hr>183</ns3:hr>
            <ns3:cad>87</ns3:cad>
          </ns3:TrackPointExtension>
        </extensions>
      </trkpt>
      <trkpt lat="45.7118024490773677825927734375" lon="126.62485339678823947906494140625">
        <ele>154</ele>
        <time>2026-08-20T11:35:35.000Z</time>
        <extensions>
          <ns3:TrackPointExtension>
            <ns3:hr>183</ns3:hr>
            <ns3:cad>87</ns3:cad>
          </ns3:TrackPointExtension>
        </extensions>
      </trkpt>
      <trkpt lat="45.71178518235683441162109375" lon="126.62488960660994052886962890625">
        <ele>154</ele>
        <time>2026-08-20T11:35:36.000Z</time>
        <extensions>
          <ns3:TrackPointExtension>
            <ns3:hr>183</ns3:hr>
            <ns3:cad>87</ns3:cad>
          </ns3:TrackPointExtension>
        </extensions>
      </trkpt>
      <trkpt lat="45.71177168749272823333740234375" lon="126.624916680157184600830078125">
        <ele>153.8000030517578125</ele>
        <time>2026-08-20T11:35:37.000Z</time>
        <extensions>
          <ns3:TrackPointExtension>
            <ns3:hr>183</ns3:hr>
            <ns3:cad>87</ns3:cad>
          </ns3:TrackPointExtension>
        </extensions>
      </trkpt>
      <trkpt lat="45.7117504812777042388916015625" lon="126.62494626827538013458251953125">
        <ele>153.8000030517578125</ele>
        <time>2026-08-20T11:35:38.000Z</time>
        <extensions>
          <ns3:TrackPointExtension>
            <ns3:hr>183</ns3:hr>
            <ns3:cad>88</ns3:cad>
          </ns3:TrackPointExtension>
        </extensions>
      </trkpt>
      <trkpt lat="45.71173162199556827545166015625" lon="126.6249681450426578521728515625">
        <ele>153.8000030517578125</ele>
        <time>2026-08-20T11:35:39.000Z</time>
        <extensions>
          <ns3:TrackPointExtension>
            <ns3:hr>183</ns3:hr>
            <ns3:cad>88</ns3:cad>
          </ns3:TrackPointExtension>
        </extensions>
      </trkpt>
      <trkpt lat="45.71170714683830738067626953125" lon="126.624989770352840423583984375">
        <ele>153.8000030517578125</ele>
        <time>2026-08-20T11:35:40.000Z</time>
        <extensions>
          <ns3:TrackPointExtension>
            <ns3:hr>182</ns3:hr>
            <ns3:cad>88</ns3:cad>
          </ns3:TrackPointExtension>
        </extensions>
      </trkpt>
      <trkpt lat="45.71168401278555393218994140625" lon="126.62499890662729740142822265625">
        <ele>153.8000030517578125</ele>
        <time>2026-08-20T11:35:41.000Z</time>
        <extensions>
          <ns3:TrackPointExtension>
            <ns3:hr>183</ns3:hr>
            <ns3:cad>88</ns3:cad>
          </ns3:TrackPointExtension>
        </extensions>
      </trkpt>
      <trkpt lat="45.7116629742085933685302734375" lon="126.62500276230275630950927734375">
        <ele>153.8000030517578125</ele>
        <time>2026-08-20T11:35:42.000Z</time>
        <extensions>
          <ns3:TrackPointExtension>
            <ns3:hr>183</ns3:hr>
            <ns3:cad>87</ns3:cad>
          </ns3:TrackPointExtension>
        </extensions>
      </trkpt>
      <trkpt lat="45.7116396725177764892578125" lon="126.62500259466469287872314453125">
        <ele>154</ele>
        <time>2026-08-20T11:35:43.000Z</time>
        <extensions>
          <ns3:TrackPointExtension>
            <ns3:hr>183</ns3:hr>
            <ns3:cad>87</ns3:cad>
          </ns3:TrackPointExtension>
        </extensions>
      </trkpt>
      <trkpt lat="45.71162131614983081817626953125" lon="126.62500360049307346343994140625">
        <ele>154</ele>
        <time>2026-08-20T11:35:44.000Z</time>
        <extensions>
          <ns3:TrackPointExtension>
            <ns3:hr>183</ns3:hr>
            <ns3:cad>87</ns3:cad>
          </ns3:TrackPointExtension>
        </extensions>
      </trkpt>
      <trkpt lat="45.7115932367742061614990234375" lon="126.6250046901404857635498046875">
        <ele>154</ele>
        <time>2026-08-20T11:35:45.000Z</time>
        <extensions>
          <ns3:TrackPointExtension>
            <ns3:hr>183</ns3:hr>
            <ns3:cad>87</ns3:cad>
          </ns3:TrackPointExtension>
        </extensions>
      </trkpt>
      <trkpt lat="45.71157152764499187469482421875" lon="126.6250075399875640869140625">
        <ele>154</ele>
        <time>2026-08-20T11:35:46.000Z</time>
        <extensions>
          <ns3:TrackPointExtension>
            <ns3:hr>183</ns3:hr>
            <ns3:cad>87</ns3:cad>
          </ns3:TrackPointExtension>
        </extensions>
      </trkpt>
      <trkpt lat="45.71154738776385784149169921875" lon="126.6250120662152767181396484375">
        <ele>154</ele>
        <time>2026-08-20T11:35:47.000Z</time>
        <extensions>
          <ns3:TrackPointExtension>
            <ns3:hr>183</ns3:hr>
            <ns3:cad>86</ns3:cad>
          </ns3:TrackPointExtension>
        </extensions>
      </trkpt>
      <trkpt lat="45.7115234993398189544677734375" lon="126.62501114420592784881591796875">
        <ele>154</ele>
        <time>2026-08-20T11:35:48.000Z</time>
        <extensions>
          <ns3:TrackPointExtension>
            <ns3:hr>183</ns3:hr>
            <ns3:cad>86</ns3:cad>
          </ns3:TrackPointExtension>
        </extensions>
      </trkpt>
      <trkpt lat="45.71150564588606357574462890625" lon="126.62501952610909938812255859375">
        <ele>154</ele>
        <time>2026-08-20T11:35:49.000Z</time>
        <extensions>
          <ns3:TrackPointExtension>
            <ns3:hr>183</ns3:hr>
            <ns3:cad>86</ns3:cad>
          </ns3:TrackPointExtension>
        </extensions>
      </trkpt>
      <trkpt lat="45.7114787399768829345703125" lon="126.62502229213714599609375">
        <ele>153.8000030517578125</ele>
        <time>2026-08-20T11:35:50.000Z</time>
        <extensions>
          <ns3:TrackPointExtension>
            <ns3:hr>183</ns3:hr>
            <ns3:cad>86</ns3:cad>
          </ns3:TrackPointExtension>
        </extensions>
      </trkpt>
      <trkpt lat="45.71145753376185894012451171875" lon="126.6250268183648586273193359375">
        <ele>154</ele>
        <time>2026-08-20T11:35:51.000Z</time>
        <extensions>
          <ns3:TrackPointExtension>
            <ns3:hr>183</ns3:hr>
            <ns3:cad>86</ns3:cad>
          </ns3:TrackPointExtension>
        </extensions>
      </trkpt>
      <trkpt lat="45.7114292867481708526611328125" lon="126.62503142841160297393798828125">
        <ele>153.8000030517578125</ele>
        <time>2026-08-20T11:35:52.000Z</time>
        <extensions>
          <ns3:TrackPointExtension>
            <ns3:hr>183</ns3:hr>
            <ns3:cad>86</ns3:cad>
          </ns3:TrackPointExtension>
        </extensions>
      </trkpt>
      <trkpt lat="45.7114044763147830963134765625" lon="126.62503008730709552764892578125">
        <ele>153.8000030517578125</ele>
        <time>2026-08-20T11:35:53.000Z</time>
        <extensions>
          <ns3:TrackPointExtension>
            <ns3:hr>183</ns3:hr>
            <ns3:cad>86</ns3:cad>
          </ns3:TrackPointExtension>
        </extensions>
      </trkpt>
      <trkpt lat="45.71137874387204647064208984375" lon="126.6250352002680301666259765625">
        <ele>153.8000030517578125</ele>
        <time>2026-08-20T11:35:54.000Z</time>
        <extensions>
          <ns3:TrackPointExtension>
            <ns3:hr>183</ns3:hr>
            <ns3:cad>86</ns3:cad>
          </ns3:TrackPointExtension>
        </extensions>
      </trkpt>
      <trkpt lat="45.71135125122964382171630859375" lon="126.6250392235815525054931640625">
        <ele>153.8000030517578125</ele>
        <time>2026-08-20T11:35:55.000Z</time>
        <extensions>
          <ns3:TrackPointExtension>
            <ns3:hr>183</ns3:hr>
            <ns3:cad>86</ns3:cad>
          </ns3:TrackPointExtension>
        </extensions>
      </trkpt>
      <trkpt lat="45.7113317213952541351318359375" lon="126.62504735402762889862060546875">
        <ele>153.8000030517578125</ele>
        <time>2026-08-20T11:35:56.000Z</time>
        <extensions>
          <ns3:TrackPointExtension>
            <ns3:hr>182</ns3:hr>
            <ns3:cad>86</ns3:cad>
          </ns3:TrackPointExtension>
        </extensions>
      </trkpt>
      <trkpt lat="45.7113028876483440399169921875" lon="126.62505380809307098388671875">
        <ele>153.8000030517578125</ele>
        <time>2026-08-20T11:35:57.000Z</time>
        <extensions>
          <ns3:TrackPointExtension>
            <ns3:hr>183</ns3:hr>
            <ns3:cad>86</ns3:cad>
          </ns3:TrackPointExtension>
        </extensions>
      </trkpt>
      <trkpt lat="45.71128168143332004547119140625" lon="126.6250638663768768310546875">
        <ele>153.8000030517578125</ele>
        <time>2026-08-20T11:35:58.000Z</time>
        <extensions>
          <ns3:TrackPointExtension>
            <ns3:hr>183</ns3:hr>
            <ns3:cad>86</ns3:cad>
          </ns3:TrackPointExtension>
        </extensions>
      </trkpt>
      <trkpt lat="45.71125452406704425811767578125" lon="126.62506579421460628509521484375">
        <ele>153.8000030517578125</ele>
        <time>2026-08-20T11:35:59.000Z</time>
        <extensions>
          <ns3:TrackPointExtension>
            <ns3:hr>182</ns3:hr>
            <ns3:cad>86</ns3:cad>
          </ns3:TrackPointExtension>
        </extensions>
      </trkpt>
      <trkpt lat="45.711236335337162017822265625" lon="126.6250714100897312164306640625">
        <ele>153.8000030517578125</ele>
        <time>2026-08-20T11:36:00.000Z</time>
        <extensions>
          <ns3:TrackPointExtension>
            <ns3:hr>183</ns3:hr>
            <ns3:cad>86</ns3:cad>
          </ns3:TrackPointExtension>
        </extensions>
      </trkpt>
      <trkpt lat="45.71120758540928363800048828125" lon="126.62507551722228527069091796875">
        <ele>153.8000030517578125</ele>
        <time>2026-08-20T11:36:01.000Z</time>
        <extensions>
          <ns3:TrackPointExtension>
            <ns3:hr>182</ns3:hr>
            <ns3:cad>86</ns3:cad>
          </ns3:TrackPointExtension>
        </extensions>
      </trkpt>
      <trkpt lat="45.71118562482297420501708984375" lon="126.625081636011600494384765625">
        <ele>153.600006103515625</ele>
        <time>2026-08-20T11:36:02.000Z</time>
        <extensions>
          <ns3:TrackPointExtension>
            <ns3:hr>182</ns3:hr>
            <ns3:cad>87</ns3:cad>
          </ns3:TrackPointExtension>
        </extensions>
      </trkpt>
      <trkpt lat="45.71115754544734954833984375" lon="126.625086329877376556396484375">
        <ele>153.399993896484375</ele>
        <time>2026-08-20T11:36:03.000Z</time>
        <extensions>
          <ns3:TrackPointExtension>
            <ns3:hr>182</ns3:hr>
            <ns3:cad>87</ns3:cad>
          </ns3:TrackPointExtension>
        </extensions>
      </trkpt>
      <trkpt lat="45.7111349143087863922119140625" lon="126.62509244866669178009033203125">
        <ele>153.399993896484375</ele>
        <time>2026-08-20T11:36:04.000Z</time>
        <extensions>
          <ns3:TrackPointExtension>
            <ns3:hr>182</ns3:hr>
            <ns3:cad>87</ns3:cad>
          </ns3:TrackPointExtension>
        </extensions>
      </trkpt>
      <trkpt lat="45.71111085824668407440185546875" lon="126.62509982474148273468017578125">
        <ele>153.399993896484375</ele>
        <time>2026-08-20T11:36:05.000Z</time>
        <extensions>
          <ns3:TrackPointExtension>
            <ns3:hr>182</ns3:hr>
            <ns3:cad>87</ns3:cad>
          </ns3:TrackPointExtension>
        </extensions>
      </trkpt>
      <trkpt lat="45.711085796356201171875" lon="126.62510049529373645782470703125">
        <ele>153.399993896484375</ele>
        <time>2026-08-20T11:36:06.000Z</time>
        <extensions>
          <ns3:TrackPointExtension>
            <ns3:hr>182</ns3:hr>
            <ns3:cad>87</ns3:cad>
          </ns3:TrackPointExtension>
        </extensions>
      </trkpt>
      <trkpt lat="45.71106291376054286956787109375" lon="126.62511290051043033599853515625">
        <ele>153.1999969482421875</ele>
        <time>2026-08-20T11:36:07.000Z</time>
        <extensions>
          <ns3:TrackPointExtension>
            <ns3:hr>182</ns3:hr>
            <ns3:cad>87</ns3:cad>
          </ns3:TrackPointExtension>
        </extensions>
      </trkpt>
      <trkpt lat="45.7110350020229816436767578125" lon="126.62511608563363552093505859375">
        <ele>153.1999969482421875</ele>
        <time>2026-08-20T11:36:08.000Z</time>
        <extensions>
          <ns3:TrackPointExtension>
            <ns3:hr>182</ns3:hr>
            <ns3:cad>87</ns3:cad>
          </ns3:TrackPointExtension>
        </extensions>
      </trkpt>
      <trkpt lat="45.71101681329309940338134765625" lon="126.62512564100325107574462890625">
        <ele>153.1999969482421875</ele>
        <time>2026-08-20T11:36:09.000Z</time>
        <extensions>
          <ns3:TrackPointExtension>
            <ns3:hr>183</ns3:hr>
            <ns3:cad>87</ns3:cad>
          </ns3:TrackPointExtension>
        </extensions>
      </trkpt>
      <trkpt lat="45.71098588407039642333984375" lon="126.62513033486902713775634765625">
        <ele>153.1999969482421875</ele>
        <time>2026-08-20T11:36:10.000Z</time>
        <extensions>
          <ns3:TrackPointExtension>
            <ns3:hr>183</ns3:hr>
            <ns3:cad>87</ns3:cad>
          </ns3:TrackPointExtension>
        </extensions>
      </trkpt>
      <trkpt lat="45.7109629176557064056396484375" lon="126.6251347772777080535888671875">
        <ele>153.1999969482421875</ele>
        <time>2026-08-20T11:36:11.000Z</time>
        <extensions>
          <ns3:TrackPointExtension>
            <ns3:hr>183</ns3:hr>
            <ns3:cad>88</ns3:cad>
          </ns3:TrackPointExtension>
        </extensions>
      </trkpt>
      <trkpt lat="45.71093148551881313323974609375" lon="126.625137962400913238525390625">
        <ele>153.1999969482421875</ele>
        <time>2026-08-20T11:36:12.000Z</time>
        <extensions>
          <ns3:TrackPointExtension>
            <ns3:hr>183</ns3:hr>
            <ns3:cad>88</ns3:cad>
          </ns3:TrackPointExtension>
        </extensions>
      </trkpt>
      <trkpt lat="45.7109102793037891387939453125" lon="126.6251448355615139007568359375">
        <ele>153.399993896484375</ele>
        <time>2026-08-20T11:36:13.000Z</time>
        <extensions>
          <ns3:TrackPointExtension>
            <ns3:hr>183</ns3:hr>
            <ns3:cad>88</ns3:cad>
          </ns3:TrackPointExtension>
        </extensions>
      </trkpt>
      <trkpt lat="45.71088370867073535919189453125" lon="126.62515430711209774017333984375">
        <ele>153.399993896484375</ele>
        <time>2026-08-20T11:36:14.000Z</time>
        <extensions>
          <ns3:TrackPointExtension>
            <ns3:hr>183</ns3:hr>
            <ns3:cad>87</ns3:cad>
          </ns3:TrackPointExtension>
        </extensions>
      </trkpt>
      <trkpt lat="45.71086107753217220306396484375" lon="126.62515112198889255523681640625">
        <ele>153.399993896484375</ele>
        <time>2026-08-20T11:36:15.000Z</time>
        <extensions>
          <ns3:TrackPointExtension>
            <ns3:hr>183</ns3:hr>
            <ns3:cad>87</ns3:cad>
          </ns3:TrackPointExtension>
        </extensions>
      </trkpt>
      <trkpt lat="45.71083894930779933929443359375" lon="126.6251569055020809173583984375">
        <ele>153.399993896484375</ele>
        <time>2026-08-20T11:36:16.000Z</time>
        <extensions>
          <ns3:TrackPointExtension>
            <ns3:hr>183</ns3:hr>
            <ns3:cad>87</ns3:cad>
          </ns3:TrackPointExtension>
        </extensions>
      </trkpt>
      <trkpt lat="45.71081288158893585205078125" lon="126.6251703165471553802490234375">
        <ele>153.399993896484375</ele>
        <time>2026-08-20T11:36:17.000Z</time>
        <extensions>
          <ns3:TrackPointExtension>
            <ns3:hr>183</ns3:hr>
            <ns3:cad>87</ns3:cad>
          </ns3:TrackPointExtension>
        </extensions>
      </trkpt>
      <trkpt lat="45.71079318411648273468017578125" lon="126.62517995573580265045166015625">
        <ele>153.399993896484375</ele>
        <time>2026-08-20T11:36:18.000Z</time>
        <extensions>
          <ns3:TrackPointExtension>
            <ns3:hr>183</ns3:hr>
            <ns3:cad>87</ns3:cad>
          </ns3:TrackPointExtension>
        </extensions>
      </trkpt>
      <trkpt lat="45.71076133288443088531494140625" lon="126.6251850686967372894287109375">
        <ele>153.399993896484375</ele>
        <time>2026-08-20T11:36:19.000Z</time>
        <extensions>
          <ns3:TrackPointExtension>
            <ns3:hr>182</ns3:hr>
            <ns3:cad>87</ns3:cad>
          </ns3:TrackPointExtension>
        </extensions>
      </trkpt>
      <trkpt lat="45.710742138326168060302734375" lon="126.6251900978386402130126953125">
        <ele>153.600006103515625</ele>
        <time>2026-08-20T11:36:20.000Z</time>
        <extensions>
          <ns3:TrackPointExtension>
            <ns3:hr>183</ns3:hr>
            <ns3:cad>87</ns3:cad>
          </ns3:TrackPointExtension>
        </extensions>
      </trkpt>
      <trkpt lat="45.71071322076022624969482421875" lon="126.6251978091895580291748046875">
        <ele>153.600006103515625</ele>
        <time>2026-08-20T11:36:21.000Z</time>
        <extensions>
          <ns3:TrackPointExtension>
            <ns3:hr>183</ns3:hr>
            <ns3:cad>86</ns3:cad>
          </ns3:TrackPointExtension>
        </extensions>
      </trkpt>
      <trkpt lat="45.7106928527355194091796875" lon="126.62520074285566806793212890625">
        <ele>153.600006103515625</ele>
        <time>2026-08-20T11:36:22.000Z</time>
        <extensions>
          <ns3:TrackPointExtension>
            <ns3:hr>183</ns3:hr>
            <ns3:cad>86</ns3:cad>
          </ns3:TrackPointExtension>
        </extensions>
      </trkpt>
      <trkpt lat="45.71066695265471935272216796875" lon="126.6252061910927295684814453125">
        <ele>153.8000030517578125</ele>
        <time>2026-08-20T11:36:23.000Z</time>
        <extensions>
          <ns3:TrackPointExtension>
            <ns3:hr>183</ns3:hr>
            <ns3:cad>87</ns3:cad>
          </ns3:TrackPointExtension>
        </extensions>
      </trkpt>
      <trkpt lat="45.710643231868743896484375" lon="126.6252061910927295684814453125">
        <ele>153.8000030517578125</ele>
        <time>2026-08-20T11:36:24.000Z</time>
        <extensions>
          <ns3:TrackPointExtension>
            <ns3:hr>183</ns3:hr>
            <ns3:cad>87</ns3:cad>
          </ns3:TrackPointExtension>
        </extensions>
      </trkpt>
      <trkpt lat="45.7106216065585613250732421875" lon="126.6252100467681884765625">
        <ele>154</ele>
        <time>2026-08-20T11:36:25.000Z</time>
        <extensions>
          <ns3:TrackPointExtension>
            <ns3:hr>183</ns3:hr>
            <ns3:cad>87</ns3:cad>
          </ns3:TrackPointExtension>
        </extensions>
      </trkpt>
      <trkpt lat="45.71059151552617549896240234375" lon="126.6252115555107593536376953125">
        <ele>154</ele>
        <time>2026-08-20T11:36:26.000Z</time>
        <extensions>
          <ns3:TrackPointExtension>
            <ns3:hr>182</ns3:hr>
            <ns3:cad>87</ns3:cad>
          </ns3:TrackPointExtension>
        </extensions>
      </trkpt>
      <trkpt lat="45.71057391352951526641845703125" lon="126.62521876394748687744140625">
        <ele>154</ele>
        <time>2026-08-20T11:36:27.000Z</time>
        <extensions>
          <ns3:TrackPointExtension>
            <ns3:hr>183</ns3:hr>
            <ns3:cad>87</ns3:cad>
          </ns3:TrackPointExtension>
        </extensions>
      </trkpt>
      <trkpt lat="45.71054357104003429412841796875" lon="126.6252222843468189239501953125">
        <ele>154</ele>
        <time>2026-08-20T11:36:28.000Z</time>
        <extensions>
          <ns3:TrackPointExtension>
            <ns3:hr>183</ns3:hr>
            <ns3:cad>87</ns3:cad>
          </ns3:TrackPointExtension>
        </extensions>
      </trkpt>
      <trkpt lat="45.71052295155823230743408203125" lon="126.6252293251454830169677734375">
        <ele>154</ele>
        <time>2026-08-20T11:36:29.000Z</time>
        <extensions>
          <ns3:TrackPointExtension>
            <ns3:hr>183</ns3:hr>
            <ns3:cad>87</ns3:cad>
          </ns3:TrackPointExtension>
        </extensions>
      </trkpt>
      <trkpt lat="45.71049277670681476593017578125" lon="126.62523561157286167144775390625">
        <ele>154</ele>
        <time>2026-08-20T11:36:30.000Z</time>
        <extensions>
          <ns3:TrackPointExtension>
            <ns3:hr>183</ns3:hr>
            <ns3:cad>87</ns3:cad>
          </ns3:TrackPointExtension>
        </extensions>
      </trkpt>
      <trkpt lat="45.71046947501599788665771484375" lon="126.62523753941059112548828125">
        <ele>154.1999969482421875</ele>
        <time>2026-08-20T11:36:31.000Z</time>
        <extensions>
          <ns3:TrackPointExtension>
            <ns3:hr>183</ns3:hr>
            <ns3:cad>87</ns3:cad>
          </ns3:TrackPointExtension>
        </extensions>
      </trkpt>
      <trkpt lat="45.71044583804905414581298828125" lon="126.6252462565898895263671875">
        <ele>154.1999969482421875</ele>
        <time>2026-08-20T11:36:32.000Z</time>
        <extensions>
          <ns3:TrackPointExtension>
            <ns3:hr>183</ns3:hr>
            <ns3:cad>87</ns3:cad>
          </ns3:TrackPointExtension>
        </extensions>
      </trkpt>
      <trkpt lat="45.71042153052985668182373046875" lon="126.625248603522777557373046875">
        <ele>154.1999969482421875</ele>
        <time>2026-08-20T11:36:33.000Z</time>
        <extensions>
          <ns3:TrackPointExtension>
            <ns3:hr>184</ns3:hr>
            <ns3:cad>87</ns3:cad>
          </ns3:TrackPointExtension>
        </extensions>
      </trkpt>
      <trkpt lat="45.71039982140064239501953125" lon="126.6252571530640125274658203125">
        <ele>154.1999969482421875</ele>
        <time>2026-08-20T11:36:34.000Z</time>
        <extensions>
          <ns3:TrackPointExtension>
            <ns3:hr>183</ns3:hr>
            <ns3:cad>87</ns3:cad>
          </ns3:TrackPointExtension>
        </extensions>
      </trkpt>
      <trkpt lat="45.71037308312952518463134765625" lon="126.62526159547269344329833984375">
        <ele>154.399993896484375</ele>
        <time>2026-08-20T11:36:35.000Z</time>
        <extensions>
          <ns3:TrackPointExtension>
            <ns3:hr>183</ns3:hr>
            <ns3:cad>87</ns3:cad>
          </ns3:TrackPointExtension>
        </extensions>
      </trkpt>
      <trkpt lat="45.71035481058061122894287109375" lon="126.625269390642642974853515625">
        <ele>154.1999969482421875</ele>
        <time>2026-08-20T11:36:36.000Z</time>
        <extensions>
          <ns3:TrackPointExtension>
            <ns3:hr>183</ns3:hr>
            <ns3:cad>87</ns3:cad>
          </ns3:TrackPointExtension>
        </extensions>
      </trkpt>
      <trkpt lat="45.71032647974789142608642578125" lon="126.62527601234614849090576171875">
        <ele>154.1999969482421875</ele>
        <time>2026-08-20T11:36:37.000Z</time>
        <extensions>
          <ns3:TrackPointExtension>
            <ns3:hr>184</ns3:hr>
            <ns3:cad>87</ns3:cad>
          </ns3:TrackPointExtension>
        </extensions>
      </trkpt>
      <trkpt lat="45.71030862629413604736328125" lon="126.6252849809825420379638671875">
        <ele>154.1999969482421875</ele>
        <time>2026-08-20T11:36:38.000Z</time>
        <extensions>
          <ns3:TrackPointExtension>
            <ns3:hr>184</ns3:hr>
            <ns3:cad>87</ns3:cad>
          </ns3:TrackPointExtension>
        </extensions>
      </trkpt>
      <trkpt lat="45.71027937345206737518310546875" lon="126.62529210560023784637451171875">
        <ele>154</ele>
        <time>2026-08-20T11:36:39.000Z</time>
        <extensions>
          <ns3:TrackPointExtension>
            <ns3:hr>184</ns3:hr>
            <ns3:cad>87</ns3:cad>
          </ns3:TrackPointExtension>
        </extensions>
      </trkpt>
      <trkpt lat="45.71025975979864597320556640625" lon="126.6252977214753627777099609375">
        <ele>154</ele>
        <time>2026-08-20T11:36:40.000Z</time>
        <extensions>
          <ns3:TrackPointExtension>
            <ns3:hr>184</ns3:hr>
            <ns3:cad>86</ns3:cad>
          </ns3:TrackPointExtension>
        </extensions>
      </trkpt>
      <trkpt lat="45.71023293770849704742431640625" lon="126.6253061033785343170166015625">
        <ele>154</ele>
        <time>2026-08-20T11:36:41.000Z</time>
        <extensions>
          <ns3:TrackPointExtension>
            <ns3:hr>184</ns3:hr>
            <ns3:cad>86</ns3:cad>
          </ns3:TrackPointExtension>
        </extensions>
      </trkpt>
      <trkpt lat="45.710207037627696990966796875" lon="126.6253091208636760711669921875">
        <ele>154.1999969482421875</ele>
        <time>2026-08-20T11:36:42.000Z</time>
        <extensions>
          <ns3:TrackPointExtension>
            <ns3:hr>184</ns3:hr>
            <ns3:cad>86</ns3:cad>
          </ns3:TrackPointExtension>
        </extensions>
      </trkpt>
      <trkpt lat="45.71018683724105358123779296875" lon="126.625318340957164764404296875">
        <ele>154.1999969482421875</ele>
        <time>2026-08-20T11:36:43.000Z</time>
        <extensions>
          <ns3:TrackPointExtension>
            <ns3:hr>184</ns3:hr>
            <ns3:cad>86</ns3:cad>
          </ns3:TrackPointExtension>
        </extensions>
      </trkpt>
      <trkpt lat="45.7101562432944774627685546875" lon="126.625324375927448272705078125">
        <ele>154.1999969482421875</ele>
        <time>2026-08-20T11:36:44.000Z</time>
        <extensions>
          <ns3:TrackPointExtension>
            <ns3:hr>185</ns3:hr>
            <ns3:cad>86</ns3:cad>
          </ns3:TrackPointExtension>
        </extensions>
      </trkpt>
      <trkpt lat="45.71013587526977062225341796875" lon="126.62532806396484375">
        <ele>154.1999969482421875</ele>
        <time>2026-08-20T11:36:45.000Z</time>
        <extensions>
          <ns3:TrackPointExtension>
            <ns3:hr>184</ns3:hr>
            <ns3:cad>86</ns3:cad>
          </ns3:TrackPointExtension>
        </extensions>
      </trkpt>
      <trkpt lat="45.71010385639965534210205078125" lon="126.62533116526901721954345703125">
        <ele>154.1999969482421875</ele>
        <time>2026-08-20T11:36:46.000Z</time>
        <extensions>
          <ns3:TrackPointExtension>
            <ns3:hr>184</ns3:hr>
            <ns3:cad>86</ns3:cad>
          </ns3:TrackPointExtension>
        </extensions>
      </trkpt>
      <trkpt lat="45.7100804708898067474365234375" lon="126.62533602677285671234130859375">
        <ele>154.1999969482421875</ele>
        <time>2026-08-20T11:36:47.000Z</time>
        <extensions>
          <ns3:TrackPointExtension>
            <ns3:hr>185</ns3:hr>
            <ns3:cad>86</ns3:cad>
          </ns3:TrackPointExtension>
        </extensions>
      </trkpt>
      <trkpt lat="45.710050128400325775146484375" lon="126.62534206174314022064208984375">
        <ele>154.1999969482421875</ele>
        <time>2026-08-20T11:36:48.000Z</time>
        <extensions>
          <ns3:TrackPointExtension>
            <ns3:hr>185</ns3:hr>
            <ns3:cad>87</ns3:cad>
          </ns3:TrackPointExtension>
        </extensions>
      </trkpt>
      <trkpt lat="45.71002657525241374969482421875" lon="126.62535144947469234466552734375">
        <ele>154.1999969482421875</ele>
        <time>2026-08-20T11:36:49.000Z</time>
        <extensions>
          <ns3:TrackPointExtension>
            <ns3:hr>185</ns3:hr>
            <ns3:cad>87</ns3:cad>
          </ns3:TrackPointExtension>
        </extensions>
      </trkpt>
      <trkpt lat="45.70999975316226482391357421875" lon="126.62536234594881534576416015625">
        <ele>154.1999969482421875</ele>
        <time>2026-08-20T11:36:50.000Z</time>
        <extensions>
          <ns3:TrackPointExtension>
            <ns3:hr>184</ns3:hr>
            <ns3:cad>87</ns3:cad>
          </ns3:TrackPointExtension>
        </extensions>
      </trkpt>
      <trkpt lat="45.70997242815792560577392578125" lon="126.62536301650106906890869140625">
        <ele>154.1999969482421875</ele>
        <time>2026-08-20T11:36:51.000Z</time>
        <extensions>
          <ns3:TrackPointExtension>
            <ns3:hr>184</ns3:hr>
            <ns3:cad>87</ns3:cad>
          </ns3:TrackPointExtension>
        </extensions>
      </trkpt>
      <trkpt lat="45.7099497132003307342529296875" lon="126.6253755055367946624755859375">
        <ele>154.399993896484375</ele>
        <time>2026-08-20T11:36:52.000Z</time>
        <extensions>
          <ns3:TrackPointExtension>
            <ns3:hr>184</ns3:hr>
            <ns3:cad>87</ns3:cad>
          </ns3:TrackPointExtension>
        </extensions>
      </trkpt>
      <trkpt lat="45.7099208794534206390380859375" lon="126.6253815405070781707763671875">
        <ele>154.399993896484375</ele>
        <time>2026-08-20T11:36:53.000Z</time>
        <extensions>
          <ns3:TrackPointExtension>
            <ns3:hr>185</ns3:hr>
            <ns3:cad>87</ns3:cad>
          </ns3:TrackPointExtension>
        </extensions>
      </trkpt>
      <trkpt lat="45.7099027745425701141357421875" lon="126.6253899224102497100830078125">
        <ele>154.399993896484375</ele>
        <time>2026-08-20T11:36:54.000Z</time>
        <extensions>
          <ns3:TrackPointExtension>
            <ns3:hr>184</ns3:hr>
            <ns3:cad>87</ns3:cad>
          </ns3:TrackPointExtension>
        </extensions>
      </trkpt>
      <trkpt lat="45.70987100712954998016357421875" lon="126.6253909282386302947998046875">
        <ele>154.399993896484375</ele>
        <time>2026-08-20T11:36:55.000Z</time>
        <extensions>
          <ns3:TrackPointExtension>
            <ns3:hr>184</ns3:hr>
            <ns3:cad>86</ns3:cad>
          </ns3:TrackPointExtension>
        </extensions>
      </trkpt>
      <trkpt lat="45.709850303828716278076171875" lon="126.6253952868282794952392578125">
        <ele>154.399993896484375</ele>
        <time>2026-08-20T11:36:56.000Z</time>
        <extensions>
          <ns3:TrackPointExtension>
            <ns3:hr>185</ns3:hr>
            <ns3:cad>86</ns3:cad>
          </ns3:TrackPointExtension>
        </extensions>
      </trkpt>
      <trkpt lat="45.7098226435482501983642578125" lon="126.6253996454179286956787109375">
        <ele>154.399993896484375</ele>
        <time>2026-08-20T11:36:57.000Z</time>
        <extensions>
          <ns3:TrackPointExtension>
            <ns3:hr>184</ns3:hr>
            <ns3:cad>86</ns3:cad>
          </ns3:TrackPointExtension>
        </extensions>
      </trkpt>
      <trkpt lat="45.7097996771335601806640625" lon="126.62540576420724391937255859375">
        <ele>154.399993896484375</ele>
        <time>2026-08-20T11:36:58.000Z</time>
        <extensions>
          <ns3:TrackPointExtension>
            <ns3:hr>184</ns3:hr>
            <ns3:cad>86</ns3:cad>
          </ns3:TrackPointExtension>
        </extensions>
      </trkpt>
      <trkpt lat="45.70977687835693359375" lon="126.625414229929447174072265625">
        <ele>154.399993896484375</ele>
        <time>2026-08-20T11:36:59.000Z</time>
        <extensions>
          <ns3:TrackPointExtension>
            <ns3:hr>185</ns3:hr>
            <ns3:cad>86</ns3:cad>
          </ns3:TrackPointExtension>
        </extensions>
      </trkpt>
      <trkpt lat="45.7097495533525943756103515625" lon="126.62541917525231838226318359375">
        <ele>154.399993896484375</ele>
        <time>2026-08-20T11:37:00.000Z</time>
        <extensions>
          <ns3:TrackPointExtension>
            <ns3:hr>184</ns3:hr>
            <ns3:cad>86</ns3:cad>
          </ns3:TrackPointExtension>
        </extensions>
      </trkpt>
      <trkpt lat="45.70973086170852184295654296875" lon="126.6254254616796970367431640625">
        <ele>154.399993896484375</ele>
        <time>2026-08-20T11:37:01.000Z</time>
        <extensions>
          <ns3:TrackPointExtension>
            <ns3:hr>184</ns3:hr>
            <ns3:cad>86</ns3:cad>
          </ns3:TrackPointExtension>
        </extensions>
      </trkpt>
      <trkpt lat="45.70969976484775543212890625" lon="126.62542638368904590606689453125">
        <ele>154.399993896484375</ele>
        <time>2026-08-20T11:37:02.000Z</time>
        <extensions>
          <ns3:TrackPointExtension>
            <ns3:hr>184</ns3:hr>
            <ns3:cad>86</ns3:cad>
          </ns3:TrackPointExtension>
        </extensions>
      </trkpt>
      <trkpt lat="45.7096808217465877532958984375" lon="126.625427640974521636962890625">
        <ele>154.399993896484375</ele>
        <time>2026-08-20T11:37:03.000Z</time>
        <extensions>
          <ns3:TrackPointExtension>
            <ns3:hr>184</ns3:hr>
            <ns3:cad>86</ns3:cad>
          </ns3:TrackPointExtension>
        </extensions>
      </trkpt>
      <trkpt lat="45.70965022780001163482666015625" lon="126.62542889825999736785888671875">
        <ele>154.399993896484375</ele>
        <time>2026-08-20T11:37:04.000Z</time>
        <extensions>
          <ns3:TrackPointExtension>
            <ns3:hr>184</ns3:hr>
            <ns3:cad>86</ns3:cad>
          </ns3:TrackPointExtension>
        </extensions>
      </trkpt>
      <trkpt lat="45.7096258364617824554443359375" lon="126.62543292157351970672607421875">
        <ele>154.600006103515625</ele>
        <time>2026-08-20T11:37:05.000Z</time>
        <extensions>
          <ns3:TrackPointExtension>
            <ns3:hr>183</ns3:hr>
            <ns3:cad>86</ns3:cad>
          </ns3:TrackPointExtension>
        </extensions>
      </trkpt>
      <trkpt lat="45.70959557779133319854736328125" lon="126.62543375976383686065673828125">
        <ele>154.600006103515625</ele>
        <time>2026-08-20T11:37:06.000Z</time>
        <extensions>
          <ns3:TrackPointExtension>
            <ns3:hr>183</ns3:hr>
            <ns3:cad>86</ns3:cad>
          </ns3:TrackPointExtension>
        </extensions>
      </trkpt>
      <trkpt lat="45.709570012986660003662109375" lon="126.6254382021725177764892578125">
        <ele>154.8000030517578125</ele>
        <time>2026-08-20T11:37:07.000Z</time>
        <extensions>
          <ns3:TrackPointExtension>
            <ns3:hr>183</ns3:hr>
            <ns3:cad>86</ns3:cad>
          </ns3:TrackPointExtension>
        </extensions>
      </trkpt>
      <trkpt lat="45.70954822003841400146484375" lon="126.6254449076950550079345703125">
        <ele>154.8000030517578125</ele>
        <time>2026-08-20T11:37:08.000Z</time>
        <extensions>
          <ns3:TrackPointExtension>
            <ns3:hr>183</ns3:hr>
            <ns3:cad>86</ns3:cad>
          </ns3:TrackPointExtension>
        </extensions>
      </trkpt>
      <trkpt lat="45.70952282287180423736572265625" lon="126.62544499151408672332763671875">
        <ele>154.8000030517578125</ele>
        <time>2026-08-20T11:37:09.000Z</time>
        <extensions>
          <ns3:TrackPointExtension>
            <ns3:hr>183</ns3:hr>
            <ns3:cad>87</ns3:cad>
          </ns3:TrackPointExtension>
        </extensions>
      </trkpt>
      <trkpt lat="45.7095017842948436737060546875" lon="126.62545488215982913970947265625">
        <ele>155</ele>
        <time>2026-08-20T11:37:10.000Z</time>
        <extensions>
          <ns3:TrackPointExtension>
            <ns3:hr>183</ns3:hr>
            <ns3:cad>87</ns3:cad>
          </ns3:TrackPointExtension>
        </extensions>
      </trkpt>
      <trkpt lat="45.70947580039501190185546875" lon="126.6254620067775249481201171875">
        <ele>155</ele>
        <time>2026-08-20T11:37:11.000Z</time>
        <extensions>
          <ns3:TrackPointExtension>
            <ns3:hr>183</ns3:hr>
            <ns3:cad>87</ns3:cad>
          </ns3:TrackPointExtension>
        </extensions>
      </trkpt>
      <trkpt lat="45.70945727638900279998779296875" lon="126.62546879611909389495849609375">
        <ele>155</ele>
        <time>2026-08-20T11:37:12.000Z</time>
        <extensions>
          <ns3:TrackPointExtension>
            <ns3:hr>183</ns3:hr>
            <ns3:cad>87</ns3:cad>
          </ns3:TrackPointExtension>
        </extensions>
      </trkpt>
      <trkpt lat="45.709425508975982666015625" lon="126.6254734061658382415771484375">
        <ele>155</ele>
        <time>2026-08-20T11:37:13.000Z</time>
        <extensions>
          <ns3:TrackPointExtension>
            <ns3:hr>184</ns3:hr>
            <ns3:cad>87</ns3:cad>
          </ns3:TrackPointExtension>
        </extensions>
      </trkpt>
      <trkpt lat="45.70940363220870494842529296875" lon="126.62548371590673923492431640625">
        <ele>155</ele>
        <time>2026-08-20T11:37:14.000Z</time>
        <extensions>
          <ns3:TrackPointExtension>
            <ns3:hr>183</ns3:hr>
            <ns3:cad>87</ns3:cad>
          </ns3:TrackPointExtension>
        </extensions>
      </trkpt>
      <trkpt lat="45.7093705236911773681640625" lon="126.62548975087702274322509765625">
        <ele>154.8000030517578125</ele>
        <time>2026-08-20T11:37:15.000Z</time>
        <extensions>
          <ns3:TrackPointExtension>
            <ns3:hr>183</ns3:hr>
            <ns3:cad>87</ns3:cad>
          </ns3:TrackPointExtension>
        </extensions>
      </trkpt>
      <trkpt lat="45.70934412069618701934814453125" lon="126.62549343891441822052001953125">
        <ele>155</ele>
        <time>2026-08-20T11:37:16.000Z</time>
        <extensions>
          <ns3:TrackPointExtension>
            <ns3:hr>183</ns3:hr>
            <ns3:cad>87</ns3:cad>
          </ns3:TrackPointExtension>
        </extensions>
      </trkpt>
      <trkpt lat="45.709314532577991485595703125" lon="126.62549830041825771331787109375">
        <ele>155</ele>
        <time>2026-08-20T11:37:17.000Z</time>
        <extensions>
          <ns3:TrackPointExtension>
            <ns3:hr>183</ns3:hr>
            <ns3:cad>87</ns3:cad>
          </ns3:TrackPointExtension>
        </extensions>
      </trkpt>
      <trkpt lat="45.709286369383335113525390625" lon="126.6254975460469722747802734375">
        <ele>155</ele>
        <time>2026-08-20T11:37:18.000Z</time>
        <extensions>
          <ns3:TrackPointExtension>
            <ns3:hr>183</ns3:hr>
            <ns3:cad>87</ns3:cad>
          </ns3:TrackPointExtension>
        </extensions>
      </trkpt>
      <trkpt lat="45.70926390588283538818359375" lon="126.62550953216850757598876953125">
        <ele>155.1999969482421875</ele>
        <time>2026-08-20T11:37:19.000Z</time>
        <extensions>
          <ns3:TrackPointExtension>
            <ns3:hr>182</ns3:hr>
            <ns3:cad>87</ns3:cad>
          </ns3:TrackPointExtension>
        </extensions>
      </trkpt>
      <trkpt lat="45.70923699997365474700927734375" lon="126.62550986744463443756103515625">
        <ele>155.1999969482421875</ele>
        <time>2026-08-20T11:37:20.000Z</time>
        <extensions>
          <ns3:TrackPointExtension>
            <ns3:hr>182</ns3:hr>
            <ns3:cad>88</ns3:cad>
          </ns3:TrackPointExtension>
        </extensions>
      </trkpt>
      <trkpt lat="45.70921453647315502166748046875" lon="126.6255198419094085693359375">
        <ele>155.399993896484375</ele>
        <time>2026-08-20T11:37:21.000Z</time>
        <extensions>
          <ns3:TrackPointExtension>
            <ns3:hr>182</ns3:hr>
            <ns3:cad>88</ns3:cad>
          </ns3:TrackPointExtension>
        </extensions>
      </trkpt>
      <trkpt lat="45.7091856189072132110595703125" lon="126.62552126683294773101806640625">
        <ele>155.399993896484375</ele>
        <time>2026-08-20T11:37:22.000Z</time>
        <extensions>
          <ns3:TrackPointExtension>
            <ns3:hr>182</ns3:hr>
            <ns3:cad>88</ns3:cad>
          </ns3:TrackPointExtension>
        </extensions>
      </trkpt>
      <trkpt lat="45.7091653347015380859375" lon="126.62552780471742153167724609375">
        <ele>155.399993896484375</ele>
        <time>2026-08-20T11:37:23.000Z</time>
        <extensions>
          <ns3:TrackPointExtension>
            <ns3:hr>183</ns3:hr>
            <ns3:cad>88</ns3:cad>
          </ns3:TrackPointExtension>
        </extensions>
      </trkpt>
      <trkpt lat="45.709136165678501129150390625" lon="126.62553383968770503997802734375">
        <ele>155.600006103515625</ele>
        <time>2026-08-20T11:37:24.000Z</time>
        <extensions>
          <ns3:TrackPointExtension>
            <ns3:hr>183</ns3:hr>
            <ns3:cad>88</ns3:cad>
          </ns3:TrackPointExtension>
        </extensions>
      </trkpt>
      <trkpt lat="45.70911294780671596527099609375" lon="126.62553769536316394805908203125">
        <ele>155.600006103515625</ele>
        <time>2026-08-20T11:37:25.000Z</time>
        <extensions>
          <ns3:TrackPointExtension>
            <ns3:hr>184</ns3:hr>
            <ns3:cad>87</ns3:cad>
          </ns3:TrackPointExtension>
        </extensions>
      </trkpt>
      <trkpt lat="45.70908277295529842376708984375" lon="126.6255451552569866180419921875">
        <ele>155.600006103515625</ele>
        <time>2026-08-20T11:37:26.000Z</time>
        <extensions>
          <ns3:TrackPointExtension>
            <ns3:hr>184</ns3:hr>
            <ns3:cad>87</ns3:cad>
          </ns3:TrackPointExtension>
        </extensions>
      </trkpt>
      <trkpt lat="45.70905930362641811370849609375" lon="126.62555010057985782623291015625">
        <ele>155.8000030517578125</ele>
        <time>2026-08-20T11:37:27.000Z</time>
        <extensions>
          <ns3:TrackPointExtension>
            <ns3:hr>184</ns3:hr>
            <ns3:cad>87</ns3:cad>
          </ns3:TrackPointExtension>
        </extensions>
      </trkpt>
      <trkpt lat="45.70903323590755462646484375" lon="126.62556066177785396575927734375">
        <ele>155.8000030517578125</ele>
        <time>2026-08-20T11:37:28.000Z</time>
        <extensions>
          <ns3:TrackPointExtension>
            <ns3:hr>185</ns3:hr>
            <ns3:cad>87</ns3:cad>
          </ns3:TrackPointExtension>
        </extensions>
      </trkpt>
      <trkpt lat="45.709007084369659423828125" lon="126.6255599074065685272216796875">
        <ele>155.8000030517578125</ele>
        <time>2026-08-20T11:37:29.000Z</time>
        <extensions>
          <ns3:TrackPointExtension>
            <ns3:hr>185</ns3:hr>
            <ns3:cad>87</ns3:cad>
          </ns3:TrackPointExtension>
        </extensions>
      </trkpt>
      <trkpt lat="45.70898353122174739837646484375" lon="126.625570468604564666748046875">
        <ele>156</ele>
        <time>2026-08-20T11:37:30.000Z</time>
        <extensions>
          <ns3:TrackPointExtension>
            <ns3:hr>185</ns3:hr>
            <ns3:cad>87</ns3:cad>
          </ns3:TrackPointExtension>
        </extensions>
      </trkpt>
      <trkpt lat="45.708958804607391357421875" lon="126.62557524628937244415283203125">
        <ele>156</ele>
        <time>2026-08-20T11:37:31.000Z</time>
        <extensions>
          <ns3:TrackPointExtension>
            <ns3:hr>184</ns3:hr>
            <ns3:cad>87</ns3:cad>
          </ns3:TrackPointExtension>
        </extensions>
      </trkpt>
      <trkpt lat="45.7089398615062236785888671875" lon="126.6255840472877025604248046875">
        <ele>156</ele>
        <time>2026-08-20T11:37:32.000Z</time>
        <extensions>
          <ns3:TrackPointExtension>
            <ns3:hr>184</ns3:hr>
            <ns3:cad>87</ns3:cad>
          </ns3:TrackPointExtension>
        </extensions>
      </trkpt>
      <trkpt lat="45.70891278795897960662841796875" lon="126.6255910880863666534423828125">
        <ele>156</ele>
        <time>2026-08-20T11:37:33.000Z</time>
        <extensions>
          <ns3:TrackPointExtension>
            <ns3:hr>185</ns3:hr>
            <ns3:cad>87</ns3:cad>
          </ns3:TrackPointExtension>
        </extensions>
      </trkpt>
      <trkpt lat="45.708894431591033935546875" lon="126.625601314008235931396484375">
        <ele>156</ele>
        <time>2026-08-20T11:37:34.000Z</time>
        <extensions>
          <ns3:TrackPointExtension>
            <ns3:hr>185</ns3:hr>
            <ns3:cad>87</ns3:cad>
          </ns3:TrackPointExtension>
        </extensions>
      </trkpt>
      <trkpt lat="45.70886828005313873291015625" lon="126.6256110370159149169921875">
        <ele>156</ele>
        <time>2026-08-20T11:37:35.000Z</time>
        <extensions>
          <ns3:TrackPointExtension>
            <ns3:hr>185</ns3:hr>
            <ns3:cad>86</ns3:cad>
          </ns3:TrackPointExtension>
        </extensions>
      </trkpt>
      <trkpt lat="45.70884757675230503082275390625" lon="126.62562235258519649505615234375">
        <ele>156.1999969482421875</ele>
        <time>2026-08-20T11:37:36.000Z</time>
        <extensions>
          <ns3:TrackPointExtension>
            <ns3:hr>185</ns3:hr>
            <ns3:cad>86</ns3:cad>
          </ns3:TrackPointExtension>
        </extensions>
      </trkpt>
      <trkpt lat="45.70882092230021953582763671875" lon="126.6256313212215900421142578125">
        <ele>156.1999969482421875</ele>
        <time>2026-08-20T11:37:37.000Z</time>
        <extensions>
          <ns3:TrackPointExtension>
            <ns3:hr>185</ns3:hr>
            <ns3:cad>86</ns3:cad>
          </ns3:TrackPointExtension>
        </extensions>
      </trkpt>
      <trkpt lat="45.7088003866374492645263671875" lon="126.62563526071608066558837890625">
        <ele>156.1999969482421875</ele>
        <time>2026-08-20T11:37:38.000Z</time>
        <extensions>
          <ns3:TrackPointExtension>
            <ns3:hr>185</ns3:hr>
            <ns3:cad>86</ns3:cad>
          </ns3:TrackPointExtension>
        </extensions>
      </trkpt>
      <trkpt lat="45.7087772525846958160400390625" lon="126.625644899904727935791015625">
        <ele>156.1999969482421875</ele>
        <time>2026-08-20T11:37:39.000Z</time>
        <extensions>
          <ns3:TrackPointExtension>
            <ns3:hr>186</ns3:hr>
            <ns3:cad>87</ns3:cad>
          </ns3:TrackPointExtension>
        </extensions>
      </trkpt>
      <trkpt lat="45.708755962550640106201171875" lon="126.625649929046630859375">
        <ele>156.399993896484375</ele>
        <time>2026-08-20T11:37:40.000Z</time>
        <extensions>
          <ns3:TrackPointExtension>
            <ns3:hr>186</ns3:hr>
            <ns3:cad>87</ns3:cad>
          </ns3:TrackPointExtension>
        </extensions>
      </trkpt>
      <trkpt lat="45.7087383605539798736572265625" lon="126.62565596401691436767578125">
        <ele>156.399993896484375</ele>
        <time>2026-08-20T11:37:41.000Z</time>
        <extensions>
          <ns3:TrackPointExtension>
            <ns3:hr>186</ns3:hr>
            <ns3:cad>88</ns3:cad>
          </ns3:TrackPointExtension>
        </extensions>
      </trkpt>
      <trkpt lat="45.70871279574930667877197265625" lon="126.6256641782820224761962890625">
        <ele>156.399993896484375</ele>
        <time>2026-08-20T11:37:42.000Z</time>
        <extensions>
          <ns3:TrackPointExtension>
            <ns3:hr>186</ns3:hr>
            <ns3:cad>88</ns3:cad>
          </ns3:TrackPointExtension>
        </extensions>
      </trkpt>
      <trkpt lat="45.70869150571525096893310546875" lon="126.625666357576847076416015625">
        <ele>156.399993896484375</ele>
        <time>2026-08-20T11:37:43.000Z</time>
        <extensions>
          <ns3:TrackPointExtension>
            <ns3:hr>186</ns3:hr>
            <ns3:cad>87</ns3:cad>
          </ns3:TrackPointExtension>
        </extensions>
      </trkpt>
      <trkpt lat="45.7086642645299434661865234375" lon="126.62566593848168849945068359375">
        <ele>156.399993896484375</ele>
        <time>2026-08-20T11:37:44.000Z</time>
        <extensions>
          <ns3:TrackPointExtension>
            <ns3:hr>187</ns3:hr>
            <ns3:cad>87</ns3:cad>
          </ns3:TrackPointExtension>
        </extensions>
      </trkpt>
      <trkpt lat="45.70864523760974407196044921875" lon="126.625669039785861968994140625">
        <ele>156.600006103515625</ele>
        <time>2026-08-20T11:37:45.000Z</time>
        <extensions>
          <ns3:TrackPointExtension>
            <ns3:hr>187</ns3:hr>
            <ns3:cad>87</ns3:cad>
          </ns3:TrackPointExtension>
        </extensions>
      </trkpt>
      <trkpt lat="45.708623863756656646728515625" lon="126.62567230872809886932373046875">
        <ele>156.600006103515625</ele>
        <time>2026-08-20T11:37:46.000Z</time>
        <extensions>
          <ns3:TrackPointExtension>
            <ns3:hr>187</ns3:hr>
            <ns3:cad>87</ns3:cad>
          </ns3:TrackPointExtension>
        </extensions>
      </trkpt>
      <trkpt lat="45.708599388599395751953125" lon="126.625671721994876861572265625">
        <ele>156.600006103515625</ele>
        <time>2026-08-20T11:37:47.000Z</time>
        <extensions>
          <ns3:TrackPointExtension>
            <ns3:hr>187</ns3:hr>
            <ns3:cad>86</ns3:cad>
          </ns3:TrackPointExtension>
        </extensions>
      </trkpt>
      <trkpt lat="45.70858002640306949615478515625" lon="126.62567465566098690032958984375">
        <ele>156.8000030517578125</ele>
        <time>2026-08-20T11:37:48.000Z</time>
        <extensions>
          <ns3:TrackPointExtension>
            <ns3:hr>187</ns3:hr>
            <ns3:cad>86</ns3:cad>
          </ns3:TrackPointExtension>
        </extensions>
      </trkpt>
      <trkpt lat="45.708553455770015716552734375" lon="126.62567750550806522369384765625">
        <ele>156.8000030517578125</ele>
        <time>2026-08-20T11:37:49.000Z</time>
        <extensions>
          <ns3:TrackPointExtension>
            <ns3:hr>187</ns3:hr>
            <ns3:cad>87</ns3:cad>
          </ns3:TrackPointExtension>
        </extensions>
      </trkpt>
      <trkpt lat="45.70853007026016712188720703125" lon="126.6256888210773468017578125">
        <ele>156.8000030517578125</ele>
        <time>2026-08-20T11:37:50.000Z</time>
        <extensions>
          <ns3:TrackPointExtension>
            <ns3:hr>187</ns3:hr>
            <ns3:cad>87</ns3:cad>
          </ns3:TrackPointExtension>
        </extensions>
      </trkpt>
      <trkpt lat="45.7085056789219379425048828125" lon="126.62569678388535976409912109375">
        <ele>157</ele>
        <time>2026-08-20T11:37:51.000Z</time>
        <extensions>
          <ns3:TrackPointExtension>
            <ns3:hr>188</ns3:hr>
            <ns3:cad>87</ns3:cad>
          </ns3:TrackPointExtension>
        </extensions>
      </trkpt>
      <trkpt lat="45.70848606526851654052734375" lon="126.62570214830338954925537109375">
        <ele>157</ele>
        <time>2026-08-20T11:37:52.000Z</time>
        <extensions>
          <ns3:TrackPointExtension>
            <ns3:hr>187</ns3:hr>
            <ns3:cad>87</ns3:cad>
          </ns3:TrackPointExtension>
        </extensions>
      </trkpt>
      <trkpt lat="45.70846083573997020721435546875" lon="126.62570432759821414947509765625">
        <ele>157</ele>
        <time>2026-08-20T11:37:53.000Z</time>
        <extensions>
          <ns3:TrackPointExtension>
            <ns3:hr>187</ns3:hr>
            <ns3:cad>87</ns3:cad>
          </ns3:TrackPointExtension>
        </extensions>
      </trkpt>
      <trkpt lat="45.708439461886882781982421875" lon="126.62570734508335590362548828125">
        <ele>157.1999969482421875</ele>
        <time>2026-08-20T11:37:54.000Z</time>
        <extensions>
          <ns3:TrackPointExtension>
            <ns3:hr>187</ns3:hr>
            <ns3:cad>87</ns3:cad>
          </ns3:TrackPointExtension>
        </extensions>
      </trkpt>
      <trkpt lat="45.70841523818671703338623046875" lon="126.625712625682353973388671875">
        <ele>157.399993896484375</ele>
        <time>2026-08-20T11:37:55.000Z</time>
        <extensions>
          <ns3:TrackPointExtension>
            <ns3:hr>187</ns3:hr>
            <ns3:cad>86</ns3:cad>
          </ns3:TrackPointExtension>
        </extensions>
      </trkpt>
      <trkpt lat="45.70839009247720241546630859375" lon="126.62571430206298828125">
        <ele>157.399993896484375</ele>
        <time>2026-08-20T11:37:56.000Z</time>
        <extensions>
          <ns3:TrackPointExtension>
            <ns3:hr>187</ns3:hr>
            <ns3:cad>86</ns3:cad>
          </ns3:TrackPointExtension>
        </extensions>
      </trkpt>
      <trkpt lat="45.7083655335009098052978515625" lon="126.62572092376649379730224609375">
        <ele>157.600006103515625</ele>
        <time>2026-08-20T11:37:57.000Z</time>
        <extensions>
          <ns3:TrackPointExtension>
            <ns3:hr>186</ns3:hr>
            <ns3:cad>86</ns3:cad>
          </ns3:TrackPointExtension>
        </extensions>
      </trkpt>
      <trkpt lat="45.7083397172391414642333984375" lon="126.6257194988429546356201171875">
        <ele>157.600006103515625</ele>
        <time>2026-08-20T11:37:58.000Z</time>
        <extensions>
          <ns3:TrackPointExtension>
            <ns3:hr>186</ns3:hr>
            <ns3:cad>86</ns3:cad>
          </ns3:TrackPointExtension>
        </extensions>
      </trkpt>
      <trkpt lat="45.70831817574799060821533203125" lon="126.6257272101938724517822265625">
        <ele>157.600006103515625</ele>
        <time>2026-08-20T11:37:59.000Z</time>
        <extensions>
          <ns3:TrackPointExtension>
            <ns3:hr>186</ns3:hr>
            <ns3:cad>85</ns3:cad>
          </ns3:TrackPointExtension>
        </extensions>
      </trkpt>
      <trkpt lat="45.7082927785813808441162109375" lon="126.62572679109871387481689453125">
        <ele>157.600006103515625</ele>
        <time>2026-08-20T11:38:00.000Z</time>
        <extensions>
          <ns3:TrackPointExtension>
            <ns3:hr>187</ns3:hr>
            <ns3:cad>85</ns3:cad>
          </ns3:TrackPointExtension>
        </extensions>
      </trkpt>
      <trkpt lat="45.7082736678421497344970703125" lon="126.62573182024061679840087890625">
        <ele>157.600006103515625</ele>
        <time>2026-08-20T11:38:01.000Z</time>
        <extensions>
          <ns3:TrackPointExtension>
            <ns3:hr>186</ns3:hr>
            <ns3:cad>85</ns3:cad>
          </ns3:TrackPointExtension>
        </extensions>
      </trkpt>
      <trkpt lat="45.70824709720909595489501953125" lon="126.625738106667995452880859375">
        <ele>157.600006103515625</ele>
        <time>2026-08-20T11:38:02.000Z</time>
        <extensions>
          <ns3:TrackPointExtension>
            <ns3:hr>186</ns3:hr>
            <ns3:cad>85</ns3:cad>
          </ns3:TrackPointExtension>
        </extensions>
      </trkpt>
      <trkpt lat="45.7082252204418182373046875" lon="126.62574036978185176849365234375">
        <ele>157.600006103515625</ele>
        <time>2026-08-20T11:38:03.000Z</time>
        <extensions>
          <ns3:TrackPointExtension>
            <ns3:hr>185</ns3:hr>
            <ns3:cad>85</ns3:cad>
          </ns3:TrackPointExtension>
        </extensions>
      </trkpt>
      <trkpt lat="45.7081989012658596038818359375" lon="126.62574313580989837646484375">
        <ele>157.600006103515625</ele>
        <time>2026-08-20T11:38:04.000Z</time>
        <extensions>
          <ns3:TrackPointExtension>
            <ns3:hr>185</ns3:hr>
            <ns3:cad>85</ns3:cad>
          </ns3:TrackPointExtension>
        </extensions>
      </trkpt>
      <trkpt lat="45.70817685686051845550537109375" lon="126.62574791349470615386962890625">
        <ele>157.8000030517578125</ele>
        <time>2026-08-20T11:38:05.000Z</time>
        <extensions>
          <ns3:TrackPointExtension>
            <ns3:hr>185</ns3:hr>
            <ns3:cad>86</ns3:cad>
          </ns3:TrackPointExtension>
        </extensions>
      </trkpt>
      <trkpt lat="45.70815808139741420745849609375" lon="126.6257553733885288238525390625">
        <ele>157.8000030517578125</ele>
        <time>2026-08-20T11:38:06.000Z</time>
        <extensions>
          <ns3:TrackPointExtension>
            <ns3:hr>185</ns3:hr>
            <ns3:cad>86</ns3:cad>
          </ns3:TrackPointExtension>
        </extensions>
      </trkpt>
      <trkpt lat="45.70813310332596302032470703125" lon="126.6257583908736705780029296875">
        <ele>158</ele>
        <time>2026-08-20T11:38:07.000Z</time>
        <extensions>
          <ns3:TrackPointExtension>
            <ns3:hr>184</ns3:hr>
            <ns3:cad>86</ns3:cad>
          </ns3:TrackPointExtension>
        </extensions>
      </trkpt>
      <trkpt lat="45.7081164233386516571044921875" lon="126.62576459348201751708984375">
        <ele>158</ele>
        <time>2026-08-20T11:38:08.000Z</time>
        <extensions>
          <ns3:TrackPointExtension>
            <ns3:hr>185</ns3:hr>
            <ns3:cad>86</ns3:cad>
          </ns3:TrackPointExtension>
        </extensions>
      </trkpt>
      <trkpt lat="45.7080902718007564544677734375" lon="126.62576618604362010955810546875">
        <ele>158</ele>
        <time>2026-08-20T11:38:09.000Z</time>
        <extensions>
          <ns3:TrackPointExtension>
            <ns3:hr>185</ns3:hr>
            <ns3:cad>86</ns3:cad>
          </ns3:TrackPointExtension>
        </extensions>
      </trkpt>
      <trkpt lat="45.70806906558573246002197265625" lon="126.62576568312942981719970703125">
        <ele>158</ele>
        <time>2026-08-20T11:38:10.000Z</time>
        <extensions>
          <ns3:TrackPointExtension>
            <ns3:hr>184</ns3:hr>
            <ns3:cad>86</ns3:cad>
          </ns3:TrackPointExtension>
        </extensions>
      </trkpt>
      <trkpt lat="45.7080481946468353271484375" lon="126.625768281519412994384765625">
        <ele>158</ele>
        <time>2026-08-20T11:38:11.000Z</time>
        <extensions>
          <ns3:TrackPointExtension>
            <ns3:hr>185</ns3:hr>
            <ns3:cad>86</ns3:cad>
          </ns3:TrackPointExtension>
        </extensions>
      </trkpt>
      <trkpt lat="45.70802212692797183990478515625" lon="126.6257687844336032867431640625">
        <ele>158</ele>
        <time>2026-08-20T11:38:12.000Z</time>
        <extensions>
          <ns3:TrackPointExtension>
            <ns3:hr>185</ns3:hr>
            <ns3:cad>86</ns3:cad>
          </ns3:TrackPointExtension>
        </extensions>
      </trkpt>
      <trkpt lat="45.7080041058361530303955078125" lon="126.6257744841277599334716796875">
        <ele>158</ele>
        <time>2026-08-20T11:38:13.000Z</time>
        <extensions>
          <ns3:TrackPointExtension>
            <ns3:hr>185</ns3:hr>
            <ns3:cad>86</ns3:cad>
          </ns3:TrackPointExtension>
        </extensions>
      </trkpt>
      <trkpt lat="45.70797644555568695068359375" lon="126.62577641196548938751220703125">
        <ele>158</ele>
        <time>2026-08-20T11:38:14.000Z</time>
        <extensions>
          <ns3:TrackPointExtension>
            <ns3:hr>185</ns3:hr>
            <ns3:cad>85</ns3:cad>
          </ns3:TrackPointExtension>
        </extensions>
      </trkpt>
      <trkpt lat="45.70796211250126361846923828125" lon="126.6257808543741703033447265625">
        <ele>158.1999969482421875</ele>
        <time>2026-08-20T11:38:15.000Z</time>
        <extensions>
          <ns3:TrackPointExtension>
            <ns3:hr>185</ns3:hr>
            <ns3:cad>85</ns3:cad>
          </ns3:TrackPointExtension>
        </extensions>
      </trkpt>
      <trkpt lat="45.70793529041111469268798828125" lon="126.6257895715534687042236328125">
        <ele>158.1999969482421875</ele>
        <time>2026-08-20T11:38:16.000Z</time>
        <extensions>
          <ns3:TrackPointExtension>
            <ns3:hr>185</ns3:hr>
            <ns3:cad>85</ns3:cad>
          </ns3:TrackPointExtension>
        </extensions>
      </trkpt>
      <trkpt lat="45.707913748919963836669921875" lon="126.62580273114144802093505859375">
        <ele>158.1999969482421875</ele>
        <time>2026-08-20T11:38:17.000Z</time>
        <extensions>
          <ns3:TrackPointExtension>
            <ns3:hr>185</ns3:hr>
            <ns3:cad>86</ns3:cad>
          </ns3:TrackPointExtension>
        </extensions>
      </trkpt>
      <trkpt lat="45.70788851939141750335693359375" lon="126.62580977194011211395263671875">
        <ele>158.1999969482421875</ele>
        <time>2026-08-20T11:38:18.000Z</time>
        <extensions>
          <ns3:TrackPointExtension>
            <ns3:hr>184</ns3:hr>
            <ns3:cad>86</ns3:cad>
          </ns3:TrackPointExtension>
        </extensions>
      </trkpt>
      <trkpt lat="45.70786924101412296295166015625" lon="126.6258127056062221527099609375">
        <ele>158.399993896484375</ele>
        <time>2026-08-20T11:38:19.000Z</time>
        <extensions>
          <ns3:TrackPointExtension>
            <ns3:hr>185</ns3:hr>
            <ns3:cad>86</ns3:cad>
          </ns3:TrackPointExtension>
        </extensions>
      </trkpt>
      <trkpt lat="45.70784945972263813018798828125" lon="126.62582050077617168426513671875">
        <ele>158.399993896484375</ele>
        <time>2026-08-20T11:38:20.000Z</time>
        <extensions>
          <ns3:TrackPointExtension>
            <ns3:hr>185</ns3:hr>
            <ns3:cad>87</ns3:cad>
          </ns3:TrackPointExtension>
        </extensions>
      </trkpt>
      <trkpt lat="45.7078247331082820892333984375" lon="126.62582083605229854583740234375">
        <ele>158.399993896484375</ele>
        <time>2026-08-20T11:38:21.000Z</time>
        <extensions>
          <ns3:TrackPointExtension>
            <ns3:hr>185</ns3:hr>
            <ns3:cad>87</ns3:cad>
          </ns3:TrackPointExtension>
        </extensions>
      </trkpt>
      <trkpt lat="45.7078066281974315643310546875" lon="126.62582720629870891571044921875">
        <ele>158.600006103515625</ele>
        <time>2026-08-20T11:38:22.000Z</time>
        <extensions>
          <ns3:TrackPointExtension>
            <ns3:hr>185</ns3:hr>
            <ns3:cad>87</ns3:cad>
          </ns3:TrackPointExtension>
        </extensions>
      </trkpt>
      <trkpt lat="45.7077771238982677459716796875" lon="126.6258274577558040618896484375">
        <ele>158.600006103515625</ele>
        <time>2026-08-20T11:38:23.000Z</time>
        <extensions>
          <ns3:TrackPointExtension>
            <ns3:hr>184</ns3:hr>
            <ns3:cad>87</ns3:cad>
          </ns3:TrackPointExtension>
        </extensions>
      </trkpt>
      <trkpt lat="45.70776111446321010589599609375" lon="126.62583391182124614715576171875">
        <ele>158.600006103515625</ele>
        <time>2026-08-20T11:38:24.000Z</time>
        <extensions>
          <ns3:TrackPointExtension>
            <ns3:hr>184</ns3:hr>
            <ns3:cad>87</ns3:cad>
          </ns3:TrackPointExtension>
        </extensions>
      </trkpt>
      <trkpt lat="45.70773177780210971832275390625" lon="126.62583835422992706298828125">
        <ele>158.600006103515625</ele>
        <time>2026-08-20T11:38:25.000Z</time>
        <extensions>
          <ns3:TrackPointExtension>
            <ns3:hr>184</ns3:hr>
            <ns3:cad>87</ns3:cad>
          </ns3:TrackPointExtension>
        </extensions>
      </trkpt>
      <trkpt lat="45.70770998485386371612548828125" lon="126.62584229372441768646240234375">
        <ele>158.8000030517578125</ele>
        <time>2026-08-20T11:38:26.000Z</time>
        <extensions>
          <ns3:TrackPointExtension>
            <ns3:hr>185</ns3:hr>
            <ns3:cad>87</ns3:cad>
          </ns3:TrackPointExtension>
        </extensions>
      </trkpt>
      <trkpt lat="45.7076852582395076751708984375" lon="126.625850088894367218017578125">
        <ele>158.8000030517578125</ele>
        <time>2026-08-20T11:38:27.000Z</time>
        <extensions>
          <ns3:TrackPointExtension>
            <ns3:hr>184</ns3:hr>
            <ns3:cad>87</ns3:cad>
          </ns3:TrackPointExtension>
        </extensions>
      </trkpt>
      <trkpt lat="45.7076570950448513031005859375" lon="126.62585268728435039520263671875">
        <ele>158.8000030517578125</ele>
        <time>2026-08-20T11:38:28.000Z</time>
        <extensions>
          <ns3:TrackPointExtension>
            <ns3:hr>184</ns3:hr>
            <ns3:cad>86</ns3:cad>
          </ns3:TrackPointExtension>
        </extensions>
      </trkpt>
      <trkpt lat="45.7076369784772396087646484375" lon="126.62586643360555171966552734375">
        <ele>158.8000030517578125</ele>
        <time>2026-08-20T11:38:29.000Z</time>
        <extensions>
          <ns3:TrackPointExtension>
            <ns3:hr>185</ns3:hr>
            <ns3:cad>86</ns3:cad>
          </ns3:TrackPointExtension>
        </extensions>
      </trkpt>
      <trkpt lat="45.7076083123683929443359375" lon="126.62587012164294719696044921875">
        <ele>158.8000030517578125</ele>
        <time>2026-08-20T11:38:30.000Z</time>
        <extensions>
          <ns3:TrackPointExtension>
            <ns3:hr>184</ns3:hr>
            <ns3:cad>85</ns3:cad>
          </ns3:TrackPointExtension>
        </extensions>
      </trkpt>
      <trkpt lat="45.70758844725787639617919921875" lon="126.625878252089023590087890625">
        <ele>158.8000030517578125</ele>
        <time>2026-08-20T11:38:31.000Z</time>
        <extensions>
          <ns3:TrackPointExtension>
            <ns3:hr>184</ns3:hr>
            <ns3:cad>85</ns3:cad>
          </ns3:TrackPointExtension>
        </extensions>
      </trkpt>
      <trkpt lat="45.70755475200712680816650390625" lon="126.62588001228868961334228515625">
        <ele>159</ele>
        <time>2026-08-20T11:38:32.000Z</time>
        <extensions>
          <ns3:TrackPointExtension>
            <ns3:hr>185</ns3:hr>
            <ns3:cad>85</ns3:cad>
          </ns3:TrackPointExtension>
        </extensions>
      </trkpt>
      <trkpt lat="45.70753010921180248260498046875" lon="126.6258878074586391448974609375">
        <ele>159</ele>
        <time>2026-08-20T11:38:33.000Z</time>
        <extensions>
          <ns3:TrackPointExtension>
            <ns3:hr>184</ns3:hr>
            <ns3:cad>85</ns3:cad>
          </ns3:TrackPointExtension>
        </extensions>
      </trkpt>
      <trkpt lat="45.70750479586422443389892578125" lon="126.62589023821055889129638671875">
        <ele>159.1999969482421875</ele>
        <time>2026-08-20T11:38:34.000Z</time>
        <extensions>
          <ns3:TrackPointExtension>
            <ns3:hr>184</ns3:hr>
            <ns3:cad>86</ns3:cad>
          </ns3:TrackPointExtension>
        </extensions>
      </trkpt>
      <trkpt lat="45.70748166181147098541259765625" lon="126.62589543499052524566650390625">
        <ele>159.1999969482421875</ele>
        <time>2026-08-20T11:38:35.000Z</time>
        <extensions>
          <ns3:TrackPointExtension>
            <ns3:hr>184</ns3:hr>
            <ns3:cad>86</ns3:cad>
          </ns3:TrackPointExtension>
        </extensions>
      </trkpt>
      <trkpt lat="45.70745936594903469085693359375" lon="126.6259049065411090850830078125">
        <ele>159.1999969482421875</ele>
        <time>2026-08-20T11:38:36.000Z</time>
        <extensions>
          <ns3:TrackPointExtension>
            <ns3:hr>185</ns3:hr>
            <ns3:cad>86</ns3:cad>
          </ns3:TrackPointExtension>
        </extensions>
      </trkpt>
      <trkpt lat="45.70743489079177379608154296875" lon="126.6259099356830120086669921875">
        <ele>159.1999969482421875</ele>
        <time>2026-08-20T11:38:37.000Z</time>
        <extensions>
          <ns3:TrackPointExtension>
            <ns3:hr>184</ns3:hr>
            <ns3:cad>86</ns3:cad>
          </ns3:TrackPointExtension>
        </extensions>
      </trkpt>
      <trkpt lat="45.70741896517574787139892578125" lon="126.6259203292429447174072265625">
        <ele>159.1999969482421875</ele>
        <time>2026-08-20T11:38:38.000Z</time>
        <extensions>
          <ns3:TrackPointExtension>
            <ns3:hr>184</ns3:hr>
            <ns3:cad>87</ns3:cad>
          </ns3:TrackPointExtension>
        </extensions>
      </trkpt>
      <trkpt lat="45.707392059266567230224609375" lon="126.62592711858451366424560546875">
        <ele>159.1999969482421875</ele>
        <time>2026-08-20T11:38:39.000Z</time>
        <extensions>
          <ns3:TrackPointExtension>
            <ns3:hr>184</ns3:hr>
            <ns3:cad>87</ns3:cad>
          </ns3:TrackPointExtension>
        </extensions>
      </trkpt>
      <trkpt lat="45.70737370289862155914306640625" lon="126.6259355843067169189453125">
        <ele>159.1999969482421875</ele>
        <time>2026-08-20T11:38:40.000Z</time>
        <extensions>
          <ns3:TrackPointExtension>
            <ns3:hr>184</ns3:hr>
            <ns3:cad>87</ns3:cad>
          </ns3:TrackPointExtension>
        </extensions>
      </trkpt>
      <trkpt lat="45.70735040120780467987060546875" lon="126.62594187073409557342529296875">
        <ele>159.1999969482421875</ele>
        <time>2026-08-20T11:38:41.000Z</time>
        <extensions>
          <ns3:TrackPointExtension>
            <ns3:hr>184</ns3:hr>
            <ns3:cad>87</ns3:cad>
          </ns3:TrackPointExtension>
        </extensions>
      </trkpt>
      <trkpt lat="45.70732827298343181610107421875" lon="126.625939272344112396240234375">
        <ele>159.1999969482421875</ele>
        <time>2026-08-20T11:38:42.000Z</time>
        <extensions>
          <ns3:TrackPointExtension>
            <ns3:hr>183</ns3:hr>
            <ns3:cad>87</ns3:cad>
          </ns3:TrackPointExtension>
        </extensions>
      </trkpt>
      <trkpt lat="45.70731033571064472198486328125" lon="126.6259437985718250274658203125">
        <ele>159.1999969482421875</ele>
        <time>2026-08-20T11:38:43.000Z</time>
        <extensions>
          <ns3:TrackPointExtension>
            <ns3:hr>183</ns3:hr>
            <ns3:cad>85</ns3:cad>
          </ns3:TrackPointExtension>
        </extensions>
      </trkpt>
      <trkpt lat="45.70728602819144725799560546875" lon="126.62594237364828586578369140625">
        <ele>159.1999969482421875</ele>
        <time>2026-08-20T11:38:44.000Z</time>
        <extensions>
          <ns3:TrackPointExtension>
            <ns3:hr>182</ns3:hr>
            <ns3:cad>85</ns3:cad>
          </ns3:TrackPointExtension>
        </extensions>
      </trkpt>
      <trkpt lat="45.70726834237575531005859375" lon="126.62594790570437908172607421875">
        <ele>159.399993896484375</ele>
        <time>2026-08-20T11:38:45.000Z</time>
        <extensions>
          <ns3:TrackPointExtension>
            <ns3:hr>182</ns3:hr>
            <ns3:cad>86</ns3:cad>
          </ns3:TrackPointExtension>
        </extensions>
      </trkpt>
      <trkpt lat="45.7072423584759235382080078125" lon="126.625952012836933135986328125">
        <ele>159.399993896484375</ele>
        <time>2026-08-20T11:38:46.000Z</time>
        <extensions>
          <ns3:TrackPointExtension>
            <ns3:hr>181</ns3:hr>
            <ns3:cad>85</ns3:cad>
          </ns3:TrackPointExtension>
        </extensions>
      </trkpt>
      <trkpt lat="45.7072222419083118438720703125" lon="126.625962071120738983154296875">
        <ele>159.399993896484375</ele>
        <time>2026-08-20T11:38:47.000Z</time>
        <extensions>
          <ns3:TrackPointExtension>
            <ns3:hr>178</ns3:hr>
            <ns3:cad>85</ns3:cad>
          </ns3:TrackPointExtension>
        </extensions>
      </trkpt>
      <trkpt lat="45.70719365961849689483642578125" lon="126.6259659267961978912353515625">
        <ele>159.399993896484375</ele>
        <time>2026-08-20T11:38:48.000Z</time>
        <extensions>
          <ns3:TrackPointExtension>
            <ns3:hr>176</ns3:hr>
            <ns3:cad>85</ns3:cad>
          </ns3:TrackPointExtension>
        </extensions>
      </trkpt>
      <trkpt lat="45.707170106470584869384765625" lon="126.6259722970426082611083984375">
        <ele>159.399993896484375</ele>
        <time>2026-08-20T11:38:49.000Z</time>
        <extensions>
          <ns3:TrackPointExtension>
            <ns3:hr>175</ns3:hr>
            <ns3:cad>85</ns3:cad>
          </ns3:TrackPointExtension>
        </extensions>
      </trkpt>
      <trkpt lat="45.70714353583753108978271484375" lon="126.62599082104861736297607421875">
        <ele>159.399993896484375</ele>
        <time>2026-08-20T11:38:50.000Z</time>
        <extensions>
          <ns3:TrackPointExtension>
            <ns3:hr>174</ns3:hr>
            <ns3:cad>86</ns3:cad>
          </ns3:TrackPointExtension>
        </extensions>
      </trkpt>
      <trkpt lat="45.7071166299283504486083984375" lon="126.6259967721998691558837890625">
        <ele>159.399993896484375</ele>
        <time>2026-08-20T11:38:51.000Z</time>
        <extensions>
          <ns3:TrackPointExtension>
            <ns3:hr>174</ns3:hr>
            <ns3:cad>86</ns3:cad>
          </ns3:TrackPointExtension>
        </extensions>
      </trkpt>
      <trkpt lat="45.707097016274929046630859375" lon="126.6260081715881824493408203125">
        <ele>159.600006103515625</ele>
        <time>2026-08-20T11:38:52.000Z</time>
        <extensions>
          <ns3:TrackPointExtension>
            <ns3:hr>174</ns3:hr>
            <ns3:cad>87</ns3:cad>
          </ns3:TrackPointExtension>
        </extensions>
      </trkpt>
      <trkpt lat="45.70706591941416263580322265625" lon="126.6260172240436077117919921875">
        <ele>159.600006103515625</ele>
        <time>2026-08-20T11:38:53.000Z</time>
        <extensions>
          <ns3:TrackPointExtension>
            <ns3:hr>173</ns3:hr>
            <ns3:cad>87</ns3:cad>
          </ns3:TrackPointExtension>
        </extensions>
      </trkpt>
      <trkpt lat="45.70704496465623378753662109375" lon="126.6260256059467792510986328125">
        <ele>159.600006103515625</ele>
        <time>2026-08-20T11:38:54.000Z</time>
        <extensions>
          <ns3:TrackPointExtension>
            <ns3:hr>173</ns3:hr>
            <ns3:cad>86</ns3:cad>
          </ns3:TrackPointExtension>
        </extensions>
      </trkpt>
      <trkpt lat="45.70701696909964084625244140625" lon="126.62603021599352359771728515625">
        <ele>159.600006103515625</ele>
        <time>2026-08-20T11:38:55.000Z</time>
        <extensions>
          <ns3:TrackPointExtension>
            <ns3:hr>173</ns3:hr>
            <ns3:cad>86</ns3:cad>
          </ns3:TrackPointExtension>
        </extensions>
      </trkpt>
      <trkpt lat="45.70699836127460002899169921875" lon="126.6260343231260776519775390625">
        <ele>159.600006103515625</ele>
        <time>2026-08-20T11:38:56.000Z</time>
        <extensions>
          <ns3:TrackPointExtension>
            <ns3:hr>174</ns3:hr>
            <ns3:cad>86</ns3:cad>
          </ns3:TrackPointExtension>
        </extensions>
      </trkpt>
      <trkpt lat="45.70697338320314884185791015625" lon="126.62603775970637798309326171875">
        <ele>159.600006103515625</ele>
        <time>2026-08-20T11:38:57.000Z</time>
        <extensions>
          <ns3:TrackPointExtension>
            <ns3:hr>174</ns3:hr>
            <ns3:cad>86</ns3:cad>
          </ns3:TrackPointExtension>
        </extensions>
      </trkpt>
      <trkpt lat="45.70695293135941028594970703125" lon="126.62604220211505889892578125">
        <ele>159.8000030517578125</ele>
        <time>2026-08-20T11:38:58.000Z</time>
        <extensions>
          <ns3:TrackPointExtension>
            <ns3:hr>175</ns3:hr>
            <ns3:cad>86</ns3:cad>
          </ns3:TrackPointExtension>
        </extensions>
      </trkpt>
      <trkpt lat="45.706931054592132568359375" lon="126.6260487399995326995849609375">
        <ele>159.8000030517578125</ele>
        <time>2026-08-20T11:38:59.000Z</time>
        <extensions>
          <ns3:TrackPointExtension>
            <ns3:hr>176</ns3:hr>
            <ns3:cad>86</ns3:cad>
          </ns3:TrackPointExtension>
        </extensions>
      </trkpt>
      <trkpt lat="45.7069007121026515960693359375" lon="126.62604748271405696868896484375">
        <ele>159.8000030517578125</ele>
        <time>2026-08-20T11:39:00.000Z</time>
        <extensions>
          <ns3:TrackPointExtension>
            <ns3:hr>178</ns3:hr>
            <ns3:cad>86</ns3:cad>
          </ns3:TrackPointExtension>
        </extensions>
      </trkpt>
      <trkpt lat="45.7068809308111667633056640625" lon="126.62605150602757930755615234375">
        <ele>159.8000030517578125</ele>
        <time>2026-08-20T11:39:01.000Z</time>
        <extensions>
          <ns3:TrackPointExtension>
            <ns3:hr>181</ns3:hr>
            <ns3:cad>86</ns3:cad>
          </ns3:TrackPointExtension>
        </extensions>
      </trkpt>
      <trkpt lat="45.706850588321685791015625" lon="126.62604966200888156890869140625">
        <ele>159.8000030517578125</ele>
        <time>2026-08-20T11:39:02.000Z</time>
        <extensions>
          <ns3:TrackPointExtension>
            <ns3:hr>182</ns3:hr>
            <ns3:cad>86</ns3:cad>
          </ns3:TrackPointExtension>
        </extensions>
      </trkpt>
      <trkpt lat="45.70682980120182037353515625" lon="126.62604966200888156890869140625">
        <ele>159.8000030517578125</ele>
        <time>2026-08-20T11:39:03.000Z</time>
        <extensions>
          <ns3:TrackPointExtension>
            <ns3:hr>183</ns3:hr>
            <ns3:cad>86</ns3:cad>
          </ns3:TrackPointExtension>
        </extensions>
      </trkpt>
      <trkpt lat="45.70679920725524425506591796875" lon="126.62605226039886474609375">
        <ele>159.8000030517578125</ele>
        <time>2026-08-20T11:39:04.000Z</time>
        <extensions>
          <ns3:TrackPointExtension>
            <ns3:hr>184</ns3:hr>
            <ns3:cad>86</ns3:cad>
          </ns3:TrackPointExtension>
        </extensions>
      </trkpt>
      <trkpt lat="45.70677808485925197601318359375" lon="126.6260547749698162078857421875">
        <ele>159.8000030517578125</ele>
        <time>2026-08-20T11:39:05.000Z</time>
        <extensions>
          <ns3:TrackPointExtension>
            <ns3:hr>184</ns3:hr>
            <ns3:cad>86</ns3:cad>
          </ns3:TrackPointExtension>
        </extensions>
      </trkpt>
      <trkpt lat="45.70675260387361049652099609375" lon="126.6260591335594654083251953125">
        <ele>159.8000030517578125</ele>
        <time>2026-08-20T11:39:06.000Z</time>
        <extensions>
          <ns3:TrackPointExtension>
            <ns3:hr>184</ns3:hr>
            <ns3:cad>86</ns3:cad>
          </ns3:TrackPointExtension>
        </extensions>
      </trkpt>
      <trkpt lat="45.70673014037311077117919921875" lon="126.62606424652040004730224609375">
        <ele>159.8000030517578125</ele>
        <time>2026-08-20T11:39:07.000Z</time>
        <extensions>
          <ns3:TrackPointExtension>
            <ns3:hr>184</ns3:hr>
            <ns3:cad>86</ns3:cad>
          </ns3:TrackPointExtension>
        </extensions>
      </trkpt>
      <trkpt lat="45.7067079283297061920166015625" lon="126.62607816047966480255126953125">
        <ele>159.8000030517578125</ele>
        <time>2026-08-20T11:39:08.000Z</time>
        <extensions>
          <ns3:TrackPointExtension>
            <ns3:hr>185</ns3:hr>
            <ns3:cad>86</ns3:cad>
          </ns3:TrackPointExtension>
        </extensions>
      </trkpt>
      <trkpt lat="45.70667884312570095062255859375" lon="126.62608218379318714141845703125">
        <ele>159.8000030517578125</ele>
        <time>2026-08-20T11:39:09.000Z</time>
        <extensions>
          <ns3:TrackPointExtension>
            <ns3:hr>185</ns3:hr>
            <ns3:cad>86</ns3:cad>
          </ns3:TrackPointExtension>
        </extensions>
      </trkpt>
      <trkpt lat="45.70666023530066013336181640625" lon="126.6260911524295806884765625">
        <ele>160</ele>
        <time>2026-08-20T11:39:10.000Z</time>
        <extensions>
          <ns3:TrackPointExtension>
            <ns3:hr>185</ns3:hr>
            <ns3:cad>86</ns3:cad>
          </ns3:TrackPointExtension>
        </extensions>
      </trkpt>
      <trkpt lat="45.70663131773471832275390625" lon="126.62609458900988101959228515625">
        <ele>160</ele>
        <time>2026-08-20T11:39:11.000Z</time>
        <extensions>
          <ns3:TrackPointExtension>
            <ns3:hr>184</ns3:hr>
            <ns3:cad>86</ns3:cad>
          </ns3:TrackPointExtension>
        </extensions>
      </trkpt>
      <trkpt lat="45.70661145262420177459716796875" lon="126.62609827704727649688720703125">
        <ele>160</ele>
        <time>2026-08-20T11:39:12.000Z</time>
        <extensions>
          <ns3:TrackPointExtension>
            <ns3:hr>184</ns3:hr>
            <ns3:cad>86</ns3:cad>
          </ns3:TrackPointExtension>
        </extensions>
      </trkpt>
      <trkpt lat="45.7065899111330509185791015625" lon="126.62609861232340335845947265625">
        <ele>160</ele>
        <time>2026-08-20T11:39:13.000Z</time>
        <extensions>
          <ns3:TrackPointExtension>
            <ns3:hr>184</ns3:hr>
            <ns3:cad>86</ns3:cad>
          </ns3:TrackPointExtension>
        </extensions>
      </trkpt>
      <trkpt lat="45.70656501688063144683837890625" lon="126.6260983608663082122802734375">
        <ele>160.1999969482421875</ele>
        <time>2026-08-20T11:39:14.000Z</time>
        <extensions>
          <ns3:TrackPointExtension>
            <ns3:hr>185</ns3:hr>
            <ns3:cad>86</ns3:cad>
          </ns3:TrackPointExtension>
        </extensions>
      </trkpt>
      <trkpt lat="45.70653283037245273590087890625" lon="126.6261060722172260284423828125">
        <ele>160.399993896484375</ele>
        <time>2026-08-20T11:39:15.000Z</time>
        <extensions>
          <ns3:TrackPointExtension>
            <ns3:hr>185</ns3:hr>
            <ns3:cad>86</ns3:cad>
          </ns3:TrackPointExtension>
        </extensions>
      </trkpt>
      <trkpt lat="45.70650852285325527191162109375" lon="126.6261117719113826751708984375">
        <ele>160.600006103515625</ele>
        <time>2026-08-20T11:39:16.000Z</time>
        <extensions>
          <ns3:TrackPointExtension>
            <ns3:hr>185</ns3:hr>
            <ns3:cad>86</ns3:cad>
          </ns3:TrackPointExtension>
        </extensions>
      </trkpt>
      <trkpt lat="45.70648069493472576141357421875" lon="126.62612157873809337615966796875">
        <ele>160.600006103515625</ele>
        <time>2026-08-20T11:39:17.000Z</time>
        <extensions>
          <ns3:TrackPointExtension>
            <ns3:hr>185</ns3:hr>
            <ns3:cad>86</ns3:cad>
          </ns3:TrackPointExtension>
        </extensions>
      </trkpt>
      <trkpt lat="45.70645697414875030517578125" lon="126.62611722014844417572021484375">
        <ele>160.8000030517578125</ele>
        <time>2026-08-20T11:39:18.000Z</time>
        <extensions>
          <ns3:TrackPointExtension>
            <ns3:hr>185</ns3:hr>
            <ns3:cad>86</ns3:cad>
          </ns3:TrackPointExtension>
        </extensions>
      </trkpt>
      <trkpt lat="45.70643174462020397186279296875" lon="126.62612493149936199188232421875">
        <ele>160.8000030517578125</ele>
        <time>2026-08-20T11:39:19.000Z</time>
        <extensions>
          <ns3:TrackPointExtension>
            <ns3:hr>185</ns3:hr>
            <ns3:cad>86</ns3:cad>
          </ns3:TrackPointExtension>
        </extensions>
      </trkpt>
      <trkpt lat="45.706406347453594207763671875" lon="126.62612736225128173828125">
        <ele>160.600006103515625</ele>
        <time>2026-08-20T11:39:20.000Z</time>
        <extensions>
          <ns3:TrackPointExtension>
            <ns3:hr>185</ns3:hr>
            <ns3:cad>86</ns3:cad>
          </ns3:TrackPointExtension>
        </extensions>
      </trkpt>
      <trkpt lat="45.70638396777212619781494140625" lon="126.626137755811214447021484375">
        <ele>160.600006103515625</ele>
        <time>2026-08-20T11:39:21.000Z</time>
        <extensions>
          <ns3:TrackPointExtension>
            <ns3:hr>185</ns3:hr>
            <ns3:cad>86</ns3:cad>
          </ns3:TrackPointExtension>
        </extensions>
      </trkpt>
      <trkpt lat="45.70635982789099216461181640625" lon="126.62613566033542156219482421875">
        <ele>160.600006103515625</ele>
        <time>2026-08-20T11:39:22.000Z</time>
        <extensions>
          <ns3:TrackPointExtension>
            <ns3:hr>185</ns3:hr>
            <ns3:cad>86</ns3:cad>
          </ns3:TrackPointExtension>
        </extensions>
      </trkpt>
      <trkpt lat="45.7063396275043487548828125" lon="126.626139767467975616455078125">
        <ele>160.600006103515625</ele>
        <time>2026-08-20T11:39:23.000Z</time>
        <extensions>
          <ns3:TrackPointExtension>
            <ns3:hr>185</ns3:hr>
            <ns3:cad>86</ns3:cad>
          </ns3:TrackPointExtension>
        </extensions>
      </trkpt>
      <trkpt lat="45.70631305687129497528076171875" lon="126.6261395998299121856689453125">
        <ele>160.600006103515625</ele>
        <time>2026-08-20T11:39:24.000Z</time>
        <extensions>
          <ns3:TrackPointExtension>
            <ns3:hr>185</ns3:hr>
            <ns3:cad>87</ns3:cad>
          </ns3:TrackPointExtension>
        </extensions>
      </trkpt>
      <trkpt lat="45.70629344321787357330322265625" lon="126.62615426816046237945556640625">
        <ele>160.600006103515625</ele>
        <time>2026-08-20T11:39:25.000Z</time>
        <extensions>
          <ns3:TrackPointExtension>
            <ns3:hr>184</ns3:hr>
            <ns3:cad>87</ns3:cad>
          </ns3:TrackPointExtension>
        </extensions>
      </trkpt>
      <trkpt lat="45.70626762695610523223876953125" lon="126.62616751156747341156005859375">
        <ele>160.8000030517578125</ele>
        <time>2026-08-20T11:39:26.000Z</time>
        <extensions>
          <ns3:TrackPointExtension>
            <ns3:hr>184</ns3:hr>
            <ns3:cad>87</ns3:cad>
          </ns3:TrackPointExtension>
        </extensions>
      </trkpt>
      <trkpt lat="45.7062465883791446685791015625" lon="126.62616902031004428863525390625">
        <ele>160.8000030517578125</ele>
        <time>2026-08-20T11:39:27.000Z</time>
        <extensions>
          <ns3:TrackPointExtension>
            <ns3:hr>185</ns3:hr>
            <ns3:cad>87</ns3:cad>
          </ns3:TrackPointExtension>
        </extensions>
      </trkpt>
      <trkpt lat="45.706225298345088958740234375" lon="126.62618100643157958984375">
        <ele>160.8000030517578125</ele>
        <time>2026-08-20T11:39:28.000Z</time>
        <extensions>
          <ns3:TrackPointExtension>
            <ns3:hr>185</ns3:hr>
            <ns3:cad>87</ns3:cad>
          </ns3:TrackPointExtension>
        </extensions>
      </trkpt>
      <trkpt lat="45.7061999849975109100341796875" lon="126.626182682812213897705078125">
        <ele>160.8000030517578125</ele>
        <time>2026-08-20T11:39:29.000Z</time>
        <extensions>
          <ns3:TrackPointExtension>
            <ns3:hr>185</ns3:hr>
            <ns3:cad>87</ns3:cad>
          </ns3:TrackPointExtension>
        </extensions>
      </trkpt>
      <trkpt lat="45.7061840593814849853515625" lon="126.6261898912489414215087890625">
        <ele>160.8000030517578125</ele>
        <time>2026-08-20T11:39:30.000Z</time>
        <extensions>
          <ns3:TrackPointExtension>
            <ns3:hr>186</ns3:hr>
            <ns3:cad>87</ns3:cad>
          </ns3:TrackPointExtension>
        </extensions>
      </trkpt>
      <trkpt lat="45.706153213977813720703125" lon="126.62619240581989288330078125">
        <ele>161</ele>
        <time>2026-08-20T11:39:31.000Z</time>
        <extensions>
          <ns3:TrackPointExtension>
            <ns3:hr>188</ns3:hr>
            <ns3:cad>87</ns3:cad>
          </ns3:TrackPointExtension>
        </extensions>
      </trkpt>
      <trkpt lat="45.70613368414342403411865234375" lon="126.62620246410369873046875">
        <ele>161</ele>
        <time>2026-08-20T11:39:32.000Z</time>
        <extensions>
          <ns3:TrackPointExtension>
            <ns3:hr>188</ns3:hr>
            <ns3:cad>86</ns3:cad>
          </ns3:TrackPointExtension>
        </extensions>
      </trkpt>
      <trkpt lat="45.7061071135103702545166015625" lon="126.62620573304593563079833984375">
        <ele>161</ele>
        <time>2026-08-20T11:39:33.000Z</time>
        <extensions>
          <ns3:TrackPointExtension>
            <ns3:hr>188</ns3:hr>
            <ns3:cad>86</ns3:cad>
          </ns3:TrackPointExtension>
        </extensions>
      </trkpt>
      <trkpt lat="45.7060848176479339599609375" lon="126.62621176801621913909912109375">
        <ele>161.1999969482421875</ele>
        <time>2026-08-20T11:39:34.000Z</time>
        <extensions>
          <ns3:TrackPointExtension>
            <ns3:hr>187</ns3:hr>
            <ns3:cad>86</ns3:cad>
          </ns3:TrackPointExtension>
        </extensions>
      </trkpt>
      <trkpt lat="45.7060598395764827728271484375" lon="126.62621445022523403167724609375">
        <ele>161.1999969482421875</ele>
        <time>2026-08-20T11:39:35.000Z</time>
        <extensions>
          <ns3:TrackPointExtension>
            <ns3:hr>186</ns3:hr>
            <ns3:cad>86</ns3:cad>
          </ns3:TrackPointExtension>
        </extensions>
      </trkpt>
      <trkpt lat="45.70603544823825359344482421875" lon="126.62622199393808841705322265625">
        <ele>161.1999969482421875</ele>
        <time>2026-08-20T11:39:36.000Z</time>
        <extensions>
          <ns3:TrackPointExtension>
            <ns3:hr>186</ns3:hr>
            <ns3:cad>86</ns3:cad>
          </ns3:TrackPointExtension>
        </extensions>
      </trkpt>
      <trkpt lat="45.70601164363324642181396484375" lon="126.62622735835611820220947265625">
        <ele>161.1999969482421875</ele>
        <time>2026-08-20T11:39:37.000Z</time>
        <extensions>
          <ns3:TrackPointExtension>
            <ns3:hr>186</ns3:hr>
            <ns3:cad>87</ns3:cad>
          </ns3:TrackPointExtension>
        </extensions>
      </trkpt>
      <trkpt lat="45.70598783902823925018310546875" lon="126.626228950917720794677734375">
        <ele>161.1999969482421875</ele>
        <time>2026-08-20T11:39:38.000Z</time>
        <extensions>
          <ns3:TrackPointExtension>
            <ns3:hr>186</ns3:hr>
            <ns3:cad>87</ns3:cad>
          </ns3:TrackPointExtension>
        </extensions>
      </trkpt>
      <trkpt lat="45.70596872828900814056396484375" lon="126.6262375004589557647705078125">
        <ele>161.1999969482421875</ele>
        <time>2026-08-20T11:39:39.000Z</time>
        <extensions>
          <ns3:TrackPointExtension>
            <ns3:hr>186</ns3:hr>
            <ns3:cad>87</ns3:cad>
          </ns3:TrackPointExtension>
        </extensions>
      </trkpt>
      <trkpt lat="45.70594576187431812286376953125" lon="126.62623800337314605712890625">
        <ele>161.399993896484375</ele>
        <time>2026-08-20T11:39:40.000Z</time>
        <extensions>
          <ns3:TrackPointExtension>
            <ns3:hr>187</ns3:hr>
            <ns3:cad>88</ns3:cad>
          </ns3:TrackPointExtension>
        </extensions>
      </trkpt>
      <trkpt lat="45.705924890935420989990234375" lon="126.62624412216246128082275390625">
        <ele>161.399993896484375</ele>
        <time>2026-08-20T11:39:41.000Z</time>
        <extensions>
          <ns3:TrackPointExtension>
            <ns3:hr>186</ns3:hr>
            <ns3:cad>88</ns3:cad>
          </ns3:TrackPointExtension>
        </extensions>
      </trkpt>
      <trkpt lat="45.7058995775878429412841796875" lon="126.62624739110469818115234375">
        <ele>161.399993896484375</ele>
        <time>2026-08-20T11:39:42.000Z</time>
        <extensions>
          <ns3:TrackPointExtension>
            <ns3:hr>186</ns3:hr>
            <ns3:cad>88</ns3:cad>
          </ns3:TrackPointExtension>
        </extensions>
      </trkpt>
      <trkpt lat="45.70588122121989727020263671875" lon="126.62625275552272796630859375">
        <ele>161.399993896484375</ele>
        <time>2026-08-20T11:39:43.000Z</time>
        <extensions>
          <ns3:TrackPointExtension>
            <ns3:hr>186</ns3:hr>
            <ns3:cad>87</ns3:cad>
          </ns3:TrackPointExtension>
        </extensions>
      </trkpt>
      <trkpt lat="45.70585289038717746734619140625" lon="126.6262601315975189208984375">
        <ele>161.600006103515625</ele>
        <time>2026-08-20T11:39:44.000Z</time>
        <extensions>
          <ns3:TrackPointExtension>
            <ns3:hr>186</ns3:hr>
            <ns3:cad>87</ns3:cad>
          </ns3:TrackPointExtension>
        </extensions>
      </trkpt>
      <trkpt lat="45.705831013619899749755859375" lon="126.62626038305461406707763671875">
        <ele>161.600006103515625</ele>
        <time>2026-08-20T11:39:45.000Z</time>
        <extensions>
          <ns3:TrackPointExtension>
            <ns3:hr>186</ns3:hr>
            <ns3:cad>87</ns3:cad>
          </ns3:TrackPointExtension>
        </extensions>
      </trkpt>
      <trkpt lat="45.7058077119290828704833984375" lon="126.62626809440553188323974609375">
        <ele>161.600006103515625</ele>
        <time>2026-08-20T11:39:46.000Z</time>
        <extensions>
          <ns3:TrackPointExtension>
            <ns3:hr>186</ns3:hr>
            <ns3:cad>87</ns3:cad>
          </ns3:TrackPointExtension>
        </extensions>
      </trkpt>
      <trkpt lat="45.70578197948634624481201171875" lon="126.6262690164148807525634765625">
        <ele>161.600006103515625</ele>
        <time>2026-08-20T11:39:47.000Z</time>
        <extensions>
          <ns3:TrackPointExtension>
            <ns3:hr>186</ns3:hr>
            <ns3:cad>87</ns3:cad>
          </ns3:TrackPointExtension>
        </extensions>
      </trkpt>
      <trkpt lat="45.70576085709035396575927734375" lon="126.62627513520419597625732421875">
        <ele>161.600006103515625</ele>
        <time>2026-08-20T11:39:48.000Z</time>
        <extensions>
          <ns3:TrackPointExtension>
            <ns3:hr>186</ns3:hr>
            <ns3:cad>87</ns3:cad>
          </ns3:TrackPointExtension>
        </extensions>
      </trkpt>
      <trkpt lat="45.70573152042925357818603515625" lon="126.62627396173775196075439453125">
        <ele>161.600006103515625</ele>
        <time>2026-08-20T11:39:49.000Z</time>
        <extensions>
          <ns3:TrackPointExtension>
            <ns3:hr>186</ns3:hr>
            <ns3:cad>87</ns3:cad>
          </ns3:TrackPointExtension>
        </extensions>
      </trkpt>
      <trkpt lat="45.70570905692875385284423828125" lon="126.62627689540386199951171875">
        <ele>161.8000030517578125</ele>
        <time>2026-08-20T11:39:50.000Z</time>
        <extensions>
          <ns3:TrackPointExtension>
            <ns3:hr>186</ns3:hr>
            <ns3:cad>87</ns3:cad>
          </ns3:TrackPointExtension>
        </extensions>
      </trkpt>
      <trkpt lat="45.7056806422770023345947265625" lon="126.62627689540386199951171875">
        <ele>161.600006103515625</ele>
        <time>2026-08-20T11:39:51.000Z</time>
        <extensions>
          <ns3:TrackPointExtension>
            <ns3:hr>186</ns3:hr>
            <ns3:cad>87</ns3:cad>
          </ns3:TrackPointExtension>
        </extensions>
      </trkpt>
      <trkpt lat="45.70566111244261264801025390625" lon="126.62628586404025554656982421875">
        <ele>161.8000030517578125</ele>
        <time>2026-08-20T11:39:52.000Z</time>
        <extensions>
          <ns3:TrackPointExtension>
            <ns3:hr>186</ns3:hr>
            <ns3:cad>87</ns3:cad>
          </ns3:TrackPointExtension>
        </extensions>
      </trkpt>
      <trkpt lat="45.70562993176281452178955078125" lon="126.62628334946930408477783203125">
        <ele>161.8000030517578125</ele>
        <time>2026-08-20T11:39:53.000Z</time>
        <extensions>
          <ns3:TrackPointExtension>
            <ns3:hr>185</ns3:hr>
            <ns3:cad>87</ns3:cad>
          </ns3:TrackPointExtension>
        </extensions>
      </trkpt>
      <trkpt lat="45.70560914464294910430908203125" lon="126.626292653381824493408203125">
        <ele>161.8000030517578125</ele>
        <time>2026-08-20T11:39:54.000Z</time>
        <extensions>
          <ns3:TrackPointExtension>
            <ns3:hr>185</ns3:hr>
            <ns3:cad>87</ns3:cad>
          </ns3:TrackPointExtension>
        </extensions>
      </trkpt>
      <trkpt lat="45.70557913742959499359130859375" lon="126.6263025440275669097900390625">
        <ele>161.8000030517578125</ele>
        <time>2026-08-20T11:39:55.000Z</time>
        <extensions>
          <ns3:TrackPointExtension>
            <ns3:hr>185</ns3:hr>
            <ns3:cad>88</ns3:cad>
          </ns3:TrackPointExtension>
        </extensions>
      </trkpt>
      <trkpt lat="45.7055589370429515838623046875" lon="126.62630774080753326416015625">
        <ele>162</ele>
        <time>2026-08-20T11:39:56.000Z</time>
        <extensions>
          <ns3:TrackPointExtension>
            <ns3:hr>185</ns3:hr>
            <ns3:cad>88</ns3:cad>
          </ns3:TrackPointExtension>
        </extensions>
      </trkpt>
      <trkpt lat="45.70553421042859554290771484375" lon="126.6263172961771488189697265625">
        <ele>162</ele>
        <time>2026-08-20T11:39:57.000Z</time>
        <extensions>
          <ns3:TrackPointExtension>
            <ns3:hr>185</ns3:hr>
            <ns3:cad>88</ns3:cad>
          </ns3:TrackPointExtension>
        </extensions>
      </trkpt>
      <trkpt lat="45.7055079750716686248779296875" lon="126.6263156197965145111083984375">
        <ele>162</ele>
        <time>2026-08-20T11:39:58.000Z</time>
        <extensions>
          <ns3:TrackPointExtension>
            <ns3:hr>185</ns3:hr>
            <ns3:cad>88</ns3:cad>
          </ns3:TrackPointExtension>
        </extensions>
      </trkpt>
      <trkpt lat="45.70548710413277149200439453125" lon="126.6263286955654621124267578125">
        <ele>162</ele>
        <time>2026-08-20T11:39:59.000Z</time>
        <extensions>
          <ns3:TrackPointExtension>
            <ns3:hr>184</ns3:hr>
            <ns3:cad>87</ns3:cad>
          </ns3:TrackPointExtension>
        </extensions>
      </trkpt>
      <trkpt lat="45.70545625872910022735595703125" lon="126.626333892345428466796875">
        <ele>162</ele>
        <time>2026-08-20T11:40:00.000Z</time>
        <extensions>
          <ns3:TrackPointExtension>
            <ns3:hr>185</ns3:hr>
            <ns3:cad>87</ns3:cad>
          </ns3:TrackPointExtension>
        </extensions>
      </trkpt>
      <trkpt lat="45.7054389081895351409912109375" lon="126.62634135223925113677978515625">
        <ele>162</ele>
        <time>2026-08-20T11:40:01.000Z</time>
        <extensions>
          <ns3:TrackPointExtension>
            <ns3:hr>185</ns3:hr>
            <ns3:cad>86</ns3:cad>
          </ns3:TrackPointExtension>
        </extensions>
      </trkpt>
      <trkpt lat="45.705405212938785552978515625" lon="126.626346297562122344970703125">
        <ele>162</ele>
        <time>2026-08-20T11:40:02.000Z</time>
        <extensions>
          <ns3:TrackPointExtension>
            <ns3:hr>184</ns3:hr>
            <ns3:cad>86</ns3:cad>
          </ns3:TrackPointExtension>
        </extensions>
      </trkpt>
      <trkpt lat="45.70538543164730072021484375" lon="126.6263484768569469451904296875">
        <ele>162</ele>
        <time>2026-08-20T11:40:03.000Z</time>
        <extensions>
          <ns3:TrackPointExtension>
            <ns3:hr>184</ns3:hr>
            <ns3:cad>87</ns3:cad>
          </ns3:TrackPointExtension>
        </extensions>
      </trkpt>
      <trkpt lat="45.7053564302623271942138671875" lon="126.62635727785527706146240234375">
        <ele>162.1999969482421875</ele>
        <time>2026-08-20T11:40:04.000Z</time>
        <extensions>
          <ns3:TrackPointExtension>
            <ns3:hr>185</ns3:hr>
            <ns3:cad>87</ns3:cad>
          </ns3:TrackPointExtension>
        </extensions>
      </trkpt>
      <trkpt lat="45.70533438585698604583740234375" lon="126.626356355845928192138671875">
        <ele>162.1999969482421875</ele>
        <time>2026-08-20T11:40:05.000Z</time>
        <extensions>
          <ns3:TrackPointExtension>
            <ns3:hr>185</ns3:hr>
            <ns3:cad>87</ns3:cad>
          </ns3:TrackPointExtension>
        </extensions>
      </trkpt>
      <trkpt lat="45.7053135149180889129638671875" lon="126.62636465393006801605224609375">
        <ele>162.1999969482421875</ele>
        <time>2026-08-20T11:40:06.000Z</time>
        <extensions>
          <ns3:TrackPointExtension>
            <ns3:hr>185</ns3:hr>
            <ns3:cad>87</ns3:cad>
          </ns3:TrackPointExtension>
        </extensions>
      </trkpt>
      <trkpt lat="45.70529113523662090301513671875" lon="126.62636549212038516998291015625">
        <ele>162.1999969482421875</ele>
        <time>2026-08-20T11:40:07.000Z</time>
        <extensions>
          <ns3:TrackPointExtension>
            <ns3:hr>184</ns3:hr>
            <ns3:cad>87</ns3:cad>
          </ns3:TrackPointExtension>
        </extensions>
      </trkpt>
      <trkpt lat="45.705270431935787200927734375" lon="126.62637856788933277130126953125">
        <ele>162.1999969482421875</ele>
        <time>2026-08-20T11:40:08.000Z</time>
        <extensions>
          <ns3:TrackPointExtension>
            <ns3:hr>185</ns3:hr>
            <ns3:cad>87</ns3:cad>
          </ns3:TrackPointExtension>
        </extensions>
      </trkpt>
      <trkpt lat="45.705241598188877105712890625" lon="126.626375131309032440185546875">
        <ele>162.1999969482421875</ele>
        <time>2026-08-20T11:40:09.000Z</time>
        <extensions>
          <ns3:TrackPointExtension>
            <ns3:hr>185</ns3:hr>
            <ns3:cad>87</ns3:cad>
          </ns3:TrackPointExtension>
        </extensions>
      </trkpt>
      <trkpt lat="45.705222152173519134521484375" lon="126.62638711743056774139404296875">
        <ele>162.1999969482421875</ele>
        <time>2026-08-20T11:40:10.000Z</time>
        <extensions>
          <ns3:TrackPointExtension>
            <ns3:hr>184</ns3:hr>
            <ns3:cad>87</ns3:cad>
          </ns3:TrackPointExtension>
        </extensions>
      </trkpt>
      <trkpt lat="45.7051918096840381622314453125" lon="126.62639633752405643463134765625">
        <ele>162.1999969482421875</ele>
        <time>2026-08-20T11:40:11.000Z</time>
        <extensions>
          <ns3:TrackPointExtension>
            <ns3:hr>185</ns3:hr>
            <ns3:cad>87</ns3:cad>
          </ns3:TrackPointExtension>
        </extensions>
      </trkpt>
      <trkpt lat="45.7051696814596652984619140625" lon="126.62640857510268688201904296875">
        <ele>162.1999969482421875</ele>
        <time>2026-08-20T11:40:12.000Z</time>
        <extensions>
          <ns3:TrackPointExtension>
            <ns3:hr>185</ns3:hr>
            <ns3:cad>87</ns3:cad>
          </ns3:TrackPointExtension>
        </extensions>
      </trkpt>
      <trkpt lat="45.70513942278921604156494140625" lon="126.6264178790152072906494140625">
        <ele>162.1999969482421875</ele>
        <time>2026-08-20T11:40:13.000Z</time>
        <extensions>
          <ns3:TrackPointExtension>
            <ns3:hr>184</ns3:hr>
            <ns3:cad>87</ns3:cad>
          </ns3:TrackPointExtension>
        </extensions>
      </trkpt>
      <trkpt lat="45.70512064732611179351806640625" lon="126.62641427479684352874755859375">
        <ele>162.1999969482421875</ele>
        <time>2026-08-20T11:40:14.000Z</time>
        <extensions>
          <ns3:TrackPointExtension>
            <ns3:hr>185</ns3:hr>
            <ns3:cad>87</ns3:cad>
          </ns3:TrackPointExtension>
        </extensions>
      </trkpt>
      <trkpt lat="45.7050969265401363372802734375" lon="126.6264183819293975830078125">
        <ele>162.1999969482421875</ele>
        <time>2026-08-20T11:40:15.000Z</time>
        <extensions>
          <ns3:TrackPointExtension>
            <ns3:hr>184</ns3:hr>
            <ns3:cad>86</ns3:cad>
          </ns3:TrackPointExtension>
        </extensions>
      </trkpt>
      <trkpt lat="45.70507429540157318115234375" lon="126.62641343660652637481689453125">
        <ele>162.1999969482421875</ele>
        <time>2026-08-20T11:40:16.000Z</time>
        <extensions>
          <ns3:TrackPointExtension>
            <ns3:hr>184</ns3:hr>
            <ns3:cad>86</ns3:cad>
          </ns3:TrackPointExtension>
        </extensions>
      </trkpt>
      <trkpt lat="45.7050503231585025787353515625" lon="126.62642776966094970703125">
        <ele>162.1999969482421875</ele>
        <time>2026-08-20T11:40:17.000Z</time>
        <extensions>
          <ns3:TrackPointExtension>
            <ns3:hr>184</ns3:hr>
            <ns3:cad>87</ns3:cad>
          </ns3:TrackPointExtension>
        </extensions>
      </trkpt>
      <trkpt lat="45.7050199806690216064453125" lon="126.62643070332705974578857421875">
        <ele>162.1999969482421875</ele>
        <time>2026-08-20T11:40:18.000Z</time>
        <extensions>
          <ns3:TrackPointExtension>
            <ns3:hr>184</ns3:hr>
            <ns3:cad>88</ns3:cad>
          </ns3:TrackPointExtension>
        </extensions>
      </trkpt>
      <trkpt lat="45.70500464178621768951416015625" lon="126.6264366544783115386962890625">
        <ele>162.1999969482421875</ele>
        <time>2026-08-20T11:40:19.000Z</time>
        <extensions>
          <ns3:TrackPointExtension>
            <ns3:hr>184</ns3:hr>
            <ns3:cad>87</ns3:cad>
          </ns3:TrackPointExtension>
        </extensions>
      </trkpt>
      <trkpt lat="45.70497329346835613250732421875" lon="126.626442857086658477783203125">
        <ele>162.1999969482421875</ele>
        <time>2026-08-20T11:40:20.000Z</time>
        <extensions>
          <ns3:TrackPointExtension>
            <ns3:hr>185</ns3:hr>
            <ns3:cad>87</ns3:cad>
          </ns3:TrackPointExtension>
        </extensions>
      </trkpt>
      <trkpt lat="45.70495066232979297637939453125" lon="126.6264507360756397247314453125">
        <ele>162.1999969482421875</ele>
        <time>2026-08-20T11:40:21.000Z</time>
        <extensions>
          <ns3:TrackPointExtension>
            <ns3:hr>184</ns3:hr>
            <ns3:cad>87</ns3:cad>
          </ns3:TrackPointExtension>
        </extensions>
      </trkpt>
      <trkpt lat="45.7049202360212802886962890625" lon="126.626457273960113525390625">
        <ele>162.1999969482421875</ele>
        <time>2026-08-20T11:40:22.000Z</time>
        <extensions>
          <ns3:TrackPointExtension>
            <ns3:hr>184</ns3:hr>
            <ns3:cad>87</ns3:cad>
          </ns3:TrackPointExtension>
        </extensions>
      </trkpt>
      <trkpt lat="45.704895593225955963134765625" lon="126.62646456621587276458740234375">
        <ele>162.1999969482421875</ele>
        <time>2026-08-20T11:40:23.000Z</time>
        <extensions>
          <ns3:TrackPointExtension>
            <ns3:hr>184</ns3:hr>
            <ns3:cad>87</ns3:cad>
          </ns3:TrackPointExtension>
        </extensions>
      </trkpt>
      <trkpt lat="45.70486734621226787567138671875" lon="126.62647378630936145782470703125">
        <ele>162.399993896484375</ele>
        <time>2026-08-20T11:40:24.000Z</time>
        <extensions>
          <ns3:TrackPointExtension>
            <ns3:hr>183</ns3:hr>
            <ns3:cad>87</ns3:cad>
          </ns3:TrackPointExtension>
        </extensions>
      </trkpt>
      <trkpt lat="45.70484119467437267303466796875" lon="126.62648116238415241241455078125">
        <ele>162.399993896484375</ele>
        <time>2026-08-20T11:40:25.000Z</time>
        <extensions>
          <ns3:TrackPointExtension>
            <ns3:hr>183</ns3:hr>
            <ns3:cad>87</ns3:cad>
          </ns3:TrackPointExtension>
        </extensions>
      </trkpt>
      <trkpt lat="45.70481755770742893218994140625" lon="126.6264936514198780059814453125">
        <ele>162.399993896484375</ele>
        <time>2026-08-20T11:40:26.000Z</time>
        <extensions>
          <ns3:TrackPointExtension>
            <ns3:hr>183</ns3:hr>
            <ns3:cad>87</ns3:cad>
          </ns3:TrackPointExtension>
        </extensions>
      </trkpt>
      <trkpt lat="45.70478520356118679046630859375" lon="126.62649826146662235260009765625">
        <ele>162.399993896484375</ele>
        <time>2026-08-20T11:40:27.000Z</time>
        <extensions>
          <ns3:TrackPointExtension>
            <ns3:hr>183</ns3:hr>
            <ns3:cad>87</ns3:cad>
          </ns3:TrackPointExtension>
        </extensions>
      </trkpt>
      <trkpt lat="45.70476374588906764984130859375" lon="126.62650949321687221527099609375">
        <ele>162.399993896484375</ele>
        <time>2026-08-20T11:40:28.000Z</time>
        <extensions>
          <ns3:TrackPointExtension>
            <ns3:hr>184</ns3:hr>
            <ns3:cad>87</ns3:cad>
          </ns3:TrackPointExtension>
        </extensions>
      </trkpt>
      <trkpt lat="45.70473323576152324676513671875" lon="126.6265095770359039306640625">
        <ele>162.399993896484375</ele>
        <time>2026-08-20T11:40:29.000Z</time>
        <extensions>
          <ns3:TrackPointExtension>
            <ns3:hr>183</ns3:hr>
            <ns3:cad>87</ns3:cad>
          </ns3:TrackPointExtension>
        </extensions>
      </trkpt>
      <trkpt lat="45.70471244864165782928466796875" lon="126.62651133723556995391845703125">
        <ele>162.1999969482421875</ele>
        <time>2026-08-20T11:40:30.000Z</time>
        <extensions>
          <ns3:TrackPointExtension>
            <ns3:hr>183</ns3:hr>
            <ns3:cad>87</ns3:cad>
          </ns3:TrackPointExtension>
        </extensions>
      </trkpt>
      <trkpt lat="45.7046852074563503265380859375" lon="126.626513265073299407958984375">
        <ele>162.1999969482421875</ele>
        <time>2026-08-20T11:40:31.000Z</time>
        <extensions>
          <ns3:TrackPointExtension>
            <ns3:hr>183</ns3:hr>
            <ns3:cad>87</ns3:cad>
          </ns3:TrackPointExtension>
        </extensions>
      </trkpt>
      <trkpt lat="45.70466333068907260894775390625" lon="126.626515947282314300537109375">
        <ele>162.1999969482421875</ele>
        <time>2026-08-20T11:40:32.000Z</time>
        <extensions>
          <ns3:TrackPointExtension>
            <ns3:hr>183</ns3:hr>
            <ns3:cad>87</ns3:cad>
          </ns3:TrackPointExtension>
        </extensions>
      </trkpt>
      <trkpt lat="45.70463768206536769866943359375" lon="126.626520641148090362548828125">
        <ele>162.1999969482421875</ele>
        <time>2026-08-20T11:40:33.000Z</time>
        <extensions>
          <ns3:TrackPointExtension>
            <ns3:hr>183</ns3:hr>
            <ns3:cad>87</ns3:cad>
          </ns3:TrackPointExtension>
        </extensions>
      </trkpt>
      <trkpt lat="45.70461161434650421142578125" lon="126.62652902305126190185546875">
        <ele>162.1999969482421875</ele>
        <time>2026-08-20T11:40:34.000Z</time>
        <extensions>
          <ns3:TrackPointExtension>
            <ns3:hr>183</ns3:hr>
            <ns3:cad>86</ns3:cad>
          </ns3:TrackPointExtension>
        </extensions>
      </trkpt>
      <trkpt lat="45.70458789356052875518798828125" lon="126.626542098820209503173828125">
        <ele>162.1999969482421875</ele>
        <time>2026-08-20T11:40:35.000Z</time>
        <extensions>
          <ns3:TrackPointExtension>
            <ns3:hr>183</ns3:hr>
            <ns3:cad>86</ns3:cad>
          </ns3:TrackPointExtension>
        </extensions>
      </trkpt>
      <trkpt lat="45.7045586407184600830078125" lon="126.62654369138181209564208984375">
        <ele>162.1999969482421875</ele>
        <time>2026-08-20T11:40:36.000Z</time>
        <extensions>
          <ns3:TrackPointExtension>
            <ns3:hr>183</ns3:hr>
            <ns3:cad>86</ns3:cad>
          </ns3:TrackPointExtension>
        </extensions>
      </trkpt>
      <trkpt lat="45.7045373506844043731689453125" lon="126.62654587067663669586181640625">
        <ele>162.399993896484375</ele>
        <time>2026-08-20T11:40:37.000Z</time>
        <extensions>
          <ns3:TrackPointExtension>
            <ns3:hr>183</ns3:hr>
            <ns3:cad>86</ns3:cad>
          </ns3:TrackPointExtension>
        </extensions>
      </trkpt>
      <trkpt lat="45.70451178587973117828369140625" lon="126.6265285201370716094970703125">
        <ele>162.399993896484375</ele>
        <time>2026-08-20T11:40:38.000Z</time>
        <extensions>
          <ns3:TrackPointExtension>
            <ns3:hr>184</ns3:hr>
            <ns3:cad>86</ns3:cad>
          </ns3:TrackPointExtension>
        </extensions>
      </trkpt>
      <trkpt lat="45.70449720136821269989013671875" lon="126.62652391009032726287841796875">
        <ele>162.600006103515625</ele>
        <time>2026-08-20T11:40:39.000Z</time>
        <extensions>
          <ns3:TrackPointExtension>
            <ns3:hr>184</ns3:hr>
            <ns3:cad>87</ns3:cad>
          </ns3:TrackPointExtension>
        </extensions>
      </trkpt>
      <trkpt lat="45.7044813595712184906005859375" lon="126.62649641744792461395263671875">
        <ele>162.600006103515625</ele>
        <time>2026-08-20T11:40:40.000Z</time>
        <extensions>
          <ns3:TrackPointExtension>
            <ns3:hr>184</ns3:hr>
            <ns3:cad>87</ns3:cad>
          </ns3:TrackPointExtension>
        </extensions>
      </trkpt>
      <trkpt lat="45.704476833343505859375" lon="126.62646993063390254974365234375">
        <ele>162.600006103515625</ele>
        <time>2026-08-20T11:40:41.000Z</time>
        <extensions>
          <ns3:TrackPointExtension>
            <ns3:hr>184</ns3:hr>
            <ns3:cad>87</ns3:cad>
          </ns3:TrackPointExtension>
        </extensions>
      </trkpt>
      <trkpt lat="45.70447540841996669769287109375" lon="126.6264363192021846771240234375">
        <ele>162.600006103515625</ele>
        <time>2026-08-20T11:40:42.000Z</time>
        <extensions>
          <ns3:TrackPointExtension>
            <ns3:hr>184</ns3:hr>
            <ns3:cad>86</ns3:cad>
          </ns3:TrackPointExtension>
        </extensions>
      </trkpt>
      <trkpt lat="45.70447255857288837432861328125" lon="126.62640186958014965057373046875">
        <ele>162.600006103515625</ele>
        <time>2026-08-20T11:40:43.000Z</time>
        <extensions>
          <ns3:TrackPointExtension>
            <ns3:hr>185</ns3:hr>
            <ns3:cad>86</ns3:cad>
          </ns3:TrackPointExtension>
        </extensions>
      </trkpt>
      <trkpt lat="45.7044669426977634429931640625" lon="126.62637068890035152435302734375">
        <ele>162.600006103515625</ele>
        <time>2026-08-20T11:40:44.000Z</time>
        <extensions>
          <ns3:TrackPointExtension>
            <ns3:hr>185</ns3:hr>
            <ns3:cad>86</ns3:cad>
          </ns3:TrackPointExtension>
        </extensions>
      </trkpt>
      <trkpt lat="45.70446669124066829681396484375" lon="126.62633196450769901275634765625">
        <ele>162.600006103515625</ele>
        <time>2026-08-20T11:40:45.000Z</time>
        <extensions>
          <ns3:TrackPointExtension>
            <ns3:hr>185</ns3:hr>
            <ns3:cad>86</ns3:cad>
          </ns3:TrackPointExtension>
        </extensions>
      </trkpt>
      <trkpt lat="45.7044602371752262115478515625" lon="126.62630832754075527191162109375">
        <ele>162.600006103515625</ele>
        <time>2026-08-20T11:40:46.000Z</time>
        <extensions>
          <ns3:TrackPointExtension>
            <ns3:hr>185</ns3:hr>
            <ns3:cad>86</ns3:cad>
          </ns3:TrackPointExtension>
        </extensions>
      </trkpt>
      <trkpt lat="45.70445428602397441864013671875" lon="126.6262663342058658599853515625">
        <ele>162.600006103515625</ele>
        <time>2026-08-20T11:40:47.000Z</time>
        <extensions>
          <ns3:TrackPointExtension>
            <ns3:hr>185</ns3:hr>
            <ns3:cad>87</ns3:cad>
          </ns3:TrackPointExtension>
        </extensions>
      </trkpt>
      <trkpt lat="45.704449005424976348876953125" lon="126.62623859010636806488037109375">
        <ele>162.399993896484375</ele>
        <time>2026-08-20T11:40:48.000Z</time>
        <extensions>
          <ns3:TrackPointExtension>
            <ns3:hr>185</ns3:hr>
            <ns3:cad>87</ns3:cad>
          </ns3:TrackPointExtension>
        </extensions>
      </trkpt>
      <trkpt lat="45.70444674231112003326416015625" lon="126.62619953043758869171142578125">
        <ele>162.399993896484375</ele>
        <time>2026-08-20T11:40:49.000Z</time>
        <extensions>
          <ns3:TrackPointExtension>
            <ns3:hr>185</ns3:hr>
            <ns3:cad>86</ns3:cad>
          </ns3:TrackPointExtension>
        </extensions>
      </trkpt>
      <trkpt lat="45.7044421322643756866455078125" lon="126.626169271767139434814453125">
        <ele>162.399993896484375</ele>
        <time>2026-08-20T11:40:50.000Z</time>
        <extensions>
          <ns3:TrackPointExtension>
            <ns3:hr>184</ns3:hr>
            <ns3:cad>86</ns3:cad>
          </ns3:TrackPointExtension>
        </extensions>
      </trkpt>
      <trkpt lat="45.70443551056087017059326171875" lon="126.62613716907799243927001953125">
        <ele>162.399993896484375</ele>
        <time>2026-08-20T11:40:51.000Z</time>
        <extensions>
          <ns3:TrackPointExtension>
            <ns3:hr>184</ns3:hr>
            <ns3:cad>86</ns3:cad>
          </ns3:TrackPointExtension>
        </extensions>
      </trkpt>
      <trkpt lat="45.70443064905703067779541015625" lon="126.626098863780498504638671875">
        <ele>162.600006103515625</ele>
        <time>2026-08-20T11:40:52.000Z</time>
        <extensions>
          <ns3:TrackPointExtension>
            <ns3:hr>184</ns3:hr>
            <ns3:cad>86</ns3:cad>
          </ns3:TrackPointExtension>
        </extensions>
      </trkpt>
      <trkpt lat="45.70442595519125461578369140625" lon="126.626076400279998779296875">
        <ele>162.600006103515625</ele>
        <time>2026-08-20T11:40:53.000Z</time>
        <extensions>
          <ns3:TrackPointExtension>
            <ns3:hr>185</ns3:hr>
            <ns3:cad>86</ns3:cad>
          </ns3:TrackPointExtension>
        </extensions>
      </trkpt>
      <trkpt lat="45.704423524439334869384765625" lon="126.6260353289544582366943359375">
        <ele>162.8000030517578125</ele>
        <time>2026-08-20T11:40:54.000Z</time>
        <extensions>
          <ns3:TrackPointExtension>
            <ns3:hr>184</ns3:hr>
            <ns3:cad>86</ns3:cad>
          </ns3:TrackPointExtension>
        </extensions>
      </trkpt>
      <trkpt lat="45.70441522635519504547119140625" lon="126.626010350883007049560546875">
        <ele>162.8000030517578125</ele>
        <time>2026-08-20T11:40:55.000Z</time>
        <extensions>
          <ns3:TrackPointExtension>
            <ns3:hr>184</ns3:hr>
            <ns3:cad>86</ns3:cad>
          </ns3:TrackPointExtension>
        </extensions>
      </trkpt>
      <trkpt lat="45.7044079340994358062744140625" lon="126.6259759850800037384033203125">
        <ele>162.8000030517578125</ele>
        <time>2026-08-20T11:40:56.000Z</time>
        <extensions>
          <ns3:TrackPointExtension>
            <ns3:hr>184</ns3:hr>
            <ns3:cad>86</ns3:cad>
          </ns3:TrackPointExtension>
        </extensions>
      </trkpt>
      <trkpt lat="45.7044052518904209136962890625" lon="126.62594304420053958892822265625">
        <ele>162.600006103515625</ele>
        <time>2026-08-20T11:40:57.000Z</time>
        <extensions>
          <ns3:TrackPointExtension>
            <ns3:hr>184</ns3:hr>
            <ns3:cad>85</ns3:cad>
          </ns3:TrackPointExtension>
        </extensions>
      </trkpt>
      <trkpt lat="45.70440231822431087493896484375" lon="126.625907421112060546875">
        <ele>162.600006103515625</ele>
        <time>2026-08-20T11:40:58.000Z</time>
        <extensions>
          <ns3:TrackPointExtension>
            <ns3:hr>184</ns3:hr>
            <ns3:cad>85</ns3:cad>
          </ns3:TrackPointExtension>
        </extensions>
      </trkpt>
      <trkpt lat="45.70440835319459438323974609375" lon="126.62586743943393230438232421875">
        <ele>162.600006103515625</ele>
        <time>2026-08-20T11:40:59.000Z</time>
        <extensions>
          <ns3:TrackPointExtension>
            <ns3:hr>184</ns3:hr>
            <ns3:cad>85</ns3:cad>
          </ns3:TrackPointExtension>
        </extensions>
      </trkpt>
      <trkpt lat="45.70440768264234066009521484375" lon="126.6258385218679904937744140625">
        <ele>162.8000030517578125</ele>
        <time>2026-08-20T11:41:00.000Z</time>
        <extensions>
          <ns3:TrackPointExtension>
            <ns3:hr>184</ns3:hr>
            <ns3:cad>85</ns3:cad>
          </ns3:TrackPointExtension>
        </extensions>
      </trkpt>
      <trkpt lat="45.7044109515845775604248046875" lon="126.62580608390271663665771484375">
        <ele>163</ele>
        <time>2026-08-20T11:41:01.000Z</time>
        <extensions>
          <ns3:TrackPointExtension>
            <ns3:hr>184</ns3:hr>
            <ns3:cad>85</ns3:cad>
          </ns3:TrackPointExtension>
        </extensions>
      </trkpt>
      <trkpt lat="45.70441103540360927581787109375" lon="126.62577423267066478729248046875">
        <ele>163.1999969482421875</ele>
        <time>2026-08-20T11:41:02.000Z</time>
        <extensions>
          <ns3:TrackPointExtension>
            <ns3:hr>184</ns3:hr>
            <ns3:cad>85</ns3:cad>
          </ns3:TrackPointExtension>
        </extensions>
      </trkpt>
      <trkpt lat="45.7044069282710552215576171875" lon="126.625740788877010345458984375">
        <ele>163.1999969482421875</ele>
        <time>2026-08-20T11:41:03.000Z</time>
        <extensions>
          <ns3:TrackPointExtension>
            <ns3:hr>184</ns3:hr>
            <ns3:cad>86</ns3:cad>
          </ns3:TrackPointExtension>
        </extensions>
      </trkpt>
      <trkpt lat="45.70440298877656459808349609375" lon="126.6257164813578128814697265625">
        <ele>163.1999969482421875</ele>
        <time>2026-08-20T11:41:04.000Z</time>
        <extensions>
          <ns3:TrackPointExtension>
            <ns3:hr>184</ns3:hr>
            <ns3:cad>86</ns3:cad>
          </ns3:TrackPointExtension>
        </extensions>
      </trkpt>
      <trkpt lat="45.70439896546304225921630859375" lon="126.62568840198218822479248046875">
        <ele>163</ele>
        <time>2026-08-20T11:41:05.000Z</time>
        <extensions>
          <ns3:TrackPointExtension>
            <ns3:hr>184</ns3:hr>
            <ns3:cad>84</ns3:cad>
          </ns3:TrackPointExtension>
        </extensions>
      </trkpt>
      <trkpt lat="45.7043941877782344818115234375" lon="126.6256524436175823211669921875">
        <ele>162.8000030517578125</ele>
        <time>2026-08-20T11:41:06.000Z</time>
        <extensions>
          <ns3:TrackPointExtension>
            <ns3:hr>184</ns3:hr>
            <ns3:cad>85</ns3:cad>
          </ns3:TrackPointExtension>
        </extensions>
      </trkpt>
      <trkpt lat="45.70439209230244159698486328125" lon="126.62562687881290912628173828125">
        <ele>162.8000030517578125</ele>
        <time>2026-08-20T11:41:07.000Z</time>
        <extensions>
          <ns3:TrackPointExtension>
            <ns3:hr>184</ns3:hr>
            <ns3:cad>85</ns3:cad>
          </ns3:TrackPointExtension>
        </extensions>
      </trkpt>
      <trkpt lat="45.70438991300761699676513671875" lon="126.62558647803962230682373046875">
        <ele>162.600006103515625</ele>
        <time>2026-08-20T11:41:08.000Z</time>
        <extensions>
          <ns3:TrackPointExtension>
            <ns3:hr>183</ns3:hr>
            <ns3:cad>86</ns3:cad>
          </ns3:TrackPointExtension>
        </extensions>
      </trkpt>
      <trkpt lat="45.7043915055692195892333984375" lon="126.625557057559490203857421875">
        <ele>162.600006103515625</ele>
        <time>2026-08-20T11:41:09.000Z</time>
        <extensions>
          <ns3:TrackPointExtension>
            <ns3:hr>183</ns3:hr>
            <ns3:cad>86</ns3:cad>
          </ns3:TrackPointExtension>
        </extensions>
      </trkpt>
      <trkpt lat="45.70438924245536327362060546875" lon="126.6255300678312778472900390625">
        <ele>162.600006103515625</ele>
        <time>2026-08-20T11:41:10.000Z</time>
        <extensions>
          <ns3:TrackPointExtension>
            <ns3:hr>183</ns3:hr>
            <ns3:cad>86</ns3:cad>
          </ns3:TrackPointExtension>
        </extensions>
      </trkpt>
      <trkpt lat="45.70438270457088947296142578125" lon="126.62549796514213085174560546875">
        <ele>162.600006103515625</ele>
        <time>2026-08-20T11:41:11.000Z</time>
        <extensions>
          <ns3:TrackPointExtension>
            <ns3:hr>183</ns3:hr>
            <ns3:cad>85</ns3:cad>
          </ns3:TrackPointExtension>
        </extensions>
      </trkpt>
      <trkpt lat="45.70437549613416194915771484375" lon="126.62547935731709003448486328125">
        <ele>162.600006103515625</ele>
        <time>2026-08-20T11:41:12.000Z</time>
        <extensions>
          <ns3:TrackPointExtension>
            <ns3:hr>183</ns3:hr>
            <ns3:cad>85</ns3:cad>
          </ns3:TrackPointExtension>
        </extensions>
      </trkpt>
      <trkpt lat="45.7043682038784027099609375" lon="126.62543962709605693817138671875">
        <ele>162.600006103515625</ele>
        <time>2026-08-20T11:41:13.000Z</time>
        <extensions>
          <ns3:TrackPointExtension>
            <ns3:hr>183</ns3:hr>
            <ns3:cad>84</ns3:cad>
          </ns3:TrackPointExtension>
        </extensions>
      </trkpt>
      <trkpt lat="45.70435588248074054718017578125" lon="126.6254150681197643280029296875">
        <ele>162.600006103515625</ele>
        <time>2026-08-20T11:41:14.000Z</time>
        <extensions>
          <ns3:TrackPointExtension>
            <ns3:hr>183</ns3:hr>
            <ns3:cad>84</ns3:cad>
          </ns3:TrackPointExtension>
        </extensions>
      </trkpt>
      <trkpt lat="45.70434465073049068450927734375" lon="126.62537969648838043212890625">
        <ele>162.600006103515625</ele>
        <time>2026-08-20T11:41:15.000Z</time>
        <extensions>
          <ns3:TrackPointExtension>
            <ns3:hr>183</ns3:hr>
            <ns3:cad>85</ns3:cad>
          </ns3:TrackPointExtension>
        </extensions>
      </trkpt>
      <trkpt lat="45.70433895103633403778076171875" lon="126.6253517009317874908447265625">
        <ele>162.600006103515625</ele>
        <time>2026-08-20T11:41:16.000Z</time>
        <extensions>
          <ns3:TrackPointExtension>
            <ns3:hr>183</ns3:hr>
            <ns3:cad>85</ns3:cad>
          </ns3:TrackPointExtension>
        </extensions>
      </trkpt>
      <trkpt lat="45.7043338380753993988037109375" lon="126.62532362155616283416748046875">
        <ele>162.600006103515625</ele>
        <time>2026-08-20T11:41:17.000Z</time>
        <extensions>
          <ns3:TrackPointExtension>
            <ns3:hr>183</ns3:hr>
            <ns3:cad>85</ns3:cad>
          </ns3:TrackPointExtension>
        </extensions>
      </trkpt>
      <trkpt lat="45.7043291442096233367919921875" lon="126.62528908811509609222412109375">
        <ele>162.600006103515625</ele>
        <time>2026-08-20T11:41:18.000Z</time>
        <extensions>
          <ns3:TrackPointExtension>
            <ns3:hr>183</ns3:hr>
            <ns3:cad>85</ns3:cad>
          </ns3:TrackPointExtension>
        </extensions>
      </trkpt>
      <trkpt lat="45.70432587526738643646240234375" lon="126.62526327185332775115966796875">
        <ele>162.600006103515625</ele>
        <time>2026-08-20T11:41:19.000Z</time>
        <extensions>
          <ns3:TrackPointExtension>
            <ns3:hr>183</ns3:hr>
            <ns3:cad>85</ns3:cad>
          </ns3:TrackPointExtension>
        </extensions>
      </trkpt>
      <trkpt lat="45.7043214328587055206298828125" lon="126.62523142062127590179443359375">
        <ele>162.600006103515625</ele>
        <time>2026-08-20T11:41:20.000Z</time>
        <extensions>
          <ns3:TrackPointExtension>
            <ns3:hr>183</ns3:hr>
            <ns3:cad>85</ns3:cad>
          </ns3:TrackPointExtension>
        </extensions>
      </trkpt>
      <trkpt lat="45.70431531406939029693603515625" lon="126.62519998848438262939453125">
        <ele>162.600006103515625</ele>
        <time>2026-08-20T11:41:21.000Z</time>
        <extensions>
          <ns3:TrackPointExtension>
            <ns3:hr>182</ns3:hr>
            <ns3:cad>85</ns3:cad>
          </ns3:TrackPointExtension>
        </extensions>
      </trkpt>
      <trkpt lat="45.70431279949843883514404296875" lon="126.62516570650041103363037109375">
        <ele>162.600006103515625</ele>
        <time>2026-08-20T11:41:22.000Z</time>
        <extensions>
          <ns3:TrackPointExtension>
            <ns3:hr>183</ns3:hr>
            <ns3:cad>85</ns3:cad>
          </ns3:TrackPointExtension>
        </extensions>
      </trkpt>
      <trkpt lat="45.70431053638458251953125" lon="126.62513234652578830718994140625">
        <ele>162.600006103515625</ele>
        <time>2026-08-20T11:41:23.000Z</time>
        <extensions>
          <ns3:TrackPointExtension>
            <ns3:hr>183</ns3:hr>
            <ns3:cad>85</ns3:cad>
          </ns3:TrackPointExtension>
        </extensions>
      </trkpt>
      <trkpt lat="45.70430257357656955718994140625" lon="126.625105775892734527587890625">
        <ele>162.600006103515625</ele>
        <time>2026-08-20T11:41:24.000Z</time>
        <extensions>
          <ns3:TrackPointExtension>
            <ns3:hr>183</ns3:hr>
            <ns3:cad>85</ns3:cad>
          </ns3:TrackPointExtension>
        </extensions>
      </trkpt>
      <trkpt lat="45.7042957842350006103515625" lon="126.62506512366235256195068359375">
        <ele>162.600006103515625</ele>
        <time>2026-08-20T11:41:25.000Z</time>
        <extensions>
          <ns3:TrackPointExtension>
            <ns3:hr>182</ns3:hr>
            <ns3:cad>85</ns3:cad>
          </ns3:TrackPointExtension>
        </extensions>
      </trkpt>
      <trkpt lat="45.7042872346937656402587890625" lon="126.62504349835216999053955078125">
        <ele>162.600006103515625</ele>
        <time>2026-08-20T11:41:26.000Z</time>
        <extensions>
          <ns3:TrackPointExtension>
            <ns3:hr>182</ns3:hr>
            <ns3:cad>85</ns3:cad>
          </ns3:TrackPointExtension>
        </extensions>
      </trkpt>
      <trkpt lat="45.70427893660962581634521484375" lon="126.62500326521694660186767578125">
        <ele>162.600006103515625</ele>
        <time>2026-08-20T11:41:27.000Z</time>
        <extensions>
          <ns3:TrackPointExtension>
            <ns3:hr>181</ns3:hr>
            <ns3:cad>85</ns3:cad>
          </ns3:TrackPointExtension>
        </extensions>
      </trkpt>
      <trkpt lat="45.7042708061635494232177734375" lon="126.62497493438422679901123046875">
        <ele>162.600006103515625</ele>
        <time>2026-08-20T11:41:28.000Z</time>
        <extensions>
          <ns3:TrackPointExtension>
            <ns3:hr>181</ns3:hr>
            <ns3:cad>85</ns3:cad>
          </ns3:TrackPointExtension>
        </extensions>
      </trkpt>
      <trkpt lat="45.70426334626972675323486328125" lon="126.624938137829303741455078125">
        <ele>162.600006103515625</ele>
        <time>2026-08-20T11:41:29.000Z</time>
        <extensions>
          <ns3:TrackPointExtension>
            <ns3:hr>181</ns3:hr>
            <ns3:cad>85</ns3:cad>
          </ns3:TrackPointExtension>
        </extensions>
      </trkpt>
      <trkpt lat="45.70426317863166332244873046875" lon="126.6249037720263004302978515625">
        <ele>162.399993896484375</ele>
        <time>2026-08-20T11:41:30.000Z</time>
        <extensions>
          <ns3:TrackPointExtension>
            <ns3:hr>179</ns3:hr>
            <ns3:cad>86</ns3:cad>
          </ns3:TrackPointExtension>
        </extensions>
      </trkpt>
      <trkpt lat="45.70425915531814098358154296875" lon="126.62487351335585117340087890625">
        <ele>162.399993896484375</ele>
        <time>2026-08-20T11:41:31.000Z</time>
        <extensions>
          <ns3:TrackPointExtension>
            <ns3:hr>178</ns3:hr>
            <ns3:cad>86</ns3:cad>
          </ns3:TrackPointExtension>
        </extensions>
      </trkpt>
      <trkpt lat="45.70425932295620441436767578125" lon="126.62482573650777339935302734375">
        <ele>162.399993896484375</ele>
        <time>2026-08-20T11:41:32.000Z</time>
        <extensions>
          <ns3:TrackPointExtension>
            <ns3:hr>177</ns3:hr>
            <ns3:cad>86</ns3:cad>
          </ns3:TrackPointExtension>
        </extensions>
      </trkpt>
      <trkpt lat="45.704254545271396636962890625" lon="126.62479707039892673492431640625">
        <ele>162.399993896484375</ele>
        <time>2026-08-20T11:41:33.000Z</time>
        <extensions>
          <ns3:TrackPointExtension>
            <ns3:hr>176</ns3:hr>
            <ns3:cad>86</ns3:cad>
          </ns3:TrackPointExtension>
        </extensions>
      </trkpt>
      <trkpt lat="45.70425278507173061370849609375" lon="126.62475197575986385345458984375">
        <ele>162.399993896484375</ele>
        <time>2026-08-20T11:41:34.000Z</time>
        <extensions>
          <ns3:TrackPointExtension>
            <ns3:hr>176</ns3:hr>
            <ns3:cad>86</ns3:cad>
          </ns3:TrackPointExtension>
        </extensions>
      </trkpt>
      <trkpt lat="45.70424758829176425933837890625" lon="126.6247205436229705810546875">
        <ele>162.399993896484375</ele>
        <time>2026-08-20T11:41:35.000Z</time>
        <extensions>
          <ns3:TrackPointExtension>
            <ns3:hr>175</ns3:hr>
            <ns3:cad>86</ns3:cad>
          </ns3:TrackPointExtension>
        </extensions>
      </trkpt>
      <trkpt lat="45.70424188859760761260986328125" lon="126.6246834956109523773193359375">
        <ele>162.399993896484375</ele>
        <time>2026-08-20T11:41:36.000Z</time>
        <extensions>
          <ns3:TrackPointExtension>
            <ns3:hr>174</ns3:hr>
            <ns3:cad>86</ns3:cad>
          </ns3:TrackPointExtension>
        </extensions>
      </trkpt>
      <trkpt lat="45.704236440360546112060546875" lon="126.6246539913117885589599609375">
        <ele>162.600006103515625</ele>
        <time>2026-08-20T11:41:37.000Z</time>
        <extensions>
          <ns3:TrackPointExtension>
            <ns3:hr>174</ns3:hr>
            <ns3:cad>86</ns3:cad>
          </ns3:TrackPointExtension>
        </extensions>
      </trkpt>
      <trkpt lat="45.70423199795186519622802734375" lon="126.6246184520423412322998046875">
        <ele>162.399993896484375</ele>
        <time>2026-08-20T11:41:38.000Z</time>
        <extensions>
          <ns3:TrackPointExtension>
            <ns3:hr>174</ns3:hr>
            <ns3:cad>86</ns3:cad>
          </ns3:TrackPointExtension>
        </extensions>
      </trkpt>
      <trkpt lat="45.70423015393316745758056640625" lon="126.62458014674484729766845703125">
        <ele>162.600006103515625</ele>
        <time>2026-08-20T11:41:39.000Z</time>
        <extensions>
          <ns3:TrackPointExtension>
            <ns3:hr>173</ns3:hr>
            <ns3:cad>86</ns3:cad>
          </ns3:TrackPointExtension>
        </extensions>
      </trkpt>
      <trkpt lat="45.70422294549643993377685546875" lon="126.6245530731976032257080078125">
        <ele>162.600006103515625</ele>
        <time>2026-08-20T11:41:40.000Z</time>
        <extensions>
          <ns3:TrackPointExtension>
            <ns3:hr>173</ns3:hr>
            <ns3:cad>86</ns3:cad>
          </ns3:TrackPointExtension>
        </extensions>
      </trkpt>
      <trkpt lat="45.7042260468006134033203125" lon="126.6245140135288238525390625">
        <ele>162.600006103515625</ele>
        <time>2026-08-20T11:41:41.000Z</time>
        <extensions>
          <ns3:TrackPointExtension>
            <ns3:hr>173</ns3:hr>
            <ns3:cad>88</ns3:cad>
          </ns3:TrackPointExtension>
        </extensions>
      </trkpt>
      <trkpt lat="45.704221017658710479736328125" lon="126.6244840063154697418212890625">
        <ele>162.600006103515625</ele>
        <time>2026-08-20T11:41:42.000Z</time>
        <extensions>
          <ns3:TrackPointExtension>
            <ns3:hr>173</ns3:hr>
            <ns3:cad>88</ns3:cad>
          </ns3:TrackPointExtension>
        </extensions>
      </trkpt>
      <trkpt lat="45.704218335449695587158203125" lon="126.624434553086757659912109375">
        <ele>162.8000030517578125</ele>
        <time>2026-08-20T11:41:43.000Z</time>
        <extensions>
          <ns3:TrackPointExtension>
            <ns3:hr>174</ns3:hr>
            <ns3:cad>88</ns3:cad>
          </ns3:TrackPointExtension>
        </extensions>
      </trkpt>
      <trkpt lat="45.70421397686004638671875" lon="126.624403037130832672119140625">
        <ele>162.8000030517578125</ele>
        <time>2026-08-20T11:41:44.000Z</time>
        <extensions>
          <ns3:TrackPointExtension>
            <ns3:hr>174</ns3:hr>
            <ns3:cad>87</ns3:cad>
          </ns3:TrackPointExtension>
        </extensions>
      </trkpt>
      <trkpt lat="45.70420618169009685516357421875" lon="126.6243609599769115447998046875">
        <ele>162.600006103515625</ele>
        <time>2026-08-20T11:41:45.000Z</time>
        <extensions>
          <ns3:TrackPointExtension>
            <ns3:hr>175</ns3:hr>
            <ns3:cad>87</ns3:cad>
          </ns3:TrackPointExtension>
        </extensions>
      </trkpt>
      <trkpt lat="45.70420391857624053955078125" lon="126.62432558834552764892578125">
        <ele>162.600006103515625</ele>
        <time>2026-08-20T11:41:46.000Z</time>
        <extensions>
          <ns3:TrackPointExtension>
            <ns3:hr>177</ns3:hr>
            <ns3:cad>87</ns3:cad>
          </ns3:TrackPointExtension>
        </extensions>
      </trkpt>
      <trkpt lat="45.7041930221021175384521484375" lon="126.6242905519902706146240234375">
        <ele>162.600006103515625</ele>
        <time>2026-08-20T11:41:47.000Z</time>
        <extensions>
          <ns3:TrackPointExtension>
            <ns3:hr>181</ns3:hr>
            <ns3:cad>86</ns3:cad>
          </ns3:TrackPointExtension>
        </extensions>
      </trkpt>
      <trkpt lat="45.704194866120815277099609375" lon="126.62424822337925434112548828125">
        <ele>162.600006103515625</ele>
        <time>2026-08-20T11:41:48.000Z</time>
        <extensions>
          <ns3:TrackPointExtension>
            <ns3:hr>182</ns3:hr>
            <ns3:cad>86</ns3:cad>
          </ns3:TrackPointExtension>
        </extensions>
      </trkpt>
      <trkpt lat="45.70419025607407093048095703125" lon="126.62422006018459796905517578125">
        <ele>162.600006103515625</ele>
        <time>2026-08-20T11:41:49.000Z</time>
        <extensions>
          <ns3:TrackPointExtension>
            <ns3:hr>184</ns3:hr>
            <ns3:cad>86</ns3:cad>
          </ns3:TrackPointExtension>
        </extensions>
      </trkpt>
      <trkpt lat="45.704191513359546661376953125" lon="126.62417898885905742645263671875">
        <ele>162.600006103515625</ele>
        <time>2026-08-20T11:41:50.000Z</time>
        <extensions>
          <ns3:TrackPointExtension>
            <ns3:hr>184</ns3:hr>
            <ns3:cad>86</ns3:cad>
          </ns3:TrackPointExtension>
        </extensions>
      </trkpt>
      <trkpt lat="45.70418916642665863037109375" lon="126.62415551953017711639404296875">
        <ele>162.600006103515625</ele>
        <time>2026-08-20T11:41:51.000Z</time>
        <extensions>
          <ns3:TrackPointExtension>
            <ns3:hr>185</ns3:hr>
            <ns3:cad>86</ns3:cad>
          </ns3:TrackPointExtension>
        </extensions>
      </trkpt>
      <trkpt lat="45.70418179035186767578125" lon="126.624107994139194488525390625">
        <ele>162.600006103515625</ele>
        <time>2026-08-20T11:41:52.000Z</time>
        <extensions>
          <ns3:TrackPointExtension>
            <ns3:hr>185</ns3:hr>
            <ns3:cad>86</ns3:cad>
          </ns3:TrackPointExtension>
        </extensions>
      </trkpt>
      <trkpt lat="45.704176761209964752197265625" lon="126.62407924421131610870361328125">
        <ele>162.600006103515625</ele>
        <time>2026-08-20T11:41:53.000Z</time>
        <extensions>
          <ns3:TrackPointExtension>
            <ns3:hr>185</ns3:hr>
            <ns3:cad>86</ns3:cad>
          </ns3:TrackPointExtension>
        </extensions>
      </trkpt>
      <trkpt lat="45.7041655294597148895263671875" lon="126.6240411065518856048583984375">
        <ele>162.8000030517578125</ele>
        <time>2026-08-20T11:41:54.000Z</time>
        <extensions>
          <ns3:TrackPointExtension>
            <ns3:hr>185</ns3:hr>
            <ns3:cad>86</ns3:cad>
          </ns3:TrackPointExtension>
        </extensions>
      </trkpt>
      <trkpt lat="45.70416024886071681976318359375" lon="126.6240099258720874786376953125">
        <ele>162.8000030517578125</ele>
        <time>2026-08-20T11:41:55.000Z</time>
        <extensions>
          <ns3:TrackPointExtension>
            <ns3:hr>184</ns3:hr>
            <ns3:cad>86</ns3:cad>
          </ns3:TrackPointExtension>
        </extensions>
      </trkpt>
      <trkpt lat="45.70415136404335498809814453125" lon="126.62397832609713077545166015625">
        <ele>162.8000030517578125</ele>
        <time>2026-08-20T11:41:56.000Z</time>
        <extensions>
          <ns3:TrackPointExtension>
            <ns3:hr>184</ns3:hr>
            <ns3:cad>86</ns3:cad>
          </ns3:TrackPointExtension>
        </extensions>
      </trkpt>
      <trkpt lat="45.7041501067578792572021484375" lon="126.62393926642835140228271484375">
        <ele>162.8000030517578125</ele>
        <time>2026-08-20T11:41:57.000Z</time>
        <extensions>
          <ns3:TrackPointExtension>
            <ns3:hr>185</ns3:hr>
            <ns3:cad>86</ns3:cad>
          </ns3:TrackPointExtension>
        </extensions>
      </trkpt>
      <trkpt lat="45.70414264686405658721923828125" lon="126.62391093559563159942626953125">
        <ele>162.8000030517578125</ele>
        <time>2026-08-20T11:41:58.000Z</time>
        <extensions>
          <ns3:TrackPointExtension>
            <ns3:hr>185</ns3:hr>
            <ns3:cad>86</ns3:cad>
          </ns3:TrackPointExtension>
        </extensions>
      </trkpt>
      <trkpt lat="45.70414331741631031036376953125" lon="126.62387095391750335693359375">
        <ele>162.8000030517578125</ele>
        <time>2026-08-20T11:41:59.000Z</time>
        <extensions>
          <ns3:TrackPointExtension>
            <ns3:hr>185</ns3:hr>
            <ns3:cad>86</ns3:cad>
          </ns3:TrackPointExtension>
        </extensions>
      </trkpt>
      <trkpt lat="45.70413795299828052520751953125" lon="126.62384438328444957733154296875">
        <ele>162.8000030517578125</ele>
        <time>2026-08-20T11:42:00.000Z</time>
        <extensions>
          <ns3:TrackPointExtension>
            <ns3:hr>185</ns3:hr>
            <ns3:cad>87</ns3:cad>
          </ns3:TrackPointExtension>
        </extensions>
      </trkpt>
      <trkpt lat="45.70413208566606044769287109375" lon="126.62379962392151355743408203125">
        <ele>162.8000030517578125</ele>
        <time>2026-08-20T11:42:01.000Z</time>
        <extensions>
          <ns3:TrackPointExtension>
            <ns3:hr>185</ns3:hr>
            <ns3:cad>87</ns3:cad>
          </ns3:TrackPointExtension>
        </extensions>
      </trkpt>
      <trkpt lat="45.70412772707641124725341796875" lon="126.6237681917846202850341796875">
        <ele>163</ele>
        <time>2026-08-20T11:42:02.000Z</time>
        <extensions>
          <ns3:TrackPointExtension>
            <ns3:hr>185</ns3:hr>
            <ns3:cad>87</ns3:cad>
          </ns3:TrackPointExtension>
        </extensions>
      </trkpt>
      <trkpt lat="45.704125799238681793212890625" lon="126.6237227618694305419921875">
        <ele>163</ele>
        <time>2026-08-20T11:42:03.000Z</time>
        <extensions>
          <ns3:TrackPointExtension>
            <ns3:hr>185</ns3:hr>
            <ns3:cad>87</ns3:cad>
          </ns3:TrackPointExtension>
        </extensions>
      </trkpt>
      <trkpt lat="45.7041273079812526702880859375" lon="126.6236867196857929229736328125">
        <ele>163</ele>
        <time>2026-08-20T11:42:04.000Z</time>
        <extensions>
          <ns3:TrackPointExtension>
            <ns3:hr>185</ns3:hr>
            <ns3:cad>87</ns3:cad>
          </ns3:TrackPointExtension>
        </extensions>
      </trkpt>
      <trkpt lat="45.70412169210612773895263671875" lon="126.62365042604506015777587890625">
        <ele>163</ele>
        <time>2026-08-20T11:42:05.000Z</time>
        <extensions>
          <ns3:TrackPointExtension>
            <ns3:hr>186</ns3:hr>
            <ns3:cad>87</ns3:cad>
          </ns3:TrackPointExtension>
        </extensions>
      </trkpt>
      <trkpt lat="45.70411968044936656951904296875" lon="126.62361086346209049224853515625">
        <ele>163</ele>
        <time>2026-08-20T11:42:06.000Z</time>
        <extensions>
          <ns3:TrackPointExtension>
            <ns3:hr>186</ns3:hr>
            <ns3:cad>87</ns3:cad>
          </ns3:TrackPointExtension>
        </extensions>
      </trkpt>
      <trkpt lat="45.704111047089099884033203125" lon="126.62357733584940433502197265625">
        <ele>163</ele>
        <time>2026-08-20T11:42:07.000Z</time>
        <extensions>
          <ns3:TrackPointExtension>
            <ns3:hr>185</ns3:hr>
            <ns3:cad>87</ns3:cad>
          </ns3:TrackPointExtension>
        </extensions>
      </trkpt>
      <trkpt lat="45.70410794578492641448974609375" lon="126.62353341467678546905517578125">
        <ele>162.8000030517578125</ele>
        <time>2026-08-20T11:42:08.000Z</time>
        <extensions>
          <ns3:TrackPointExtension>
            <ns3:hr>185</ns3:hr>
            <ns3:cad>87</ns3:cad>
          </ns3:TrackPointExtension>
        </extensions>
      </trkpt>
      <trkpt lat="45.70410341955721378326416015625" lon="126.62350885570049285888671875">
        <ele>162.8000030517578125</ele>
        <time>2026-08-20T11:42:09.000Z</time>
        <extensions>
          <ns3:TrackPointExtension>
            <ns3:hr>186</ns3:hr>
            <ns3:cad>87</ns3:cad>
          </ns3:TrackPointExtension>
        </extensions>
      </trkpt>
      <trkpt lat="45.7041018269956111907958984375" lon="126.62346870638430118560791015625">
        <ele>162.8000030517578125</ele>
        <time>2026-08-20T11:42:10.000Z</time>
        <extensions>
          <ns3:TrackPointExtension>
            <ns3:hr>186</ns3:hr>
            <ns3:cad>87</ns3:cad>
          </ns3:TrackPointExtension>
        </extensions>
      </trkpt>
      <trkpt lat="45.7040957920253276824951171875" lon="126.6234382800757884979248046875">
        <ele>162.8000030517578125</ele>
        <time>2026-08-20T11:42:11.000Z</time>
        <extensions>
          <ns3:TrackPointExtension>
            <ns3:hr>186</ns3:hr>
            <ns3:cad>87</ns3:cad>
          </ns3:TrackPointExtension>
        </extensions>
      </trkpt>
      <trkpt lat="45.70409084670245647430419921875" lon="126.62339913658797740936279296875">
        <ele>162.8000030517578125</ele>
        <time>2026-08-20T11:42:12.000Z</time>
        <extensions>
          <ns3:TrackPointExtension>
            <ns3:hr>186</ns3:hr>
            <ns3:cad>87</ns3:cad>
          </ns3:TrackPointExtension>
        </extensions>
      </trkpt>
      <trkpt lat="45.704091601073741912841796875" lon="126.62336510606110095977783203125">
        <ele>162.8000030517578125</ele>
        <time>2026-08-20T11:42:13.000Z</time>
        <extensions>
          <ns3:TrackPointExtension>
            <ns3:hr>186</ns3:hr>
            <ns3:cad>87</ns3:cad>
          </ns3:TrackPointExtension>
        </extensions>
      </trkpt>
      <trkpt lat="45.704084224998950958251953125" lon="126.62333325482904911041259765625">
        <ele>162.8000030517578125</ele>
        <time>2026-08-20T11:42:14.000Z</time>
        <extensions>
          <ns3:TrackPointExtension>
            <ns3:hr>186</ns3:hr>
            <ns3:cad>86</ns3:cad>
          </ns3:TrackPointExtension>
        </extensions>
      </trkpt>
      <trkpt lat="45.70408062078058719635009765625" lon="126.6232947818934917449951171875">
        <ele>162.8000030517578125</ele>
        <time>2026-08-20T11:42:15.000Z</time>
        <extensions>
          <ns3:TrackPointExtension>
            <ns3:hr>186</ns3:hr>
            <ns3:cad>86</ns3:cad>
          </ns3:TrackPointExtension>
        </extensions>
      </trkpt>
      <trkpt lat="45.70406980812549591064453125" lon="126.62326921708881855010986328125">
        <ele>162.8000030517578125</ele>
        <time>2026-08-20T11:42:16.000Z</time>
        <extensions>
          <ns3:TrackPointExtension>
            <ns3:hr>186</ns3:hr>
            <ns3:cad>86</ns3:cad>
          </ns3:TrackPointExtension>
        </extensions>
      </trkpt>
      <trkpt lat="45.70406310260295867919921875" lon="126.62322613410651683807373046875">
        <ele>162.8000030517578125</ele>
        <time>2026-08-20T11:42:17.000Z</time>
        <extensions>
          <ns3:TrackPointExtension>
            <ns3:hr>185</ns3:hr>
            <ns3:cad>86</ns3:cad>
          </ns3:TrackPointExtension>
        </extensions>
      </trkpt>
      <trkpt lat="45.70405681617558002471923828125" lon="126.62319495342671871185302734375">
        <ele>162.8000030517578125</ele>
        <time>2026-08-20T11:42:18.000Z</time>
        <extensions>
          <ns3:TrackPointExtension>
            <ns3:hr>186</ns3:hr>
            <ns3:cad>87</ns3:cad>
          </ns3:TrackPointExtension>
        </extensions>
      </trkpt>
      <trkpt lat="45.70405815728008747100830078125" lon="126.62314550019800662994384765625">
        <ele>162.8000030517578125</ele>
        <time>2026-08-20T11:42:19.000Z</time>
        <extensions>
          <ns3:TrackPointExtension>
            <ns3:hr>186</ns3:hr>
            <ns3:cad>87</ns3:cad>
          </ns3:TrackPointExtension>
        </extensions>
      </trkpt>
      <trkpt lat="45.70405681617558002471923828125" lon="126.62311901338398456573486328125">
        <ele>162.8000030517578125</ele>
        <time>2026-08-20T11:42:20.000Z</time>
        <extensions>
          <ns3:TrackPointExtension>
            <ns3:hr>186</ns3:hr>
            <ns3:cad>87</ns3:cad>
          </ns3:TrackPointExtension>
        </extensions>
      </trkpt>
      <trkpt lat="45.70405581034719944000244140625" lon="126.62308028899133205413818359375">
        <ele>162.600006103515625</ele>
        <time>2026-08-20T11:42:21.000Z</time>
        <extensions>
          <ns3:TrackPointExtension>
            <ns3:hr>186</ns3:hr>
            <ns3:cad>87</ns3:cad>
          </ns3:TrackPointExtension>
        </extensions>
      </trkpt>
      <trkpt lat="45.7040538825094699859619140625" lon="126.6230480186641216278076171875">
        <ele>162.600006103515625</ele>
        <time>2026-08-20T11:42:22.000Z</time>
        <extensions>
          <ns3:TrackPointExtension>
            <ns3:hr>186</ns3:hr>
            <ns3:cad>88</ns3:cad>
          </ns3:TrackPointExtension>
        </extensions>
      </trkpt>
      <trkpt lat="45.704047344624996185302734375" lon="126.6230094619095325469970703125">
        <ele>162.399993896484375</ele>
        <time>2026-08-20T11:42:23.000Z</time>
        <extensions>
          <ns3:TrackPointExtension>
            <ns3:hr>186</ns3:hr>
            <ns3:cad>88</ns3:cad>
          </ns3:TrackPointExtension>
        </extensions>
      </trkpt>
      <trkpt lat="45.7040404714643955230712890625" lon="126.6229705698788166046142578125">
        <ele>162.399993896484375</ele>
        <time>2026-08-20T11:42:24.000Z</time>
        <extensions>
          <ns3:TrackPointExtension>
            <ns3:hr>185</ns3:hr>
            <ns3:cad>87</ns3:cad>
          </ns3:TrackPointExtension>
        </extensions>
      </trkpt>
      <trkpt lat="45.70402915589511394500732421875" lon="126.6229373775422573089599609375">
        <ele>162.399993896484375</ele>
        <time>2026-08-20T11:42:25.000Z</time>
        <extensions>
          <ns3:TrackPointExtension>
            <ns3:hr>186</ns3:hr>
            <ns3:cad>87</ns3:cad>
          </ns3:TrackPointExtension>
        </extensions>
      </trkpt>
      <trkpt lat="45.70402177982032299041748046875" lon="126.62290074862539768218994140625">
        <ele>162.399993896484375</ele>
        <time>2026-08-20T11:42:26.000Z</time>
        <extensions>
          <ns3:TrackPointExtension>
            <ns3:hr>186</ns3:hr>
            <ns3:cad>87</ns3:cad>
          </ns3:TrackPointExtension>
        </extensions>
      </trkpt>
      <trkpt lat="45.7040168344974517822265625" lon="126.622868478298187255859375">
        <ele>162.399993896484375</ele>
        <time>2026-08-20T11:42:27.000Z</time>
        <extensions>
          <ns3:TrackPointExtension>
            <ns3:hr>186</ns3:hr>
            <ns3:cad>87</ns3:cad>
          </ns3:TrackPointExtension>
        </extensions>
      </trkpt>
      <trkpt lat="45.704012475907802581787109375" lon="126.62283251993358135223388671875">
        <ele>162.1999969482421875</ele>
        <time>2026-08-20T11:42:28.000Z</time>
        <extensions>
          <ns3:TrackPointExtension>
            <ns3:hr>186</ns3:hr>
            <ns3:cad>87</ns3:cad>
          </ns3:TrackPointExtension>
        </extensions>
      </trkpt>
      <trkpt lat="45.70400669239461421966552734375" lon="126.622803099453449249267578125">
        <ele>162.1999969482421875</ele>
        <time>2026-08-20T11:42:29.000Z</time>
        <extensions>
          <ns3:TrackPointExtension>
            <ns3:hr>186</ns3:hr>
            <ns3:cad>87</ns3:cad>
          </ns3:TrackPointExtension>
        </extensions>
      </trkpt>
      <trkpt lat="45.70400317199528217315673828125" lon="126.6227667219936847686767578125">
        <ele>162.399993896484375</ele>
        <time>2026-08-20T11:42:30.000Z</time>
        <extensions>
          <ns3:TrackPointExtension>
            <ns3:hr>186</ns3:hr>
            <ns3:cad>87</ns3:cad>
          </ns3:TrackPointExtension>
        </extensions>
      </trkpt>
      <trkpt lat="45.7039962150156497955322265625" lon="126.62272707559168338775634765625">
        <ele>162.399993896484375</ele>
        <time>2026-08-20T11:42:31.000Z</time>
        <extensions>
          <ns3:TrackPointExtension>
            <ns3:hr>186</ns3:hr>
            <ns3:cad>86</ns3:cad>
          </ns3:TrackPointExtension>
        </extensions>
      </trkpt>
      <trkpt lat="45.7039968855679035186767578125" lon="126.62268340587615966796875">
        <ele>162.399993896484375</ele>
        <time>2026-08-20T11:42:32.000Z</time>
        <extensions>
          <ns3:TrackPointExtension>
            <ns3:hr>186</ns3:hr>
            <ns3:cad>86</ns3:cad>
          </ns3:TrackPointExtension>
        </extensions>
      </trkpt>
      <trkpt lat="45.70399596355855464935302734375" lon="126.62264409475028514862060546875">
        <ele>162.399993896484375</ele>
        <time>2026-08-20T11:42:33.000Z</time>
        <extensions>
          <ns3:TrackPointExtension>
            <ns3:hr>186</ns3:hr>
            <ns3:cad>86</ns3:cad>
          </ns3:TrackPointExtension>
        </extensions>
      </trkpt>
      <trkpt lat="45.70399328134953975677490234375" lon="126.6226041130721569061279296875">
        <ele>162.1999969482421875</ele>
        <time>2026-08-20T11:42:34.000Z</time>
        <extensions>
          <ns3:TrackPointExtension>
            <ns3:hr>186</ns3:hr>
            <ns3:cad>86</ns3:cad>
          </ns3:TrackPointExtension>
        </extensions>
      </trkpt>
      <trkpt lat="45.7039915211498737335205078125" lon="126.62255893461406230926513671875">
        <ele>162.1999969482421875</ele>
        <time>2026-08-20T11:42:35.000Z</time>
        <extensions>
          <ns3:TrackPointExtension>
            <ns3:hr>186</ns3:hr>
            <ns3:cad>86</ns3:cad>
          </ns3:TrackPointExtension>
        </extensions>
      </trkpt>
      <trkpt lat="45.703986994922161102294921875" lon="126.62252926267683506011962890625">
        <ele>162.1999969482421875</ele>
        <time>2026-08-20T11:42:36.000Z</time>
        <extensions>
          <ns3:TrackPointExtension>
            <ns3:hr>186</ns3:hr>
            <ns3:cad>86</ns3:cad>
          </ns3:TrackPointExtension>
        </extensions>
      </trkpt>
      <trkpt lat="45.70398607291281223297119140625" lon="126.622483916580677032470703125">
        <ele>162.1999969482421875</ele>
        <time>2026-08-20T11:42:37.000Z</time>
        <extensions>
          <ns3:TrackPointExtension>
            <ns3:hr>186</ns3:hr>
            <ns3:cad>87</ns3:cad>
          </ns3:TrackPointExtension>
        </extensions>
      </trkpt>
      <trkpt lat="45.70398263633251190185546875" lon="126.62245298735797405242919921875">
        <ele>162.1999969482421875</ele>
        <time>2026-08-20T11:42:38.000Z</time>
        <extensions>
          <ns3:TrackPointExtension>
            <ns3:hr>185</ns3:hr>
            <ns3:cad>87</ns3:cad>
          </ns3:TrackPointExtension>
        </extensions>
      </trkpt>
      <trkpt lat="45.70397919975221157073974609375" lon="126.6224086470901966094970703125">
        <ele>162.1999969482421875</ele>
        <time>2026-08-20T11:42:39.000Z</time>
        <extensions>
          <ns3:TrackPointExtension>
            <ns3:hr>186</ns3:hr>
            <ns3:cad>87</ns3:cad>
          </ns3:TrackPointExtension>
        </extensions>
      </trkpt>
      <trkpt lat="45.70398137904703617095947265625" lon="126.62237470038235187530517578125">
        <ele>162.1999969482421875</ele>
        <time>2026-08-20T11:42:40.000Z</time>
        <extensions>
          <ns3:TrackPointExtension>
            <ns3:hr>186</ns3:hr>
            <ns3:cad>87</ns3:cad>
          </ns3:TrackPointExtension>
        </extensions>
      </trkpt>
      <trkpt lat="45.703976936638355255126953125" lon="126.6223335452377796173095703125">
        <ele>162</ele>
        <time>2026-08-20T11:42:41.000Z</time>
        <extensions>
          <ns3:TrackPointExtension>
            <ns3:hr>186</ns3:hr>
            <ns3:cad>87</ns3:cad>
          </ns3:TrackPointExtension>
        </extensions>
      </trkpt>
      <trkpt lat="45.7039744220674037933349609375" lon="126.62230194546282291412353515625">
        <ele>162</ele>
        <time>2026-08-20T11:42:42.000Z</time>
        <extensions>
          <ns3:TrackPointExtension>
            <ns3:hr>186</ns3:hr>
            <ns3:cad>87</ns3:cad>
          </ns3:TrackPointExtension>
        </extensions>
      </trkpt>
      <trkpt lat="45.70396788418292999267578125" lon="126.622267998754978179931640625">
        <ele>162</ele>
        <time>2026-08-20T11:42:43.000Z</time>
        <extensions>
          <ns3:TrackPointExtension>
            <ns3:hr>186</ns3:hr>
            <ns3:cad>87</ns3:cad>
          </ns3:TrackPointExtension>
        </extensions>
      </trkpt>
      <trkpt lat="45.7039658725261688232421875" lon="126.62223287858068943023681640625">
        <ele>162</ele>
        <time>2026-08-20T11:42:44.000Z</time>
        <extensions>
          <ns3:TrackPointExtension>
            <ns3:hr>186</ns3:hr>
            <ns3:cad>87</ns3:cad>
          </ns3:TrackPointExtension>
        </extensions>
      </trkpt>
      <trkpt lat="45.70395824499428272247314453125" lon="126.62219767458736896514892578125">
        <ele>162</ele>
        <time>2026-08-20T11:42:45.000Z</time>
        <extensions>
          <ns3:TrackPointExtension>
            <ns3:hr>186</ns3:hr>
            <ns3:cad>87</ns3:cad>
          </ns3:TrackPointExtension>
        </extensions>
      </trkpt>
      <trkpt lat="45.7039539702236652374267578125" lon="126.62215375341475009918212890625">
        <ele>162</ele>
        <time>2026-08-20T11:42:46.000Z</time>
        <extensions>
          <ns3:TrackPointExtension>
            <ns3:hr>186</ns3:hr>
            <ns3:cad>87</ns3:cad>
          </ns3:TrackPointExtension>
        </extensions>
      </trkpt>
      <trkpt lat="45.7039465941488742828369140625" lon="126.62212139926850795745849609375">
        <ele>162.1999969482421875</ele>
        <time>2026-08-20T11:42:47.000Z</time>
        <extensions>
          <ns3:TrackPointExtension>
            <ns3:hr>186</ns3:hr>
            <ns3:cad>87</ns3:cad>
          </ns3:TrackPointExtension>
        </extensions>
      </trkpt>
      <trkpt lat="45.7039475999772548675537109375" lon="126.62207982502877712249755859375">
        <ele>162</ele>
        <time>2026-08-20T11:42:48.000Z</time>
        <extensions>
          <ns3:TrackPointExtension>
            <ns3:hr>187</ns3:hr>
            <ns3:cad>87</ns3:cad>
          </ns3:TrackPointExtension>
        </extensions>
      </trkpt>
      <trkpt lat="45.7039415650069713592529296875" lon="126.62204897962510585784912109375">
        <ele>162</ele>
        <time>2026-08-20T11:42:49.000Z</time>
        <extensions>
          <ns3:TrackPointExtension>
            <ns3:hr>186</ns3:hr>
            <ns3:cad>87</ns3:cad>
          </ns3:TrackPointExtension>
        </extensions>
      </trkpt>
      <trkpt lat="45.7039358653128147125244140625" lon="126.62200757302343845367431640625">
        <ele>162</ele>
        <time>2026-08-20T11:42:50.000Z</time>
        <extensions>
          <ns3:TrackPointExtension>
            <ns3:hr>186</ns3:hr>
            <ns3:cad>87</ns3:cad>
          </ns3:TrackPointExtension>
        </extensions>
      </trkpt>
      <trkpt lat="45.70392840541899204254150390625" lon="126.62197890691459178924560546875">
        <ele>162</ele>
        <time>2026-08-20T11:42:51.000Z</time>
        <extensions>
          <ns3:TrackPointExtension>
            <ns3:hr>186</ns3:hr>
            <ns3:cad>87</ns3:cad>
          </ns3:TrackPointExtension>
        </extensions>
      </trkpt>
      <trkpt lat="45.70392102934420108795166015625" lon="126.6219385899603366851806640625">
        <ele>162</ele>
        <time>2026-08-20T11:42:52.000Z</time>
        <extensions>
          <ns3:TrackPointExtension>
            <ns3:hr>186</ns3:hr>
            <ns3:cad>87</ns3:cad>
          </ns3:TrackPointExtension>
        </extensions>
      </trkpt>
      <trkpt lat="45.70391801185905933380126953125" lon="126.62189944647252559661865234375">
        <ele>161.8000030517578125</ele>
        <time>2026-08-20T11:42:53.000Z</time>
        <extensions>
          <ns3:TrackPointExtension>
            <ns3:hr>186</ns3:hr>
            <ns3:cad>87</ns3:cad>
          </ns3:TrackPointExtension>
        </extensions>
      </trkpt>
      <trkpt lat="45.7039174251258373260498046875" lon="126.62186256609857082366943359375">
        <ele>162</ele>
        <time>2026-08-20T11:42:54.000Z</time>
        <extensions>
          <ns3:TrackPointExtension>
            <ns3:hr>187</ns3:hr>
            <ns3:cad>87</ns3:cad>
          </ns3:TrackPointExtension>
        </extensions>
      </trkpt>
      <trkpt lat="45.70391834713518619537353515625" lon="126.621826104819774627685546875">
        <ele>162</ele>
        <time>2026-08-20T11:42:55.000Z</time>
        <extensions>
          <ns3:TrackPointExtension>
            <ns3:hr>186</ns3:hr>
            <ns3:cad>86</ns3:cad>
          </ns3:TrackPointExtension>
        </extensions>
      </trkpt>
      <trkpt lat="45.703913234174251556396484375" lon="126.6217981092631816864013671875">
        <ele>161.8000030517578125</ele>
        <time>2026-08-20T11:42:56.000Z</time>
        <extensions>
          <ns3:TrackPointExtension>
            <ns3:hr>186</ns3:hr>
            <ns3:cad>86</ns3:cad>
          </ns3:TrackPointExtension>
        </extensions>
      </trkpt>
      <trkpt lat="45.70390895940363407135009765625" lon="126.621758379042148590087890625">
        <ele>161.8000030517578125</ele>
        <time>2026-08-20T11:42:57.000Z</time>
        <extensions>
          <ns3:TrackPointExtension>
            <ns3:hr>186</ns3:hr>
            <ns3:cad>86</ns3:cad>
          </ns3:TrackPointExtension>
        </extensions>
      </trkpt>
      <trkpt lat="45.70390124805271625518798828125" lon="126.6217310540378093719482421875">
        <ele>161.8000030517578125</ele>
        <time>2026-08-20T11:42:58.000Z</time>
        <extensions>
          <ns3:TrackPointExtension>
            <ns3:hr>186</ns3:hr>
            <ns3:cad>86</ns3:cad>
          </ns3:TrackPointExtension>
        </extensions>
      </trkpt>
      <trkpt lat="45.70389705710113048553466796875" lon="126.6216867975890636444091796875">
        <ele>161.8000030517578125</ele>
        <time>2026-08-20T11:42:59.000Z</time>
        <extensions>
          <ns3:TrackPointExtension>
            <ns3:hr>186</ns3:hr>
            <ns3:cad>86</ns3:cad>
          </ns3:TrackPointExtension>
        </extensions>
      </trkpt>
      <trkpt lat="45.7038926146924495697021484375" lon="126.6216520965099334716796875">
        <ele>161.8000030517578125</ele>
        <time>2026-08-20T11:43:00.000Z</time>
        <extensions>
          <ns3:TrackPointExtension>
            <ns3:hr>186</ns3:hr>
            <ns3:cad>86</ns3:cad>
          </ns3:TrackPointExtension>
        </extensions>
      </trkpt>
      <trkpt lat="45.70388875901699066162109375" lon="126.6216160543262958526611328125">
        <ele>161.8000030517578125</ele>
        <time>2026-08-20T11:43:01.000Z</time>
        <extensions>
          <ns3:TrackPointExtension>
            <ns3:hr>186</ns3:hr>
            <ns3:cad>86</ns3:cad>
          </ns3:TrackPointExtension>
        </extensions>
      </trkpt>
      <trkpt lat="45.70388398133218288421630859375" lon="126.6215811856091022491455078125">
        <ele>161.8000030517578125</ele>
        <time>2026-08-20T11:43:02.000Z</time>
        <extensions>
          <ns3:TrackPointExtension>
            <ns3:hr>186</ns3:hr>
            <ns3:cad>86</ns3:cad>
          </ns3:TrackPointExtension>
        </extensions>
      </trkpt>
      <trkpt lat="45.7038775272667407989501953125" lon="126.62155210040509700775146484375">
        <ele>161.600006103515625</ele>
        <time>2026-08-20T11:43:03.000Z</time>
        <extensions>
          <ns3:TrackPointExtension>
            <ns3:hr>186</ns3:hr>
            <ns3:cad>86</ns3:cad>
          </ns3:TrackPointExtension>
        </extensions>
      </trkpt>
      <trkpt lat="45.7038778625428676605224609375" lon="126.6215107776224613189697265625">
        <ele>161.600006103515625</ele>
        <time>2026-08-20T11:43:04.000Z</time>
        <extensions>
          <ns3:TrackPointExtension>
            <ns3:hr>186</ns3:hr>
            <ns3:cad>86</ns3:cad>
          </ns3:TrackPointExtension>
        </extensions>
      </trkpt>
      <trkpt lat="45.70387057028710842132568359375" lon="126.62148186005651950836181640625">
        <ele>161.600006103515625</ele>
        <time>2026-08-20T11:43:05.000Z</time>
        <extensions>
          <ns3:TrackPointExtension>
            <ns3:hr>186</ns3:hr>
            <ns3:cad>87</ns3:cad>
          </ns3:TrackPointExtension>
        </extensions>
      </trkpt>
      <trkpt lat="45.7038741745054721832275390625" lon="126.6214417107403278350830078125">
        <ele>161.600006103515625</ele>
        <time>2026-08-20T11:43:06.000Z</time>
        <extensions>
          <ns3:TrackPointExtension>
            <ns3:hr>186</ns3:hr>
            <ns3:cad>87</ns3:cad>
          </ns3:TrackPointExtension>
        </extensions>
      </trkpt>
      <trkpt lat="45.70387409068644046783447265625" lon="126.62141212262213230133056640625">
        <ele>161.399993896484375</ele>
        <time>2026-08-20T11:43:07.000Z</time>
        <extensions>
          <ns3:TrackPointExtension>
            <ns3:hr>186</ns3:hr>
            <ns3:cad>87</ns3:cad>
          </ns3:TrackPointExtension>
        </extensions>
      </trkpt>
      <trkpt lat="45.703874342143535614013671875" lon="126.62136845290660858154296875">
        <ele>161.600006103515625</ele>
        <time>2026-08-20T11:43:08.000Z</time>
        <extensions>
          <ns3:TrackPointExtension>
            <ns3:hr>186</ns3:hr>
            <ns3:cad>87</ns3:cad>
          </ns3:TrackPointExtension>
        </extensions>
      </trkpt>
      <trkpt lat="45.70387442596256732940673828125" lon="126.6213377751410007476806640625">
        <ele>161.600006103515625</ele>
        <time>2026-08-20T11:43:09.000Z</time>
        <extensions>
          <ns3:TrackPointExtension>
            <ns3:hr>186</ns3:hr>
            <ns3:cad>87</ns3:cad>
          </ns3:TrackPointExtension>
        </extensions>
      </trkpt>
      <trkpt lat="45.70386906154453754425048828125" lon="126.621293686330318450927734375">
        <ele>161.600006103515625</ele>
        <time>2026-08-20T11:43:10.000Z</time>
        <extensions>
          <ns3:TrackPointExtension>
            <ns3:hr>186</ns3:hr>
            <ns3:cad>87</ns3:cad>
          </ns3:TrackPointExtension>
        </extensions>
      </trkpt>
      <trkpt lat="45.7038671337068080902099609375" lon="126.62125856615602970123291015625">
        <ele>161.600006103515625</ele>
        <time>2026-08-20T11:43:11.000Z</time>
        <extensions>
          <ns3:TrackPointExtension>
            <ns3:hr>186</ns3:hr>
            <ns3:cad>87</ns3:cad>
          </ns3:TrackPointExtension>
        </extensions>
      </trkpt>
      <trkpt lat="45.70386252366006374359130859375" lon="126.62122017703950405120849609375">
        <ele>161.600006103515625</ele>
        <time>2026-08-20T11:43:12.000Z</time>
        <extensions>
          <ns3:TrackPointExtension>
            <ns3:hr>185</ns3:hr>
            <ns3:cad>87</ns3:cad>
          </ns3:TrackPointExtension>
        </extensions>
      </trkpt>
      <trkpt lat="45.7038604281842708587646484375" lon="126.6211800277233123779296875">
        <ele>161.399993896484375</ele>
        <time>2026-08-20T11:43:13.000Z</time>
        <extensions>
          <ns3:TrackPointExtension>
            <ns3:hr>185</ns3:hr>
            <ns3:cad>87</ns3:cad>
          </ns3:TrackPointExtension>
        </extensions>
      </trkpt>
      <trkpt lat="45.70385330356657505035400390625" lon="126.62114826031029224395751953125">
        <ele>161.399993896484375</ele>
        <time>2026-08-20T11:43:14.000Z</time>
        <extensions>
          <ns3:TrackPointExtension>
            <ns3:hr>185</ns3:hr>
            <ns3:cad>87</ns3:cad>
          </ns3:TrackPointExtension>
        </extensions>
      </trkpt>
      <trkpt lat="45.70385213010013103485107421875" lon="126.62110584788024425506591796875">
        <ele>161.399993896484375</ele>
        <time>2026-08-20T11:43:15.000Z</time>
        <extensions>
          <ns3:TrackPointExtension>
            <ns3:hr>186</ns3:hr>
            <ns3:cad>87</ns3:cad>
          </ns3:TrackPointExtension>
        </extensions>
      </trkpt>
      <trkpt lat="45.7038451731204986572265625" lon="126.6210812889039516448974609375">
        <ele>161.399993896484375</ele>
        <time>2026-08-20T11:43:16.000Z</time>
        <extensions>
          <ns3:TrackPointExtension>
            <ns3:hr>186</ns3:hr>
            <ns3:cad>87</ns3:cad>
          </ns3:TrackPointExtension>
        </extensions>
      </trkpt>
      <trkpt lat="45.70384324528276920318603515625" lon="126.62104331888258457183837890625">
        <ele>161.399993896484375</ele>
        <time>2026-08-20T11:43:17.000Z</time>
        <extensions>
          <ns3:TrackPointExtension>
            <ns3:hr>186</ns3:hr>
            <ns3:cad>87</ns3:cad>
          </ns3:TrackPointExtension>
        </extensions>
      </trkpt>
      <trkpt lat="45.7038399763405323028564453125" lon="126.62101498804986476898193359375">
        <ele>161.399993896484375</ele>
        <time>2026-08-20T11:43:18.000Z</time>
        <extensions>
          <ns3:TrackPointExtension>
            <ns3:hr>185</ns3:hr>
            <ns3:cad>87</ns3:cad>
          </ns3:TrackPointExtension>
        </extensions>
      </trkpt>
      <trkpt lat="45.7038344442844390869140625" lon="126.6209679655730724334716796875">
        <ele>161.399993896484375</ele>
        <time>2026-08-20T11:43:19.000Z</time>
        <extensions>
          <ns3:TrackPointExtension>
            <ns3:hr>186</ns3:hr>
            <ns3:cad>87</ns3:cad>
          </ns3:TrackPointExtension>
        </extensions>
      </trkpt>
      <trkpt lat="45.70383000187575817108154296875" lon="126.62093619816005229949951171875">
        <ele>161.399993896484375</ele>
        <time>2026-08-20T11:43:20.000Z</time>
        <extensions>
          <ns3:TrackPointExtension>
            <ns3:hr>186</ns3:hr>
            <ns3:cad>87</ns3:cad>
          </ns3:TrackPointExtension>
        </extensions>
      </trkpt>
      <trkpt lat="45.70382446981966495513916015625" lon="126.62089445628225803375244140625">
        <ele>161.399993896484375</ele>
        <time>2026-08-20T11:43:21.000Z</time>
        <extensions>
          <ns3:TrackPointExtension>
            <ns3:hr>185</ns3:hr>
            <ns3:cad>87</ns3:cad>
          </ns3:TrackPointExtension>
        </extensions>
      </trkpt>
      <trkpt lat="45.70382078178226947784423828125" lon="126.62085740827023983001708984375">
        <ele>161.399993896484375</ele>
        <time>2026-08-20T11:43:22.000Z</time>
        <extensions>
          <ns3:TrackPointExtension>
            <ns3:hr>185</ns3:hr>
            <ns3:cad>87</ns3:cad>
          </ns3:TrackPointExtension>
        </extensions>
      </trkpt>
      <trkpt lat="45.70381407625973224639892578125" lon="126.6208207793533802032470703125">
        <ele>161.399993896484375</ele>
        <time>2026-08-20T11:43:23.000Z</time>
        <extensions>
          <ns3:TrackPointExtension>
            <ns3:hr>185</ns3:hr>
            <ns3:cad>87</ns3:cad>
          </ns3:TrackPointExtension>
        </extensions>
      </trkpt>
      <trkpt lat="45.70381005294620990753173828125" lon="126.62077878601849079132080078125">
        <ele>161.399993896484375</ele>
        <time>2026-08-20T11:43:24.000Z</time>
        <extensions>
          <ns3:TrackPointExtension>
            <ns3:hr>186</ns3:hr>
            <ns3:cad>87</ns3:cad>
          </ns3:TrackPointExtension>
        </extensions>
      </trkpt>
      <trkpt lat="45.70380200631916522979736328125" lon="126.62075330503284931182861328125">
        <ele>161.399993896484375</ele>
        <time>2026-08-20T11:43:25.000Z</time>
        <extensions>
          <ns3:TrackPointExtension>
            <ns3:hr>186</ns3:hr>
            <ns3:cad>87</ns3:cad>
          </ns3:TrackPointExtension>
        </extensions>
      </trkpt>
      <trkpt lat="45.70379680953919887542724609375" lon="126.62070594727993011474609375">
        <ele>161.399993896484375</ele>
        <time>2026-08-20T11:43:26.000Z</time>
        <extensions>
          <ns3:TrackPointExtension>
            <ns3:hr>186</ns3:hr>
            <ns3:cad>87</ns3:cad>
          </ns3:TrackPointExtension>
        </extensions>
      </trkpt>
      <trkpt lat="45.70379010401666164398193359375" lon="126.6206739284098148345947265625">
        <ele>161.399993896484375</ele>
        <time>2026-08-20T11:43:27.000Z</time>
        <extensions>
          <ns3:TrackPointExtension>
            <ns3:hr>185</ns3:hr>
            <ns3:cad>87</ns3:cad>
          </ns3:TrackPointExtension>
        </extensions>
      </trkpt>
      <trkpt lat="45.70378524251282215118408203125" lon="126.62063092924654483795166015625">
        <ele>161.399993896484375</ele>
        <time>2026-08-20T11:43:28.000Z</time>
        <extensions>
          <ns3:TrackPointExtension>
            <ns3:hr>186</ns3:hr>
            <ns3:cad>87</ns3:cad>
          </ns3:TrackPointExtension>
        </extensions>
      </trkpt>
      <trkpt lat="45.7037813030183315277099609375" lon="126.62059522233903408050537109375">
        <ele>161.399993896484375</ele>
        <time>2026-08-20T11:43:29.000Z</time>
        <extensions>
          <ns3:TrackPointExtension>
            <ns3:hr>186</ns3:hr>
            <ns3:cad>87</ns3:cad>
          </ns3:TrackPointExtension>
        </extensions>
      </trkpt>
      <trkpt lat="45.70377744734287261962890625" lon="126.62055783905088901519775390625">
        <ele>161.399993896484375</ele>
        <time>2026-08-20T11:43:30.000Z</time>
        <extensions>
          <ns3:TrackPointExtension>
            <ns3:hr>186</ns3:hr>
            <ns3:cad>87</ns3:cad>
          </ns3:TrackPointExtension>
        </extensions>
      </trkpt>
      <trkpt lat="45.7037735916674137115478515625" lon="126.62051777355372905731201171875">
        <ele>161.399993896484375</ele>
        <time>2026-08-20T11:43:31.000Z</time>
        <extensions>
          <ns3:TrackPointExtension>
            <ns3:hr>186</ns3:hr>
            <ns3:cad>86</ns3:cad>
          </ns3:TrackPointExtension>
        </extensions>
      </trkpt>
      <trkpt lat="45.703771412372589111328125" lon="126.6204831562936305999755859375">
        <ele>161.399993896484375</ele>
        <time>2026-08-20T11:43:32.000Z</time>
        <extensions>
          <ns3:TrackPointExtension>
            <ns3:hr>185</ns3:hr>
            <ns3:cad>86</ns3:cad>
          </ns3:TrackPointExtension>
        </extensions>
      </trkpt>
      <trkpt lat="45.70377384312450885772705078125" lon="126.62044367752969264984130859375">
        <ele>161.600006103515625</ele>
        <time>2026-08-20T11:43:33.000Z</time>
        <extensions>
          <ns3:TrackPointExtension>
            <ns3:hr>186</ns3:hr>
            <ns3:cad>86</ns3:cad>
          </ns3:TrackPointExtension>
        </extensions>
      </trkpt>
      <trkpt lat="45.7037700712680816650390625" lon="126.62041199393570423126220703125">
        <ele>161.399993896484375</ele>
        <time>2026-08-20T11:43:34.000Z</time>
        <extensions>
          <ns3:TrackPointExtension>
            <ns3:hr>186</ns3:hr>
            <ns3:cad>86</ns3:cad>
          </ns3:TrackPointExtension>
        </extensions>
      </trkpt>
      <trkpt lat="45.7037675566971302032470703125" lon="126.62037159316241741180419921875">
        <ele>161.600006103515625</ele>
        <time>2026-08-20T11:43:35.000Z</time>
        <extensions>
          <ns3:TrackPointExtension>
            <ns3:hr>186</ns3:hr>
            <ns3:cad>86</ns3:cad>
          </ns3:TrackPointExtension>
        </extensions>
      </trkpt>
      <trkpt lat="45.70376244373619556427001953125" lon="126.620336472988128662109375">
        <ele>161.600006103515625</ele>
        <time>2026-08-20T11:43:36.000Z</time>
        <extensions>
          <ns3:TrackPointExtension>
            <ns3:hr>186</ns3:hr>
            <ns3:cad>86</ns3:cad>
          </ns3:TrackPointExtension>
        </extensions>
      </trkpt>
      <trkpt lat="45.70376076735556125640869140625" lon="126.6202974133193492889404296875">
        <ele>161.600006103515625</ele>
        <time>2026-08-20T11:43:37.000Z</time>
        <extensions>
          <ns3:TrackPointExtension>
            <ns3:hr>186</ns3:hr>
            <ns3:cad>87</ns3:cad>
          </ns3:TrackPointExtension>
        </extensions>
      </trkpt>
      <trkpt lat="45.703756995499134063720703125" lon="126.6202635504305362701416015625">
        <ele>161.600006103515625</ele>
        <time>2026-08-20T11:43:38.000Z</time>
        <extensions>
          <ns3:TrackPointExtension>
            <ns3:hr>187</ns3:hr>
            <ns3:cad>87</ns3:cad>
          </ns3:TrackPointExtension>
        </extensions>
      </trkpt>
      <trkpt lat="45.70375154726207256317138671875" lon="126.6202296875417232513427734375">
        <ele>161.600006103515625</ele>
        <time>2026-08-20T11:43:39.000Z</time>
        <extensions>
          <ns3:TrackPointExtension>
            <ns3:hr>186</ns3:hr>
            <ns3:cad>87</ns3:cad>
          </ns3:TrackPointExtension>
        </extensions>
      </trkpt>
      <trkpt lat="45.7037507928907871246337890625" lon="126.62019121460616588592529296875">
        <ele>161.399993896484375</ele>
        <time>2026-08-20T11:43:40.000Z</time>
        <extensions>
          <ns3:TrackPointExtension>
            <ns3:hr>186</ns3:hr>
            <ns3:cad>87</ns3:cad>
          </ns3:TrackPointExtension>
        </extensions>
      </trkpt>
      <trkpt lat="45.70374651812016963958740234375" lon="126.62015768699347972869873046875">
        <ele>161.399993896484375</ele>
        <time>2026-08-20T11:43:41.000Z</time>
        <extensions>
          <ns3:TrackPointExtension>
            <ns3:hr>186</ns3:hr>
            <ns3:cad>88</ns3:cad>
          </ns3:TrackPointExtension>
        </extensions>
      </trkpt>
      <trkpt lat="45.70374165661633014678955078125" lon="126.6201140172779560089111328125">
        <ele>161.399993896484375</ele>
        <time>2026-08-20T11:43:42.000Z</time>
        <extensions>
          <ns3:TrackPointExtension>
            <ns3:hr>186</ns3:hr>
            <ns3:cad>88</ns3:cad>
          </ns3:TrackPointExtension>
        </extensions>
      </trkpt>
      <trkpt lat="45.70373897440731525421142578125" lon="126.6200845129787921905517578125">
        <ele>161.399993896484375</ele>
        <time>2026-08-20T11:43:43.000Z</time>
        <extensions>
          <ns3:TrackPointExtension>
            <ns3:hr>187</ns3:hr>
            <ns3:cad>87</ns3:cad>
          </ns3:TrackPointExtension>
        </extensions>
      </trkpt>
      <trkpt lat="45.703733526170253753662109375" lon="126.62003749050199985504150390625">
        <ele>161.399993896484375</ele>
        <time>2026-08-20T11:43:44.000Z</time>
        <extensions>
          <ns3:TrackPointExtension>
            <ns3:hr>186</ns3:hr>
            <ns3:cad>86</ns3:cad>
          </ns3:TrackPointExtension>
        </extensions>
      </trkpt>
      <trkpt lat="45.7037289999425411224365234375" lon="126.620005555450916290283203125">
        <ele>161.1999969482421875</ele>
        <time>2026-08-20T11:43:45.000Z</time>
        <extensions>
          <ns3:TrackPointExtension>
            <ns3:hr>186</ns3:hr>
            <ns3:cad>86</ns3:cad>
          </ns3:TrackPointExtension>
        </extensions>
      </trkpt>
      <trkpt lat="45.70372304879128932952880859375" lon="126.619960628449916839599609375">
        <ele>161.1999969482421875</ele>
        <time>2026-08-20T11:43:46.000Z</time>
        <extensions>
          <ns3:TrackPointExtension>
            <ns3:hr>187</ns3:hr>
            <ns3:cad>86</ns3:cad>
          </ns3:TrackPointExtension>
        </extensions>
      </trkpt>
      <trkpt lat="45.70372036658227443695068359375" lon="126.61992416717112064361572265625">
        <ele>161.1999969482421875</ele>
        <time>2026-08-20T11:43:47.000Z</time>
        <extensions>
          <ns3:TrackPointExtension>
            <ns3:hr>187</ns3:hr>
            <ns3:cad>87</ns3:cad>
          </ns3:TrackPointExtension>
        </extensions>
      </trkpt>
      <trkpt lat="45.703713409602642059326171875" lon="126.619885861873626708984375">
        <ele>161.1999969482421875</ele>
        <time>2026-08-20T11:43:48.000Z</time>
        <extensions>
          <ns3:TrackPointExtension>
            <ns3:hr>187</ns3:hr>
            <ns3:cad>87</ns3:cad>
          </ns3:TrackPointExtension>
        </extensions>
      </trkpt>
      <trkpt lat="45.70371148176491260528564453125" lon="126.619845293462276458740234375">
        <ele>161.1999969482421875</ele>
        <time>2026-08-20T11:43:49.000Z</time>
        <extensions>
          <ns3:TrackPointExtension>
            <ns3:hr>187</ns3:hr>
            <ns3:cad>87</ns3:cad>
          </ns3:TrackPointExtension>
        </extensions>
      </trkpt>
      <trkpt lat="45.70370947010815143585205078125" lon="126.6198119334876537322998046875">
        <ele>161.1999969482421875</ele>
        <time>2026-08-20T11:43:50.000Z</time>
        <extensions>
          <ns3:TrackPointExtension>
            <ns3:hr>187</ns3:hr>
            <ns3:cad>86</ns3:cad>
          </ns3:TrackPointExtension>
        </extensions>
      </trkpt>
      <trkpt lat="45.703707039356231689453125" lon="126.61976809613406658172607421875">
        <ele>161.1999969482421875</ele>
        <time>2026-08-20T11:43:51.000Z</time>
        <extensions>
          <ns3:TrackPointExtension>
            <ns3:hr>187</ns3:hr>
            <ns3:cad>86</ns3:cad>
          </ns3:TrackPointExtension>
        </extensions>
      </trkpt>
      <trkpt lat="45.7037065364420413970947265625" lon="126.6197375021874904632568359375">
        <ele>161.1999969482421875</ele>
        <time>2026-08-20T11:43:52.000Z</time>
        <extensions>
          <ns3:TrackPointExtension>
            <ns3:hr>187</ns3:hr>
            <ns3:cad>86</ns3:cad>
          </ns3:TrackPointExtension>
        </extensions>
      </trkpt>
      <trkpt lat="45.70370444096624851226806640625" lon="126.6196935810148715972900390625">
        <ele>161.1999969482421875</ele>
        <time>2026-08-20T11:43:53.000Z</time>
        <extensions>
          <ns3:TrackPointExtension>
            <ns3:hr>188</ns3:hr>
            <ns3:cad>86</ns3:cad>
          </ns3:TrackPointExtension>
        </extensions>
      </trkpt>
      <trkpt lat="45.7037018425762653350830078125" lon="126.6196617297828197479248046875">
        <ele>161.1999969482421875</ele>
        <time>2026-08-20T11:43:54.000Z</time>
        <extensions>
          <ns3:TrackPointExtension>
            <ns3:hr>187</ns3:hr>
            <ns3:cad>86</ns3:cad>
          </ns3:TrackPointExtension>
        </extensions>
      </trkpt>
      <trkpt lat="45.7036981545388698577880859375" lon="126.6196201555430889129638671875">
        <ele>161.1999969482421875</ele>
        <time>2026-08-20T11:43:55.000Z</time>
        <extensions>
          <ns3:TrackPointExtension>
            <ns3:hr>187</ns3:hr>
            <ns3:cad>87</ns3:cad>
          </ns3:TrackPointExtension>
        </extensions>
      </trkpt>
      <trkpt lat="45.70369421504437923431396484375" lon="126.6195852868258953094482421875">
        <ele>161.1999969482421875</ele>
        <time>2026-08-20T11:43:56.000Z</time>
        <extensions>
          <ns3:TrackPointExtension>
            <ns3:hr>187</ns3:hr>
            <ns3:cad>87</ns3:cad>
          </ns3:TrackPointExtension>
        </extensions>
      </trkpt>
      <trkpt lat="45.70368893444538116455078125" lon="126.6195403598248958587646484375">
        <ele>161.1999969482421875</ele>
        <time>2026-08-20T11:43:57.000Z</time>
        <extensions>
          <ns3:TrackPointExtension>
            <ns3:hr>187</ns3:hr>
            <ns3:cad>87</ns3:cad>
          </ns3:TrackPointExtension>
        </extensions>
      </trkpt>
      <trkpt lat="45.7036894373595714569091796875" lon="126.61950322799384593963623046875">
        <ele>161.1999969482421875</ele>
        <time>2026-08-20T11:43:58.000Z</time>
        <extensions>
          <ns3:TrackPointExtension>
            <ns3:hr>187</ns3:hr>
            <ns3:cad>87</ns3:cad>
          </ns3:TrackPointExtension>
        </extensions>
      </trkpt>
      <trkpt lat="45.703686587512493133544921875" lon="126.61945846863090991973876953125">
        <ele>161.1999969482421875</ele>
        <time>2026-08-20T11:43:59.000Z</time>
        <extensions>
          <ns3:TrackPointExtension>
            <ns3:hr>187</ns3:hr>
            <ns3:cad>87</ns3:cad>
          </ns3:TrackPointExtension>
        </extensions>
      </trkpt>
      <trkpt lat="45.7036884315311908721923828125" lon="126.619412787258625030517578125">
        <ele>161.1999969482421875</ele>
        <time>2026-08-20T11:44:00.000Z</time>
        <extensions>
          <ns3:TrackPointExtension>
            <ns3:hr>187</ns3:hr>
            <ns3:cad>87</ns3:cad>
          </ns3:TrackPointExtension>
        </extensions>
      </trkpt>
      <trkpt lat="45.70368968881666660308837890625" lon="126.61937582306563854217529296875">
        <ele>161.1999969482421875</ele>
        <time>2026-08-20T11:44:01.000Z</time>
        <extensions>
          <ns3:TrackPointExtension>
            <ns3:hr>187</ns3:hr>
            <ns3:cad>87</ns3:cad>
          </ns3:TrackPointExtension>
        </extensions>
      </trkpt>
      <trkpt lat="45.703691951930522918701171875" lon="126.619332991540431976318359375">
        <ele>161.1999969482421875</ele>
        <time>2026-08-20T11:44:02.000Z</time>
        <extensions>
          <ns3:TrackPointExtension>
            <ns3:hr>187</ns3:hr>
            <ns3:cad>87</ns3:cad>
          </ns3:TrackPointExtension>
        </extensions>
      </trkpt>
      <trkpt lat="45.70368717424571514129638671875" lon="126.61929451860487461090087890625">
        <ele>161.1999969482421875</ele>
        <time>2026-08-20T11:44:03.000Z</time>
        <extensions>
          <ns3:TrackPointExtension>
            <ns3:hr>187</ns3:hr>
            <ns3:cad>87</ns3:cad>
          </ns3:TrackPointExtension>
        </extensions>
      </trkpt>
      <trkpt lat="45.7036830671131610870361328125" lon="126.619247160851955413818359375">
        <ele>161.1999969482421875</ele>
        <time>2026-08-20T11:44:04.000Z</time>
        <extensions>
          <ns3:TrackPointExtension>
            <ns3:hr>187</ns3:hr>
            <ns3:cad>87</ns3:cad>
          </ns3:TrackPointExtension>
        </extensions>
      </trkpt>
      <trkpt lat="45.70368197746574878692626953125" lon="126.61921438761055469512939453125">
        <ele>161.1999969482421875</ele>
        <time>2026-08-20T11:44:05.000Z</time>
        <extensions>
          <ns3:TrackPointExtension>
            <ns3:hr>187</ns3:hr>
            <ns3:cad>87</ns3:cad>
          </ns3:TrackPointExtension>
        </extensions>
      </trkpt>
      <trkpt lat="45.70367879234254360198974609375" lon="126.61916979588568210601806640625">
        <ele>161.1999969482421875</ele>
        <time>2026-08-20T11:44:06.000Z</time>
        <extensions>
          <ns3:TrackPointExtension>
            <ns3:hr>187</ns3:hr>
            <ns3:cad>87</ns3:cad>
          </ns3:TrackPointExtension>
        </extensions>
      </trkpt>
      <trkpt lat="45.70367460139095783233642578125" lon="126.6191333346068859100341796875">
        <ele>161.1999969482421875</ele>
        <time>2026-08-20T11:44:07.000Z</time>
        <extensions>
          <ns3:TrackPointExtension>
            <ns3:hr>187</ns3:hr>
            <ns3:cad>87</ns3:cad>
          </ns3:TrackPointExtension>
        </extensions>
      </trkpt>
      <trkpt lat="45.7036679796874523162841796875" lon="126.61909435875713825225830078125">
        <ele>161.1999969482421875</ele>
        <time>2026-08-20T11:44:08.000Z</time>
        <extensions>
          <ns3:TrackPointExtension>
            <ns3:hr>187</ns3:hr>
            <ns3:cad>87</ns3:cad>
          </ns3:TrackPointExtension>
        </extensions>
      </trkpt>
      <trkpt lat="45.70366420783102512359619140625" lon="126.61905697546899318695068359375">
        <ele>161.1999969482421875</ele>
        <time>2026-08-20T11:44:09.000Z</time>
        <extensions>
          <ns3:TrackPointExtension>
            <ns3:hr>187</ns3:hr>
            <ns3:cad>87</ns3:cad>
          </ns3:TrackPointExtension>
        </extensions>
      </trkpt>
      <trkpt lat="45.70365808904170989990234375" lon="126.6190270520746707916259765625">
        <ele>161.1999969482421875</ele>
        <time>2026-08-20T11:44:10.000Z</time>
        <extensions>
          <ns3:TrackPointExtension>
            <ns3:hr>187</ns3:hr>
            <ns3:cad>87</ns3:cad>
          </ns3:TrackPointExtension>
        </extensions>
      </trkpt>
      <trkpt lat="45.703656412661075592041015625" lon="126.61898757331073284149169921875">
        <ele>161</ele>
        <time>2026-08-20T11:44:11.000Z</time>
        <extensions>
          <ns3:TrackPointExtension>
            <ns3:hr>188</ns3:hr>
            <ns3:cad>87</ns3:cad>
          </ns3:TrackPointExtension>
        </extensions>
      </trkpt>
      <trkpt lat="45.70365012623369693756103515625" lon="126.61895924247801303863525390625">
        <ele>161.1999969482421875</ele>
        <time>2026-08-20T11:44:12.000Z</time>
        <extensions>
          <ns3:TrackPointExtension>
            <ns3:hr>188</ns3:hr>
            <ns3:cad>86</ns3:cad>
          </ns3:TrackPointExtension>
        </extensions>
      </trkpt>
      <trkpt lat="45.70364912040531635284423828125" lon="126.6189177520573139190673828125">
        <ele>161</ele>
        <time>2026-08-20T11:44:13.000Z</time>
        <extensions>
          <ns3:TrackPointExtension>
            <ns3:hr>188</ns3:hr>
            <ns3:cad>87</ns3:cad>
          </ns3:TrackPointExtension>
        </extensions>
      </trkpt>
      <trkpt lat="45.70364308543503284454345703125" lon="126.6188899241387844085693359375">
        <ele>161</ele>
        <time>2026-08-20T11:44:14.000Z</time>
        <extensions>
          <ns3:TrackPointExtension>
            <ns3:hr>188</ns3:hr>
            <ns3:cad>87</ns3:cad>
          </ns3:TrackPointExtension>
        </extensions>
      </trkpt>
      <trkpt lat="45.70363839156925678253173828125" lon="126.61884575150907039642333984375">
        <ele>161</ele>
        <time>2026-08-20T11:44:15.000Z</time>
        <extensions>
          <ns3:TrackPointExtension>
            <ns3:hr>188</ns3:hr>
            <ns3:cad>88</ns3:cad>
          </ns3:TrackPointExtension>
        </extensions>
      </trkpt>
      <trkpt lat="45.70363453589379787445068359375" lon="126.6188094578683376312255859375">
        <ele>161</ele>
        <time>2026-08-20T11:44:16.000Z</time>
        <extensions>
          <ns3:TrackPointExtension>
            <ns3:hr>187</ns3:hr>
            <ns3:cad>88</ns3:cad>
          </ns3:TrackPointExtension>
        </extensions>
      </trkpt>
      <trkpt lat="45.7036279141902923583984375" lon="126.61876738071441650390625">
        <ele>161</ele>
        <time>2026-08-20T11:44:17.000Z</time>
        <extensions>
          <ns3:TrackPointExtension>
            <ns3:hr>188</ns3:hr>
            <ns3:cad>88</ns3:cad>
          </ns3:TrackPointExtension>
        </extensions>
      </trkpt>
      <trkpt lat="45.70362565107643604278564453125" lon="126.61873226054012775421142578125">
        <ele>161</ele>
        <time>2026-08-20T11:44:18.000Z</time>
        <extensions>
          <ns3:TrackPointExtension>
            <ns3:hr>188</ns3:hr>
            <ns3:cad>88</ns3:cad>
          </ns3:TrackPointExtension>
        </extensions>
      </trkpt>
      <trkpt lat="45.7036180235445499420166015625" lon="126.61869906820356845855712890625">
        <ele>161.1999969482421875</ele>
        <time>2026-08-20T11:44:19.000Z</time>
        <extensions>
          <ns3:TrackPointExtension>
            <ns3:hr>188</ns3:hr>
            <ns3:cad>87</ns3:cad>
          </ns3:TrackPointExtension>
        </extensions>
      </trkpt>
      <trkpt lat="45.70361659862101078033447265625" lon="126.61866151727735996246337890625">
        <ele>161.1999969482421875</ele>
        <time>2026-08-20T11:44:20.000Z</time>
        <extensions>
          <ns3:TrackPointExtension>
            <ns3:hr>187</ns3:hr>
            <ns3:cad>86</ns3:cad>
          </ns3:TrackPointExtension>
        </extensions>
      </trkpt>
      <trkpt lat="45.70361039601266384124755859375" lon="126.61863402463495731353759765625">
        <ele>161.1999969482421875</ele>
        <time>2026-08-20T11:44:21.000Z</time>
        <extensions>
          <ns3:TrackPointExtension>
            <ns3:hr>188</ns3:hr>
            <ns3:cad>86</ns3:cad>
          </ns3:TrackPointExtension>
        </extensions>
      </trkpt>
      <trkpt lat="45.70361006073653697967529296875" lon="126.61859295330941677093505859375">
        <ele>161.1999969482421875</ele>
        <time>2026-08-20T11:44:22.000Z</time>
        <extensions>
          <ns3:TrackPointExtension>
            <ns3:hr>188</ns3:hr>
            <ns3:cad>86</ns3:cad>
          </ns3:TrackPointExtension>
        </extensions>
      </trkpt>
      <trkpt lat="45.70361073128879070281982421875" lon="126.61855942569673061370849609375">
        <ele>161.1999969482421875</ele>
        <time>2026-08-20T11:44:23.000Z</time>
        <extensions>
          <ns3:TrackPointExtension>
            <ns3:hr>188</ns3:hr>
            <ns3:cad>86</ns3:cad>
          </ns3:TrackPointExtension>
        </extensions>
      </trkpt>
      <trkpt lat="45.70360603742301464080810546875" lon="126.61852288059890270233154296875">
        <ele>161.1999969482421875</ele>
        <time>2026-08-20T11:44:24.000Z</time>
        <extensions>
          <ns3:TrackPointExtension>
            <ns3:hr>187</ns3:hr>
            <ns3:cad>86</ns3:cad>
          </ns3:TrackPointExtension>
        </extensions>
      </trkpt>
      <trkpt lat="45.70360318757593631744384765625" lon="126.6184924542903900146484375">
        <ele>161.1999969482421875</ele>
        <time>2026-08-20T11:44:25.000Z</time>
        <extensions>
          <ns3:TrackPointExtension>
            <ns3:hr>188</ns3:hr>
            <ns3:cad>86</ns3:cad>
          </ns3:TrackPointExtension>
        </extensions>
      </trkpt>
      <trkpt lat="45.70359765551984310150146484375" lon="126.61846068687736988067626953125">
        <ele>161</ele>
        <time>2026-08-20T11:44:26.000Z</time>
        <extensions>
          <ns3:TrackPointExtension>
            <ns3:hr>188</ns3:hr>
            <ns3:cad>86</ns3:cad>
          </ns3:TrackPointExtension>
        </extensions>
      </trkpt>
      <trkpt lat="45.70359949953854084014892578125" lon="126.61842548288404941558837890625">
        <ele>161</ele>
        <time>2026-08-20T11:44:27.000Z</time>
        <extensions>
          <ns3:TrackPointExtension>
            <ns3:hr>187</ns3:hr>
            <ns3:cad>85</ns3:cad>
          </ns3:TrackPointExtension>
        </extensions>
      </trkpt>
      <trkpt lat="45.703594386577606201171875" lon="126.61840016953647136688232421875">
        <ele>160.8000030517578125</ele>
        <time>2026-08-20T11:44:28.000Z</time>
        <extensions>
          <ns3:TrackPointExtension>
            <ns3:hr>188</ns3:hr>
            <ns3:cad>85</ns3:cad>
          </ns3:TrackPointExtension>
        </extensions>
      </trkpt>
      <trkpt lat="45.70359396748244762420654296875" lon="126.61836613900959491729736328125">
        <ele>160.8000030517578125</ele>
        <time>2026-08-20T11:44:29.000Z</time>
        <extensions>
          <ns3:TrackPointExtension>
            <ns3:hr>188</ns3:hr>
            <ns3:cad>85</ns3:cad>
          </ns3:TrackPointExtension>
        </extensions>
      </trkpt>
      <trkpt lat="45.7036042772233486175537109375" lon="126.61833814345300197601318359375">
        <ele>160.600006103515625</ele>
        <time>2026-08-20T11:44:30.000Z</time>
        <extensions>
          <ns3:TrackPointExtension>
            <ns3:hr>188</ns3:hr>
            <ns3:cad>85</ns3:cad>
          </ns3:TrackPointExtension>
        </extensions>
      </trkpt>
      <trkpt lat="45.7036106474697589874267578125" lon="126.61831752397119998931884765625">
        <ele>160.600006103515625</ele>
        <time>2026-08-20T11:44:31.000Z</time>
        <extensions>
          <ns3:TrackPointExtension>
            <ns3:hr>189</ns3:hr>
            <ns3:cad>85</ns3:cad>
          </ns3:TrackPointExtension>
        </extensions>
      </trkpt>
      <trkpt lat="45.70362992584705352783203125" lon="126.61829053424298763275146484375">
        <ele>160.600006103515625</ele>
        <time>2026-08-20T11:44:32.000Z</time>
        <extensions>
          <ns3:TrackPointExtension>
            <ns3:hr>189</ns3:hr>
            <ns3:cad>84</ns3:cad>
          </ns3:TrackPointExtension>
        </extensions>
      </trkpt>
      <trkpt lat="45.70363956503570079803466796875" lon="126.61826857365667819976806640625">
        <ele>160.600006103515625</ele>
        <time>2026-08-20T11:44:33.000Z</time>
        <extensions>
          <ns3:TrackPointExtension>
            <ns3:hr>188</ns3:hr>
            <ns3:cad>84</ns3:cad>
          </ns3:TrackPointExtension>
        </extensions>
      </trkpt>
      <trkpt lat="45.7036565802991390228271484375" lon="126.6182478703558444976806640625">
        <ele>160.600006103515625</ele>
        <time>2026-08-20T11:44:34.000Z</time>
        <extensions>
          <ns3:TrackPointExtension>
            <ns3:hr>188</ns3:hr>
            <ns3:cad>83</ns3:cad>
          </ns3:TrackPointExtension>
        </extensions>
      </trkpt>
      <trkpt lat="45.70367661304771900177001953125" lon="126.61823789589107036590576171875">
        <ele>160.600006103515625</ele>
        <time>2026-08-20T11:44:35.000Z</time>
        <extensions>
          <ns3:TrackPointExtension>
            <ns3:hr>188</ns3:hr>
            <ns3:cad>84</ns3:cad>
          </ns3:TrackPointExtension>
        </extensions>
      </trkpt>
      <trkpt lat="45.703691951930522918701171875" lon="126.61822582595050334930419921875">
        <ele>160.399993896484375</ele>
        <time>2026-08-20T11:44:36.000Z</time>
        <extensions>
          <ns3:TrackPointExtension>
            <ns3:hr>188</ns3:hr>
            <ns3:cad>84</ns3:cad>
          </ns3:TrackPointExtension>
        </extensions>
      </trkpt>
      <trkpt lat="45.70371751673519611358642578125" lon="126.61822314374148845672607421875">
        <ele>160.399993896484375</ele>
        <time>2026-08-20T11:44:37.000Z</time>
        <extensions>
          <ns3:TrackPointExtension>
            <ns3:hr>187</ns3:hr>
            <ns3:cad>84</ns3:cad>
          </ns3:TrackPointExtension>
        </extensions>
      </trkpt>
      <trkpt lat="45.703736208379268646240234375" lon="126.6182257421314716339111328125">
        <ele>160.399993896484375</ele>
        <time>2026-08-20T11:44:38.000Z</time>
        <extensions>
          <ns3:TrackPointExtension>
            <ns3:hr>187</ns3:hr>
            <ns3:cad>84</ns3:cad>
          </ns3:TrackPointExtension>
        </extensions>
      </trkpt>
      <trkpt lat="45.7037538103759288787841796875" lon="126.6182277537882328033447265625">
        <ele>160.1999969482421875</ele>
        <time>2026-08-20T11:44:39.000Z</time>
        <extensions>
          <ns3:TrackPointExtension>
            <ns3:hr>187</ns3:hr>
            <ns3:cad>84</ns3:cad>
          </ns3:TrackPointExtension>
        </extensions>
      </trkpt>
      <trkpt lat="45.70376110263168811798095703125" lon="126.6182321123778820037841796875">
        <ele>160.1999969482421875</ele>
        <time>2026-08-20T11:44:40.000Z</time>
        <extensions>
          <ns3:TrackPointExtension>
            <ns3:hr>187</ns3:hr>
            <ns3:cad>84</ns3:cad>
          </ns3:TrackPointExtension>
        </extensions>
      </trkpt>
      <trkpt lat="45.7037564925849437713623046875" lon="126.61823336966335773468017578125">
        <ele>160.1999969482421875</ele>
        <time>2026-08-20T11:44:41.000Z</time>
        <extensions>
          <ns3:TrackPointExtension>
            <ns3:hr>187</ns3:hr>
            <ns3:cad>84</ns3:cad>
          </ns3:TrackPointExtension>
        </extensions>
      </trkpt>
      <trkpt lat="45.70373729802668094635009765625" lon="126.618231274187564849853515625">
        <ele>160.1999969482421875</ele>
        <time>2026-08-20T11:44:42.000Z</time>
        <extensions>
          <ns3:TrackPointExtension>
            <ns3:hr>187</ns3:hr>
            <ns3:cad>84</ns3:cad>
          </ns3:TrackPointExtension>
        </extensions>
      </trkpt>
      <trkpt lat="45.703723132610321044921875" lon="126.6182163543999195098876953125">
        <ele>160.1999969482421875</ele>
        <time>2026-08-20T11:44:43.000Z</time>
        <extensions>
          <ns3:TrackPointExtension>
            <ns3:hr>186</ns3:hr>
            <ns3:cad>83</ns3:cad>
          </ns3:TrackPointExtension>
        </extensions>
      </trkpt>
      <trkpt lat="45.7037105597555637359619140625" lon="126.61820076406002044677734375">
        <ele>160.1999969482421875</ele>
        <time>2026-08-20T11:44:44.000Z</time>
        <extensions>
          <ns3:TrackPointExtension>
            <ns3:hr>186</ns3:hr>
            <ns3:cad>83</ns3:cad>
          </ns3:TrackPointExtension>
        </extensions>
      </trkpt>
      <trkpt lat="45.703704021871089935302734375" lon="126.61816723644733428955078125">
        <ele>160.1999969482421875</ele>
        <time>2026-08-20T11:44:45.000Z</time>
        <extensions>
          <ns3:TrackPointExtension>
            <ns3:hr>186</ns3:hr>
            <ns3:cad>82</ns3:cad>
          </ns3:TrackPointExtension>
        </extensions>
      </trkpt>
      <trkpt lat="45.7036958076059818267822265625" lon="126.61814871244132518768310546875">
        <ele>160.399993896484375</ele>
        <time>2026-08-20T11:44:46.000Z</time>
        <extensions>
          <ns3:TrackPointExtension>
            <ns3:hr>186</ns3:hr>
            <ns3:cad>82</ns3:cad>
          </ns3:TrackPointExtension>
        </extensions>
      </trkpt>
      <trkpt lat="45.70368717424571514129638671875" lon="126.6181254945695400238037109375">
        <ele>160.399993896484375</ele>
        <time>2026-08-20T11:44:47.000Z</time>
        <extensions>
          <ns3:TrackPointExtension>
            <ns3:hr>185</ns3:hr>
            <ns3:cad>82</ns3:cad>
          </ns3:TrackPointExtension>
        </extensions>
      </trkpt>
      <trkpt lat="45.7036897726356983184814453125" lon="126.61810345016419887542724609375">
        <ele>160.399993896484375</ele>
        <time>2026-08-20T11:44:48.000Z</time>
        <extensions>
          <ns3:TrackPointExtension>
            <ns3:hr>185</ns3:hr>
            <ns3:cad>82</ns3:cad>
          </ns3:TrackPointExtension>
        </extensions>
      </trkpt>
      <trkpt lat="45.70368533022701740264892578125" lon="126.61808132193982601165771484375">
        <ele>160.600006103515625</ele>
        <time>2026-08-20T11:44:49.000Z</time>
        <extensions>
          <ns3:TrackPointExtension>
            <ns3:hr>185</ns3:hr>
            <ns3:cad>82</ns3:cad>
          </ns3:TrackPointExtension>
        </extensions>
      </trkpt>
      <trkpt lat="45.70367158390581607818603515625" lon="126.618048213422298431396484375">
        <ele>160.399993896484375</ele>
        <time>2026-08-20T11:44:50.000Z</time>
        <extensions>
          <ns3:TrackPointExtension>
            <ns3:hr>184</ns3:hr>
            <ns3:cad>83</ns3:cad>
          </ns3:TrackPointExtension>
        </extensions>
      </trkpt>
      <trkpt lat="45.70365783758461475372314453125" lon="126.61802415736019611358642578125">
        <ele>160.399993896484375</ele>
        <time>2026-08-20T11:44:51.000Z</time>
        <extensions>
          <ns3:TrackPointExtension>
            <ns3:hr>184</ns3:hr>
            <ns3:cad>82</ns3:cad>
          </ns3:TrackPointExtension>
        </extensions>
      </trkpt>
      <trkpt lat="45.70363663136959075927734375" lon="126.6180091537535190582275390625">
        <ele>160.399993896484375</ele>
        <time>2026-08-20T11:44:52.000Z</time>
        <extensions>
          <ns3:TrackPointExtension>
            <ns3:hr>184</ns3:hr>
            <ns3:cad>82</ns3:cad>
          </ns3:TrackPointExtension>
        </extensions>
      </trkpt>
      <trkpt lat="45.703615508973598480224609375" lon="126.61798694171011447906494140625">
        <ele>160.399993896484375</ele>
        <time>2026-08-20T11:44:53.000Z</time>
        <extensions>
          <ns3:TrackPointExtension>
            <ns3:hr>184</ns3:hr>
            <ns3:cad>82</ns3:cad>
          </ns3:TrackPointExtension>
        </extensions>
      </trkpt>
      <trkpt lat="45.70359983481466770172119140625" lon="126.6179746203124523162841796875">
        <ele>160.399993896484375</ele>
        <time>2026-08-20T11:44:54.000Z</time>
        <extensions>
          <ns3:TrackPointExtension>
            <ns3:hr>183</ns3:hr>
            <ns3:cad>82</ns3:cad>
          </ns3:TrackPointExtension>
        </extensions>
      </trkpt>
      <trkpt lat="45.7035811431705951690673828125" lon="126.61794184707105159759521484375">
        <ele>160.399993896484375</ele>
        <time>2026-08-20T11:44:55.000Z</time>
        <extensions>
          <ns3:TrackPointExtension>
            <ns3:hr>184</ns3:hr>
            <ns3:cad>83</ns3:cad>
          </ns3:TrackPointExtension>
        </extensions>
      </trkpt>
      <trkpt lat="45.70356345735490322113037109375" lon="126.61792005412280559539794921875">
        <ele>160.600006103515625</ele>
        <time>2026-08-20T11:44:56.000Z</time>
        <extensions>
          <ns3:TrackPointExtension>
            <ns3:hr>184</ns3:hr>
            <ns3:cad>84</ns3:cad>
          </ns3:TrackPointExtension>
        </extensions>
      </trkpt>
      <trkpt lat="45.7035367190837860107421875" lon="126.61788669414818286895751953125">
        <ele>160.600006103515625</ele>
        <time>2026-08-20T11:44:57.000Z</time>
        <extensions>
          <ns3:TrackPointExtension>
            <ns3:hr>184</ns3:hr>
            <ns3:cad>84</ns3:cad>
          </ns3:TrackPointExtension>
        </extensions>
      </trkpt>
      <trkpt lat="45.7035214640200138092041015625" lon="126.6178559325635433197021484375">
        <ele>160.600006103515625</ele>
        <time>2026-08-20T11:44:58.000Z</time>
        <extensions>
          <ns3:TrackPointExtension>
            <ns3:hr>184</ns3:hr>
            <ns3:cad>85</ns3:cad>
          </ns3:TrackPointExtension>
        </extensions>
      </trkpt>
      <trkpt lat="45.70350931026041507720947265625" lon="126.61782232113182544708251953125">
        <ele>160.8000030517578125</ele>
        <time>2026-08-20T11:44:59.000Z</time>
        <extensions>
          <ns3:TrackPointExtension>
            <ns3:hr>184</ns3:hr>
            <ns3:cad>85</ns3:cad>
          </ns3:TrackPointExtension>
        </extensions>
      </trkpt>
      <trkpt lat="45.70350394584238529205322265625" lon="126.6177856922149658203125">
        <ele>160.8000030517578125</ele>
        <time>2026-08-20T11:45:00.000Z</time>
        <extensions>
          <ns3:TrackPointExtension>
            <ns3:hr>184</ns3:hr>
            <ns3:cad>85</ns3:cad>
          </ns3:TrackPointExtension>
        </extensions>
      </trkpt>
      <trkpt lat="45.7034966535866260528564453125" lon="126.61775878630578517913818359375">
        <ele>160.8000030517578125</ele>
        <time>2026-08-20T11:45:01.000Z</time>
        <extensions>
          <ns3:TrackPointExtension>
            <ns3:hr>184</ns3:hr>
            <ns3:cad>85</ns3:cad>
          </ns3:TrackPointExtension>
        </extensions>
      </trkpt>
      <trkpt lat="45.70349288173019886016845703125" lon="126.61771486513316631317138671875">
        <ele>160.600006103515625</ele>
        <time>2026-08-20T11:45:02.000Z</time>
        <extensions>
          <ns3:TrackPointExtension>
            <ns3:hr>184</ns3:hr>
            <ns3:cad>85</ns3:cad>
          </ns3:TrackPointExtension>
        </extensions>
      </trkpt>
      <trkpt lat="45.7034911215305328369140625" lon="126.61768854595720767974853515625">
        <ele>160.600006103515625</ele>
        <time>2026-08-20T11:45:03.000Z</time>
        <extensions>
          <ns3:TrackPointExtension>
            <ns3:hr>183</ns3:hr>
            <ns3:cad>85</ns3:cad>
          </ns3:TrackPointExtension>
        </extensions>
      </trkpt>
      <trkpt lat="45.70348517037928104400634765625" lon="126.61764328368008136749267578125">
        <ele>160.600006103515625</ele>
        <time>2026-08-20T11:45:04.000Z</time>
        <extensions>
          <ns3:TrackPointExtension>
            <ns3:hr>183</ns3:hr>
            <ns3:cad>85</ns3:cad>
          </ns3:TrackPointExtension>
        </extensions>
      </trkpt>
      <trkpt lat="45.70348232053220272064208984375" lon="126.617611013352870941162109375">
        <ele>160.600006103515625</ele>
        <time>2026-08-20T11:45:05.000Z</time>
        <extensions>
          <ns3:TrackPointExtension>
            <ns3:hr>183</ns3:hr>
            <ns3:cad>85</ns3:cad>
          </ns3:TrackPointExtension>
        </extensions>
      </trkpt>
      <trkpt lat="45.7034785486757755279541015625" lon="126.617578826844692230224609375">
        <ele>160.600006103515625</ele>
        <time>2026-08-20T11:45:06.000Z</time>
        <extensions>
          <ns3:TrackPointExtension>
            <ns3:hr>183</ns3:hr>
            <ns3:cad>86</ns3:cad>
          </ns3:TrackPointExtension>
        </extensions>
      </trkpt>
      <trkpt lat="45.70347628556191921234130859375" lon="126.6175377555191516876220703125">
        <ele>160.600006103515625</ele>
        <time>2026-08-20T11:45:07.000Z</time>
        <extensions>
          <ns3:TrackPointExtension>
            <ns3:hr>183</ns3:hr>
            <ns3:cad>86</ns3:cad>
          </ns3:TrackPointExtension>
        </extensions>
      </trkpt>
      <trkpt lat="45.703473351895809173583984375" lon="126.6175048984587192535400390625">
        <ele>160.600006103515625</ele>
        <time>2026-08-20T11:45:08.000Z</time>
        <extensions>
          <ns3:TrackPointExtension>
            <ns3:hr>183</ns3:hr>
            <ns3:cad>86</ns3:cad>
          </ns3:TrackPointExtension>
        </extensions>
      </trkpt>
      <trkpt lat="45.70346941240131855010986328125" lon="126.61746592260897159576416015625">
        <ele>160.600006103515625</ele>
        <time>2026-08-20T11:45:09.000Z</time>
        <extensions>
          <ns3:TrackPointExtension>
            <ns3:hr>183</ns3:hr>
            <ns3:cad>86</ns3:cad>
          </ns3:TrackPointExtension>
        </extensions>
      </trkpt>
      <trkpt lat="45.70346823893487453460693359375" lon="126.6174348257482051849365234375">
        <ele>160.600006103515625</ele>
        <time>2026-08-20T11:45:10.000Z</time>
        <extensions>
          <ns3:TrackPointExtension>
            <ns3:hr>183</ns3:hr>
            <ns3:cad>86</ns3:cad>
          </ns3:TrackPointExtension>
        </extensions>
      </trkpt>
      <trkpt lat="45.7034584321081638336181640625" lon="126.61739836446940898895263671875">
        <ele>160.600006103515625</ele>
        <time>2026-08-20T11:45:11.000Z</time>
        <extensions>
          <ns3:TrackPointExtension>
            <ns3:hr>184</ns3:hr>
            <ns3:cad>86</ns3:cad>
          </ns3:TrackPointExtension>
        </extensions>
      </trkpt>
      <trkpt lat="45.70345415733754634857177734375" lon="126.617368943989276885986328125">
        <ele>160.600006103515625</ele>
        <time>2026-08-20T11:45:12.000Z</time>
        <extensions>
          <ns3:TrackPointExtension>
            <ns3:hr>183</ns3:hr>
            <ns3:cad>86</ns3:cad>
          </ns3:TrackPointExtension>
        </extensions>
      </trkpt>
      <trkpt lat="45.70344694890081882476806640625" lon="126.6173345781862735748291015625">
        <ele>160.399993896484375</ele>
        <time>2026-08-20T11:45:13.000Z</time>
        <extensions>
          <ns3:TrackPointExtension>
            <ns3:hr>183</ns3:hr>
            <ns3:cad>87</ns3:cad>
          </ns3:TrackPointExtension>
        </extensions>
      </trkpt>
      <trkpt lat="45.70344326086342334747314453125" lon="126.6172970272600650787353515625">
        <ele>160.399993896484375</ele>
        <time>2026-08-20T11:45:14.000Z</time>
        <extensions>
          <ns3:TrackPointExtension>
            <ns3:hr>184</ns3:hr>
            <ns3:cad>87</ns3:cad>
          </ns3:TrackPointExtension>
        </extensions>
      </trkpt>
      <trkpt lat="45.70343689061701297760009765625" lon="126.617266349494457244873046875">
        <ele>160.399993896484375</ele>
        <time>2026-08-20T11:45:15.000Z</time>
        <extensions>
          <ns3:TrackPointExtension>
            <ns3:hr>184</ns3:hr>
            <ns3:cad>87</ns3:cad>
          </ns3:TrackPointExtension>
        </extensions>
      </trkpt>
      <trkpt lat="45.7034326158463954925537109375" lon="126.61722552962601184844970703125">
        <ele>160.399993896484375</ele>
        <time>2026-08-20T11:45:16.000Z</time>
        <extensions>
          <ns3:TrackPointExtension>
            <ns3:hr>184</ns3:hr>
            <ns3:cad>87</ns3:cad>
          </ns3:TrackPointExtension>
        </extensions>
      </trkpt>
      <trkpt lat="45.70342607796192169189453125" lon="126.61719753406941890716552734375">
        <ele>160.399993896484375</ele>
        <time>2026-08-20T11:45:17.000Z</time>
        <extensions>
          <ns3:TrackPointExtension>
            <ns3:hr>184</ns3:hr>
            <ns3:cad>87</ns3:cad>
          </ns3:TrackPointExtension>
        </extensions>
      </trkpt>
      <trkpt lat="45.70342364721000194549560546875" lon="126.61715126596391201019287109375">
        <ele>160.399993896484375</ele>
        <time>2026-08-20T11:45:18.000Z</time>
        <extensions>
          <ns3:TrackPointExtension>
            <ns3:hr>185</ns3:hr>
            <ns3:cad>87</ns3:cad>
          </ns3:TrackPointExtension>
        </extensions>
      </trkpt>
      <trkpt lat="45.70342180319130420684814453125" lon="126.61712226457893848419189453125">
        <ele>160.399993896484375</ele>
        <time>2026-08-20T11:45:19.000Z</time>
        <extensions>
          <ns3:TrackPointExtension>
            <ns3:hr>185</ns3:hr>
            <ns3:cad>87</ns3:cad>
          </ns3:TrackPointExtension>
        </extensions>
      </trkpt>
      <trkpt lat="45.70341710932552814483642578125" lon="126.617081277072429656982421875">
        <ele>160.399993896484375</ele>
        <time>2026-08-20T11:45:20.000Z</time>
        <extensions>
          <ns3:TrackPointExtension>
            <ns3:hr>185</ns3:hr>
            <ns3:cad>87</ns3:cad>
          </ns3:TrackPointExtension>
        </extensions>
      </trkpt>
      <trkpt lat="45.7034165225923061370849609375" lon="126.6170529462397098541259765625">
        <ele>160.399993896484375</ele>
        <time>2026-08-20T11:45:21.000Z</time>
        <extensions>
          <ns3:TrackPointExtension>
            <ns3:hr>185</ns3:hr>
            <ns3:cad>87</ns3:cad>
          </ns3:TrackPointExtension>
        </extensions>
      </trkpt>
      <trkpt lat="45.70341140963137149810791015625" lon="126.61701514385640621185302734375">
        <ele>160.399993896484375</ele>
        <time>2026-08-20T11:45:22.000Z</time>
        <extensions>
          <ns3:TrackPointExtension>
            <ns3:hr>185</ns3:hr>
            <ns3:cad>87</ns3:cad>
          </ns3:TrackPointExtension>
        </extensions>
      </trkpt>
      <trkpt lat="45.70340973325073719024658203125" lon="126.61697289906442165374755859375">
        <ele>160.399993896484375</ele>
        <time>2026-08-20T11:45:23.000Z</time>
        <extensions>
          <ns3:TrackPointExtension>
            <ns3:hr>185</ns3:hr>
            <ns3:cad>87</ns3:cad>
          </ns3:TrackPointExtension>
        </extensions>
      </trkpt>
      <trkpt lat="45.70340973325073719024658203125" lon="126.61693601869046688079833984375">
        <ele>160.399993896484375</ele>
        <time>2026-08-20T11:45:24.000Z</time>
        <extensions>
          <ns3:TrackPointExtension>
            <ns3:hr>184</ns3:hr>
            <ns3:cad>86</ns3:cad>
          </ns3:TrackPointExtension>
        </extensions>
      </trkpt>
      <trkpt lat="45.70340621285140514373779296875" lon="126.61689184606075286865234375">
        <ele>160.399993896484375</ele>
        <time>2026-08-20T11:45:25.000Z</time>
        <extensions>
          <ns3:TrackPointExtension>
            <ns3:hr>185</ns3:hr>
            <ns3:cad>86</ns3:cad>
          </ns3:TrackPointExtension>
        </extensions>
      </trkpt>
      <trkpt lat="45.70339850150048732757568359375" lon="126.61686292849481105804443359375">
        <ele>160.399993896484375</ele>
        <time>2026-08-20T11:45:26.000Z</time>
        <extensions>
          <ns3:TrackPointExtension>
            <ns3:hr>185</ns3:hr>
            <ns3:cad>86</ns3:cad>
          </ns3:TrackPointExtension>
        </extensions>
      </trkpt>
      <trkpt lat="45.703394226729869842529296875" lon="126.616819091141223907470703125">
        <ele>160.399993896484375</ele>
        <time>2026-08-20T11:45:27.000Z</time>
        <extensions>
          <ns3:TrackPointExtension>
            <ns3:hr>185</ns3:hr>
            <ns3:cad>86</ns3:cad>
          </ns3:TrackPointExtension>
        </extensions>
      </trkpt>
      <trkpt lat="45.70338794030249118804931640625" lon="126.61679302342236042022705078125">
        <ele>160.399993896484375</ele>
        <time>2026-08-20T11:45:28.000Z</time>
        <extensions>
          <ns3:TrackPointExtension>
            <ns3:hr>185</ns3:hr>
            <ns3:cad>86</ns3:cad>
          </ns3:TrackPointExtension>
        </extensions>
      </trkpt>
      <trkpt lat="45.7033823244273662567138671875" lon="126.61675362847745418548583984375">
        <ele>160.399993896484375</ele>
        <time>2026-08-20T11:45:29.000Z</time>
        <extensions>
          <ns3:TrackPointExtension>
            <ns3:hr>185</ns3:hr>
            <ns3:cad>86</ns3:cad>
          </ns3:TrackPointExtension>
        </extensions>
      </trkpt>
      <trkpt lat="45.70338073186576366424560546875" lon="126.61672462709248065948486328125">
        <ele>160.399993896484375</ele>
        <time>2026-08-20T11:45:30.000Z</time>
        <extensions>
          <ns3:TrackPointExtension>
            <ns3:hr>185</ns3:hr>
            <ns3:cad>86</ns3:cad>
          </ns3:TrackPointExtension>
        </extensions>
      </trkpt>
      <trkpt lat="45.70337184704840183258056640625" lon="126.61668674089014530181884765625">
        <ele>160.399993896484375</ele>
        <time>2026-08-20T11:45:31.000Z</time>
        <extensions>
          <ns3:TrackPointExtension>
            <ns3:hr>185</ns3:hr>
            <ns3:cad>86</ns3:cad>
          </ns3:TrackPointExtension>
        </extensions>
      </trkpt>
      <trkpt lat="45.70337067358195781707763671875" lon="126.6166486032307147979736328125">
        <ele>160.399993896484375</ele>
        <time>2026-08-20T11:45:32.000Z</time>
        <extensions>
          <ns3:TrackPointExtension>
            <ns3:hr>185</ns3:hr>
            <ns3:cad>86</ns3:cad>
          </ns3:TrackPointExtension>
        </extensions>
      </trkpt>
      <trkpt lat="45.70336229167878627777099609375" lon="126.6166190989315509796142578125">
        <ele>160.1999969482421875</ele>
        <time>2026-08-20T11:45:33.000Z</time>
        <extensions>
          <ns3:TrackPointExtension>
            <ns3:hr>185</ns3:hr>
            <ns3:cad>86</ns3:cad>
          </ns3:TrackPointExtension>
        </extensions>
      </trkpt>
      <trkpt lat="45.70336028002202510833740234375" lon="126.6165778599679470062255859375">
        <ele>160.1999969482421875</ele>
        <time>2026-08-20T11:45:34.000Z</time>
        <extensions>
          <ns3:TrackPointExtension>
            <ns3:hr>185</ns3:hr>
            <ns3:cad>87</ns3:cad>
          </ns3:TrackPointExtension>
        </extensions>
      </trkpt>
      <trkpt lat="45.70335525088012218475341796875" lon="126.6165496967732906341552734375">
        <ele>160.1999969482421875</ele>
        <time>2026-08-20T11:45:35.000Z</time>
        <extensions>
          <ns3:TrackPointExtension>
            <ns3:hr>185</ns3:hr>
            <ns3:cad>87</ns3:cad>
          </ns3:TrackPointExtension>
        </extensions>
      </trkpt>
      <trkpt lat="45.7033518142998218536376953125" lon="126.616504602134227752685546875">
        <ele>160.1999969482421875</ele>
        <time>2026-08-20T11:45:36.000Z</time>
        <extensions>
          <ns3:TrackPointExtension>
            <ns3:hr>185</ns3:hr>
            <ns3:cad>87</ns3:cad>
          </ns3:TrackPointExtension>
        </extensions>
      </trkpt>
      <trkpt lat="45.7033471204340457916259765625" lon="126.6164772771298885345458984375">
        <ele>160.1999969482421875</ele>
        <time>2026-08-20T11:45:37.000Z</time>
        <extensions>
          <ns3:TrackPointExtension>
            <ns3:hr>186</ns3:hr>
            <ns3:cad>87</ns3:cad>
          </ns3:TrackPointExtension>
        </extensions>
      </trkpt>
      <trkpt lat="45.70333815179765224456787109375" lon="126.61643511615693569183349609375">
        <ele>160.1999969482421875</ele>
        <time>2026-08-20T11:45:38.000Z</time>
        <extensions>
          <ns3:TrackPointExtension>
            <ns3:hr>186</ns3:hr>
            <ns3:cad>87</ns3:cad>
          </ns3:TrackPointExtension>
        </extensions>
      </trkpt>
      <trkpt lat="45.70333664305508136749267578125" lon="126.6164008341729640960693359375">
        <ele>160.1999969482421875</ele>
        <time>2026-08-20T11:45:39.000Z</time>
        <extensions>
          <ns3:TrackPointExtension>
            <ns3:hr>186</ns3:hr>
            <ns3:cad>87</ns3:cad>
          </ns3:TrackPointExtension>
        </extensions>
      </trkpt>
      <trkpt lat="45.70333085954189300537109375" lon="126.6163676418364048004150390625">
        <ele>160.1999969482421875</ele>
        <time>2026-08-20T11:45:40.000Z</time>
        <extensions>
          <ns3:TrackPointExtension>
            <ns3:hr>186</ns3:hr>
            <ns3:cad>87</ns3:cad>
          </ns3:TrackPointExtension>
        </extensions>
      </trkpt>
      <trkpt lat="45.70332826115190982818603515625" lon="126.6163252294063568115234375">
        <ele>160.1999969482421875</ele>
        <time>2026-08-20T11:45:41.000Z</time>
        <extensions>
          <ns3:TrackPointExtension>
            <ns3:hr>186</ns3:hr>
            <ns3:cad>87</ns3:cad>
          </ns3:TrackPointExtension>
        </extensions>
      </trkpt>
      <trkpt lat="45.7033221423625946044921875" lon="126.61629446782171726226806640625">
        <ele>160.1999969482421875</ele>
        <time>2026-08-20T11:45:42.000Z</time>
        <extensions>
          <ns3:TrackPointExtension>
            <ns3:hr>186</ns3:hr>
            <ns3:cad>87</ns3:cad>
          </ns3:TrackPointExtension>
        </extensions>
      </trkpt>
      <trkpt lat="45.7033169455826282501220703125" lon="126.61625155247747898101806640625">
        <ele>160.1999969482421875</ele>
        <time>2026-08-20T11:45:43.000Z</time>
        <extensions>
          <ns3:TrackPointExtension>
            <ns3:hr>186</ns3:hr>
            <ns3:cad>86</ns3:cad>
          </ns3:TrackPointExtension>
        </extensions>
      </trkpt>
      <trkpt lat="45.703309737145900726318359375" lon="126.61622489802539348602294921875">
        <ele>160.1999969482421875</ele>
        <time>2026-08-20T11:45:44.000Z</time>
        <extensions>
          <ns3:TrackPointExtension>
            <ns3:hr>186</ns3:hr>
            <ns3:cad>86</ns3:cad>
          </ns3:TrackPointExtension>
        </extensions>
      </trkpt>
      <trkpt lat="45.70331216789782047271728515625" lon="126.6161802224814891815185546875">
        <ele>160.1999969482421875</ele>
        <time>2026-08-20T11:45:45.000Z</time>
        <extensions>
          <ns3:TrackPointExtension>
            <ns3:hr>186</ns3:hr>
            <ns3:cad>86</ns3:cad>
          </ns3:TrackPointExtension>
        </extensions>
      </trkpt>
      <trkpt lat="45.70330671966075897216796875" lon="126.616146527230739593505859375">
        <ele>160.1999969482421875</ele>
        <time>2026-08-20T11:45:46.000Z</time>
        <extensions>
          <ns3:TrackPointExtension>
            <ns3:hr>186</ns3:hr>
            <ns3:cad>86</ns3:cad>
          </ns3:TrackPointExtension>
        </extensions>
      </trkpt>
      <trkpt lat="45.7033042050898075103759765625" lon="126.6161041148006916046142578125">
        <ele>160</ele>
        <time>2026-08-20T11:45:47.000Z</time>
        <extensions>
          <ns3:TrackPointExtension>
            <ns3:hr>186</ns3:hr>
            <ns3:cad>86</ns3:cad>
          </ns3:TrackPointExtension>
        </extensions>
      </trkpt>
      <trkpt lat="45.70330001413822174072265625" lon="126.61606798879802227020263671875">
        <ele>160.1999969482421875</ele>
        <time>2026-08-20T11:45:48.000Z</time>
        <extensions>
          <ns3:TrackPointExtension>
            <ns3:hr>187</ns3:hr>
            <ns3:cad>86</ns3:cad>
          </ns3:TrackPointExtension>
        </extensions>
      </trkpt>
      <trkpt lat="45.70329389534890651702880859375" lon="126.6160340420901775360107421875">
        <ele>160</ele>
        <time>2026-08-20T11:45:49.000Z</time>
        <extensions>
          <ns3:TrackPointExtension>
            <ns3:hr>187</ns3:hr>
            <ns3:cad>86</ns3:cad>
          </ns3:TrackPointExtension>
        </extensions>
      </trkpt>
      <trkpt lat="45.70329020731151103973388671875" lon="126.61599758081138134002685546875">
        <ele>160</ele>
        <time>2026-08-20T11:45:50.000Z</time>
        <extensions>
          <ns3:TrackPointExtension>
            <ns3:hr>186</ns3:hr>
            <ns3:cad>86</ns3:cad>
          </ns3:TrackPointExtension>
        </extensions>
      </trkpt>
      <trkpt lat="45.70328350178897380828857421875" lon="126.61596723832190036773681640625">
        <ele>160</ele>
        <time>2026-08-20T11:45:51.000Z</time>
        <extensions>
          <ns3:TrackPointExtension>
            <ns3:hr>186</ns3:hr>
            <ns3:cad>86</ns3:cad>
          </ns3:TrackPointExtension>
        </extensions>
      </trkpt>
      <trkpt lat="45.7032797299325466156005859375" lon="126.61592633463442325592041015625">
        <ele>160</ele>
        <time>2026-08-20T11:45:52.000Z</time>
        <extensions>
          <ns3:TrackPointExtension>
            <ns3:hr>185</ns3:hr>
            <ns3:cad>86</ns3:cad>
          </ns3:TrackPointExtension>
        </extensions>
      </trkpt>
      <trkpt lat="45.70327528752386569976806640625" lon="126.61590085364878177642822265625">
        <ele>160</ele>
        <time>2026-08-20T11:45:53.000Z</time>
        <extensions>
          <ns3:TrackPointExtension>
            <ns3:hr>185</ns3:hr>
            <ns3:cad>86</ns3:cad>
          </ns3:TrackPointExtension>
        </extensions>
      </trkpt>
      <trkpt lat="45.70327193476259708404541015625" lon="126.61585693247616291046142578125">
        <ele>160</ele>
        <time>2026-08-20T11:45:54.000Z</time>
        <extensions>
          <ns3:TrackPointExtension>
            <ns3:hr>186</ns3:hr>
            <ns3:cad>87</ns3:cad>
          </ns3:TrackPointExtension>
        </extensions>
      </trkpt>
      <trkpt lat="45.703269504010677337646484375" lon="126.61582608707249164581298828125">
        <ele>160</ele>
        <time>2026-08-20T11:45:55.000Z</time>
        <extensions>
          <ns3:TrackPointExtension>
            <ns3:hr>186</ns3:hr>
            <ns3:cad>87</ns3:cad>
          </ns3:TrackPointExtension>
        </extensions>
      </trkpt>
      <trkpt lat="45.70326673798263072967529296875" lon="126.61578266881406307220458984375">
        <ele>160.1999969482421875</ele>
        <time>2026-08-20T11:45:56.000Z</time>
        <extensions>
          <ns3:TrackPointExtension>
            <ns3:hr>186</ns3:hr>
            <ns3:cad>87</ns3:cad>
          </ns3:TrackPointExtension>
        </extensions>
      </trkpt>
      <trkpt lat="45.7032684981822967529296875" lon="126.61574411205947399139404296875">
        <ele>160</ele>
        <time>2026-08-20T11:45:57.000Z</time>
        <extensions>
          <ns3:TrackPointExtension>
            <ns3:hr>185</ns3:hr>
            <ns3:cad>87</ns3:cad>
          </ns3:TrackPointExtension>
        </extensions>
      </trkpt>
      <trkpt lat="45.703261792659759521484375" lon="126.61570966243743896484375">
        <ele>160</ele>
        <time>2026-08-20T11:45:58.000Z</time>
        <extensions>
          <ns3:TrackPointExtension>
            <ns3:hr>186</ns3:hr>
            <ns3:cad>87</ns3:cad>
          </ns3:TrackPointExtension>
        </extensions>
      </trkpt>
      <trkpt lat="45.703252740204334259033203125" lon="126.61567068658769130706787109375">
        <ele>160.1999969482421875</ele>
        <time>2026-08-20T11:45:59.000Z</time>
        <extensions>
          <ns3:TrackPointExtension>
            <ns3:hr>186</ns3:hr>
            <ns3:cad>87</ns3:cad>
          </ns3:TrackPointExtension>
        </extensions>
      </trkpt>
      <trkpt lat="45.70324226282536983489990234375" lon="126.6156434454023838043212890625">
        <ele>160</ele>
        <time>2026-08-20T11:46:00.000Z</time>
        <extensions>
          <ns3:TrackPointExtension>
            <ns3:hr>186</ns3:hr>
            <ns3:cad>86</ns3:cad>
          </ns3:TrackPointExtension>
        </extensions>
      </trkpt>
      <trkpt lat="45.7032358087599277496337890625" lon="126.61559843458235263824462890625">
        <ele>160</ele>
        <time>2026-08-20T11:46:01.000Z</time>
        <extensions>
          <ns3:TrackPointExtension>
            <ns3:hr>186</ns3:hr>
            <ns3:cad>86</ns3:cad>
          </ns3:TrackPointExtension>
        </extensions>
      </trkpt>
      <trkpt lat="45.70322767831385135650634765625" lon="126.6155693493783473968505859375">
        <ele>160</ele>
        <time>2026-08-20T11:46:02.000Z</time>
        <extensions>
          <ns3:TrackPointExtension>
            <ns3:hr>186</ns3:hr>
            <ns3:cad>86</ns3:cad>
          </ns3:TrackPointExtension>
        </extensions>
      </trkpt>
      <trkpt lat="45.70322348736226558685302734375" lon="126.6155281104147434234619140625">
        <ele>160</ele>
        <time>2026-08-20T11:46:03.000Z</time>
        <extensions>
          <ns3:TrackPointExtension>
            <ns3:hr>186</ns3:hr>
            <ns3:cad>86</ns3:cad>
          </ns3:TrackPointExtension>
        </extensions>
      </trkpt>
      <trkpt lat="45.70322315208613872528076171875" lon="126.61550112068653106689453125">
        <ele>160</ele>
        <time>2026-08-20T11:46:04.000Z</time>
        <extensions>
          <ns3:TrackPointExtension>
            <ns3:hr>185</ns3:hr>
            <ns3:cad>86</ns3:cad>
          </ns3:TrackPointExtension>
        </extensions>
      </trkpt>
      <trkpt lat="45.70322751067578792572021484375" lon="126.6154536791145801544189453125">
        <ele>160</ele>
        <time>2026-08-20T11:46:05.000Z</time>
        <extensions>
          <ns3:TrackPointExtension>
            <ns3:hr>186</ns3:hr>
            <ns3:cad>87</ns3:cad>
          </ns3:TrackPointExtension>
        </extensions>
      </trkpt>
      <trkpt lat="45.70323103107511997222900390625" lon="126.61541554145514965057373046875">
        <ele>160</ele>
        <time>2026-08-20T11:46:06.000Z</time>
        <extensions>
          <ns3:TrackPointExtension>
            <ns3:hr>186</ns3:hr>
            <ns3:cad>87</ns3:cad>
          </ns3:TrackPointExtension>
        </extensions>
      </trkpt>
      <trkpt lat="45.7032314501702785491943359375" lon="126.61537212319672107696533203125">
        <ele>160</ele>
        <time>2026-08-20T11:46:07.000Z</time>
        <extensions>
          <ns3:TrackPointExtension>
            <ns3:hr>186</ns3:hr>
            <ns3:cad>88</ns3:cad>
          </ns3:TrackPointExtension>
        </extensions>
      </trkpt>
      <trkpt lat="45.70322885178029537200927734375" lon="126.61533591337502002716064453125">
        <ele>160</ele>
        <time>2026-08-20T11:46:08.000Z</time>
        <extensions>
          <ns3:TrackPointExtension>
            <ns3:hr>186</ns3:hr>
            <ns3:cad>88</ns3:cad>
          </ns3:TrackPointExtension>
        </extensions>
      </trkpt>
      <trkpt lat="45.70322432555258274078369140625" lon="126.615302301943302154541015625">
        <ele>160</ele>
        <time>2026-08-20T11:46:09.000Z</time>
        <extensions>
          <ns3:TrackPointExtension>
            <ns3:hr>186</ns3:hr>
            <ns3:cad>88</ns3:cad>
          </ns3:TrackPointExtension>
        </extensions>
      </trkpt>
      <trkpt lat="45.7032255828380584716796875" lon="126.61526081152260303497314453125">
        <ele>160</ele>
        <time>2026-08-20T11:46:10.000Z</time>
        <extensions>
          <ns3:TrackPointExtension>
            <ns3:hr>186</ns3:hr>
            <ns3:cad>88</ns3:cad>
          </ns3:TrackPointExtension>
        </extensions>
      </trkpt>
      <trkpt lat="45.70322030223906040191650390625" lon="126.6152310557663440704345703125">
        <ele>160</ele>
        <time>2026-08-20T11:46:11.000Z</time>
        <extensions>
          <ns3:TrackPointExtension>
            <ns3:hr>187</ns3:hr>
            <ns3:cad>88</ns3:cad>
          </ns3:TrackPointExtension>
        </extensions>
      </trkpt>
      <trkpt lat="45.70322088897228240966796875" lon="126.6151867993175983428955078125">
        <ele>160</ele>
        <time>2026-08-20T11:46:12.000Z</time>
        <extensions>
          <ns3:TrackPointExtension>
            <ns3:hr>186</ns3:hr>
            <ns3:cad>88</ns3:cad>
          </ns3:TrackPointExtension>
        </extensions>
      </trkpt>
      <trkpt lat="45.703215859830379486083984375" lon="126.61516182124614715576171875">
        <ele>160.1999969482421875</ele>
        <time>2026-08-20T11:46:13.000Z</time>
        <extensions>
          <ns3:TrackPointExtension>
            <ns3:hr>186</ns3:hr>
            <ns3:cad>87</ns3:cad>
          </ns3:TrackPointExtension>
        </extensions>
      </trkpt>
      <trkpt lat="45.70321275852620601654052734375" lon="126.61511613987386226654052734375">
        <ele>160.1999969482421875</ele>
        <time>2026-08-20T11:46:14.000Z</time>
        <extensions>
          <ns3:TrackPointExtension>
            <ns3:hr>186</ns3:hr>
            <ns3:cad>87</ns3:cad>
          </ns3:TrackPointExtension>
        </extensions>
      </trkpt>
      <trkpt lat="45.70320353843271732330322265625" lon="126.61508596502244472503662109375">
        <ele>160.1999969482421875</ele>
        <time>2026-08-20T11:46:15.000Z</time>
        <extensions>
          <ns3:TrackPointExtension>
            <ns3:hr>187</ns3:hr>
            <ns3:cad>87</ns3:cad>
          </ns3:TrackPointExtension>
        </extensions>
      </trkpt>
      <trkpt lat="45.70319750346243381500244140625" lon="126.61504204384982585906982421875">
        <ele>160.1999969482421875</ele>
        <time>2026-08-20T11:46:16.000Z</time>
        <extensions>
          <ns3:TrackPointExtension>
            <ns3:hr>186</ns3:hr>
            <ns3:cad>87</ns3:cad>
          </ns3:TrackPointExtension>
        </extensions>
      </trkpt>
      <trkpt lat="45.70319297723472118377685546875" lon="126.6150104440748691558837890625">
        <ele>160.1999969482421875</ele>
        <time>2026-08-20T11:46:17.000Z</time>
        <extensions>
          <ns3:TrackPointExtension>
            <ns3:hr>186</ns3:hr>
            <ns3:cad>87</ns3:cad>
          </ns3:TrackPointExtension>
        </extensions>
      </trkpt>
      <trkpt lat="45.70318878628313541412353515625" lon="126.61497163586318492889404296875">
        <ele>160.1999969482421875</ele>
        <time>2026-08-20T11:46:18.000Z</time>
        <extensions>
          <ns3:TrackPointExtension>
            <ns3:hr>186</ns3:hr>
            <ns3:cad>87</ns3:cad>
          </ns3:TrackPointExtension>
        </extensions>
      </trkpt>
      <trkpt lat="45.7031841762363910675048828125" lon="126.614932827651500701904296875">
        <ele>160.399993896484375</ele>
        <time>2026-08-20T11:46:19.000Z</time>
        <extensions>
          <ns3:TrackPointExtension>
            <ns3:hr>187</ns3:hr>
            <ns3:cad>86</ns3:cad>
          </ns3:TrackPointExtension>
        </extensions>
      </trkpt>
      <trkpt lat="45.70318107493221759796142578125" lon="126.61489686928689479827880859375">
        <ele>160.399993896484375</ele>
        <time>2026-08-20T11:46:20.000Z</time>
        <extensions>
          <ns3:TrackPointExtension>
            <ns3:hr>186</ns3:hr>
            <ns3:cad>86</ns3:cad>
          </ns3:TrackPointExtension>
        </extensions>
      </trkpt>
      <trkpt lat="45.7031818293035030364990234375" lon="126.614856719970703125">
        <ele>160.1999969482421875</ele>
        <time>2026-08-20T11:46:21.000Z</time>
        <extensions>
          <ns3:TrackPointExtension>
            <ns3:hr>186</ns3:hr>
            <ns3:cad>88</ns3:cad>
          </ns3:TrackPointExtension>
        </extensions>
      </trkpt>
      <trkpt lat="45.70318090729415416717529296875" lon="126.61482294090092182159423828125">
        <ele>160.399993896484375</ele>
        <time>2026-08-20T11:46:22.000Z</time>
        <extensions>
          <ns3:TrackPointExtension>
            <ns3:hr>186</ns3:hr>
            <ns3:cad>88</ns3:cad>
          </ns3:TrackPointExtension>
        </extensions>
      </trkpt>
      <trkpt lat="45.70317990146577358245849609375" lon="126.614785306155681610107421875">
        <ele>160.399993896484375</ele>
        <time>2026-08-20T11:46:23.000Z</time>
        <extensions>
          <ns3:TrackPointExtension>
            <ns3:hr>187</ns3:hr>
            <ns3:cad>87</ns3:cad>
          </ns3:TrackPointExtension>
        </extensions>
      </trkpt>
      <trkpt lat="45.7031788118183612823486328125" lon="126.61475203000009059906005859375">
        <ele>160.399993896484375</ele>
        <time>2026-08-20T11:46:24.000Z</time>
        <extensions>
          <ns3:TrackPointExtension>
            <ns3:hr>186</ns3:hr>
            <ns3:cad>87</ns3:cad>
          </ns3:TrackPointExtension>
        </extensions>
      </trkpt>
      <trkpt lat="45.703171603381633758544921875" lon="126.61471900530159473419189453125">
        <ele>160.8000030517578125</ele>
        <time>2026-08-20T11:46:25.000Z</time>
        <extensions>
          <ns3:TrackPointExtension>
            <ns3:hr>186</ns3:hr>
            <ns3:cad>87</ns3:cad>
          </ns3:TrackPointExtension>
        </extensions>
      </trkpt>
      <trkpt lat="45.70316414348781108856201171875" lon="126.61468815989792346954345703125">
        <ele>160.8000030517578125</ele>
        <time>2026-08-20T11:46:26.000Z</time>
        <extensions>
          <ns3:TrackPointExtension>
            <ns3:hr>187</ns3:hr>
            <ns3:cad>87</ns3:cad>
          </ns3:TrackPointExtension>
        </extensions>
      </trkpt>
      <trkpt lat="45.7031585276126861572265625" lon="126.6146480105817317962646484375">
        <ele>160.8000030517578125</ele>
        <time>2026-08-20T11:46:27.000Z</time>
        <extensions>
          <ns3:TrackPointExtension>
            <ns3:hr>187</ns3:hr>
            <ns3:cad>86</ns3:cad>
          </ns3:TrackPointExtension>
        </extensions>
      </trkpt>
      <trkpt lat="45.70315760560333728790283203125" lon="126.614614985883235931396484375">
        <ele>160.8000030517578125</ele>
        <time>2026-08-20T11:46:28.000Z</time>
        <extensions>
          <ns3:TrackPointExtension>
            <ns3:hr>187</ns3:hr>
            <ns3:cad>86</ns3:cad>
          </ns3:TrackPointExtension>
        </extensions>
      </trkpt>
      <trkpt lat="45.7031523250043392181396484375" lon="126.614582128822803497314453125">
        <ele>160.8000030517578125</ele>
        <time>2026-08-20T11:46:29.000Z</time>
        <extensions>
          <ns3:TrackPointExtension>
            <ns3:hr>187</ns3:hr>
            <ns3:cad>87</ns3:cad>
          </ns3:TrackPointExtension>
        </extensions>
      </trkpt>
      <trkpt lat="45.70315006189048290252685546875" lon="126.61454491317272186279296875">
        <ele>160.600006103515625</ele>
        <time>2026-08-20T11:46:30.000Z</time>
        <extensions>
          <ns3:TrackPointExtension>
            <ns3:hr>187</ns3:hr>
            <ns3:cad>87</ns3:cad>
          </ns3:TrackPointExtension>
        </extensions>
      </trkpt>
      <trkpt lat="45.70314385928213596343994140625" lon="126.61451683379709720611572265625">
        <ele>160.600006103515625</ele>
        <time>2026-08-20T11:46:31.000Z</time>
        <extensions>
          <ns3:TrackPointExtension>
            <ns3:hr>187</ns3:hr>
            <ns3:cad>87</ns3:cad>
          </ns3:TrackPointExtension>
        </extensions>
      </trkpt>
      <trkpt lat="45.7031412608921527862548828125" lon="126.6144773550331592559814453125">
        <ele>160.600006103515625</ele>
        <time>2026-08-20T11:46:32.000Z</time>
        <extensions>
          <ns3:TrackPointExtension>
            <ns3:hr>187</ns3:hr>
            <ns3:cad>87</ns3:cad>
          </ns3:TrackPointExtension>
        </extensions>
      </trkpt>
      <trkpt lat="45.7031385786831378936767578125" lon="126.6144488565623760223388671875">
        <ele>160.600006103515625</ele>
        <time>2026-08-20T11:46:33.000Z</time>
        <extensions>
          <ns3:TrackPointExtension>
            <ns3:hr>187</ns3:hr>
            <ns3:cad>87</ns3:cad>
          </ns3:TrackPointExtension>
        </extensions>
      </trkpt>
      <trkpt lat="45.70313212461769580841064453125" lon="126.61440585739910602569580078125">
        <ele>160.600006103515625</ele>
        <time>2026-08-20T11:46:34.000Z</time>
        <extensions>
          <ns3:TrackPointExtension>
            <ns3:hr>187</ns3:hr>
            <ns3:cad>87</ns3:cad>
          </ns3:TrackPointExtension>
        </extensions>
      </trkpt>
      <trkpt lat="45.703121982514858245849609375" lon="126.614377610385417938232421875">
        <ele>160.8000030517578125</ele>
        <time>2026-08-20T11:46:35.000Z</time>
        <extensions>
          <ns3:TrackPointExtension>
            <ns3:hr>187</ns3:hr>
            <ns3:cad>87</ns3:cad>
          </ns3:TrackPointExtension>
        </extensions>
      </trkpt>
      <trkpt lat="45.703113935887813568115234375" lon="126.6143422387540340423583984375">
        <ele>160.8000030517578125</ele>
        <time>2026-08-20T11:46:36.000Z</time>
        <extensions>
          <ns3:TrackPointExtension>
            <ns3:hr>188</ns3:hr>
            <ns3:cad>86</ns3:cad>
          </ns3:TrackPointExtension>
        </extensions>
      </trkpt>
      <trkpt lat="45.70310949347913265228271484375" lon="126.61430594511330127716064453125">
        <ele>160.8000030517578125</ele>
        <time>2026-08-20T11:46:37.000Z</time>
        <extensions>
          <ns3:TrackPointExtension>
            <ns3:hr>188</ns3:hr>
            <ns3:cad>86</ns3:cad>
          </ns3:TrackPointExtension>
        </extensions>
      </trkpt>
      <trkpt lat="45.703103542327880859375" lon="126.6142718307673931121826171875">
        <ele>160.600006103515625</ele>
        <time>2026-08-20T11:46:38.000Z</time>
        <extensions>
          <ns3:TrackPointExtension>
            <ns3:hr>188</ns3:hr>
            <ns3:cad>86</ns3:cad>
          </ns3:TrackPointExtension>
        </extensions>
      </trkpt>
      <trkpt lat="45.703097842633724212646484375" lon="126.61423335783183574676513671875">
        <ele>160.8000030517578125</ele>
        <time>2026-08-20T11:46:39.000Z</time>
        <extensions>
          <ns3:TrackPointExtension>
            <ns3:hr>187</ns3:hr>
            <ns3:cad>86</ns3:cad>
          </ns3:TrackPointExtension>
        </extensions>
      </trkpt>
      <trkpt lat="45.70309390313923358917236328125" lon="126.6142104752361774444580078125">
        <ele>160.8000030517578125</ele>
        <time>2026-08-20T11:46:40.000Z</time>
        <extensions>
          <ns3:TrackPointExtension>
            <ns3:hr>188</ns3:hr>
            <ns3:cad>86</ns3:cad>
          </ns3:TrackPointExtension>
        </extensions>
      </trkpt>
      <trkpt lat="45.7030943222343921661376953125" lon="126.614164374768733978271484375">
        <ele>160.8000030517578125</ele>
        <time>2026-08-20T11:46:41.000Z</time>
        <extensions>
          <ns3:TrackPointExtension>
            <ns3:hr>188</ns3:hr>
            <ns3:cad>86</ns3:cad>
          </ns3:TrackPointExtension>
        </extensions>
      </trkpt>
      <trkpt lat="45.7030936516821384429931640625" lon="126.61413109861314296722412109375">
        <ele>160.8000030517578125</ele>
        <time>2026-08-20T11:46:42.000Z</time>
        <extensions>
          <ns3:TrackPointExtension>
            <ns3:hr>188</ns3:hr>
            <ns3:cad>86</ns3:cad>
          </ns3:TrackPointExtension>
        </extensions>
      </trkpt>
      <trkpt lat="45.70309222675859928131103515625" lon="126.61409941501915454864501953125">
        <ele>160.8000030517578125</ele>
        <time>2026-08-20T11:46:43.000Z</time>
        <extensions>
          <ns3:TrackPointExtension>
            <ns3:hr>187</ns3:hr>
            <ns3:cad>86</ns3:cad>
          </ns3:TrackPointExtension>
        </extensions>
      </trkpt>
      <trkpt lat="45.70308837108314037322998046875" lon="126.61406571976840496063232421875">
        <ele>160.8000030517578125</ele>
        <time>2026-08-20T11:46:44.000Z</time>
        <extensions>
          <ns3:TrackPointExtension>
            <ns3:hr>188</ns3:hr>
            <ns3:cad>86</ns3:cad>
          </ns3:TrackPointExtension>
        </extensions>
      </trkpt>
      <trkpt lat="45.7030839286744594573974609375" lon="126.6140327788889408111572265625">
        <ele>160.8000030517578125</ele>
        <time>2026-08-20T11:46:45.000Z</time>
        <extensions>
          <ns3:TrackPointExtension>
            <ns3:hr>188</ns3:hr>
            <ns3:cad>86</ns3:cad>
          </ns3:TrackPointExtension>
        </extensions>
      </trkpt>
      <trkpt lat="45.70308208465576171875" lon="126.61399296484887599945068359375">
        <ele>160.8000030517578125</ele>
        <time>2026-08-20T11:46:46.000Z</time>
        <extensions>
          <ns3:TrackPointExtension>
            <ns3:hr>187</ns3:hr>
            <ns3:cad>86</ns3:cad>
          </ns3:TrackPointExtension>
        </extensions>
      </trkpt>
      <trkpt lat="45.70307630114257335662841796875" lon="126.61396748386323451995849609375">
        <ele>161</ele>
        <time>2026-08-20T11:46:47.000Z</time>
        <extensions>
          <ns3:TrackPointExtension>
            <ns3:hr>187</ns3:hr>
            <ns3:cad>86</ns3:cad>
          </ns3:TrackPointExtension>
        </extensions>
      </trkpt>
      <trkpt lat="45.7030735351145267486572265625" lon="126.6139308549463748931884765625">
        <ele>161</ele>
        <time>2026-08-20T11:46:48.000Z</time>
        <extensions>
          <ns3:TrackPointExtension>
            <ns3:hr>187</ns3:hr>
            <ns3:cad>86</ns3:cad>
          </ns3:TrackPointExtension>
        </extensions>
      </trkpt>
      <trkpt lat="45.7030698470771312713623046875" lon="126.61390109919011592864990234375">
        <ele>161</ele>
        <time>2026-08-20T11:46:49.000Z</time>
        <extensions>
          <ns3:TrackPointExtension>
            <ns3:hr>187</ns3:hr>
            <ns3:cad>86</ns3:cad>
          </ns3:TrackPointExtension>
        </extensions>
      </trkpt>
      <trkpt lat="45.70306456647813320159912109375" lon="126.61386472173035144805908203125">
        <ele>161</ele>
        <time>2026-08-20T11:46:50.000Z</time>
        <extensions>
          <ns3:TrackPointExtension>
            <ns3:hr>188</ns3:hr>
            <ns3:cad>85</ns3:cad>
          </ns3:TrackPointExtension>
        </extensions>
      </trkpt>
      <trkpt lat="45.703062973916530609130859375" lon="126.613831780850887298583984375">
        <ele>161</ele>
        <time>2026-08-20T11:46:51.000Z</time>
        <extensions>
          <ns3:TrackPointExtension>
            <ns3:hr>187</ns3:hr>
            <ns3:cad>85</ns3:cad>
          </ns3:TrackPointExtension>
        </extensions>
      </trkpt>
      <trkpt lat="45.7030584476888179779052734375" lon="126.613809652626514434814453125">
        <ele>161</ele>
        <time>2026-08-20T11:46:52.000Z</time>
        <extensions>
          <ns3:TrackPointExtension>
            <ns3:hr>187</ns3:hr>
            <ns3:cad>85</ns3:cad>
          </ns3:TrackPointExtension>
        </extensions>
      </trkpt>
      <trkpt lat="45.703056268393993377685546875" lon="126.61376715637743473052978515625">
        <ele>161.1999969482421875</ele>
        <time>2026-08-20T11:46:53.000Z</time>
        <extensions>
          <ns3:TrackPointExtension>
            <ns3:hr>187</ns3:hr>
            <ns3:cad>84</ns3:cad>
          </ns3:TrackPointExtension>
        </extensions>
      </trkpt>
      <trkpt lat="45.70304662920534610748291015625" lon="126.61374234594404697418212890625">
        <ele>161.1999969482421875</ele>
        <time>2026-08-20T11:46:54.000Z</time>
        <extensions>
          <ns3:TrackPointExtension>
            <ns3:hr>187</ns3:hr>
            <ns3:cad>84</ns3:cad>
          </ns3:TrackPointExtension>
        </extensions>
      </trkpt>
      <trkpt lat="45.7030447013676166534423828125" lon="126.61370445974171161651611328125">
        <ele>161.1999969482421875</ele>
        <time>2026-08-20T11:46:55.000Z</time>
        <extensions>
          <ns3:TrackPointExtension>
            <ns3:hr>187</ns3:hr>
            <ns3:cad>85</ns3:cad>
          </ns3:TrackPointExtension>
        </extensions>
      </trkpt>
      <trkpt lat="45.70304277352988719940185546875" lon="126.61367529071867465972900390625">
        <ele>161.1999969482421875</ele>
        <time>2026-08-20T11:46:56.000Z</time>
        <extensions>
          <ns3:TrackPointExtension>
            <ns3:hr>187</ns3:hr>
            <ns3:cad>85</ns3:cad>
          </ns3:TrackPointExtension>
        </extensions>
      </trkpt>
      <trkpt lat="45.70303791202604770660400390625" lon="126.6136418469250202178955078125">
        <ele>161.1999969482421875</ele>
        <time>2026-08-20T11:46:57.000Z</time>
        <extensions>
          <ns3:TrackPointExtension>
            <ns3:hr>187</ns3:hr>
            <ns3:cad>85</ns3:cad>
          </ns3:TrackPointExtension>
        </extensions>
      </trkpt>
      <trkpt lat="45.70303590036928653717041015625" lon="126.6136063076555728912353515625">
        <ele>161.1999969482421875</ele>
        <time>2026-08-20T11:46:58.000Z</time>
        <extensions>
          <ns3:TrackPointExtension>
            <ns3:hr>186</ns3:hr>
            <ns3:cad>85</ns3:cad>
          </ns3:TrackPointExtension>
        </extensions>
      </trkpt>
      <trkpt lat="45.7030324637889862060546875" lon="126.613580323755741119384765625">
        <ele>161.399993896484375</ele>
        <time>2026-08-20T11:46:59.000Z</time>
        <extensions>
          <ns3:TrackPointExtension>
            <ns3:hr>187</ns3:hr>
            <ns3:cad>86</ns3:cad>
          </ns3:TrackPointExtension>
        </extensions>
      </trkpt>
      <trkpt lat="45.7030309550464153289794921875" lon="126.61353908479213714599609375">
        <ele>161.399993896484375</ele>
        <time>2026-08-20T11:47:00.000Z</time>
        <extensions>
          <ns3:TrackPointExtension>
            <ns3:hr>187</ns3:hr>
            <ns3:cad>86</ns3:cad>
          </ns3:TrackPointExtension>
        </extensions>
      </trkpt>
      <trkpt lat="45.7030284404754638671875" lon="126.61351226270198822021484375">
        <ele>161.399993896484375</ele>
        <time>2026-08-20T11:47:01.000Z</time>
        <extensions>
          <ns3:TrackPointExtension>
            <ns3:hr>187</ns3:hr>
            <ns3:cad>86</ns3:cad>
          </ns3:TrackPointExtension>
        </extensions>
      </trkpt>
      <trkpt lat="45.7030265964567661285400390625" lon="126.613477729260921478271484375">
        <ele>161.600006103515625</ele>
        <time>2026-08-20T11:47:02.000Z</time>
        <extensions>
          <ns3:TrackPointExtension>
            <ns3:hr>187</ns3:hr>
            <ns3:cad>86</ns3:cad>
          </ns3:TrackPointExtension>
        </extensions>
      </trkpt>
      <trkpt lat="45.70302517153322696685791015625" lon="126.61345115862786769866943359375">
        <ele>161.600006103515625</ele>
        <time>2026-08-20T11:47:03.000Z</time>
        <extensions>
          <ns3:TrackPointExtension>
            <ns3:hr>186</ns3:hr>
            <ns3:cad>86</ns3:cad>
          </ns3:TrackPointExtension>
        </extensions>
      </trkpt>
      <trkpt lat="45.7030225731432437896728515625" lon="126.613422743976116180419921875">
        <ele>161.8000030517578125</ele>
        <time>2026-08-20T11:47:04.000Z</time>
        <extensions>
          <ns3:TrackPointExtension>
            <ns3:hr>187</ns3:hr>
            <ns3:cad>86</ns3:cad>
          </ns3:TrackPointExtension>
        </extensions>
      </trkpt>
      <trkpt lat="45.70302181877195835113525390625" lon="126.613395251333713531494140625">
        <ele>161.8000030517578125</ele>
        <time>2026-08-20T11:47:05.000Z</time>
        <extensions>
          <ns3:TrackPointExtension>
            <ns3:hr>187</ns3:hr>
            <ns3:cad>86</ns3:cad>
          </ns3:TrackPointExtension>
        </extensions>
      </trkpt>
      <trkpt lat="45.7030158676207065582275390625" lon="126.61337412893772125244140625">
        <ele>161.8000030517578125</ele>
        <time>2026-08-20T11:47:06.000Z</time>
        <extensions>
          <ns3:TrackPointExtension>
            <ns3:hr>186</ns3:hr>
            <ns3:cad>85</ns3:cad>
          </ns3:TrackPointExtension>
        </extensions>
      </trkpt>
      <trkpt lat="45.703010670840740203857421875" lon="126.613338924944400787353515625">
        <ele>161.8000030517578125</ele>
        <time>2026-08-20T11:47:07.000Z</time>
        <extensions>
          <ns3:TrackPointExtension>
            <ns3:hr>187</ns3:hr>
            <ns3:cad>86</ns3:cad>
          </ns3:TrackPointExtension>
        </extensions>
      </trkpt>
      <trkpt lat="45.7030069828033447265625" lon="126.61331034265458583831787109375">
        <ele>161.8000030517578125</ele>
        <time>2026-08-20T11:47:08.000Z</time>
        <extensions>
          <ns3:TrackPointExtension>
            <ns3:hr>187</ns3:hr>
            <ns3:cad>86</ns3:cad>
          </ns3:TrackPointExtension>
        </extensions>
      </trkpt>
      <trkpt lat="45.7030007801949977874755859375" lon="126.61327362991869449615478515625">
        <ele>161.8000030517578125</ele>
        <time>2026-08-20T11:47:09.000Z</time>
        <extensions>
          <ns3:TrackPointExtension>
            <ns3:hr>186</ns3:hr>
            <ns3:cad>85</ns3:cad>
          </ns3:TrackPointExtension>
        </extensions>
      </trkpt>
      <trkpt lat="45.7029977627098560333251953125" lon="126.61324395798146724700927734375">
        <ele>161.8000030517578125</ele>
        <time>2026-08-20T11:47:10.000Z</time>
        <extensions>
          <ns3:TrackPointExtension>
            <ns3:hr>187</ns3:hr>
            <ns3:cad>85</ns3:cad>
          </ns3:TrackPointExtension>
        </extensions>
      </trkpt>
      <trkpt lat="45.702993236482143402099609375" lon="126.61321177147328853607177734375">
        <ele>162</ele>
        <time>2026-08-20T11:47:11.000Z</time>
        <extensions>
          <ns3:TrackPointExtension>
            <ns3:hr>187</ns3:hr>
            <ns3:cad>85</ns3:cad>
          </ns3:TrackPointExtension>
        </extensions>
      </trkpt>
      <trkpt lat="45.702992565929889678955078125" lon="126.61317430436611175537109375">
        <ele>162</ele>
        <time>2026-08-20T11:47:12.000Z</time>
        <extensions>
          <ns3:TrackPointExtension>
            <ns3:hr>187</ns3:hr>
            <ns3:cad>85</ns3:cad>
          </ns3:TrackPointExtension>
        </extensions>
      </trkpt>
      <trkpt lat="45.702991224825382232666015625" lon="126.61315108649432659149169921875">
        <ele>162</ele>
        <time>2026-08-20T11:47:13.000Z</time>
        <extensions>
          <ns3:TrackPointExtension>
            <ns3:hr>188</ns3:hr>
            <ns3:cad>85</ns3:cad>
          </ns3:TrackPointExtension>
        </extensions>
      </trkpt>
      <trkpt lat="45.702987872064113616943359375" lon="126.6131137870252132415771484375">
        <ele>162.1999969482421875</ele>
        <time>2026-08-20T11:47:14.000Z</time>
        <extensions>
          <ns3:TrackPointExtension>
            <ns3:hr>187</ns3:hr>
            <ns3:cad>86</ns3:cad>
          </ns3:TrackPointExtension>
        </extensions>
      </trkpt>
      <trkpt lat="45.7029836811125278472900390625" lon="126.61308738403022289276123046875">
        <ele>162.1999969482421875</ele>
        <time>2026-08-20T11:47:15.000Z</time>
        <extensions>
          <ns3:TrackPointExtension>
            <ns3:hr>187</ns3:hr>
            <ns3:cad>86</ns3:cad>
          </ns3:TrackPointExtension>
        </extensions>
      </trkpt>
      <trkpt lat="45.7029776461422443389892578125" lon="126.61304865963757038116455078125">
        <ele>162.1999969482421875</ele>
        <time>2026-08-20T11:47:16.000Z</time>
        <extensions>
          <ns3:TrackPointExtension>
            <ns3:hr>186</ns3:hr>
            <ns3:cad>86</ns3:cad>
          </ns3:TrackPointExtension>
        </extensions>
      </trkpt>
      <trkpt lat="45.70297471247613430023193359375" lon="126.61301672458648681640625">
        <ele>162.1999969482421875</ele>
        <time>2026-08-20T11:47:17.000Z</time>
        <extensions>
          <ns3:TrackPointExtension>
            <ns3:hr>187</ns3:hr>
            <ns3:cad>86</ns3:cad>
          </ns3:TrackPointExtension>
        </extensions>
      </trkpt>
      <trkpt lat="45.70296582765877246856689453125" lon="126.61298277787864208221435546875">
        <ele>162.399993896484375</ele>
        <time>2026-08-20T11:47:18.000Z</time>
        <extensions>
          <ns3:TrackPointExtension>
            <ns3:hr>187</ns3:hr>
            <ns3:cad>86</ns3:cad>
          </ns3:TrackPointExtension>
        </extensions>
      </trkpt>
      <trkpt lat="45.7029598765075206756591796875" lon="126.6129481606185436248779296875">
        <ele>162.399993896484375</ele>
        <time>2026-08-20T11:47:19.000Z</time>
        <extensions>
          <ns3:TrackPointExtension>
            <ns3:hr>187</ns3:hr>
            <ns3:cad>86</ns3:cad>
          </ns3:TrackPointExtension>
        </extensions>
      </trkpt>
      <trkpt lat="45.70295241661369800567626953125" lon="126.612927876412868499755859375">
        <ele>162.399993896484375</ele>
        <time>2026-08-20T11:47:20.000Z</time>
        <extensions>
          <ns3:TrackPointExtension>
            <ns3:hr>186</ns3:hr>
            <ns3:cad>86</ns3:cad>
          </ns3:TrackPointExtension>
        </extensions>
      </trkpt>
      <trkpt lat="45.70294504053890705108642578125" lon="126.61288856528699398040771484375">
        <ele>162.399993896484375</ele>
        <time>2026-08-20T11:47:21.000Z</time>
        <extensions>
          <ns3:TrackPointExtension>
            <ns3:hr>187</ns3:hr>
            <ns3:cad>86</ns3:cad>
          </ns3:TrackPointExtension>
        </extensions>
      </trkpt>
      <trkpt lat="45.70293766446411609649658203125" lon="126.6128598153591156005859375">
        <ele>162.600006103515625</ele>
        <time>2026-08-20T11:47:22.000Z</time>
        <extensions>
          <ns3:TrackPointExtension>
            <ns3:hr>187</ns3:hr>
            <ns3:cad>86</ns3:cad>
          </ns3:TrackPointExtension>
        </extensions>
      </trkpt>
      <trkpt lat="45.70292986929416656494140625" lon="126.6128308139741420745849609375">
        <ele>162.600006103515625</ele>
        <time>2026-08-20T11:47:23.000Z</time>
        <extensions>
          <ns3:TrackPointExtension>
            <ns3:hr>187</ns3:hr>
            <ns3:cad>86</ns3:cad>
          </ns3:TrackPointExtension>
        </extensions>
      </trkpt>
      <trkpt lat="45.702929198741912841796875" lon="126.61279971711337566375732421875">
        <ele>162.600006103515625</ele>
        <time>2026-08-20T11:47:24.000Z</time>
        <extensions>
          <ns3:TrackPointExtension>
            <ns3:hr>187</ns3:hr>
            <ns3:cad>86</ns3:cad>
          </ns3:TrackPointExtension>
        </extensions>
      </trkpt>
      <trkpt lat="45.70292861200869083404541015625" lon="126.6127758286893367767333984375">
        <ele>162.8000030517578125</ele>
        <time>2026-08-20T11:47:25.000Z</time>
        <extensions>
          <ns3:TrackPointExtension>
            <ns3:hr>187</ns3:hr>
            <ns3:cad>86</ns3:cad>
          </ns3:TrackPointExtension>
        </extensions>
      </trkpt>
      <trkpt lat="45.7029256783425807952880859375" lon="126.6127406246960163116455078125">
        <ele>162.8000030517578125</ele>
        <time>2026-08-20T11:47:26.000Z</time>
        <extensions>
          <ns3:TrackPointExtension>
            <ns3:hr>187</ns3:hr>
            <ns3:cad>86</ns3:cad>
          </ns3:TrackPointExtension>
        </extensions>
      </trkpt>
      <trkpt lat="45.7029193080961704254150390625" lon="126.61271975375711917877197265625">
        <ele>163</ele>
        <time>2026-08-20T11:47:27.000Z</time>
        <extensions>
          <ns3:TrackPointExtension>
            <ns3:hr>187</ns3:hr>
            <ns3:cad>86</ns3:cad>
          </ns3:TrackPointExtension>
        </extensions>
      </trkpt>
      <trkpt lat="45.70291645824909210205078125" lon="126.61267868243157863616943359375">
        <ele>163</ele>
        <time>2026-08-20T11:47:28.000Z</time>
        <extensions>
          <ns3:TrackPointExtension>
            <ns3:hr>187</ns3:hr>
            <ns3:cad>86</ns3:cad>
          </ns3:TrackPointExtension>
        </extensions>
      </trkpt>
      <trkpt lat="45.70291637443006038665771484375" lon="126.6126507706940174102783203125">
        <ele>163</ele>
        <time>2026-08-20T11:47:29.000Z</time>
        <extensions>
          <ns3:TrackPointExtension>
            <ns3:hr>187</ns3:hr>
            <ns3:cad>85</ns3:cad>
          </ns3:TrackPointExtension>
        </extensions>
      </trkpt>
      <trkpt lat="45.70291771553456783294677734375" lon="126.612608022987842559814453125">
        <ele>163</ele>
        <time>2026-08-20T11:47:30.000Z</time>
        <extensions>
          <ns3:TrackPointExtension>
            <ns3:hr>186</ns3:hr>
            <ns3:cad>85</ns3:cad>
          </ns3:TrackPointExtension>
        </extensions>
      </trkpt>
      <trkpt lat="45.70291318930685520172119140625" lon="126.61257214844226837158203125">
        <ele>163</ele>
        <time>2026-08-20T11:47:31.000Z</time>
        <extensions>
          <ns3:TrackPointExtension>
            <ns3:hr>186</ns3:hr>
            <ns3:cad>85</ns3:cad>
          </ns3:TrackPointExtension>
        </extensions>
      </trkpt>
      <trkpt lat="45.702908746898174285888671875" lon="126.6125401295721530914306640625">
        <ele>163.1999969482421875</ele>
        <time>2026-08-20T11:47:32.000Z</time>
        <extensions>
          <ns3:TrackPointExtension>
            <ns3:hr>186</ns3:hr>
            <ns3:cad>85</ns3:cad>
          </ns3:TrackPointExtension>
        </extensions>
      </trkpt>
      <trkpt lat="45.70290598087012767791748046875" lon="126.61250702105462551116943359375">
        <ele>163.1999969482421875</ele>
        <time>2026-08-20T11:47:33.000Z</time>
        <extensions>
          <ns3:TrackPointExtension>
            <ns3:hr>187</ns3:hr>
            <ns3:cad>86</ns3:cad>
          </ns3:TrackPointExtension>
        </extensions>
      </trkpt>
      <trkpt lat="45.702904053032398223876953125" lon="126.6124777682125568389892578125">
        <ele>163.1999969482421875</ele>
        <time>2026-08-20T11:47:34.000Z</time>
        <extensions>
          <ns3:TrackPointExtension>
            <ns3:hr>186</ns3:hr>
            <ns3:cad>86</ns3:cad>
          </ns3:TrackPointExtension>
        </extensions>
      </trkpt>
      <trkpt lat="45.70290329866111278533935546875" lon="126.61244063638150691986083984375">
        <ele>163.399993896484375</ele>
        <time>2026-08-20T11:47:35.000Z</time>
        <extensions>
          <ns3:TrackPointExtension>
            <ns3:hr>186</ns3:hr>
            <ns3:cad>86</ns3:cad>
          </ns3:TrackPointExtension>
        </extensions>
      </trkpt>
      <trkpt lat="45.70290304720401763916015625" lon="126.61241264082491397857666015625">
        <ele>163.399993896484375</ele>
        <time>2026-08-20T11:47:36.000Z</time>
        <extensions>
          <ns3:TrackPointExtension>
            <ns3:hr>186</ns3:hr>
            <ns3:cad>86</ns3:cad>
          </ns3:TrackPointExtension>
        </extensions>
      </trkpt>
      <trkpt lat="45.702903382480144500732421875" lon="126.6123798675835132598876953125">
        <ele>163.399993896484375</ele>
        <time>2026-08-20T11:47:37.000Z</time>
        <extensions>
          <ns3:TrackPointExtension>
            <ns3:hr>186</ns3:hr>
            <ns3:cad>86</ns3:cad>
          </ns3:TrackPointExtension>
        </extensions>
      </trkpt>
      <trkpt lat="45.70290581323206424713134765625" lon="126.61234592087566852569580078125">
        <ele>163.399993896484375</ele>
        <time>2026-08-20T11:47:38.000Z</time>
        <extensions>
          <ns3:TrackPointExtension>
            <ns3:hr>186</ns3:hr>
            <ns3:cad>86</ns3:cad>
          </ns3:TrackPointExtension>
        </extensions>
      </trkpt>
      <trkpt lat="45.702905394136905670166015625" lon="126.61231708712875843048095703125">
        <ele>163.399993896484375</ele>
        <time>2026-08-20T11:47:39.000Z</time>
        <extensions>
          <ns3:TrackPointExtension>
            <ns3:hr>187</ns3:hr>
            <ns3:cad>86</ns3:cad>
          </ns3:TrackPointExtension>
        </extensions>
      </trkpt>
      <trkpt lat="45.70290505886077880859375" lon="126.61228707991540431976318359375">
        <ele>163.600006103515625</ele>
        <time>2026-08-20T11:47:40.000Z</time>
        <extensions>
          <ns3:TrackPointExtension>
            <ns3:hr>186</ns3:hr>
            <ns3:cad>86</ns3:cad>
          </ns3:TrackPointExtension>
        </extensions>
      </trkpt>
      <trkpt lat="45.70290614850819110870361328125" lon="126.61226394586265087127685546875">
        <ele>163.600006103515625</ele>
        <time>2026-08-20T11:47:41.000Z</time>
        <extensions>
          <ns3:TrackPointExtension>
            <ns3:hr>186</ns3:hr>
            <ns3:cad>86</ns3:cad>
          </ns3:TrackPointExtension>
        </extensions>
      </trkpt>
      <trkpt lat="45.70290715433657169342041015625" lon="126.61223360337316989898681640625">
        <ele>163.600006103515625</ele>
        <time>2026-08-20T11:47:42.000Z</time>
        <extensions>
          <ns3:TrackPointExtension>
            <ns3:hr>186</ns3:hr>
            <ns3:cad>86</ns3:cad>
          </ns3:TrackPointExtension>
        </extensions>
      </trkpt>
      <trkpt lat="45.70290748961269855499267578125" lon="126.61220175214111804962158203125">
        <ele>163.600006103515625</ele>
        <time>2026-08-20T11:47:43.000Z</time>
        <extensions>
          <ns3:TrackPointExtension>
            <ns3:hr>186</ns3:hr>
            <ns3:cad>85</ns3:cad>
          </ns3:TrackPointExtension>
        </extensions>
      </trkpt>
      <trkpt lat="45.702903382480144500732421875" lon="126.61216906271874904632568359375">
        <ele>163.8000030517578125</ele>
        <time>2026-08-20T11:47:44.000Z</time>
        <extensions>
          <ns3:TrackPointExtension>
            <ns3:hr>186</ns3:hr>
            <ns3:cad>85</ns3:cad>
          </ns3:TrackPointExtension>
        </extensions>
      </trkpt>
      <trkpt lat="45.70290279574692249298095703125" lon="126.6121347807347774505615234375">
        <ele>163.8000030517578125</ele>
        <time>2026-08-20T11:47:45.000Z</time>
        <extensions>
          <ns3:TrackPointExtension>
            <ns3:hr>186</ns3:hr>
            <ns3:cad>85</ns3:cad>
          </ns3:TrackPointExtension>
        </extensions>
      </trkpt>
      <trkpt lat="45.702898018062114715576171875" lon="126.61210636608302593231201171875">
        <ele>163.8000030517578125</ele>
        <time>2026-08-20T11:47:46.000Z</time>
        <extensions>
          <ns3:TrackPointExtension>
            <ns3:hr>186</ns3:hr>
            <ns3:cad>85</ns3:cad>
          </ns3:TrackPointExtension>
        </extensions>
      </trkpt>
      <trkpt lat="45.70289022289216518402099609375" lon="126.6120694018900394439697265625">
        <ele>163.8000030517578125</ele>
        <time>2026-08-20T11:47:47.000Z</time>
        <extensions>
          <ns3:TrackPointExtension>
            <ns3:hr>186</ns3:hr>
            <ns3:cad>85</ns3:cad>
          </ns3:TrackPointExtension>
        </extensions>
      </trkpt>
      <trkpt lat="45.70288670249283313751220703125" lon="126.6120429150760173797607421875">
        <ele>164</ele>
        <time>2026-08-20T11:47:48.000Z</time>
        <extensions>
          <ns3:TrackPointExtension>
            <ns3:hr>186</ns3:hr>
            <ns3:cad>86</ns3:cad>
          </ns3:TrackPointExtension>
        </extensions>
      </trkpt>
      <trkpt lat="45.7028817571699619293212890625" lon="126.61200980655848979949951171875">
        <ele>164</ele>
        <time>2026-08-20T11:47:49.000Z</time>
        <extensions>
          <ns3:TrackPointExtension>
            <ns3:hr>185</ns3:hr>
            <ns3:cad>86</ns3:cad>
          </ns3:TrackPointExtension>
        </extensions>
      </trkpt>
      <trkpt lat="45.70287932641804218292236328125" lon="126.6119792126119136810302734375">
        <ele>164</ele>
        <time>2026-08-20T11:47:50.000Z</time>
        <extensions>
          <ns3:TrackPointExtension>
            <ns3:hr>185</ns3:hr>
            <ns3:cad>86</ns3:cad>
          </ns3:TrackPointExtension>
        </extensions>
      </trkpt>
      <trkpt lat="45.70287647657096385955810546875" lon="126.61194208078086376190185546875">
        <ele>164</ele>
        <time>2026-08-20T11:47:51.000Z</time>
        <extensions>
          <ns3:TrackPointExtension>
            <ns3:hr>185</ns3:hr>
            <ns3:cad>86</ns3:cad>
          </ns3:TrackPointExtension>
        </extensions>
      </trkpt>
      <trkpt lat="45.70287287235260009765625" lon="126.611910648643970489501953125">
        <ele>164</ele>
        <time>2026-08-20T11:47:52.000Z</time>
        <extensions>
          <ns3:TrackPointExtension>
            <ns3:hr>185</ns3:hr>
            <ns3:cad>86</ns3:cad>
          </ns3:TrackPointExtension>
        </extensions>
      </trkpt>
      <trkpt lat="45.702870190143585205078125" lon="126.61187167279422283172607421875">
        <ele>164</ele>
        <time>2026-08-20T11:47:53.000Z</time>
        <extensions>
          <ns3:TrackPointExtension>
            <ns3:hr>185</ns3:hr>
            <ns3:cad>86</ns3:cad>
          </ns3:TrackPointExtension>
        </extensions>
      </trkpt>
      <trkpt lat="45.70286876522004604339599609375" lon="126.61183479242026805877685546875">
        <ele>164</ele>
        <time>2026-08-20T11:47:54.000Z</time>
        <extensions>
          <ns3:TrackPointExtension>
            <ns3:hr>185</ns3:hr>
            <ns3:cad>86</ns3:cad>
          </ns3:TrackPointExtension>
        </extensions>
      </trkpt>
      <trkpt lat="45.70286289788782596588134765625" lon="126.61180394701659679412841796875">
        <ele>164</ele>
        <time>2026-08-20T11:47:55.000Z</time>
        <extensions>
          <ns3:TrackPointExtension>
            <ns3:hr>185</ns3:hr>
            <ns3:cad>87</ns3:cad>
          </ns3:TrackPointExtension>
        </extensions>
      </trkpt>
      <trkpt lat="45.70285988040268421173095703125" lon="126.61176589317619800567626953125">
        <ele>164</ele>
        <time>2026-08-20T11:47:56.000Z</time>
        <extensions>
          <ns3:TrackPointExtension>
            <ns3:hr>185</ns3:hr>
            <ns3:cad>87</ns3:cad>
          </ns3:TrackPointExtension>
        </extensions>
      </trkpt>
      <trkpt lat="45.7028522528707981109619140625" lon="126.61173664033412933349609375">
        <ele>164</ele>
        <time>2026-08-20T11:47:57.000Z</time>
        <extensions>
          <ns3:TrackPointExtension>
            <ns3:hr>184</ns3:hr>
            <ns3:cad>87</ns3:cad>
          </ns3:TrackPointExtension>
        </extensions>
      </trkpt>
      <trkpt lat="45.70284781046211719512939453125" lon="126.61169716157019138336181640625">
        <ele>164</ele>
        <time>2026-08-20T11:47:58.000Z</time>
        <extensions>
          <ns3:TrackPointExtension>
            <ns3:hr>184</ns3:hr>
            <ns3:cad>87</ns3:cad>
          </ns3:TrackPointExtension>
        </extensions>
      </trkpt>
      <trkpt lat="45.70284311659634113311767578125" lon="126.6116603650152683258056640625">
        <ele>164</ele>
        <time>2026-08-20T11:47:59.000Z</time>
        <extensions>
          <ns3:TrackPointExtension>
            <ns3:hr>184</ns3:hr>
            <ns3:cad>87</ns3:cad>
          </ns3:TrackPointExtension>
        </extensions>
      </trkpt>
      <trkpt lat="45.70283674634993076324462890625" lon="126.61162490956485271453857421875">
        <ele>163.8000030517578125</ele>
        <time>2026-08-20T11:48:00.000Z</time>
        <extensions>
          <ns3:TrackPointExtension>
            <ns3:hr>184</ns3:hr>
            <ns3:cad>87</ns3:cad>
          </ns3:TrackPointExtension>
        </extensions>
      </trkpt>
      <trkpt lat="45.7028375007212162017822265625" lon="126.61158216185867786407470703125">
        <ele>163.8000030517578125</ele>
        <time>2026-08-20T11:48:01.000Z</time>
        <extensions>
          <ns3:TrackPointExtension>
            <ns3:hr>184</ns3:hr>
            <ns3:cad>87</ns3:cad>
          </ns3:TrackPointExtension>
        </extensions>
      </trkpt>
      <trkpt lat="45.7028341479599475860595703125" lon="126.61154947243630886077880859375">
        <ele>163.8000030517578125</ele>
        <time>2026-08-20T11:48:02.000Z</time>
        <extensions>
          <ns3:TrackPointExtension>
            <ns3:hr>184</ns3:hr>
            <ns3:cad>87</ns3:cad>
          </ns3:TrackPointExtension>
        </extensions>
      </trkpt>
      <trkpt lat="45.70283473469316959381103515625" lon="126.611510999500751495361328125">
        <ele>163.8000030517578125</ele>
        <time>2026-08-20T11:48:03.000Z</time>
        <extensions>
          <ns3:TrackPointExtension>
            <ns3:hr>184</ns3:hr>
            <ns3:cad>87</ns3:cad>
          </ns3:TrackPointExtension>
        </extensions>
      </trkpt>
      <trkpt lat="45.70283238776028156280517578125" lon="126.61147353239357471466064453125">
        <ele>163.8000030517578125</ele>
        <time>2026-08-20T11:48:04.000Z</time>
        <extensions>
          <ns3:TrackPointExtension>
            <ns3:hr>184</ns3:hr>
            <ns3:cad>87</ns3:cad>
          </ns3:TrackPointExtension>
        </extensions>
      </trkpt>
      <trkpt lat="45.70283356122672557830810546875" lon="126.611435897648334503173828125">
        <ele>163.8000030517578125</ele>
        <time>2026-08-20T11:48:05.000Z</time>
        <extensions>
          <ns3:TrackPointExtension>
            <ns3:hr>184</ns3:hr>
            <ns3:cad>87</ns3:cad>
          </ns3:TrackPointExtension>
        </extensions>
      </trkpt>
      <trkpt lat="45.70283071137964725494384765625" lon="126.611405722796916961669921875">
        <ele>164</ele>
        <time>2026-08-20T11:48:06.000Z</time>
        <extensions>
          <ns3:TrackPointExtension>
            <ns3:hr>185</ns3:hr>
            <ns3:cad>87</ns3:cad>
          </ns3:TrackPointExtension>
        </extensions>
      </trkpt>
      <trkpt lat="45.7028291188180446624755859375" lon="126.61137345246970653533935546875">
        <ele>164</ele>
        <time>2026-08-20T11:48:07.000Z</time>
        <extensions>
          <ns3:TrackPointExtension>
            <ns3:hr>185</ns3:hr>
            <ns3:cad>87</ns3:cad>
          </ns3:TrackPointExtension>
        </extensions>
      </trkpt>
      <trkpt lat="45.70282467640936374664306640625" lon="126.6113488934934139251708984375">
        <ele>164</ele>
        <time>2026-08-20T11:48:08.000Z</time>
        <extensions>
          <ns3:TrackPointExtension>
            <ns3:hr>185</ns3:hr>
            <ns3:cad>87</ns3:cad>
          </ns3:TrackPointExtension>
        </extensions>
      </trkpt>
      <trkpt lat="45.70281461812555789947509765625" lon="126.61132098175585269927978515625">
        <ele>164</ele>
        <time>2026-08-20T11:48:09.000Z</time>
        <extensions>
          <ns3:TrackPointExtension>
            <ns3:hr>186</ns3:hr>
            <ns3:cad>86</ns3:cad>
          </ns3:TrackPointExtension>
        </extensions>
      </trkpt>
      <trkpt lat="45.70280849933624267578125" lon="126.6112912259995937347412109375">
        <ele>164.1999969482421875</ele>
        <time>2026-08-20T11:48:10.000Z</time>
        <extensions>
          <ns3:TrackPointExtension>
            <ns3:hr>186</ns3:hr>
            <ns3:cad>86</ns3:cad>
          </ns3:TrackPointExtension>
        </extensions>
      </trkpt>
      <trkpt lat="45.7027979381382465362548828125" lon="126.611266247928142547607421875">
        <ele>164.1999969482421875</ele>
        <time>2026-08-20T11:48:11.000Z</time>
        <extensions>
          <ns3:TrackPointExtension>
            <ns3:hr>186</ns3:hr>
            <ns3:cad>85</ns3:cad>
          </ns3:TrackPointExtension>
        </extensions>
      </trkpt>
      <trkpt lat="45.70279349572956562042236328125" lon="126.61122777499258518218994140625">
        <ele>164</ele>
        <time>2026-08-20T11:48:12.000Z</time>
        <extensions>
          <ns3:TrackPointExtension>
            <ns3:hr>186</ns3:hr>
            <ns3:cad>85</ns3:cad>
          </ns3:TrackPointExtension>
        </extensions>
      </trkpt>
      <trkpt lat="45.70279031060636043548583984375" lon="126.6112020425498485565185546875">
        <ele>164</ele>
        <time>2026-08-20T11:48:13.000Z</time>
        <extensions>
          <ns3:TrackPointExtension>
            <ns3:hr>186</ns3:hr>
            <ns3:cad>85</ns3:cad>
          </ns3:TrackPointExtension>
        </extensions>
      </trkpt>
      <trkpt lat="45.7027845270931720733642578125" lon="126.61116440780460834503173828125">
        <ele>164</ele>
        <time>2026-08-20T11:48:14.000Z</time>
        <extensions>
          <ns3:TrackPointExtension>
            <ns3:hr>185</ns3:hr>
            <ns3:cad>84</ns3:cad>
          </ns3:TrackPointExtension>
        </extensions>
      </trkpt>
      <trkpt lat="45.7027771510183811187744140625" lon="126.61113792099058628082275390625">
        <ele>164</ele>
        <time>2026-08-20T11:48:15.000Z</time>
        <extensions>
          <ns3:TrackPointExtension>
            <ns3:hr>186</ns3:hr>
            <ns3:cad>84</ns3:cad>
          </ns3:TrackPointExtension>
        </extensions>
      </trkpt>
      <trkpt lat="45.7027721218764781951904296875" lon="126.61110623739659786224365234375">
        <ele>164</ele>
        <time>2026-08-20T11:48:16.000Z</time>
        <extensions>
          <ns3:TrackPointExtension>
            <ns3:hr>186</ns3:hr>
            <ns3:cad>85</ns3:cad>
          </ns3:TrackPointExtension>
        </extensions>
      </trkpt>
      <trkpt lat="45.702777318656444549560546875" lon="126.61106784828007221221923828125">
        <ele>164</ele>
        <time>2026-08-20T11:48:17.000Z</time>
        <extensions>
          <ns3:TrackPointExtension>
            <ns3:hr>186</ns3:hr>
            <ns3:cad>86</ns3:cad>
          </ns3:TrackPointExtension>
        </extensions>
      </trkpt>
      <trkpt lat="45.70277832448482513427734375" lon="126.61103800870478153228759765625">
        <ele>164</ele>
        <time>2026-08-20T11:48:18.000Z</time>
        <extensions>
          <ns3:TrackPointExtension>
            <ns3:hr>185</ns3:hr>
            <ns3:cad>86</ns3:cad>
          </ns3:TrackPointExtension>
        </extensions>
      </trkpt>
      <trkpt lat="45.70277974940836429595947265625" lon="126.610998027026653289794921875">
        <ele>164</ele>
        <time>2026-08-20T11:48:19.000Z</time>
        <extensions>
          <ns3:TrackPointExtension>
            <ns3:hr>185</ns3:hr>
            <ns3:cad>86</ns3:cad>
          </ns3:TrackPointExtension>
        </extensions>
      </trkpt>
      <trkpt lat="45.70277958177030086517333984375" lon="126.61097061820328235626220703125">
        <ele>164</ele>
        <time>2026-08-20T11:48:20.000Z</time>
        <extensions>
          <ns3:TrackPointExtension>
            <ns3:hr>185</ns3:hr>
            <ns3:cad>86</ns3:cad>
          </ns3:TrackPointExtension>
        </extensions>
      </trkpt>
      <trkpt lat="45.70278092287480831146240234375" lon="126.61092435009777545928955078125">
        <ele>164</ele>
        <time>2026-08-20T11:48:21.000Z</time>
        <extensions>
          <ns3:TrackPointExtension>
            <ns3:hr>185</ns3:hr>
            <ns3:cad>86</ns3:cad>
          </ns3:TrackPointExtension>
        </extensions>
      </trkpt>
      <trkpt lat="45.7027811743319034576416015625" lon="126.6108909063041210174560546875">
        <ele>164</ele>
        <time>2026-08-20T11:48:22.000Z</time>
        <extensions>
          <ns3:TrackPointExtension>
            <ns3:hr>186</ns3:hr>
            <ns3:cad>86</ns3:cad>
          </ns3:TrackPointExtension>
        </extensions>
      </trkpt>
      <trkpt lat="45.70277723483741283416748046875" lon="126.610854528844356536865234375">
        <ele>164.1999969482421875</ele>
        <time>2026-08-20T11:48:23.000Z</time>
        <extensions>
          <ns3:TrackPointExtension>
            <ns3:hr>186</ns3:hr>
            <ns3:cad>86</ns3:cad>
          </ns3:TrackPointExtension>
        </extensions>
      </trkpt>
      <trkpt lat="45.70277069695293903350830078125" lon="126.61082603037357330322265625">
        <ele>164.1999969482421875</ele>
        <time>2026-08-20T11:48:24.000Z</time>
        <extensions>
          <ns3:TrackPointExtension>
            <ns3:hr>186</ns3:hr>
            <ns3:cad>86</ns3:cad>
          </ns3:TrackPointExtension>
        </extensions>
      </trkpt>
      <trkpt lat="45.702764578163623809814453125" lon="126.61079920828342437744140625">
        <ele>164.1999969482421875</ele>
        <time>2026-08-20T11:48:25.000Z</time>
        <extensions>
          <ns3:TrackPointExtension>
            <ns3:hr>185</ns3:hr>
            <ns3:cad>86</ns3:cad>
          </ns3:TrackPointExtension>
        </extensions>
      </trkpt>
      <trkpt lat="45.70276482962071895599365234375" lon="126.6107685305178165435791015625">
        <ele>164.1999969482421875</ele>
        <time>2026-08-20T11:48:26.000Z</time>
        <extensions>
          <ns3:TrackPointExtension>
            <ns3:hr>185</ns3:hr>
            <ns3:cad>86</ns3:cad>
          </ns3:TrackPointExtension>
        </extensions>
      </trkpt>
      <trkpt lat="45.70276348851621150970458984375" lon="126.6107383556663990020751953125">
        <ele>164</ele>
        <time>2026-08-20T11:48:27.000Z</time>
        <extensions>
          <ns3:TrackPointExtension>
            <ns3:hr>185</ns3:hr>
            <ns3:cad>86</ns3:cad>
          </ns3:TrackPointExtension>
        </extensions>
      </trkpt>
      <trkpt lat="45.70276617072522640228271484375" lon="126.610704995691776275634765625">
        <ele>163.8000030517578125</ele>
        <time>2026-08-20T11:48:28.000Z</time>
        <extensions>
          <ns3:TrackPointExtension>
            <ns3:hr>185</ns3:hr>
            <ns3:cad>86</ns3:cad>
          </ns3:TrackPointExtension>
        </extensions>
      </trkpt>
      <trkpt lat="45.70276558399200439453125" lon="126.61067574284970760345458984375">
        <ele>163.8000030517578125</ele>
        <time>2026-08-20T11:48:29.000Z</time>
        <extensions>
          <ns3:TrackPointExtension>
            <ns3:hr>185</ns3:hr>
            <ns3:cad>86</ns3:cad>
          </ns3:TrackPointExtension>
        </extensions>
      </trkpt>
      <trkpt lat="45.702762566506862640380859375" lon="126.61064573563635349273681640625">
        <ele>163.8000030517578125</ele>
        <time>2026-08-20T11:48:30.000Z</time>
        <extensions>
          <ns3:TrackPointExtension>
            <ns3:hr>186</ns3:hr>
            <ns3:cad>86</ns3:cad>
          </ns3:TrackPointExtension>
        </extensions>
      </trkpt>
      <trkpt lat="45.70276147685945034027099609375" lon="126.61061354912817478179931640625">
        <ele>164</ele>
        <time>2026-08-20T11:48:31.000Z</time>
        <extensions>
          <ns3:TrackPointExtension>
            <ns3:hr>185</ns3:hr>
            <ns3:cad>86</ns3:cad>
          </ns3:TrackPointExtension>
        </extensions>
      </trkpt>
      <trkpt lat="45.70275527425110340118408203125" lon="126.610584296286106109619140625">
        <ele>164</ele>
        <time>2026-08-20T11:48:32.000Z</time>
        <extensions>
          <ns3:TrackPointExtension>
            <ns3:hr>185</ns3:hr>
            <ns3:cad>85</ns3:cad>
          </ns3:TrackPointExtension>
        </extensions>
      </trkpt>
      <trkpt lat="45.7027506642043590545654296875" lon="126.61054850555956363677978515625">
        <ele>164.1999969482421875</ele>
        <time>2026-08-20T11:48:33.000Z</time>
        <extensions>
          <ns3:TrackPointExtension>
            <ns3:hr>186</ns3:hr>
            <ns3:cad>85</ns3:cad>
          </ns3:TrackPointExtension>
        </extensions>
      </trkpt>
      <trkpt lat="45.7027432881295680999755859375" lon="126.61052553914487361907958984375">
        <ele>164.1999969482421875</ele>
        <time>2026-08-20T11:48:34.000Z</time>
        <extensions>
          <ns3:TrackPointExtension>
            <ns3:hr>185</ns3:hr>
            <ns3:cad>85</ns3:cad>
          </ns3:TrackPointExtension>
        </extensions>
      </trkpt>
      <trkpt lat="45.7027416117489337921142578125" lon="126.610485054552555084228515625">
        <ele>164.399993896484375</ele>
        <time>2026-08-20T11:48:35.000Z</time>
        <extensions>
          <ns3:TrackPointExtension>
            <ns3:hr>185</ns3:hr>
            <ns3:cad>86</ns3:cad>
          </ns3:TrackPointExtension>
        </extensions>
      </trkpt>
      <trkpt lat="45.702739097177982330322265625" lon="126.6104590706527233123779296875">
        <ele>164.399993896484375</ele>
        <time>2026-08-20T11:48:36.000Z</time>
        <extensions>
          <ns3:TrackPointExtension>
            <ns3:hr>185</ns3:hr>
            <ns3:cad>86</ns3:cad>
          </ns3:TrackPointExtension>
        </extensions>
      </trkpt>
      <trkpt lat="45.70273339748382568359375" lon="126.610422022640705108642578125">
        <ele>164.399993896484375</ele>
        <time>2026-08-20T11:48:37.000Z</time>
        <extensions>
          <ns3:TrackPointExtension>
            <ns3:hr>185</ns3:hr>
            <ns3:cad>86</ns3:cad>
          </ns3:TrackPointExtension>
        </extensions>
      </trkpt>
      <trkpt lat="45.70273138582706451416015625" lon="126.6103869862854480743408203125">
        <ele>164.399993896484375</ele>
        <time>2026-08-20T11:48:38.000Z</time>
        <extensions>
          <ns3:TrackPointExtension>
            <ns3:hr>185</ns3:hr>
            <ns3:cad>86</ns3:cad>
          </ns3:TrackPointExtension>
        </extensions>
      </trkpt>
      <trkpt lat="45.702727027237415313720703125" lon="126.61034918390214443206787109375">
        <ele>164.399993896484375</ele>
        <time>2026-08-20T11:48:39.000Z</time>
        <extensions>
          <ns3:TrackPointExtension>
            <ns3:hr>185</ns3:hr>
            <ns3:cad>86</ns3:cad>
          </ns3:TrackPointExtension>
        </extensions>
      </trkpt>
      <trkpt lat="45.7027265243232250213623046875" lon="126.61030794493854045867919921875">
        <ele>164.399993896484375</ele>
        <time>2026-08-20T11:48:40.000Z</time>
        <extensions>
          <ns3:TrackPointExtension>
            <ns3:hr>185</ns3:hr>
            <ns3:cad>86</ns3:cad>
          </ns3:TrackPointExtension>
        </extensions>
      </trkpt>
      <trkpt lat="45.7027214951813220977783203125" lon="126.6102786920964717864990234375">
        <ele>164.399993896484375</ele>
        <time>2026-08-20T11:48:41.000Z</time>
        <extensions>
          <ns3:TrackPointExtension>
            <ns3:hr>185</ns3:hr>
            <ns3:cad>86</ns3:cad>
          </ns3:TrackPointExtension>
        </extensions>
      </trkpt>
      <trkpt lat="45.7027201540768146514892578125" lon="126.61023552529513835906982421875">
        <ele>164.1999969482421875</ele>
        <time>2026-08-20T11:48:42.000Z</time>
        <extensions>
          <ns3:TrackPointExtension>
            <ns3:hr>185</ns3:hr>
            <ns3:cad>86</ns3:cad>
          </ns3:TrackPointExtension>
        </extensions>
      </trkpt>
      <trkpt lat="45.70271202363073825836181640625" lon="126.61020736210048198699951171875">
        <ele>164.399993896484375</ele>
        <time>2026-08-20T11:48:43.000Z</time>
        <extensions>
          <ns3:TrackPointExtension>
            <ns3:hr>184</ns3:hr>
            <ns3:cad>87</ns3:cad>
          </ns3:TrackPointExtension>
        </extensions>
      </trkpt>
      <trkpt lat="45.70270699448883533477783203125" lon="126.61016310565173625946044921875">
        <ele>164.399993896484375</ele>
        <time>2026-08-20T11:48:44.000Z</time>
        <extensions>
          <ns3:TrackPointExtension>
            <ns3:hr>185</ns3:hr>
            <ns3:cad>87</ns3:cad>
          </ns3:TrackPointExtension>
        </extensions>
      </trkpt>
      <trkpt lat="45.70270213298499584197998046875" lon="126.61013209261000156402587890625">
        <ele>164.399993896484375</ele>
        <time>2026-08-20T11:48:45.000Z</time>
        <extensions>
          <ns3:TrackPointExtension>
            <ns3:hr>185</ns3:hr>
            <ns3:cad>87</ns3:cad>
          </ns3:TrackPointExtension>
        </extensions>
      </trkpt>
      <trkpt lat="45.70269559510052204132080078125" lon="126.61008775234222412109375">
        <ele>164.399993896484375</ele>
        <time>2026-08-20T11:48:46.000Z</time>
        <extensions>
          <ns3:TrackPointExtension>
            <ns3:hr>185</ns3:hr>
            <ns3:cad>87</ns3:cad>
          </ns3:TrackPointExtension>
        </extensions>
      </trkpt>
      <trkpt lat="45.70268905721604824066162109375" lon="126.61005380563437938690185546875">
        <ele>164.600006103515625</ele>
        <time>2026-08-20T11:48:47.000Z</time>
        <extensions>
          <ns3:TrackPointExtension>
            <ns3:hr>185</ns3:hr>
            <ns3:cad>87</ns3:cad>
          </ns3:TrackPointExtension>
        </extensions>
      </trkpt>
      <trkpt lat="45.70268503390252590179443359375" lon="126.6100165061652660369873046875">
        <ele>164.600006103515625</ele>
        <time>2026-08-20T11:48:48.000Z</time>
        <extensions>
          <ns3:TrackPointExtension>
            <ns3:hr>185</ns3:hr>
            <ns3:cad>87</ns3:cad>
          </ns3:TrackPointExtension>
        </extensions>
      </trkpt>
      <trkpt lat="45.7026849500834941864013671875" lon="126.609976105391979217529296875">
        <ele>164.600006103515625</ele>
        <time>2026-08-20T11:48:49.000Z</time>
        <extensions>
          <ns3:TrackPointExtension>
            <ns3:hr>185</ns3:hr>
            <ns3:cad>87</ns3:cad>
          </ns3:TrackPointExtension>
        </extensions>
      </trkpt>
      <trkpt lat="45.702680088579654693603515625" lon="126.609945595264434814453125">
        <ele>164.600006103515625</ele>
        <time>2026-08-20T11:48:50.000Z</time>
        <extensions>
          <ns3:TrackPointExtension>
            <ns3:hr>185</ns3:hr>
            <ns3:cad>87</ns3:cad>
          </ns3:TrackPointExtension>
        </extensions>
      </trkpt>
      <trkpt lat="45.702678747475147247314453125" lon="126.609906367957592010498046875">
        <ele>164.600006103515625</ele>
        <time>2026-08-20T11:48:51.000Z</time>
        <extensions>
          <ns3:TrackPointExtension>
            <ns3:hr>184</ns3:hr>
            <ns3:cad>86</ns3:cad>
          </ns3:TrackPointExtension>
        </extensions>
      </trkpt>
      <trkpt lat="45.702675394713878631591796875" lon="126.609872840344905853271484375">
        <ele>164.600006103515625</ele>
        <time>2026-08-20T11:48:52.000Z</time>
        <extensions>
          <ns3:TrackPointExtension>
            <ns3:hr>184</ns3:hr>
            <ns3:cad>86</ns3:cad>
          </ns3:TrackPointExtension>
        </extensions>
      </trkpt>
      <trkpt lat="45.70267237722873687744140625" lon="126.6098290868103504180908203125">
        <ele>164.600006103515625</ele>
        <time>2026-08-20T11:48:53.000Z</time>
        <extensions>
          <ns3:TrackPointExtension>
            <ns3:hr>183</ns3:hr>
            <ns3:cad>86</ns3:cad>
          </ns3:TrackPointExtension>
        </extensions>
      </trkpt>
      <trkpt lat="45.7026730477809906005859375" lon="126.60979346372187137603759765625">
        <ele>164.600006103515625</ele>
        <time>2026-08-20T11:48:54.000Z</time>
        <extensions>
          <ns3:TrackPointExtension>
            <ns3:hr>183</ns3:hr>
            <ns3:cad>86</ns3:cad>
          </ns3:TrackPointExtension>
        </extensions>
      </trkpt>
      <trkpt lat="45.702670700848102569580078125" lon="126.6097566671669483184814453125">
        <ele>164.600006103515625</ele>
        <time>2026-08-20T11:48:55.000Z</time>
        <extensions>
          <ns3:TrackPointExtension>
            <ns3:hr>183</ns3:hr>
            <ns3:cad>86</ns3:cad>
          </ns3:TrackPointExtension>
        </extensions>
      </trkpt>
      <trkpt lat="45.70267195813357830047607421875" lon="126.60972171463072299957275390625">
        <ele>164.8000030517578125</ele>
        <time>2026-08-20T11:48:56.000Z</time>
        <extensions>
          <ns3:TrackPointExtension>
            <ns3:hr>184</ns3:hr>
            <ns3:cad>86</ns3:cad>
          </ns3:TrackPointExtension>
        </extensions>
      </trkpt>
      <trkpt lat="45.7026718743145465850830078125" lon="126.60969003103673458099365234375">
        <ele>164.8000030517578125</ele>
        <time>2026-08-20T11:48:57.000Z</time>
        <extensions>
          <ns3:TrackPointExtension>
            <ns3:hr>184</ns3:hr>
            <ns3:cad>87</ns3:cad>
          </ns3:TrackPointExtension>
        </extensions>
      </trkpt>
      <trkpt lat="45.70268017239868640899658203125" lon="126.60964719951152801513671875">
        <ele>164.8000030517578125</ele>
        <time>2026-08-20T11:48:58.000Z</time>
        <extensions>
          <ns3:TrackPointExtension>
            <ns3:hr>184</ns3:hr>
            <ns3:cad>87</ns3:cad>
          </ns3:TrackPointExtension>
        </extensions>
      </trkpt>
      <trkpt lat="45.7026757299900054931640625" lon="126.60961635410785675048828125">
        <ele>164.8000030517578125</ele>
        <time>2026-08-20T11:48:59.000Z</time>
        <extensions>
          <ns3:TrackPointExtension>
            <ns3:hr>184</ns3:hr>
            <ns3:cad>87</ns3:cad>
          </ns3:TrackPointExtension>
        </extensions>
      </trkpt>
      <trkpt lat="45.7026799209415912628173828125" lon="126.60957687534391880035400390625">
        <ele>164.8000030517578125</ele>
        <time>2026-08-20T11:49:00.000Z</time>
        <extensions>
          <ns3:TrackPointExtension>
            <ns3:hr>184</ns3:hr>
            <ns3:cad>87</ns3:cad>
          </ns3:TrackPointExtension>
        </extensions>
      </trkpt>
      <trkpt lat="45.70267966948449611663818359375" lon="126.6095484606921672821044921875">
        <ele>164.8000030517578125</ele>
        <time>2026-08-20T11:49:01.000Z</time>
        <extensions>
          <ns3:TrackPointExtension>
            <ns3:hr>184</ns3:hr>
            <ns3:cad>87</ns3:cad>
          </ns3:TrackPointExtension>
        </extensions>
      </trkpt>
      <trkpt lat="45.70267916657030582427978515625" lon="126.60950948484241962432861328125">
        <ele>164.8000030517578125</ele>
        <time>2026-08-20T11:49:02.000Z</time>
        <extensions>
          <ns3:TrackPointExtension>
            <ns3:hr>184</ns3:hr>
            <ns3:cad>87</ns3:cad>
          </ns3:TrackPointExtension>
        </extensions>
      </trkpt>
      <trkpt lat="45.7026829384267330169677734375" lon="126.60947612486779689788818359375">
        <ele>164.8000030517578125</ele>
        <time>2026-08-20T11:49:03.000Z</time>
        <extensions>
          <ns3:TrackPointExtension>
            <ns3:hr>184</ns3:hr>
            <ns3:cad>87</ns3:cad>
          </ns3:TrackPointExtension>
        </extensions>
      </trkpt>
      <trkpt lat="45.70268034003674983978271484375" lon="126.60944276489317417144775390625">
        <ele>165</ele>
        <time>2026-08-20T11:49:04.000Z</time>
        <extensions>
          <ns3:TrackPointExtension>
            <ns3:hr>185</ns3:hr>
            <ns3:cad>87</ns3:cad>
          </ns3:TrackPointExtension>
        </extensions>
      </trkpt>
      <trkpt lat="45.70268000476062297821044921875" lon="126.60940001718699932098388671875">
        <ele>164.8000030517578125</ele>
        <time>2026-08-20T11:49:05.000Z</time>
        <extensions>
          <ns3:TrackPointExtension>
            <ns3:hr>185</ns3:hr>
            <ns3:cad>86</ns3:cad>
          </ns3:TrackPointExtension>
        </extensions>
      </trkpt>
      <trkpt lat="45.70267413742840290069580078125" lon="126.60936883650720119476318359375">
        <ele>164.8000030517578125</ele>
        <time>2026-08-20T11:49:06.000Z</time>
        <extensions>
          <ns3:TrackPointExtension>
            <ns3:hr>185</ns3:hr>
            <ns3:cad>86</ns3:cad>
          </ns3:TrackPointExtension>
        </extensions>
      </trkpt>
      <trkpt lat="45.7026715390384197235107421875" lon="126.60932625643908977508544921875">
        <ele>164.8000030517578125</ele>
        <time>2026-08-20T11:49:07.000Z</time>
        <extensions>
          <ns3:TrackPointExtension>
            <ns3:hr>185</ns3:hr>
            <ns3:cad>86</ns3:cad>
          </ns3:TrackPointExtension>
        </extensions>
      </trkpt>
      <trkpt lat="45.70266424678266048431396484375" lon="126.60929792560636997222900390625">
        <ele>164.600006103515625</ele>
        <time>2026-08-20T11:49:08.000Z</time>
        <extensions>
          <ns3:TrackPointExtension>
            <ns3:hr>186</ns3:hr>
            <ns3:cad>86</ns3:cad>
          </ns3:TrackPointExtension>
        </extensions>
      </trkpt>
      <trkpt lat="45.70266030728816986083984375" lon="126.60926020704209804534912109375">
        <ele>164.8000030517578125</ele>
        <time>2026-08-20T11:49:09.000Z</time>
        <extensions>
          <ns3:TrackPointExtension>
            <ns3:hr>186</ns3:hr>
            <ns3:cad>86</ns3:cad>
          </ns3:TrackPointExtension>
        </extensions>
      </trkpt>
      <trkpt lat="45.7026569545269012451171875" lon="126.60922349430620670318603515625">
        <ele>165.1999969482421875</ele>
        <time>2026-08-20T11:49:10.000Z</time>
        <extensions>
          <ns3:TrackPointExtension>
            <ns3:hr>186</ns3:hr>
            <ns3:cad>86</ns3:cad>
          </ns3:TrackPointExtension>
        </extensions>
      </trkpt>
      <trkpt lat="45.7026534341275691986083984375" lon="126.609186865389347076416015625">
        <ele>165.1999969482421875</ele>
        <time>2026-08-20T11:49:11.000Z</time>
        <extensions>
          <ns3:TrackPointExtension>
            <ns3:hr>186</ns3:hr>
            <ns3:cad>86</ns3:cad>
          </ns3:TrackPointExtension>
        </extensions>
      </trkpt>
      <trkpt lat="45.7026497460901737213134765625" lon="126.609157025814056396484375">
        <ele>165.1999969482421875</ele>
        <time>2026-08-20T11:49:12.000Z</time>
        <extensions>
          <ns3:TrackPointExtension>
            <ns3:hr>187</ns3:hr>
            <ns3:cad>86</ns3:cad>
          </ns3:TrackPointExtension>
        </extensions>
      </trkpt>
      <trkpt lat="45.70264144800603389739990234375" lon="126.60912643186748027801513671875">
        <ele>165.1999969482421875</ele>
        <time>2026-08-20T11:49:13.000Z</time>
        <extensions>
          <ns3:TrackPointExtension>
            <ns3:hr>187</ns3:hr>
            <ns3:cad>86</ns3:cad>
          </ns3:TrackPointExtension>
        </extensions>
      </trkpt>
      <trkpt lat="45.70263826288282871246337890625" lon="126.60909139551222324371337890625">
        <ele>165</ele>
        <time>2026-08-20T11:49:14.000Z</time>
        <extensions>
          <ns3:TrackPointExtension>
            <ns3:hr>187</ns3:hr>
            <ns3:cad>86</ns3:cad>
          </ns3:TrackPointExtension>
        </extensions>
      </trkpt>
      <trkpt lat="45.7026316411793231964111328125" lon="126.6090680100023746490478515625">
        <ele>164.600006103515625</ele>
        <time>2026-08-20T11:49:15.000Z</time>
        <extensions>
          <ns3:TrackPointExtension>
            <ns3:hr>187</ns3:hr>
            <ns3:cad>86</ns3:cad>
          </ns3:TrackPointExtension>
        </extensions>
      </trkpt>
      <trkpt lat="45.70263273082673549652099609375" lon="126.609024591743946075439453125">
        <ele>164.399993896484375</ele>
        <time>2026-08-20T11:49:16.000Z</time>
        <extensions>
          <ns3:TrackPointExtension>
            <ns3:hr>187</ns3:hr>
            <ns3:cad>86</ns3:cad>
          </ns3:TrackPointExtension>
        </extensions>
      </trkpt>
      <trkpt lat="45.7026289589703083038330078125" lon="126.60899332724511623382568359375">
        <ele>164.399993896484375</ele>
        <time>2026-08-20T11:49:17.000Z</time>
        <extensions>
          <ns3:TrackPointExtension>
            <ns3:hr>187</ns3:hr>
            <ns3:cad>86</ns3:cad>
          </ns3:TrackPointExtension>
        </extensions>
      </trkpt>
      <trkpt lat="45.70262887515127658843994140625" lon="126.60895259119570255279541015625">
        <ele>164.600006103515625</ele>
        <time>2026-08-20T11:49:18.000Z</time>
        <extensions>
          <ns3:TrackPointExtension>
            <ns3:hr>187</ns3:hr>
            <ns3:cad>87</ns3:cad>
          </ns3:TrackPointExtension>
        </extensions>
      </trkpt>
      <trkpt lat="45.70262351073324680328369140625" lon="126.608922667801380157470703125">
        <ele>164.399993896484375</ele>
        <time>2026-08-20T11:49:19.000Z</time>
        <extensions>
          <ns3:TrackPointExtension>
            <ns3:hr>187</ns3:hr>
            <ns3:cad>87</ns3:cad>
          </ns3:TrackPointExtension>
        </extensions>
      </trkpt>
      <trkpt lat="45.7026148773729801177978515625" lon="126.60887514241039752960205078125">
        <ele>164.399993896484375</ele>
        <time>2026-08-20T11:49:20.000Z</time>
        <extensions>
          <ns3:TrackPointExtension>
            <ns3:hr>188</ns3:hr>
            <ns3:cad>88</ns3:cad>
          </ns3:TrackPointExtension>
        </extensions>
      </trkpt>
      <trkpt lat="45.70260641165077686309814453125" lon="126.60884077660739421844482421875">
        <ele>164.600006103515625</ele>
        <time>2026-08-20T11:49:21.000Z</time>
        <extensions>
          <ns3:TrackPointExtension>
            <ns3:hr>187</ns3:hr>
            <ns3:cad>88</ns3:cad>
          </ns3:TrackPointExtension>
        </extensions>
      </trkpt>
      <trkpt lat="45.70260129868984222412109375" lon="126.6088021360337734222412109375">
        <ele>164.600006103515625</ele>
        <time>2026-08-20T11:49:22.000Z</time>
        <extensions>
          <ns3:TrackPointExtension>
            <ns3:hr>187</ns3:hr>
            <ns3:cad>87</ns3:cad>
          </ns3:TrackPointExtension>
        </extensions>
      </trkpt>
      <trkpt lat="45.70260205306112766265869140625" lon="126.60876399837434291839599609375">
        <ele>164.600006103515625</ele>
        <time>2026-08-20T11:49:23.000Z</time>
        <extensions>
          <ns3:TrackPointExtension>
            <ns3:hr>188</ns3:hr>
            <ns3:cad>87</ns3:cad>
          </ns3:TrackPointExtension>
        </extensions>
      </trkpt>
      <trkpt lat="45.702596604824066162109375" lon="126.60873214714229106903076171875">
        <ele>164.8000030517578125</ele>
        <time>2026-08-20T11:49:24.000Z</time>
        <extensions>
          <ns3:TrackPointExtension>
            <ns3:hr>187</ns3:hr>
            <ns3:cad>87</ns3:cad>
          </ns3:TrackPointExtension>
        </extensions>
      </trkpt>
      <trkpt lat="45.702601969242095947265625" lon="126.6086955182254314422607421875">
        <ele>164.8000030517578125</ele>
        <time>2026-08-20T11:49:25.000Z</time>
        <extensions>
          <ns3:TrackPointExtension>
            <ns3:hr>187</ns3:hr>
            <ns3:cad>87</ns3:cad>
          </ns3:TrackPointExtension>
        </extensions>
      </trkpt>
      <trkpt lat="45.7026021368801593780517578125" lon="126.60866911523044109344482421875">
        <ele>164.8000030517578125</ele>
        <time>2026-08-20T11:49:26.000Z</time>
        <extensions>
          <ns3:TrackPointExtension>
            <ns3:hr>188</ns3:hr>
            <ns3:cad>87</ns3:cad>
          </ns3:TrackPointExtension>
        </extensions>
      </trkpt>
      <trkpt lat="45.702606998383998870849609375" lon="126.60863055847585201263427734375">
        <ele>165</ele>
        <time>2026-08-20T11:49:27.000Z</time>
        <extensions>
          <ns3:TrackPointExtension>
            <ns3:hr>187</ns3:hr>
            <ns3:cad>86</ns3:cad>
          </ns3:TrackPointExtension>
        </extensions>
      </trkpt>
      <trkpt lat="45.70261378772556781768798828125" lon="126.608602814376354217529296875">
        <ele>165</ele>
        <time>2026-08-20T11:49:28.000Z</time>
        <extensions>
          <ns3:TrackPointExtension>
            <ns3:hr>188</ns3:hr>
            <ns3:cad>85</ns3:cad>
          </ns3:TrackPointExtension>
        </extensions>
      </trkpt>
      <trkpt lat="45.7026225887238979339599609375" lon="126.60856300033628940582275390625">
        <ele>165</ele>
        <time>2026-08-20T11:49:29.000Z</time>
        <extensions>
          <ns3:TrackPointExtension>
            <ns3:hr>187</ns3:hr>
            <ns3:cad>85</ns3:cad>
          </ns3:TrackPointExtension>
        </extensions>
      </trkpt>
      <trkpt lat="45.70263457484543323516845703125" lon="126.60853014327585697174072265625">
        <ele>165</ele>
        <time>2026-08-20T11:49:30.000Z</time>
        <extensions>
          <ns3:TrackPointExtension>
            <ns3:hr>187</ns3:hr>
            <ns3:cad>85</ns3:cad>
          </ns3:TrackPointExtension>
        </extensions>
      </trkpt>
      <trkpt lat="45.702638514339923858642578125" lon="126.60849711857736110687255859375">
        <ele>164.8000030517578125</ele>
        <time>2026-08-20T11:49:31.000Z</time>
        <extensions>
          <ns3:TrackPointExtension>
            <ns3:hr>187</ns3:hr>
            <ns3:cad>85</ns3:cad>
          </ns3:TrackPointExtension>
        </extensions>
      </trkpt>
      <trkpt lat="45.7026530988514423370361328125" lon="126.60846174694597721099853515625">
        <ele>164.8000030517578125</ele>
        <time>2026-08-20T11:49:32.000Z</time>
        <extensions>
          <ns3:TrackPointExtension>
            <ns3:hr>188</ns3:hr>
            <ns3:cad>85</ns3:cad>
          </ns3:TrackPointExtension>
        </extensions>
      </trkpt>
      <trkpt lat="45.70265754126012325286865234375" lon="126.60842687822878360748291015625">
        <ele>164.8000030517578125</ele>
        <time>2026-08-20T11:49:33.000Z</time>
        <extensions>
          <ns3:TrackPointExtension>
            <ns3:hr>188</ns3:hr>
            <ns3:cad>85</ns3:cad>
          </ns3:TrackPointExtension>
        </extensions>
      </trkpt>
      <trkpt lat="45.702671706676483154296875" lon="126.60838211886584758758544921875">
        <ele>164.8000030517578125</ele>
        <time>2026-08-20T11:49:34.000Z</time>
        <extensions>
          <ns3:TrackPointExtension>
            <ns3:hr>187</ns3:hr>
            <ns3:cad>86</ns3:cad>
          </ns3:TrackPointExtension>
        </extensions>
      </trkpt>
      <trkpt lat="45.7026738859713077545166015625" lon="126.6083485074341297149658203125">
        <ele>165</ele>
        <time>2026-08-20T11:49:35.000Z</time>
        <extensions>
          <ns3:TrackPointExtension>
            <ns3:hr>188</ns3:hr>
            <ns3:cad>86</ns3:cad>
          </ns3:TrackPointExtension>
        </extensions>
      </trkpt>
      <trkpt lat="45.7026809267699718475341796875" lon="126.6082972101867198944091796875">
        <ele>165</ele>
        <time>2026-08-20T11:49:36.000Z</time>
        <extensions>
          <ns3:TrackPointExtension>
            <ns3:hr>188</ns3:hr>
            <ns3:cad>87</ns3:cad>
          </ns3:TrackPointExtension>
        </extensions>
      </trkpt>
      <trkpt lat="45.7026758976280689239501953125" lon="126.608267538249492645263671875">
        <ele>165</ele>
        <time>2026-08-20T11:49:37.000Z</time>
        <extensions>
          <ns3:TrackPointExtension>
            <ns3:hr>188</ns3:hr>
            <ns3:cad>87</ns3:cad>
          </ns3:TrackPointExtension>
        </extensions>
      </trkpt>
      <trkpt lat="45.70267179049551486968994140625" lon="126.608205847442150115966796875">
        <ele>164.8000030517578125</ele>
        <time>2026-08-20T11:49:38.000Z</time>
        <extensions>
          <ns3:TrackPointExtension>
            <ns3:hr>187</ns3:hr>
            <ns3:cad>87</ns3:cad>
          </ns3:TrackPointExtension>
        </extensions>
      </trkpt>
      <trkpt lat="45.70266173221170902252197265625" lon="126.608160920441150665283203125">
        <ele>165</ele>
        <time>2026-08-20T11:49:39.000Z</time>
        <extensions>
          <ns3:TrackPointExtension>
            <ns3:hr>188</ns3:hr>
            <ns3:cad>87</ns3:cad>
          </ns3:TrackPointExtension>
        </extensions>
      </trkpt>
      <trkpt lat="45.7026587985455989837646484375" lon="126.60809956490993499755859375">
        <ele>164.8000030517578125</ele>
        <time>2026-08-20T11:49:40.000Z</time>
        <extensions>
          <ns3:TrackPointExtension>
            <ns3:hr>188</ns3:hr>
            <ns3:cad>88</ns3:cad>
          </ns3:TrackPointExtension>
        </extensions>
      </trkpt>
      <trkpt lat="45.70264957845211029052734375" lon="126.60806360654532909393310546875">
        <ele>164.8000030517578125</ele>
        <time>2026-08-20T11:49:41.000Z</time>
        <extensions>
          <ns3:TrackPointExtension>
            <ns3:hr>187</ns3:hr>
            <ns3:cad>88</ns3:cad>
          </ns3:TrackPointExtension>
        </extensions>
      </trkpt>
      <trkpt lat="45.702647902071475982666015625" lon="126.60802203230559825897216796875">
        <ele>165</ele>
        <time>2026-08-20T11:49:42.000Z</time>
        <extensions>
          <ns3:TrackPointExtension>
            <ns3:hr>188</ns3:hr>
            <ns3:cad>89</ns3:cad>
          </ns3:TrackPointExtension>
        </extensions>
      </trkpt>
      <trkpt lat="45.7026443816721439361572265625" lon="126.6079964675009250640869140625">
        <ele>165</ele>
        <time>2026-08-20T11:49:43.000Z</time>
        <extensions>
          <ns3:TrackPointExtension>
            <ns3:hr>188</ns3:hr>
            <ns3:cad>89</ns3:cad>
          </ns3:TrackPointExtension>
        </extensions>
      </trkpt>
      <trkpt lat="45.7026422023773193359375" lon="126.60796050913631916046142578125">
        <ele>165</ele>
        <time>2026-08-20T11:49:44.000Z</time>
        <extensions>
          <ns3:TrackPointExtension>
            <ns3:hr>188</ns3:hr>
            <ns3:cad>89</ns3:cad>
          </ns3:TrackPointExtension>
        </extensions>
      </trkpt>
      <trkpt lat="45.7026443816721439361572265625" lon="126.60792446695268154144287109375">
        <ele>165</ele>
        <time>2026-08-20T11:49:45.000Z</time>
        <extensions>
          <ns3:TrackPointExtension>
            <ns3:hr>188</ns3:hr>
            <ns3:cad>89</ns3:cad>
          </ns3:TrackPointExtension>
        </extensions>
      </trkpt>
      <trkpt lat="45.7026517577469348907470703125" lon="126.607888005673885345458984375">
        <ele>165</ele>
        <time>2026-08-20T11:49:46.000Z</time>
        <extensions>
          <ns3:TrackPointExtension>
            <ns3:hr>189</ns3:hr>
            <ns3:cad>87</ns3:cad>
          </ns3:TrackPointExtension>
        </extensions>
      </trkpt>
      <trkpt lat="45.70266290567815303802490234375" lon="126.6078452579677104949951171875">
        <ele>165</ele>
        <time>2026-08-20T11:49:47.000Z</time>
        <extensions>
          <ns3:TrackPointExtension>
            <ns3:hr>188</ns3:hr>
            <ns3:cad>87</ns3:cad>
          </ns3:TrackPointExtension>
        </extensions>
      </trkpt>
      <trkpt lat="45.70265905000269412994384765625" lon="126.6078093834221363067626953125">
        <ele>164.8000030517578125</ele>
        <time>2026-08-20T11:49:48.000Z</time>
        <extensions>
          <ns3:TrackPointExtension>
            <ns3:hr>188</ns3:hr>
            <ns3:cad>87</ns3:cad>
          </ns3:TrackPointExtension>
        </extensions>
      </trkpt>
      <trkpt lat="45.70265452377498149871826171875" lon="126.60776437260210514068603515625">
        <ele>164.8000030517578125</ele>
        <time>2026-08-20T11:49:49.000Z</time>
        <extensions>
          <ns3:TrackPointExtension>
            <ns3:hr>188</ns3:hr>
            <ns3:cad>87</ns3:cad>
          </ns3:TrackPointExtension>
        </extensions>
      </trkpt>
      <trkpt lat="45.7026453875005245208740234375" lon="126.6077376343309879302978515625">
        <ele>164.8000030517578125</ele>
        <time>2026-08-20T11:49:50.000Z</time>
        <extensions>
          <ns3:TrackPointExtension>
            <ns3:hr>188</ns3:hr>
            <ns3:cad>86</ns3:cad>
          </ns3:TrackPointExtension>
        </extensions>
      </trkpt>
      <trkpt lat="45.7026427052915096282958984375" lon="126.6076950542628765106201171875">
        <ele>164.8000030517578125</ele>
        <time>2026-08-20T11:49:51.000Z</time>
        <extensions>
          <ns3:TrackPointExtension>
            <ns3:hr>188</ns3:hr>
            <ns3:cad>86</ns3:cad>
          </ns3:TrackPointExtension>
        </extensions>
      </trkpt>
      <trkpt lat="45.70263876579701900482177734375" lon="126.60766580142080783843994140625">
        <ele>164.8000030517578125</ele>
        <time>2026-08-20T11:49:52.000Z</time>
        <extensions>
          <ns3:TrackPointExtension>
            <ns3:hr>189</ns3:hr>
            <ns3:cad>87</ns3:cad>
          </ns3:TrackPointExtension>
        </extensions>
      </trkpt>
      <trkpt lat="45.7026376761496067047119140625" lon="126.60762188024818897247314453125">
        <ele>164.8000030517578125</ele>
        <time>2026-08-20T11:49:53.000Z</time>
        <extensions>
          <ns3:TrackPointExtension>
            <ns3:hr>188</ns3:hr>
            <ns3:cad>88</ns3:cad>
          </ns3:TrackPointExtension>
        </extensions>
      </trkpt>
      <trkpt lat="45.70263256318867206573486328125" lon="126.6075927950441837310791015625">
        <ele>164.8000030517578125</ele>
        <time>2026-08-20T11:49:54.000Z</time>
        <extensions>
          <ns3:TrackPointExtension>
            <ns3:hr>188</ns3:hr>
            <ns3:cad>88</ns3:cad>
          </ns3:TrackPointExtension>
        </extensions>
      </trkpt>
      <trkpt lat="45.70262971334159374237060546875" lon="126.607553400099277496337890625">
        <ele>164.8000030517578125</ele>
        <time>2026-08-20T11:49:55.000Z</time>
        <extensions>
          <ns3:TrackPointExtension>
            <ns3:hr>188</ns3:hr>
            <ns3:cad>88</ns3:cad>
          </ns3:TrackPointExtension>
        </extensions>
      </trkpt>
      <trkpt lat="45.70262468419969081878662109375" lon="126.6075223870575428009033203125">
        <ele>164.8000030517578125</ele>
        <time>2026-08-20T11:49:56.000Z</time>
        <extensions>
          <ns3:TrackPointExtension>
            <ns3:hr>188</ns3:hr>
            <ns3:cad>88</ns3:cad>
          </ns3:TrackPointExtension>
        </extensions>
      </trkpt>
      <trkpt lat="45.70262133143842220306396484375" lon="126.60748760215938091278076171875">
        <ele>164.8000030517578125</ele>
        <time>2026-08-20T11:49:57.000Z</time>
        <extensions>
          <ns3:TrackPointExtension>
            <ns3:hr>188</ns3:hr>
            <ns3:cad>87</ns3:cad>
          </ns3:TrackPointExtension>
        </extensions>
      </trkpt>
      <trkpt lat="45.7026178948581218719482421875" lon="126.6074563376605510711669921875">
        <ele>165</ele>
        <time>2026-08-20T11:49:58.000Z</time>
        <extensions>
          <ns3:TrackPointExtension>
            <ns3:hr>188</ns3:hr>
            <ns3:cad>87</ns3:cad>
          </ns3:TrackPointExtension>
        </extensions>
      </trkpt>
      <trkpt lat="45.70261060260236263275146484375" lon="126.60742255859076976776123046875">
        <ele>165</ele>
        <time>2026-08-20T11:49:59.000Z</time>
        <extensions>
          <ns3:TrackPointExtension>
            <ns3:hr>188</ns3:hr>
            <ns3:cad>88</ns3:cad>
          </ns3:TrackPointExtension>
        </extensions>
      </trkpt>
      <trkpt lat="45.7026098482310771942138671875" lon="126.607384420931339263916015625">
        <ele>165</ele>
        <time>2026-08-20T11:50:00.000Z</time>
        <extensions>
          <ns3:TrackPointExtension>
            <ns3:hr>188</ns3:hr>
            <ns3:cad>88</ns3:cad>
          </ns3:TrackPointExtension>
        </extensions>
      </trkpt>
      <trkpt lat="45.70260171778500080108642578125" lon="126.60735047422349452972412109375">
        <ele>165</ele>
        <time>2026-08-20T11:50:01.000Z</time>
        <extensions>
          <ns3:TrackPointExtension>
            <ns3:hr>188</ns3:hr>
            <ns3:cad>88</ns3:cad>
          </ns3:TrackPointExtension>
        </extensions>
      </trkpt>
      <trkpt lat="45.70259836502373218536376953125" lon="126.60730831325054168701171875">
        <ele>165</ele>
        <time>2026-08-20T11:50:02.000Z</time>
        <extensions>
          <ns3:TrackPointExtension>
            <ns3:hr>188</ns3:hr>
            <ns3:cad>87</ns3:cad>
          </ns3:TrackPointExtension>
        </extensions>
      </trkpt>
      <trkpt lat="45.70259450934827327728271484375" lon="126.607277803122997283935546875">
        <ele>165</ele>
        <time>2026-08-20T11:50:03.000Z</time>
        <extensions>
          <ns3:TrackPointExtension>
            <ns3:hr>189</ns3:hr>
            <ns3:cad>87</ns3:cad>
          </ns3:TrackPointExtension>
        </extensions>
      </trkpt>
      <trkpt lat="45.7025870494544506072998046875" lon="126.60723346285521984100341796875">
        <ele>165</ele>
        <time>2026-08-20T11:50:04.000Z</time>
        <extensions>
          <ns3:TrackPointExtension>
            <ns3:hr>189</ns3:hr>
            <ns3:cad>87</ns3:cad>
          </ns3:TrackPointExtension>
        </extensions>
      </trkpt>
      <trkpt lat="45.70257841609418392181396484375" lon="126.6072045452892780303955078125">
        <ele>165.1999969482421875</ele>
        <time>2026-08-20T11:50:05.000Z</time>
        <extensions>
          <ns3:TrackPointExtension>
            <ns3:hr>189</ns3:hr>
            <ns3:cad>87</ns3:cad>
          </ns3:TrackPointExtension>
        </extensions>
      </trkpt>
      <trkpt lat="45.70257456041872501373291015625" lon="126.607153080403804779052734375">
        <ele>165.1999969482421875</ele>
        <time>2026-08-20T11:50:06.000Z</time>
        <extensions>
          <ns3:TrackPointExtension>
            <ns3:hr>189</ns3:hr>
            <ns3:cad>87</ns3:cad>
          </ns3:TrackPointExtension>
        </extensions>
      </trkpt>
      <trkpt lat="45.70256668142974376678466796875" lon="126.60712248645722866058349609375">
        <ele>165.1999969482421875</ele>
        <time>2026-08-20T11:50:07.000Z</time>
        <extensions>
          <ns3:TrackPointExtension>
            <ns3:hr>190</ns3:hr>
            <ns3:cad>87</ns3:cad>
          </ns3:TrackPointExtension>
        </extensions>
      </trkpt>
      <trkpt lat="45.70256232284009456634521484375" lon="126.60708024166524410247802734375">
        <ele>165.1999969482421875</ele>
        <time>2026-08-20T11:50:08.000Z</time>
        <extensions>
          <ns3:TrackPointExtension>
            <ns3:hr>190</ns3:hr>
            <ns3:cad>87</ns3:cad>
          </ns3:TrackPointExtension>
        </extensions>
      </trkpt>
      <trkpt lat="45.70255461148917675018310546875" lon="126.607043780386447906494140625">
        <ele>165.1999969482421875</ele>
        <time>2026-08-20T11:50:09.000Z</time>
        <extensions>
          <ns3:TrackPointExtension>
            <ns3:hr>190</ns3:hr>
            <ns3:cad>86</ns3:cad>
          </ns3:TrackPointExtension>
        </extensions>
      </trkpt>
      <trkpt lat="45.702553354203701019287109375" lon="126.6070072352886199951171875">
        <ele>165.1999969482421875</ele>
        <time>2026-08-20T11:50:10.000Z</time>
        <extensions>
          <ns3:TrackPointExtension>
            <ns3:hr>190</ns3:hr>
            <ns3:cad>86</ns3:cad>
          </ns3:TrackPointExtension>
        </extensions>
      </trkpt>
      <trkpt lat="45.70255829952657222747802734375" lon="126.60697278566658496856689453125">
        <ele>165.1999969482421875</ele>
        <time>2026-08-20T11:50:11.000Z</time>
        <extensions>
          <ns3:TrackPointExtension>
            <ns3:hr>190</ns3:hr>
            <ns3:cad>86</ns3:cad>
          </ns3:TrackPointExtension>
        </extensions>
      </trkpt>
      <trkpt lat="45.70255511440336704254150390625" lon="126.60694311372935771942138671875">
        <ele>165.1999969482421875</ele>
        <time>2026-08-20T11:50:12.000Z</time>
        <extensions>
          <ns3:TrackPointExtension>
            <ns3:hr>191</ns3:hr>
            <ns3:cad>87</ns3:cad>
          </ns3:TrackPointExtension>
        </extensions>
      </trkpt>
      <trkpt lat="45.70255410857498645782470703125" lon="126.6069078259170055389404296875">
        <ele>165.399993896484375</ele>
        <time>2026-08-20T11:50:13.000Z</time>
        <extensions>
          <ns3:TrackPointExtension>
            <ns3:hr>190</ns3:hr>
            <ns3:cad>87</ns3:cad>
          </ns3:TrackPointExtension>
        </extensions>
      </trkpt>
      <trkpt lat="45.70254052989184856414794921875" lon="126.6068810038268566131591796875">
        <ele>165.399993896484375</ele>
        <time>2026-08-20T11:50:14.000Z</time>
        <extensions>
          <ns3:TrackPointExtension>
            <ns3:hr>190</ns3:hr>
            <ns3:cad>87</ns3:cad>
          </ns3:TrackPointExtension>
        </extensions>
      </trkpt>
      <trkpt lat="45.7025349140167236328125" lon="126.60684504546225070953369140625">
        <ele>165.399993896484375</ele>
        <time>2026-08-20T11:50:15.000Z</time>
        <extensions>
          <ns3:TrackPointExtension>
            <ns3:hr>191</ns3:hr>
            <ns3:cad>87</ns3:cad>
          </ns3:TrackPointExtension>
        </extensions>
      </trkpt>
      <trkpt lat="45.70253030396997928619384765625" lon="126.60681503824889659881591796875">
        <ele>165.399993896484375</ele>
        <time>2026-08-20T11:50:16.000Z</time>
        <extensions>
          <ns3:TrackPointExtension>
            <ns3:hr>190</ns3:hr>
            <ns3:cad>87</ns3:cad>
          </ns3:TrackPointExtension>
        </extensions>
      </trkpt>
      <trkpt lat="45.702523849904537200927734375" lon="126.60678503103554248809814453125">
        <ele>165.1999969482421875</ele>
        <time>2026-08-20T11:50:17.000Z</time>
        <extensions>
          <ns3:TrackPointExtension>
            <ns3:hr>189</ns3:hr>
            <ns3:cad>87</ns3:cad>
          </ns3:TrackPointExtension>
        </extensions>
      </trkpt>
      <trkpt lat="45.70252376608550548553466796875" lon="126.606746055185794830322265625">
        <ele>165.1999969482421875</ele>
        <time>2026-08-20T11:50:18.000Z</time>
        <extensions>
          <ns3:TrackPointExtension>
            <ns3:hr>189</ns3:hr>
            <ns3:cad>87</ns3:cad>
          </ns3:TrackPointExtension>
        </extensions>
      </trkpt>
      <trkpt lat="45.70252024568617343902587890625" lon="126.6067135334014892578125">
        <ele>165.1999969482421875</ele>
        <time>2026-08-20T11:50:19.000Z</time>
        <extensions>
          <ns3:TrackPointExtension>
            <ns3:hr>190</ns3:hr>
            <ns3:cad>87</ns3:cad>
          </ns3:TrackPointExtension>
        </extensions>
      </trkpt>
      <trkpt lat="45.7025220058858394622802734375" lon="126.6066774912178516387939453125">
        <ele>165.1999969482421875</ele>
        <time>2026-08-20T11:50:20.000Z</time>
        <extensions>
          <ns3:TrackPointExtension>
            <ns3:hr>190</ns3:hr>
            <ns3:cad>87</ns3:cad>
          </ns3:TrackPointExtension>
        </extensions>
      </trkpt>
      <trkpt lat="45.70251923985779285430908203125" lon="126.6066479869186878204345703125">
        <ele>165.1999969482421875</ele>
        <time>2026-08-20T11:50:21.000Z</time>
        <extensions>
          <ns3:TrackPointExtension>
            <ns3:hr>190</ns3:hr>
            <ns3:cad>85</ns3:cad>
          </ns3:TrackPointExtension>
        </extensions>
      </trkpt>
      <trkpt lat="45.7025174796581268310546875" lon="126.60661119036376476287841796875">
        <ele>165.1999969482421875</ele>
        <time>2026-08-20T11:50:22.000Z</time>
        <extensions>
          <ns3:TrackPointExtension>
            <ns3:hr>190</ns3:hr>
            <ns3:cad>85</ns3:cad>
          </ns3:TrackPointExtension>
        </extensions>
      </trkpt>
      <trkpt lat="45.70252091623842716217041015625" lon="126.6065753996372222900390625">
        <ele>165.1999969482421875</ele>
        <time>2026-08-20T11:50:23.000Z</time>
        <extensions>
          <ns3:TrackPointExtension>
            <ns3:hr>190</ns3:hr>
            <ns3:cad>85</ns3:cad>
          </ns3:TrackPointExtension>
        </extensions>
      </trkpt>
      <trkpt lat="45.70251672528684139251708984375" lon="126.6065484099090099334716796875">
        <ele>165</ele>
        <time>2026-08-20T11:50:24.000Z</time>
        <extensions>
          <ns3:TrackPointExtension>
            <ns3:hr>190</ns3:hr>
            <ns3:cad>85</ns3:cad>
          </ns3:TrackPointExtension>
        </extensions>
      </trkpt>
      <trkpt lat="45.70251354016363620758056640625" lon="126.6065122000873088836669921875">
        <ele>165</ele>
        <time>2026-08-20T11:50:25.000Z</time>
        <extensions>
          <ns3:TrackPointExtension>
            <ns3:hr>190</ns3:hr>
            <ns3:cad>85</ns3:cad>
          </ns3:TrackPointExtension>
        </extensions>
      </trkpt>
      <trkpt lat="45.70251303724944591522216796875" lon="126.6064840368926525115966796875">
        <ele>165</ele>
        <time>2026-08-20T11:50:26.000Z</time>
        <extensions>
          <ns3:TrackPointExtension>
            <ns3:hr>190</ns3:hr>
            <ns3:cad>85</ns3:cad>
          </ns3:TrackPointExtension>
        </extensions>
      </trkpt>
      <trkpt lat="45.70251270197331905364990234375" lon="126.60644656978547573089599609375">
        <ele>165.1999969482421875</ele>
        <time>2026-08-20T11:50:27.000Z</time>
        <extensions>
          <ns3:TrackPointExtension>
            <ns3:hr>190</ns3:hr>
            <ns3:cad>85</ns3:cad>
          </ns3:TrackPointExtension>
        </extensions>
      </trkpt>
      <trkpt lat="45.70251102559268474578857421875" lon="126.6064146347343921661376953125">
        <ele>165.1999969482421875</ele>
        <time>2026-08-20T11:50:28.000Z</time>
        <extensions>
          <ns3:TrackPointExtension>
            <ns3:hr>190</ns3:hr>
            <ns3:cad>85</ns3:cad>
          </ns3:TrackPointExtension>
        </extensions>
      </trkpt>
      <trkpt lat="45.7025096006691455841064453125" lon="126.60638756118714809417724609375">
        <ele>165.1999969482421875</ele>
        <time>2026-08-20T11:50:29.000Z</time>
        <extensions>
          <ns3:TrackPointExtension>
            <ns3:hr>190</ns3:hr>
            <ns3:cad>85</ns3:cad>
          </ns3:TrackPointExtension>
        </extensions>
      </trkpt>
      <trkpt lat="45.70250934921205043792724609375" lon="126.6063606552779674530029296875">
        <ele>165.1999969482421875</ele>
        <time>2026-08-20T11:50:30.000Z</time>
        <extensions>
          <ns3:TrackPointExtension>
            <ns3:hr>190</ns3:hr>
            <ns3:cad>85</ns3:cad>
          </ns3:TrackPointExtension>
        </extensions>
      </trkpt>
      <trkpt lat="45.7025067508220672607421875" lon="126.606332994997501373291015625">
        <ele>165.399993896484375</ele>
        <time>2026-08-20T11:50:31.000Z</time>
        <extensions>
          <ns3:TrackPointExtension>
            <ns3:hr>190</ns3:hr>
            <ns3:cad>86</ns3:cad>
          </ns3:TrackPointExtension>
        </extensions>
      </trkpt>
      <trkpt lat="45.70250331424176692962646484375" lon="126.60630055703222751617431640625">
        <ele>165.399993896484375</ele>
        <time>2026-08-20T11:50:32.000Z</time>
        <extensions>
          <ns3:TrackPointExtension>
            <ns3:hr>190</ns3:hr>
            <ns3:cad>86</ns3:cad>
          </ns3:TrackPointExtension>
        </extensions>
      </trkpt>
      <trkpt lat="45.70249794982373714447021484375" lon="126.60627222619950771331787109375">
        <ele>165.399993896484375</ele>
        <time>2026-08-20T11:50:33.000Z</time>
        <extensions>
          <ns3:TrackPointExtension>
            <ns3:hr>190</ns3:hr>
            <ns3:cad>86</ns3:cad>
          </ns3:TrackPointExtension>
        </extensions>
      </trkpt>
      <trkpt lat="45.7024928368628025054931640625" lon="126.60624104551970958709716796875">
        <ele>165.399993896484375</ele>
        <time>2026-08-20T11:50:34.000Z</time>
        <extensions>
          <ns3:TrackPointExtension>
            <ns3:hr>189</ns3:hr>
            <ns3:cad>86</ns3:cad>
          </ns3:TrackPointExtension>
        </extensions>
      </trkpt>
      <trkpt lat="45.7024935074150562286376953125" lon="126.60620450042188167572021484375">
        <ele>165.399993896484375</ele>
        <time>2026-08-20T11:50:35.000Z</time>
        <extensions>
          <ns3:TrackPointExtension>
            <ns3:hr>189</ns3:hr>
            <ns3:cad>86</ns3:cad>
          </ns3:TrackPointExtension>
        </extensions>
      </trkpt>
      <trkpt lat="45.7024881429970264434814453125" lon="126.606172062456607818603515625">
        <ele>165.399993896484375</ele>
        <time>2026-08-20T11:50:36.000Z</time>
        <extensions>
          <ns3:TrackPointExtension>
            <ns3:hr>189</ns3:hr>
            <ns3:cad>85</ns3:cad>
          </ns3:TrackPointExtension>
        </extensions>
      </trkpt>
      <trkpt lat="45.702490322291851043701171875" lon="126.60613560117781162261962890625">
        <ele>165.399993896484375</ele>
        <time>2026-08-20T11:50:37.000Z</time>
        <extensions>
          <ns3:TrackPointExtension>
            <ns3:hr>190</ns3:hr>
            <ns3:cad>85</ns3:cad>
          </ns3:TrackPointExtension>
        </extensions>
      </trkpt>
      <trkpt lat="45.702488310635089874267578125" lon="126.606105677783489227294921875">
        <ele>165.1999969482421875</ele>
        <time>2026-08-20T11:50:38.000Z</time>
        <extensions>
          <ns3:TrackPointExtension>
            <ns3:hr>189</ns3:hr>
            <ns3:cad>86</ns3:cad>
          </ns3:TrackPointExtension>
        </extensions>
      </trkpt>
      <trkpt lat="45.70248956792056560516357421875" lon="126.60606485791504383087158203125">
        <ele>165.1999969482421875</ele>
        <time>2026-08-20T11:50:39.000Z</time>
        <extensions>
          <ns3:TrackPointExtension>
            <ns3:hr>189</ns3:hr>
            <ns3:cad>86</ns3:cad>
          </ns3:TrackPointExtension>
        </extensions>
      </trkpt>
      <trkpt lat="45.7024831138551235198974609375" lon="126.6060408018529415130615234375">
        <ele>165.399993896484375</ele>
        <time>2026-08-20T11:50:40.000Z</time>
        <extensions>
          <ns3:TrackPointExtension>
            <ns3:hr>189</ns3:hr>
            <ns3:cad>86</ns3:cad>
          </ns3:TrackPointExtension>
        </extensions>
      </trkpt>
      <trkpt lat="45.70248059928417205810546875" lon="126.60599512048065662384033203125">
        <ele>165.399993896484375</ele>
        <time>2026-08-20T11:50:41.000Z</time>
        <extensions>
          <ns3:TrackPointExtension>
            <ns3:hr>188</ns3:hr>
            <ns3:cad>86</ns3:cad>
          </ns3:TrackPointExtension>
        </extensions>
      </trkpt>
      <trkpt lat="45.70247716270387172698974609375" lon="126.60596477799117565155029296875">
        <ele>165.399993896484375</ele>
        <time>2026-08-20T11:50:42.000Z</time>
        <extensions>
          <ns3:TrackPointExtension>
            <ns3:hr>188</ns3:hr>
            <ns3:cad>86</ns3:cad>
          </ns3:TrackPointExtension>
        </extensions>
      </trkpt>
      <trkpt lat="45.7024723850190639495849609375" lon="126.60592404194176197052001953125">
        <ele>165.399993896484375</ele>
        <time>2026-08-20T11:50:43.000Z</time>
        <extensions>
          <ns3:TrackPointExtension>
            <ns3:hr>188</ns3:hr>
            <ns3:cad>87</ns3:cad>
          </ns3:TrackPointExtension>
        </extensions>
      </trkpt>
      <trkpt lat="45.70246450603008270263671875" lon="126.60588942468166351318359375">
        <ele>165.399993896484375</ele>
        <time>2026-08-20T11:50:44.000Z</time>
        <extensions>
          <ns3:TrackPointExtension>
            <ns3:hr>188</ns3:hr>
            <ns3:cad>87</ns3:cad>
          </ns3:TrackPointExtension>
        </extensions>
      </trkpt>
      <trkpt lat="45.70245503447949886322021484375" lon="126.60585966892540454864501953125">
        <ele>165.399993896484375</ele>
        <time>2026-08-20T11:50:45.000Z</time>
        <extensions>
          <ns3:TrackPointExtension>
            <ns3:hr>188</ns3:hr>
            <ns3:cad>85</ns3:cad>
          </ns3:TrackPointExtension>
        </extensions>
      </trkpt>
      <trkpt lat="45.70245084352791309356689453125" lon="126.60582010634243488311767578125">
        <ele>165.399993896484375</ele>
        <time>2026-08-20T11:50:46.000Z</time>
        <extensions>
          <ns3:TrackPointExtension>
            <ns3:hr>188</ns3:hr>
            <ns3:cad>86</ns3:cad>
          </ns3:TrackPointExtension>
        </extensions>
      </trkpt>
      <trkpt lat="45.70244749076664447784423828125" lon="126.6057926975190639495849609375">
        <ele>165.399993896484375</ele>
        <time>2026-08-20T11:50:47.000Z</time>
        <extensions>
          <ns3:TrackPointExtension>
            <ns3:hr>188</ns3:hr>
            <ns3:cad>86</ns3:cad>
          </ns3:TrackPointExtension>
        </extensions>
      </trkpt>
      <trkpt lat="45.7024415396153926849365234375" lon="126.60574919544160366058349609375">
        <ele>165.1999969482421875</ele>
        <time>2026-08-20T11:50:48.000Z</time>
        <extensions>
          <ns3:TrackPointExtension>
            <ns3:hr>188</ns3:hr>
            <ns3:cad>86</ns3:cad>
          </ns3:TrackPointExtension>
        </extensions>
      </trkpt>
      <trkpt lat="45.70243290625512599945068359375" lon="126.60571164451539516448974609375">
        <ele>165.399993896484375</ele>
        <time>2026-08-20T11:50:49.000Z</time>
        <extensions>
          <ns3:TrackPointExtension>
            <ns3:hr>188</ns3:hr>
            <ns3:cad>86</ns3:cad>
          </ns3:TrackPointExtension>
        </extensions>
      </trkpt>
      <trkpt lat="45.70242561399936676025390625" lon="126.60566939972341060638427734375">
        <ele>165.399993896484375</ele>
        <time>2026-08-20T11:50:50.000Z</time>
        <extensions>
          <ns3:TrackPointExtension>
            <ns3:hr>188</ns3:hr>
            <ns3:cad>86</ns3:cad>
          </ns3:TrackPointExtension>
        </extensions>
      </trkpt>
      <trkpt lat="45.70241882465779781341552734375" lon="126.60563729703426361083984375">
        <ele>165.399993896484375</ele>
        <time>2026-08-20T11:50:51.000Z</time>
        <extensions>
          <ns3:TrackPointExtension>
            <ns3:hr>188</ns3:hr>
            <ns3:cad>86</ns3:cad>
          </ns3:TrackPointExtension>
        </extensions>
      </trkpt>
      <trkpt lat="45.7024123705923557281494140625" lon="126.605608463287353515625">
        <ele>165.399993896484375</ele>
        <time>2026-08-20T11:50:52.000Z</time>
        <extensions>
          <ns3:TrackPointExtension>
            <ns3:hr>188</ns3:hr>
            <ns3:cad>86</ns3:cad>
          </ns3:TrackPointExtension>
        </extensions>
      </trkpt>
      <trkpt lat="45.7024100236594676971435546875" lon="126.60556982271373271942138671875">
        <ele>165.399993896484375</ele>
        <time>2026-08-20T11:50:53.000Z</time>
        <extensions>
          <ns3:TrackPointExtension>
            <ns3:hr>188</ns3:hr>
            <ns3:cad>86</ns3:cad>
          </ns3:TrackPointExtension>
        </extensions>
      </trkpt>
      <trkpt lat="45.70240323431789875030517578125" lon="126.60554652102291584014892578125">
        <ele>165.399993896484375</ele>
        <time>2026-08-20T11:50:54.000Z</time>
        <extensions>
          <ns3:TrackPointExtension>
            <ns3:hr>188</ns3:hr>
            <ns3:cad>86</ns3:cad>
          </ns3:TrackPointExtension>
        </extensions>
      </trkpt>
      <trkpt lat="45.702403821051120758056640625" lon="126.60550394095480442047119140625">
        <ele>165.1999969482421875</ele>
        <time>2026-08-20T11:50:55.000Z</time>
        <extensions>
          <ns3:TrackPointExtension>
            <ns3:hr>188</ns3:hr>
            <ns3:cad>86</ns3:cad>
          </ns3:TrackPointExtension>
        </extensions>
      </trkpt>
      <trkpt lat="45.70240256376564502716064453125" lon="126.6054782085120677947998046875">
        <ele>165.399993896484375</ele>
        <time>2026-08-20T11:50:56.000Z</time>
        <extensions>
          <ns3:TrackPointExtension>
            <ns3:hr>187</ns3:hr>
            <ns3:cad>85</ns3:cad>
          </ns3:TrackPointExtension>
        </extensions>
      </trkpt>
      <trkpt lat="45.702404491603374481201171875" lon="126.605440489947795867919921875">
        <ele>165.399993896484375</ele>
        <time>2026-08-20T11:50:57.000Z</time>
        <extensions>
          <ns3:TrackPointExtension>
            <ns3:hr>188</ns3:hr>
            <ns3:cad>85</ns3:cad>
          </ns3:TrackPointExtension>
        </extensions>
      </trkpt>
      <trkpt lat="45.70240281522274017333984375" lon="126.60540402866899967193603515625">
        <ele>165.1999969482421875</ele>
        <time>2026-08-20T11:50:58.000Z</time>
        <extensions>
          <ns3:TrackPointExtension>
            <ns3:hr>188</ns3:hr>
            <ns3:cad>85</ns3:cad>
          </ns3:TrackPointExtension>
        </extensions>
      </trkpt>
      <trkpt lat="45.70239434950053691864013671875" lon="126.60537569783627986907958984375">
        <ele>165.1999969482421875</ele>
        <time>2026-08-20T11:50:59.000Z</time>
        <extensions>
          <ns3:TrackPointExtension>
            <ns3:hr>187</ns3:hr>
            <ns3:cad>85</ns3:cad>
          </ns3:TrackPointExtension>
        </extensions>
      </trkpt>
      <trkpt lat="45.702387727797031402587890625" lon="126.60533647052943706512451171875">
        <ele>165.399993896484375</ele>
        <time>2026-08-20T11:51:00.000Z</time>
        <extensions>
          <ns3:TrackPointExtension>
            <ns3:hr>188</ns3:hr>
            <ns3:cad>85</ns3:cad>
          </ns3:TrackPointExtension>
        </extensions>
      </trkpt>
      <trkpt lat="45.7023788429796695709228515625" lon="126.60531266592442989349365234375">
        <ele>165.399993896484375</ele>
        <time>2026-08-20T11:51:01.000Z</time>
        <extensions>
          <ns3:TrackPointExtension>
            <ns3:hr>188</ns3:hr>
            <ns3:cad>85</ns3:cad>
          </ns3:TrackPointExtension>
        </extensions>
      </trkpt>
      <trkpt lat="45.70237465202808380126953125" lon="126.60526958294212818145751953125">
        <ele>165.399993896484375</ele>
        <time>2026-08-20T11:51:02.000Z</time>
        <extensions>
          <ns3:TrackPointExtension>
            <ns3:hr>187</ns3:hr>
            <ns3:cad>85</ns3:cad>
          </ns3:TrackPointExtension>
        </extensions>
      </trkpt>
      <trkpt lat="45.70237305946648120880126953125" lon="126.60523471422493457794189453125">
        <ele>165.399993896484375</ele>
        <time>2026-08-20T11:51:03.000Z</time>
        <extensions>
          <ns3:TrackPointExtension>
            <ns3:hr>188</ns3:hr>
            <ns3:cad>86</ns3:cad>
          </ns3:TrackPointExtension>
        </extensions>
      </trkpt>
      <trkpt lat="45.702371299266815185546875" lon="126.60519381053745746612548828125">
        <ele>165.399993896484375</ele>
        <time>2026-08-20T11:51:04.000Z</time>
        <extensions>
          <ns3:TrackPointExtension>
            <ns3:hr>188</ns3:hr>
            <ns3:cad>86</ns3:cad>
          </ns3:TrackPointExtension>
        </extensions>
      </trkpt>
      <trkpt lat="45.70236434228718280792236328125" lon="126.6051578521728515625">
        <ele>165.399993896484375</ele>
        <time>2026-08-20T11:51:05.000Z</time>
        <extensions>
          <ns3:TrackPointExtension>
            <ns3:hr>187</ns3:hr>
            <ns3:cad>86</ns3:cad>
          </ns3:TrackPointExtension>
        </extensions>
      </trkpt>
      <trkpt lat="45.70236082188785076141357421875" lon="126.605128683149814605712890625">
        <ele>165.399993896484375</ele>
        <time>2026-08-20T11:51:06.000Z</time>
        <extensions>
          <ns3:TrackPointExtension>
            <ns3:hr>187</ns3:hr>
            <ns3:cad>87</ns3:cad>
          </ns3:TrackPointExtension>
        </extensions>
      </trkpt>
      <trkpt lat="45.70236098952591419219970703125" lon="126.605086438357830047607421875">
        <ele>165.399993896484375</ele>
        <time>2026-08-20T11:51:07.000Z</time>
        <extensions>
          <ns3:TrackPointExtension>
            <ns3:hr>187</ns3:hr>
            <ns3:cad>87</ns3:cad>
          </ns3:TrackPointExtension>
        </extensions>
      </trkpt>
      <trkpt lat="45.70235294289886951446533203125" lon="126.60506288520991802215576171875">
        <ele>165.399993896484375</ele>
        <time>2026-08-20T11:51:08.000Z</time>
        <extensions>
          <ns3:TrackPointExtension>
            <ns3:hr>188</ns3:hr>
            <ns3:cad>86</ns3:cad>
          </ns3:TrackPointExtension>
        </extensions>
      </trkpt>
      <trkpt lat="45.70234908722341060638427734375" lon="126.60502768121659755706787109375">
        <ele>165.399993896484375</ele>
        <time>2026-08-20T11:51:09.000Z</time>
        <extensions>
          <ns3:TrackPointExtension>
            <ns3:hr>187</ns3:hr>
            <ns3:cad>85</ns3:cad>
          </ns3:TrackPointExtension>
        </extensions>
      </trkpt>
      <trkpt lat="45.70234204642474651336669921875" lon="126.60500270314514636993408203125">
        <ele>165.399993896484375</ele>
        <time>2026-08-20T11:51:10.000Z</time>
        <extensions>
          <ns3:TrackPointExtension>
            <ns3:hr>187</ns3:hr>
            <ns3:cad>86</ns3:cad>
          </ns3:TrackPointExtension>
        </extensions>
      </trkpt>
      <trkpt lat="45.70234053768217563629150390625" lon="126.60496800206601619720458984375">
        <ele>165.600006103515625</ele>
        <time>2026-08-20T11:51:11.000Z</time>
        <extensions>
          <ns3:TrackPointExtension>
            <ns3:hr>188</ns3:hr>
            <ns3:cad>86</ns3:cad>
          </ns3:TrackPointExtension>
        </extensions>
      </trkpt>
      <trkpt lat="45.70234070532023906707763671875" lon="126.6049337200820446014404296875">
        <ele>165.600006103515625</ele>
        <time>2026-08-20T11:51:12.000Z</time>
        <extensions>
          <ns3:TrackPointExtension>
            <ns3:hr>187</ns3:hr>
            <ns3:cad>86</ns3:cad>
          </ns3:TrackPointExtension>
        </extensions>
      </trkpt>
      <trkpt lat="45.7023379392921924591064453125" lon="126.60490178503096103668212890625">
        <ele>165.600006103515625</ele>
        <time>2026-08-20T11:51:13.000Z</time>
        <extensions>
          <ns3:TrackPointExtension>
            <ns3:hr>187</ns3:hr>
            <ns3:cad>86</ns3:cad>
          </ns3:TrackPointExtension>
        </extensions>
      </trkpt>
      <trkpt lat="45.70235587656497955322265625" lon="126.60485484637320041656494140625">
        <ele>165.600006103515625</ele>
        <time>2026-08-20T11:51:14.000Z</time>
        <extensions>
          <ns3:TrackPointExtension>
            <ns3:hr>188</ns3:hr>
            <ns3:cad>86</ns3:cad>
          </ns3:TrackPointExtension>
        </extensions>
      </trkpt>
      <trkpt lat="45.70235797204077243804931640625" lon="126.60482081584632396697998046875">
        <ele>165.600006103515625</ele>
        <time>2026-08-20T11:51:15.000Z</time>
        <extensions>
          <ns3:TrackPointExtension>
            <ns3:hr>187</ns3:hr>
            <ns3:cad>85</ns3:cad>
          </ns3:TrackPointExtension>
        </extensions>
      </trkpt>
      <trkpt lat="45.7023647613823413848876953125" lon="126.6047729551792144775390625">
        <ele>165.8000030517578125</ele>
        <time>2026-08-20T11:51:16.000Z</time>
        <extensions>
          <ns3:TrackPointExtension>
            <ns3:hr>187</ns3:hr>
            <ns3:cad>85</ns3:cad>
          </ns3:TrackPointExtension>
        </extensions>
      </trkpt>
      <trkpt lat="45.70236668922007083892822265625" lon="126.60473699681460857391357421875">
        <ele>165.8000030517578125</ele>
        <time>2026-08-20T11:51:17.000Z</time>
        <extensions>
          <ns3:TrackPointExtension>
            <ns3:hr>188</ns3:hr>
            <ns3:cad>86</ns3:cad>
          </ns3:TrackPointExtension>
        </extensions>
      </trkpt>
      <trkpt lat="45.70236685685813426971435546875" lon="126.60470187664031982421875">
        <ele>165.8000030517578125</ele>
        <time>2026-08-20T11:51:18.000Z</time>
        <extensions>
          <ns3:TrackPointExtension>
            <ns3:hr>187</ns3:hr>
            <ns3:cad>86</ns3:cad>
          </ns3:TrackPointExtension>
        </extensions>
      </trkpt>
      <trkpt lat="45.70236819796264171600341796875" lon="126.6046547703444957733154296875">
        <ele>166</ele>
        <time>2026-08-20T11:51:19.000Z</time>
        <extensions>
          <ns3:TrackPointExtension>
            <ns3:hr>187</ns3:hr>
            <ns3:cad>86</ns3:cad>
          </ns3:TrackPointExtension>
        </extensions>
      </trkpt>
      <trkpt lat="45.7023627497255802154541015625" lon="126.60462199710309505462646484375">
        <ele>166</ele>
        <time>2026-08-20T11:51:20.000Z</time>
        <extensions>
          <ns3:TrackPointExtension>
            <ns3:hr>188</ns3:hr>
            <ns3:cad>86</ns3:cad>
          </ns3:TrackPointExtension>
        </extensions>
      </trkpt>
      <trkpt lat="45.70235411636531352996826171875" lon="126.60459785722196102142333984375">
        <ele>166</ele>
        <time>2026-08-20T11:51:21.000Z</time>
        <extensions>
          <ns3:TrackPointExtension>
            <ns3:hr>187</ns3:hr>
            <ns3:cad>83</ns3:cad>
          </ns3:TrackPointExtension>
        </extensions>
      </trkpt>
      <trkpt lat="45.70234757848083972930908203125" lon="126.6045726276934146881103515625">
        <ele>166</ele>
        <time>2026-08-20T11:51:22.000Z</time>
        <extensions>
          <ns3:TrackPointExtension>
            <ns3:hr>187</ns3:hr>
            <ns3:cad>83</ns3:cad>
          </ns3:TrackPointExtension>
        </extensions>
      </trkpt>
      <trkpt lat="45.7023419626057147979736328125" lon="126.60454320721328258514404296875">
        <ele>166.1999969482421875</ele>
        <time>2026-08-20T11:51:23.000Z</time>
        <extensions>
          <ns3:TrackPointExtension>
            <ns3:hr>188</ns3:hr>
            <ns3:cad>83</ns3:cad>
          </ns3:TrackPointExtension>
        </extensions>
      </trkpt>
    </trkseg>
  </trk>
</gpx>
